nucleus_id,cz,cy,cx,vol_env,r_eq,gap,gap_int,thick,void_big,void_off,offset,syp_io,s_um,s_norm,score,merged,mitotic,crescent,post,cls,row,zone,r_um,off_axis_cut_um
334,4.990447180816448,4.573748340895135,7.740649500972405,36.19535454,2.052050645863235,0.407647440051847,0.1287770469926603,0.5811816192560175,0.8009708737864077,0.2967188658193622,0.0318810891259205,2.5502766384429223,-74.50658654281258,0.0,0.2215779761884253,False,False,True,False,TZ,0,off_axis,150.4229241570935,12.75
491,6.330638880117976,7.336552731290865,7.682745689926803,22.287236778,1.7457787622183103,0.4304810019997894,0.127680154763824,0.4372574385510996,0.6413974950560316,0.5827482078318379,0.06689608050894,1.465456910779394,-72.00993408355185,0.0092063025186653,0.2920022474332424,False,False,False,False,pachytene,0,off_axis,148.165706314255,12.75
196,2.779127745925288,7.65813488372104,9.035560465116342,36.413511894,2.0561651106679006,0.5771435933775688,0.2025270319523752,0.4797379646556977,0.9855126999059266,0.1240578910852558,0.0743397865200829,1.6021955648377646,-72.32772273667786,0.0120203156080885,0.4221617776231791,False,False,False,False,pachytene,0,off_axis,147.14004901209296,12.75
433,5.810689372178874,7.89225695527236,4.988188233484354,22.866643944,1.760778013831228,0.6004308576118178,0.3089070262597587,0.4061617458279846,0.9619017632241812,0.1978428291522381,0.1487656893812966,1.8435930817732225,-70.30717855821476,0.0131556957160529,0.760551749229937,False,False,False,False,pachytene,1,off_axis,149.24838311152894,12.75
539,7.251005924101523,7.29188873834273,11.088505982754905,39.993169122,2.121448060869799,0.518857410991847,0.2722675656493967,0.4511763988784591,0.9600991325898388,0.3004122218716587,0.1003271040077331,1.382236214266402,-73.57393129119605,0.014595023821279,0.6034614539373145,False,False,False,False,pachytene,1,off_axis,146.30898205904163,12.75
292,3.8320640383034017,6.379005304106991,12.698979127702737,31.356014526,1.9561887151470967,0.476023041819406,0.2167300380228136,0.4848657909765848,0.9640569395017794,0.2617204225486162,0.1034775661273708,1.9986205827315775,-75.11098723076982,0.016194093785021,0.4469897486194896,False,False,False,False,pachytene,1,off_axis,146.20181015806256,12.75
220,2.929520995990765,9.592171449672811,4.959289871281447,33.349925826,1.9968039219660676,0.5203629457691497,0.2316619718309859,0.4637043554773427,0.9786947141316074,0.2177159223344902,0.0797978765212968,1.8409977055853477,-68.77403478299536,0.0182748941697429,0.4995898121174867,False,False,False,False,pachytene,1,off_axis,147.88136845003123,12.75
540,7.259606973449328,11.595485455553012,7.268395749399604,38.079014274,2.087047640729266,0.5547957863611163,0.2671871831271547,0.4398782343987823,0.9830960854092526,0.1765653711712162,0.0874506950374507,1.348568070085555,-68.01580580832326,0.0221652443717256,0.6074116931298985,False,False,False,False,pachytene,1,off_axis,144.9087373479846,12.75
1,2.393179709248403,11.86683096968723,9.273032570368056,30.335601096,1.9347343032140183,0.5312403340550572,0.1902217472615549,0.4910920488287694,0.9845024469820556,0.1562610537199409,0.0552621442007847,1.4867660015812043,-68.67020641955375,0.0236567735071662,0.3873443842457326,False,False,False,False,pachytene,1,off_axis,143.53329099993695,12.75
197,2.4800075136183866,9.606930824619372,13.509148469101069,37.464420438,2.0757583953813725,0.5441112015528144,0.2523873087585995,0.4675181980497184,0.9732280008777704,0.1982816102647034,0.0766688324682954,1.4155662746266893,-72.58683973149918,0.0241506653921686,0.5398448869187318,False,False,False,False,pachytene,1,off_axis,143.0480228978214,12.75
463,6.096783258152636,7.595679723434285,15.592445049175234,31.721955894,1.9637692226043597,0.4927161132884715,0.2156414360850674,0.4776967930029154,0.9357072205736894,0.1458255496144858,0.0353679755227301,1.613775574583895,-75.31773723147298,0.0254364884253349,0.4514190575354174,False,False,False,False,pachytene,2,off_axis,143.63203030531582,12.75
308,4.172126792987298,12.98610398441689,5.008688011334072,26.493216732,1.8493340288021964,0.5283336284752966,0.229979762937265,0.4298854890182091,0.8669384729429207,0.2414599046735418,0.0907671910100708,1.7496149251701725,-65.76098933558951,0.0290282513489097,0.5349791254003542,False,False,False,False,pachytene,2,off_axis,145.10945588438375,12.75
569,7.2529866479270275,11.4740366383435,13.776862856961104,36.718463034,2.061889062860503,0.5503737302753466,0.2703711382956666,0.4619210002841716,0.9801560758082496,0.0650255012832127,0.0266978842417505,1.1097728382525387,-71.03691108736732,0.0294980329505995,0.5853190007151343,False,False,False,False,pachytene,2,off_axis,141.33749083588634,12.75
309,3.826353276353233,14.410774813034742,9.079477831196558,26.347778496,1.8459437577520683,0.4667022792022792,0.1935918147549811,0.4449081803005008,0.9314063848144952,0.358148384783519,0.1066697057890345,1.5757517080251713,-66.30857529358983,0.0324285203089969,0.4351275686237661,False,False,False,False,pachytene,2,off_axis,141.5649409251475,12.75
293,3.9141109785204575,9.9385927804294,16.914225827862957,31.452191423999995,1.958186717067079,0.5030578758949881,0.2244209055988825,0.4759117514633048,0.9538850284270372,0.143969161682487,0.0337361174926224,1.5263306133704533,-73.81398781200048,0.0327340194136505,0.4715599161164787,False,False,False,False,pachytene,2,off_axis,140.94431077619782,12.75
525,6.957473504690159,16.076824308685026,8.9860371543429,38.512983204,2.094946083843798,0.6017785357534413,0.2966867469879518,0.443254817987152,0.9819835277968428,0.1871863893308145,0.1724552334241514,1.355554670899295,-64.7768343062655,0.036579818498821,0.6693367673592923,False,False,False,False,pachytene,2,off_axis,140.26648384229338,12.75
221,2.650050852527715,13.861181908466186,13.7947829614127,39.20967927,2.10750312295687,0.5808555189949147,0.2500535217298223,0.4837282329431915,0.9834652594547052,0.1835886630894032,0.0912764895814331,1.345847541733653,-68.91013650150902,0.0369419882250528,0.5169297648979448,False,False,False,False,pachytene,2,off_axis,139.33721137928387,12.75
390,5.108512299882967,16.0694512397497,6.033083873487063,24.030149832,1.7901494515939,0.5299687622022647,0.2203691709844559,0.4442367601246106,0.9025069637883008,0.319919539088114,0.1166888659569206,1.7303080644514557,-63.46200126703035,0.0374997188642717,0.4960624395933405,False,False,False,False,pachytene,3,off_axis,142.02458949787845,12.75
585,7.971856913743895,14.36867852311604,11.565467331426884,33.640802298,2.002592468348276,0.4337214978035004,0.2103267211201867,0.53404753109223,0.8969509841759938,0.1833829722883118,0.054108354944749,1.038314929850688,-67.45868500940921,0.0376435291451837,0.3938352091807784,False,False,False,False,pachytene,3,off_axis,140.17103623076898,12.75
222,2.839633542423279,16.622342728622634,11.79673571310618,28.421446248,1.893153613578517,0.4692142621327171,0.2187803692905733,0.4486083035297776,0.9163851351351352,0.4273581429248997,0.1011752710253016,1.4505298583625152,-65.5467527606142,0.0398501608749313,0.4876868474550007,False,False,False,False,pachytene,3,off_axis,138.18988471961674,12.75
541,7.028987098545234,12.930074641779058,17.019290002744132,42.72834627,2.1687483334014983,0.5370299203952786,0.2533203470869488,0.4412427368670698,0.93501299740052,0.2747483943704018,0.1234480457233786,1.161357079709998,-71.18575906817858,0.0401736034864659,0.5741065538791291,False,False,False,False,pachytene,3,off_axis,138.35544113639625,12.75
451,5.721955555555563,10.96742868888833,21.014483866667025,31.668002999999995,1.9626552606398784,0.6071111111111112,0.2832432432432432,0.4111990950226244,0.97417943107221,0.1582700660420405,0.1367694071690038,1.7190837661053486,-74.72875074349355,0.0446087374952621,0.6888226328116287,False,False,False,False,pachytene,3,off_axis,137.93878034887115,12.75
307,3.832118948629492,13.226283454302685,19.220582756677548,33.288935597999995,1.9955859298287613,0.5335071524205482,0.2269064580170501,0.4628398791540785,0.9572376505283854,0.265633760510066,0.119663008797379,1.4873552325996309,-71.90592695121879,0.0447747798212052,0.4902482872300495,False,False,False,False,pachytene,3,off_axis,136.93482294165761,12.75
319,4.524281078661816,19.50804494797011,9.159844830480106,41.928435972,2.155129397690808,0.5915855432471746,0.288082699434367,0.4471232876712329,0.9816638370118844,0.0888156901352376,0.0681166154515219,1.8922426705076811,-61.78611500881226,0.0478524310917584,0.644302605965343,False,False,False,False,pachytene,3,off_axis,137.39830842789056,12.75
391,5.421710045533557,17.95226070605412,12.948160245095687,41.72904484199999,2.151707720964556,0.591208049918489,0.2542303353502204,0.4641089108910891,0.996311738293778,0.1510854213737154,0.0989215045293823,1.2651831566135183,-64.87267870978849,0.0488617012561697,0.5477816292346083,False,False,False,False,pachytene,3,off_axis,136.43984745496365,12.75
478,6.523325031133089,16.37935673723459,18.81535146948997,37.67319468,2.079607045858124,0.5787048567870485,0.2878644353225976,0.4546260715341413,0.9845632530120482,0.168029121759405,0.0918537495734506,1.3025524589697666,-68.90483527206382,0.0519289577801325,0.633189456889693,False,False,False,False,pachytene,4,off_axis,134.48145918477223,12.75
268,3.5176591375770623,12.61245788501033,23.809425133469123,34.27181658,2.0150361345554018,0.521286789869952,0.2328616869584293,0.4762653703174149,0.9594557067481256,0.1629531649201322,0.0530312537241421,1.9655153859533865,-74.50833938639798,0.0549344234441979,0.4889326444272755,False,False,False,False,pachytene,4,off_axis,135.10880602932724,12.75
476,6.249298567755935,14.499727403599495,22.1736514285709,31.93776747,1.9682124823468907,0.5654792508262945,0.3402475744396119,0.4244421906693712,0.9704232534421212,0.0788746309775296,0.0404578798836466,1.2326723420384489,-72.08858051083097,0.0558641936836653,0.8016346676163856,False,False,False,False,pachytene,4,off_axis,134.31090333369863,12.75
251,2.545289698644304,18.66033033416816,18.12422616354351,27.166455018,1.864868101427429,0.4503065365685174,0.145961899651194,0.5453974238140119,0.9522949042284062,0.4441153244265371,0.1701291335359048,1.5289927855792007,-66.55571562575163,0.0563191668192909,0.2676248425056166,False,False,False,False,pachytene,4,off_axis,132.9443811049107,12.75
280,3.5495001999200166,17.187331247500307,21.09883336665365,35.200744668,2.033079746315236,0.5127282420365187,0.2114741723282648,0.5015043763676149,0.9547466797835712,0.1455182548734605,0.0609418156679958,1.3782841180319054,-69.20411667554446,0.0579428522249615,0.4216796149616232,False,False,False,False,pachytene,4,off_axis,132.57899466511208,12.75
269,5.072273190622014,19.44435264307657,17.943466360856,32.216915052,1.9739301515491905,0.4675258482597932,0.2024212018758862,0.4567209079721044,0.987542468856172,0.2695924635786993,0.1474681321662459,1.3183536373908389,-65.77368563473954,0.0624247363107381,0.4432054638677712,False,False,False,False,pachytene,5,off_axis,132.3903774942111,12.75
526,7.153424371937885,22.57713493172022,13.452004753466516,22.503048354,1.751395574693191,0.5287188575002606,0.0716632443531827,0.6562707365627074,0.9970743124634288,0.0840833316604557,0.0664161835946152,1.4954718081700635,-60.96217941967615,0.0624432859778151,0.1091976837616242,False,False,True,False,TZ,5,off_axis,132.38243021684835,12.75
434,5.498897707231049,15.51102237654314,24.87584466490321,31.921347024,1.9678751130426568,0.5703262786596119,0.2242271460793419,0.4716948862664614,0.9913850231941684,0.0954550767772554,0.0897001000139967,1.3656294107143176,-72.39340550643865,0.0624950417840325,0.4753648017135287,False,False,False,False,pachytene,5,off_axis,132.06593630130237,12.75
360,4.623106947696959,23.53175848413768,14.54191313604476,33.054357798,1.9908874312215905,0.5099709034135264,0.2118479625613514,0.5051412020275163,0.9882013633980072,0.1755133199130524,0.0960098121906261,1.7325936341841626,-60.5961983469606,0.0664195838300473,0.4193836529490055,False,False,False,False,pachytene,5,off_axis,130.96989741530388,12.75
294,3.617246669358191,21.61637394428732,19.452918578926997,29.05246053,1.90706181410757,0.5857085183689947,0.2733323891800028,0.4287663223543169,0.9963082602676512,0.1387143390262027,0.1177441076746448,1.4161795889305973,-64.5067442467425,0.0665517203914864,0.6374856767648156,False,False,False,False,pachytene,5,off_axis,129.74592177992153,12.75
555,7.265273224043821,22.38276934426185,16.901087909835706,17.171094959999998,1.600429176767252,0.5532786885245902,0.2435808466342817,0.3749235474006116,0.902851619139681,0.4718695717314654,0.1909807294746826,1.3001948885077643,-62.67943955222848,0.0674982933011742,0.6496813772382555,False,False,False,False,pachytene,5,off_axis,130.54479504608165,12.75
223,2.521673278038256,17.39052733501601,26.084521709340763,13.009684788,1.459013761775094,0.6031373963216733,0.090495867768595,0.5315765561108587,0.981015662078785,0.1690506562494012,0.0972072769452075,1.5857527316056088,-71.25346290839083,0.0710763213731128,0.1702405170586989,False,False,True,False,TZ,5,off_axis,129.83361907378375,12.75
479,6.538641078838234,23.340700285269502,17.573079304979736,9.045319968,1.2925433222427358,0.5184128630705394,0.1422632794457274,0.366182014001077,0.6182648401826484,0.8168449338298093,0.0626089834077752,1.3883292062703323,-62.12348569005212,0.0716271228014897,0.3885042793098763,False,False,False,False,pachytene,5,off_axis,129.37468432940616,12.75
412,6.2432952563164426,21.08039907152125,24.52569320240848,41.686820838,2.1509817328126277,0.5331157503798323,0.2552733147832331,0.4620947330360371,0.9761003784106752,0.1073252760826977,0.0593348771529401,1.1942360362677489,-67.25609220948452,0.0754616095387231,0.5524263674377896,False,False,False,False,pachytene,6,off_axis,127.46505805741398,12.75
281,3.294177215189844,18.00970247739585,28.42996421338144,12.97215234,1.4576093438581623,0.6162748643761302,0.0437133844073907,0.5678605089538171,0.992504409171076,0.1054553769650101,0.0793239925876085,1.4292543440852528,-71.74931214365488,0.0762424581842071,0.0769790885580772,False,True,False,False,mitotic,6,off_axis,128.1322314865963,12.75
469,5.697608726052294,24.65090342609445,18.227158061809405,16.774658478,1.5880165559856303,0.5751643126835408,0.2559392603477834,0.3785385121790652,0.971912832929782,0.1759177863017332,0.1103036438416075,1.4881788014972963,-61.24448348659369,0.0766693486639231,0.6761247590752749,False,False,False,False,pachytene,6,off_axis,127.92539673067076,12.75
252,3.1346780238499714,24.45540196252087,21.71692853151609,34.42429215,2.0180200174594987,0.588892674616695,0.2577509842519685,0.4854964362671971,0.995,0.2035774652055126,0.1641856046459593,1.5153747979132637,-62.980966717097424,0.0775323108383746,0.5309019078156798,False,False,False,False,pachytene,6,off_axis,126.12872322123823,12.75
477,6.405624006359393,16.720803308822884,29.789053527423206,23.607909792,1.7796023718556089,0.6574920508744038,0.076861274772362,0.622570351029881,1.0,0.0639948723611794,0.0728613372936763,1.6405745450260665,-73.51014161193373,0.0779042703732592,0.1234579749022982,False,False,True,False,TZ,6,off_axis,128.60193380097533,12.75
570,7.505022675736942,23.29383197278812,21.585221428571312,41.37952392,2.145683328310799,0.596031746031746,0.3561619082038308,0.3856300870053326,0.9905136925004476,0.0912343469102549,0.0657854622395274,1.1901646405731792,-63.960805973058875,0.0799032519605609,0.9235843369215788,False,False,False,False,pachytene,6,off_axis,127.1715043415457,12.75
270,3.168421052631525,22.12770961002757,24.446212395542943,32.001103476,1.9695126818105493,0.5818061867761326,0.2827508171988936,0.4483786152497809,0.9969768948391275,0.2297772718845671,0.1511011434162919,1.5434051031405964,-66.28392856471952,0.0816578187462326,0.6306072760436623,False,False,False,False,pachytene,6,off_axis,126.61586544419487,12.75
392,5.719191001022594,25.55979673900778,22.652727440062996,20.645192178,1.7018062208778415,0.6048176343597318,0.2409428197293758,0.4229442208165612,0.9850359712230216,0.188605648920417,0.1909375266009133,1.2287664031552687,-62.41208418949122,0.0830268250709691,0.5696798960018824,False,False,False,False,pachytene,6,off_axis,124.69151765546773,12.75
376,5.130089899524043,27.511865362242304,19.91545938656916,31.051063386,1.9498264442696835,0.5160534864395256,0.1405956533404883,0.4876678114267874,0.9865900383141762,0.0679977883137185,0.0286394966353693,1.8159180997382447,-59.44146500368992,0.0848490975143356,0.2883020983672112,False,False,False,False,pachytene,6,off_axis,124.61288541198486,12.75
282,3.587677804898587,24.8009916926184,24.671717170271705,27.870188418,1.8808338478342896,0.6140055550879555,0.2388381742738589,0.4749236807675534,0.9968274111675128,0.2095408461811689,0.2284731612294426,1.4579354479065485,-63.99415819998706,0.0865526901614303,0.5028980106611188,False,False,False,False,pachytene,6,off_axis,124.2320642738891,12.75
2,2.4193814619989467,22.742754444040354,29.72707802013265,51.72909645599999,2.311437178664348,0.6538635951387629,0.1993916509335012,0.5087121708371545,0.9990095087163232,0.11682365504368,0.1212066952693428,1.5193685128761685,-68.09705353498205,0.0904855014090117,0.391953765535775,False,False,False,False,pachytene,7,off_axis,123.37696290019484,12.75
345,4.8790066707774375,20.28535676327251,32.374967296374514,41.846333742,2.153721788562136,0.5991927798643422,0.2206235011990407,0.5027972027972027,0.997434349532146,0.0247805732867017,0.0386329731420156,2.017610223386649,-71.47958568196887,0.0906972955434608,0.438792220743572,False,False,False,False,pachytene,7,off_axis,124.23620666053004,12.75
542,7.189946086261955,22.447553793928808,29.391420871604108,46.99062489599999,2.238588166638756,0.6121705271565495,0.2090205660761556,0.5185995623632386,0.9969712266532056,0.1150000174125589,0.0986095362586622,1.2207762124129,-68.21084341838626,0.0908752755711188,0.4030480957671017,False,False,False,False,pachytene,7,off_axis,123.80031745801195,12.75
493,6.444008899247806,29.74711519228613,23.38777453119908,22.141798542,1.7419730371542748,0.5964614895645726,0.2188269073010664,0.4158571803622998,0.9710811698981268,0.0752326533491703,0.0485134533605091,1.6793255380409822,-58.99634706890039,0.0959544507833944,0.5262068749430316,False,False,False,False,pachytene,7,off_axis,120.8024025261069,12.75
310,4.9009739629818485,26.83556416902798,27.64813985487553,60.453044838,2.434687299049451,0.4808117651623919,0.2289073305670815,0.4898355754857997,0.9871833994507172,0.1897388178216351,0.0755041552663798,1.3792511387068098,-63.50659494305998,0.0980546940088329,0.4673146296898919,False,False,False,False,pachytene,7,off_axis,120.92744408327582,12.75
320,4.024902723735394,29.503756834173807,27.912502665783485,28.334652462,1.891224536102987,0.613958109114993,0.169249955460538,0.4627921938666094,0.9978515625,0.1568349132828276,0.189437989206319,1.3093531585745255,-61.238764688909065,0.1033774187148907,0.3657148018130161,False,False,False,False,pachytene,8,off_axis,118.52504002668513,12.75
361,4.86070092810643,31.87901037539902,25.88980584568609,33.868342764,2.0070973877366365,0.5443967308491481,0.2446894017682856,0.5010641532380663,0.988785046728972,0.0309877870065374,0.0351974679176069,1.5931476933879676,-58.209462411549964,0.1044648864003462,0.4883394674853711,False,False,False,False,pachytene,8,off_axis,117.63628630369121,12.75
492,7.309849281457921,27.807531200240177,30.852197716688867,46.847532438,2.236313593936184,0.5892544189074158,0.2900908697533535,0.4637327806899914,0.9922752808988764,0.1969625296713963,0.1470839977637275,1.2862558019235086,-64.07117145350489,0.1075321061349149,0.6255561000490955,False,False,False,False,pachytene,8,off_axis,118.43606915149476,12.75
238,3.39880872856813,25.104240230461173,34.86340619572362,42.139555992,2.158740546196542,0.5314517924738366,0.1873129284541855,0.5181180943328977,0.9987254187909688,0.1562069245667816,0.1045015190810189,1.825336035338036,-68.2836789976754,0.1075491671614832,0.3615255489105434,False,False,False,False,pachytene,8,off_axis,118.81357382092689,12.75
527,7.175271226415624,24.93477872051921,35.21819577240492,39.78439488,2.117750124009555,0.6290683962264151,0.2298934998163789,0.5162931171514863,0.9985098889189922,0.1928659210645275,0.1808028912300135,1.5469600856369397,-68.59399221800021,0.1084245969552431,0.4452770958574014,False,False,False,False,pachytene,8,off_axis,118.79497128233793,12.75
295,3.5967772511848617,29.198083283682013,31.06233176709546,34.64714106,2.022365268900729,0.5304671631685849,0.2551020408163265,0.4556596971881759,0.9847346171911696,0.1849106083997745,0.0912523480792784,1.4322275195500236,-62.92165194807308,0.1105581867866636,0.5598521053991216,False,False,False,False,pachytene,8,off_axis,117.13400380617027,12.75
335,4.155894168167452,32.11046993350961,30.34525044327371,33.868342764,2.0070973877366365,0.5407951239783904,0.2490655793408087,0.4530920060331825,0.9847394811423588,0.2143539810533909,0.1142330808513368,1.3928679015364864,-59.99625248097339,0.114072673887342,0.5497019943507198,False,False,False,False,pachytene,9,off_axis,115.02356241637823,12.75
543,7.050293553450213,33.97221106202409,29.164825495551685,40.354418934,2.1278164544906684,0.5245596698250306,0.2226762972818855,0.5122875657170803,0.9847222222222224,0.147133472117926,0.080761524768127,1.406328177722553,-57.8030888189673,0.1174856079597292,0.4346705096583632,False,False,False,False,pachytene,9,off_axis,114.08677206466153,12.75
512,7.477289019224258,29.232241427173765,36.02896451612843,35.995963409999995,2.0482756280342045,0.5270772238514174,0.2473553204729309,0.4679619677552707,0.9790032302722658,0.1360754663246877,0.078655359256342,1.3163297661538167,-65.11363941876284,0.1215650550068512,0.5285799648622085,False,False,False,False,pachytene,9,off_axis,114.63079639837399,12.75
464,6.02955233391723,33.12091608252415,32.44785841166288,29.448897012,1.9156969507987367,0.6247411183686474,0.2651692403681173,0.455954149862025,0.9926098794243484,0.2185830621721449,0.2339801384764546,1.2547448766225138,-60.03352620469149,0.1217757913544515,0.5815699680513038,False,False,False,False,pachytene,9,off_axis,113.05982790181824,12.75
377,4.778038682567996,30.05771035654611,34.81502693567214,37.961725374,2.0849026335233605,0.568559599579806,0.2728598208706519,0.4822400458321398,0.987116331943918,0.1530332180977506,0.0964922672731592,1.2871614470493034,-63.83220415245582,0.1226295582279747,0.5658174248051357,False,False,False,False,pachytene,9,off_axis,114.50168373450637,12.75
452,5.823469851366307,28.272506847536327,38.77845738949943,36.141401646,2.0510305414122776,0.647692607256442,0.2627003531649008,0.4323876197494473,0.9950949367088608,0.1107389653793174,0.1084253413055377,1.8123656640307957,-67.2022973908936,0.123604087016952,0.607557527472979,False,False,False,False,pachytene,9,off_axis,114.18315104359642,12.75
3,2.1667443982560406,33.94902489100673,34.048858977998584,23.136408414,1.7676750995219055,0.5970799959444388,0.0177953534354918,0.6494715651736286,1.0,0.1269606504526175,0.1098048789711629,1.2308649000379766,-60.009395967348645,0.1278268622688944,0.0273997421746008,False,True,False,False,mitotic,10,off_axis,111.52369368146853,12.75
481,6.031985871271626,37.85687493132011,31.30173903061276,23.908169376,1.7871152941651984,0.590561224489796,0.217220033764772,0.4378145219266715,0.9819715033439952,0.0510718300508351,0.0325181666091408,1.5906456152697457,-55.285337631583495,0.1311217781375559,0.496146251177008,False,False,False,False,pachytene,10,off_axis,109.66530607193678,12.75
480,6.319791129447932,35.723395919287235,35.66862454873558,36.387708336,2.055679311942458,0.6329938112429088,0.2961177052423343,0.4264886702968558,0.9981045648396778,0.1068897370318408,0.0962690810500055,1.2528862854027576,-59.1474326519796,0.1342186220408814,0.6943155255126067,False,False,False,False,pachytene,10,off_axis,109.17071253290993,12.75
347,4.345150098053988,33.81934206516824,36.54267291446679,31.100324724,1.950857008121324,0.6039372454367175,0.275324316864477,0.4528661207389068,0.9976124154397136,0.1640043987376565,0.1533896128245598,1.3043874064132133,-61.241334592840815,0.1351054018058485,0.6079596248340491,False,False,False,False,pachytene,10,off_axis,110.37776779353734,12.75
571,7.433757492902096,34.380870848668955,40.31736570091471,44.612006004,2.2001605884961117,0.6324008833736461,0.3430128747298187,0.4241167214990702,0.996039333515433,0.1110736279282993,0.103817095459348,1.2844605789238346,-62.428316098896765,0.1416512169274864,0.8087699855771204,False,False,False,False,pachytene,11,off_axis,108.06052010948501,12.75
528,7.067335177501248,39.910572199170105,34.233098236514294,20.351969928,1.693710894204913,0.5705394190871369,0.2518072289156626,0.4388083735909823,0.9932239657631954,0.1948811235256204,0.112956417713281,1.507864484535962,-54.76050571359572,0.1422905191217031,0.5738432629600972,False,False,False,False,pachytene,11,off_axis,106.35138782559757,12.75
225,2.624708206141135,36.83133453043617,38.07519960495728,13.063637681999998,1.4610278881255458,0.6584665110432752,0.0,0.5814931650893796,1.0,0.0287722019238457,0.0396217531322657,1.225941001524677,-59.23354332654752,0.1427332567354085,0.0,False,True,False,False,mitotic,11,off_axis,107.00232554734272,12.75
346,4.841252699783976,33.61164319019202,42.85729991106535,36.927237276,2.0657895169492786,0.5805488502096303,0.3065532451165721,0.431924882629108,0.9846123101518784,0.096796984671692,0.0562769392152256,1.8635095234879973,-64.25283006107857,0.1439585248020568,0.7097374044546724,False,False,False,False,pachytene,11,off_axis,107.5730010552645,12.75
348,4.590995847599464,40.050132111896296,35.47674311211358,32.200494606,1.9735947343547044,0.5166460260799883,0.2666887709991158,0.455162019593067,0.9865236523652364,0.1177494322829953,0.0659415460545045,1.4165110250282729,-55.19222175110577,0.145903667014046,0.5859205283374614,False,False,False,False,pachytene,11,off_axis,105.57123171896241,12.75
224,2.686925334202849,34.7985343821317,41.01884569611948,14.389002252,1.5088544813865,0.6371046625366807,0.0740432612312812,0.5849056603773585,1.0,0.0166980316710489,0.0114638824042108,1.2469258566760584,-62.3687124706163,0.1463237327443111,0.1265900917825131,False,False,True,False,TZ,11,off_axis,107.36231230548763,12.75
583,7.685371326003991,38.95557317702578,39.6179964325782,20.910265092,1.7090586883072063,0.5067309849674668,0.2351713341450687,0.4462133272685922,0.8705378391242266,0.40214083321319,0.1159688520465144,1.1605682599827518,-58.02425484793575,0.1500546106873219,0.5270378981834186,False,False,False,False,pachytene,12,off_axis,104.39261542281051,12.75
494,6.959136212624431,40.90638518272343,37.67014611295794,21.18237534,1.7164402233439298,0.531782945736434,0.1968085106382978,0.4640491958372753,0.9806002928257688,0.3555112505704449,0.2028028224861709,1.3319026312967617,-55.40801855204844,0.1509831622939481,0.4241113063092371,False,False,False,False,pachytene,12,off_axis,103.69487512582627,12.75
350,4.573241110991061,41.517184804926856,37.51908542094545,21.705483834,1.7304549091125443,0.4308872798011456,0.1422055709398925,0.5279149259399925,0.9149135109864422,0.4001852618880702,0.1561188377716145,1.3585909965010745,-54.79418956256726,0.1531863186302822,0.2693721354566453,False,False,False,False,pachytene,12,off_axis,103.25099458559157,12.75
362,4.064489586011815,38.27242355361412,41.01533200051351,18.245461284,1.633134974151848,0.5362561069683723,0.1154977930358018,0.4873856390352093,0.9874646178730287,0.2739582780146887,0.1585873298793581,1.2296608503374438,-59.260485128305994,0.1534552422415311,0.2369741407736845,False,False,False,False,pachytene,12,off_axis,104.30662344348274,12.75
4,1.9566103443828504,40.63636567135225,37.93854604024413,36.373633668,2.0554142340140595,0.5369534373790791,0.1580675422138836,0.5217270194986072,0.9914827719705768,0.2791301528787292,0.1839739627398035,1.5282490211427802,-55.76960073095873,0.1543208622152042,0.3029698219689494,False,False,False,False,pachytene,12,off_axis,103.7879871027293,12.75
413,5.016730360934135,39.119707515923366,41.47154203821676,5.524307189999999,1.0966374436081237,0.4794055201698514,0.1217765042979942,0.365415986949429,0.9785100286532952,0.397557690300046,0.2159149148463543,1.2902981151246713,-58.70692075216171,0.1569499862175799,0.3332544514940646,False,False,False,False,pachytene,12,off_axis,103.34436182498668,12.75
482,6.654983480176205,39.331238243392605,41.69561927312653,17.039731391999997,1.5963374846133422,0.5231277533039648,0.2368363075567305,0.4471709006928406,0.9748134328358208,0.2959624215808412,0.1877087885458802,1.3014426782019617,-58.6180245594872,0.1570969046474411,0.5296326464664395,False,False,False,False,pachytene,12,off_axis,103.05108727126886,12.75
393,5.468272727272482,39.12159386776965,46.70492545041219,56.7678276,2.38417367583853,0.606900826446281,0.2948109710896961,0.3865237044044991,0.9770287141073658,0.1506018256897685,0.1307281106145665,1.7868509836726614,-61.04713759949449,0.1641909439367797,0.7627241686092682,False,False,False,False,pachytene,13,off_axis,100.92561413897518,12.75
435,5.8448580441640825,45.21791479495358,38.83409100946465,22.30834878,1.7463298287833875,0.4982124079915878,0.1441893830703012,0.4870075440067057,0.984649943841258,0.1854761158840619,0.1280882332082277,1.4946368619462247,-52.07312984460133,0.1647550601945547,0.2960721755643191,False,False,False,False,pachytene,13,off_axis,99.40985751256473,12.75
349,5.262155040909708,41.51280726667498,43.0867792816516,50.746215474,2.296703946329989,0.5343225627513521,0.1838950097213221,0.5711733174508636,0.9950745848578666,0.0889376382655039,0.070410278488193,1.2216072631175938,-57.28960979872568,0.1648748639915952,0.3219600847988528,False,False,False,False,pachytene,13,off_axis,100.4694633650145,12.75
284,5.867199597154901,44.61636197520132,40.50225718511914,37.267375086,2.072112823362908,0.4907786240322276,0.2410169809550614,0.457478368355995,0.913793103448276,0.3890506088678147,0.131616918338794,1.3297918324887403,-53.357584010001375,0.1653518876293903,0.526837983227897,False,False,False,False,pachytene,13,off_axis,99.05640297161797,12.75
6,1.7500662056789535,44.0092672796835,41.82175705458142,15.944253065999998,1.561367696294741,0.5322936589671914,0.0281259553653316,0.570305127398553,0.9972960793150067,0.0771831713651427,0.0463429319849628,1.4006090719725424,-54.490968383611175,0.1697513920620049,0.0493173811949197,False,True,False,False,mitotic,13,off_axis,98.9121545128107,12.75
453,6.022176497485246,45.0562044924564,41.96440538408616,20.520865944,1.6983832237916638,0.508459076360311,0.2016338655774229,0.3867441860465116,0.972924988903684,0.2189791805315218,0.123566676099813,1.1357969846720388,-53.618539890001955,0.1699523227684321,0.5213623704046413,False,False,False,False,pachytene,13,off_axis,97.93488864872963,12.75
5,1.9838085073944456,41.364226497940734,45.61599632565978,15.385957901999998,1.542926755767624,0.5981094679066932,0.0494049765596826,0.5185887708649469,0.9944773175542406,0.0794616928706314,0.0312681557310773,1.4294185833406616,-58.55429126655023,0.1712029810803338,0.0952681186622703,False,False,True,False,TZ,13,off_axis,99.41353489686512,12.75
7,1.7323852905232513,46.608561204310185,40.54751518720101,21.114347778,1.714600793736455,0.6273747361404288,0.1386748844375963,0.4505068574836017,0.9905989793177544,0.1457990652272882,0.1192231916162808,1.481510708813727,-51.59623817987826,0.1728801958821565,0.30781969715665,False,False,False,False,pachytene,13,off_axis,97.327385968567,12.75
322,4.786840579710174,48.30123495651981,42.486410191302895,40.4646705,2.129752481835612,0.5455072463768116,0.1797447164678802,0.5322704081632653,0.9937051932155972,0.0722459605207646,0.0384410579118122,1.3933884210955616,-50.9501439709199,0.1783083389219004,0.3376943630740909,False,False,False,False,pachytene,14,off_axis,94.87553142317041,12.75
283,3.472614390202456,43.7970247491082,47.47826683109244,27.581657724,1.874320773062064,0.4594318761694166,0.189389108532075,0.5163624921334172,0.6292811441475348,0.6301399143969505,0.0710552375322238,1.429561904764724,-57.21202416711915,0.1796045509261759,0.3667754947683939,False,False,False,False,pachytene,14,off_axis,96.39878421027267,12.75
271,2.993731065019828,45.80253331391318,45.088992542531805,20.131466796,1.6875718404134956,0.516662782568166,0.2105062809288161,0.4640790742526519,0.9707818930041152,0.2757686545908527,0.147476530460118,1.4326086477472526,-54.34933918321618,0.1806103970155238,0.4536000276845348,False,False,False,False,pachytene,14,off_axis,95.74545079173834,12.75
394,6.667534286067654,45.812220242165175,45.935738709278965,56.957835618,2.386830742025819,0.5232486306165314,0.2367640271642381,0.5224602626123013,0.9861227922624054,0.2125341764078164,0.1053665260720805,1.218515668526826,-54.719589486193456,0.1808990489088281,0.4531713588712336,False,False,False,False,pachytene,14,off_axis,95.33149082574049,12.75
321,4.176479086903236,45.38566427075123,50.15682573864102,32.472604854,1.9791384346651897,0.5191793686339666,0.3023792055340111,0.4256310096153846,0.9669694467382328,0.2389834714343521,0.1290469351795242,1.4420285040838536,-56.989961059088145,0.1859771594367074,0.7104256943291132,False,False,False,False,pachytene,14,off_axis,93.78169315167514,12.75
296,3.5589429233074723,48.23238827135093,45.51166979975536,17.220356298,1.6019581805956982,0.5492439722108704,0.1418568464730291,0.5324871562405561,0.9963562753036436,0.2089069416656389,0.1593964048820651,1.551588245796721,-52.36549596272088,0.1860219016452097,0.2664042593525841,False,False,False,False,pachytene,14,off_axis,93.41639669999797,12.75
416,5.642167091738111,50.39639515418613,46.51140572687176,30.352021542,1.9350833262384315,0.4819537831362547,0.1915329875768906,0.4636729822467552,0.9817307692307692,0.2275066564666652,0.1091724587128138,1.3216252491588092,-50.877627164193825,0.1921498405275795,0.4130777399381911,False,False,False,False,pachytene,15,off_axis,91.04024762031464,12.75
483,6.781006783291633,46.769012816850655,49.60113901285293,26.282096712,1.8444085774901189,0.514637629418065,0.2167650871381247,0.4702096358955498,0.9931782945736434,0.3248381047960368,0.1535329401018607,1.3280023894428672,-55.50418395229968,0.1922596294184209,0.4609966929437318,False,False,False,False,pachytene,15,off_axis,92.7884286666759,12.75
544,6.917413949275349,52.29917605298899,44.63115101902305,20.717911296,1.7038019854684896,0.5451766304347826,0.1648648648648648,0.4301717699775952,0.9481972648155824,0.1099587269610633,0.0365126765970008,1.341083567598841,-48.33459305794313,0.1933329936628548,0.383253566066066,False,False,False,False,pachytene,15,off_axis,90.34401735593269,12.75
8,1.657145531118436,47.47608471689179,50.65393207300087,25.06463793,1.8154777974487524,0.6471689284043052,0.2758355743373031,0.4023872679045093,0.9946499185857176,0.1331335469299855,0.0942712009059892,1.3627087344054858,-55.34297632327576,0.1951562529020268,0.685497768788156,False,False,False,False,pachytene,15,off_axis,91.686075498761,12.75
323,3.883696027633724,50.52980595855022,47.82094051813322,13.58205462,1.480104189033474,0.4305699481865285,0.2038155035015696,0.4440400363967243,0.308296943231441,0.9389131496978516,0.0520828657319202,1.5441138996591357,-51.344327564211,0.1958347138957861,0.4590025375988217,False,False,False,False,pachytene,15,off_axis,90.28679363820777,12.75
415,5.140754532092238,49.20731747182732,49.75788049975551,23.93866449,1.7878747992690265,0.4780009799118079,0.2098783743696233,0.4946498967523934,0.9590331831216714,0.260873628924137,0.1262684105021615,1.1256555169008318,-53.39377981056602,0.1968923341689787,0.4242968122455345,False,False,False,False,pachytene,15,off_axis,90.5443457996834,12.75
9,1.5819059107358362,51.17747635705776,47.40079146561992,23.335799544,1.772738562627191,0.6275633293124245,0.2804428044280442,0.3951417004048583,0.9906695938529088,0.1771507823585067,0.1163530013250132,1.6871708596522506,-50.57711028069212,0.1980686622785803,0.7097271792390054,False,False,False,False,pachytene,15,off_axis,89.92372540977684,12.75
495,6.641689045281938,46.70441762200143,53.4721597370118,25.332056622,1.821911513095313,0.5048615612556718,0.1367452373264449,0.5124368804937348,0.9702868852459016,0.2196827012685585,0.0915742323260262,1.4137614963442389,-57.29420628652289,0.1989770498005796,0.2668528408702559,False,False,False,False,pachytene,15,off_axis,91.17493154759778,12.75
414,5.246189917936568,48.75759953106572,54.178820750291614,20.00948634,1.6841564914774625,0.4895662368112544,0.1736572404630859,0.4715204409738172,0.9786142001710864,0.2414901187076638,0.1192258537856449,1.3658504636885898,-55.77429780747111,0.202033291767571,0.3682920725651613,False,False,False,False,pachytene,16,off_axis,89.01375597177989,12.75
556,7.5674115783920195,51.18843426007483,50.83653072321084,26.662112748,1.853255582928559,0.4806440260425831,0.1797971376962623,0.5261731323056074,0.9580985915492958,0.3836373842712026,0.1568723764694372,1.245447801328904,-52.10478091744046,0.2062155745985087,0.3417071808824973,False,False,False,False,pachytene,16,off_axis,88.28919956980306,12.75
253,2.919279819954862,51.91429152288107,51.21133387632716,21.888454518,1.7353037142432144,0.5081984781909763,0.1522261222981711,0.546742209631728,0.9555388093443858,0.4446206576102484,0.2129363987121617,1.478860900992314,-51.62337786530652,0.2071866614736302,0.2784239438925098,False,False,False,False,pachytene,16,off_axis,87.47228745856408,12.75
436,5.455422153369497,53.225255577071465,50.871219597212814,24.227195184,1.7950291666056435,0.4448102246320682,0.1638961796442111,0.5127310777816533,0.9829308909242298,0.2644971523232918,0.1169107555556759,1.2022029263493506,-50.29880050702133,0.2077387771635989,0.3196532973060906,False,False,False,False,pachytene,16,off_axis,86.46722805317567,12.75
297,3.480405595718723,50.19540785841826,53.43722920852383,24.984881478,1.8135501158793923,0.562764059712703,0.2549992001279795,0.4371913248872665,0.9915353181552832,0.2073333640074543,0.1323771570620071,1.3564128311369126,-54.15662685806046,0.2080373814916915,0.5832668344774069,False,False,False,False,pachytene,16,off_axis,88.02478275041717,12.75
199,2.5683798591181763,55.0022821027907,48.13176363161836,26.974101222,1.8604562334612316,0.6108357248456388,0.1580432737535277,0.5162011173184358,0.9978317432784042,0.2140800547585619,0.1683903980817725,1.5540597593555847,-47.4837401710669,0.2094445758067674,0.3061660822714445,False,False,False,False,pachytene,16,off_axis,86.23691971877342,12.75
572,7.220649843311711,51.16418525482557,55.35441996536353,28.444904028,1.8936743115566896,0.5816427511133102,0.2272658035034273,0.4902424600827912,0.9863433011537556,0.2267449207609271,0.1597268700083931,1.22611406678614,-54.14819146639103,0.2120077002580475,0.4635783760244819,False,False,False,False,pachytene,16,off_axis,86.33622555290587,12.75
379,4.743807122596901,57.41203832335399,47.79523383233419,14.886307187999998,1.5260407207701856,0.6082571698707848,0.0741154562383612,0.587691069991955,0.998121712997746,0.1430351373864556,0.1225344219216058,1.378367524501488,-45.17813095742311,0.2124981306085108,0.1261129529148296,False,False,True,False,TZ,17,off_axis,84.33175074019894,12.75
311,4.5430650632132,50.43352336725394,57.93815567067621,38.03679027,2.0862759462086564,0.6334258402713537,0.2461636017755231,0.4234522207267833,0.9947990543735225,0.0707448372455126,0.0392917538580416,1.8866174284763615,-55.957817422948494,0.2145500055717339,0.5813255657344892,False,False,False,False,pachytene,17,off_axis,85.9671412122798,12.75
545,7.613104364714434,55.15528702851801,51.38722637227933,22.948746174,1.7628828428608458,0.5719104569150567,0.2221396731054977,0.4691977077363897,0.975142258161126,0.2777555527346501,0.1921297139430268,1.040363624560841,-48.80370743289554,0.2165533285347913,0.4734457765729387,False,False,False,False,pachytene,17,off_axis,84.52083127992314,12.75
395,4.885628842000305,56.37721226117395,52.40984085396233,14.119237782,1.499365617453712,0.5537464695132082,0.054225352112676,0.6321667907669397,1.0,0.190635527329149,0.1552697234452094,1.2916099162470758,-48.168568293886764,0.2183904568426734,0.0857769704208763,False,False,True,False,TZ,17,off_axis,82.96163906261641,12.75
363,5.746797579632452,58.598027765726656,49.722571366594856,20.546669502,1.6990947917843315,0.5719831030939605,0.2404781199351702,0.4651907175246732,0.9803850345078096,0.1964991610560252,0.1348902916680308,1.4561900896505815,-44.97998620489244,0.2199180856907764,0.5169452245624732,False,False,False,False,pachytene,17,off_axis,82.32863872425703,12.75
200,2.123471829453936,56.3932612247126,52.01689992386373,21.567082932,1.7267690914677707,0.6681531433543615,0.157647708448371,0.4513274336283185,1.0,0.2795091108430572,0.3167527838303201,1.294117462978523,-47.97837749293801,0.2210351554130766,0.349297863816979,False,False,False,False,pachytene,17,off_axis,83.1322259048972,12.75
198,2.552655058281788,53.758435264065234,55.98001128939554,32.601622643999995,1.981756093879536,0.6141171391567132,0.2125972691234767,0.4818198769345516,0.9966150008907892,0.1275732829070464,0.0758391404287509,1.3591062628792967,-52.10813451459233,0.2214502061589581,0.4412380628131601,False,False,False,False,pachytene,17,off_axis,83.71834682656551,12.75
513,6.649834081592944,53.279541128244574,58.97201363458864,24.034841388,1.7902659446931808,0.6914893617021276,0.3188967894850247,0.4289781714647263,0.9949664429530202,0.1142454776070409,0.1360650821009499,1.4213756917576392,-53.87530433516462,0.222229247000024,0.743386984927849,False,False,False,False,pachytene,17,off_axis,82.94301766482687,12.75
226,2.649357150984108,59.18175428376315,50.35756541131084,20.617042842,1.7010324086893684,0.5957446808510638,0.2322817631806395,0.450886574725584,0.9856687898089171,0.276942911186009,0.2015084341797094,1.7064180622713014,-44.74212254304899,0.2236408048995344,0.5151667319480726,False,False,False,False,pachytene,17,off_axis,81.50467351231403,12.75
573,7.373814964983253,55.61892004423165,55.83110501290162,31.820478569999995,1.9658001592011,0.6288978990047918,0.1955896452540747,0.4952324195470798,0.9964832073149288,0.0787582249237906,0.0816567904496362,1.1422771752905632,-50.377692038728675,0.2252201670320467,0.394945156120743,False,False,False,False,pachytene,18,off_axis,82.09902657292325,12.75
364,4.632796660703539,60.92316652752815,52.250268892864334,35.404827354,2.037001226776664,0.6219439475253429,0.1965643480709659,0.4565369786189975,0.9948827996038296,0.0868964036826299,0.0954540782564043,1.6478672489848682,-44.0317717249298,0.2295046494832068,0.4305551516671522,False,False,False,False,pachytene,18,off_axis,79.05226922873406,12.75
217,3.184484105522388,54.79955269515011,60.221874220297885,39.03609169799999,2.1043884366442698,0.58085451595457,0.232419940574447,0.4914695340501792,0.9933196300102776,0.1854863775636743,0.1275704874607142,1.829735963685678,-53.0752814706683,0.229870923953847,0.4729081346285788,False,False,False,False,pachytene,18,off_axis,81.05829162085153,12.75
529,6.804519439510571,55.870381941977854,60.50682741266884,23.772114252,1.7837188416816296,0.5334517465956188,0.1505569529284944,0.4923857868020304,0.9761035512777962,0.3111971621990843,0.1395886677374292,1.384904677616464,-52.24516710085798,0.2312678471007561,0.3057703064630249,False,False,False,False,pachytene,18,off_axis,79.96009843701599,12.75
558,7.34777487886674,60.31107922474694,53.63464861721786,31.46861187,1.9585274321200503,0.5213566902720834,0.1787952423583578,0.5084877744899549,0.9826560951437068,0.2226254895927415,0.1079459710034926,1.400324656234121,-45.19865422141111,0.232778092799474,0.351621516441965,False,False,False,False,pachytene,18,off_axis,78.91586808875108,12.75
10,2.225906735751316,58.10784383511423,56.41830126553285,51.15907240199999,2.302915576957373,0.658535467009033,0.2162702588928646,0.4689136565059755,0.999000199960008,0.0861883910952594,0.073387779071763,1.4230928819340365,-48.414645451405775,0.2337153737847585,0.461215526338821,False,False,False,False,pachytene,18,off_axis,79.60224562657869,12.75
559,7.2393680430878815,59.38024836624693,58.1211140682232,32.66495865,1.9830385997990871,0.5766606822262119,0.1522864538395167,0.5265479219677693,0.9957951070336392,0.1156926600567939,0.0938869401570369,1.2165001606786792,-48.038747478592356,0.2384264681797723,0.2892167027654482,False,False,False,False,pachytene,19,off_axis,77.71898635833256,12.75
378,4.977312072892988,56.25933016596339,63.491437116825566,36.04287897,2.049165119244928,0.5764399609502115,0.2768085342815868,0.4834050399508297,0.9829730246795484,0.1210961427581029,0.0722405720862131,2.0067021930823685,-53.232928358753604,0.2392130259197946,0.5726223589016424,False,False,False,False,pachytene,19,off_axis,78.49641930352891,12.75
11,2.462359989580712,62.16697026829907,55.40505002344351,45.02720871,2.2069651332988967,0.630580880437614,0.1868119266055046,0.4738400789733465,0.9946709629446028,0.0968716014456071,0.0744491504484061,1.6491506959863111,-44.331197111861876,0.2412280822582477,0.394251003440367,False,False,False,False,pachytene,19,off_axis,76.44335563915874,12.75
417,5.426393709711717,64.34185316285328,54.94114925975725,33.115348026,1.9921111737745087,0.5997024863639584,0.2442155944897686,0.4854008140152185,0.9861894573040264,0.0563250428390885,0.0554847887965435,1.5636110829440597,-42.178634484401385,0.2427612866500626,0.503121518214248,False,False,False,False,pachytene,19,off_axis,74.75381161656293,12.75
201,2.5897541688154924,59.00589993123516,61.45338932439296,40.936171878,2.137992641076988,0.602429660191393,0.2033528533700769,0.503170942634765,0.9964586100044268,0.1884120386199294,0.1082019501474034,1.4891401900229382,-49.86469323924828,0.2431294718925942,0.4041426802296172,False,False,False,False,pachytene,19,off_axis,76.70242799610061,12.75
557,7.207767135588041,58.96889618377637,63.066962024844216,31.348977192,1.9560423595640917,0.591664172403472,0.2432394952156428,0.5118196811434854,0.9944189754833566,0.0574520918697833,0.0352699795157527,1.3111648829215183,-50.61984812386612,0.2433766132774511,0.4752445132086512,False,False,False,False,pachytene,19,off_axis,76.1242904280712,12.75
574,7.176949764085474,63.6284141965043,58.15043457535441,33.807352536,2.005891867855019,0.5605051346100471,0.2122870289764954,0.5101041995579413,0.9859215941087286,0.0788744606130733,0.0373014360781205,1.252312565677757,-44.25278743361583,0.2495822453576447,0.4161640487580074,False,False,False,False,pachytene,20,off_axis,73.88542014339122,12.75
437,5.622740907386431,61.69878816085479,62.57117775590644,25.024759704,1.814514468640733,0.4929696287964005,0.1587869362363919,0.5540765391014975,0.9560714285714286,0.2627421924517499,0.1316972134997447,1.277296857503089,-47.9566802657882,0.2501379462756659,0.2865794254596744,False,False,False,False,pachytene,20,off_axis,73.7868124048731,12.75
239,2.845288188668081,63.030080702614384,59.61625147274565,23.971505382,1.7886920068394747,0.611801546139544,0.2406202143950995,0.4698764809679859,0.9972278225806452,0.1814117492982242,0.1414157616478936,1.5510901334078375,-45.443812659198755,0.2514084361305975,0.5120924841766952,False,False,False,False,pachytene,20,off_axis,73.7803399504511,12.75
298,3.880800508259278,60.07376918043071,66.15299083227269,36.92254572,2.065702027980982,0.5353875476493011,0.2066608808852246,0.4974702584438671,0.9900634249471458,0.1563568029770826,0.0797737234248425,1.9155673341113253,-51.012751310615656,0.2535376101520786,0.4154235904105683,False,False,False,False,pachytene,20,off_axis,73.99587338666598,12.75
470,6.204487898701855,67.27158911684546,57.1879026606837,29.270617884,1.911823344522137,0.5313351498637602,0.2291062483522278,0.4439124487004104,0.980713874496258,0.2811970613232755,0.1301841159758287,1.6132214032509102,-40.56401580878075,0.2540716094471744,0.5161068337302882,False,False,False,False,pachytene,20,off_axis,71.10356929198764,12.75
240,2.899132350915724,66.45564529678923,57.6479139994497,34.065388115999994,2.0109822810786198,0.5158380388376257,0.1630758243066301,0.5521262978239226,0.9720697063738364,0.3300958467137648,0.1632482753235657,1.6513243117856218,-41.499555981368985,0.2555429780013135,0.2953596395414519,False,False,False,False,pachytene,20,off_axis,71.60371046912164,12.75
496,6.473771271033427,61.962590474379866,65.83812229299232,24.675238782,1.806027053522301,0.5693506987356213,0.2188308329022245,0.5041942604856512,0.995042687964748,0.1235088606728538,0.0952371041974197,1.3161113807199452,-49.18270085668992,0.2558013087289398,0.4340208726125556,False,False,False,False,pachytene,20,off_axis,72.33200826059375,12.75
202,2.4892574507492764,63.17613667284176,63.07367199865422,27.863151084,1.880675528486081,0.5595218050176798,0.159112825458052,0.54032874617737,0.9828856667458996,0.266865278814224,0.1650703425713564,1.5478336458386104,-46.8603690307995,0.2565438586989061,0.2944741078162463,False,False,False,False,pachytene,20,off_axis,72.23041550231311,12.75
351,4.238181245405818,64.89770883125,61.20969750078719,22.338843894,1.7471252003600617,0.5342854142602121,0.2003245582401731,0.4829763246899661,0.9804964539007092,0.2623267569916468,0.1411076933040934,1.352991253020123,-44.48667288494085,0.2598694998225092,0.4147709690920485,False,False,False,False,pachytene,20,off_axis,71.41264544439522,12.75
577,7.351420118342986,65.04626165680452,62.04393252958595,31.71491856,1.9636239948843648,0.4738165680473373,0.1142928286852589,0.5587573798144504,0.986331938633194,0.2767428656232552,0.1248698778601601,1.2727751846672015,-44.72713852890734,0.2615413190933636,0.2045482222055174,False,False,True,False,TZ,20,off_axis,70.9302384787507,12.75
203,2.5156624665903164,63.56135683848914,66.9843646277194,30.71796291,1.9428291045197728,0.5737304314623902,0.2086759285511766,0.4871013973486205,0.9890527256479,0.2367338484951155,0.1301042532316478,1.4952230400312148,-48.26588010818836,0.2650375545365795,0.4284034693536845,False,False,False,False,pachytene,21,off_axis,70.43423490212079,12.75
575,7.235503626107834,64.6720824174049,67.28353489121658,29.11110498,1.9083441314749303,0.6067687348912167,0.2519926425505825,0.4588114754098361,0.9954780361757106,0.0757503892873513,0.0817836356688972,1.250594786626206,-47.40644899851271,0.2652856019981682,0.549229162861475,False,False,False,False,pachytene,21,off_axis,69.28852883081144,12.75
484,6.705416097245447,69.03403285622039,60.66882961950466,32.613351534,1.9819937202150448,0.5574336474142272,0.2032888773792567,0.5176336746302617,0.9957145918148704,0.1971869556633234,0.1245500918255555,1.4256549652295312,-40.54557608768099,0.2658631818843998,0.3927273037722344,False,False,False,False,pachytene,21,off_axis,67.9246128885023,12.75
396,5.074634610395328,63.01936070224112,69.6095510421181,27.124231014,1.8639014309640676,0.5437170284528237,0.1642642166957072,0.4890068233510235,0.9734660033167496,0.1137892671494707,0.0674556526765327,1.6564225235567185,-49.92533359114072,0.2676133268190646,0.3359139563126168,False,False,False,False,pachytene,21,off_axis,70.08839256013627,12.75
254,3.345841836734592,70.4152440880106,60.212292799743565,36.78179904,2.0630739055146794,0.591454081632653,0.1663196251952108,0.5463627848891665,0.9981931668856768,0.2039892460040199,0.1726392937304594,1.950564460291105,-39.106079268318894,0.269705457275186,0.3044124340001486,False,False,False,False,pachytene,21,off_axis,66.90494313352742,12.75
227,2.5612790881748504,68.71632999841748,64.87084278929846,44.454838878,2.1975738424776865,0.674581816262994,0.2264174611138986,0.4777039078968704,0.9989096063678988,0.0924303019677473,0.1174503412076191,1.5539970386112882,-42.71006627935482,0.2740042719175549,0.4739702928341522,False,False,False,False,pachytene,21,off_axis,66.43008865230405,12.75
579,7.1365322343243465,68.71797593464986,64.7523771195167,31.874431464,1.966910562788612,0.6186340889019724,0.1978328173374612,0.4548436896950984,0.99491186625477,0.0356190453118303,0.0223133026056829,1.255043004106195,-42.65558175107228,0.2752331786747559,0.4349468219952161,False,False,False,False,pachytene,22,off_axis,66.47572826918298,12.75
530,6.836898279242076,67.14485983445843,70.13254175560903,32.308400394,1.9757968211688623,0.6689174471792638,0.1389728096676736,0.5539473684210526,0.9992766203703703,0.0949910827094581,0.1191691582264019,1.3671583539138397,-46.46998690553397,0.2760054809081843,0.2508772811102898,False,False,False,False,pachytene,22,off_axis,66.00767567027653,12.75
454,6.120005522573317,72.89478918265904,62.51639554742546,33.980940108,2.0093191660971668,0.5619218555847025,0.1724047991653625,0.5554680113457295,0.9994090998621232,0.1335880840229695,0.1032692944812994,1.6153850260414109,-37.91972400928164,0.2772946909359952,0.3103775476605364,False,False,False,False,pachytene,22,off_axis,63.645541591661555,12.75
241,3.0319285758880383,66.92563380782823,70.181320996442,37.572326226,2.077749365683545,0.6396328900543173,0.1139085047589806,0.593035343035343,0.9998695028056896,0.1314470626976303,0.1334581290462361,1.714211330997817,-46.687866339563406,0.2790351295978922,0.1920770930379305,False,False,True,False,TZ,22,off_axis,66.19985789045343,12.75
14,2.567896508481186,73.59170491716681,63.817599537985146,35.54088247799999,2.039607182176855,0.65870239588146,0.0889711064129669,0.5809321214465287,1.0,0.0735700391786511,0.1182307916741569,1.7073307565969529,-37.87876112647298,0.2842964119631801,0.1531523273173941,False,False,True,False,TZ,22,off_axis,62.441830437748735,12.75
380,5.192283092324977,67.32396015016714,73.4835904129592,33.741670752,2.00459199310893,0.6849972191323692,0.1059589581689028,0.5160008828073273,0.9990416210295728,0.0545361278279656,0.0758128743857803,1.7452330977297792,-47.8093914445419,0.284976423494979,0.2053464668363126,False,False,True,False,TZ,22,off_axis,64.84039206821764,12.75
560,6.9726987935748985,72.29869210157875,67.0018887422515,35.193707334,2.032944252829575,0.6937279210824502,0.1222540592168099,0.5786724700761697,1.0,0.0813925781502583,0.1188577872797601,1.332437161595815,-40.46003402046684,0.2879185232393381,0.2112664167360819,False,False,True,False,TZ,23,off_axis,62.298238000177236,12.75
514,6.79863826048775,70.75486617614806,72.62720579837409,32.040981702,1.9703304460056048,0.6299143421919613,0.1637717121588089,0.5956478733926805,0.995440482006188,0.1532032824855748,0.1470403151124213,1.3024550825256151,-44.3579493983419,0.2891596802672315,0.2749471952715971,False,False,False,False,pachytene,23,off_axis,61.80090950721523,12.75
13,2.4696812453668358,72.40401280409652,68.77784942381679,34.808999742,2.025509626102676,0.6968124536693847,0.0308056872037915,0.6234718826405868,1.0,0.0939052190829106,0.1511555336479866,1.293043330344091,-41.16057748274361,0.2901110890204879,0.0494099061425518,False,False,False,False,pachytene,23,off_axis,61.53036489242913,12.75
440,5.896480518501557,76.67107029165749,65.5909004747902,31.126128282,1.951396393019724,0.6647825759288568,0.1095095095095095,0.5964478417266187,0.9996996546027932,0.1208849789060387,0.1527738156746296,1.4376893987116832,-35.918463974384636,0.2919070311024756,0.1836028263468897,False,False,True,False,TZ,23,off_axis,58.89693794467693,12.75
12,2.6999652270673224,70.41110302524578,73.23796726476108,33.729941862,2.004359695149505,0.6389178663328465,0.0249765258215962,0.6423343605546995,0.9991602519244228,0.1446447134923951,0.1498051047012645,1.4611734787104609,-44.93868405813266,0.2929671904088103,0.0388839946224071,False,False,False,False,pachytene,23,off_axis,61.94833179766873,12.75
438,5.702086993183938,70.57379279038788,75.9900865153549,33.382766718,1.9974591488947893,0.657297449230553,0.1381869588266477,0.5720729956940742,0.9984115523465704,0.0958044902031785,0.1120256833711635,1.801758858330096,-46.024747473295164,0.2966335718061169,0.2415547663790542,False,False,False,False,pachytene,23,off_axis,61.04681800498819,12.75
17,2.2134670058357124,76.89125793057003,67.47804653598695,31.353668748,1.9561399323861,0.5859643872512345,0.0,0.6496205276472714,0.99930094372597,0.1575084941045151,0.1444021037295199,1.3829531263555883,-36.56603810126039,0.299106859647245,0.0,False,False,False,False,pachytene,23,off_axis,57.89846802668692,12.75
16,2.2398748615003696,75.32265352929842,71.59865959720925,35.991271854,2.0481866364138184,0.676073779573747,0.023191823899371,0.6275653923541248,0.9996398559423768,0.0754521906540561,0.1079995160118539,1.454889770762628,-39.81276766415193,0.3022977278801582,0.0369552307726431,False,False,False,False,pachytene,24,off_axis,57.80388760083794,12.75
515,6.904582106745581,74.72443562012194,75.03281269678978,36.655127028,2.060702856924587,0.6519262767182901,0.1339171974522293,0.5436661150946865,0.9979983987189752,0.118571861777191,0.1193835820050755,1.3816848085576132,-41.884506701627295,0.3030768568739764,0.2463225015024265,False,False,False,False,pachytene,24,off_axis,57.30127105121134,12.75
546,7.034585906689497,76.85298081702479,69.44327516928489,31.524910542,1.9596946989878263,0.6438723119279708,0.115995567048393,0.57772670288341,0.9989123679303916,0.0744582340400905,0.0860728732127559,1.229929826384343,-37.47969539971013,0.3034092898398556,0.2007793070139635,False,False,True,False,TZ,24,off_axis,57.15473242083785,12.75
365,5.1401764979099385,80.20758529958219,67.87153790060435,30.302760204,1.9340358791358736,0.5805078185477628,0.1645081714461918,0.6202251337885218,0.997835497835498,0.1806631160747612,0.1550381037241379,1.5968719061818228,-33.77637336616502,0.3047232977913193,0.265239446910715,False,False,False,False,pachytene,24,off_axis,54.72239007632053,12.75
15,2.5603515759115187,73.77849933392888,75.7581962645064,34.161565014,2.012873039949729,0.6524067843164183,0.0418322922581866,0.6465823785065191,0.9998660953401178,0.067566472234324,0.0798668374027757,1.51456370701491,-43.055049769538776,0.3055821193826602,0.0646975445801835,False,False,False,False,pachytene,24,off_axis,58.01106528734423,12.75
418,5.496686360133686,74.2954065566422,78.77230266503823,36.528455016,2.0583263394763294,0.6498201900847675,0.2218892694063926,0.5026590867412434,0.9988485895221646,0.0514579435117947,0.0514739997049676,1.7131242654412318,-43.941578491960435,0.3105758008610377,0.4414309325330386,False,False,False,False,pachytene,24,off_axis,56.77495729294425,12.75
19,2.492608857461879,79.96200515816892,70.346383900261,31.515527429999995,1.959500251071586,0.6052102716784518,0.0354609929078014,0.620475113122172,0.999493927125506,0.0354103984937797,0.0539808589477752,1.5732646817349225,-35.10346946591133,0.3117304626963981,0.0571513541121175,False,False,False,False,pachytene,24,off_axis,53.937541188485824,12.75
562,6.92702252944234,80.45722342549959,72.24367628648164,36.650435472,2.060614935478242,0.7122375832053252,0.1604108309990662,0.5665035587188612,0.9996595551520654,0.0944787071823097,0.1530756096585467,1.308165187037807,-35.50962760516424,0.3150595949064391,0.2831594409783282,False,False,False,False,pachytene,25,off_axis,52.76838353863521,12.75
561,7.07512566422519,77.75334963377782,77.81166023265781,32.667304427999994,1.9830860681684992,0.7276317679161282,0.1482146867280485,0.5557606116530451,0.9996290801186944,0.131211003216955,0.2309852165431919,1.2105511140249317,-40.41930288368638,0.3154090418473886,0.2666880013090549,False,False,False,False,pachytene,25,off_axis,53.639862609385574,12.75
228,2.7160757365304318,78.57068013743584,75.15231442357064,32.087897262,1.9712916532932308,0.6984428686307478,0.074074074074074,0.6603636363636364,1.0,0.0332750139494485,0.0470898587011812,1.495626736026286,-38.49833527237215,0.3167995986959444,0.1121716430086474,False,False,True,False,TZ,25,off_axis,53.58749958192681,12.75
336,4.791558029736988,83.34564541610838,70.70220232541774,33.288935597999995,1.9955859298287613,0.6542174617715453,0.0997982021647404,0.6158549011616059,1.0,0.0986171842910658,0.1245798316316341,1.580107012547254,-32.236749282365984,0.3174344508652059,0.1620482389220322,False,False,True,False,TZ,25,off_axis,50.69019096368506,12.75
18,2.7248145608675918,76.98644191236042,79.20512365517551,37.633316454,2.0788730109617,0.6663342267655675,0.1465242346938775,0.5249392863814684,0.998570128688418,0.2136336279403887,0.2278188230843747,1.7356012521487008,-41.72870420888262,0.3197055352136448,0.2791260598990485,False,False,False,False,pachytene,25,off_axis,54.05488976609291,12.75
439,5.760775744332027,77.09541046162178,81.10759857962452,25.763679774,1.8322009095689007,0.6454520622780662,0.0684210526315789,0.6394453004622496,1.0,0.1081110472126008,0.1135932330733762,1.4831512557362567,-42.48259971871873,0.3215337329577474,0.107000634115409,False,False,True,False,TZ,25,off_axis,53.555674876899445,12.75
22,2.52872998033161,83.12826827760539,73.45792879320051,33.394495608,1.9976930543666087,0.695841528519247,0.0531379838180625,0.5879907621247114,0.9997440163829516,0.1165317927623947,0.166671401805999,1.5670400355564271,-33.664315910116436,0.3250379015449651,0.0903721405861001,False,False,True,False,TZ,26,off_axis,49.83951710847288,12.75
497,6.513770309507406,83.685698838574,74.52127884104786,37.971108486,2.0850743965569905,0.6676962994995985,0.1561029181048007,0.5434095556794943,0.999377024669823,0.0620969762079311,0.0791285711603216,1.3096856563248167,-33.64165481183135,0.3269676825229422,0.2872656847368193,False,False,False,False,pachytene,26,off_axis,48.945485239857476,12.75
21,2.2216064257028454,82.33305253012084,77.59958138554153,35.04592331999999,2.030094707690949,0.6601070950468542,0.0395309249101569,0.6496652225285545,1.0,0.1198237352320695,0.1677330318141063,1.4379155992287815,-36.228828865912895,0.3303349394135333,0.0608481469214238,False,False,False,False,pachytene,26,off_axis,49.278194685253446,12.75
324,4.7643086300930655,86.99805536573776,73.06734679980727,29.247160103999995,1.9113124896066984,0.6325794032723773,0.0618472250665574,0.648548351888234,1.0,0.0692818909832411,0.0750516608564462,1.538102440745026,-30.02883163339306,0.330478137445606,0.0953625506664085,False,False,True,False,TZ,26,off_axis,46.39742480164941,12.75
547,6.6759650848289365,82.21612341406522,80.5397768195244,38.161116504,2.088546526364229,0.6632038357511679,0.1531684698608965,0.5891586055849608,0.9956305376866124,0.0383587188368082,0.0372327636530896,1.4486544286719147,-37.64911472079894,0.3311337056127381,0.2599783291102391,False,False,False,False,pachytene,26,off_axis,48.659457103466075,12.75
20,2.820347537674019,80.19361605018462,81.89535271468861,32.533595082,1.9803767360182527,0.6416468382724061,0.0069930069930069,0.6348088531187123,0.9995682210708118,0.0917848619499622,0.1071004238989241,1.4355563477813345,-40.064428454190576,0.3321302680734156,0.0110159254374785,False,False,False,False,pachytene,26,off_axis,50.36465839462069,12.75
397,5.606121227665129,80.51014778148307,84.2451043344436,27.438565266,1.871073853001496,0.5816876122082586,0.0891660461653015,0.6051502145922747,0.9935550935550936,0.0548552376104948,0.0307056020362051,1.4724228069115564,-40.8328561503425,0.3354420747770478,0.1473453103298954,False,False,True,False,TZ,26,off_axis,49.66772723197063,12.75
25,2.4806694438353807,86.32283288752426,76.4381051743048,32.09728037399999,1.971483782302346,0.5865672732587883,0.0161739130434782,0.6194095810500265,0.9996475149806132,0.0805277270135614,0.064162809099754,1.441724013820869,-32.141066167434644,0.3380076326636021,0.0261118225134008,False,False,False,False,pachytene,27,off_axis,45.82065589058192,12.75
485,6.639770753733972,87.74337913338148,76.8350976814869,27.013979448,1.861372608297038,0.6522229940951719,0.0614014530114834,0.6439450686641698,0.9987966305655837,0.0941651571312555,0.1059671371397633,1.288641917855622,-31.048341162717588,0.340974556995676,0.095352004385805,False,False,True,False,TZ,27,off_axis,44.34814513155143,12.75
24,2.398050483741928,84.94945803447898,80.87196736742672,32.247410165999995,1.974552766948241,0.6632719866152614,0.0,0.654352992006913,0.9997271487039564,0.0651733852341671,0.0941719632997019,1.430854881002805,-35.35338129792526,0.3429052057923855,0.0,False,False,False,False,pachytene,27,off_axis,45.92093865008255,12.75
563,6.946286982248416,86.53413514792827,81.90495097633317,31.71491856,1.9636239948843648,0.6504437869822486,0.0961943010135781,0.6548878544223444,0.9988432620011568,0.0628449514865887,0.0676860089274023,1.2480681419815045,-34.39847787134249,0.3447329368585857,0.1468866774120098,False,False,True,False,TZ,27,off_axis,44.14841555558307,12.75
242,3.3659464950898035,90.1120400541814,76.45827433796148,34.635412169999995,2.022137036727603,0.6455807653233999,0.1374649744519531,0.5711828778903115,0.999570754042066,0.0383730677188489,0.0429313355488324,1.5705028626106805,-28.761451864627762,0.3449010411045267,0.2406671834416429,False,False,False,False,pachytene,27,off_axis,42.24588189218157,12.75
23,2.591657908565326,83.56830354703021,84.84560899894821,35.712124272,2.0428776557372275,0.6068050446663164,0.0466634814460901,0.5922151687270297,0.9997063142437592,0.1178166799028595,0.1123206551880812,1.741779549016441,-38.366708058692474,0.3455842965735483,0.0787948095730029,False,False,False,False,pachytene,27,off_axis,46.555697413798896,12.75
419,5.668354430379802,84.09598718354316,85.5495412974676,28.168102224,1.887511731606792,0.5665389740173218,0.0683730087703597,0.6793467819404418,0.9996044303797468,0.250622847063042,0.2019546450409693,1.5687024068534046,-38.2098122380874,0.3468815482032513,0.1006452236000347,False,False,True,False,TZ,27,off_axis,45.94030434209411,12.75
517,6.7918884257775005,90.94845803141985,78.45657907983195,29.265926327999995,1.91172119537979,0.6494870150689324,0.0925503216434945,0.6389206494397439,1.0,0.1256066019219276,0.1428743181144459,1.4097828390551796,-28.90768178264482,0.3514098629568625,0.1448541719924844,False,False,True,False,TZ,28,off_axis,40.79289068603601,12.75
27,2.357649330942246,89.48850364188162,80.62417329286905,34.009089444,2.009873843603906,0.6783694302662436,0.0591202582728006,0.6180570448209307,1.0,0.0997898569276385,0.1403431491967869,1.3978071703439756,-31.183284254083013,0.353744141186575,0.0956550188501282,False,False,True,False,TZ,28,off_axis,41.57495868006081,12.75
29,2.810566037735829,93.04963368249932,79.15634316850802,36.05460786,2.049387371428802,0.6499674690956408,0.0569675723049956,0.6014869888475837,0.9994747899159664,0.0843071798295436,0.1119037652926174,1.5370412008712806,-27.34176678210553,0.3569725691921976,0.0947112296047207,False,False,True,False,TZ,28,off_axis,38.578261304118044,12.75
255,3.5466042937098083,86.36562673126751,88.28230422688216,28.081308438,1.885571086837528,0.624342160220533,0.0590081607030759,0.6573271069601957,0.9998265695456122,0.1164494265119622,0.1244828097064644,1.5352111040508902,-37.4029953858817,0.3576377680161937,0.0897698574701394,False,False,True,False,TZ,28,off_axis,43.41660516185405,12.75
516,6.505237031521472,87.37234884586994,86.95542027798649,28.353418686,1.891641967383996,0.6021345246959544,0.0991007868115398,0.6573092118943648,0.999270206166758,0.1531254381011715,0.1439839488153906,1.348146772641105,-35.90892495864815,0.3577219745004694,0.1507673786069899,False,False,True,False,TZ,28,off_axis,42.52607144755713,12.75
26,2.363319871884163,88.7130378498821,84.55157905584048,33.690063636,2.0035694790467917,0.663278094972845,0.008,0.6536393713813069,0.9994753410283316,0.0514716847584397,0.0674328301954749,1.5513254505697762,-33.63426106394275,0.3586832023689872,0.0122391648212591,False,False,False,False,pachytene,28,off_axis,41.512587240176096,12.75
548,6.808183270003895,91.52241615727604,84.04300071039088,42.596982702,2.166523526353913,0.7678836940360152,0.0858815875081326,0.6367734282325029,1.0,0.1393195320889417,0.3033993227508093,1.3811023668206277,-30.89428432672501,0.3610065798927409,0.1348699297119147,False,False,True,False,TZ,28,off_axis,38.83408661808242,12.75
465,6.186076950736856,94.9488258468187,81.26723738942981,32.61804308999999,1.9820887547969657,0.6325782092772384,0.1185300207039337,0.5954198473282443,0.9998498273013966,0.1148662553659391,0.1249157890491165,1.4582930244680994,-26.587954268541402,0.3661772354231868,0.1990696501566066,False,False,True,False,TZ,29,off_axis,36.140140600858466,12.75
366,5.103459210146976,88.84990224127978,90.59559584173944,32.550015528,1.98070986038538,0.7191553761891034,0.0970806302131603,0.5912240184757506,0.999875668282979,0.1257172980443777,0.2151456289265924,1.8637034259003165,-36.216521732533955,0.3677317448691855,0.1642027846964783,False,False,True,False,TZ,29,off_axis,40.83550312990113,12.75
28,2.321809868141318,93.14675244576858,83.76782158124132,44.11939262399999,2.192032414276673,0.7080497660569971,0.1027777777777777,0.5545437989437261,0.999615938550168,0.0303326985360111,0.0494768351093983,1.596757571695006,-29.318520199113152,0.3682030984516126,0.1853375296478744,False,False,True,False,TZ,29,off_axis,37.29357738696128,12.75
518,6.8988453815262885,90.90091453313067,88.68520227786269,37.382318208,2.0742409642077435,0.6429467871485943,0.1273006134969325,0.584182776801406,0.998559643839204,0.1049838962612262,0.1018965953558511,1.4811814174453526,-33.52743923834077,0.3695606449647529,0.217912301683979,False,False,True,False,TZ,29,off_axis,38.86447031617284,12.75
229,2.861122575319817,90.7085653528675,87.8433457490725,34.102920563999994,2.011720561088436,0.6715504195900399,0.0954726273915513,0.6594764397905759,0.9998717126363054,0.1027607879750494,0.1289547906778772,1.7329012355061113,-33.322729548569285,0.3703181580942166,0.1447703384549564,False,False,True,False,TZ,29,off_axis,39.1209182500373,12.75
299,3.673856402664728,97.0373050259046,81.78811991858035,31.69146078,1.9631397472704293,0.6572168763878609,0.0960374780402107,0.6126106672424962,0.9979472140762464,0.1225940614184047,0.1521971094793032,1.7195091382066956,-24.953345270056957,0.3715264357368467,0.1567675575622898,False,False,True,False,TZ,29,off_axis,33.98914602411523,12.75
471,6.2891825613076655,97.1343511512234,84.49720925068002,34.43602103999999,2.0182491816696744,0.7392370572207084,0.0749154180763653,0.6185997910135841,0.9997799053593044,0.0919730116494765,0.164609118493755,1.4832148363475224,-26.07885736063673,0.3778715842422188,0.1211048228025028,False,False,True,False,TZ,30,off_axis,33.24085735517305,12.75
30,2.4984141368373285,92.90067562301893,92.30367616674224,31.062792276,1.9500719154229809,0.6324573327291949,0.0316354954237962,0.6344770906102322,0.9986035686578744,0.1287913975842602,0.1401406260714615,1.685764900603597,-33.35832094698286,0.3830495072000462,0.0498607371203421,False,False,False,False,pachytene,30,off_axis,36.79412944435865,12.75
420,6.102589459986769,93.08473782043022,93.29028938841958,36.05460786,2.049387371428802,0.7564736499674691,0.1285215366705471,0.542078546620358,0.9995842860112244,0.1121172279758101,0.2404384692159593,1.8303107441942916,-33.63521922428202,0.3830732181176925,0.2370902472931778,False,False,False,False,pachytene,30,off_axis,36.651538698834734,12.75
33,2.100186104218384,98.11522479528348,85.34050749379551,37.81394136,2.0821936244517625,0.6290942928039702,0.0689816256617875,0.5781903328315772,0.9998650472334684,0.089405647863645,0.0885590936351835,1.5754116157606946,-25.579044789695487,0.3836129634630155,0.1193060861532623,False,False,True,False,TZ,30,off_axis,32.11503425586369,12.75
31,2.040859845227836,94.97751073086928,89.15837076526253,40.92209721,2.1377475848949943,0.6527371739753511,0.0708588957055215,0.6074612083195774,0.999771140862799,0.1165685104029331,0.1555996020408425,1.7584335220525449,-30.09353071602575,0.3839319232233502,0.1166476060282742,False,False,True,False,TZ,30,off_axis,34.76606976513791,12.75
549,6.584346765700181,95.7674851006042,88.80661230530515,42.320180898,2.1618205226176865,0.7477966853278644,0.0796925566343041,0.6573626373626373,1.0,0.1560501337663619,0.3016771346973168,1.3785076151757498,-29.22965712650326,0.3841835321499479,0.1212307364380087,False,False,True,False,TZ,30,off_axis,34.001143774617674,12.75
312,4.574260488496539,101.28724522136986,84.23177148933304,36.399437226,2.0559001580059038,0.6527034864986789,0.1162676287307313,0.5622564483206531,0.9993301178992496,0.0721087404494219,0.0969581704495813,1.84534722778074,-22.24619530374647,0.3864675389186377,0.2067875416600367,False,False,True,False,TZ,30,off_axis,29.249692646548908,12.75
498,6.7591988981978925,100.9482161482846,87.0570289567311,40.87752742799999,2.1369712027617043,0.6397337312062435,0.1825520833333332,0.5331315705638738,0.9984907558797635,0.1064762555376841,0.0989551539489053,1.6001685881000725,-23.81366836577395,0.3917122061121292,0.3424146935066227,False,False,False,False,pachytene,31,off_axis,29.037568233105386,12.75
531,6.592058187536753,97.14584513465462,93.6059019854546,35.798918058,2.0445313017646423,0.7099796867833039,0.0996745321399511,0.6299141436963398,1.0,0.1006941241210906,0.1463962226546556,1.3536775802179215,-30.144657015345587,0.3953712508195378,0.1582351073355178,False,False,True,False,TZ,31,off_axis,32.6186218122047,12.75
243,3.520133878765348,94.98630925994904,96.08736865749272,31.53898521,1.9599862985307048,0.6445518780215693,0.0588814493895234,0.6350700983469345,1.0,0.0913904329413175,0.1090012928776004,1.6341616034042954,-33.1863421371586,0.395829210463639,0.0927164568805708,False,False,True,False,TZ,31,off_axis,35.027926934399666,12.75
32,2.0329381364949315,97.10944445964172,93.38734186046656,30.865746924,1.945939769422636,0.6415108679130567,0.0100734522560336,0.6487174051303795,1.0,0.1573605379271531,0.1874943600667136,1.4417835460832742,-30.07940549476187,0.3961516122229551,0.0155282595724544,False,False,False,False,pachytene,31,off_axis,32.63995514088304,12.75
218,2.8365631499677795,102.76325473714311,86.93783859284356,32.70718265399999,1.983892682999853,0.6662841569246216,0.0725533187163643,0.6305609284332688,0.9990491714208096,0.1147098374177323,0.1387182290222685,1.6267021106164532,-22.13716551240078,0.3970744761977812,0.1150615514612281,False,False,True,False,TZ,31,off_axis,27.2615526845967,12.75
35,1.978402555910594,99.87940165495354,89.57378125878672,36.7114257,2.061757329595203,0.649776357827476,0.0235168359166221,0.6405765371282612,1.0,0.1163420922290613,0.139475109080527,1.5881216263429174,-25.89572528374435,0.3973652051229224,0.0367119845226447,False,False,False,False,pachytene,31,off_axis,29.848266203684346,12.75
466,6.289159909179165,97.15742294518046,97.86125702237902,36.16016787,2.051385475428995,0.6892637041842362,0.1070096942580164,0.5734864300626304,0.9996357897292704,0.1660466919593973,0.2196815015091067,1.8459557959302992,-32.03854581119645,0.4014333116476554,0.186594989259519,False,False,True,False,TZ,32,off_axis,33.18575918315239,12.75
422,5.76521739130443,105.34514028439702,87.8343961286496,31.508490096,1.9593543898047767,0.6540351399642644,0.0994186046511628,0.6006025392726491,0.9998472116119176,0.088895432559086,0.1288590565118534,1.692262502746052,-20.229421494619356,0.403120644566119,0.1655314424270704,False,False,True,False,TZ,32,off_axis,24.574787064418036,12.75
519,6.319764038366589,102.95645059215296,90.66027234655591,52.092692046,2.316840114318934,0.7708380240464718,0.1671031096563011,0.5714285714285714,0.9996558606924084,0.1642784354548827,0.3328049728624597,1.5715949479405125,-23.630156915888964,0.4041474509720162,0.292430441898527,False,False,False,False,pachytene,32,off_axis,26.7302780795851,12.75
34,2.347103410936601,98.20628021791924,97.55689799674902,34.661215727999995,2.02263907952808,0.6350162425554954,0.0160554643313264,0.6462080474689412,0.9997242900468708,0.0448375686171864,0.049450589697769,1.4748912538348633,-30.96436745511654,0.4054349524146157,0.0248456582894816,False,False,False,False,pachytene,32,off_axis,32.09744477839947,12.75
39,2.333934076357566,104.18234642518308,90.47237411666896,39.56858330399999,2.113913913920398,0.6849656153663741,0.1324081632653061,0.5338727888596161,0.99942402948969,0.1112420054207014,0.1593796687505272,1.7786632247981058,-22.44977064352437,0.4081551378251936,0.248014444692223,False,False,False,False,pachytene,32,off_axis,25.50981560798641,12.75
36,1.869261296386605,101.2464902945068,94.25992255100086,33.692409414,2.0036159796033344,0.6481236510478312,0.0278899788420849,0.6311832212109221,1.0,0.1777303902175431,0.2123177686398223,1.4926719916608358,-26.77017189696962,0.4088350665262324,0.0441868191435415,False,False,False,False,pachytene,32,off_axis,28.59132752224667,12.75
532,6.620303593927897,101.07847516649755,96.31523752324884,39.097081926,2.105483836136421,0.7031859362812743,0.1569529652351737,0.5688295936931473,1.0,0.0632089537742056,0.0975796975905602,1.5723927582562789,-27.840165284032977,0.4096866503578243,0.2759226435744153,False,False,False,False,pachytene,32,off_axis,29.04483859858616,12.75
381,5.066258535436528,99.97853986932144,100.965607540618,39.85007666399999,2.1189149117723374,0.6457499411349188,0.1509593679458238,0.5451977401129944,0.9982251521298174,0.1148058667751401,0.1195637158260192,2.1346769809127686,-30.904832682274293,0.4145307682362866,0.2768892033824955,False,False,False,False,pachytene,33,off_axis,31.24700868286098,12.75
272,3.154407733371788,107.91817648246943,90.17312538594656,32.517174636,1.9800434995419596,0.6139806665704804,0.1146591661151554,0.5847505139226313,0.9950207468879668,0.1449056402439622,0.140814849487543,1.896169684197012,-18.974953458164237,0.4153428237434143,0.1960821981087238,False,False,True,False,TZ,33,off_axis,21.788948098401185,12.75
441,6.561679529845074,106.75581821850994,91.70681124406988,33.129422694,1.992393362484817,0.670891453657155,0.0877330716388616,0.5800344234079173,0.9994439810953571,0.1246001066286463,0.1417712269669483,1.5792823977194883,-20.700749777962724,0.4157033222107429,0.1512549395316873,False,False,True,False,TZ,33,off_axis,22.928535728184393,12.75
37,2.0357561779242777,102.15839442503928,98.51560349258608,35.59718115,2.0406835632367017,0.6362438220757826,0.069453809844909,0.5914855072463768,0.9995809470596452,0.0447290388029361,0.061895631614514,1.6338217870661476,-27.85905613405273,0.4176609800041028,0.1174226739184985,False,False,True,False,TZ,33,off_axis,28.46194925624977,12.75
40,2.0015107239345484,106.53106815350009,93.9341486078196,42.545375586,2.1656482435926017,0.6604730661079561,0.0627092846270928,0.5750243585579734,0.9997806536521168,0.126398761624528,0.1630820873964882,1.7940533986769254,-21.89845935920796,0.4207345724961481,0.1090550055728995,False,False,True,False,TZ,33,off_axis,23.302877856835657,12.75
398,5.359362934363094,110.32573791022976,91.64367430019222,29.162712096,1.909471146954676,0.6365830115830116,0.1291441788743254,0.6011509517485613,0.9996562983330468,0.0695219033927278,0.0826702674974308,1.668430473195959,-17.47996255889379,0.4219557621477482,0.2148282032968343,False,False,True,False,TZ,33,off_axis,19.358064650376228,12.75
520,6.764848553217743,104.35591057589352,98.86022160866372,41.588298162,2.1492858519350238,0.6832872694455412,0.2236969445596571,0.5383793410507569,1.0,0.0548503256768314,0.0829195446446358,1.606448303068117,-26.048059619586226,0.4221327106654756,0.4155006098916556,False,False,False,False,pachytene,33,off_axis,26.43998626438639,12.75
38,2.194909643458067,104.10441674173734,102.59736173549518,43.225651206,2.1771297471825206,0.6360774949801922,0.1774806819575616,0.5436922159260363,0.9994007670182168,0.149680396956198,0.1649257823665256,2.0693744863308368,-27.94531236984439,0.428696133511656,0.3264359443794318,False,False,False,False,pachytene,34,off_axis,27.97581509307273,12.75
421,6.0026375678357935,103.68537852015956,103.81116501721375,40.199597586,2.1250918160411296,0.6704207270817529,0.1755948036782951,0.5458569405099151,0.9998825187969924,0.1186890831278408,0.1531199037026385,2.134638122906084,-28.863221715773257,0.4288171961748158,0.3216864908125238,False,False,False,False,pachytene,34,off_axis,28.86610623498626,12.75
499,6.716083916083634,109.03337941066438,96.00365164682626,43.943459274,2.1891148358748604,0.7067207601558747,0.2097238204833141,0.4756097560975609,0.9996934082779764,0.0456723861688848,0.0793138280326279,1.6821748729861823,-20.58676282232694,0.4302883096059269,0.4409577764008144,False,False,False,False,pachytene,34,off_axis,21.18455033052189,12.75
43,2.2423808039887723,111.35666540978622,94.59010421938392,37.63800800999999,2.0789593949143854,0.5925833593019632,0.0906941160105717,0.5839069909744531,0.9995533055390112,0.0863149894903897,0.0678766250980921,1.834032486522852,-17.87652470384669,0.4323432705407442,0.155322880891042,False,False,True,False,TZ,34,off_axis,18.623484760293486,12.75
41,1.7243869708429809,107.11289485787482,99.03138555569174,38.456684532,2.0939247815082203,0.672929120409906,0.0625874125874126,0.5865348750466244,0.9997664915353182,0.1437156758768596,0.1699164235968971,1.8841807365432568,-23.659118286514,0.43262188725158,0.1067070608247079,False,False,True,False,TZ,34,off_axis,23.867732777768133,12.75
521,6.678255018503761,107.1724387462153,102.50854910283635,41.834604852,2.1535205512881506,0.7745878658741729,0.1971240263630916,0.5271144278606965,0.9999120492524186,0.106855245974643,0.2653754650399899,1.6456576020265434,-25.161876183604154,0.4359510676040579,0.3739681859271489,False,False,False,False,pachytene,34,off_axis,25.161879312002725,12.75
423,5.565770928521702,113.79125366684744,95.02969814915352,30.291031314,1.9337863196761969,0.5892511422597382,0.0988786952089704,0.6236802413273002,0.9985704074338814,0.1970445511284873,0.1759865621059676,1.905183736852457,-15.896018650478283,0.4364924918839141,0.1585406890533189,False,False,True,False,TZ,34,off_axis,16.3298158034621,12.75
42,2.144046759046496,107.53916173901531,103.69993491823628,35.71916160599999,2.043011834893983,0.6839167268667499,0.0185562805872756,0.6189486806565552,1.0,0.0780263350383937,0.098276138267879,1.87078798247507,-25.36705758524425,0.4395105926541323,0.0299803217410398,False,False,False,False,pachytene,35,off_axis,25.39623396626039,12.75
325,4.758186066015627,106.72924451566688,106.57411594081536,39.158072154,2.106578097027432,0.6557838614988318,0.0899588216661387,0.5817960320222764,1.0,0.0688827350769655,0.0816115281778348,2.341353099077944,-27.377532903471476,0.4416920238219568,0.1546226112155649,False,False,True,False,TZ,35,off_axis,27.5909282980907,12.75
501,6.670374167093852,111.28555650307666,99.57629900051356,36.612903024,2.059911293649426,0.7100205023065095,0.1009137862534763,0.62129916040654,1.0,0.0951396779569615,0.1518627219826741,1.5908011896632028,-20.171405038687475,0.4429486706465083,0.1624238252429708,False,False,True,False,TZ,35,off_axis,20.18703496374463,12.75
47,2.8138240337686544,115.03730714285638,96.40654999999896,35.56668603599999,2.0401006644898816,0.6267642791188497,0.0607468879668049,0.6172468634034282,0.9998612074947952,0.113668363585747,0.1199212602673316,1.8506888370343475,-15.39782076378162,0.4434389369502817,0.0984158714583879,False,False,True,False,TZ,35,off_axis,15.520806390491902,12.75
44,1.869724579580305,111.65868144947362,99.79518244910854,45.055358046,2.207424941663324,0.6969854740459207,0.1144248326232502,0.5314432989690722,1.0,0.092631406051893,0.1352768152884168,1.9526343780269575,-19.93567300300907,0.4464461152707842,0.215309578359947,False,False,True,False,TZ,35,off_axis,19.94034256824884,12.75
502,6.668156281920304,115.16914044943816,99.02830591164508,36.744266592,2.0623719408788266,0.6689223697650664,0.1491386382280557,0.5568839182414193,0.9994877049180328,0.0734378781403708,0.0889913792303053,1.5846089745782637,-16.453142003002412,0.4495938956974392,0.2678092028568895,False,False,False,False,pachytene,36,off_axis,16.45939311253704,12.75
500,6.709326231690904,111.02482800000124,105.48820320639403,44.04198194999999,2.1907496371279978,0.7084953395472703,0.1728880157170923,0.5357208112552531,0.9990322268460272,0.106960523828029,0.1629907418183001,1.8678280096664264,-23.050108496901593,0.4505502929280782,0.3227203649453091,False,False,False,False,pachytene,36,off_axis,23.461824499215304,12.75
45,1.874318230620497,111.6387073759948,105.13070177689724,43.697152584,2.185017114279045,0.6152566029632811,0.1455650929899856,0.552113855169527,0.9997525058779854,0.0973948396778132,0.1014816833481374,2.016895563271001,-22.341144484723273,0.4525426436420289,0.2636504982206791,False,False,False,False,pachytene,36,off_axis,22.75707818083431,12.75
326,4.717264797142976,111.37612958843312,108.4299460511664,40.068234018,2.1227745103048323,0.659153445348633,0.1585489232548056,0.5139127447612505,0.9986516303015444,0.0499939180235762,0.0739941390171683,2.244054276534128,-24.052354032552596,0.456691698742418,0.3085133125633283,False,False,False,False,pachytene,36,off_axis,25.096587804787294,12.75
48,2.522958705566273,115.83568273880182,100.8481927594189,37.54886844599999,2.077316870642704,0.6968201411882302,0.0517780382962094,0.6080774778487533,1.0,0.1235062476429929,0.189608091862906,1.740410983253441,-16.671448787698523,0.4569945548506363,0.0851503964254504,False,False,True,False,TZ,36,off_axis,16.84038481806407,12.75
399,5.74696085582331,118.90498061633996,99.72033207512943,38.592739656,2.096391226463485,0.7676878191101386,0.1281934306569343,0.5188383045525903,0.99990237235185,0.1138816230698146,0.251894688920067,1.861012377465981,-13.42190460765473,0.4573003254528804,0.2470778073478583,False,False,False,False,pachytene,36,off_axis,13.699571582342044,12.75
273,3.515763925886338,121.46160738767313,98.85231394068596,39.627227754,2.1149577397205603,0.6884508376250518,0.1286423841059603,0.5000950028500855,0.9998837344494826,0.0498695401791043,0.067970970416994,1.9797462541645772,-10.747113478770355,0.4641517741713201,0.2572358919261661,False,False,False,False,pachytene,37,pre,11.188619579925101,12.75
46,2.368553047650339,114.84211238141852,108.44382136081016,43.02626007599999,2.173777034643386,0.6651401155817249,0.1162589928057553,0.5263757733637252,0.999343760253746,0.0438848336140863,0.0594602448469192,2.2091740583503285,-20.9589787267595,0.4664362935506519,0.2208669142632073,False,False,True,False,TZ,37,off_axis,22.703449639688884,12.75
285,4.150932914679238,122.56904325221608,94.82552731719193,38.848429458,2.101010803590546,0.6610711913531792,0.178064138234002,0.549082487083556,0.999749184850765,0.0983407339763197,0.1297299164442426,2.011691109057599,-7.954787782235273,0.4668535643560617,0.3242939675235086,False,False,False,False,pachytene,37,pre,7.954790438377094,12.75
550,6.944105869713559,117.44515175798638,104.6746366100214,48.036841884,2.255079962654231,0.702900673893935,0.1969376979936642,0.5169296515450361,0.9998190209030856,0.0634668880472996,0.0801559611739566,1.6042784767940172,-16.94442889617195,0.46786128458042,0.3809758202204938,False,False,False,False,pachytene,37,off_axis,18.1561005418022,12.75
442,6.037965843438464,116.11268540410236,108.4786595898664,36.948349278,2.066183125631452,0.7092248111231033,0.1033672670321065,0.5941048034934497,0.9998898557109814,0.1071598099860911,0.1538209171391422,2.0355308859951573,-19.83831127428406,0.4683549626452938,0.1739882701238691,False,False,True,False,TZ,37,off_axis,21.92154792471907,12.75
49,1.5210234061995145,117.10374635552294,104.96708976593928,33.373383606,1.9972719850670504,0.6889013846910803,0.1042299129730823,0.5831450519656575,0.9998677773370356,0.169260258008705,0.2346987888597962,1.8183689033763957,-17.380614228906953,0.4689660472861628,0.1787375415803419,False,False,True,False,TZ,37,off_axis,18.60232419838284,12.75
564,7.206725954066732,124.49293520980667,99.97718427301147,54.33760159199999,2.349654201944513,0.7059229839405975,0.2087350447206412,0.4980916030534351,0.997977182619953,0.0195507614442132,0.0396036710229812,1.56374037895907,-8.539607376862298,0.4746298878398999,0.4190695916996781,False,False,False,False,pachytene,38,pre,10.143714447247708,12.75
50,1.874464689453428,120.95951237531489,104.8789932703836,35.275809564,2.034523887797104,0.6403777098018353,0.0273381294964029,0.613905325443787,1.0,0.077945435035499,0.090059316679364,1.5894529512013047,-13.893029036210672,0.4766330478687777,0.0445315073242611,False,False,False,False,pachytene,38,off_axis,16.171700037752373,12.75
52,1.982344257454968,125.59740612931836,98.15921263064487,39.72575043,2.116709051123269,0.6579864186595807,0.0543673469387755,0.6213743093922652,1.0,0.0903360878118798,0.1115954761106063,1.8237633877299704,-6.738363002872531,0.4775360871785006,0.0874953246650147,False,False,True,False,TZ,38,pre,8.016651896881706,12.75
51,1.7929793878825853,124.10532635227926,102.45510108681908,37.55590578,2.0774466380637464,0.7627732667083074,0.1264949402023919,0.5115850447604002,0.999898229187869,0.1396119017539344,0.268532713616003,1.686389134508763,-9.995092123090128,0.4785080512983997,0.2472608249555762,False,False,False,False,pachytene,38,pre,12.506289402644168,12.75
533,7.029519427402612,125.13934884969348,93.92834638036942,45.88341768,2.2208661430062917,0.7002556237218813,0.2600959111559818,0.4951390073341293,0.9994137189759624,0.0517675813133143,0.0841464610494221,1.6882824214051235,-5.254713695356649,0.4787300541598192,0.5252987692413095,False,False,False,False,pachytene,38,pre,5.266648390998831,12.75
53,2.076915821740173,125.74814890356198,93.08836569205536,29.845333494,1.9242549345274764,0.7262438104220703,0.0335738068812431,0.5661785816824576,0.9998653742595583,0.0831373595967003,0.1588080783740395,1.9472555816251889,-4.334385841550703,0.4793667908843893,0.0592989702674289,False,False,False,False,pachytene,38,pre,4.336170447347055,12.75
472,6.596791508352735,123.35072160303822,106.21076556902702,38.89534501799999,2.101856229834571,0.6807792051142874,0.1204719175805915,0.6121292272813149,0.9989928379588182,0.1686127414699322,0.2262818025999617,2.110586327787486,-12.350560102152011,0.4810195931838409,0.1968079814055774,False,False,True,False,TZ,38,off_axis,16.23530585256252,12.75
256,3.98047489729137,120.33555297681144,108.08738178399676,33.687717858,2.003522976331699,0.667711162175336,0.0742967992240543,0.6215423302598492,1.0,0.0811122283456302,0.1008130994888713,1.917630182582311,-15.886760230947036,0.4824846519574393,0.1195361854002653,False,False,True,False,TZ,38,off_axis,19.247843200565704,12.75
352,4.775381791964443,125.18102914072254,90.26393648816864,35.789534946,2.04435265816717,0.6683489545782264,0.1816270418890506,0.5288537549407115,0.9997259523157028,0.1118725885604791,0.130960440307812,2.073726030710772,-3.5776408228377155,0.4827210696186907,0.3434352884748117,False,False,False,False,pachytene,38,pre,4.607915072158951,12.75
353,5.366447368421203,127.35096627155,103.68144601292936,41.36075769599999,2.1453589129251,0.6732078039927405,0.1950265437272981,0.4963554321416175,0.99917782475922,0.087371864183671,0.1021278608918556,2.1382120914205567,-7.641338629737023,0.4876460013517469,0.3929171136212209,False,False,False,False,pachytene,39,pre,12.637908021519076,12.75
55,1.8814720038993848,129.49968705903814,94.7287556388237,38.50125431399999,2.0947333946421653,0.6340096265155669,0.2059484467944481,0.494589645413684,0.997439180537772,0.1426050788593871,0.126163185709309,1.956203371828467,-1.7134963324253087,0.4887160951478652,0.4164026657335072,False,False,False,False,pachytene,39,pre,3.473438993065733,12.75
257,3.2702327529466717,124.75291681924428,106.54922451983543,39.204987714,2.107419063242645,0.6853347693412314,0.1251039760439194,0.5385054192812322,0.9997701413630616,0.1141219580887723,0.1490015672037241,2.4012999870733074,-11.248052818516358,0.489255565975058,0.2323170233103715,False,False,False,False,pachytene,39,off_axis,16.063515651563417,12.75
57,2.895960591132919,129.7890007019692,100.58988025862246,38.09543471999999,2.0873475900925125,0.6552339901477833,0.1130999524790116,0.5311662796928023,0.9996108444675056,0.1198132005261446,0.1204072510854476,1.997073680502128,-4.077580559543895,0.4897189883056985,0.21292758370208,False,False,True,False,TZ,39,pre,9.3305169628088,12.75
54,1.963496511835933,128.33825092719357,89.56568856359226,39.34104283799999,2.1098540775740835,0.656788503965178,0.172869665181779,0.48453787352328,0.9973825415521528,0.1607778159418941,0.1828119112109816,1.8762760010717028,-0.4417162202330212,0.4911569839556556,0.3567722455311295,False,False,False,False,pachytene,39,pre,2.1612454321337515,12.75
486,6.537956698240565,131.0960386671171,98.53342955006669,41.604718608,2.149568684606701,0.6336829048263419,0.185022579026593,0.5173156841619209,0.996923865675468,0.1607023891128873,0.1324719768252794,1.948448570616448,-1.9884652740662017,0.4949897484647734,0.3576589395822002,False,False,False,False,pachytene,39,pre,7.409989401244376,12.75
337,5.035092889173621,127.64951905829363,86.94608452274194,36.61759458,2.059999275168076,0.6232543241511852,0.1600971151099686,0.5141982656010883,0.9902052238805972,0.057224024406263,0.0584402508605579,1.9548767008593817,0.11461475651256138,0.4951416961881903,0.3113528882148562,False,False,False,False,pachytene,39,early,4.7665063785910275,12.75
244,3.035430038510905,132.37844512195142,97.52181747967325,32.892499116,1.9876324914588568,0.6660248181429183,0.1137395912187736,0.5423873585308563,0.9995699541284404,0.1337589840642102,0.1600162505625914,1.8083190275716636,-0.38893588072925345,0.4981949828576524,0.2097017738887862,False,False,True,False,TZ,39,pre,6.818501611419087,12.75
58,1.974541863272282,132.6609756172498,91.9926796664098,42.754149828,2.169184813061765,0.6405684187424558,0.2515708899805781,0.4600824301633338,0.9990917347865576,0.0171543309013231,0.0115825373762192,1.6205506423046838,2.3379794426949445,0.5003494514637872,0.5467952555616348,False,False,False,False,pachytene,40,early,1.9891926125299986,12.75
503,6.697726311336493,131.02016262690262,86.93690875634432,44.363353536,2.196065316290662,0.6389593908629442,0.1764563985044023,0.5228471001757469,0.9968527800442942,0.1241823590803846,0.1199268281541452,1.685079427410615,3.1330446053105905,0.5036741227415509,0.3374913974756468,False,False,False,False,pachytene,40,early,3.266371881561116,12.75
56,2.04274736340032,131.5351683714022,86.83375650007842,44.262485082,2.194399663655764,0.6263182998569081,0.2099719887955182,0.4765281520351723,0.9961355146206364,0.0336406204828083,0.033613742188038,1.9821911938659296,3.6397676440579607,0.5037646492495784,0.4406287181539283,False,False,False,False,pachytene,40,early,3.1281580369472803,12.75
534,6.811591266021273,133.4982151527433,93.19760642383092,46.30331194199999,2.227620207584762,0.6903591873955115,0.2580723476571983,0.4816753926701571,0.9973753280839897,0.1403958981618226,0.1814465668515943,1.7453785284961538,2.5475155320273863,0.5082897829859986,0.535780634810053,False,False,False,False,pachytene,40,early,3.441402362466299,12.75
327,4.092002457002522,135.6120359705168,96.04675306511,38.18926584,2.0890599350688737,0.6994471744471744,0.1610082304526748,0.4708767627222562,0.998799807969275,0.0869269811162464,0.1303540958885265,1.889038870786289,3.1629047457838926,0.5085962502760184,0.3419328435785322,False,False,False,False,pachytene,40,early,6.935278597932667,12.75
60,1.9292622302564344,136.3877475483011,90.92587063608444,41.524962156,2.1481942280075472,0.6670432719466727,0.1793372319688109,0.4625042416016288,0.9989000244439012,0.0983882947774814,0.0876603354538231,1.903133137457104,6.148174119103346,0.5119702253279869,0.3877526211387276,False,False,False,False,pachytene,41,early,2.702864148409535,12.75
286,4.056574158325716,131.90577234417646,82.70715916173768,41.24816035199999,2.143410356982019,0.6268198362147407,0.1755245633873602,0.4762267601341055,0.9970743939816104,0.0489095939289426,0.0415891575623096,2.205246459485864,5.817818555263925,0.5133855215944236,0.3685734991833144,False,False,False,False,pachytene,41,early,6.652678873264159,12.75
59,2.170674395735287,135.64666646653984,84.93112342011139,45.322776738,2.2117835992676835,0.6736193778789918,0.2052930056710775,0.4359340310815097,0.9992307692307691,0.0410780794536788,0.0421943474380671,2.0618247904224347,8.168043671339795,0.5173502608356279,0.4709267711028792,False,False,False,False,pachytene,41,early,2.98979097421199,12.75
504,6.788761854116531,136.08223749002752,85.34530483913643,52.934826348,2.329258171774544,0.6808472923867765,0.2671957671957672,0.5081921688419884,0.9978742249778564,0.0508780210664871,0.057539160872645,1.7410078755105811,8.372225916188853,0.5195827927904231,0.5257770260502501,False,False,False,False,pachytene,41,early,2.4244786930291955,12.75
354,4.88456272791255,139.06839651973578,93.99783174461189,36.666855918,2.0609226277234423,0.641673597338622,0.140819144040497,0.5465095518657382,0.998877192982456,0.1010756496663299,0.1222076618398014,2.199362548363573,7.170762583514117,0.5208726643442665,0.2576700508888676,False,False,False,False,pachytene,41,early,6.649652310043381,12.75
61,1.9273703041144612,140.4761375773069,89.58085010477879,45.89514657,2.221055362240657,0.6518783542039356,0.1444542142946866,0.4917045955072676,0.9976316679824068,0.0572652391054847,0.0670624294280303,1.930265885869221,10.406257040684991,0.5248716644696084,0.2937825182326398,False,False,False,False,pachytene,42,early,3.329556331097799,12.75
424,5.877432307776142,136.3497999023281,80.09109094904886,43.23034276199999,2.1772085102651717,0.6083346898909328,0.2167118827997829,0.4803269603768357,0.99877099549365,0.1196817573838341,0.1047187318376295,2.179088587970333,10.962728871210876,0.5297789381791267,0.4511757629214978,False,False,False,False,pachytene,42,early,7.003523100685377,12.75
505,6.65618220281752,139.86732221722306,89.51436886618345,52.116149826,2.3171878263672454,0.7248053292523743,0.2422852893791052,0.47252208047105,0.9992657257077588,0.0265551636420236,0.0439605415452611,1.7318289988956066,9.891551098673105,0.5300661554085692,0.5127491378552611,False,False,False,False,pachytene,42,early,2.9976622350116493,12.75
62,1.9586260012323076,140.69161471041377,83.1709968576712,45.686372328,2.217682427193264,0.6845348120764017,0.1704023764515257,0.4773763020833333,0.998967901744246,0.1022383653274737,0.1456476396238065,1.978584857087791,13.467321611413615,0.5333794637009238,0.356956086231904,False,False,False,False,pachytene,42,early,2.3062694946510502,12.75
338,4.42571795014777,143.38805256231686,91.84762781464232,42.066836874,2.1574980707186384,0.6469079350917304,0.2508282063416942,0.5044219835754896,0.9981275745849456,0.0798082071685161,0.1032815220835838,2.1855075575911704,11.995977906746937,0.5344193066907568,0.4972586733110857,False,False,False,False,pachytene,42,early,6.659769182233137,12.75
204,2.633824161651051,138.0840481405859,78.92360171969061,43.65023702399999,2.1842348511754297,0.6413370593293207,0.2432248554257852,0.4649385675756667,0.9984861864513688,0.1189053906615156,0.1069653445691033,2.2534946439384376,13.036088613161212,0.5355170353850247,0.5231333177930036,False,False,False,False,pachytene,42,early,7.27152950551082,12.75
64,2.037108777653149,144.30827604241165,86.54725660107965,46.019472804,2.2230591070156605,0.6166275869099807,0.1921589688506981,0.4998005584363781,0.9981522542498152,0.0555742784212903,0.0368043654163189,1.963149053388831,15.864995237119405,0.539526119823834,0.3844712968146052,False,False,False,False,pachytene,43,early,1.9449422358459443,12.75
506,6.62518234165027,141.68275785028774,80.88119946737181,48.88601351999999,2.2682904870956624,0.6751439539347408,0.246270318414607,0.4831610044313146,0.9993091878022304,0.0895060768725698,0.0915511771509405,1.695096891191705,14.301891483296881,0.541057011999402,0.5097065287884102,False,False,False,False,pachytene,43,early,4.055934402912096,12.75
487,6.435954206717639,144.50616729668792,87.0719426017923,43.439117004,2.1807077137257123,0.695539475105303,0.2656941911956239,0.4953884356154664,0.998843444432762,0.1251803911827594,0.1578817198107825,1.7841037412156582,15.981582032262061,0.5444967829934679,0.5363350698034112,False,False,False,False,pachytene,43,early,2.493452825589872,12.75
258,3.2936121716335864,147.1275834406519,89.40285648754923,41.166058122,2.141987298299866,0.6422588181662773,0.1949217748140549,0.482956355527238,0.9990869962175558,0.0469156380162708,0.048214907539107,2.164486161946732,18.221918299507216,0.5452331525231957,0.4036012210694712,False,False,False,False,pachytene,43,early,5.192688930919584,12.75
63,2.035011845355111,143.80215277483828,79.25106204445825,46.537889742,2.231375664578227,0.644034477544231,0.1985928279618701,0.4800339847068819,1.0,0.0255441975783175,0.0142847389803758,2.028496382981116,16.463846724546073,0.548381489675697,0.4137057672763207,False,False,False,False,pachytene,43,early,5.34422730986073,12.75
367,4.7006381137789255,142.2103159636605,76.11462449708056,43.378126776,2.1796866359118905,0.6883517196625568,0.2312925170068027,0.4560124934929724,0.9987963672174198,0.016245492607765,0.0269565045907209,2.039678103339257,15.362693860405809,0.5512995437457677,0.5072065355822695,False,False,False,False,pachytene,44,early,8.684683460121805,12.75
467,6.027569839307971,149.13510803955637,87.53074273423978,47.44336005,2.2457544899021378,0.6864276885043263,0.3266086217880654,0.4362976978871019,0.9953237036267276,0.0671855154505798,0.0601934063004683,1.9331752804978808,20.48857096336232,0.556493796191507,0.7485912104734046,False,False,False,False,pachytene,44,early,3.6443832046576476,12.75
68,1.947512882532294,148.87449420549123,82.84266647386721,44.612006004,2.2001605884961117,0.6502786833526133,0.2376203576341128,0.4727108705457826,0.9992946984836018,0.0407557701394929,0.0519515734821011,1.944997765989957,20.937207308560193,0.557153911596873,0.5026758901477367,False,False,False,False,pachytene,44,early,1.0294486305009944,12.75
73,2.64159506499226,152.32176085591365,88.54508027098603,42.589945368,2.1664042112569457,0.6969596827495044,0.1902869757174392,0.470556161395856,0.999892055267703,0.0999352653347678,0.1416836520140594,2.0627127887591725,23.48603963827223,0.5611345610326497,0.4043873852442451,False,False,False,False,pachytene,44,early,5.127224515582075,12.75
535,6.761851954532277,148.30453976989097,81.91078990851167,50.76732747599999,2.2970224022334507,0.7201275298031605,0.27660336796847,0.4845633151725276,0.99958014946679,0.0771442324372994,0.1394224718853809,1.7841713264619607,20.514148569836795,0.5611490033910985,0.5708301873202805,False,False,False,False,pachytene,44,early,2.036555027714823,12.75
488,6.569273396072865,146.19996086561966,75.54604558830704,49.104170874,2.271659616914255,0.5799933119954139,0.2250330542089026,0.4856687898089172,0.9920687376074026,0.2008442310247871,0.1223703776929091,1.9621622796743825,19.392461862370197,0.5620126624271075,0.4633467476825929,False,False,False,False,pachytene,45,early,8.645718481297562,12.75
67,2.439091534755775,147.89393056729722,75.73245651853405,47.717816076,2.2500766691943963,0.6805132238717924,0.2741791378155014,0.4397599630712417,0.9990661963062876,0.064546386809194,0.0638484978282505,2.0212801220221563,21.03901414380026,0.5646034894323976,0.6234745334719887,False,False,False,False,pachytene,45,early,8.206232452364759,12.75
456,6.217593418574955,154.26270677966036,87.0148796610167,47.33310848399999,2.244013536822209,0.6877787689562891,0.2011159015977681,0.4646031746031746,0.9987003898830352,0.1155687529542581,0.1279510342394507,2.002101161929225,25.635363060250015,0.5694305166352218,0.4328767270467848,False,False,False,False,pachytene,45,early,3.906899225588801,12.75
72,1.8392853617609424,152.63224314480135,78.84655305004466,47.530153836,2.247123130973005,0.6661731319711776,0.143038135056379,0.513010053222945,0.9994914047401078,0.0282656314282975,0.0350705491319698,1.9805573156562035,25.25409657306237,0.5736000254625575,0.2788213099485153,False,False,False,False,pachytene,45,early,4.413834345068252,12.75
75,2.1091750883656277,154.99516219445283,85.0003389704776,47.11964268599999,2.240635055597532,0.6500721859909394,0.234647212543554,0.4599516289657134,0.9987609822031988,0.0533381674319236,0.0603581958746218,1.887135586513074,26.66295653702826,0.5745387110127411,0.5101562811533069,False,False,False,False,pachytene,46,early,2.0256983391921954,12.75
368,4.886349282011378,151.43897515938784,73.52637547518303,39.369192174,2.110357172455166,0.625990585711732,0.2273510585918267,0.4623227656523817,0.9980806142034548,0.0572807775336967,0.0583364135520741,2.148216105703644,24.875951868439415,0.5782406250434097,0.4917583028190544,False,False,False,False,pachytene,46,early,9.85306080619662,12.75
84,2.7524127284498494,158.29064576465112,88.32790196205461,47.10556801799999,2.240411940330376,0.6935411583088491,0.2178444331469242,0.4224894377640559,0.9996961102106968,0.0621648105277274,0.0933925712293509,2.2274049073370845,31.888633520238844,0.5790416834271159,0.5156210159946815,False,False,False,False,pachytene,46,early,5.687719222416112,12.75
522,6.590451097805089,153.11137530538693,78.14051656287312,58.76173889999999,2.4117669712403944,0.7237524950099801,0.2621027937726594,0.4495664739884393,0.9982367202997576,0.0231843750923359,0.036767539278303,1.806969772597508,25.834127168770678,0.5794686005551624,0.5830123217315344,False,False,False,False,pachytene,46,early,5.03962956442297,12.75
507,6.520192627034965,158.76392443540098,84.36109158502046,56.505100464,2.3804899229828336,0.7098140152773165,0.200228832951945,0.4781115879828326,0.9988364877443376,0.0959351954303317,0.1292239631292918,1.8399302577863084,31.27966822040561,0.58511994645211,0.4187910060844093,False,False,False,False,pachytene,46,early,1.7394615647737441,12.75
77,2.191477482222888,156.0550860837554,74.73774728470077,44.53459533,2.198887280142399,0.6977613905715039,0.1295509708737864,0.5066225165562914,0.9998015676158348,0.0554101661382208,0.0868037855472901,2.002802389645785,29.25687976010913,0.5892594101661028,0.2557149882606764,False,False,False,False,pachytene,47,early,7.960081003095098,12.75
370,4.9848327293733545,161.93613666299305,88.91419193319689,44.66595889799999,2.201047175019796,0.61966283283441,0.1884805020170327,0.4585749792874896,0.9968008531058384,0.0473168518198005,0.0415559772308567,2.1790529695109604,35.55770313751215,0.5908186461199482,0.4110134885899882,False,False,False,False,pachytene,47,early,5.273873884448161,12.75
85,1.8206770708283448,159.42648762064675,81.49518574790044,48.85082685,2.267746140905551,0.6851380552220888,0.2200547163078386,0.4567637639164252,0.9999023342123254,0.036553624679061,0.0572260649832123,1.9162251395152967,31.148572547213234,0.5914971591309047,0.4817692069550912,False,False,False,False,pachytene,47,early,1.1991129478346958,12.75
457,5.975717393556749,157.08952023723435,74.18092252149735,45.28759006799999,2.2112110729428545,0.6390759349425049,0.1836925960637301,0.509902411021814,0.9961650203370134,0.1124487759751661,0.1121309758070703,1.938521089797158,30.363395182888997,0.5945003122181024,0.3602504951793052,False,False,False,False,pachytene,47,early,8.354709250880973,12.75
96,1.8713838292260097,165.5473282287987,85.6330456482304,56.922648948,2.386339139041485,0.6924915519657133,0.1709810021108765,0.4454569820423479,0.9997525160864544,0.0275708611584748,0.048334290515535,1.9908921364228191,38.15553669155333,0.6023954759544894,0.3838328031742962,False,False,False,False,pachytene,48,mid,1.143754480146016,12.75
300,3.8519297110824313,160.77631783635263,73.46407208926334,43.518873456,2.182041528231593,0.658203967227253,0.2686274509803922,0.440151395678915,0.9986588636917824,0.0404280325724142,0.0430668555980126,2.1771222286857626,30.36522862101518,0.6034778988386268,0.6103069389705006,False,False,False,False,pachytene,48,early,9.29808045253128,12.75
508,6.53628090521098,161.50855665620242,78.05839155593071,58.255050852,2.404814926031829,0.7148667149875172,0.3317289543223858,0.4529021324671656,0.9987153328799214,0.0735514201093159,0.0817742365127007,1.7711660535080676,32.23162721477789,0.6046415388826598,0.7324517385584078,False,False,False,False,pachytene,48,early,5.06868118910437,12.75
509,6.537872029250213,165.63285186472055,85.53571617915743,64.1570283,2.4834297348886527,0.7144789762340036,0.2566396953831509,0.4503777692406198,0.9987725877940676,0.0914516503631108,0.1467376427463566,1.8370611266955936,38.21179351887886,0.6051798111971638,0.569832067457215,False,False,False,False,pachytene,48,mid,1.0270390688646212,12.75
92,2.0972702049583862,163.7103287702504,77.26338444911768,52.41875518799999,2.321663986482536,0.7315403204152868,0.246451450822761,0.4050675112518753,0.9986688851913478,0.0472853409866444,0.0845920627084829,2.0171298005453253,34.139166985955136,0.6095663531142114,0.608420680446808,False,False,False,False,pachytene,48,early,6.425563189670258,12.75
245,3.674625597450819,168.24008149230448,90.45796322357828,44.17099973999999,2.1928867656566986,0.6475836431226766,0.2726076948372246,0.4290235081374322,0.996292034266718,0.0403072600541319,0.0388581857543673,2.4090753644260112,42.044679340305855,0.6096667436087817,0.635414352982024,False,False,False,False,pachytene,48,mid,5.068715525134362,12.75
100,1.8457941260336743,171.06349911604954,85.9816665240934,49.359860676,2.275595704429409,0.6406235148750119,0.1597777777777778,0.4904787093361544,0.9998921484037964,0.0562345435349334,0.0570977056540267,2.056245929347303,43.56282158614164,0.6189637987024613,0.3257588448518619,False,False,False,False,pachytene,49,mid,0.0012118255583487632,12.75
458,6.164974646383924,166.50713130504693,74.0680145876714,43.94815083,2.1891927389313084,0.6762743528155858,0.2254150702426565,0.4738664468260511,0.9986709491638056,0.1333320080759139,0.1777001363990297,2.18909666781633,35.97553004262398,0.6220911833994153,0.4756932501815281,False,False,False,False,pachytene,49,early,10.254435568607061,12.75
103,2.2348739495799044,173.0986546577149,90.6388814972322,45.780203448,2.219199621637359,0.5995080959212953,0.23559902200489,0.458546571136131,0.9947368421052633,0.0702005290338074,0.0440332094283088,2.197401628352613,46.77348471096904,0.6248663733891451,0.5137951886133427,False,False,False,False,pachytene,50,mid,3.93873128109598,12.75
99,1.7064766095857808,169.99090941834453,79.31463897445832,49.040834868,2.2706825121984044,0.6498134506840141,0.2699441563621858,0.450211719710422,0.9994390216537642,0.0986671926689276,0.0843179492771749,2.121064649026779,40.739868161195496,0.6255555041523999,0.5995938011916149,False,False,False,False,pachytene,50,mid,6.1355935358695834,12.75
231,2.8312401804268905,168.4268031625408,74.78511567584209,46.284545718,2.22731922358102,0.6523237544979981,0.2576560978249107,0.4676384839650145,0.9983908045977012,0.1018191219814372,0.101748515661484,2.2723243379821305,38.017242654226166,0.6256881039042719,0.5509728276430448,False,False,False,False,pachytene,50,mid,10.07898294612969,12.75
511,6.539123236394762,172.45462178231543,86.59713839619772,65.17509595199999,2.4964968551298603,0.6880938669737979,0.3221214017521903,0.453611816293561,0.9984606362703417,0.0235776846740711,0.0241025074756203,1.812316402560969,45.06810356367775,0.6258746480262595,0.7101256849617097,False,False,False,False,pachytene,50,mid,0.2182285218148428,12.75
445,5.75225002685014,174.04395641177277,92.32139985500903,43.683077916,2.1847824941640366,0.6579851788207496,0.178299574248484,0.4726016643115088,0.998224852071006,0.1141790198670748,0.1041017111883375,2.162377930154959,48.13575346488542,0.6289712155293128,0.3772724213915598,False,False,False,False,pachytene,50,mid,5.305730649268497,12.75
510,6.559908481516389,171.30410425480147,78.94917415807069,58.44036731399999,2.407362230589135,0.7293782362621924,0.267731074182687,0.4778997330169089,0.9982183580387686,0.0213664551490719,0.0580284561393289,1.770457849993957,41.906754661590846,0.6312339469217296,0.5602243644133073,False,False,False,False,pachytene,50,mid,6.840165111871289,12.75
111,2.0178463369872444,177.81175954069502,92.74361631863454,47.293230258,2.24338316466012,0.6649471752393235,0.2372402890695574,0.4544781643227239,0.9976032247521516,0.0299961168622884,0.0463392681552566,2.0899148132103766,51.87860104069628,0.6395804372919438,0.52200591292015,False,False,False,False,pachytene,51,mid,4.7009999780441,12.75
112,2.0169416617560216,178.05472491160873,86.44118940777709,47.769423192,2.2508875342679007,0.6724120997839325,0.2132326925344969,0.4802878129216009,0.9983542480970994,0.0879423152763461,0.097792039009363,2.1056903169578534,50.420790470170864,0.6399720326628229,0.4439685680079991,False,False,False,False,pachytene,51,mid,1.4353185826751693,12.75
107,1.7631291373331264,176.83991442681037,81.9419967531792,44.649538452,2.2007774199532744,0.6150572659451508,0.1837121212121212,0.4641736044765934,0.9990581270182992,0.0894073779753989,0.0762356281886534,2.041685373475485,48.042781916593285,0.6400946523932594,0.3957832143843611,False,False,False,False,pachytene,51,mid,5.4432575014057765,12.75
105,2.299096547345832,174.8966301753195,77.42674653025348,48.03449610599999,2.255043254696569,0.6624017190018069,0.2293199554069119,0.4636192680457109,0.9989452589389304,0.0858731665977426,0.0817607990984012,2.043793104543422,44.95872772792561,0.6414119389494798,0.4946299069354079,False,False,False,False,pachytene,51,mid,9.271109120667493,12.75
384,5.301528261602208,174.01196512529617,75.53352405888471,41.750156844,2.152070531401001,0.6324867962692438,0.2469491135160028,0.4655251490597767,0.9964836353800378,0.0984878732882942,0.0824553684952052,2.2041865863956662,43.59830743891273,0.6423187088973059,0.5304742697892199,False,False,False,False,pachytene,51,mid,10.85735633156199,12.75
473,6.3084000160840175,179.0275339981507,89.00962263862786,58.33715308199999,2.405944144202409,0.7024005790341389,0.2970174772036474,0.443723821105256,0.996922591335911,0.0482449129432145,0.0455215922714636,1.9470309784675373,52.04737671939381,0.6468740687407047,0.6693746494470751,False,False,False,False,pachytene,51,mid,0.7776938334752669,12.75
288,3.811620612397356,179.7622605078409,96.31052407766902,47.11495113,2.240560688779057,0.6272840428180234,0.25401096163428,0.4559177130643868,0.9985109815113538,0.0412179961437476,0.0435578576516243,2.449203567100928,57.70744993546112,0.6506655173657033,0.5571421209476181,False,False,False,False,pachytene,52,mid,6.763192244062355,12.75
247,3.1519389017372563,180.38206970903263,78.96381156349173,43.615050354,2.1836477859288617,0.6328188027752379,0.2282387519782952,0.4693130218251062,0.9950942421895173,0.0903178809242567,0.0876152325378063,2.25840692821606,50.65544170128238,0.6545780275379994,0.4863252059162988,False,False,False,False,pachytene,52,mid,9.26300355538859,12.75
460,6.228781038375076,179.07840343809622,80.60189889303834,54.037342008,2.3453182867543254,0.6643948602187879,0.2470783015192832,0.4562152373560988,0.9959111606728,0.1300210963586288,0.1293747171964347,2.0170069894498432,49.839363750937,0.6550794672115153,0.5415827471067702,False,False,False,False,pachytene,52,mid,7.3350791211436865,12.75
121,1.5464419087136805,184.3929674533218,91.79772571057964,45.22659984,2.210217991072665,0.6374481327800829,0.2289023717595146,0.4708154506437768,0.9980099502487564,0.1465926296035117,0.121885851331916,2.05886125973498,58.45635406886697,0.6595608733339217,0.4861827950771825,False,False,False,False,pachytene,52,mid,0.3407364430546709,12.75
489,6.2715509355510175,184.78281994178624,91.2933200207891,56.4159609,2.3792374843351043,0.6660706860706861,0.2970678336980306,0.4468932885070352,0.9958416199602242,0.0323132898946192,0.0339911052038365,1.932407983725547,58.44091750996159,0.6613464256089248,0.6647399756001348,False,False,False,False,pachytene,53,mid,0.29657962869008025,12.75
123,1.5193473643560524,184.61675052616584,83.50085266943375,48.595137048,2.2637826859273518,0.6450569608032439,0.2337432263443101,0.4270365837073303,0.9963734206832008,0.1259778278418141,0.1039625530511088,2.228324054836522,54.16894681796921,0.6615781831282797,0.5473611284425836,False,False,False,False,pachytene,53,mid,6.2875842216823905,12.75
404,5.040045137866723,185.35246380630196,96.02387459523072,47.811647196,2.2515505350527136,0.6656363457953096,0.3107110346920197,0.4459280997798973,0.9987078712178312,0.0779449828962381,0.0918843847903916,1.9347657304478785,61.865725619106804,0.6658423736057582,0.6967738405482444,False,False,False,False,pachytene,53,mid,3.016022087436415,12.75
329,4.071406119027817,187.2456163453461,80.91793818105793,44.776210464,2.202856677622884,0.644907795473596,0.2830547916225936,0.4285925051637651,0.9958547921115438,0.0627960348115161,0.0671052945221769,2.2422623945861777,54.16894681796921,0.6721919128145075,0.6604287014175351,False,False,False,False,pachytene,53,mid,9.909051448378964,12.75
127,1.673857293709457,187.42427298234867,97.64403042691008,46.650487086,2.2331738023814607,0.6040629556997033,0.2184615384615384,0.5001270002540005,0.9971196648337262,0.0641425303080776,0.0532187716533535,2.045665021872633,64.49534926093389,0.6748429362534137,0.436812126421065,False,False,False,False,pachytene,54,mid,2.967260594226529,12.75
133,1.4353617733165671,189.8402069008751,91.80735603826732,44.87004158399999,2.204394341585562,0.6477415307402761,0.176182907445898,0.4652715939447907,0.99171469740634,0.1733232143117959,0.152837195163477,2.021567051423978,62.69047122796408,0.6758928216769311,0.3786668039459205,False,False,False,False,pachytene,54,mid,3.0863267640122234,12.75
474,6.058749322807552,187.07138601114744,84.51683889017693,60.619595076,2.436921131562631,0.6948378608466836,0.3181150021616947,0.4098402231803195,0.9967928159076332,0.0419157911317262,0.0580642436813398,1.935529456119612,55.94462153917834,0.677344316122213,0.7761927311408183,False,False,False,False,pachytene,54,mid,6.999320679456215,12.75
375,4.823634066743885,187.81508220864933,100.33573155595477,44.56509044399999,2.1993890624699186,0.6391725444783661,0.3115396203675806,0.4703136396790663,0.9917293233082708,0.0697733816639627,0.0609656211224681,1.911614882066914,66.4958321113967,0.6778220578032389,0.6624082188646915,False,False,False,False,pachytene,54,mid,4.810099486931567,12.75
134,1.523213694091612,190.81629959138627,85.975805847597,42.48203958,2.164573065007215,0.6384318056322473,0.2302809451040319,0.4384544899205864,0.9983722192078134,0.1680007541249736,0.1457970897761421,2.1810536308715407,59.77124628300058,0.6815879612425698,0.525210598586277,False,False,False,False,pachytene,54,mid,8.228102749747029,12.75
490,6.209723076923363,191.09314811360895,96.6879637775133,49.55456025,2.278583802017346,0.6758816568047337,0.2706646783127396,0.444866364831313,0.9955982392957184,0.0208057606624411,0.0277226414749988,1.882729793934544,66.74025192671377,0.6835165547012091,0.6084179423530297,False,False,False,False,pachytene,54,mid,0.08808229783049155,12.75
468,5.810636890634918,192.93583693342748,90.22505317667084,60.293531934,2.432544004054216,0.6782865813329184,0.3314738459050853,0.4010158423025758,0.9974924340683096,0.0189834496638714,0.0517872750111688,1.931629445272627,64.0955836988389,0.6860333226766414,0.8265854136879224,False,False,False,False,pachytene,54,mid,6.26630578728401,12.75
341,4.4815552788157085,193.29101374014044,84.98590369447776,50.858812818,2.2984013585207435,0.6556893132235597,0.2943567444938084,0.4251841929002009,0.9982582190289572,0.0349534767636752,0.0379952343230908,2.2504361132651183,61.06792996232978,0.6894125837487045,0.692304063530649,False,False,False,False,pachytene,55,mid,10.556777872334017,12.75
136,1.763356303202122,192.5471802026751,100.07988074179428,57.87034325999999,2.3995095515400933,0.7167815160113498,0.2631301413203966,0.389294403892944,0.998729251052339,0.0567120179974379,0.0922509954901252,2.025013365285306,70.00748140767082,0.6918488932762725,0.6759155505167687,False,False,False,False,pachytene,55,mid,1.627878519722253,12.75
314,4.210546915233427,190.67608767123176,104.12000929549824,45.550317204,2.2154788009214443,0.6543413327840149,0.2706726067586656,0.4752681764004767,0.999192152336988,0.0209933920026913,0.0283824542325779,2.245929922068302,71.10251527976642,0.6921610105471881,0.5695155287034996,False,False,False,False,pachytene,55,mid,5.9434928225347985,12.75
141,1.5493666134934834,195.10080878295864,94.03278340058284,49.997912292,2.28535894003737,0.6539832973632353,0.2400041220115416,0.4492203389830508,0.998495432563138,0.0857693925981465,0.0795866552957589,1.921155323595185,68.17680564715728,0.6930182732420991,0.5342681557003077,False,False,False,False,pachytene,55,mid,4.67585302913005,12.75
405,4.994102614507667,194.43418130528727,97.95192116178356,47.731890744,2.2502978721715583,0.6676331826223707,0.290420732347078,0.43279609640692,0.9949555872354424,0.0230590427893458,0.0405662894397576,1.8216475232054696,70.13043682898585,0.6936726050968036,0.6710336224336483,False,False,False,False,pachytene,55,mid,1.2135765828243876,12.75
305,3.792873279934042,196.9911717498474,90.52981948551866,45.686372328,2.217682427193264,0.6554734031628671,0.3435084629683984,0.4205663189269746,0.9962231968810916,0.092643168747923,0.1141773765216374,1.9588621389992615,67.43541671758085,0.698785817729067,0.8167759697087007,False,False,False,False,pachytene,56,mid,8.586680408589263,12.75
148,1.506472060938573,196.76332594683896,88.00073905076499,44.037290394,2.1906718447647013,0.5738560698876045,0.1815856777493606,0.45725,0.9830100977720788,0.170294772957531,0.1049341120430897,2.291096589924161,65.66395696965616,0.6995765316893202,0.3971255937656875,False,False,False,False,pachytene,56,mid,10.40604620932449,12.75
144,1.859591575677333,195.24074537438676,104.49072846178552,51.346734642,2.305728000503353,0.6079766092557906,0.2512869732135067,0.4564736044750029,0.9945658736867528,0.1202392912451248,0.1119925689544286,2.089321357267665,75.4207537809111,0.7048318908918512,0.5504961749157776,False,False,False,False,pachytene,56,late,2.8675541605633494,12.75
429,5.514068370517832,197.5736154784529,100.4111495013691,50.572627902,2.294082176337552,0.6317547196066609,0.2919825202889503,0.4574883486585212,0.9972209871053802,0.0580320860728607,0.0549123698963408,1.850948595656973,73.86945349732095,0.705728020644422,0.6382294131536279,False,False,False,False,pachytene,56,late,1.5685155916893099,12.75
461,5.971354026090974,199.078487435895,94.0929205128222,52.14664494,2.3176396960796297,0.6645524066576698,0.2745403249343321,0.4584953734745876,0.9966316623736874,0.0549890877340545,0.0511910999436021,1.924545898663219,71.30212229132387,0.7077979690221117,0.5987853767286676,False,False,False,False,pachytene,56,mid,7.1371412714920455,12.75
154,1.6279780876493848,200.79963945717165,92.92630801792748,47.10322224,2.2403747501318314,0.5864541832669323,0.2087660790852786,0.4556840077071291,0.992283509574164,0.1168416764707856,0.0741463285396264,2.328366005711208,71.90248756414655,0.7104215696839603,0.4581378226015206,False,False,False,False,pachytene,56,mid,9.127847310257613,12.75
342,4.3924903148903125,197.5040431111551,104.3391590642704,47.229894252,2.242381256602989,0.6395649150690375,0.2527031201729997,0.4573515226677691,0.9959245458779692,0.0800405513509082,0.0696494118683075,1.8408144164039284,76.79003658779835,0.7126461443450312,0.5525358671574144,False,False,False,False,pachytene,57,late,1.0590867092978453,12.75
152,1.387584637268791,200.1269137297308,98.561214162161,41.22704835,2.143044608094255,0.6554765291607396,0.214859958506224,0.4477291494632535,0.9998723186925434,0.1576809260148125,0.1450667016842218,2.1164323761018484,74.1463485225148,0.7133033969117863,0.479888251108516,False,False,False,False,pachytene,57,late,4.70936290798036,12.75
142,1.895355203518402,195.42285673831904,110.19551002109226,52.270971174,2.319480113134751,0.6127541174886685,0.2034524139204283,0.4549774017846795,0.9987265570733966,0.1074841125240856,0.095022341885951,2.353601297795653,79.84804132611883,0.7162917299286484,0.4471703718082975,False,False,False,False,pachytene,57,late,6.469889816818603,12.75
475,6.227506117539447,196.1067841607551,111.71614160756616,56.55905335799999,2.381247338173991,0.6663763427481233,0.3032481593763534,0.4518896071606166,0.99755832881172,0.031954749115636,0.0411371269506889,2.0812952140255425,81.44468805416565,0.7207971932832236,0.6710669034452234,False,False,False,False,pachytene,57,late,6.950302521437804,12.75
343,4.424400692735346,204.49736888159424,93.98319112660757,51.471060876,2.3075874593741674,0.7093245829915231,0.3141935483870968,0.445123863280025,0.9990982054288032,0.0624495184186291,0.0975453905512037,2.051532342438668,73.55442319509311,0.722474515861221,0.7058564464997898,False,False,False,False,pachytene,57,mid,11.010854600846773,12.75
155,1.5253555251237392,201.34030411355948,104.87647990624784,44.53694110799999,2.1989258869139525,0.6459496471083956,0.2878482890136666,0.4288902112466528,0.9974381964903292,0.1521846583700754,0.13075822608803,2.0172795550807963,79.71070675201504,0.7231797004573154,0.6711467911029717,False,False,False,False,pachytene,57,late,1.4855739670294255,12.75
462,5.552289733612461,202.32107543079653,103.98735202035186,54.860710086,2.357170180651229,0.7252319664771026,0.3200719500581949,0.4253034547152194,0.99960210090721,0.0653201544845437,0.1019233928946409,1.81361637883714,79.68225114523425,0.7235451044944358,0.7525731251642739,False,False,False,False,pachytene,57,late,2.8090735146815757,12.75
157,1.7790368771203362,205.36733795655869,97.5510210159906,53.24212326599999,2.33375674286571,0.6076573996563422,0.2719914977109221,0.437170129140932,0.9951853635050554,0.1120409048902532,0.0788042766769711,2.190573662382288,76.81895111753265,0.7293441596760007,0.6221639576459701,False,False,False,False,pachytene,58,late,9.328857646455369,12.75
406,5.669887013402621,205.9822057774112,98.73946464937562,51.281052858,2.304744432931518,0.6505191894240885,0.2921993700203816,0.4611256544502617,0.9985355648535564,0.047189463008946,0.030602228594772,2.062522123495711,78.11947678796729,0.7314309591088892,0.6336653951052273,False,False,False,False,pachytene,58,late,9.014066148168235,12.75
153,2.104062486734239,199.898592528763,113.21399354332074,55.259492346,2.362867817392611,0.6586152735917137,0.2608455882352941,0.4289977617508083,0.9934865900383142,0.1567830390144862,0.1472204228983002,2.118500265490996,85.06155089382202,0.732486149823088,0.6080348465473145,False,False,False,False,pachytene,58,late,5.068900299622537,12.75
446,5.193587250753479,204.4382308246549,107.74890416332858,61.52741116199999,2.449025709127341,0.7046399023981089,0.3116836961350511,0.4261004259713437,0.9987035766033708,0.0385002798886516,0.0659784241517935,1.890619203357326,83.91067792520663,0.7359331199156908,0.731479428645332,False,False,False,False,pachytene,58,late,1.9418777740966513,12.75
386,5.295031946798914,201.4149155822157,113.63226514538948,53.96931444599999,2.3443337004356355,0.6467596818359629,0.3282915943466402,0.446167097329888,0.997059419995944,0.1331686554833767,0.1390470926403181,1.9968848003757245,86.3714522874146,0.737943053572805,0.7358041332749987,False,False,False,False,pachytene,59,late,4.198070193003867,12.75
159,1.410660636407662,207.41134005815144,102.47209203682696,43.568134794,2.182864540901779,0.6122866526678512,0.2253657487091221,0.4568809887515623,0.9963549698584044,0.1503142319533224,0.1196966471628073,2.1992557906554184,81.87501881666861,0.7380871120368347,0.4932701387399358,False,False,False,False,pachytene,59,late,7.646281049332624,12.75
158,1.6718567369041315,205.94110482547825,109.55395965899844,43.75110547799999,2.1859160249574514,0.6707951316283309,0.2049721610773015,0.4802931596091205,0.9988717138666364,0.1588566460176599,0.1637175885478624,2.078083531891167,86.25897687037309,0.7428515930744644,0.4267646893911941,False,False,False,False,pachytene,59,late,1.8934250246511695,12.75
387,4.669097268935778,209.6795139243906,104.81494883627197,52.308503622,2.320035137186596,0.6317772097403471,0.2715578424414478,0.4593837535014005,0.9950065132435952,0.0299882989111172,0.0230336231944346,1.8516682903520345,85.1311361659793,0.7458989951998402,0.5911350594609567,False,False,False,False,pachytene,59,late,7.823172195843345,12.75
156,2.100545549012821,201.6920051394215,117.90659825944005,54.178088688,2.347352741527724,0.7015500519570488,0.2376686573766865,0.4137530828376614,0.997624494105226,0.0566213241088556,0.0838005522674875,2.182016144201812,89.78081713478136,0.746087903107155,0.5744214780145512,False,False,False,False,pachytene,59,late,6.790932227536672,12.75
278,3.5768965856536905,211.248772640957,100.02351643215736,47.680283628,2.2494865818585823,0.6863622945980518,0.3059335873707131,0.3894901960784314,0.997223705285638,0.0146951026641336,0.0211039269050922,2.2124148299417272,82.54169086690321,0.7488494763551223,0.7854718564189673,False,False,False,False,pachytene,60,late,12.149275574845278,12.75
447,5.369614127435489,206.3398657087068,114.04834994693636,55.259492346,2.362867817392611,0.7106592520269983,0.2501650165016501,0.442781690140845,0.995997059063802,0.0758648451781773,0.1011107795905942,1.9096251037632683,89.9142788810683,0.7527602584060319,0.5649850074470667,False,False,False,False,pachytene,60,late,0.7518200515017869,12.75
160,1.229422542703435,208.2440651397826,113.96686999231645,39.688217982,2.11604222667193,0.661977658254034,0.2576583592938732,0.3953488372093023,0.9990379329301814,0.1399044788187025,0.1261232736056983,2.237758302457872,91.10107666996363,0.7577404123055442,0.6517240852727383,False,False,False,False,pachytene,60,late,0.73953016376872,12.75
164,2.0742163465535013,213.0617542654083,106.0125305687226,56.425344012,2.3793693820809927,0.6856240126382307,0.3166455810590999,0.4244908754297805,0.998046875,0.0850908861176893,0.1153341661200792,1.985184583666325,88.25275487925464,0.7581736155611769,0.7459420199280105,False,False,False,False,pachytene,60,late,9.592140352491807,12.75
316,3.811135488274383,205.2330144800351,119.84676214713984,48.114252558,2.256290655433503,0.7229291599629467,0.197202994773273,0.4538096076016188,0.9988244868432952,0.1101493099328595,0.1671723747733618,2.0493704326871747,93.56727181715179,0.75850882238316,0.4345500656442462,False,False,False,False,pachytene,60,late,5.388882299822882,12.75
448,5.488505283536157,212.4805683431508,109.23188930789276,58.16121973199999,2.4035230910616194,0.6816165201258368,0.3247797451030707,0.4456549277932607,0.9918858899897506,0.0751162616315838,0.0748518744534582,1.9871401624219909,90.30281233071041,0.7604630242635029,0.7287695587958045,False,False,False,False,pachytene,60,late,7.0427654853072506,12.75
161,1.2950395469192193,209.12069582560204,120.91736243042462,48.04622499599999,2.255226782535674,0.6684405819744166,0.2933402705515088,0.4056839935208364,0.9976658886295432,0.1245396371599959,0.115858306066283,2.141256389167757,97.64954998028841,0.7702363681416605,0.723075781239672,False,False,False,False,pachytene,61,late,2.447816194395495,12.75
407,4.823728660871223,211.96215408765943,116.75434649790628,52.078617378,2.316631436982582,0.6798792847169046,0.2781107160995429,0.4706627268889827,0.9965407629020194,0.0376559454112886,0.0463882562992205,1.8531108237984888,95.16971666924391,0.7715353770176331,0.5908917367173249,False,False,False,False,pachytene,61,late,1.940237298766328,12.75
357,4.575077301029093,215.7207373967548,112.34371529925107,55.381472802,2.364605147126519,0.6623321614638485,0.3250359834053001,0.4594831911690918,0.9963249151903506,0.0736741843269097,0.0702995951187303,1.928548168530948,94.55517020208079,0.7742050527583554,0.7073947200947456,False,False,False,False,pachytene,62,late,7.452835130393192,12.75
169,1.2156357291607944,216.88193841954387,110.8883498846186,41.677437726,2.150820335544557,0.6552597512241797,0.278052805280528,0.4269387755102041,0.9942390139335476,0.1190733251201236,0.1036035904904882,2.222241254780198,94.43905401292088,0.7759189166741361,0.6512709110299174,False,False,False,False,pachytene,62,late,9.280493113496222,12.75
331,4.355604543058619,220.22338158335972,109.2420444385846,48.94934952599999,2.269269652375504,0.6698135812526956,0.2907144327774346,0.4063860667634252,0.996302740321879,0.0694330203554044,0.0873546314640775,2.205252856227772,94.55517020208079,0.780190900726962,0.7153651577987586,False,False,False,False,pachytene,62,off_axis,12.909794665972848,12.75
162,1.3199287443474843,210.3536875576698,128.18170440323345,51.356117754,2.305868441672588,0.7255743845064633,0.2794435116334852,0.4132822902796271,0.9993011269328208,0.080845912582909,0.0985459427280685,2.034570745284879,104.71146101992495,0.7864397990447012,0.6761565114353522,False,False,False,False,pachytene,63,late,4.550277936620359,12.75
167,1.2781398226438228,216.52172315426077,119.88682134976231,45.498710088,2.2146417948378643,0.6734893792534543,0.2967240421987784,0.4373914416548239,0.9974157303370786,0.1430626400893558,0.1414809295304218,2.1710377669216605,99.99401682199156,0.7882462525263366,0.6783947145288317,False,False,False,False,pachytene,63,late,4.6473015401202815,12.75
176,2.0896877877291367,222.93815619821265,114.59710517702896,56.05001953199999,2.374082024010446,0.6878295806478614,0.3146191307543875,0.3912052553961657,0.9972456849063532,0.0227819928480603,0.0140813227157948,2.1541095608813308,98.08241433472156,0.7971388170063302,0.8042303277234327,False,False,False,False,pachytene,63,late,12.740353259110947,12.75
165,0.629960981047895,213.41382788461465,132.0549771739134,16.833302928,1.589864979942129,0.7873467112597548,0.2289034866093986,0.3872870249017038,0.9988801791713324,0.0756396061887046,0.1774644481457931,1.9969353456014631,109.53808073667783,0.8013804824809532,0.591043520416146,False,False,False,False,pachytene,64,late,3.515655838201246,12.75
172,1.745592249432839,220.20966135865137,122.20988195763304,61.016031558,2.442221871235396,0.6814040213755719,0.2374861980125138,0.4498612284300712,0.9959644210179542,0.076891756146726,0.0624707873825324,1.9148551988888929,103.70714149136924,0.801386458984275,0.5279099042193406,False,False,False,False,pachytene,64,late,6.9298886637375725,12.75
168,1.2859373702134544,216.89000993022543,131.21494502865525,56.48164268399999,2.380160461644585,0.715092615665753,0.2154620311070448,0.4775510204081633,0.9994638480392156,0.1409759501707826,0.2312801098608228,2.0066893136262998,110.3198628779932,0.8080400960702495,0.4511811762497948,False,False,False,False,pachytene,64,late,0.025911964674978617,12.75
430,5.874332898570984,223.4226312971264,122.09143376744252,239.201328438,3.8508652853035383,0.6324837453785881,0.2341834232466895,0.5672697192870103,0.9992270410294978,0.0592265882975028,0.068011036581974,1.184286666085854,105.02004143157214,0.8095622111142592,0.4128255312852409,True,False,False,False,pachytene,64,late,9.864765074477717,12.75
431,5.272072072072038,228.30361303088927,120.59689353281796,7.290678023999999,1.2028914461075515,0.5694980694980696,0.0,0.1337817638266068,0.9321766561514196,0.2564643860549464,0.2749224659767871,1.061035408399881,105.83512244863435,0.8193611151088636,0.0,False,False,False,True,post,65,off_axis,14.903939226445795,12.75
409,5.054725969011723,229.9148504487776,119.65762513162532,46.781850654,2.235267976673793,0.655167226595798,0.2621244635193133,0.4326014250399884,0.9997811097734486,0.0712813488114312,0.1082196898029555,1.1534043715628226,105.70412834130325,0.8220909537853044,0.6059260287806109,False,False,False,False,pachytene,65,off_axis,16.76435630068666,12.75
163,1.3141952763574234,211.12595843681777,140.50377894813747,48.17055123,2.257170343872136,0.6722668614560506,0.269193180584211,0.4332838038632987,0.9983034672887288,0.0948616263449054,0.1071750099408786,2.190062586941275,116.10748264853729,0.8234486615602185,0.6212860443524486,False,False,False,False,pachytene,66,post,10.839775655141885,12.75
174,0.6728359760852197,220.76007691707787,135.53207300493926,18.048415932,1.6272345640966004,0.7420067585131271,0.1957050243111832,0.3843828715365239,0.9918736939865336,0.1773585854094893,0.2858301795528744,1.6871490690719162,115.90243730061061,0.8246797370447232,0.5091408561699851,False,False,False,False,pachytene,66,post,5.580063100194124,12.75
317,4.15860540947263,212.70342748213213,141.40527402700715,56.11335553799999,2.3749759176738,0.7051126625141089,0.3483602771362586,0.4136660051034874,0.99698568198945,0.0431242896780403,0.0564525846131718,1.8432451909971213,117.61303804101507,0.8275888295410186,0.8421293334198657,False,False,False,False,pachytene,66,post,10.892753334541204,12.75
215,0.4665215024496436,225.2074033750673,130.256306913447,4.309194185999999,1.0094910788245053,0.5519869352204682,0.0,0.393681652490887,0.5896946564885496,0.8100820106405542,0.0512569532252805,1.218235028545273,113.13359687695254,0.8300377912616443,0.0,False,False,False,True,post,66,post,8.27680227924975,12.75
175,2.888142002700904,222.5619327609532,137.8348789349806,60.79083686999999,2.4392136269235336,0.7319699016013892,0.2961799574424967,0.3789231212208465,0.9950132003520094,0.0438940750754864,0.074630263335373,1.835634832681433,118.7643085482345,0.8345161976397606,0.7816360123083519,False,False,False,False,pachytene,66,post,8.49891900714452,12.75
181,1.6135037059912256,227.91250860870537,133.1189785515758,60.76503331199999,2.4388684581395474,0.6980775169857937,0.2813562436828081,0.4224523718194604,0.9962519936204148,0.0840767883685575,0.0983582092396827,1.8311311432562376,116.896723771387,0.8415846101958696,0.6660070162963808,False,False,False,False,pachytene,67,post,11.037190821204117,12.75
344,4.146275903927674,215.4079957166385,146.4044671334421,54.10771534799999,2.3463359551484406,0.7334171507847047,0.2539432176656151,0.4260855423646121,0.9972845619359476,0.0369471408101245,0.0586322668186173,1.821678952246362,123.2927358550538,0.8446267805474205,0.5959911623762852,False,False,False,False,pachytene,67,off_axis,15.089746574493969,12.75
171,1.91450555087373,219.9798345583107,143.06622847250188,64.02331895399999,2.4817033004306923,0.7430843073315503,0.2269871017528387,0.4478037649743297,0.9982256020278834,0.0277698669415021,0.0388572756395506,1.7294798948941208,122.31717050598715,0.8448010964920061,0.5068896679907342,False,False,False,False,pachytene,67,post,12.038305697910728,12.75
182,1.4941074444292255,232.2494809941153,138.091185156785,51.393650202,2.3064300353482943,0.6429321283490803,0.2786537574919318,0.4080276108909625,0.9967849223946784,0.0941807006929758,0.0870584555157294,2.171450890321484,123.27324242359178,0.8584884941240944,0.682928679467225,False,False,False,False,pachytene,68,off_axis,16.643729743431344,12.75
178,1.5793008152549388,225.75269932292144,146.26471439823234,50.92918615799999,2.299460969273643,0.7772557689650408,0.1408775981524249,0.4600909842845326,0.999703308114523,0.0586612491410522,0.1147338058372425,1.9901320114362189,127.73660548234258,0.8602661267743794,0.3061950852427537,False,False,False,False,pachytene,68,off_axis,17.24513048927224,12.75
166,2.094355791962152,216.003304550828,151.92786344562683,47.628676512,2.248674705930056,0.6641548463356974,0.2760377959443677,0.4424402405044728,0.9973288814691152,0.0567775948301109,0.0707160878803781,2.117323057040492,128.5110705501359,0.8607569995842704,0.6238984854307735,False,False,False,False,pachytene,68,off_axis,20.55253301590063,12.75
408,5.107134004263459,219.6918036587204,152.56521293440656,47.316688038,2.243754014709799,0.738832978037777,0.1902858899477405,0.4400151860288535,0.9974111765756116,0.0262010907060127,0.0419203052981522,1.8744923926197727,130.71208524526958,0.8671615607648494,0.4324530061452533,False,False,False,False,pachytene,69,off_axis,21.334439515082103,12.75
432,5.431044776119166,229.43677580791612,147.60538951330258,54.22265846999999,2.347996250903736,0.7332035474799914,0.2975281922770247,0.394032754986217,0.9953510740621996,0.0254855512997859,0.0418596142952553,1.880317415321588,130.56666446943441,0.871129960047872,0.7550849225400871,False,False,False,False,pachytene,69,off_axis,20.421542700248352,12.75
318,4.008288444147351,236.06981741438577,142.7906863287858,59.66017187399999,2.423996361620574,0.7307042032005662,0.2854460093896713,0.4234194772959556,0.9975770925110132,0.0410365117807348,0.0568943662501635,1.947002422458774,129.17690198042885,0.8777767404076757,0.6741447304516756,False,False,False,False,pachytene,70,off_axis,22.204152199769098,12.75
173,1.7907943076727395,221.05795745956735,155.67733755331915,55.550368818,2.3670064741916037,0.7199442591106795,0.2186616399622997,0.4333534378769602,0.9997624515005148,0.0564090150139227,0.0788458567758368,2.0237317517411952,134.1075979310611,0.877933168166679,0.5045803744711105,False,False,False,False,pachytene,70,off_axis,24.612498415891608,12.75
177,1.988522900201256,225.0350766285429,159.60247183741495,47.785843638,2.2511454143130365,0.7677580874772961,0.186694172253739,0.3916719509617417,0.9989022124641108,0.049158117083489,0.1081941600664476,2.000660645114281,139.38577499559312,0.8946936945705181,0.4766595407082782,False,False,False,False,pachytene,71,off_axis,29.32202708944538,12.75
185,1.5325196455441146,240.851282565621,146.85949432787012,56.120392872,2.3750751976637856,0.7003427520481524,0.2201675187642772,0.4343702050495188,0.9968123479573862,0.1001946459345691,0.1148203138501517,2.079958359712746,134.9392570272202,0.8953081936552821,0.5068660700131995,False,False,False,False,pachytene,71,off_axis,28.414832733050407,12.75
306,4.783766098155767,235.3645638774809,154.95122456666266,101.09130291,2.889848407121295,0.711033762617473,0.2846392463235294,0.4671163575042159,0.9996909219357116,0.0578989042079781,0.0862939153977587,2.116985212000632,139.77537737820916,0.899491383541223,0.6093540544038013,True,False,False,False,pachytene,72,off_axis,29.858837782504214,12.75
449,5.569079196665058,231.31212307218752,158.70646317260085,49.524065136,2.2781163043017187,0.7338480485032209,0.3289945068067829,0.393308417867948,0.9967314487632508,0.0436000823867617,0.0714576924402115,1.899294506292845,141.3544775321395,0.9048803275898518,0.8364796985281959,False,False,False,False,pachytene,72,off_axis,30.825211359674483,12.75
179,1.3085576491700042,226.18678499326785,164.1739875672924,41.829913296,2.1534400458469056,0.6906684611933602,0.2218930737762731,0.4456127628716461,0.9986197377501724,0.1041555196770807,0.1162868492562015,1.9143488930996668,143.995879012008,0.9077180725951411,0.4979504454637601,False,False,False,False,pachytene,72,off_axis,34.03450666417396,12.75
187,1.5571697605595605,243.5136863196155,154.48833292978316,52.31554095599999,2.320139174636833,0.6807909604519774,0.2277904328018223,0.4759095378564405,0.9960604070912672,0.1280775793232775,0.1475459973614332,1.9666520827951512,142.95955157740417,0.9195147435125348,0.4786422937178787,False,False,False,False,pachytene,73,off_axis,35.14991473681099,12.75
180,1.7066888117167534,226.90512464139988,168.74782296542628,46.60826308199999,2.2324998401246323,0.7335547838341134,0.1397465063373415,0.4603324518322629,0.9976502485314054,0.095819908389213,0.1450334953574323,1.7786208131204042,148.4166453949763,0.9208555234474678,0.3035773510668387,False,False,False,False,pachytene,73,off_axis,38.63642545481739,12.75
389,5.195908809755304,244.94937912432823,155.30873130246775,53.094339252,2.3315954745805385,0.7121586993019351,0.2625919637804188,0.4202609363008442,0.9968952134540752,0.0691407801933002,0.1052158572719244,1.930182438566619,144.32972750439015,0.9230527995020262,0.624830768454868,False,False,False,False,pachytene,73,off_axis,36.772766259101985,12.75
186,1.2496415559995002,240.83772836996025,164.6487738277091,39.920450004,2.12016147925118,0.685626983194265,0.2111471542317899,0.48,0.998089552238806,0.1121169068069561,0.1289603198407931,2.019207335974591,150.8931543569745,0.9345115215541026,0.4398899046495624,False,False,False,False,pachytene,74,off_axis,40.90527594722669,12.75
290,3.4578470312659766,235.6272037274738,168.45512415215828,46.066388364,2.223814299215279,0.7063346572970771,0.2535594097851411,0.4355817582798682,0.9983972753681258,0.0184328438742256,0.0228070077088228,1.672040560823788,152.0065849810814,0.9363073324789084,0.5821166863976548,False,False,False,False,pachytene,75,off_axis,41.469054734369436,12.75
332,3.8031440781439967,226.7427445970681,174.98714652014706,15.369537455999998,1.5423776714665351,0.5877594627594628,0.0479379626365878,0.5153646797482414,0.9768934531450578,0.1216695219180556,0.0688572339866301,1.42545188145402,153.94261274293424,0.9405919436623976,0.0930175553745861,False,False,False,False,pachytene,75,off_axis,44.66056044386956,12.75
189,2.6095576105974905,247.94066658835453,166.93991065734193,46.92728888999999,2.237581958966879,0.6555861034741315,0.2679558011049724,0.4352685050798258,0.997052929388188,0.025839739633754,0.0543876986234091,2.1485336817302354,156.08604205905857,0.9519801856366972,0.6156103599910837,False,False,False,False,pachytene,76,off_axis,47.11466210355114,12.75
183,1.1577085196065404,236.90093114063063,176.6917819964198,36.730191924,2.0621085809039448,0.7194405415761911,0.2098920863309352,0.4780332346915547,0.998458071403155,0.1046613325095059,0.1850764393746476,1.9844738237603767,159.958814822006,0.9591640628971068,0.4390742548818088,False,False,False,False,pachytene,76,off_axis,49.467106829210515,12.75
188,2.244257758450329,244.98065829215685,171.87746255188182,47.469163608,2.2461615574289144,0.7401166238387034,0.1794351692931814,0.4595930785320403,0.9986990459670424,0.0423488905685191,0.0988529849317222,1.878328373914377,159.20839692112827,0.9596638798829992,0.3904218267740345,False,False,False,False,pachytene,76,off_axis,49.201450181225326,12.75
333,4.287889013873273,238.0176548931367,184.3854401574777,12.512379852,1.4401810881659092,0.6139857517810274,0.128281117696867,0.4230208839242351,0.711276332094176,1.2455549666493104,0.4392330394736259,1.0479760406976493,167.35453697073484,0.9788790745333982,0.3032500819033859,False,False,False,False,pachytene,78,off_axis,56.99805639485244,12.75
388,4.450182112505063,239.196613112098,183.44516685552205,5.796417438,1.1143552966858776,0.4042897612302711,0.0,0.4979619565217391,0.6265306122448979,1.053212933052,0.0960196328992845,1.0620276463727472,167.03170378891355,0.9825931674669904,0.0,False,False,False,True,post,78,off_axis,56.57689629526393,12.75
184,1.9676646706587175,238.77992874251413,186.7847164670652,14.886307187999998,1.5260407207701856,0.5594075007878979,0.0092133238837703,0.6083690987124464,0.9820051413881749,0.1339930326193002,0.090189619187281,1.3353034844161769,169.8437750101407,0.9855927147504354,0.0151442995761446,False,False,False,True,post,79,off_axis,59.50963464508371,12.75
279,2.6980325064157915,240.68403007699132,187.04345697177004,13.711072409999998,1.48477599794226,0.4061591103507271,0.0424827586206896,0.6378565254969749,0.854045037531276,0.4852920560575033,0.1307250057834821,1.5545509373850686,170.9169480753033,0.99112969577765,0.0666023736099429,False,False,False,False,pachytene,79,off_axis,60.47027372069283,12.75
450,6.723463374310828,244.5658722594106,187.45289070823245,175.93804155599997,3.4760849497674213,0.6060905042532199,0.2031287929871881,0.6526536691037097,0.9932881971921804,0.2701680454327873,0.2784581572286715,1.5797145291284809,172.99888472268987,0.9999999999999992,0.3112351965570732,True,False,False,False,pachytene,80,off_axis,62.46000842720089,12.75
