nucleus_id,cz,cy,cx,vol_env,r_eq,gap,gap_int,thick,void_big,void_off,offset,syp_io,s_um,s_norm,score,merged,mitotic,crescent,post,cls,row,zone,r_um,off_axis_cut_um
385,5.246633165829222,32.93507762562877,150.02057498743778,18.67239288,1.6457749805105424,0.6351758793969849,0.2441436751691826,0.409435261707989,0.9841217333774396,0.0835472420905688,0.0674664534350631,2.0081298450257457,163.7079312694553,0.0,0.5962937196730921,False,False,False,False,pachytene,0,off_axis,105.61214105617833,9.13
347,4.537000273199196,29.79702744740797,149.4525304890273,25.758988218,1.832089688461421,0.5564156269920773,0.1401588702559576,0.4399507288031205,0.952810339645326,0.3568502143795122,0.1588394369520475,1.9903305588709537,164.24458003419272,0.0092891727544638,0.3185785613704011,False,False,True,False,TZ,0,off_axis,108.27760036639016,9.13
561,7.776046140630605,34.32973113265405,147.87776918640475,19.115744922,1.658698833129827,0.6313658117560437,0.2558830814961605,0.3728362183754993,0.982280173854898,0.0502324602454474,0.0362769469449623,1.9743931713851888,161.2178758842003,0.0102258146025077,0.6863149792986306,False,False,False,False,pachytene,0,off_axis,103.48804525815441,9.13
239,2.7095636844424726,31.202809872191068,145.82069966945843,21.290281128,1.7193498784664452,0.6107315998237108,0.2411941580756014,0.4047551655816586,0.9765748654637544,0.1485963716395164,0.1202677592193797,1.6751232197438928,160.35104234162236,0.014795069007232,0.5959013709658041,False,False,False,False,pachytene,1,off_axis,105.62291603108127,9.13
25,1.3676373018797774,29.79111583118209,148.47149585330004,38.18457428399999,2.088974384475589,0.4929966826391448,0.1161919040479759,0.5852417302798982,0.979664570230608,0.1939358980614998,0.082510050844255,2.245611060883518,163.32442307812602,0.0148643905993128,0.198536601264585,False,False,True,False,TZ,1,off_axis,107.91030888203728,9.13
520,7.5517455482660765,29.920298301310943,145.92704987699025,40.047122016,2.12240161396674,0.551956419868791,0.1955195624737064,0.4528696561642045,0.9680179262578936,0.1156205043680723,0.0726522353798233,1.5079106713637669,160.8885672705675,0.0158714194101602,0.4317347382682968,False,False,False,False,pachytene,1,off_axis,106.8586785745351,9.13
297,3.701835559900116,33.674806940371504,144.53429576409175,21.597578046,1.7275825722255034,0.6770935158031932,0.2677339901477832,0.3562058526740666,0.9921956295525496,0.0332455229107065,0.0411771432111082,2.043684587727735,158.29844760015555,0.0163415936863857,0.751627150811482,False,False,False,False,pachytene,1,off_axis,102.85432681746889,9.13
644,8.847271487039523,33.36022916098264,144.91488055934354,20.633463288,1.7014838846664653,0.584924965893588,0.2711119984028748,0.3694878115584771,0.9568234387047032,0.1110082412885852,0.0630321335950741,1.5962043430675137,158.76352257687768,0.017804875501758,0.7337508570562609,False,False,False,False,pachytene,1,off_axis,103.284142001966,9.13
399,5.431368480618554,26.755758606055565,147.52130003772675,24.872284134,1.8108216865731448,0.5333396208620202,0.1728518890003343,0.465642683912692,0.9643231899265478,0.1302234372333996,0.0759537542060636,1.6438775594886663,163.4668132653315,0.0189595473889981,0.3712114352316207,False,False,False,False,pachytene,1,off_axis,110.3840308082562,9.13
537,7.539575665728471,33.960361831565336,142.46888446633793,21.670297164,1.7295193256099366,0.628274518294003,0.2896152254861398,0.3736167734420501,0.9732670189617656,0.0542852821873861,0.0415539814749648,1.8127292480952293,156.25953529457357,0.0226281716342576,0.7751665505217492,False,False,False,False,pachytene,2,off_axis,101.86806324685911,9.13
238,2.517365611894794,27.57360114372869,144.6215511913831,24.611902776,1.804480502482222,0.6374380480365993,0.1753739432039887,0.4387486855941114,0.9938592347661784,0.1026231066407907,0.0961962087649289,1.5882401644060766,160.46202154150413,0.0229838874172218,0.399713888524849,False,False,False,False,pachytene,2,off_axis,108.60642163377088,9.13
26,2.489792801506979,30.280625968537574,141.84818963498503,46.078117254,2.224003017142424,0.6478134704474876,0.1612512124151309,0.4144261347210176,0.9922872981441312,0.0882669600329576,0.0848964306409964,1.6546251090428006,156.93150005784213,0.02640724478301,0.3890951822420216,False,False,False,False,pachytene,2,off_axis,105.13459980395828,9.13
665,9.236948825233211,30.57654895397464,142.54338873511745,21.864996738,1.7346835863577093,0.6154919000107284,0.2708036622583927,0.3828125,0.9775954559798044,0.0226923490022858,0.0192760479156485,1.713807604251977,157.48402780758218,0.0267800783434065,0.7074054850831483,False,False,False,False,pachytene,2,off_axis,105.08178743373333,9.13
435,6.299744114636656,24.62365481064464,145.2734481832129,27.501901272,1.8725124034295264,0.465626066189014,0.1992586912065439,0.4812450119712689,0.9325688073394496,0.2011498474806344,0.0604465909912812,1.5518843342984223,162.08124133242003,0.0281080462174304,0.4140483251771137,False,False,False,False,pachytene,2,off_axis,111.60366988432695,9.13
247,3.14477645222422,23.39248001449318,147.30228463596973,42.078565764,2.157698566786137,0.5603746237038689,0.2209049594941711,0.4581536900836926,0.9753220831065142,0.1148900894839133,0.0648617816416305,2.087500563822897,164.40839120777437,0.028901714271299,0.4821634405123258,False,False,False,False,pachytene,2,off_axis,113.45321762247781,9.13
296,4.789655172413674,33.59888961642793,139.7374982758608,36.326718108,2.0545301467468304,0.5689655172413793,0.1506552996564448,0.5057677902621723,0.9904798911987566,0.0403091080705739,0.0244701682872213,2.689377464203882,153.81535253256072,0.0303282686846211,0.2978744446702516,False,False,True,False,TZ,2,off_axis,101.31667750695259,9.13
234,2.456832767081925,24.243817638731016,144.1456442242361,24.855863688,1.8104231030810536,0.555587013967535,0.1807585247042449,0.4714376725419409,0.9687695190505934,0.2050033195870602,0.0987193780764225,1.61019364371604,-55.24073829736225,0.0325491894295156,0.3834197715460762,False,False,False,False,pachytene,2,off_axis,111.2951327623505,9.13
679,9.702126090696884,27.24039807054228,140.60632788496966,19.087595586,1.6578842479365106,0.547376182868379,0.2633999999999999,0.3776812381210969,0.9423076923076924,0.0589176111550445,0.0192733111525521,1.537294660442727,-52.72108178680173,0.033880046073295,0.697413515456506,False,False,False,False,pachytene,2,off_axis,106.66496847806056,9.13
237,2.864419349401704,25.921339406709343,141.1428374936793,27.835001748,1.880041984382732,0.5704533962582168,0.189794945159752,0.4777319992152246,0.9856078129015676,0.1458146681025957,0.0927693023113621,1.5574044360935964,-53.96075329079603,0.0339782232431055,0.397283299991481,False,False,False,False,pachytene,3,off_axis,107.88929762323448,9.13
579,8.299693799438996,25.14180078463937,142.42735699796037,36.772415928,2.062898459140374,0.449923449859658,0.1892628807822489,0.4908964397541459,0.6518569940992711,0.5195670667329512,0.0464559211757346,1.317849322725885,-54.5697284709534,0.0362032127061039,0.3855454337314747,False,False,False,False,pachytene,3,off_axis,109.38346033849982,9.13
450,6.293946680606486,20.55886130684843,145.40906010454705,22.43736657,1.7496899259465857,0.4816518557239937,0.2043010752688172,0.4481645824929407,0.9620653319283456,0.143154309230114,0.0808572805012068,2.017025809058221,-58.7340012389489,0.0377354188654868,0.4558617152037785,False,False,False,False,pachytene,3,off_axis,114.5463458566128,9.13
519,7.150202073449173,21.86968257775409,142.81134309436305,26.699645196,1.8541247889341383,0.4857670005271481,0.1877601998334721,0.4578848453784384,0.8471993410214168,0.3650189667979377,0.0755036288442976,1.3269156957108468,-57.76593616852068,0.0388861836349877,0.4100598692631763,False,False,False,False,pachytene,3,off_axis,111.69567575974287,9.13
23,2.450148992112187,27.54090830850136,138.307680473269,26.76532698,1.8556439414277004,0.5588080631025416,0.1337119256582344,0.4477552642034167,0.976470588235294,0.1038738466385655,0.0317639771243279,1.6752767644825823,-52.716819087640665,0.0391364370041898,0.298627255440795,False,False,True,False,TZ,3,off_axis,104.65385715143121,9.13
505,7.40537345513179,29.10553479849407,138.8386563030641,43.65492858,2.1843131027017093,0.5682966147232671,0.2525120952735392,0.4073935772964899,0.9730538922155688,0.086336775956788,0.040964910816936,1.6925435476314354,-51.09716160369209,0.0392528914027571,0.6198234565926105,False,False,False,False,pachytene,3,off_axis,104.13191791207225,9.13
246,2.433305092723265,21.232519316577463,143.8291591923189,24.919199694,1.8119595307800451,0.5838275440082838,0.2300592128178334,0.4541958832843248,0.963538873994638,0.5787847383273036,0.3648587124942757,1.4480329542091177,-58.26779014288476,0.0407053872736363,0.5065198106910567,False,False,False,False,pachytene,3,off_axis,112.8889844407297,9.13
670,9.56667820468483,24.419894357908944,139.35378480442878,20.330857926,1.6931250377437137,0.5028268143532941,0.2054213534943758,0.3998607565560454,0.8580821917808219,0.4635462173842413,0.1300390818696552,1.3469759205297314,-55.67853842444557,0.0426632164628856,0.5137322183443213,False,False,False,False,pachytene,3,off_axis,107.40229179109964,9.13
19,2.289773932914401,23.21668102505378,138.75913414673855,28.742817834,1.9002624111254565,0.4961233983514241,0.142738128297695,0.4893100097181729,0.9631441617742988,0.0553671956935297,0.0399448672686688,1.4562592749832022,-56.94788476099583,0.044358158142331,0.2917130765011484,False,False,True,False,TZ,3,off_axis,107.69548767121158,9.13
16,1.7238914114577897,21.54108030142017,141.07797692976558,24.281148078,1.7963606622669603,0.679837696840885,0.1664989939637826,0.3889559444779722,0.9884429501996218,0.2269070863493153,0.2325252652187227,1.2506495867959058,-58.31337981155692,0.0443591456226799,0.4280664592676305,False,False,False,False,pachytene,3,off_axis,110.55142674121993,9.13
321,4.132288401253993,18.994586098800777,143.9757362231121,21.700792278,1.7303302230935151,0.5178899578423954,0.2303710094909404,0.4228699551569507,0.9165178571428572,0.1178444187517486,0.0479313901253795,1.9111205314601043,-60.46863665819839,0.044829874499459,0.5447797997505803,False,False,False,False,pachytene,3,off_axis,114.40652351401638,9.13
611,8.517712978845028,25.21875409948608,137.01647876501124,20.51382861,1.6981890562783917,0.4033161806746712,0.1390859594126381,0.4658873131467995,0.6603618421052632,0.7371752314438919,0.0786887416936579,1.4058557143932375,-55.18495399349139,0.0460687464127237,0.298539916172417,False,False,True,False,TZ,4,off_axis,105.08008909521538,9.13
643,8.87798383262027,20.39417229671963,140.6169053922968,24.66585567,1.8057981019712128,0.4932001902044698,0.1732857586099907,0.4533683617939575,0.6831046312178388,0.5840855435887318,0.0896909828265036,1.390708464637378,-59.509810238628575,0.047867526497643,0.3822184634241062,False,False,False,False,pachytene,4,off_axis,110.92482939168832,9.13
236,2.9195025628098774,25.120867960676087,136.29672845979485,27.917103978,1.881888629676577,0.5137383413158558,0.1772817742394086,0.5066528425781925,0.9018366054464853,0.2267246872678439,0.0908810842812565,1.5277182174960895,-55.37402645315189,0.0479447057775349,0.349907785649201,False,False,False,False,pachytene,4,off_axis,104.58388749344104,9.13
423,6.126511429181933,27.00805574663575,135.72592809228814,21.961173636,1.7372232995629988,0.5836359752189704,0.2193070298417785,0.4389430477167778,0.9705977382875606,0.173044414423524,0.1205461584891084,1.5576579289004375,-53.57526761294882,0.0505275296289156,0.499625249750586,False,False,False,False,pachytene,4,off_axis,102.9524908293596,9.13
678,9.752756094631968,22.802905103878302,136.7661224090337,19.533293406,1.6706890317264227,0.4439774228413594,0.1796598157335223,0.4386609071274298,0.5561580170410535,0.4578472781269951,0.0300010925251785,1.3354551642253083,-57.612988049665844,0.0505663343325151,0.4095642278907968,False,False,False,False,pachytene,4,off_axis,106.4261192807945,9.13
559,7.95618695048589,17.942137677000982,141.7808472744118,25.34613129,1.82224887288695,0.5169828782970847,0.1400560224089635,0.4818930829660854,0.9671848013816926,0.3605124514509903,0.1807210448417127,1.725951791784062,-61.79297604375141,0.0506565648205338,0.2906371296033322,False,False,True,False,TZ,4,off_axis,113.39411815569619,9.13
12,1.749337169869456,18.336266211078076,141.3109440345285,22.826765718,1.7597538501131436,0.5673620388449285,0.1772522962673441,0.3869358669833729,0.9896831245394252,0.0273098092062562,0.0202215195943162,1.8799590619669184,-61.462136623224666,0.0517896657573502,0.4580921837234616,False,False,False,False,pachytene,4,off_axis,112.78082367358452,9.13
17,2.4131206278792146,21.62787586589309,135.87805636410232,27.497209716,1.8724059199261165,0.4884831939941989,0.1209500073303034,0.4903268845897265,0.4396433470507545,0.8798221591242228,0.0289671806892902,1.5815576873570936,-58.89188194778992,0.0537195081070663,0.2466721918205781,False,False,True,False,TZ,4,off_axis,106.514299038289,9.13
593,8.353363978270101,23.70761900334204,134.5257524028401,22.453787016,1.750116649867122,0.4880902632678646,0.2022142624552263,0.4863265306122449,0.930188679245283,0.4514452042119865,0.1711735282237769,1.5539356572419842,-57.002028466706996,0.0543652426866734,0.4157993646792317,False,False,False,False,pachytene,4,off_axis,104.13261387849872,9.13
669,9.385975609755896,20.484025042052718,137.8630991379315,22.313040336,1.7464522408003862,0.4974768713204374,0.1149787076467321,0.4332635983263598,0.8228710462287104,0.411786201474401,0.1168676266490401,1.292936548454921,-59.77264989939639,0.0546408192779757,0.2653781856839109,False,False,True,False,TZ,4,off_axis,108.76442850783395,9.13
345,4.907961430156202,17.00439379639823,140.7359377933273,27.490172382,1.8722461719584509,0.4496117416161789,0.1461477362986497,0.5310077519379846,0.9373983739837398,0.1757013749181409,0.0734159850649725,1.77899969845889,-62.85657622439825,0.0548880933772966,0.2752271238324936,False,False,True,False,TZ,4,off_axis,113.21381061836762,9.13
15,2.4796669588080924,19.50556402278819,137.93935764680228,32.118392376,1.971915935709941,0.5343266140812153,0.1720555771977665,0.4973337515683814,0.983917426788286,0.044607288979637,0.0215109606851814,1.5070522503332124,-60.7333402586904,0.0551777988866983,0.3459559634856384,False,False,False,False,pachytene,4,off_axis,109.46224043977415,9.13
384,5.12781014023722,24.295557022653277,133.93460999999724,21.74536206,1.731514015564125,0.5174757281553398,0.1566742081447963,0.4444444444444444,0.943527367506516,0.1658918492577683,0.075532826411796,1.6392840156232158,-56.49446418517309,0.0563907681019656,0.3525169683257919,False,False,False,False,pachytene,4,off_axis,103.30125479311735,9.13
307,4.073600904465715,21.13189865945268,133.40835316159018,29.047768974,1.9069591541975877,0.5192602761850924,0.1836258913878222,0.4957164454896691,0.957566765578635,0.0861874697712319,0.0605014686563555,1.6666278705907762,-59.69943686824139,0.0614555873514415,0.3704252563306356,False,False,False,False,pachytene,5,off_axis,104.99152174848048,9.13
652,9.091238114712116,19.65491646048561,134.28919866066647,22.944054618,1.762762702277596,0.4951436458439832,0.2196586599241466,0.3975293641150263,0.8300803673938002,0.2609673645753611,0.0571142222326498,1.3164856695357796,-61.0517282730874,0.0621097425094038,0.5525595836502477,False,False,False,False,pachytene,5,off_axis,106.63559087855633,9.13
474,6.912018180228906,17.02751269993796,137.01642512892488,26.838046098,1.8573229640355375,0.4687527314045975,0.1463483146067415,0.4881539980256663,0.9557851239669422,0.2629335424007398,0.1149146347903678,1.6388208048948776,-63.30902642098414,0.0629565046019564,0.2997994796696243,False,False,True,False,TZ,5,off_axis,110.42100468450938,9.13
306,3.7151649433776353,17.139221528802775,136.2325216395879,19.057100472,1.6570008763772208,0.5487444608567209,0.1690843155031731,0.4727223131478451,0.9457655402586568,0.2568689013236704,0.1448897655978583,1.796663164594451,-63.298422009054235,0.0641867349079259,0.3576821123108094,False,False,False,False,pachytene,5,off_axis,109.76713280162423,9.13
662,9.375950836463966,16.47518464322216,134.51798427449498,34.35391881,2.016643937920982,0.4052577671560259,0.1446528527938722,0.4694603903559127,0.8249363867684478,0.4298913395937133,0.083144349755753,1.2777603499892418,-64.17614293326251,0.0694861470777413,0.3081257881718334,False,False,True,False,TZ,6,off_axis,108.96582913309656,9.13
285,3.843912926632686,17.30702251410821,132.68349324106353,34.914559751999995,2.02755504585738,0.4938188658962644,0.163074872250611,0.482612158216087,0.9721320346320348,0.115287009969339,0.0669840502744845,1.5140871028154976,-63.58558758098691,0.0695303987977073,0.3379004641188403,False,False,True,False,TZ,6,off_axis,107.06370094899853,9.13
369,5.234849332587439,12.074424218687316,136.21062656062847,29.348028558,1.9135072317558,0.5127487810726561,0.1666438824333561,0.4696522309711286,0.9464341326689504,0.2505078073800787,0.1226943181898111,2.0493870550580566,-68.32448159542233,0.0739381220783829,0.3548239983631642,False,False,False,False,pachytene,6,off_axis,113.23852939785692,9.13
558,8.321304731119527,13.552115567147425,135.51329493094332,31.930730136,1.9680679096651348,0.5365853658536586,0.2262021589793915,0.459575142675967,0.9609059045564844,0.1843975621426956,0.127534379180116,1.572898100969029,-66.9480325120778,0.0744442009432798,0.4921984197454301,False,False,False,False,pachytene,6,off_axis,111.70731646487172,9.13
292,3.907465277777907,17.50170774739508,129.4167451388875,32.428035072,1.9782325412536736,0.5394965277777778,0.1882172915072685,0.4666980835689601,0.9703611457036114,0.079335433494463,0.0445823776301098,1.6645078678241287,-63.81001200212821,0.0768037827856624,0.4032956168748809,False,False,False,False,pachytene,6,off_axis,104.59178599164414,9.13
676,9.641646489104174,15.38616526634374,131.23876601695133,19.37612628,1.6661961078465124,0.5506053268765133,0.2003446790176648,0.3962823275862069,0.9056420233463036,0.3082899451880598,0.136495575819222,1.370341363733095,-65.67533816055581,0.0771093698737815,0.5055604680581726,False,False,False,False,pachytene,6,off_axis,107.3760462074332,9.13
232,2.985266325609277,13.337730009028643,133.73035874209853,38.97510147,2.1032918955845026,0.5658140234727655,0.1478856602882117,0.4782367618519545,0.9801434087148372,0.0726682114346933,0.046445299025339,1.6684404979568024,-67.3885315133615,0.0772920891450202,0.3092310589330896,False,False,True,False,TZ,6,off_axis,110.58650288511345,9.13
9,1.694997531676877,15.37004577916736,130.65796204541826,28.510585812,1.8951307446068737,0.5078163567549778,0.1743271221532091,0.5101972584419926,0.976033553025764,0.2108401999249966,0.1242045221484918,1.445131765142927,-65.76555622679494,0.0795718841639136,0.3416857289385639,False,False,False,False,pachytene,7,off_axis,106.97796366712402,9.13
668,9.396407851863556,11.989687038066991,132.36002887228815,29.516924574,1.917170916294226,0.5125168878645792,0.235448086750592,0.4070753179002282,0.9175491679273828,0.1461827620708464,0.0626826791492663,1.2689712336434893,-68.90065693036831,0.0836390205959453,0.5783894930429041,False,False,False,False,pachytene,7,off_axis,110.58366351940049,9.13
535,7.730750803388698,16.09385458369796,128.51312085889404,40.14799047,2.124182048860089,0.4853052877592755,0.2009252539912916,0.4532864116244749,0.8983478017362083,0.1407427217941656,0.0397700029443842,1.4651454512282909,-65.32180890269672,0.0861024914499594,0.44326335146739,False,False,False,False,pachytene,7,off_axis,104.9593114411779,9.13
233,2.72090738590694,13.751914075199338,127.9560776190024,26.265676266,1.8440243828638443,0.5584531570956506,0.1746243739565943,0.4931229773462783,0.9837912087912088,0.1790583408574143,0.1189992624400131,1.5510818908903707,-67.7157373001898,0.0866488994559673,0.3541193210998369,False,False,False,False,pachytene,7,off_axis,106.27044164257386,9.13
661,9.4786058904011,12.11695837113834,128.73642914236075,32.575819086,1.98123311525408,0.3929574422121409,0.1937643458301453,0.4514827995255041,0.4467036352433765,0.2373462491635992,0.0601984144661567,1.2616634179308523,-69.23755050665584,0.0888242764370936,0.4291732620462757,False,False,False,False,pachytene,7,off_axis,107.99905307351935,9.13
592,8.034734799482404,9.306724773609217,131.38932415912254,21.759436728,1.7318875086765642,0.4642087106511428,0.2890859676727221,0.3030181086519115,0.7703435804701627,0.2717591176381647,0.1080870884005035,1.2695941705963654,-71.68567919096822,0.0912923743411871,0.9540220845507495,False,False,False,False,pachytene,8,off_axis,111.86348763342515,9.13
361,4.98624856156501,14.035817088608283,125.62554642549004,32.615697311999995,1.982041238645181,0.4680667433831991,0.1529034474859695,0.5125743645213628,0.907631837536849,0.2851739367649498,0.1138115917301422,1.6456239086107518,-67.73202059917797,0.0917275022858064,0.2983049057257269,False,False,True,False,TZ,8,off_axis,104.4823402439211,9.13
577,8.225454919296704,12.964502035571437,126.130542284364,22.817382606,1.7595126970935615,0.4648915390151126,0.2037631941257457,0.4445725264169068,0.8688,0.5612922768088978,0.1441559958662604,1.5250926643770797,-68.73000789698101,0.0936796843410341,0.458335101739199,False,False,False,False,pachytene,8,off_axis,105.61547971079275,9.13
2,2.058815116343025,10.027261026458628,126.34420739864586,42.64389826199999,2.1673186246972524,0.5585565762693218,0.2002192545345824,0.441993769470405,0.9786436867740728,0.1112111176524595,0.0834085714648999,1.590353971917453,-71.6158529046935,0.0983408541262086,0.4529911242289327,False,False,False,False,pachytene,8,off_axis,107.95455928405794,9.13
449,6.238949192739261,7.847161351819515,128.013721663775,25.716764214,1.8310880902544369,0.5446501869926115,0.2535885167464115,0.3551682692307692,0.9505824214613484,0.367061150920725,0.2276712888617284,1.1031510956618011,-73.56469822981313,0.1029274453346011,0.7139954177090164,False,False,False,False,pachytene,9,off_axis,110.69504349948868,9.13
396,6.099648241205908,11.745271055275849,122.3604624685911,37.34478575999999,2.0735465413355567,0.4641331658291457,0.1716671521506942,0.494900949478373,0.9329790374963094,0.2928911992637953,0.1345012056467066,1.5350781548126955,-70.42108238094656,0.1035012797279958,0.3468717373277056,False,False,False,False,pachytene,9,off_axis,104.05802422978262,9.13
225,2.662091561144077,10.06716253431312,122.8890927122984,26.490870954,1.849279445583582,0.4588683255113787,0.1540697674418605,0.5069546719031255,0.896328293736501,0.2840575645131249,0.1039843133531689,1.5958431990621191,-72.01786623549,0.1044632447229165,0.3039123140210489,False,False,True,False,TZ,9,off_axis,105.68469678983288,9.13
574,8.24435422830812,7.618878545379678,124.52887385949248,34.091191673999994,2.011489906799331,0.5033372325053327,0.2202657448417414,0.4533111665281241,0.5720551378446115,0.6328163662555641,0.0908691888785974,1.450053160606544,-74.236496611733,0.1066849478573281,0.485904078932668,False,False,False,False,pachytene,9,off_axis,108.61626132109161,9.13
576,8.531772361872958,9.466086078856549,121.56588630853436,36.767724372,2.062810724761025,0.4905576113308664,0.1893401015228426,0.4880400751408891,0.9611676486341724,0.2042528361573316,0.0911954043566229,1.4462452583513474,-72.78312825417633,0.110054876144281,0.3879601515678467,False,False,False,False,pachytene,9,off_axis,105.31125694970474,9.13
3,2.5582751590782355,10.53031000803045,119.7254258664361,37.971108486,2.0850743965569905,0.5386421202199296,0.1881726274595064,0.4529994643813604,0.9663240760988412,0.0541604790378887,0.0173498967126697,1.4667801732160608,-71.9628555580647,0.1135591420089014,0.4153926047495106,False,False,False,False,pachytene,10,off_axis,103.32959983340014,9.13
256,3.349289394711374,6.293670443349766,121.59495484966736,41.428785258,2.1465344522907044,0.5732404733593794,0.1864205526770294,0.4501791163592941,0.954416961130742,0.1554314512137081,0.08799617277409,1.9545309202378889,-75.92581195851808,0.115905035513185,0.4141030667629739,False,False,False,False,pachytene,10,off_axis,107.81513679983148,9.13
473,6.738201460438164,11.989504411323338,117.65275636691094,23.450742666,1.7756444049661786,0.4218265479643893,0.1910426871938418,0.4653979238754325,0.6172279792746114,0.7279699148256478,0.0542963493919109,1.6460868954629682,-70.78052944177799,0.1170270689401728,0.4104932089146491,False,False,False,False,pachytene,10,off_axis,100.89968768707034,9.13
305,3.834420471650645,12.977067877571848,117.1771004917212,23.37567777,1.7737477907868129,0.5397892624184646,0.2231068947992546,0.4308765808983864,0.925563909774436,0.2369255466491756,0.1148939053642998,1.698531792283035,-69.86185703624774,0.1199619025189901,0.5177976819581891,False,False,False,False,pachytene,10,off_axis,99.82936138520553,9.13
625,9.021264697447693,7.295567228276617,118.5223071766575,32.718911543999994,1.9841297978707584,0.5145540579294523,0.2112068965517241,0.455324176635652,0.968503937007874,0.0559284059550239,0.0602330598415366,1.5368832525610985,-75.32483733596254,0.1207745469856233,0.4638604919077923,False,False,False,False,pachytene,10,off_axis,105.15294950753328,9.13
1,2.383709188825295,8.051515079098353,117.02828983507445,41.815838628,2.153198493400029,0.5555368562773477,0.2033983510959179,0.4556354916067146,0.9681132075471698,0.1125450962478413,0.0712873863542678,1.499351080370206,-74.76603473662672,0.1221029599445492,0.4464058547736726,False,False,False,False,pachytene,10,off_axis,103.65398226215082,9.13
448,6.577955075487748,4.928580526574393,119.20758597643362,38.22210673199999,2.089658593125367,0.5209279489382594,0.251151189562548,0.4496541122213682,0.9538162372386972,0.1395566853860547,0.0905114824138125,1.9484146334075911,-77.58482915559088,0.1242882713684896,0.5585430728561965,False,False,False,False,pachytene,10,off_axis,107.46073078361796,9.13
575,8.29200028342659,10.099832544462163,116.26954629774104,33.105964914,1.9919230035442088,0.4198965492808049,0.1768550170922984,0.5086112128984976,0.4890254609306409,0.7421851036162286,0.0424699069315079,1.3770233420736,-72.83148807082178,0.1250178909472102,0.3477214276980421,False,False,False,False,pachytene,11,off_axis,101.55787743914807,9.13
6,1.5177169791986986,12.34873021825998,115.27430249000768,22.892447502,1.761440073649288,0.4856030330976534,0.2072015161086544,0.4438247011952191,0.9224137931034484,0.185870331581813,0.0737897739774385,1.5258360932516175,-70.72823251562441,0.1275468376049129,0.4668544034405051,False,False,False,False,pachytene,11,off_axis,99.16284119607865,9.13
258,3.405776619099926,14.21845408205343,113.85154894346827,34.192060127999994,2.013471807764996,0.4589050493962678,0.1928980761358985,0.4911880309369849,0.954515491100857,0.1308139350653198,0.0491766388078216,1.4549513755828891,-69.05567989945206,0.1301280374507165,0.3927173790613916,False,False,False,False,pachytene,11,off_axis,96.81335757164805,9.13
534,7.601379601604598,13.935077708172798,113.43602859153846,33.326468045999995,1.996335639328421,0.4579432674033926,0.1564245810055865,0.5000649266329048,0.8785739498764561,0.5124055761581292,0.147999268017618,1.3931069587639746,-69.3898387040119,0.1304572560417811,0.3128085428003173,False,False,True,False,TZ,11,off_axis,96.78955751840527,9.13
344,4.707836810783529,8.25220064530022,113.270742482254,32.716565765999995,1.9840823794304312,0.493080949308095,0.1596338999167954,0.5056577086280056,0.9286137440758294,0.3301845165511713,0.1380367512936046,1.4929787471712292,-75.04723557981721,0.1343902135962784,0.3156955727025857,False,False,True,False,TZ,11,off_axis,101.29940320999859,9.13
5,2.213721571985891,11.382207365115203,112.39596391664416,24.651781002,1.8054545657502397,0.6152821391188505,0.1524109014675052,0.472668810289389,0.9872611464968152,0.1631945869474605,0.1479488295162506,1.346461158437109,-72.0547006023632,0.1350151116510619,0.322447553444858,False,False,True,False,TZ,11,off_axis,98.23679029670146,9.13
609,8.915667340369824,10.77831854929202,111.818943364026,31.337248301999995,1.9557983849114795,0.475933827382289,0.159241023177615,0.5047850307098986,0.4497607655502392,0.6621393899250698,0.0523563899195669,1.326077517343493,-72.72738419282591,0.1350638695046397,0.3154630456328474,False,False,True,False,TZ,11,off_axis,98.39708014331083,9.13
608,8.465986066082568,7.776017693316063,113.2358937090428,34.006743666,2.0098276321711626,0.4215354901014002,0.110144312393888,0.5085857381349869,0.8652246256239601,0.6007272621477254,0.1412953799933545,1.6619590720086794,-75.52396730181408,0.1350651429862267,0.2165698015791664,False,False,True,False,TZ,11,off_axis,101.67069535715972,9.13
320,4.360434487440686,15.349477372708929,111.23001128309744,34.55330994,2.020537967007709,0.4654446707399864,0.2257620452310718,0.4935229870459741,0.9113680154142582,0.2633647641415457,0.087099088546135,1.260334913144744,-68.26898274219731,0.1386877345473803,0.45744990842755,False,False,False,False,pachytene,12,off_axis,94.3390912151539,9.13
231,2.623066485752987,8.674788364992917,110.87728039348612,20.746060632,1.704573285703071,0.5816372682044324,0.2472024415055951,0.3972972972972973,0.9502212389380532,0.1874727684877359,0.1016146920554276,1.6675897862011435,-74.9340145212679,0.1396947948953169,0.6222102269188449,False,False,False,False,pachytene,12,off_axis,99.59969961131674,9.13
503,7.301645008637997,13.44864242469843,109.9207091339279,31.229342513999995,1.9535509565447275,0.5022158792158041,0.1866715758468335,0.4803078315980081,0.9551243177683444,0.1818963788332804,0.0999223546728994,1.201110950454731,-70.32156696016996,0.1405834971286097,0.3886498690345479,False,False,False,False,pachytene,12,off_axis,95.12089910404148,9.13
7,1.2634082592785985,14.614187689492896,110.65536931521042,17.949893256,1.6242682445116885,0.4745164662833246,0.1197460595446584,0.5533449390698831,0.7740656851642129,0.4427782627312321,0.0895653322095481,1.3588830525862492,-69.07168559064174,0.1411260666448668,0.2164040024400321,False,False,True,False,TZ,12,off_axis,94.59575250837064,9.13
4,1.2924967320261185,12.028647411764709,109.35106211764592,17.9452017,1.6241267207465293,0.4850980392156863,0.1759414225941422,0.4328509774054328,0.8426361802286483,0.3019265724355264,0.0650877074775522,1.3412167987815686,-71.80272152592049,0.1442450700302693,0.4064711223450594,False,False,False,False,pachytene,12,off_axis,95.9662060503031,9.13
433,6.296948486522772,18.255854448332972,111.29217732547583,38.205686286,2.089359306980059,0.5829802910296555,0.2260711030082042,0.4605418138987043,0.9793776468422022,0.0885091977058414,0.0603802615797696,1.3767885144102685,-65.3784954209197,0.1446642546350303,0.4908807326188373,False,False,False,False,pachytene,12,off_axis,92.05059606508172,9.13
10,1.3000899011087754,17.58159790230694,110.39469790230608,15.655722371999998,1.551892022498898,0.574468085106383,0.1565191565191565,0.4352112676056338,0.9828599412340844,0.1759348411521768,0.1101830923891431,1.353357445065846,-66.16192652569423,0.1450910097718568,0.359639485853078,False,False,False,False,pachytene,12,off_axis,92.04792847997605,9.13
642,9.01764621559637,15.962241678612026,108.69189665280804,32.728294656,1.9843194489709264,0.4264621559633027,0.1282274757598867,0.5141214696325919,0.4721746575342466,0.8866280504408569,0.0665292191884206,1.1796026395183474,-67.9856323205911,0.1456687286977183,0.2494108558654869,False,False,True,False,TZ,12,off_axis,92.35798067813613,9.13
472,7.016844029509875,10.900571410849984,107.82252405823444,35.930281626,2.0470290409550373,0.4019063785336554,0.1670303691580287,0.5093330422442964,0.6040365209034119,0.8022134934000524,0.1048114035696717,1.479034468392479,-73.11690401079198,0.1476490362312328,0.3279393938827049,False,False,True,False,TZ,13,off_axis,96.05809052669429,9.13
257,3.3649443069307208,10.36567045173231,108.03246683168176,30.326217984,1.9345348049342768,0.4458539603960396,0.1891341256366723,0.5156337241764377,0.8653922739944245,0.3753097542432835,0.1191837798374476,1.614979833205492,-73.62058614079518,0.148167835792284,0.3667993708882297,False,False,False,False,pachytene,13,off_axis,96.62092866256599,9.13
8,1.33547773728412,15.06303531928362,107.50272254793217,14.804204957999998,1.5232300305565438,0.5026144826493424,0.1536802372607172,0.4393118827652118,0.8886380737396539,0.3242526468587271,0.0843742318062033,1.3854071099526897,-69.02944904263373,0.1501826696047406,0.3498203515311032,False,False,False,False,pachytene,13,off_axis,92.41784083112107,9.13
11,1.946442658875103,17.54751120525866,107.68192264426612,16.05685041,1.5650345060536446,0.5935719503287071,0.167065868263473,0.4173256649892164,0.9824414715719064,0.0418131375086626,0.0402146961174844,1.2211496075843873,-66.54244516392926,0.1523968926352945,0.4003249315322841,False,False,False,False,pachytene,13,off_axis,90.48053665795977,9.13
533,7.76713668249126,13.511163600936126,105.15131159923608,33.105964914,1.9919230035442088,0.4212428257634805,0.1559367572594812,0.5166503428011753,0.8352799033427306,0.3848656761793554,0.1198325430003478,1.3313980315445533,-70.86912058409006,0.1542098772292006,0.3018226145249864,False,False,True,False,TZ,13,off_axis,92.41611948384559,9.13
547,8.02769098466391,20.7478088290097,109.3964889924018,16.366493105999997,1.575030642668993,0.6358033538770245,0.0078094494338148,0.6328217237308147,0.9990955682845946,0.08238982569482,0.0771499316452163,1.1603732685807175,-63.14925950331561,0.1548363011467873,0.0123406784896291,False,True,False,False,mitotic,13,off_axis,88.91955641298254,9.13
610,9.019612431444353,17.482011707494543,105.07216106764288,32.07851415,1.9710994868256773,0.4784643510054844,0.1450491488851594,0.4952327537857543,0.9411170928667564,0.2709074516437726,0.0983034266583935,1.171471986000845,-66.94095312597257,0.1568310241065578,0.2928908634906446,False,False,True,False,TZ,13,off_axis,89.05180259406227,9.13
259,3.2750764772178407,20.790330598937835,108.3723801803237,29.139254315999995,1.908959032155949,0.5470133633875383,0.191406811323466,0.4615247911853563,0.9789356984478936,0.1059307033563826,0.0498656117430729,1.3077931415458162,-63.237974657280944,0.157249630864145,0.414727041708565,False,False,False,False,pachytene,13,off_axis,88.26717273894761,9.13
245,2.7020790868324736,16.905189971463155,105.3552672238094,17.262580302,1.6032664361225024,0.4523712460932192,0.1633796969067884,0.4759305210918114,0.9045261669024044,0.2694030397850339,0.0963766179082795,1.2274658212858245,-67.47686145587316,0.1580453325250646,0.3432847646164533,False,False,False,False,pachytene,13,off_axis,89.68848679110273,9.13
14,1.49457364341087,19.875945319023064,105.84408062015756,23.603218236,1.779484478355969,0.377857284834029,0.0768323256156908,0.5400958466453674,0.5176991150442478,0.7914797250843688,0.0761028947756263,1.1363337866500112,-64.46799533508275,0.159591786539797,0.1422568347690697,False,False,True,False,TZ,14,off_axis,87.51830247815539,9.13
284,3.618227197095757,14.041977159280732,104.77661324308052,31.015876716,1.949089659720896,0.5162607774920587,0.1938492563650113,0.4784240150093808,0.9604916593503072,0.185313675797815,0.0836122717039996,1.4850429640756175,-70.39054923997348,0.1599188270814755,0.4051829554609846,False,False,False,False,pachytene,14,off_axis,91.76707022019441,9.13
654,8.856614436167499,20.597920010274212,105.57700472643415,9.132113754,1.296664341329644,0.6033907012586694,0.0,0.5764248704663213,0.9856303069888962,0.1533546824909961,0.0894763146515295,1.093947794171655,-63.78607566104741,0.1615550682764203,0.0,False,True,False,False,mitotic,14,off_axis,86.77466295628922,9.13
457,6.700499500499533,22.63181211096508,106.75970651656144,30.525609114,1.938765322367095,0.5320064550833782,0.1619650474748865,0.4768472906403941,0.9629524886877828,0.1551208166093709,0.0663961617891529,1.1491139266262445,-61.617705886798944,0.1647933131540291,0.3396581057582847,False,False,False,False,pachytene,14,off_axis,85.82649695609177,9.13
370,5.405950901180876,16.564229226226704,103.86770134400254,30.194854416,1.931737498071188,0.3556556867619639,0.1187845303867403,0.5360501567398119,0.3869706840390879,0.6880499818449922,0.0593207520967128,1.2147672128971914,-68.00514723645496,0.165774791532159,0.2215921941132757,False,False,True,False,TZ,14,off_axis,89.15411789759897,9.13
13,1.464528301886774,19.53911190130684,103.0321402467327,16.162410419999997,1.568456604061882,0.5288824383164006,0.2473916067702295,0.4217498459642637,0.9564698867024448,0.1619482477916785,0.1068959982293559,1.300592210393919,-65.16145187741583,0.1668443906572927,0.5865837513339408,False,False,False,False,pachytene,14,off_axis,86.20811837004236,9.13
18,2.236876355748387,23.007261396962083,105.92568812147798,27.03509145,1.861857382850156,0.4805206073752711,0.156998028724303,0.5172874561550025,0.8593170007423905,0.2786683467540122,0.0788380221963404,1.245401983664581,-61.35192896809233,0.1670904350253828,0.3035024856223449,False,False,True,False,TZ,14,off_axis,85.0276306370645,9.13
578,8.340115606936457,16.813646807207462,101.2056392927582,34.49466549,2.0193942228671298,0.470792247534852,0.1982279002678755,0.4489848368028784,0.4938531787846856,0.7973861387445811,0.0716821471148661,1.4648172707691514,-68.09800509703979,0.1681537569615245,0.4415024384329156,False,False,False,False,pachytene,14,off_axis,87.52217002029981,9.13
680,9.82580956984066,21.80214047849216,103.78811940550835,9.706829364,1.3233140655315616,0.556790720154664,0.009719222462203,0.5687022900763359,0.98894620486367,0.0569933665734047,0.0172187603060041,1.0849911485465942,-62.820362870194344,0.1682772704453259,0.0170901764100482,False,True,False,False,mitotic,14,off_axis,84.76098489265348,9.13
293,3.642206488428689,21.4354116876256,103.62474290394034,22.198097214,1.7434481923312457,0.4493289654443623,0.1555663587749148,0.4832085971982345,0.8132757690232056,0.2632716612550468,0.1028489991128913,1.1109130583806517,-63.2049647920704,0.1694288021620514,0.3219445177029711,False,False,True,False,TZ,14,off_axis,84.96941009595655,9.13
653,9.267650297291734,20.29537866108877,101.20739539749,31.956533694,1.9685979057004088,0.3609337150407399,0.1552493692994372,0.5322765908568803,0.3192686357243319,1.0428048274253,0.0553548165511994,1.1439975301783485,-64.64460225267392,0.1704411462109646,0.2916704810360165,False,False,True,False,TZ,15,off_axis,84.57643619717186,9.13
346,4.812297269554618,19.054519000206,102.07564037158652,22.852569276,1.760416680348103,0.4521658796961609,0.211669128508124,0.4558740865654862,0.8757980266976204,0.1377655018919656,0.0560718936742861,1.1474699489633184,-65.7643179791444,0.1707063096979028,0.4643148947175741,False,False,False,False,pachytene,15,off_axis,86.08982536609133,9.13
626,9.01735604217361,24.330928887413904,103.79226702057063,31.815787014,1.965703543067496,0.4208508442085085,0.156736446591519,0.5091024824952259,0.6504587155963303,0.7378720778716303,0.128359399679471,1.1222914243182287,-60.31178279323743,0.1733286564101912,0.3078681640351044,False,False,True,False,TZ,15,off_axis,82.70021484332226,9.13
235,2.521980003278178,23.864129552531413,103.31654913948346,14.311591577999998,1.506143810957168,0.5482707752827405,0.1865407319952774,0.4267053701015965,0.9544895448954488,0.09044133543878,0.0438614524166949,1.2696284844157837,-60.83555398080613,0.1733309718784021,0.4371651848460753,False,False,False,False,pachytene,15,off_axis,82.80281097693165,9.13
398,5.541030250918474,25.40523461267959,104.5988963886502,30.009537953999995,1.9277774677020871,0.4351598530446338,0.1520769772353907,0.5204815942430113,0.8291374329343789,0.4003876159726538,0.0948625948326012,1.1738475346594863,-59.143194552839894,0.1753193833463346,0.2921851203145262,False,False,True,False,TZ,15,off_axis,82.31141737103458,9.13
260,3.026343960902988,21.7847579706771,100.5932212822912,20.159616132,1.6883580375178682,0.480451477775192,0.158816880180859,0.4716685330347144,0.9197530864197532,0.3171890618940689,0.1085341347791686,1.194615157272776,-63.24593295356508,0.1772643912499682,0.336712901238146,False,False,True,False,TZ,15,off_axis,82.9923676722231,9.13
434,5.842226299694259,20.093498458716244,100.02736374312104,19.17673515,1.6604610282875405,0.4801223241590214,0.2042688635087062,0.4665882352941176,0.9575394665215023,0.2792899289076869,0.1396182357285098,1.142117109807136,-64.99564307474333,0.1778630882068321,0.4377925718164404,False,False,False,False,pachytene,15,off_axis,84.11392507311741,9.13
655,9.005544115317651,22.736995723110688,99.80502897196446,14.808896514,1.523390920975544,0.5232060826865199,0.2366218615267562,0.4106312292358804,0.9448871181938912,0.1491863280721032,0.0724567519814355,1.1929521532212488,-62.402240881042424,0.178481591975544,0.5762393229737348,False,False,False,False,pachytene,15,off_axis,81.76457200595455,9.13
294,3.4787136294026744,25.927981929556715,101.44743129147496,13.786137306,1.4874806678884205,0.5283307810107197,0.2068669527896995,0.443001443001443,0.9554990464081372,0.2455132578425176,0.132491854618024,1.1578858814774675,-59.02751333854412,0.1817022444991465,0.4669667696523186,False,False,False,False,pachytene,16,off_axis,80.03858379112164,9.13
560,7.579890074361497,24.43234694471371,100.06146178467648,14.510982707999998,1.5131061800845615,0.5223084384093113,0.1699438202247191,0.4301184433164128,0.9477911646586346,0.0697603316417939,0.0509774075780537,1.1731122518976935,-60.68801923114789,0.1827334185142015,0.3951093538662824,False,False,False,False,pachytene,16,off_axis,80.48864066951613,9.13
286,3.2642268298776704,22.06993295028707,98.11165653259908,18.780298668,1.6489391465007863,0.5262303272545591,0.1707477044162658,0.4655945162140785,0.8858513189448441,0.224807250580555,0.1046669293677539,1.2466425806833996,-63.28025785316225,0.1843987727735734,0.3667304885905416,False,False,False,False,pachytene,16,off_axis,81.42407423149322,9.13
451,6.5393563766389935,21.62198097735396,97.13979041716102,29.52161613,1.9172724855729144,0.4425903853794199,0.166963543522147,0.5064861012116892,0.803453947368421,0.4556116087238037,0.1152270260345816,1.2023856280312566,-63.84874742857706,0.184868956698322,0.3296507902639632,False,False,True,False,TZ,16,off_axis,81.30228356970707,9.13
21,1.7868129432623907,24.817141821808526,99.26467885638382,21.168300672,1.7160599751650398,0.5437721631205674,0.1328980623420387,0.4262812727714355,0.7189988623435722,0.5292253123638727,0.095085180611965,1.141899104207546,-60.40821441313013,0.1853491688211537,0.3117614374143438,False,False,True,False,TZ,16,off_axis,79.72753054734589,9.13
436,6.6580357754784,27.20584920156298,101.3850179082997,34.227246798,2.0141622514813315,0.4510999931464601,0.1477974037029155,0.5197902359845175,0.7416234887737478,0.5706904335631903,0.1254387389920037,1.118413509838381,-57.76810263427413,0.1859249197156928,0.2843404771214629,False,False,True,False,TZ,16,off_axis,78.96064401613953,9.13
663,9.33273563218413,23.238856321837737,96.00941889655113,30.6124029,1.9406010875371176,0.3533333333333334,0.1025204721897267,0.5264841805901174,0.5049808429118774,0.7817334965963458,0.0798719392938656,1.2757434256108484,-62.389601287974514,0.1874266295213628,0.1947265957256591,False,False,True,False,TZ,16,off_axis,79.33451418921891,9.13
226,2.497064704470934,27.733306006558465,99.61346168119788,29.329262334,1.9130992888292728,0.4950011997120691,0.1336443468715696,0.494773519163763,0.92859419827861,0.2776388519523846,0.086498990822714,1.1651300172217798,-57.47138863443148,0.188558913883313,0.2701121658601443,False,False,True,False,TZ,16,off_axis,77.50806918377458,9.13
458,6.377952105697758,26.32743040875341,98.57292058216332,11.362948631999998,1.394657215369871,0.6496696944673823,0.080715059588299,0.5002946375957572,0.993893846876468,0.1193497272255222,0.1089007708706184,1.06656214006273,-58.99872310562546,0.1903901386462441,0.1613350484350335,False,False,True,False,TZ,16,off_axis,78.08626767134568,9.13
329,4.194919542556431,23.681793634246475,95.9302898795662,23.178632418,1.7687497831990575,0.4543062443072563,0.0933243652261645,0.524666172106825,0.8816213726393367,0.429080187873707,0.1328221402529425,1.0980274067239464,-61.96040971199197,0.1919582497090007,0.1778737989747186,False,False,True,False,TZ,16,off_axis,78.91370701251462,9.13
20,1.2340073982737234,24.514713218248826,96.5098557336615,19.02425958,1.6560484986212594,0.4143033292231812,0.0776699029126213,0.4766315789473684,0.3192721257237386,0.7007552945004312,0.0801887135659034,1.3188957762244036,-61.06024831230693,0.1921310249747245,0.1629558475419396,False,False,True,False,TZ,17,off_axis,78.50243059343853,9.13
22,1.9706999103723752,26.90315658763187,96.8563970667305,28.789733393999995,1.901295752317787,0.5195958608327222,0.1088270858524788,0.5508819538670285,0.8739076154806492,0.6588804060196829,0.2244364280859584,1.1029800486556622,-58.64710202377357,0.1944232744651434,0.1975506459932927,False,False,True,False,TZ,17,off_axis,76.66521277646159,9.13
548,7.650862248078062,27.14110957822568,96.59228171618425,11.290229513999998,1.391675730952085,0.6154165800955744,0.0010793308148947,0.520259319286872,0.98825413774693,0.0987123902000978,0.0689663677235158,1.140732710833248,-58.444856242608196,0.1944529751256732,0.0020746015974768,False,True,False,False,mitotic,17,off_axis,76.32225892146316,9.13
411,5.226731470230946,30.150377861481527,99.74058911300276,9.65287647,1.3208577429197483,0.5742405832320778,0.0,0.5393835616438356,0.9850340136054422,0.1218031931769771,0.0764656726317329,1.121856577629552,-55.05789125830704,0.1955725820971862,0.0,False,True,False,False,mitotic,17,off_axis,75.61037292381522,9.13
397,5.605675544794026,22.535577966101087,93.5736964067813,24.22015785,1.794855347570316,0.5530266343825666,0.189640035118525,0.4403033586132178,0.9635995955510616,0.1838416563504831,0.1106388089234957,1.502174873804598,-63.39841432409889,0.1956672679537284,0.4307031309409413,False,False,False,False,pachytene,17,off_axis,78.7293648545126,9.13
295,3.566232058726901,29.46096991344237,97.21057599430002,21.409915806,1.7225643309001588,0.4466966144406705,0.1870573084352865,0.5257425742574258,0.4869466515323496,0.8010250534244061,0.113066269805983,1.0981146168758025,-56.06499863306166,0.1975059342329661,0.3557963870426354,False,False,False,False,pachytene,17,off_axis,74.72458347073564,9.13
521,6.734543863487195,29.57784119448629,97.57803937868994,10.722551238,1.3679487921789664,0.5281120105009844,0.0,0.5707000463606862,0.980309423347398,0.3752224583193946,0.1815380295965516,1.147516759151562,-55.902121437722094,0.1986802687610533,0.0,False,True,False,False,mitotic,17,off_axis,74.83435949099452,9.13
504,7.162765042979877,25.568210308023797,93.58175847421302,32.74706088,1.9846986424540671,0.4403295128939828,0.1754089709762533,0.501983873032126,0.7808988764044944,0.4842600268944473,0.0968841612067292,1.187560590605858,-60.389622010649504,0.198809811263386,0.3494314865470339,False,False,False,False,pachytene,17,off_axis,76.09576869302924,9.13
277,3.2740198051686717,26.120589356735756,93.3891712503034,29.136908538,1.908907805561744,0.4215441590854198,0.1575800211044671,0.5336116910229645,0.4672293942403178,0.8159504391386246,0.0824689443646874,1.2628158409812726,-59.866386968158956,0.2023091824844901,0.2953084120071978,False,False,True,False,TZ,17,off_axis,75.52143918544641,9.13
24,1.300864838151693,29.191653521125744,94.77022042253613,18.986727132,1.654958723856519,0.3838645910551025,0.0547763457164518,0.5245638660517346,0.5131938125568699,0.7973766346449982,0.0873354616784704,1.192264839948857,-56.64400073902587,0.2033370975666346,0.1044226437645051,False,True,False,False,mitotic,17,off_axis,73.61372088620772,9.13
536,7.506451378281715,29.56304854898397,94.608230198561,32.252101722,1.9746485190889704,0.472979853080224,0.2410976120653539,0.4874413469500414,0.8921933085501859,0.1026963795952579,0.0260333360622244,1.0989259129378208,-56.29635497074354,0.2033643698955884,0.4946187137671446,False,False,False,False,pachytene,17,off_axis,73.21331525896478,9.13
371,5.014358647096363,31.556491320996532,96.87688990108336,14.703336504,1.519762634164943,0.4449585194639438,0.2148499210110585,0.4228226501868353,0.8784584980237155,0.1497321223641855,0.0514940350818597,1.17256007326993,-54.02930985345198,0.2046635715677936,0.5081324780404299,False,False,False,False,pachytene,18,off_axis,72.80689570452401,9.13
522,7.252582505214219,33.00784965035022,98.36503286713187,19.120436478,1.658834519566125,0.6059379217273955,0.2777153136946255,0.3857409713574097,0.9589299171062547,0.180518203096798,0.1138422785900981,1.315359565363013,-52.39965903002828,0.2062723411921068,0.7199528551954296,False,False,False,False,pachytene,18,off_axis,72.49152355296808,9.13
28,2.1508221451199594,31.83410618494593,95.09566667672436,31.100324724,1.950857008121324,0.5335646402172274,0.1414688324309315,0.4896507115135834,0.9620345582866876,0.0651271645552334,0.0212925102396169,1.155067645600482,-53.981624366741876,0.2073996077937369,0.2889178532869487,False,False,True,False,TZ,18,off_axis,71.5754682123028,9.13
410,5.586623535583022,26.144972093024464,90.25514451827078,26.831008764,1.8571606106287637,0.5398671096345515,0.1927914110429448,0.483754512635379,0.965109402720284,0.2423413668940005,0.1391843521532437,1.402749529148592,-60.24275453564501,0.2094039752315633,0.398531498946983,False,False,False,False,pachytene,18,off_axis,73.9721878221413,9.13
664,9.363425719632666,26.58552183406196,90.25046970858052,26.321974938,1.8453409558289853,0.4124409589163176,0.1599133537206931,0.5169118762323677,0.8705330990041008,0.5553648401597331,0.1616444087290187,1.417632191767677,-59.806415186883285,0.2105244863693757,0.3093628935095451,False,False,True,False,TZ,18,off_axis,73.58175085232243,9.13
677,9.541264822134163,29.732964521738,91.80541344663948,29.6740917,1.9205676457199516,0.3948616600790514,0.1527393469839513,0.5011103853690398,0.5815602836879432,0.7248758457824528,0.0464386423352143,1.1417082319449332,-56.4860518786516,0.210837202214999,0.3048017990516546,False,False,True,False,TZ,18,off_axis,71.60424378496512,9.13
348,4.898876240513666,34.16859468038488,95.46114721979028,32.146541711999994,1.9724918457706375,0.4740221833041448,0.1953561062737218,0.5043007769145395,0.8949621336845571,0.3527475946854803,0.1335415275717064,1.151824330640951,-51.61956990948089,0.2122796082292061,0.3873801414087996,False,False,False,False,pachytene,18,off_axis,69.85444338837571,9.13
261,3.197323832145732,29.166742042754173,91.54737054631762,29.62717614,1.919554954972891,0.4600950118764846,0.1523927905531386,0.5126851444493328,0.943815840811549,0.2168888471565915,0.0610394483978193,1.183777284216902,-57.08061047617057,0.2124327197078955,0.2972444046858844,False,False,True,False,TZ,18,off_axis,71.96226898791792,9.13
459,6.494812053432757,28.57235936626223,89.42544190742488,22.653178146,1.7552817753066414,0.4448586517552034,0.1827743902439024,0.4754709942174967,0.8181272509003601,0.4705842012797309,0.1046081128762173,1.218135569769725,-57.94131584981325,0.2135143387571629,0.3844070247538489,False,False,False,False,pachytene,18,off_axis,71.44152739582623,9.13
627,8.972997932460363,33.16466197794685,94.27123895933984,34.03723878,2.0104282151238424,0.4744314266023431,0.2205641864268193,0.4782323629687909,0.9293962388650612,0.3532068660392466,0.0962792603711645,1.165770535456221,-52.767347951015175,0.2139418543588677,0.4612071526435218,False,False,False,False,pachytene,18,off_axis,70.01109946868696,9.13
262,3.3062681992337333,32.66751241379421,92.17765701149376,30.6124029,1.9406010875371176,0.5195402298850575,0.2442140790742526,0.4598086124401914,0.9264437689969603,0.0271886596315837,0.03115226776464,1.1032559834920823,-53.52799471099473,0.2166323838877414,0.5311211501198626,False,False,False,False,pachytene,19,off_axis,69.29086346767447,9.13
580,7.813012928611569,32.57585164418292,90.72365269814364,16.692556248,1.585421510767149,0.4741427768409219,0.1664067721096012,0.4497594869053982,0.8756593820648079,0.180013078351242,0.062553351997579,1.1382402040160966,-53.80473560765286,0.2173691026113405,0.3699905770850432,False,False,False,False,pachytene,19,off_axis,68.60832055880643,9.13
671,9.61204512950872,28.949460805656077,87.82772900842372,29.523961908,1.9173232661769632,0.4102177022088034,0.0995875788452207,0.5193318065472181,0.9038557836755132,0.4071255483886221,0.1420388741905949,1.4731431696131023,-57.77150577872028,0.2190233281044223,0.1917609851538452,False,False,True,False,TZ,19,off_axis,70.35927331845187,9.13
683,9.986937449228051,33.9267741348497,91.21874100730936,14.438263589999998,1.5105743951649522,0.4438667749796913,0.1645106175250182,0.4107508033888402,0.4926470588235294,0.5343716750149986,0.0657096992357112,1.2552315428283782,-52.40161622463573,0.2205853157361859,0.400511979934664,False,False,False,False,pachytene,19,off_axis,67.71475850433916,9.13
30,2.026918995401484,36.30413675274077,93.56820230810207,26.526057624,1.850097855783171,0.4903608065086664,0.1254931714719271,0.5089363178899878,0.8129824561403509,0.1428689775372835,0.0189508645917997,1.2678837481234977,-49.743472758238326,0.2208353760947277,0.2465793205566711,False,False,True,False,TZ,19,off_axis,67.02006794949803,9.13
400,5.45454905063276,30.387125019777997,87.58080269976466,23.720507136,1.7824271422661873,0.4051621835443038,0.118939504906987,0.512884455527847,0.2841750841750842,0.1345733377826213,0.0300428394650748,1.307669631063787,-56.37719064744013,0.2214441218416092,0.2319031189677559,False,False,True,False,TZ,19,off_axis,68.97117146215628,9.13
424,6.065437994329032,35.34921050589337,92.45957751082004,31.438116756,1.95789458119566,0.4328458439038949,0.1618701069577682,0.5170372319431654,0.4834437086092715,0.5324396687207427,0.0258336548092024,1.1390716236820575,-50.832257652792435,0.2220317820584323,0.3130724384188286,False,False,True,False,TZ,19,off_axis,67.18887139782748,9.13
27,2.314662300450269,31.35566500204721,88.97591086369316,28.65367827,1.8982959607782064,0.4616455178059763,0.0965792004396208,0.5066909975669099,0.7216455209534794,0.539777877272787,0.0753794321129366,1.238365631655087,-55.23828910254012,0.2223569380535829,0.1906076897031653,False,False,True,False,TZ,19,off_axis,68.78667035631014,9.13
594,8.329686530105375,34.29622686219694,88.14409944134125,30.232386863999995,1.9325375551094688,0.4461514587212911,0.1717335808772336,0.5371252451667133,0.9298110296953336,0.275910349204009,0.089502164796973,1.121542618311158,-52.42815386125718,0.2263066016569822,0.3197272562080579,False,False,True,False,TZ,20,off_axis,65.81826013995101,9.13
299,3.7212665219963847,38.67663482935603,93.07456683764272,23.781497364,1.7839534952187288,0.5592819096468731,0.1478161358001144,0.4852282900626679,0.9687789799072642,0.127464584929152,0.0897652123041626,1.43501467832282,-47.453521416088535,0.2271641643011069,0.3046321470271731,False,False,True,False,TZ,20,off_axis,64.79602664814998,9.13
29,1.9768242505668148,35.364592467880065,89.8682202955736,27.935870202,1.8823102115292571,0.5364010412293223,0.1506153846153846,0.5189277304836081,0.9746524938675388,0.1710988096362666,0.1218127463961292,1.1337004112757183,-51.14819525359904,0.2274126050500936,0.2902434689220029,False,False,True,False,TZ,20,off_axis,65.78117679203902,9.13
452,6.477409562357703,32.67833551732964,86.03501221856826,27.818581302,1.879672219716662,0.4734800573404165,0.157695939565628,0.4988789237668161,0.9341963322545846,0.2299685690764298,0.1274987860345801,1.3152126835100988,-54.30233295460789,0.2286545252607849,0.3161006249270566,False,False,True,False,TZ,20,off_axis,66.2239774338311,9.13
278,3.3597124824684528,33.92661734747531,87.4751194512645,26.760635424,1.8555355130097004,0.4487201963534362,0.1670198675496689,0.5062808077595802,0.6327241079199304,0.5081598133287532,0.0477637731883452,1.2105270844697036,-52.88023251322274,0.2304748791495278,0.3298957120037273,False,False,True,False,TZ,20,off_axis,65.81024138238942,9.13
506,7.190714488233531,37.78033371137054,90.36369913524064,33.094236024,1.9916877407504647,0.4739863907003119,0.2404298874104401,0.46920900148228,0.920102152499088,0.2722937006218963,0.1007511972024166,1.1513354696378846,-48.68893971317977,0.2317028652748985,0.5124153344264435,False,False,False,False,pachytene,20,off_axis,64.0061202654674,9.13
240,2.961606998218107,38.53548389761998,89.64227670500543,28.960975187999995,1.905057948779299,0.4424104973270695,0.1138002059732234,0.539076118535735,0.4491386382280558,0.8861801219844235,0.0638330738705797,1.2256412498318214,-48.032185251241444,0.2339470624109682,0.2111022953165374,False,False,True,False,TZ,20,off_axis,62.97973076399309,9.13
656,9.221155299128174,37.51912499484957,87.61577861116986,34.152181901999995,2.0126887320132565,0.4022941136067037,0.1795210258344333,0.494369110549299,0.8718826405867971,0.165642588751022,0.0426624920603007,1.1932743847929506,-49.29920956691694,0.2344472491262153,0.3631315589984283,False,False,False,False,pachytene,20,off_axis,62.770528745493245,9.13
31,1.4416132906325323,36.88836518214581,86.91141115892887,23.439013776,1.7753483260563736,0.4734787830264211,0.1146078761359811,0.5314578977380726,0.8518685276902296,0.5094113843707406,0.1482470090108159,1.253018395289403,-50.014819603585124,0.236992029764624,0.2156480816707427,False,False,True,False,TZ,20,off_axis,62.95687535762716,9.13
298,3.738029633480599,34.97814112295195,84.43108726280013,27.072623898,1.862718581496441,0.5269040811021575,0.1944526408970197,0.4705128205128205,0.611783960720131,0.5777986412396909,0.057373208687478,1.3820377040029608,-52.22638063047557,0.2380096968733111,0.4132780923696877,False,False,False,False,pachytene,21,off_axis,63.44395444750643,9.13
386,5.5369435655948935,41.22557314399103,90.7544676844956,31.881468798,1.9670553056372315,0.5571333971010227,0.1922973698336016,0.4728360192723043,0.982134234669242,0.214999169313132,0.155230812585177,1.2675334232597766,-45.222011530963194,0.2382408286817771,0.4066893425960817,False,False,False,False,pachytene,21,off_axis,61.37442054485057,9.13
595,8.587014781046962,34.31760551181067,83.17769881889735,33.962173883999995,2.0089492108913647,0.4586959524796242,0.1446190788037546,0.4897282123261452,0.8630393996247655,0.2870363481373742,0.06849276688567,1.452568351346955,-53.04169096498286,0.2394258875765878,0.2953047734718669,False,False,True,False,TZ,21,off_axis,63.473056680388936,9.13
581,8.391276156793305,38.04705397878138,84.10061556144935,31.836899016,1.9661382409018937,0.4518862363689949,0.142577224527432,0.4997983599946229,0.9280923994038748,0.1485668716072417,0.0572093218454215,1.1924720702701843,-49.224872299696564,0.241989165305224,0.285269492538883,False,False,True,False,TZ,21,off_axis,60.57455645343831,9.13
35,2.3070280202113045,42.11313902618161,89.27763480937104,25.53379353,1.8267351168679555,0.4131373449701424,0.0913229018492176,0.528804007514089,0.6877158362111495,0.681339390772073,0.0943671170595958,1.269434169646228,-44.53047399705677,0.242270129930819,0.1726970683874489,False,False,True,False,TZ,21,off_axis,59.8019501010045,9.13
562,7.9168705285025185,40.94291539349094,87.57888326794557,30.492768221999995,1.938069801115529,0.4027232864066467,0.1401993355481727,0.5100463678516228,0.4683544303797468,0.8309126863133559,0.0443673001872338,1.1443999654577688,-45.90821292675652,0.2438608608245127,0.2748756669686902,False,False,True,False,TZ,21,off_axis,59.83867969221027,9.13
33,1.9846738442051848,40.40885327965217,86.70615774902885,25.927884234,1.836085171586084,0.4630417081335384,0.1301480287263666,0.5543386689132266,0.6397955171057805,0.6086484114385466,0.0591625132419148,1.0950710661185583,-46.54943560401171,0.2442320390089787,0.2347807144349502,False,False,True,False,TZ,21,off_axis,59.827969690641055,9.13
362,4.932033613445439,37.06949735294176,82.43597601680727,27.9147582,1.88183591866233,0.4407563025210084,0.2082093991671624,0.455747558226897,0.3868835790543976,0.893880778406963,0.0467273658489423,1.2821386154286816,-50.40716452221666,0.2453849562556442,0.4568524732797447,False,False,False,False,pachytene,21,off_axis,60.676655609865065,9.13
32,2.175887243966661,39.03322200365112,84.13905188602597,23.134062636,1.7676153565483734,0.4214155343743663,0.083815028901734,0.5322467577988083,0.4427860696517413,0.8785792018167332,0.0238418552448963,1.1364765732732904,-48.241879344617765,0.2471746428334746,0.1574740055690796,False,False,True,False,TZ,21,off_axis,59.72661242680827,9.13
364,5.005116089613088,43.71551777596836,88.14213643991883,28.79442495,1.9013990246762813,0.4013849287169042,0.1290743155149935,0.505443658138269,0.8819938962360122,0.3125582584598905,0.0757482614912327,1.215508677163132,-43.08636081236343,0.2486127786903286,0.2553683549822757,False,False,True,False,TZ,22,off_axis,57.838226544326936,9.13
596,8.37712814298683,41.75173332323386,84.13865877764208,30.973652712,1.9482047823324569,0.4822780975461981,0.2060394889663181,0.4618197776477472,0.6174573055028463,0.5112273102739823,0.03568605949206,1.115691942890919,-45.54571259793389,0.250205782582123,0.4461469580531362,False,False,False,False,pachytene,22,off_axis,57.3587422110097,9.13
37,1.6084831899921856,43.93334718530245,86.38097756059467,24.002000496,1.7894501743932232,0.3970875684128225,0.0845822822377206,0.547252390987194,0.8564386937769563,0.1063952242557559,0.0540395252240485,1.2266241419227693,-43.09540612133408,0.2521979586919652,0.1545580862335601,False,False,True,False,TZ,22,off_axis,56.67667485863069,9.13
460,6.583984563434634,39.781076772793206,81.02954975880431,29.176786764,1.9097782840272008,0.5168837433671007,0.1714009928295642,0.4814444999167915,0.93180349062702,0.282976856880303,0.1142408002746466,1.251126764457869,-47.89757361087144,0.2532568460603206,0.3560140220922403,False,False,False,False,pachytene,22,off_axis,57.622463337109764,9.13
538,7.65588410737145,44.17175389007402,86.28183939497247,27.52770483,1.8730978463360384,0.3591819343843204,0.1705272446503419,0.5105053191489362,0.2720465890183028,0.1708537244181415,0.0148587295825183,1.1831326845567232,-42.87162511895537,0.2537822092148719,0.3340361760277602,False,False,True,False,TZ,22,off_axis,56.422887011991975,9.13
34,1.6482699456677432,42.374204775520994,83.75004892765189,24.609556998,1.8044231718863932,0.4230292631779621,0.1510518934081346,0.4657194779448207,0.6986652977412731,0.1981812269063718,0.039612260168238,1.1584807667794514,-44.9780130255319,0.2543704167334345,0.3243409403332525,False,False,True,False,TZ,22,off_axis,56.6253268576962,9.13
263,3.1077407447617094,40.40661124742131,81.77079155357877,21.606961158,1.7278327199317651,0.3984366518293345,0.1546910755148741,0.540516152319076,0.5573272589217919,0.5843886506169885,0.0763324186881972,1.2487824273833497,-47.182433263025935,0.2553972155663513,0.2861914021462162,False,False,True,False,TZ,22,off_axis,57.4000020883794,9.13
300,3.708065260889724,46.5260517238722,86.35497280283182,30.481039332,1.93782127964672,0.4312759735262429,0.1307927546459656,0.5013531799729364,0.5111972437553833,0.6587598036232177,0.0736122921436299,1.3709729933929633,-40.52728776894102,0.2578379360517745,0.2608794755286602,False,False,True,False,TZ,22,off_axis,54.50986714434111,9.13
563,7.955501392757773,42.65791632137836,80.8587804578695,26.948297664,1.8598628036648968,0.3305188022284122,0.1339939196036482,0.5566246261864517,0.2447368421052631,0.1021061153516494,0.079203916687147,1.212257875482919,-45.066152333002044,0.2580630537116505,0.240725820058785,False,False,True,False,TZ,22,off_axis,54.98190331015216,9.13
628,8.83371339512769,45.66359210073057,83.74198225740282,28.597379598,1.897051889996196,0.3774095644327783,0.145174006081766,0.5272727272727272,0.8882783882783882,0.0851883356376832,0.0303608549761353,1.061871028862747,-41.71663272386037,0.2614604976401365,0.2753300115343838,False,False,True,False,TZ,23,off_axis,53.79955379723531,9.13
38,1.4813991690018733,46.08599811575989,83.60501519953596,24.276456522,1.7962449583819171,0.388443327857764,0.0451116475558237,0.5424237636277452,0.4101508916323731,0.8645262061027126,0.0699607755040793,1.187296799462571,-41.31519617202909,0.2621924498628314,0.0831667979553768,False,False,False,False,pachytene,23,off_axis,53.36851215561084,9.13
681,9.922261004460337,44.55575823153148,81.36219680046699,24.194354292,1.794217722893766,0.3612565445026178,0.1832382841557153,0.5042501517911354,0.6714542190305206,0.3314076276859362,0.0766125110644034,1.174410803082402,-43.1195343999568,0.2622550090342336,0.3633876628590766,False,False,False,False,pachytene,23,off_axis,53.54982883044715,9.13
523,7.326962514708092,47.44557644982231,86.20923033282934,27.910066644,1.8817304877741796,0.4080517734072953,0.1739385409336148,0.52378247905722,0.8964321110009911,0.3566703023255704,0.1236800008408132,1.3394281715415186,-39.63393090225202,0.2622607047321875,0.3320816329074137,False,False,True,False,TZ,23,off_axis,53.671920178069385,9.13
36,1.708079520836031,44.05984757869364,81.35516840193803,36.814639932,2.0636877329551,0.5299477507327641,0.1508000460458155,0.5328724413718313,0.9000386697602475,0.614672828145968,0.2895208922586558,1.132836217789067,-43.61227640049646,0.2626990864637412,0.2829946425031751,False,False,True,False,TZ,23,off_axis,53.98060946937063,9.13
363,4.820751043115467,42.96856976356062,79.98420433936043,25.29921573,1.8211238540037444,0.470653685674548,0.1934162192709805,0.4960588544403573,0.9477292202227936,0.2562200919992622,0.1314656548250725,1.2774864748177983,-44.86982342990987,0.2640320757552825,0.3899057894837668,False,False,False,False,pachytene,23,off_axis,54.30500390121189,9.13
672,9.604101735970682,43.68689084376342,78.19688477997498,29.05246053,1.90706181410757,0.383205490512717,0.1681367744745725,0.4918183008247153,0.2659498207885304,0.1944835395440794,0.1039692588479483,1.2722342280238474,-44.385825083257515,0.2674339995702908,0.3418676657469416,False,False,False,False,pachytene,23,off_axis,52.87005666775241,9.13
308,3.947259961703207,48.50122723625278,83.39111850095722,25.726147326,1.831310762325492,0.3814169782073493,0.0991900146062939,0.5782724056603774,0.5275449101796407,0.77419927460744,0.0809323492823392,1.206002245049297,-38.94711166615901,0.2679877146309069,0.1715281822811873,False,False,True,False,TZ,23,off_axis,51.21730091872997,9.13
666,9.050535532796866,48.76020593385845,83.72647514658749,30.004846398,1.9276770024509635,0.3701039793604879,0.1159754224270352,0.5382896859873402,0.4674772036474164,1.2797422980008382,0.0514730050879315,1.0748103710525518,-38.6473959315393,0.2692327774400218,0.2154516897612689,False,False,True,False,TZ,23,off_axis,51.18563762889367,9.13
437,6.265153637807182,44.70090339030688,77.6752947884556,25.116245046,1.816722942695024,0.2984029139815074,0.0796373437882871,0.5592385516506923,0.5046189376443418,0.7102637044509541,0.0447866672907174,1.214206728678234,-43.446791203083585,0.2698432218262329,0.1424031722298531,False,False,True,False,TZ,23,off_axis,51.730244828351616,9.13
453,6.713404088050404,50.07486129127467,85.54890091391485,23.870636928,1.786179631536489,0.4193199685534591,0.1523454310715822,0.5202233880521239,0.9475635593220338,0.2640283996304746,0.0829870602157481,1.416879487470486,-37.11060332867828,0.2701636361697095,0.2928461783350617,False,False,True,False,TZ,23,off_axis,51.14955587393356,9.13
39,1.2356385431074282,46.968359370677,80.51824139004208,20.351969928,1.693710894204913,0.5297372060857538,0.1085864103124317,0.5453431372549019,0.9121896998888476,0.3578016324417232,0.1981343136201515,1.154337030622383,-40.83458219470467,0.270384255605085,0.1991157546403243,False,False,True,False,TZ,23,off_axis,51.032587662905726,9.13
682,9.73726308758448,47.46122489771946,79.90085007096947,28.095383106,1.8858860573748888,0.427903481673207,0.1164410058027078,0.5392586106246351,0.804161013116237,0.5934026727269739,0.1325966971949191,1.0832181116501969,-40.424665515701015,0.2715171122248149,0.2159279490555222,False,False,True,False,TZ,24,off_axis,50.300406506187,9.13
330,4.279441053645908,51.71951212656676,85.14724818502923,29.209627656,1.9104945532750364,0.4857854159974301,0.1430674518201284,0.5194440106200219,0.7789569436021831,0.4402277065274398,0.1374575905428327,1.6273857332221446,-35.5307741688969,0.273085268560216,0.2754242014444626,False,False,True,False,TZ,24,off_axis,49.58874229971829,9.13
42,1.3531451690589076,49.85275072729083,82.28596651575062,24.351521418,1.798094434853878,0.5481167517580194,0.0349722279366385,0.5875079940311234,0.9879839786381842,0.3284085278798743,0.2521904953840848,1.276925069153945,-37.747918014606164,0.2735459657486888,0.0595263865205992,False,False,False,False,pachytene,24,off_axis,49.481748820190425,9.13
322,3.8498218829517294,46.552438091602696,78.72305872773374,27.65672262,1.8760195862261404,0.4417302798982188,0.2021818181818181,0.53281677301732,0.6040609137055838,0.5960741722879318,0.0890328168148128,1.1390769554890032,-41.4765293200766,0.2746706822851605,0.3794584337817869,False,False,False,False,pachytene,24,off_axis,50.54115844950152,9.13
629,9.109095223031105,46.56031475798765,76.250720357483,29.660017031999995,1.920263950641245,0.5119424232837709,0.204870506378044,0.4637822070977151,0.972457627118644,0.2623415942135506,0.1514010828549806,1.1698470855460017,-41.78469923258124,0.277401408871494,0.4417386075677532,False,False,False,False,pachytene,24,off_axis,49.440784312481476,9.13
630,9.027978324302172,51.54035372238461,82.65819859107908,28.13760711,1.88683033829244,0.4758649437265527,0.2137318659329664,0.5400031811674885,0.970688479890934,0.327813402400528,0.1562116122781693,1.0865755014241891,-36.02658110000429,0.2777012732979279,0.3957974200649661,False,False,False,False,pachytene,24,off_axis,48.283512029468845,9.13
40,1.2591426591426924,49.49551238491227,79.14076376596225,23.694703578,1.7817805899072388,0.4527274527274527,0.0589036431733061,0.5674746743849494,0.842374213836478,0.4151913066028144,0.1498568414901809,1.3717506155656314,-38.504205384164436,0.2781766340002254,0.1037995981708753,False,False,False,False,pachytene,24,off_axis,48.15479412810631,9.13
279,3.27929308726936,45.15229236784586,75.68706578042003,29.997809064,1.927526284936475,0.3747263059117923,0.1391968995586177,0.5707853926963482,0.7230514096185738,0.5878372038923813,0.0989085279344114,1.852636607679416,-43.25321348695083,0.2784209652402175,0.243869064169743,False,False,True,False,TZ,24,off_axis,50.49136434613575,9.13
350,4.534136243883931,49.57977260820468,79.89155268347741,31.16366073,1.9521804209846607,0.5653744824990591,0.1773756945433822,0.5195704883962591,0.9778481012658228,0.0515218341139395,0.0362015555448001,1.09648704463677,-38.32468014496982,0.2785327008700069,0.3413890867644963,False,False,False,False,pachytene,24,off_axis,48.45694196872811,9.13
492,7.022587428927439,44.72334497235137,74.53599250720681,30.117443741999995,1.9300852841806488,0.4832152036762988,0.1343770384866275,0.493594574227581,0.9788443321755604,0.2073739391799064,0.1098113800004314,1.5804244049492708,-43.825758257298574,0.2790255240024663,0.2722417253003888,False,False,True,False,TZ,24,off_axis,50.43605364523649,9.13
507,6.955119755666286,53.66038685902456,83.89924053206866,29.186169876,1.9099829872051477,0.6316508599903552,0.1449626865671641,0.5385118917739472,0.9886954961421136,0.2297339845055475,0.2475731078211796,1.5153817572804749,-33.765320451010496,0.2811419964193883,0.269191244950289,False,False,True,False,TZ,24,off_axis,47.287591353661,9.13
265,3.165371777572632,52.96689883530941,81.83352124849223,33.030900018,1.990416360188881,0.5782259782685889,0.1099955042709426,0.589661559185048,0.9829059829059827,0.2468853638502218,0.1772212302888965,1.245799980165028,-34.71713447022756,0.2816176352606717,0.1865400627827322,False,False,True,False,TZ,24,off_axis,46.6407024768408,9.13
673,9.463061959102324,51.06752669832416,79.89650230527715,30.628823346,1.940948003999108,0.3803323887569886,0.1650154798761609,0.4880731677172166,0.6028636021100227,0.3320192979038595,0.0457044720461176,1.133379345171184,-36.84849443143239,0.2818004820851176,0.3380957831547273,False,False,True,False,TZ,24,off_axis,47.18214057228632,9.13
349,4.569636718387089,47.8915419306868,74.58704416055204,25.247608614,1.8198847256470143,0.4353804701291461,0.1402093944538766,0.5726509791015304,0.9354037267080744,0.4096577466725324,0.148970931212951,1.3277411798613332,-40.67701871675988,0.2833577538304579,0.2448426695678758,False,False,True,False,TZ,25,off_axis,47.54110359080664,9.13
41,2.2838426527958404,49.24911692945373,76.65365559167759,28.862452512,1.902895214899011,0.4952860858257477,0.0985629264044128,0.5714975845410628,0.9678860653448758,0.2893688861139595,0.1345870204031011,1.330579625669545,-39.0664498330609,0.2834867414999572,0.172464292186927,False,False,True,False,TZ,25,off_axis,47.19724282770506,9.13
493,7.311422413792845,48.90233483682172,73.78076709513579,30.476347776,1.93772185320839,0.5843596059113301,0.1185112634671889,0.5533333333333333,0.993840651698788,0.2944236667790068,0.243229002792146,1.2332926233947648,-39.777563054536024,0.2864013469010869,0.2141769821696186,False,False,True,False,TZ,25,off_axis,46.29190282764925,9.13
582,8.226607717041732,50.96379484726847,76.1545315514478,29.18147832,1.9098806411012537,0.5497588424437299,0.1582506762849413,0.516336368505624,0.9711459192085736,0.1369164810065231,0.1039791246035032,1.1333901539954707,-37.429625387509944,0.2867187458472306,0.3064875649626406,False,False,True,False,TZ,25,off_axis,45.442830018934586,9.13
45,1.8662060678883128,54.00275071342593,78.37823739110729,31.236379847999995,1.9536976856241843,0.5295884650045058,0.133609958506224,0.523786717752235,0.9947826086956522,0.1014157363045908,0.0688537509731817,1.387248348028752,-34.131386774885236,0.2898189527552634,0.2550846632377285,False,False,True,False,TZ,25,off_axis,43.885962303775756,9.13
539,7.622770663562363,55.22623387660025,80.23022016298061,30.225349529999995,1.932387594873349,0.579743888242142,0.1197984395318595,0.5802400738688828,0.9894222945484134,0.2053508636364895,0.1619522080071632,1.4121873799122155,-32.681241079070716,0.2908713904646425,0.2064635741772817,False,False,True,False,TZ,25,off_axis,43.87058521440186,9.13
612,8.765414410662407,53.69898304872818,77.31505876717941,28.16106489,1.887354530662315,0.5631820074968763,0.084657008203875,0.5636918382913806,0.9781617470602352,0.2109344148713483,0.1406627586671073,1.1277189067204416,-34.568544859604664,0.290914200332967,0.1501831363400272,False,False,True,False,TZ,25,off_axis,43.60052570327161,9.13
43,2.052954442940961,52.07255654037007,74.64275038340313,31.203538956,1.9530127612529655,0.6029920312734927,0.0926116838487972,0.5366407877295967,0.9939951210358416,0.071102795156387,0.0953619378212954,1.1226731909789207,-36.523172688967996,0.2930879049955661,0.172576676925017,False,False,True,False,TZ,25,off_axis,43.77360693003605,9.13
264,3.34778950841304,50.505049340153,71.878363411414,28.440212471999995,1.893570194869018,0.5313427911580337,0.1589698046181172,0.5513903555086237,0.9741003271537624,0.1531296451285715,0.1151412622725636,1.3222378598742657,-38.4311326854223,0.2946095311940444,0.2883071911395283,False,False,True,False,TZ,26,off_axis,44.07899257809791,9.13
50,2.2106286454958632,57.7301677835394,80.7415594685687,36.19535454,2.052050645863235,0.5259883344134803,0.0759317751105496,0.5881870385561936,0.9941271769947349,0.0746530491915716,0.0469771572675413,1.4524965738767257,-30.132489059887668,0.2950758892138804,0.129094607893668,False,False,True,False,TZ,26,off_axis,42.13691857354659,9.13
494,6.688858565873185,52.34931022719514,72.50931421846137,34.382068145999995,2.0171945950410985,0.6274817493347888,0.1028590207032533,0.5694139194139194,0.998162890385793,0.2294033495904995,0.2110845862375011,1.115275185275053,-36.521356572401096,0.2969964955474756,0.1806401585846778,False,False,True,False,TZ,26,off_axis,42.62403253724026,9.13
46,1.4091851352490536,55.28438934018691,75.26258625600514,27.837347526,1.8800947960343335,0.5767253728827841,0.1444387668199624,0.4487358152498507,0.966979933959868,0.2726070089462306,0.1646114689345614,1.230571319309242,-33.25846059534694,0.2994856188964711,0.3218792926959501,False,False,True,False,TZ,26,off_axis,41.20934778824213,9.13
438,6.151521786730779,56.98569570834336,77.82323700459722,32.139504378,1.972347899784155,0.572658930005109,0.1810043362708071,0.536464560204953,0.9860287891617272,0.1743594303076088,0.1281727803262329,1.1886766985613442,-31.243837610774275,0.2998568989525409,0.3374022250447551,False,False,True,False,TZ,26,off_axis,41.0690522772512,9.13
44,1.795719063545189,53.716502185060016,71.9035131549594,31.56244299,1.9604721050442249,0.5700483091787439,0.1697761194029851,0.4923076923076923,0.9931827865360034,0.0944276869933006,0.0740685484721301,1.0644759053769306,-35.24280244060111,0.3022007075325362,0.3448577425373134,False,False,False,False,pachytene,26,off_axis,41.12864639929334,9.13
645,8.935318791946223,56.41156505872651,74.38244488255165,33.554008512,2.000868745323518,0.7137164429530201,0.1111352289993488,0.5567765567765568,1.0,0.1089362866001398,0.1716624191908034,1.176334636628669,-32.25301693906091,0.3022828120659461,0.1996047205054093,False,False,True,False,TZ,26,off_axis,39.798044597146855,9.13
323,4.454296490652567,52.01316179075118,69.46700859298272,28.609108488,1.8973112059666732,0.6158576582486062,0.1408399046396479,0.5299893276414087,0.9962128762208492,0.1331012656204222,0.1405014090064265,1.238118836493751,-37.243576027136484,0.3032866449384944,0.2657410202322797,False,False,True,False,TZ,26,off_axis,41.81138315927783,9.13
51,2.352898117717373,58.30989942485859,75.8300453689878,31.405275864,1.957212591586924,0.7095906782193009,0.0718548579613272,0.5264917695473251,0.9985226967499328,0.1516662393461293,0.2374623228502248,1.4275017721972303,-30.185237309623343,0.30411527430194,0.1364785968508258,False,False,True,False,TZ,26,off_axis,38.88233413317193,9.13
475,6.715960269921966,55.71835873834299,70.4138779816517,30.938466042,1.947466769994875,0.6086132383046479,0.129217273954116,0.5404881828748547,0.9954277005143836,0.1348506448319848,0.1332760454862426,1.1354155306139615,-33.44774868190581,0.308277618212429,0.2390751140326692,False,False,True,False,TZ,27,off_axis,38.701035446642884,9.13
48,1.6843532271130546,57.41675850931775,72.42412026464959,43.43207966999999,2.180589945851976,0.6218201458277073,0.2543925034607602,0.4508711796629534,0.994856524093124,0.1445859766976375,0.0975688129839171,1.208061847219509,-31.506354475239835,0.3095737671261944,0.5642243614926333,False,False,False,False,pachytene,27,off_axis,38.000050107206945,9.13
47,2.055053614666265,55.89746226911152,69.53304288481641,33.90822099,2.0078848299625744,0.6614320304392944,0.0793829947328819,0.5729464650592563,0.9939699901837048,0.1325133078051333,0.1734303946927676,1.2087918311411527,-33.38269079895358,0.3113889692088576,0.1385522026471911,False,False,True,False,TZ,27,off_axis,38.20103541428395,9.13
365,5.004708147370377,53.71850595956831,67.08786468889356,26.805205206,1.856565071809488,0.6707797322131793,0.0906453952139231,0.552099946836789,0.9991208018287322,0.1679825443315689,0.1938144630286116,1.27320162210202,-35.85628835671311,0.3116741488746359,0.1641829450143374,False,False,True,False,TZ,27,off_axis,39.4393487386761,9.13
540,7.881888301671494,59.276367583201456,72.30114032995148,32.845583555999994,1.9866870351532169,0.6898300242822454,0.1339980059820538,0.5381072991020033,0.9975216852540272,0.1335193644357072,0.1770257167445024,1.0948543758471367,-29.677713620157338,0.3127870846766089,0.2490172614377662,False,False,True,False,TZ,27,off_axis,36.29005655022913,9.13
412,6.253022124230373,60.77960183227981,75.13317646164525,30.854018034,1.945693254462763,0.6428191287158823,0.13448784082535,0.5693912303107705,0.9991784423266512,0.1741116838737757,0.1871846952706113,1.3063691887717803,-27.824853445055886,0.3130836898694386,0.2361958415691568,False,False,True,False,TZ,27,off_axis,36.42214090835283,9.13
631,8.85819569959491,55.29193389685226,68.01941975693387,30.110406408,1.9299349425937984,0.5294484263010284,0.098238280083607,0.6125827814569537,0.9787084698175011,0.2265591329138242,0.130709281605809,1.3040551047217863,-34.17670480194902,0.3134591780806754,0.1603673545148612,False,False,True,False,TZ,27,off_axis,38.23746130246007,9.13
564,8.345492537313365,59.8915002537303,69.20679544030057,31.433425199999995,1.9577971831962355,0.6178358208955224,0.1351123121094409,0.5436438195664909,0.9967467919754202,0.1800331824024462,0.171662778120846,1.0859287592985956,-29.463104339864365,0.32009488856645,0.2485309447961376,False,False,True,False,TZ,28,off_axis,34.39049125003513,9.13
401,5.545386154461969,55.96617236494679,65.10791447779087,29.310496109999995,1.912691171851725,0.6986794717887155,0.1552613865829033,0.4661354581673306,0.9956486704270748,0.1213313664079129,0.1798325089270856,1.2044140235462442,-33.88010627707982,0.3203033255471002,0.3330821199342627,False,False,True,False,TZ,28,off_axis,36.72562467613684,9.13
309,4.005009972078311,63.46906164339981,72.8593585081768,29.40432723,1.914730018082197,0.646031112883925,0.1845249035103841,0.5163398692810458,0.994829737921198,0.1929097514963787,0.2240577788775296,1.4951336339077046,-25.448059412755583,0.3216819839023008,0.3573710156593514,False,False,False,False,pachytene,28,off_axis,32.93248326202122,9.13
49,2.0835619623343637,57.76401204371162,66.01812050685716,30.267573534,1.9332870074281048,0.546772068511199,0.0420966420966421,0.5672024623803009,0.9909972299168976,0.1547678251248129,0.1132149957564356,1.165618734960482,-31.980679921814232,0.3227049463927405,0.0742180171785236,False,False,False,False,pachytene,28,off_axis,35.25910172133913,9.13
53,1.198744142455519,63.62479855670184,72.02604671977379,25.02945126,1.814627854535463,0.54601686972821,0.0421198338936128,0.5534682080924855,0.9986010072747622,0.0845251885309593,0.0767698793065116,1.430954202402525,-25.400102710924113,0.3229863818186442,0.0761016319957704,False,False,False,False,pachytene,28,off_axis,32.36420983980532,9.13
52,1.2526765763140424,60.66625517341774,68.12879119790189,24.145092954,1.7929991793870637,0.6454872243272127,0.0541731467081388,0.5713894217593861,0.9963084495488104,0.211119614187431,0.2361524156125468,1.2273672550861654,-28.832479549155885,0.3249368625840569,0.0948095023203831,False,False,False,False,pachytene,28,off_axis,33.254560563629596,9.13
597,8.435017675192224,59.63593886462793,65.58823508005742,33.842539206,2.006587536866836,0.6899563318777293,0.1736560133013116,0.5166554884864744,0.9939049729879484,0.1016991081133334,0.1139266171852991,1.1205776675532833,-30.179046986196727,0.3276642894264335,0.3361156847670995,False,False,True,False,TZ,28,off_axis,33.34506681378752,9.13
439,6.388931499603212,64.63895238693416,71.12678404522568,35.47754647199999,2.038394893908186,0.6248346998148637,0.0952001275713602,0.5749030666196686,0.9947144325356042,0.1355873258365355,0.1385435849939272,1.3071711443893927,-24.50919789277562,0.3289053309347894,0.1655933549478534,False,False,True,False,TZ,29,off_axis,31.03296368720248,9.13
583,8.488055043268375,63.58487506738703,68.0192215633426,33.070778244,1.9912170483519875,0.6852035749751737,0.1954314720812182,0.5130689499774673,0.999422132331696,0.1451489496102557,0.1725357374545043,1.1660343390473018,-25.951798822120924,0.3301440910272906,0.3809068393045439,False,False,False,False,pachytene,29,off_axis,30.533897421502342,9.13
425,5.982534385936296,58.02181975258427,62.082889061610416,28.822574286,1.9020184233762312,0.6415723935867177,0.1092233009708737,0.5401907356948229,0.9985780305723428,0.1668579035008187,0.1788644258639037,1.287793553146191,-32.22793633601831,0.3306464729747688,0.2021939543823993,False,False,True,False,TZ,29,off_axis,34.02494542525135,9.13
241,2.2046315570357677,60.49579048188812,64.68510004683604,45.076470048,2.2077696722688755,0.6913509575353871,0.0533120510774142,0.5847243297926151,0.9980098559514784,0.1551813974599754,0.1661891776232636,1.1859658916327271,-29.441673873094853,0.3313544486436286,0.0911746755882767,False,False,False,False,pachytene,29,off_axis,32.25553106740393,9.13
55,2.137323479915131,63.56186193751475,69.07564497695363,32.059747926,1.9707150414421888,0.5852784078437111,0.1343921808185705,0.5021171489061397,0.9859294490685692,0.0653207160444057,0.0425633430958742,1.1583845824871362,-25.839604987069627,0.3317912986140845,0.2676510473927118,False,False,True,False,TZ,29,off_axis,31.006765335943147,9.13
57,1.776968820315045,67.2034571359685,69.76911581485118,29.190861432,1.91008532234182,0.5199292831886853,0.0509928514694201,0.6007700033478407,0.9840329642029358,0.1965706612688814,0.1100456293688362,1.3188947013011496,-22.139243888693116,0.3351278934397919,0.0848791570572069,False,False,False,False,pachytene,29,off_axis,28.134531785504308,9.13
54,1.289036110851952,63.303628776711214,64.986487692451,25.139702826,1.8172883539987468,0.6335728282168518,0.0614244741873805,0.5530939648586708,0.9975624619134674,0.2246863413478055,0.2355047194724346,1.1978090694679278,-26.618343043350993,0.3366016815100046,0.1110561280542556,False,False,False,False,pachytene,29,off_axis,29.674353014903815,9.13
646,9.0771547483923,63.58131963677789,64.64242197502799,30.99945627,1.9487456362230409,0.6219447597427166,0.2558832290735776,0.4903923138510808,0.9952811639795516,0.0884311010600533,0.099025462439918,1.079118587621457,-26.386903491475177,0.3369120846521833,0.5217929030414669,False,False,False,False,pachytene,29,off_axis,29.30117899982988,9.13
549,9.106182230134548,59.69916124777361,61.86026242110405,28.989124524,1.9056749716398615,0.7442142741543939,0.1130751964085297,0.5507750711800063,0.9985311790626252,0.1640350187917232,0.2899301276595687,1.2708910603234365,-30.592803835102885,0.3376361453718935,0.2053019505154292,False,False,True,False,TZ,29,off_axis,32.336810991360025,9.13
413,5.860868300487079,67.33757861246441,68.84691092284412,32.256793278,1.9747442619444175,0.6970402152570723,0.145611156685808,0.5364858377340375,0.999584487534626,0.134365676962979,0.1853625016823034,1.2656404736595814,-22.124086511785077,0.3383848053500567,0.2714165900461191,False,False,True,False,TZ,29,off_axis,27.557135482115093,9.13
248,3.034149810366714,65.01462245575198,66.19151212073106,29.688166368,1.9208712447837688,0.6001106194690266,0.0889288928892889,0.5625370480142264,0.997002622705133,0.191637716157784,0.1747515288640152,1.23243051452399,-24.767370634320702,0.3393887816080269,0.158085397580854,False,False,True,False,TZ,30,off_axis,28.495998445175637,9.13
372,5.174392683623876,61.56639885681615,61.84087853672483,32.831508887999995,1.9864032227157615,0.6548299514146899,0.1360872675250357,0.5590974953425791,0.9969664795995752,0.1825401088684495,0.1940242148426698,1.141178631546676,-28.743356712575693,0.3410062424973605,0.243405253392613,False,False,True,False,TZ,30,off_axis,30.505634964562933,9.13
550,7.79379160636763,66.96061265557043,65.3229787337188,32.41865196,1.978041721098033,0.6171490593342981,0.2571950021058542,0.4819504819504819,0.995606494746896,0.0858491856089934,0.1169159598440128,1.1294270798665345,-22.94834395883949,0.3425856686744808,0.5336544141733626,False,False,False,False,pachytene,30,off_axis,26.366063497922305,9.13
674,9.394659136748576,63.20486732553589,61.12804116982527,29.075918309999995,1.9075749479448203,0.6788221056877773,0.1069986541049797,0.5945742275810098,0.9978213507625272,0.129438688865138,0.1653610032939501,1.131273683589214,-27.209430772172514,0.3441336692314553,0.1799584461309356,False,False,True,False,TZ,30,off_axis,28.75548779822142,9.13
56,1.7637020252089437,64.14498107916761,61.712165217391146,33.127076916,1.992346336584061,0.6429684180710947,0.0603801714498695,0.5549385164617215,0.9998479549946784,0.1333445934017489,0.1408004105997974,1.2726300376225992,-26.202371726404866,0.3447961362810638,0.1088051552717091,False,False,False,False,pachytene,30,off_axis,27.961447958902923,9.13
287,3.567702714273583,68.62589599280872,65.97814228101568,27.396341262,1.8701135891156175,0.6641835773610754,0.1414185639229421,0.4839367669556348,0.9998177510479316,0.0774416100066928,0.1074116818376915,1.2069250568960588,-21.212983056558297,0.347716174467424,0.2922252938386613,False,False,True,False,TZ,30,off_axis,25.101192580806398,9.13
387,5.659175095231855,64.1152644029954,58.653924293970576,35.716815827999994,2.0429671104667606,0.638710101142782,0.2253203774116321,0.4968187602254135,0.9992306508693644,0.106829099605648,0.1157000403739622,1.2713628960739185,-26.622709088944934,0.3505479729510789,0.4535263066744926,False,False,False,False,pachytene,31,off_axis,27.46059699746567,9.13
426,6.351998689383991,70.21848022608158,65.55188396952735,28.637257823999995,1.897933275259105,0.6414646133682831,0.1118100649350649,0.5871601553575508,0.9998270494638534,0.1886991544887427,0.2225005149078664,1.1217058004469485,-19.687938268079826,0.3509075599418152,0.1904251572843499,False,False,True,False,TZ,31,off_axis,23.479291783004605,9.13
565,8.378338452537601,67.96729480035143,61.58031932865256,32.076168372,1.971051439353768,0.4868363317244405,0.1084995553296912,0.5640587145503777,0.9863325740318908,0.0757221254929487,0.0504147830566509,1.1700295329569932,-22.428255364971417,0.3522504727931224,0.1923550732057714,False,False,True,False,TZ,31,off_axis,24.219800258113477,9.13
675,9.411540229885096,66.03978811494085,58.94244512643593,30.6124029,1.9406010875371176,0.6690421455938698,0.1455984174085064,0.4753415142394073,0.9946236559139784,0.1645767430311655,0.1966891204612555,1.1554047316338467,-24.67709330572226,0.3543116549889455,0.3063027592729368,False,False,True,False,TZ,31,off_axis,25.589399243799374,9.13
477,6.86942564030993,71.39341731453607,62.20623814641648,33.612652962,2.002033748233249,0.6597808639821341,0.179016503873358,0.5054358974358975,0.9978855157831144,0.1002888100578388,0.1230838627290916,1.2201609746961084,-18.9502334901482,0.3582155690045237,0.3541824092461932,False,False,False,False,pachytene,31,off_axis,21.120156596826597,9.13
58,1.5077317643509631,68.65456173342531,60.19960515953707,31.097978946,1.950807958338584,0.7541676095647583,0.0591801385681293,0.5823872353482663,1.0,0.1799157761786823,0.3517714705825799,1.2532588099876767,-21.923089504834532,0.3583397786803512,0.1016164760766772,False,False,False,False,pachytene,31,off_axis,23.23088759177603,9.13
59,1.9994009351257136,70.7835602717712,62.99145913939364,32.109009263999994,1.9717238909156112,0.5794126241963764,0.1416430594900849,0.5178044120201494,0.9955770004020909,0.1208164079747268,0.1124964399579821,1.185319719335546,-19.45473244943614,0.3583754289150845,0.2735454859055414,False,False,True,False,TZ,31,off_axis,21.957860544898736,9.13
249,2.94824312149143,66.46685264397904,57.52517111373011,33.847230761999995,2.006680256296622,0.6541686880587705,0.1585160202360876,0.5098196392785571,0.9898679766656432,0.1028280422178458,0.1103031222630663,1.2927166651675086,-24.434668548430537,0.358819398165101,0.3109256843467285,False,False,True,False,TZ,31,off_axis,25.00533283701691,9.13
476,6.875174114915886,66.1152014799745,55.44428871154968,32.334203952,1.976322680497657,0.7206906558328496,0.1434927697441601,0.4974025974025974,0.9997317956282687,0.0989859990140584,0.1586993011282325,1.2971501783764237,-25.049387041011883,0.3618427344060573,0.2884841584934812,False,False,True,False,TZ,32,off_axis,25.264880314300225,9.13
288,3.921141996439911,73.9891793714921,64.73552791318602,34.262433468,2.014852222161321,0.6409694646035875,0.1126903553299492,0.5366132723112128,0.99879135821121,0.1541371290001629,0.1617766135509773,1.6085052783434253,-16.052498339403382,0.3634017171866155,0.2100029222993083,False,False,True,False,TZ,32,off_axis,19.747570601654736,9.13
633,8.862460971899884,71.56263890801279,59.0339303018165,29.301112998,1.9124870480357783,0.6306140421103195,0.1523057137607937,0.5439965322930213,0.99455194439226,0.1589175820155018,0.1521451445356046,1.198906134573248,-19.187842605866816,0.3648526918050738,0.2799755232240248,False,False,True,False,TZ,32,off_axis,20.151402117489027,9.13
632,8.9100642700755,68.75714511618213,56.28502217670903,33.213870701999994,1.9940848185748576,0.6770252136450314,0.1954609429978888,0.5009840367373716,0.993925588458618,0.1675900149006198,0.2121859706852699,1.27082269534353,-22.321658244117383,0.3652120351027639,0.3901540341900243,False,False,False,False,pachytene,32,off_axis,22.6409502502571,9.13
461,6.697454284689983,74.62245108641315,61.4757319684468,32.71187421,1.9839875357495376,0.7079239870921477,0.1605523495465787,0.497176528357476,0.9990616621983914,0.1183800503707803,0.1703157182039215,1.2620586845656547,-15.841044563624965,0.3676413567293859,0.322928256643563,False,False,True,False,TZ,32,off_axis,17.831808484346165,9.13
324,4.350561797752901,69.80653085314916,56.648194048864895,35.90916962399999,2.0466280296399013,0.6552129605435066,0.1899938612645795,0.4577491474043198,0.9989478430783104,0.0903670620724678,0.1021808395638247,1.3213361605473064,-21.23446256703674,0.3681042160950309,0.4150610926135971,False,False,False,False,pachytene,32,off_axis,21.610712324578785,9.13
414,6.156313391151001,77.0573205350576,64.2702155225639,31.916655468,1.9677787005632976,0.666985153608702,0.0655805320684677,0.5592584418450673,0.9997070455544164,0.1070139417019758,0.1311223553072472,1.2908289172773482,-13.068988947145062,0.3706987254745747,0.117263374428661,False,False,False,False,pachytene,32,off_axis,16.85749326243729,9.13
62,1.886919488947528,76.07557037112244,62.519028371527526,34.701093953999994,2.0234144739969087,0.5927803690934902,0.1116354519982303,0.5107901726427623,0.997110870350307,0.1592560809440555,0.1362408905276471,1.2306150472242596,-14.266501700909922,0.37348537820447,0.2185544240615338,False,False,True,False,TZ,33,off_axis,16.8876076563479,9.13
61,1.1857826384142456,73.5374766233766,57.81097569573348,24.023112498,1.7899746835119934,0.6969045991602383,0.0767400356930398,0.5634664948453608,0.9998192662208568,0.1736060943073041,0.2471432383555105,1.1584513370838798,-17.38550248017548,0.373822552198612,0.1361927220075448,False,False,True,False,TZ,33,off_axis,18.007367472193124,9.13
634,8.910731410819134,74.30660700344625,57.02652172621148,34.733934846,2.0240525882156795,0.6351725535219828,0.2311414745231995,0.4738985560903369,0.9934464795832632,0.1054324385713158,0.1161074069962156,1.2095689922822124,-16.722938342737233,0.374520458646167,0.4877446270993453,False,False,False,False,pachytene,33,off_axis,17.15260278236679,9.13
541,8.012608762021197,76.7723755228211,59.82200378568056,30.734383355999995,1.9431752259699249,0.6672263776522669,0.1243221530427797,0.5527522935779816,0.9981331673926572,0.1433928305550826,0.1920621099154177,1.2230462331633143,-13.920109440849439,0.3752574486868369,0.2249147665006305,False,False,True,False,TZ,33,off_axis,15.268074223630057,9.13
495,7.16162381969805,71.5955557722782,54.526374036803794,34.034893002,2.010382029173882,0.6380867048039148,0.1288984737889847,0.57455722719482,0.9984955619076274,0.2075354503304214,0.2145639054568971,1.1487165669360273,-19.731292629316957,0.3759288147164851,0.2243440125508647,False,False,True,False,TZ,33,off_axis,19.80285107465278,9.13
60,2.417309423250082,71.65556311015582,54.14583836460434,33.880071654,2.007329052526401,0.5759883680675759,0.1522702104097453,0.5215545395166558,0.9873121218036308,0.1206700485964581,0.095720055120854,1.270399524285939,-19.720412504554435,0.3764900570899351,0.2919545299152412,False,False,True,False,TZ,33,off_axis,19.76301003298152,9.13
331,4.578372795169104,79.42932473382977,62.18257985062809,29.523961908,1.9173232661769632,0.6751152073732719,0.0858484238765928,0.5766691122523845,1.0,0.0964981376705603,0.1196110042813635,1.1470772799975184,-10.983251708519663,0.3805900358023047,0.148869467867425,False,False,True,False,TZ,33,off_axis,13.751135660069098,9.13
63,1.3513702623907002,76.80276954602263,59.04307609329388,28.16106489,1.887354530662315,0.6179925031236985,0.0774492053912693,0.5394679459223725,0.994503337259521,0.1945104626347873,0.1759644845150191,1.2403810045721997,-13.989517035913607,0.3828785776258161,0.1435659078109786,False,False,True,False,TZ,33,off_axis,15.030428276453943,9.13
566,8.321224024328824,77.26813901419105,55.38340141915837,37.025759952,2.067625076003168,0.7098327420172326,0.1429640718562874,0.5172489082969433,0.9997617629541392,0.1543807902300258,0.2429929871748599,1.2194154477909294,-13.995695825427129,0.3841728559627567,0.2763931823983945,False,False,True,False,TZ,33,off_axis,14.111861395735465,9.13
524,7.592253571174646,79.93793789354011,58.392002707697024,33.007442238,1.9899450660741853,0.6447302963542036,0.1515614392396469,0.5125025005001,0.9943829240892312,0.1431009556613252,0.142941527989855,1.177321145146249,-10.963271688111638,0.3852058746919992,0.2957281946756421,False,False,True,False,TZ,34,off_axis,11.83186145791352,9.13
598,8.61228365752775,74.57018976106838,52.19323513554924,30.631169124,1.940997553371232,0.7147342625210599,0.0963124696749151,0.5323489932885906,0.9976237070170534,0.1593844510213232,0.241149454079003,1.2202715557045911,-17.079244742213987,0.3854419829369274,0.1809197930101154,False,False,True,False,TZ,34,off_axis,17.10921361635853,9.13
280,3.396600652553319,75.31054955611324,53.25229908945952,30.915008262,1.9469744508470683,0.649138781394643,0.1353777112939416,0.5291955017301038,0.9968506547323056,0.1328551975498067,0.151696589332147,1.3012743560392177,-16.209600873587327,0.3866916794006849,0.2558179554651353,False,False,True,False,TZ,34,off_axis,16.209699217852467,9.13
496,7.05562859490551,82.14697382908874,61.797030073952826,34.25774191199999,2.014760253372524,0.6879622021364009,0.227234186874682,0.4516129032258064,0.9998563011927,0.1175579555946966,0.1649122762019513,1.4366849077739563,-8.337165807369548,0.3869900602422543,0.5031614137939387,False,False,False,False,pachytene,34,off_axis,11.243978265842886,9.13
66,1.4019247425657189,81.11635605812839,62.12194726205429,24.374979198,1.7986716166849537,0.6849196419978828,0.0099788327789537,0.5983506414172266,0.9998204667863556,0.2303391797212753,0.3115028931188658,1.2961411357348245,-9.31780488130148,0.387928181426753,0.0166772325259287,False,False,False,False,pachytene,34,off_axis,12.279912045688237,9.13
64,1.268439857086181,77.58067705438603,54.84470645097187,23.636059128,1.7803094050534978,0.583267169511711,0.1311814607903993,0.5053584186711122,0.9933425797503468,0.1513410481437994,0.108950620270164,1.2274806107361176,-13.754569840323352,0.3880824593978585,0.2595810338637545,False,False,True,False,TZ,34,off_axis,13.809701406655368,9.13
65,2.582883666956798,80.37801671018367,57.848239208007655,32.343587064,1.9765138327070413,0.6932114882506528,0.0558035714285714,0.6023640661938534,1.0,0.1324287934033908,0.1997146365626075,1.1059249962401156,-10.59629867346587,0.3916494652629884,0.0926409368692531,False,False,False,False,pachytene,34,off_axis,11.275453032909313,9.13
613,8.603190333966683,82.52030681509635,56.85218497827978,34.558001496,2.020629410616044,0.5586478414336139,0.1526130587775316,0.5367579206398031,0.974435789894148,0.1889852429815702,0.1122300230089987,1.2372358377748016,-8.598879983105128,0.3937295047953602,0.2843238132296592,False,False,True,False,TZ,34,pre,8.98117430745561,9.13
647,8.689044256449499,80.57665379291146,53.70415503041137,33.551662734,2.000822116982392,0.6495140879535761,0.1800785083415113,0.5206463195691203,0.9943120676402768,0.0857321336683786,0.080230696597168,1.167733386422052,-10.928933286474315,0.3947739593303289,0.3458749280904199,False,False,False,False,pachytene,34,off_axis,10.932554396494437,9.13
266,3.3594512580604,84.19695794664261,64.36376218232391,37.105516404,2.069108621284543,0.6954102920723226,0.2217735422387337,0.4686591946865919,0.9998734177215188,0.0849386616485604,0.1296640345970969,1.7554753821498488,-5.975947316544853,0.3958946699094339,0.4732085591258719,False,False,False,False,pachytene,35,off_axis,11.502350894006575,9.13
427,5.912339310570764,77.57333114713727,50.905034758046334,28.648986714,1.8981923504862248,0.7126013264554163,0.1303270564915758,0.4991452991452991,0.9986192083461184,0.1106898236482575,0.1808483817094532,1.3521872884396138,-14.265372857874299,0.3961159029668381,0.2611004385190817,False,False,True,False,TZ,35,off_axis,14.513766524555342,9.13
567,8.212909942738134,84.61141463523286,59.53199535955908,31.543676766,1.9600834790995,0.4978805681564661,0.1820714718352514,0.5250296208530806,0.968937019093759,0.1241427260714118,0.0737369938481791,1.383680463306462,-6.182422855275979,0.3970599484773801,0.3467832377522193,False,False,False,False,pachytene,35,pre,7.940580161798001,9.13
289,3.706957424714532,79.06344653726144,53.36467577282404,29.366794782,1.9139150008167585,0.5174534707244988,0.1724657534246575,0.5404734315510678,0.9776267346360804,0.1728277018463329,0.1167654274536478,1.1806039039161116,-12.473118632356284,0.3972233038431397,0.3191012607774444,False,False,True,False,TZ,35,off_axis,12.480345385490718,9.13
67,1.211910471622697,81.58687436450954,54.80120244604261,29.34568278,1.9134562484020572,0.5346922462030376,0.1259759759759759,0.5170932829410754,0.973987664253151,0.2018290977341472,0.1325170580853208,1.843704796293265,-9.786787201890899,0.3994750500566603,0.2436233076930751,False,False,True,False,TZ,35,off_axis,9.810214896778122,9.13
366,5.370564297341324,86.2532153350506,60.85870902061664,34.586150831999994,2.021177898539458,0.5442213781877374,0.2419627749576988,0.4797619047619048,0.9668826493880488,0.1462206231584571,0.0798453558621585,1.4372271792396194,-4.384523250894788,0.3998890499698251,0.5043392827902407,False,False,False,False,pachytene,35,pre,7.5033441566641725,9.13
68,1.639204545454615,84.97040063920313,60.02370246211988,29.725698816,1.9216803734577184,0.6031407828282829,0.11336389280677,0.4961224895605488,0.9825997952917092,0.2492111398508895,0.2011348328022786,1.3418293566491917,-5.763537295300105,0.4004233355343035,0.2284998063828643,False,False,True,False,TZ,35,pre,7.914981776518864,9.13
462,6.908053529930257,80.85695010016896,50.89822285439682,29.272963662,1.9118744150001767,0.6430002404038786,0.1392967542503863,0.512682379349046,0.9950621799561082,0.1358024450636617,0.1366782030821502,1.3018899140630409,-11.009553254473305,0.4009924172031527,0.2717018564734987,False,False,True,False,TZ,35,off_axis,11.437696690207561,9.13
584,8.309889340243709,84.18126839193098,53.58621498809199,33.493018283999994,1.999655701436713,0.6355932203389831,0.1707044947401976,0.5141264655006726,0.9861134348335284,0.1573418615158441,0.143283319988541,1.3025981420715769,-7.368953447578752,0.4041808252129338,0.3320282191152331,False,False,True,False,TZ,35,pre,7.418854455639204,9.13
310,3.9988619994239207,82.66470200950744,53.40777370354223,32.568781752,1.981090436792168,0.6228752520887353,0.1916010498687663,0.5005729564553094,0.9924269743959612,0.1498090474156169,0.1365224096232942,1.3775145269850702,-8.895888602930215,0.4049916267555038,0.3827634861170776,False,False,False,False,pachytene,35,pre,8.9356642521708,9.13
614,8.748554790142537,86.72323432994854,57.190029685392666,33.030900018,1.990416360188881,0.520985725445636,0.1324758842443729,0.5716827279466271,0.9875489970025364,0.1814681742391442,0.0999013526599034,1.354058653738832,-4.387241502249644,0.4057253191882064,0.2317297300903256,False,False,True,False,TZ,35,pre,4.996165926765489,9.13
599,8.585889884763043,88.75927569142154,61.29734932778391,36.64105236,2.0604390700736603,0.5894366197183099,0.1450473270230635,0.5365663496023702,0.9922257900963326,0.1221849954311955,0.1055844797748642,1.4726190034225042,-1.8429536571248413,0.406339887001886,0.2703250532400194,False,False,True,False,TZ,35,pre,6.471724574531795,9.13
70,1.688289046531143,88.47168543946158,62.50601495731645,39.019671252,2.104093326474191,0.6150054106047853,0.1464747434359589,0.4759525296689569,0.9942671211651688,0.1608881252892148,0.153758374134205,1.6910949421359265,-1.9737095541477634,0.4088858375479168,0.3077507404737141,False,False,True,False,TZ,36,pre,7.696647501018708,9.13
69,1.4007710224078636,86.15467230744477,56.113099502049046,29.207281878,1.9104434089957112,0.6288651513934624,0.1281132075471698,0.5126595974897208,0.9977125428898208,0.1648434303017219,0.1585041399760085,1.4512479880214362,-5.088779928443541,0.4091253811759141,0.2498991693015921,False,False,True,False,TZ,36,pre,5.276503044108766,9.13
428,6.2515256540942685,84.48381066258844,50.19391838939961,34.51812327,2.019851875964468,0.5594971117906897,0.2050527348540594,0.4771675408824437,0.9819277108433736,0.059530680849835,0.0378735652984499,1.4167298320512396,-7.502451327958037,0.4112378506039297,0.4297290098040779,False,False,False,False,pachytene,36,pre,8.628607642559508,9.13
388,5.448527781200097,89.69056563385482,64.68011693975573,38.081360052,2.087090495916973,0.7242207712208943,0.1879194630872482,0.5045789591244136,0.9994416527079844,0.0705491141880906,0.1328557566382991,1.837408924515464,-0.4869600103143778,0.4126300520553784,0.3724282586284243,False,False,False,False,pachytene,36,off_axis,9.4523205389282,9.13
657,9.193809676385683,87.87113607818108,52.93129361102173,36.60586569,2.059779307277972,0.537455943607818,0.1685289713166685,0.4825436408977556,0.9803023362345396,0.1649369935366618,0.0869612700235786,1.4185982638773829,-3.793049613495358,0.4126653954233103,0.349251253219556,False,False,False,False,pachytene,36,pre,4.278818645521849,9.13
600,8.577185827172789,90.18928887331045,57.37651456793368,36.809948376,2.063600065676619,0.525172062197298,0.2019065981148243,0.4916118641793048,0.9707753947678528,0.1874068427321636,0.0866245364920804,1.359444218721589,-0.9257777814085643,0.4140939618183073,0.4107032657803866,False,False,False,False,pachytene,36,pre,2.324621131968327,9.13
403,5.908879479239094,91.31324458699174,60.72719048220755,37.11724529399999,2.0693266103526438,0.6085445237944764,0.182094282318764,0.4597998062641266,0.9933696021761306,0.089838548908604,0.0760055029767528,1.4377117224037308,0.6172000560086897,0.4143622050899028,0.3960294890036602,False,False,False,False,pachytene,36,early,5.311870332476101,9.13
72,2.090353149283021,89.84915977635939,58.60533159390966,37.131319962,2.0695881366252986,0.7067407922168172,0.1313622754491018,0.5140025850926325,0.9995333099988332,0.120453118647278,0.1790652252236232,1.3428236585360038,-1.1060661676791586,0.4149262390567831,0.2555673439374395,False,False,True,False,TZ,36,pre,3.570187065265327,9.13
267,3.427590997499353,86.16911767852095,52.58317072798007,33.769820088,2.0051492886597733,0.5944706863017505,0.1959785153560115,0.4768756423432682,0.9949816637714728,0.0766822159573804,0.0563426240782047,1.2883867278002032,-5.525602390979403,0.4152612979775922,0.4109635677616362,False,False,False,False,pachytene,36,pre,5.91401289693643,9.13
71,1.529312406577042,89.2250918609879,53.654701524662,31.38650964,1.9568226697533984,0.6009715994020927,0.167991273180614,0.4933508147593182,0.997031466455571,0.2001490715077023,0.1604908660917678,1.5001638165736844,-2.3577409859189276,0.4203149942179365,0.3405107849321557,False,False,False,False,pachytene,37,pre,2.760486173952732,9.13
73,2.190690505548704,92.8266141307033,62.39314566584503,38.04851916,2.0864903630597254,0.6514796547472257,0.1950733304855475,0.4505572262515478,0.999718666479111,0.0936741725701591,0.1256364808470379,1.551400731053266,2.3310791780037468,0.421354423029882,0.4329601638142129,False,False,False,False,pachytene,37,early,6.770744009293869,9.13
402,5.786264522406256,88.7589499628002,50.45260217478525,40.987778994,2.138890700144009,0.582956561552109,0.1733408961996596,0.4870317002881844,0.9789978501736398,0.0798107584116299,0.0643311137417072,1.6352669392224,-3.229310580371683,0.4215093678195682,0.3559129643862834,False,False,False,False,pachytene,37,pre,5.581142591390774,9.13
615,8.702913592596769,91.84302479054548,54.0865936476167,37.518373332,2.076754357714887,0.5559584844316618,0.2391257767302336,0.4825401295409743,0.984258492129246,0.1026783563770759,0.0708474097932777,1.3987593158509128,0.29392125676595837,0.4227484553909688,0.4955562492962121,False,False,False,False,pachytene,37,early,1.3419769908110544,9.13
478,6.7580767556136685,93.47794896436024,57.71957527523861,37.713072906,2.080340562938259,0.6272936493126827,0.1938651957486883,0.4848130841121495,0.9961709296982691,0.1247811593592593,0.1125541261531963,1.3621121568175256,2.3797577630969884,0.4239607797582291,0.3998761627972945,False,False,False,False,pachytene,37,early,2.0522561522742837,9.13
311,3.797456531110876,91.97222263256052,53.02716757436346,32.648538204,1.982706257564397,0.6349331800546055,0.1594706368899917,0.5309978350718363,0.998184219214262,0.1361557570784119,0.1478911365223993,1.387111825037978,0.2866575593621023,0.4290509431725134,0.3003225745137317,False,False,True,False,TZ,37,early,2.409227161000845,9.13
373,5.378699010379164,95.4601632150618,64.01280231716233,38.874233016,2.101475872202337,0.676743905382573,0.2024713413726365,0.4832928878103416,0.9996216420734014,0.0600265973010532,0.0880613462894188,1.7947624399415545,5.150034049182947,0.4291452519091597,0.418941280700353,False,False,False,False,pachytene,37,early,8.040532134193791,9.13
74,1.2326810176125518,93.75410195694832,54.92776200853885,26.371236276,1.8464914180695364,0.6205301547767301,0.134685598377282,0.5632911392405063,0.998741346758968,0.1933036734693818,0.1776301192958721,1.566931894788591,2.2968329539650876,0.4303715378544042,0.2391047701529275,False,False,True,False,TZ,38,early,0.7519559059457436,9.13
508,7.62804301583533,96.79935781729787,60.23849622429538,39.699946872,2.1162506544565285,0.5882770030725597,0.2023809523809523,0.517939150401837,0.9946437266677488,0.1415461277158581,0.1186629958206121,1.5872021191291816,5.995863521821834,0.4307677197696405,0.3907427199197771,False,False,False,False,pachytene,38,early,4.126020521166415,9.13
75,1.4631675874770222,95.46044164364652,58.98212295119641,30.570178896,1.9397084466165413,0.5952271332105586,0.1502899484536082,0.498388625592417,0.9968006398720256,0.2381988181749742,0.1908052500125815,1.596907159993873,4.507354496914769,0.431015804610031,0.3015517223631735,False,False,True,False,TZ,38,early,3.0510734507518573,9.13
463,6.706995831162217,93.63295470297165,51.38286868811973,36.012383856,2.0485870378256377,0.5235148514851485,0.1795648272768057,0.4868079289131921,0.9658298465829848,0.1055972327250785,0.0377149503657805,1.6474110547702487,1.7236172797327922,0.4310437959112324,0.3688617555545729,False,False,False,False,pachytene,38,early,4.252294332600031,9.13
648,9.024226624956146,95.5839349843588,54.44154796663174,40.492819836,2.1302462230105594,0.6310972077395436,0.2727272727272727,0.4492776381909548,0.991661703394878,0.1250319671615061,0.1161095751805501,1.4242969946013504,4.049518116982547,0.4316018211748142,0.607035048139557,False,False,False,False,pachytene,38,early,1.4680478847364133,9.13
77,1.2830463874896572,98.5024610856323,62.21523559130911,31.201193178,1.9529638196977204,0.5493571911886324,0.1512319456244689,0.4713046379713046,0.9888198757763976,0.0614845616948405,0.0456714151777661,1.9287759816733996,7.93764074786054,0.4377053762900345,0.3208793918842715,False,False,True,False,TZ,38,early,5.868880375586918,9.13
290,3.516640152720229,95.55853084314354,53.15031829462207,36.86390127,2.0646077900243616,0.6220808145084314,0.1636389240951978,0.4598417241959926,0.9951930780323666,0.0980225673539261,0.0876431541207893,1.540468536505694,3.859294210084612,0.4392429271643672,0.3558592347862981,False,False,False,False,pachytene,38,early,2.7454414425382234,9.13
312,4.243314641744633,98.7320087663544,61.26593753270927,37.64973689999999,2.079175323394845,0.5747663551401869,0.1487902220004988,0.5459340659340659,0.9967218488772333,0.2094799359023206,0.1729318710444188,1.650224286006999,8.043979050516421,0.4394171668842423,0.272542475886582,False,False,True,False,TZ,38,early,4.8980296624623065,9.13
76,1.7465846892105246,97.529830126712,56.743621376622464,31.285641186,1.9547241726252769,0.6741396116068081,0.1505082095387021,0.4976990335941095,1.0,0.0915815282548363,0.1436216414918687,1.352210904953289,6.27367604302064,0.4397209122950616,0.3024080807467404,False,False,True,False,TZ,38,early,0.5664474851433029,9.13
551,8.142691326530876,98.98735345025464,57.07280841199098,36.78179904,2.0630739055146794,0.5161989795918367,0.1791819952391257,0.5204323754284208,0.9753027784374256,0.0933938165749805,0.0533844233794514,1.4513671010687297,7.761318699678068,0.4402170968838284,0.3442944822401235,False,False,False,False,pachytene,38,early,0.7066532946475675,9.13
585,8.212621604548563,97.48732252684478,50.68053458623016,37.13366574,2.0696317179118813,0.6232469993682881,0.2552447552447552,0.4666331321260898,0.995397008055236,0.121934213037736,0.0944380382797263,1.583200474614899,5.4566125218131205,0.4415442487652298,0.5469923536757887,False,False,False,False,pachytene,39,early,5.4414835669068236,9.13
542,7.891950513292571,101.1981997051862,60.9114036167394,44.55805311,2.1992732868702696,0.6076862332192683,0.2520325203252033,0.4629629629629629,0.9847103793002058,0.1416896137359428,0.1201750170441045,1.649657269645212,10.444633028904045,0.4434426323891989,0.5443902439024391,False,False,False,False,pachytene,39,early,4.23120695708952,9.13
79,1.4644609077177977,100.7605268143576,58.42196489246944,32.613351534,1.9819937202150448,0.5743364741422714,0.1263655152051963,0.5103075363298412,0.99541192898464,0.1684693422809065,0.1361267462832758,1.6347356227894176,9.692381937746832,0.4461694210268751,0.2476261983391894,False,False,True,False,TZ,39,early,1.8181215841460214,9.13
334,4.704617048604074,99.12756909349054,52.44310912593795,34.701093953999994,2.0234144739969087,0.5159872912864192,0.2310170765760928,0.4779329608938547,0.9817855310415596,0.0906977528137126,0.0481279996967943,1.5637498766044398,7.308676780203758,0.4479427114106633,0.48336711522058,False,False,False,False,pachytene,39,early,3.9029986660347764,9.13
81,1.677739533137241,102.37507705112752,63.77556492271208,37.483186662,2.076104925451103,0.5768821578321547,0.1547693461682709,0.4863185919242715,0.996501565089302,0.1902529800538946,0.1304674721042694,2.094411598878435,11.97791855214924,0.449629437089013,0.3182468216069586,False,False,True,False,TZ,39,early,6.9214663829121905,9.13
78,1.7032624298578092,100.51639858410688,54.22482635390734,35.951393628,2.047429895216124,0.6053764844055853,0.2031620553359684,0.4398148148148148,0.9938361131254532,0.1287110365092553,0.1136596724780868,1.6240760635465863,8.913832385584548,0.4497485659654107,0.461926357395465,False,False,False,False,pachytene,39,early,2.313395219585565,9.13
568,8.363871351995483,102.71316486003508,55.81708466944715,39.38561262,2.110650533730833,0.6133412745681954,0.2239091452480573,0.4750462107208872,0.9832358057883916,0.1232448540856945,0.082147034494528,1.5095239040909652,11.296084777911359,0.4514138290471283,0.4713418193743153,False,False,False,False,pachytene,39,early,1.0149568676741993,9.13
543,7.879671984826233,101.7642949737804,50.99669138123551,42.050416428,2.1572173136048383,0.5535534977128194,0.214776295133438,0.4720729726352617,0.9515015855250886,0.2914181387254716,0.1565483110446723,1.7009905148352311,9.73891683166201,0.4519812759526967,0.4549641847413722,False,False,False,False,pachytene,39,early,5.6745462810507,9.13
479,6.920167633044488,105.05587440151749,59.54585678282218,40.861106982,2.1366850249843865,0.5849933980136632,0.2667613348209757,0.4650712408355236,0.989692492698849,0.0657902082502334,0.0589357568280474,1.635930973351989,14.096144839214755,0.4554016155945965,0.5735924120823419,False,False,False,False,pachytene,40,early,2.383821313132782,9.13
374,5.575764653542649,103.89761885218536,64.43427207207262,42.181779996,2.1594613277346424,0.607885663441219,0.2496541449398744,0.4308608707984683,0.9924089852827266,0.0750721385810859,0.0613650235195754,2.171373384985153,13.572161429024659,0.4570587043486646,0.5794309993321445,False,False,False,False,pachytene,40,early,7.380180121663419,9.13
83,1.197522484303425,105.58057284914564,59.347389224502514,27.647339508,1.875807402818096,0.6416086882742237,0.2101720269259536,0.4538352272727273,0.9956781230705908,0.1518132194481869,0.1386119263498287,1.716463846764197,14.591174739891773,0.4601451470125095,0.4631020561999102,False,False,False,False,pachytene,40,early,2.11992127507962,9.13
313,4.07091235775615,103.35825665801433,51.69982691155951,35.250006006,2.03402769544508,0.5916683303387236,0.2557011159631247,0.4390482398956975,0.9848989998038832,0.1220351688371326,0.0729154974392024,1.5179117184148134,11.409672137072164,0.4602882170346422,0.5823986813473397,False,False,False,False,pachytene,40,early,5.180896471718511,9.13
82,1.4914786967419036,104.5843184873957,54.92156764705865,31.822824348,1.965848463706702,0.5706177207725196,0.121815166591286,0.4882403433476395,0.984381874175099,0.1879259636529729,0.1069936462902699,1.6837649477288863,13.037439915037558,0.4609093266973119,0.2494983633594377,False,False,True,False,TZ,40,early,2.1422762194891964,9.13
268,3.3497464719896404,106.89419070804718,62.37662520007336,38.398040082,2.092859864435036,0.6392571323843852,0.1923129530843933,0.4675698560541914,0.9951789627465304,0.0730583626977738,0.0690197707709663,1.865290858623648,16.281177063357553,0.4638955713479102,0.4113031466727065,False,False,False,False,pachytene,41,early,4.9564252185984685,9.13
525,7.825388662999042,108.57669471418173,60.97209053455923,39.230791272,2.1078813087150103,0.5875388662999282,0.2460378183408023,0.4589736155407364,0.997049635543214,0.0976516116272859,0.0540690369911031,1.6851910079867285,17.770373698794113,0.4644234048511719,0.5360609194298339,False,False,False,False,pachytene,41,early,3.348373372949785,9.13
601,8.577761875929587,107.310980816866,55.75400484945304,42.615748926,2.166841635713552,0.6008697088126823,0.235852039203288,0.4684871052268652,0.98125,0.0947794238390578,0.061214953939398,1.6074209397401475,15.848132312919416,0.4645021252361543,0.5034333636335123,False,False,False,False,pachytene,41,early,1.6651521272744647,9.13
509,7.555219315015828,106.2058470257306,51.566021276015306,42.944157846,2.172393495213917,0.4901950073742284,0.2255414488424196,0.4757312761170041,0.93937125748503,0.2725801366794783,0.0852973494147058,1.7178825033643643,14.216808317346468,0.4647466051952995,0.4740942211815997,False,False,False,False,pachytene,41,early,5.6775465656567965,9.13
269,3.302951243138476,107.32590846625756,51.708805398773336,36.32437233,2.0544859224071748,0.598708427510494,0.262958130708101,0.451239137431606,0.9886488465763456,0.0730130215649367,0.0630864083154251,1.6142933376679085,15.345933009050952,0.4708845277608395,0.5827467276106062,False,False,False,False,pachytene,41,early,5.679085022788509,9.13
84,1.3451931455126187,109.10325383386431,54.06481165407949,32.306054616,1.9757490018934392,0.5065349985477781,0.2169604793178937,0.4596821659799882,0.933869526362824,0.3082913875303261,0.097929713621337,1.8616794958790643,17.40981641737328,0.4739934736706336,0.4719793269668393,False,False,False,False,pachytene,41,early,3.569557277617387,9.13
544,7.78159860697598,111.37296307364085,57.78005442902969,41.761885734,2.1522720399071518,0.6358478908049205,0.2705074828401035,0.4456270245256825,0.9948957890259464,0.0593069760811903,0.0399297381997284,1.6422720907740038,20.135745704359525,0.4742115992724655,0.607026656715954,False,False,False,False,pachytene,41,early,0.17486753740587935,9.13
250,3.2097294759695933,111.31456078281964,61.43508634469758,39.974402898,2.121116189210911,0.6185669855055455,0.2141216297908355,0.4483076923076923,0.9954008891614288,0.0859154769294621,0.0761313630877002,1.7920585858318283,20.544960783689103,0.4767520810479203,0.4776220293893036,False,False,False,False,pachytene,42,early,3.4576539217149524,9.13
85,1.2395675675675766,111.18204987941851,57.65602899792185,28.20798045,1.8884020427578585,0.6373388773388773,0.2556750298685782,0.478330658105939,0.99438202247191,0.1589940827836347,0.1474865530961527,1.877331764313086,19.930546866688164,0.4767824122515819,0.5345152470071284,False,False,False,False,pachytene,42,early,0.273475814482298,9.13
602,8.373402664933716,110.65748369190868,52.27038785830363,36.08979453,2.0500538389136462,0.5909652258693532,0.2086267605633802,0.5169235658668362,0.9952093683463448,0.1420797801169485,0.1026866475588141,1.60290268835986,18.721960338794023,0.4777708106926689,0.4035930538657706,False,False,False,False,pachytene,42,early,5.547906473275685,9.13
464,7.035294117647429,113.6464221097398,62.3181515574459,39.160417932,2.1066201612865694,0.5297112735114413,0.2575184414601853,0.4185454082282512,0.9324324324324323,0.2429240333119693,0.1062558649249489,1.8903092774141543,23.93572541971228,0.4795057886953992,0.6152700194473265,False,False,False,False,pachytene,42,early,3.964701489175334,9.13
325,4.273015305818643,111.11279435411984,52.37738486689316,39.387958398,2.110692435827958,0.5526770293609672,0.2366869918699187,0.4573292504326987,0.9936229573535272,0.1240581340389751,0.0590320622951942,1.664329280576175,19.18721198792047,0.4816896874970155,0.5175417746535543,False,False,False,False,pachytene,42,early,5.499978799063432,9.13
649,9.052686160260857,114.16999662693048,54.63627608916422,43.882469046,2.188101591186777,0.5438071310204736,0.2557774483299904,0.4832434966018279,0.9792871804441128,0.1901167804586514,0.1164067326285381,1.7593220743027436,22.50804430544397,0.4843076365143027,0.5292930999146794,False,False,False,False,pachytene,42,early,3.65034423790729,9.13
86,1.6623165385348546,113.98817555117849,54.87109400215999,36.920199942,2.0656582807176216,0.583010356439418,0.1826899128268991,0.4753923510589669,0.9893497757847534,0.2095026205127948,0.1480466479246141,1.8339913686883795,22.35772568939241,0.4880874610377025,0.3842929159881215,False,False,False,False,pachytene,43,early,3.3942140571014163,9.13
89,2.6030733545955083,115.51210803131384,61.9501936735286,40.45294161,2.1295466887642918,0.5593505363873587,0.209178894786138,0.4996710093433346,0.978704205017145,0.0954298133669205,0.0590713643772727,1.8156023628334692,25.543840585426572,0.4888995478129662,0.4186332424229294,False,False,False,False,pachytene,43,early,2.949742092895768,9.13
616,8.783920086393477,116.32275523218362,59.25557894708325,43.44380856,2.1807862185754354,0.5541576673866091,0.27753959226529,0.4508901538088894,0.9690915944214096,0.0790051624894715,0.0520244943720761,1.7613482056841865,25.33003029863659,0.4891712731361226,0.6155370436031425,False,False,False,False,pachytene,43,early,0.14396545005390754,9.13
88,1.399860403434052,115.9914921546738,58.0951527326034,33.607961405999994,2.001940597890054,0.6027081733789349,0.2257889009793253,0.4413211524947294,0.9960899315738024,0.1915867782122184,0.1214062275114701,1.9894177936222688,24.60320904855623,0.4905214992520644,0.511620391868758,False,False,False,False,pachytene,43,early,0.8193907126423938,9.13
404,5.691024436090558,115.80592031250104,53.1193496651778,39.934524672,2.1204106169126096,0.5914591165413534,0.2235990176378656,0.4882818116462976,0.9872727272727272,0.1104058091703994,0.0887609002307752,1.7696341996403602,23.159933074169277,0.4934419563324354,0.4579302613873248,False,False,False,False,pachytene,43,early,5.419861056782944,9.13
375,5.299899263029345,118.74478021313814,61.62077642754848,44.243718858,2.194089495675003,0.5881978686177827,0.2743834080717489,0.4268057164928543,0.9852280025690432,0.0977102219414244,0.0763525024966907,1.8994621963178384,28.441156181356074,0.4949465042472068,0.6428766004504596,False,False,False,False,pachytene,43,early,1.478603929882698,9.13
636,9.02833350681816,119.1243916675346,55.60339794941223,45.07177849199999,2.207693074771251,0.5794212553346518,0.2996186514127231,0.4462319019923277,0.9753562447611064,0.0885030219537069,0.0664748317061333,1.7377308364156503,26.628968805259888,0.4973764534238052,0.6714415757255173,False,False,False,False,pachytene,44,early,4.271954783787119,9.13
617,8.757073170732282,121.73078487804791,61.63107883556202,44.72225757,2.201971547924944,0.5452399685287175,0.2318596615575441,0.473356401384083,0.9695099818511796,0.1240331735325983,0.0537873184126605,1.842902726292946,31.230648210439842,0.5030885726613578,0.4898204838459813,False,False,False,False,pachytene,44,mid,0.4132100036038298,9.13
251,3.0539614807979505,119.22751496367218,53.83562899319417,40.680482076,2.133531997273688,0.588455772113943,0.2405831027878272,0.4570547849236374,0.9964830011723328,0.038641840232204,0.0217213133985701,1.9523190429422643,26.0887545570356,0.5037796310292613,0.5263769480676649,False,False,False,False,pachytene,44,early,5.958314787697925,9.13
93,1.6212357909443027,121.59149868546208,57.95999083635059,36.93896616599999,2.0660082069550354,0.5679176986092589,0.2159483752016593,0.4781011169900059,0.9826455842653298,0.1538838560105112,0.0787177486471511,1.9529632617672577,29.77905604276166,0.5064610178695487,0.4516792944580663,False,False,False,False,pachytene,44,early,2.9615741258086876,9.13
94,1.8299489384572905,121.719321736092,62.75314710024241,43.64319969,2.184117463372163,0.5885514646600376,0.1922549329956737,0.4346178967994775,0.9909838658652326,0.0764266884000705,0.0608140331844016,2.0343362567423537,31.62391476143205,0.506830766660321,0.4423539260841246,False,False,False,False,pachytene,44,mid,1.4641667173161708,9.13
480,7.005531263664223,122.48046909706852,53.784002115214776,42.918354288,2.171958304372782,0.5746064713598601,0.2581260127728529,0.4144931260439419,0.9875043998592044,0.0938465907436627,0.0636272095962802,1.9148852050422571,29.105000742786714,0.5087634388585407,0.6227510097368613,False,False,False,False,pachytene,45,early,7.177591161393453,9.13
376,5.462922561831601,124.10784650610115,64.87292815638823,43.439117004,2.1807077137257123,0.5692299384382763,0.223725184896847,0.44690986586436,0.988825855251848,0.0524697769648664,0.029821081555935,2.014970064939584,34.61543321877267,0.5127858727076499,0.5006047124606308,False,False,False,False,pachytene,45,mid,2.581905337178785,9.13
618,8.787869976114282,126.2109068387149,59.17083366393161,45.17499272399999,2.209376993450854,0.5875999584588223,0.2302771855010661,0.4778393351800554,0.9758002756930616,0.0838346537517916,0.0770482367168478,1.8012719753075923,34.52463854226704,0.5176214475396559,0.4819134142949848,False,False,False,False,pachytene,45,mid,3.4949771440146544,9.13
282,3.426153141810542,125.29768933844608,56.34535268398932,40.990124772,2.138931503095185,0.5589447178665445,0.2694094226940942,0.4852731283248994,0.9858663729809104,0.0401076727273248,0.0193544770626387,1.804786774262308,32.655440706701256,0.5190490072180352,0.5551707007228299,False,False,False,False,pachytene,45,mid,5.802228413887331,9.13
102,1.608442408376893,126.93364816753795,59.870763219894044,43.01218540799999,2.173539981529768,0.5975130890052356,0.2341220423412204,0.4308943089430894,0.9875578242143884,0.2133186595153227,0.1319272006656947,2.067986048752485,35.45090255187736,0.5225927240716028,0.5433398341126437,False,False,False,False,pachytene,46,mid,3.1021777089344944,9.13
103,2.3028863126759638,127.41726728209476,65.52241451266467,49.169852658,2.272672023645343,0.6161919755736844,0.2288891018882392,0.4292106898694841,0.9857549857549858,0.0395367900297013,0.027748962541752,1.9415021836690856,37.93677082770351,0.5248938563435006,0.5332791267566998,False,False,False,False,pachytene,46,mid,1.996401377269988,9.13
511,7.580324447396556,128.75699258609183,65.14607678113916,49.453691796,2.277036730495706,0.5573000664073617,0.2553259395196681,0.437051323261545,0.9828571428571428,0.0625273363780301,0.0362215453149383,1.9016584297976244,39.05117593574455,0.5256757500701542,0.5842012732378187,False,False,False,False,pachytene,46,mid,1.1629775754069311,9.13
454,6.605879120878971,128.9154941043944,56.61482469230924,42.6931596,2.168152850578209,0.5364285714285715,0.2170564216778024,0.4695981984117577,0.9873121218036308,0.1075364522474734,0.0610135182238461,1.997297333087935,36.12767337698547,0.5287844939991293,0.4622173219827409,False,False,False,False,pachytene,46,mid,6.85328824624582,9.13
351,5.1049086701786734,128.78317661365733,68.88666482694296,47.645096958,2.248933093675752,0.55733346462508,0.2229040622299049,0.4668001334668001,0.9835722338540828,0.0993184396790047,0.058951646743264,2.56821521358355,40.42227085615163,0.5303354448115573,0.4775149924968012,False,False,False,False,pachytene,46,mid,4.643319979674621,9.13
554,8.177522806357127,131.29455585441409,61.18639349195778,49.885314948,2.283642076632193,0.575895796106461,0.2648952644877332,0.4443951657611709,0.9830757910228108,0.0572523481597629,0.0398270591320717,1.8317207711649448,39.99304292916911,0.5332669116687403,0.596080436730256,False,False,False,False,pachytene,47,mid,3.4447556696993744,9.13
111,1.3165474177181296,131.3888992389761,65.89730254975801,36.063990972,2.0495651384740987,0.6002992064524522,0.201533264033264,0.4652563059397884,0.9878606615059816,0.18270393726424,0.1403968952165319,2.334915251149584,41.77705670412793,0.5365781105692127,0.4331661096482711,False,False,False,False,pachytene,47,mid,0.9163060904494026,9.13
274,3.397573619795714,131.31392074715458,58.28837851531235,43.89185215799999,2.1882575360668546,0.5574261129816686,0.2497735096937851,0.4720444390774061,0.98906439854192,0.0409485622178631,0.0207765257575417,2.055880620207018,38.96778139727842,0.536778358987283,0.5291313465782129,False,False,False,False,pachytene,47,mid,6.155420642571759,9.13
114,1.5814091470951737,132.57208890482048,61.876049710753485,47.44336005,2.2457544899021378,0.5719159456118665,0.1946046511627907,0.4488334488334488,0.9745183343691732,0.1465567701063323,0.0893799316826751,2.232231772334225,41.433199457577835,0.5396083233364788,0.4335787621635207,False,False,False,False,pachytene,47,mid,3.2612738758178823,9.13
622,9.06978457759818,133.91496992273585,66.98140816148889,45.843539454,2.2202225563069216,0.5239727779767691,0.214737908331223,0.4704933892292808,0.9715226656334754,0.1077366359005513,0.0530570050664762,2.0503653364699224,44.837880709293586,0.5418079291193231,0.4564100436841143,False,False,False,False,pachytene,47,mid,0.3414145509805392,9.13
390,6.008458066049085,133.33068504633115,69.58015893086416,49.36689800999999,2.275703844699706,0.5141838916607271,0.2653061224489795,0.4460093896713615,0.9416188402928952,0.2068301387412304,0.0883141614073805,2.194217450702926,46.34366017418827,0.5436647403335315,0.59484425349087,False,False,False,False,pachytene,48,mid,2.5385769439832337,9.13
482,7.139767337807214,134.94647119463102,61.15204806711269,52.42813829999999,2.321802506454613,0.574407158836689,0.2942573082059653,0.4064339781328848,0.9756359178669936,0.0503211442409667,0.0321922337948034,1.9952376143404345,43.21467066906192,0.5440619117610679,0.7239978053945012,False,False,False,False,pachytene,48,mid,4.794665140634701,9.13
118,2.151411227790347,135.19049795294555,69.02462998803807,52.941863682,2.329361387008063,0.5468563073242058,0.2114272495951885,0.4360027378507871,0.9869086581374592,0.0768058401795032,0.0477089098588156,2.151616701192188,47.20286906638186,0.550399482321149,0.4849218393384151,False,False,False,False,pachytene,48,mid,0.7980952481580773,9.13
569,8.382253599113758,137.77394594407806,65.61279442137152,50.837700816,2.2980832847056494,0.571843853820598,0.2522965350523771,0.4425045802349391,0.9801053247513164,0.0521489227973012,0.0221850334796566,1.8703784210966825,46.46250936174638,0.5536127240295258,0.5701557595594271,False,False,False,False,pachytene,48,mid,3.4169602632924563,9.13
275,3.576575269597174,137.85472905846558,62.79502039750536,48.508343262,2.2624341328658804,0.6071860341409159,0.2759604242802389,0.4500800196971562,0.993787998942638,0.0723853443278145,0.0596725834456167,2.230291573263319,44.45352360432608,0.5558751995596528,0.6131363584322704,False,False,False,False,pachytene,49,mid,5.394421410224931,9.13
336,5.018141444612271,137.5209081447958,72.99529806435324,55.98902930399999,2.3732206008491894,0.6480643539467068,0.2925124231449507,0.4016666666666666,0.9920668058455114,0.0797326184005289,0.0494400324433544,2.311330691040979,51.69783009488218,0.5577899710895738,0.7282466966264334,False,False,False,False,pachytene,49,mid,1.794258882713807,9.13
126,1.3491257485029091,138.59442177844366,71.80253035329248,39.1744926,2.10687251157184,0.6493413173652695,0.2180531446120978,0.4207650273224044,0.9935925440512596,0.1244835843270227,0.1183725883519923,2.518179151678463,51.5549721478523,0.5630982360056263,0.5182302008313493,False,False,False,False,pachytene,49,mid,0.19591037842967693,9.13
513,7.495444535601615,141.9785269139436,66.09180642514588,54.32587270199999,2.3494851304484023,0.6239043136577572,0.291869918699187,0.4245694603903559,0.9915108408856258,0.0427563758281937,0.0525761813924346,2.0337723305004696,49.675780392794145,0.5653044040102008,0.6874491595105242,False,False,False,False,pachytene,50,mid,6.170656490719232,9.13
130,2.159043809340213,140.775019952769,66.30776457660419,48.672547722,2.2649840954038645,0.5865342908091956,0.2355195152379254,0.4479543070287912,0.9967610195747078,0.0729912640936929,0.0619839459396016,2.056641612812957,49.0146414705176,0.5680572820333881,0.525766828318023,False,False,False,False,pachytene,50,mid,5.142083569518204,9.13
134,1.7017832501856722,142.31107413225823,70.25088547394176,44.199149076,2.193352495046439,0.6328945971765205,0.2355216622458001,0.4098597657944196,0.99686947053219,0.1318490652530893,0.1065886253090031,2.2320696862394755,52.948641634081554,0.5709831177114317,0.5746396253101234,False,False,False,False,pachytene,50,mid,3.582818496983879,9.13
590,8.584235702493016,142.06984532447254,71.73181709350911,55.41431369399999,2.3650724538122185,0.6108453625703762,0.3355258402602096,0.3821385837049929,0.9867658179984876,0.0339889133654013,0.0350725286181981,1.7641304293950606,53.86917991721102,0.5746126080264485,0.8780213633680919,False,False,False,False,pachytene,50,mid,2.3979307095402222,9.13
570,8.37227126474705,141.37713950169112,76.21085563897401,56.86635027599999,2.3855521527072137,0.5864202623545912,0.2775616083009079,0.4246957909435467,0.9854393517346164,0.1002502530645673,0.074981044826502,2.2386096034293432,57.32942629501242,0.5749584864988089,0.6535539419504235,False,False,False,False,pachytene,50,mid,0.09332470698668623,9.13
122,2.4113153253504445,136.8787947089951,80.56829867725047,50.542132788,2.2936209758381083,0.6431356168198273,0.2860724233983287,0.3996618545974769,0.996788990825688,0.0386511735644568,0.0287453738816885,2.162863820046726,62.960132624719684,0.5806352782470972,0.7157861579921085,False,False,False,False,pachytene,51,late,2.6484925616134842,9.13
484,7.34378897690854,146.28143793190688,70.34690114613244,55.67000349599999,2.3687044708099325,0.6334485083431654,0.3251357641582622,0.3810782848603288,0.99116689911669,0.0774759777376178,0.0904471544303317,1.991465758380533,55.721922293993345,0.581451955639135,0.8531994004261606,False,False,False,False,pachytene,51,mid,6.425690652432639,9.13
137,1.0156688386354462,145.00741536220676,73.63006088922995,30.600674009999995,1.940353214103902,0.5986968187044845,0.25,0.4481375358166189,0.9980980557903636,0.1036625579460241,0.0867474877983398,2.634665625646673,55.979411167795135,0.5819947967943015,0.5578644501278772,False,False,False,False,pachytene,51,mid,3.499856992681185,9.13
650,9.02722889453822,137.9427742964844,81.66313696852973,53.516579292,2.3377599400577034,0.6553432103094591,0.2731558513588463,0.4083683072618593,0.9946764946764948,0.0376653489698313,0.0489898000702686,1.88817023633216,63.626283187599725,0.5849701364970408,0.6688958141496757,False,False,False,False,pachytene,51,late,1.2748234332496475,9.13
276,3.859724418341833,147.21856274678183,73.24933493562246,51.92379602999999,2.314333500869083,0.5933589338152248,0.3134248665141114,0.4241750916564826,0.9896018607196608,0.051398383537967,0.0309798688571366,2.190553052177376,55.979411167795135,0.5855686443479556,0.7389044587463376,False,False,False,False,pachytene,51,mid,5.71515415116111,9.13
406,6.168421052632005,148.1900112096747,76.6564224193549,55.26652967999999,2.3629681174104493,0.6030984719864176,0.2654936768517791,0.3987808790503689,0.977570564516129,0.0434309213549234,0.0409584766837903,2.489870622150543,55.979411167795135,0.5900280195925572,0.6657633071174542,False,False,False,False,pachytene,52,mid,6.672610856895621,9.13
116,1.3178292605520865,135.46601874325663,84.6266648492529,36.95773239,2.066358014696395,0.6561726436052047,0.2142442703800405,0.4515414436034705,0.996670526925304,0.1160112776244143,0.1186038344991818,2.1680889333797566,67.25700009314421,0.5932429529038481,0.4744731041082092,False,False,False,False,pachytene,52,late,2.5919074556497774,9.13
589,8.370423956931445,141.05570760009937,83.4534765646029,55.77321772799999,2.370167455414264,0.6565444145356663,0.3110604910149329,0.3927259368111682,0.9913132345426674,0.0248177674007938,0.0207596324445513,1.982047437154588,64.24716254281618,0.5953499259024488,0.792054870479558,False,False,False,False,pachytene,52,late,2.262149629736355,9.13
273,3.457286738898184,131.34734619258236,82.70323798260351,46.11564970199999,2.224606699388957,0.6651915153364871,0.287816489937243,0.3751139471285323,0.9951290793960058,0.0513300657866534,0.0667984888161981,2.248705840455618,66.85414747135188,0.5977539084928377,0.7672774956528692,False,False,False,False,pachytene,52,late,7.11968221331401,9.13
640,8.900648658254768,133.92046094277697,86.6680710058629,52.79877122399999,2.327260876679725,0.6185800604229608,0.2730121094080786,0.4297029702970297,0.9881926584054244,0.0327985100674943,0.0242867817767993,1.8120274884738756,69.70322383139965,0.6032302629351544,0.6353507615257129,False,False,False,False,pachytene,53,late,3.3482654616656005,9.13
117,1.2810677279900775,135.19601108213783,88.35100325945317,34.185022794,2.013333662185985,0.5570575722226034,0.1897828542738797,0.4777691711851278,0.9890815671162492,0.1322777622376492,0.0775503568621207,2.185215607288539,70.85000176949828,0.6035020766406302,0.3972270831186426,False,False,False,False,pachytene,53,late,1.5750792083667118,9.13
391,5.760927939428418,145.0012285997318,85.60992717348083,53.289038826,2.334442023327602,0.6268873530835938,0.2754936319343534,0.401840490797546,0.9968538802144022,0.039216251842741,0.034363064733133,2.566580048947109,64.92813205027275,0.6045472554600563,0.6855795725999939,False,False,False,False,pachytene,53,late,6.70666261959079,9.13
553,8.334930939827885,131.06481477495464,82.11941992941519,53.837950878,2.3424300863566723,0.6773996775739619,0.3007838322787799,0.3958670988654781,0.9954059722360932,0.0669543412645108,0.0891334252961485,2.1801568718581734,66.40174923698012,0.6046434266266788,0.7598101310788422,False,False,False,False,pachytene,53,late,7.584443828244358,9.13
555,7.930982905983173,137.40456919070533,89.37179325587655,52.69555699199999,2.325743397313873,0.644542378917379,0.3179294439224396,0.3917345021916092,0.9934433642324214,0.0422627229349006,0.0309521893458684,1.8107434991002245,71.0560499825982,0.6071614365217708,0.8115941846933121,False,False,False,False,pachytene,53,late,0.8492320896302369,9.13
272,3.248546255506529,129.33142465308177,86.30790186673936,42.59932848,2.166563295132628,0.6065528634361234,0.2855714428557144,0.4074177746675997,0.9935245143385754,0.1342236735794977,0.0864934184266964,2.0893196036176973,70.93030990574879,0.6095119104474106,0.7009302504995122,False,False,False,False,pachytene,53,late,7.784844734377301,9.13
481,6.873473652783542,129.54720223914086,86.39990455291722,47.14310046599999,2.2410068156640173,0.5909837289147635,0.2374768089053803,0.4209245742092457,0.9942602955947768,0.1985973214014713,0.1375309634948455,2.055729148028276,70.94317552176335,0.6129532064254813,0.56417900843995,False,False,False,False,pachytene,54,late,7.550624887152537,9.13
115,1.5498811813963331,133.15327519520147,91.57215381916828,41.459280372,2.147061000501872,0.6119723888197353,0.2311659192825111,0.4289880431612715,0.9968249168430602,0.156969753739244,0.1172541003850857,2.128895593805371,74.57480945695791,0.61406750270452,0.5388633155810543,False,False,False,False,pachytene,54,late,2.396290827605204,9.13
132,2.1653106922933354,141.59858206755064,88.80923343907494,50.28409720799999,2.289711063915542,0.6194252659078185,0.2471391657438169,0.4393233635695023,0.9986732601616212,0.1137801545556681,0.0926506503222151,2.1976068336736594,69.096367979208,0.6144860554870909,0.5625450095251278,False,False,False,False,pachytene,54,late,4.599680596704106,9.13
483,7.0367493384756274,141.5814880880838,90.75022227205272,52.30381206599999,2.319965773702372,0.64434677310849,0.3547074619578485,0.3778058007566204,0.9933071774751904,0.034897256236841,0.0367037109140715,1.977277037314924,70.9267319624124,0.6164933144439457,0.938861873606722,False,False,False,False,pachytene,54,late,5.245821094480376,9.13
104,2.107068709836872,128.47026203163492,89.80517590706833,47.45508894,2.24593953888863,0.637864557587741,0.2307046098918408,0.386977886977887,0.9984817813765182,0.0231930733551032,0.0414762506133709,2.0723169921689344,74.51155563624214,0.619876508471481,0.596170007783995,False,False,False,False,pachytene,54,late,7.401170664939121,9.13
604,8.69827027948163,134.5942036937643,94.31615469069604,55.06010121599999,2.3600224378731696,0.65013633265167,0.3081718618365627,0.40002435460302,0.9935338191522118,0.0751137902410731,0.0723498602173003,1.77818790606803,76.6625709895841,0.6234784582573676,0.7703827486763632,False,False,False,False,pachytene,55,late,0.10564299264626394,9.13
620,8.847834125726067,128.39755462229263,92.48973515583602,53.286693048,2.33440776885917,0.6230850501848917,0.2792929292929292,0.4498948843728101,0.9943696180172223,0.2050356255917101,0.1917497943599788,1.9528219554653912,77.05985045529712,0.6260470420368422,0.6207959658894238,False,False,False,False,pachytene,55,late,6.553622293048207,9.13
415,5.956593406593807,126.83490560762696,90.94240476729024,43.54702279199999,2.1825118971895194,0.6063887093298859,0.2706856971753668,0.4358833994799507,0.9890979689366786,0.1598675173013113,0.1464583474762408,1.907377452621268,76.13848822066022,0.6263437961152202,0.6210048317929059,False,False,False,False,pachytene,55,late,8.550418453635883,9.13
455,6.6925958389071845,141.10496279928006,95.09800167920064,50.849429706,2.298260003249948,0.6326059879134567,0.2907649835248018,0.3898794575590156,0.9951308581862448,0.0649040442832545,0.0619413918666873,2.0390492522721093,75.17622678278991,0.626863613613219,0.7457817484030665,False,False,False,False,pachytene,55,late,6.281222415550393,9.13
131,1.3621487875955027,141.63398016715217,93.87712204321883,42.662664486,2.167636500749067,0.6228074998625392,0.2736128759000423,0.4332361516034985,0.9979856115107912,0.1540619421420404,0.1221218610158736,2.5173251775465264,73.8481130259055,0.627626862869046,0.6315559652336106,False,False,False,False,pachytene,55,late,6.361970851075555,9.13
105,1.379379157427817,128.92660748336866,94.93470206947694,38.086051608,2.0871762010129924,0.6188716432618871,0.2577665827036104,0.4523270846800258,0.9955149767739868,0.1166992048709223,0.0853131350586292,2.0842327697642147,79.17762509057836,0.6294319390411951,0.5698676719435303,False,False,False,False,pachytene,55,late,5.222160414971717,9.13
281,3.6373392632697112,124.85062316542562,92.7900013052305,48.524763708,2.2626893878311383,0.5803441941409648,0.2634481588325131,0.4416541873056099,0.989938757655293,0.0821182864206215,0.0523465258699604,2.099831637369336,78.55221073688719,0.6319444421656256,0.5965032516497253,False,False,False,False,pachytene,55,off_axis,9.785300388112367,9.13
110,1.4035357510442643,130.96370108373202,98.19753837863868,38.745215226,2.0991484670446408,0.6481201186656173,0.2724086129193791,0.4366827253957329,0.9971064814814816,0.1218497544475925,0.116984437064552,2.051059861959134,81.54969843605103,0.63391183588101,0.6238135769454025,False,False,False,False,pachytene,56,late,2.194105071896956,9.13
125,1.352534865625094,137.90225929251233,97.26156771412964,39.190913046,2.107166843856209,0.6239300891841744,0.1279666897987509,0.5194970555467133,0.9984465470978676,0.1527081136797393,0.1440219647991079,2.406738558105298,78.30265081717818,0.6351464798695609,0.2463280367664068,False,False,False,False,pachytene,56,late,4.008822693459186,9.13
416,6.320368194281261,141.95732701234093,99.21972585194013,47.910169872,2.2530960203139645,0.6592734038386212,0.2478383052313013,0.4046558413565167,0.9952666820595706,0.0369873238047701,0.0344871088914773,2.385327439840835,78.75985099467748,0.6383474876419063,0.6124668913723814,False,False,False,False,pachytene,56,late,8.488658126012947,9.13
641,8.953153617954264,134.80767171417568,99.69622875016304,54.560450502,2.352861948022741,0.7188185218625048,0.3348927082273976,0.4261467889908257,0.9979963265987644,0.0615545356651456,0.1100902884435287,1.8071067225079436,81.64701849746689,0.6388047550203262,0.7858623293172515,False,False,False,False,pachytene,56,late,1.930541803056002,9.13
586,8.390966479950238,126.89509651907188,97.12824883968791,52.765930332,2.326778257020301,0.6455943807237485,0.3110362112176994,0.4465629703963873,0.9921326812672762,0.0966631257827031,0.0994078954156366,1.8011490734262408,81.93265426916814,0.6399710185053398,0.6965114257942415,False,False,False,False,pachytene,56,late,6.38340907752418,9.13
99,2.489628809978976,124.3065351876071,96.14063683733876,46.638758196,2.2329866314503857,0.628156121114576,0.2778863059191248,0.4235087244690924,0.9951137970939952,0.0218445913114708,0.0262465851161412,1.888614528030256,81.88743944590829,0.6414595113543653,0.6561524943021685,False,False,False,False,pachytene,56,off_axis,9.153604531584493,9.13
113,1.488846706931207,132.29246491803232,102.50209081967064,40.78135053,2.1352939269742204,0.7219442047742306,0.2529748106938649,0.4557302441042615,0.9991352286239326,0.1370714870558178,0.1913169997929883,2.211378566154312,85.14264778063088,0.6467230831364054,0.5550977008144091,False,False,False,False,pachytene,57,late,0.523522579607552,9.13
123,2.515685920577684,137.24478288357162,102.19181646660662,51.98244048,2.3152044679469643,0.6779783393501805,0.2180582949813718,0.4352578475336323,0.9973637961335676,0.0398472617779698,0.0377024556071384,2.0605176312551023,83.16140282824904,0.6496702570034516,0.5009864755270669,False,False,False,False,pachytene,57,late,5.07285130422549,9.13
512,7.754912504557625,138.87185519048583,102.76041847885232,51.47575243199999,2.307657568976792,0.5799763033175356,0.2927952121537635,0.4383204947379842,0.9895412076418908,0.0651972438835538,0.0552885881341034,2.0618997213952874,83.14077977132291,0.6497565954068201,0.6679934332725836,False,False,False,False,pachytene,57,late,6.796291825328559,9.13
100,1.726755754974658,125.50497407335136,101.70736426550884,48.09783211199999,2.25603395038646,0.6571888412017167,0.2250275633958103,0.4353393085787452,0.9944395017793596,0.1070216994866534,0.1010707575509029,1.9917961598477347,86.71129798892598,0.6510292008146975,0.5169015500356702,False,False,False,False,pachytene,57,late,6.1278651542817935,9.13
552,8.01998803111918,124.19901774814063,100.17647690433664,54.877130532,2.35740533330449,0.6806446097289903,0.3060561025450492,0.3883014322045242,0.9950348515229638,0.0596184846773232,0.0598208385490288,1.801528289732992,85.71781615155916,0.6515896676599275,0.7881920517456266,False,False,False,False,pachytene,57,late,7.877759972485719,9.13
95,2.022919216646255,122.23694738372104,99.57123982558218,45.996015024,2.2226813184306184,0.6342309261525908,0.2661414100071626,0.408393753485778,0.9969341508930952,0.0276631639686114,0.0327278644882819,2.064807393385018,85.81829377931243,0.6526467063935795,0.6516784542749643,False,False,False,False,pachytene,57,off_axis,9.928597918973434,9.13
405,5.746955370650449,120.28233616678972,98.50647380389393,49.617896256,2.2795541463296853,0.6406486384266263,0.2701872299567931,0.437310880147349,0.99450677886863,0.1228243789712703,0.1101923801616001,2.096223712184109,85.4842687620484,0.6535978884925632,0.6178378865528232,False,False,False,False,pachytene,57,off_axis,12.129202149210506,9.13
619,8.575047310083473,129.1288118951063,101.93428371181297,52.06219693199999,2.316387932565224,0.6593223393710012,0.3201762272972487,0.4297050654675307,0.9963910084553516,0.0379777316884897,0.0348759497029532,1.6673831073815475,85.68825463775332,0.6550488658973438,0.7451069420112335,False,False,False,False,pachytene,57,late,2.644034605142811,9.13
588,8.387190254256597,136.0659341101011,107.23625022380172,50.835355038,2.29804793773518,0.5972036361958377,0.2888218999511162,0.4450681635926223,0.986975774941391,0.087321226621338,0.0537798985963599,1.7635910021764742,88.3053659579148,0.6605991818744525,0.6489385752054808,False,False,False,False,pachytene,58,late,5.685745815607014,9.13
101,1.6065934065933791,126.265633148404,106.63861814787327,43.973954388,2.1896211066690143,0.6369358796543263,0.2167107837495684,0.4560681751395827,0.9986139112903226,0.1519997242568584,0.1332033415566759,1.831177851845838,91.08716829792401,0.6652201308653982,0.4751719053477973,False,False,False,False,pachytene,58,post,3.730513491120071,9.13
92,1.3919932079414137,121.3783354427888,104.52176438087857,35.918552735999995,2.046806276290309,0.6664707419017764,0.2229153986609859,0.4380262384961817,0.9986954631105958,0.1147329553627895,0.1127823618835023,2.0147145807532896,90.76472665693633,0.6652632910055258,0.5089087800454427,False,False,False,False,pachytene,58,late,9.046719455201291,9.13
252,3.198553819276025,132.9021324808323,108.84882126079584,48.33710146799999,2.2597687490203007,0.6732019800058235,0.2381491118904853,0.4937629937629937,0.9984605911330048,0.1109750564435085,0.141270921004209,1.9148423028784836,90.90058179345473,0.6654922032463804,0.4823146223971514,False,False,False,False,pachytene,58,late,3.2619304625574266,9.13
658,9.09794910245639,121.27855105632224,105.70727707846628,53.185824594,2.3329338747141564,0.6429674061659243,0.3269870302627203,0.4060531192093885,0.9912778020061056,0.0460045744799335,0.0251651191921747,1.8316049042835647,91.91315365364756,0.6696352450611168,0.8052814146567451,False,False,False,False,pachytene,59,post,8.777181409435968,9.13
352,5.48740511386317,136.7099716540164,109.3620798841375,46.971858672,2.238290125340248,0.5531861765880943,0.2361478698881585,0.4475243098245222,0.978629579375848,0.0635750512987295,0.0412377334490707,1.8588944646168943,90.08392173704485,0.6705334991597236,0.5276760719004381,False,False,False,False,pachytene,59,late,7.016413108080594,9.13
637,8.905684245800416,129.5644030955477,107.639244338793,56.00075819399999,2.3733863077162427,0.6059146315921753,0.2749691738594327,0.4770408163265306,0.9902110071785948,0.080973869285494,0.0731133629688362,1.6911500458690822,90.90231397967705,0.6713440835958575,0.576405968732073,False,False,False,False,pachytene,59,late,0.2882118978508279,9.13
389,5.689096267190483,117.94271071709528,104.656481611004,47.76004008,2.2507401477081377,0.6559430255402751,0.244988143996551,0.4088508208422555,0.99166184134337,0.0471955111879807,0.0557203203156414,1.927684904107137,92.06349612515311,0.672307476630078,0.5992115742653071,False,False,False,False,pachytene,59,off_axis,12.27098442420763,9.13
106,1.887254487856367,128.5902165681088,110.7368414889142,44.42903532,2.197148570445196,0.6877507919746568,0.2387694684000515,0.4386202231991883,0.9995621237000548,0.0724599880463291,0.0871260178009758,1.7318263073071527,94.14642338109127,0.672419339767474,0.5443649329675808,False,False,False,False,pachytene,59,post,3.0854644833162514,9.13
639,8.817033276931634,131.4822930203033,111.8055889452922,49.908772728,2.2839999693907846,0.6937394247038917,0.3902872649012819,0.3868937998772253,0.994299336650083,0.0481616752951736,0.0556571848341051,1.6112882853364687,94.16435511651167,0.6790419057956075,1.0087710504152136,False,False,False,False,pachytene,60,post,4.269618052644501,9.13
326,4.418004371473637,116.743849270576,108.2000070553534,46.148490594,2.225134652720156,0.6944543282671682,0.279170164288284,0.3997670936616204,0.9967661959685244,0.0232676055504946,0.0326636975244882,2.08223588859986,95.80343123928932,0.6835410013521557,0.6983320256083542,False,False,False,False,pachytene,60,off_axis,13.03983628020807,9.13
91,1.7744363909022758,119.6359431692068,110.88957995001392,46.92728888999999,2.237581958966879,0.6672831792051988,0.1911532385466035,0.4329927884615384,0.9992261773159408,0.1098372346839698,0.1176440527420415,1.8392229550994708,97.3449350323414,0.6840658675872208,0.4414697972818157,False,False,False,False,pachytene,60,off_axis,10.57824980149778,9.13
466,6.758694662281694,135.281921725271,115.39558148241828,46.36430217,2.2285978443153898,0.7444978497343789,0.3096377306903622,0.4528712871287129,0.999274508025755,0.0716465575335849,0.1253676721837498,1.63900554163846,96.24263009396275,0.6843608907689457,0.6837212680307518,False,False,False,False,pachytene,60,off_axis,9.306175157401082,9.13
119,2.212545557209638,136.45178474411003,115.03074965864091,45.698101218,2.217872190036009,0.7173656383142549,0.2381347723813477,0.4017435524881947,0.9993951003125316,0.0835599420342946,0.1206426039763474,1.7027095794301863,95.50056451637813,0.6859537244965925,0.5927531902042046,False,False,False,False,pachytene,60,off_axis,9.772564523149471,9.13
659,9.168919360104605,120.34083754022453,111.42518816286774,50.29582609799999,2.2898890769979,0.7059372230772818,0.2715193529751588,0.4413957176843774,0.9981698389458272,0.0731284776763499,0.1260178491273485,1.765109523973722,97.60791801556991,0.6861113382818749,0.6151381676278751,False,False,False,False,pachytene,60,off_axis,10.079451537108294,9.13
108,1.497148135319178,129.41167888811836,116.68423437824902,40.633566516,2.132711502635503,0.7145248816533887,0.2459591338822812,0.3993933265925177,0.9985164897866028,0.0537382632203068,0.0663922447275103,1.7218939488113827,99.45672137549732,0.6895260464051133,0.615831856733104,False,False,False,False,pachytene,61,post,8.801944031919005,9.13
97,1.3150387193335324,123.1576154747176,115.77787291598932,36.047570526,2.0492540259035747,0.6818507190733389,0.2203795247966831,0.5084884434444672,0.9997415352804342,0.1344208327479289,0.1707610306782062,1.9079712897819727,100.73844472163677,0.6926797225601463,0.433401245668135,False,False,False,False,pachytene,61,off_axis,10.299248319149202,9.13
638,9.017074959659878,128.61716684758443,115.76826759571792,47.973505878,2.254088428027221,0.6743435528824997,0.3030556718292172,0.4513513513513513,0.9979537548598322,0.0692863188947684,0.1067599465788694,1.7175231587478703,98.86677578328826,0.6929571324831566,0.6714407100407807,False,False,False,False,pachytene,61,post,7.96362236988267,9.13
587,8.073418716997697,129.8538231715531,118.18440387596958,41.759539956,2.1522317412245493,0.6259409055162342,0.2757232978029149,0.4553236221654903,0.9958074114146606,0.0610150695534415,0.05778179832224,1.61417168701108,100.71603589251836,0.6978794672341908,0.605554564666758,False,False,False,False,pachytene,61,off_axis,10.294668572724216,9.13
253,3.0402139862163504,134.0639170369649,118.39193777049628,48.672547722,2.2649840954038645,0.7426863945250374,0.1969013237063778,0.4399700318411688,0.9988844074487256,0.0223676703053605,0.0448965755455298,1.4979020949714417,99.4747566095648,0.6979106114212269,0.4475334896842703,False,False,False,False,pachytene,61,off_axis,11.342073977671573,9.13
635,9.30797313084167,117.6861739632025,116.56709504965194,48.191663232,2.257500050324952,0.6664719626168225,0.3098307816277196,0.4462930531231757,0.9977864446084116,0.0865054869452918,0.0981507525037968,1.839273585563577,103.34701104266367,0.7025694952804429,0.6942316925157406,False,False,False,False,pachytene,62,off_axis,14.884643318165713,9.13
270,3.485523149484874,116.40703527288682,116.40286547791035,48.740575284,2.2660388283388664,0.7121955914910001,0.2749757516973812,0.4192307692307692,0.999617078307486,0.059292110264422,0.0633999130912187,1.934319590237907,103.6290399002587,0.7028724665617004,0.6559054627643955,False,False,False,False,pachytene,62,off_axis,15.852604336121281,9.13
603,8.48576927077899,133.0177935503985,121.6018041402258,45.099927828,2.2081525800555726,0.7185582024342037,0.3037828100874935,0.4097209388283127,0.9993023024020732,0.0480101862454037,0.0763848603077574,1.6307394644928168,102.84894201809057,0.7037758566180607,0.7414383335062822,False,False,False,False,pachytene,62,off_axis,14.08889207336458,9.13
429,6.430579519422755,139.1308727153122,121.20127642930116,48.128327226,2.2565106418489207,0.715357995808354,0.2786561264822134,0.4313356164383561,0.9972277984896282,0.1053320411200744,0.1588165667405237,1.651446700035386,100.38684087719808,0.7041882704120124,0.6460308767987798,False,False,False,False,pachytene,62,off_axis,16.26741837893274,9.13
497,7.245365777244359,115.50100843298132,116.90225808574196,44.923994478,2.20527752787436,0.6310375437313979,0.2471766460686127,0.453297480894424,0.9926942939916866,0.150498257110151,0.1526876143897308,1.9441226769402735,104.40757956871141,0.7076007322042428,0.5452857262319132,False,False,False,False,pachytene,62,off_axis,16.885212346162895,9.13
112,1.616708154933789,132.5888657672003,122.5836409538978,47.11729690799999,2.2405978728053646,0.6861495569053071,0.1956105652673216,0.4513007614213198,0.9985696771557008,0.0882967975801281,0.094730863999386,1.5313513157590772,103.91820756131732,0.7085807238593357,0.4334372595589441,False,False,False,False,pachytene,62,off_axis,14.959706259823832,9.13
98,1.6448780487803951,123.7757026240515,121.70665951219397,41.83695063,2.153560801751709,0.688085225679843,0.2442602907213693,0.4502966025525795,0.9983813157590472,0.0693230092804251,0.0890698528509925,1.5232079661607865,106.10063846156947,0.7096542743755657,0.5424431126878154,False,False,False,False,pachytene,62,off_axis,15.064915102804994,9.13
90,1.931158895895756,118.94826469554532,120.48930887004931,45.381421188,2.212737151672179,0.6806575002584514,0.2009829280910502,0.4360634509550016,0.9993432574430824,0.1030922035128144,0.1222238180992669,1.870675344001626,106.6033085095851,0.7107286574662942,0.4609029434842273,False,False,False,False,pachytene,62,off_axis,16.61532647012009,9.13
526,7.571214499063961,134.40095792537792,125.40912467473292,46.336152834,2.228146733965671,0.6914899002683137,0.2458854102215072,0.4307515589104037,0.9984335839598998,0.0846739406854621,0.1062486737685268,1.388068298462953,105.95593284683885,0.7130354968556665,0.5708288342437581,False,False,False,False,pachytene,63,off_axis,18.118305150232704,9.13
667,9.119352191750645,124.20256059166437,122.16992089829452,54.31648959,2.349349855729554,0.710688836104513,0.2664257555847569,0.4109568592327213,0.9976762199845082,0.0592641344347603,0.1015083972025331,1.532386816090298,106.39047325734074,0.7150691597721692,0.6483058978068603,False,False,False,False,pachytene,63,off_axis,15.330491551649736,9.13
227,0.8147774373760974,142.10322288700775,123.66605054965046,13.016722122,1.459276789320323,0.5950621733645702,0.0,0.6377392078326658,1.0,0.22179285624007,0.2163795926631392,1.8513741189184325,101.68965242844463,0.7155650596631892,0.0,False,False,False,False,pachytene,63,off_axis,20.018631153702746,9.13
141,1.7425629546726205,148.75438321208858,119.6610518074984,20.95952643,1.710399728070328,0.4649132624510352,0.1222691389755828,0.3861116921146204,0.5009310986964618,0.8614428785762349,0.0899717366961001,2.108614159026485,95.65576623205595,0.7233529485701672,0.31666779709765,False,False,False,False,pachytene,64,off_axis,22.329014284871604,9.13
96,2.0004176527913358,122.91429821801364,126.57400796324713,50.54917012199999,2.2937274231847984,0.7552090584249849,0.148781668549298,0.4703317535545023,0.9997658993367148,0.06057052215664,0.1299201053768649,1.372495109797042,110.969838401315,0.723744928316398,0.3163334548962303,False,False,False,False,pachytene,64,off_axis,19.905527235666295,9.13
87,1.143094907866063,115.20017130968738,123.49755638993535,11.839141566,1.4138734353343874,0.5260550822270655,0.0,0.5698160535117057,0.8976020738820479,0.3331024645097079,0.1483140809370094,1.6672064493419951,110.70980537597066,0.7243911522578471,0.0,False,False,False,False,pachytene,64,off_axis,21.358071568001524,9.13
121,1.6509737212575544,136.99363015016348,127.22644777686332,39.990823344,2.121406582590727,0.6679962458939466,0.1680141114214317,0.4676678445229682,0.998738329548322,0.0923708718999597,0.0918325788807735,1.438012942516513,106.77967466072661,0.7246680466250157,0.3592594902324532,False,False,False,False,pachytene,64,off_axis,20.638184817728284,9.13
107,1.5963600223615864,128.9009149326033,128.52915377352315,37.76468002199999,2.081289053161162,0.6702900801292005,0.213163356062852,0.4591183119819141,0.9998676898650436,0.1290878632622542,0.1298216915227806,1.3121857638596082,110.76521872430729,0.7284737097163927,0.4642885079940988,False,False,False,False,pachytene,64,off_axis,20.65786675924827,9.13
621,8.304652349367029,130.9823622477841,130.60629867340754,50.572627902,2.294082176337552,0.7162206039241152,0.2382968127490039,0.4676364825106244,0.999825251201398,0.0687888723446639,0.1160545010439655,1.3720187021441674,112.00760841465717,0.7300292593856571,0.5095770361406522,False,False,False,False,pachytene,64,off_axis,22.748096632341646,9.13
138,2.7863950765209977,145.94524161538106,126.44332600076258,43.070829858,2.1745273619562795,0.6873808616088448,0.1995537581927207,0.4522648083623693,0.9972832239076296,0.0263289854753978,0.0270730912391136,1.5355736355490552,102.98951005170682,0.7301635371452131,0.4412321155725026,False,False,False,False,pachytene,64,off_axis,24.607741509009326,9.13
546,8.060943850669787,118.25747419464268,126.3722466317939,62.33201301599999,2.4596549175845506,0.7155276230618697,0.2868867924528302,0.4209551527979892,0.9981662143328688,0.0679431573215956,0.0784703176238085,1.425451021076684,112.3689552203895,0.7307198670046336,0.6815139107953939,False,False,False,False,pachytene,64,off_axis,21.77985402828913,9.13
545,7.802750179985727,112.10946224622158,126.00170907127628,32.58285642,1.9813757731689776,0.5539236861051116,0.1411144995841419,0.5763395739186572,0.9858096828046744,0.1156169060488569,0.0768232561450368,1.938556366005664,114.11817205647631,0.7340232034004107,0.2448461045710846,False,False,False,False,pachytene,64,off_axis,25.303792403318912,9.13
660,9.123977072310009,124.66195731481366,128.88354670634868,53.20224504,2.333173937884684,0.6900352733686067,0.2902574457344775,0.4189189189189189,0.996271091637923,0.035137803856205,0.0388269605182069,1.30627931560888,112.54455742396902,0.7342025946529945,0.6928726123984302,False,False,False,False,pachytene,64,off_axis,21.608409572178907,9.13
302,4.230078306878181,117.8139292317471,128.65427102222048,55.41900524999999,2.365139196837012,0.7551746031746032,0.2429319371727748,0.4145919778699862,0.9986856516976998,0.0826560620454173,0.1451030236733184,1.353846477324163,114.66538572462363,0.735061375082305,0.5859542638062258,False,False,False,False,pachytene,65,off_axis,23.965429282928817,9.13
335,4.0979208702518495,113.23998683217864,128.68590023686082,26.739523422,1.855047428240228,0.64181068514782,0.3394272771396214,0.3742346313984815,0.9858435831979576,0.1146462926930691,0.1378028090795329,1.6846435599111658,116.25561316290415,0.7397891796307556,0.9069905579588182,False,False,False,False,pachytene,65,off_axis,26.571441478647177,9.13
271,3.3153411893668507,123.24805333515812,132.54606391340113,42.79871960999999,2.169938319008399,0.7845985201425048,0.2641827373151095,0.4338422391857506,0.9994716914678172,0.0679725915939848,0.1812421329039129,1.1366306056244102,116.4697111984828,0.7411578217318732,0.6089373358641528,False,False,False,False,pachytene,65,off_axis,25.50662296216534,9.13
120,0.9909374999999832,136.34881409007545,133.23215310661598,25.52206464,1.8264553718227128,0.734375,0.2193408968125337,0.4764705882352941,0.999673735725938,0.0950894968558654,0.168094165451443,1.3299654289182776,112.64503790410893,0.7419443878875757,0.4603450920756882,False,False,False,False,pachytene,65,off_axis,26.179649398514485,9.13
377,5.000992395232164,134.77250714093168,135.45330590583075,43.493069898,2.181610178470861,0.6759613828811822,0.1360368133448375,0.5236351531291611,0.9982904156426968,0.1092044098813187,0.138826149556277,1.1511965113144156,115.27071443305032,0.7425331405871141,0.2597931260571468,False,False,False,True,post,65,off_axis,28.011800370748357,9.13
109,1.022901565290485,129.47945928143693,133.8373197604765,22.329460782,1.7468805477819835,0.6802185103477256,0.1632765255634964,0.5315374507227333,0.9995947315096252,0.0888192294557588,0.127715958539993,1.2170572129952588,115.5575191401531,0.7437430550950417,0.3071778391936237,False,False,False,True,post,65,off_axis,25.949060242635547,9.13
135,1.1757420958165898,143.58333406737694,133.62870548805526,33.980940108,2.0093191660971668,0.7365732431312992,0.2202697180220678,0.4431341719077568,0.9982638888888888,0.0785690970069795,0.1342092914537594,1.3825192913218065,110.54959013728354,0.7442210782635773,0.4970722909356658,False,False,False,False,pachytene,65,off_axis,29.206386143726423,9.13
242,4.12502708559051,115.36162249458064,131.18804534127685,51.963674256,2.314925829784694,0.7198447092813289,0.2012870012870012,0.4376409925878182,0.9978583054913048,0.0951572450941347,0.142281398321137,1.6317761598745506,117.8837925019693,0.7450917293459554,0.4599363512471023,False,False,False,False,pachytene,65,off_axis,27.39869571006939,9.13
142,1.0944577962274666,150.14540530915465,130.529823159276,32.209877717999994,1.9737864152819125,0.7351977277692812,0.2487603305785124,0.4513201320132013,0.9988065243336428,0.0770994968169606,0.1274610106099638,1.5897854484005345,105.39784914286653,0.7456376578926917,0.5511837672050404,False,False,False,False,pachytene,65,off_axis,30.45178691127064,9.13
465,6.518313176609697,126.2194091452639,134.59276465552455,51.787740906,2.312310328585969,0.7008198577705305,0.2618462226195798,0.4522331566994701,0.9981869277490708,0.0382425973094007,0.0462664158266415,1.2394402251638743,117.37987248029222,0.7484050697207576,0.5790071310352609,False,False,False,False,pachytene,66,off_axis,26.93910628590268,9.13
314,4.322986874778326,107.88114267470694,128.81993024121874,39.676489092,2.115833757819435,0.6310748492373182,0.1566427895661576,0.5296474358974359,0.996875,0.0519561161852943,0.0627244046295581,2.493245602756827,118.2098830964355,0.7515342320647752,0.2957491700129572,False,False,False,False,pachytene,66,off_axis,30.292275121816527,9.13
485,6.557042991960903,152.00947874868763,131.02918332750895,13.422541715999998,1.4742870509376735,0.5368752184550856,0.0576102418207681,0.4596226415094339,0.959914712153518,0.183697559246429,0.2210368380897093,1.1944851718968794,105.23128077890107,0.7542934894894439,0.1253424801519175,False,False,False,True,post,66,off_axis,32.08693706950576,9.13
127,0.7428317324795243,136.3873218249745,138.2563347918892,13.187963916,1.4656481144678126,0.6149057274991107,0.0888047138047137,0.648960739030023,0.997736703130894,0.1698426019213634,0.1682293549108345,1.0810141636527892,117.35463747349867,0.7561825316338063,0.1368414273218543,False,False,False,True,post,66,off_axis,31.076856185783736,9.13
510,7.242977476652261,118.20454665354524,135.75116946987544,51.241174632,2.3041468570977623,0.7223951657205641,0.2355017650025214,0.4605870712401055,0.9993999142734676,0.0355573360762942,0.075996851694893,1.671156530243127,121.2032121630508,0.7566444588008405,0.5113078062926207,False,False,False,False,pachytene,66,off_axis,30.17011575060775,9.13
337,4.2007037297677465,155.30269539057122,129.20007086558752,6.666701075999999,1.167546333658373,0.613652357494722,0.0780856423173803,0.2641165755919854,0.9503012048192772,0.3919184111664908,0.3327476847246609,1.212872243673102,102.38836309042506,0.7569850964227304,0.2956483974637366,False,False,False,True,post,66,off_axis,33.24946766936649,9.13
254,3.467083017915592,152.49720813777165,133.5257699848572,37.185272856,2.070590042215232,0.656194801917739,0.1980576809888169,0.5023853211009174,0.9972914409534128,0.0898512282561359,0.0948185616117424,1.2805894026034443,107.4116764052215,0.7576645881363028,0.3942346097111221,False,False,False,False,pachytene,67,off_axis,34.252945103908125,9.13
283,3.0343281529362023,139.99204899601057,138.5224026543795,34.112303676,2.011905046445157,0.7439141796176592,0.1811785400175901,0.4640171858216971,0.9998790810157194,0.0320063488936996,0.0809796740678417,1.105876060340747,116.37491368165962,0.7581299449584535,0.3904565295286491,False,False,False,False,pachytene,67,off_axis,32.28978223954068,9.13
148,2.1434473530149285,156.3732758593332,130.43902166931625,56.096935092,2.3747442320791565,0.6742493936606172,0.2108995137763371,0.4408215661103979,0.9978759182228516,0.0685996184581844,0.0880478538855316,1.674751267687312,103.18772757308821,0.7608986984444008,0.4784237659632108,False,False,False,False,pachytene,67,off_axis,34.86632614965173,9.13
378,5.1473988439304295,149.2677811235546,136.459636759395,38.95868102399999,2.102996477560851,0.6800939306358382,0.2041641701617734,0.4509693205345379,0.997255489021956,0.1045376614216614,0.1395862397258517,1.2186973767145266,111.27130141430372,0.7609105576245215,0.4527229699789242,False,False,False,False,pachytene,67,off_axis,34.583200512435894,9.13
338,6.360094486606607,154.13055478715864,133.03481573102,140.021834598,3.2213337155860504,0.6469484511902968,0.1668709231073334,0.5517225016608143,0.9871091965276418,0.1030616109558089,0.1615395421255257,1.2065757030088309,106.39292846385744,0.7617251463693712,0.3024544451332196,True,False,False,False,pachytene,67,off_axis,35.003018106862804,9.13
357,6.329847417840086,155.07942232394677,132.45961357394316,39.97205712,2.1210746979509887,0.6415492957746478,0.1370443628143544,0.4461362148002619,0.680452865064695,0.970599030251422,0.3361648432754511,1.1267326861935625,105.52851172290548,0.7628533520074829,0.3071805387413125,False,False,False,True,post,67,off_axis,35.26650934099246,9.13
303,5.541997841390578,133.84628941959676,142.98237323163227,145.61886090599998,3.263695806063838,0.789229505291815,0.1940372058642355,0.5165087129318251,0.9996064735107482,0.1809297742413754,0.4552635356277757,1.1288760362469674,122.66404597572874,0.7641566304482913,0.3756707312115505,True,False,False,False,pachytene,67,off_axis,35.327176064215855,9.13
80,1.1701472718493051,101.59764977064216,129.08598474770503,38.864849904,2.101306780161681,0.5600555287300821,0.2097788378143972,0.5318973796131157,0.9902268760907504,0.1027496475465726,0.0585798690573255,3.0339377444809297,120.60371945578648,0.7662039552113855,0.3943972011424145,False,False,False,False,pachytene,67,off_axis,35.263502858835935,9.13
146,1.371855794208838,155.48907462459965,136.64473738833166,37.023414174,2.0675814100810834,0.7193182538173984,0.2116034881651539,0.4826185101580135,0.9988262910798122,0.1316315803264378,0.21037028417866,1.4131581248087832,109.32277209100772,0.7687408508250535,0.4384487617266754,False,False,False,False,pachytene,68,off_axis,38.57189962038625,9.13
440,8.589597629309157,104.64765049696398,136.9193502180949,268.349965866,4.001329460567465,0.540827119592297,0.1248979591836735,0.6964285714285714,0.9994963209530484,0.102469257188702,0.0797386694621903,1.6211564101837004,126.92652171698099,0.7716893155885325,0.1793406593406594,True,False,False,False,pachytene,68,off_axis,38.39711142296464,9.13
441,6.082477280376853,149.71400748569536,142.39028104342233,34.84653219,2.026237359621776,0.7134971390104342,0.2149049990776609,0.4337406015037593,0.9976574700676732,0.03548572710995,0.054374264909808,1.1838906428936222,116.69387527852392,0.7780284999146968,0.4954689469526137,False,False,False,False,pachytene,68,off_axis,39.845125756043046,9.13
301,4.137217449020882,99.01882298388844,134.4639246026789,63.61515358199999,2.4764182177396594,0.579335521221284,0.3073046329467485,0.3918302945301543,0.983777937995674,0.1114495257026369,0.0550562610911876,2.4692394133934816,126.53881047430541,0.7795522814564234,0.7842799222945205,False,False,False,False,pachytene,68,off_axis,40.65001205664536,9.13
144,1.220381973276947,153.3013356307069,147.37244407790615,31.074521166,1.9503173247929952,0.6947233335849626,0.2304471931493815,0.5118694362017804,0.9972205968402574,0.093121403481848,0.1317361260979593,1.5050886983884697,120.1532230934329,0.7958240870746034,0.4502069802396614,False,False,False,False,pachytene,70,off_axis,45.95776996566901,9.13
557,8.72040514205714,163.5190932738322,140.96802656589142,280.468255014,4.060676271728708,0.7137157816381322,0.2527724414949354,0.5838032078062462,0.9997369843797944,0.029400171405478,0.0781246936030712,1.141553192233871,110.6470610161583,0.7973119255304797,0.4329754241069981,True,False,False,False,pachytene,70,off_axis,47.24915085410708,9.13
315,4.28531248463411,163.37976537837335,142.46720418940822,47.706087186,2.2498923001510125,0.6880070806903673,0.17693604877416,0.4939322301024428,0.9988206388206388,0.0569013772885688,0.0834811653492701,1.4818564514187396,112.10382454283075,0.797827642485845,0.3582192818991849,False,False,False,False,pachytene,70,off_axis,48.21335170922849,9.13
139,1.166259884799409,148.3129115298267,151.23867150248924,24.027804054,1.790091199358279,0.6337010641413648,0.1768319438350153,0.5266524520255863,0.997594050743657,0.1324595257026033,0.1199282174928029,1.1391697515252706,125.4893868973994,0.8016638727449177,0.3357659176462437,False,False,False,True,post,70,off_axis,47.14420569702183,9.13
153,1.247380052755336,164.95589384044808,145.44642902972703,32.904228006,1.9878687150463843,0.7105582091680331,0.1181581233709817,0.50935960591133,0.9977766152236464,0.0888488724570375,0.126190917729824,1.3579883633555283,114.36657062057819,0.8054959218407086,0.2319738785716566,False,False,False,False,pachytene,71,off_axis,51.45705849482068,9.13
514,7.138621400808905,152.1128607836907,151.81258105814177,29.573223246,1.9183890380841435,0.6468628539700166,0.1507058374666158,0.5680592991913747,0.9985009993337776,0.1433667439696642,0.164267335435606,1.1432023922501415,124.73243060654987,0.8058360723460213,0.2652994813765811,False,False,False,True,post,71,off_axis,49.27423056317313,9.13
486,6.672245040027999,164.33521915071094,150.15018089801697,33.697100969999994,2.003708974241773,0.6240863209189,0.1866244916403072,0.5142592592592593,0.9882234185733512,0.1168716577772424,0.1032387520027284,1.195647970058248,118.99985959257268,0.8208632967810837,0.3628996236433774,False,False,False,False,pachytene,72,off_axis,54.58924857594926,9.13
152,1.302594087128407,163.39706089104894,152.9473728897283,28.484782253999995,1.894558841518989,0.5827225562052212,0.1677069645203679,0.5804223406354845,0.996040016673614,0.1352403341075646,0.1139313622810348,1.3236993349937634,121.94929596058118,0.8272795341870917,0.288939540708842,False,False,False,False,pachytene,73,off_axis,56.21631110875665,9.13
379,4.939093839541659,153.07127624462575,163.502443651504,26.197648704,1.842431011380248,0.6061067335243553,0.1154232857430123,0.6101386678790635,0.9934142827742334,0.1365128835870801,0.1154599078429526,1.1760673636558068,135.39393313224738,0.8397665996376048,0.1891754970132306,False,False,False,True,post,74,off_axis,60.29284732035115,9.13
408,5.761536563296555,171.68832763017082,155.84231919059013,28.517623146,1.8952866582846324,0.6115818047215595,0.1494956772334293,0.5182126217704363,0.9941437802907916,0.1389277225913761,0.0972304435866286,1.1777305264878437,121.8418104932065,0.8429775529762639,0.2884832807095437,False,False,False,True,post,74,off_axis,63.68463582775658,9.13
606,8.247932873000327,165.89068560440325,158.89819354077233,26.838046098,1.8573229640355375,0.6366576348221309,0.0941381564611026,0.6254510464277123,0.988820771727371,0.1446926062310382,0.1436128250485109,1.144883345028576,126.69232294675227,0.8465207488844972,0.1505124293880014,False,False,False,True,post,74,off_axis,62.49653928909139,9.13
605,8.02530824140149,161.0425718735519,164.30409158245823,25.303907286,1.8212364184478305,0.644201353481042,0.06298828125,0.6552892131318395,0.9970744194551108,0.0858559834574316,0.0921359743163183,1.100757960133838,133.42790931175213,0.8495676818210358,0.0961228721421471,False,False,False,True,post,75,off_axis,64.49727226187929,9.13
166,1.157428483543563,173.32703771147555,158.87721042755908,22.878372834,1.7610790118222932,0.692607402850405,0.148053424268258,0.5376917945296864,0.997897955283776,0.1492341496119027,0.1899064377209777,1.1276415451748387,124.13553202999607,0.8504945435133193,0.2753499788810408,False,False,False,True,post,75,off_axis,67.05251763080088,9.13
161,1.1444526901669865,168.2439897217093,162.3001079777381,25.28748684,1.8208423819970967,0.6420222634508349,0.1665226781857451,0.5695776107799948,0.9974639094810768,0.1551683552426852,0.1561546081484707,1.078352948228492,129.08724809328226,0.857234301879383,0.2923616993261104,False,False,False,True,post,75,off_axis,66.63286242884121,9.13
174,3.057235414169551,225.7163732644396,13.868985218180866,72.41182108199999,2.585673116925342,0.7179370889889534,0.195360872377784,0.4301137016193867,0.9966820276497697,0.1442709639873761,0.2390323448248515,1.9415586320180405,55.979411167795135,0.8588446734249714,0.4542075075549706,False,False,False,False,pachytene,76,off_axis,103.80923525764679,9.13
150,1.1077906336088508,159.4967097190073,164.492162082642,21.28793535,1.719286729758177,0.6358126721763085,0.1198402130492676,0.6148260211800303,0.996614759647935,0.1246675845768262,0.1410243725961116,1.0655348880884523,134.13209897090593,0.8612225465195855,0.1949172756534594,False,False,False,True,post,76,off_axis,63.92876964992694,9.13
591,7.687692901234827,156.99150451388857,170.0725003761558,24.321026304,1.7973435440613528,0.6393711419753086,0.0898247322297954,0.6528483551751806,0.9976336028396766,0.100857996714753,0.1186483452450129,1.1076555174614675,140.23232724411568,0.862881110532041,0.1375889691959054,False,False,False,True,post,76,off_axis,67.87583760764942,9.13
442,6.148107126645559,150.9986441125753,171.36291793917258,25.83874467,1.8339786138800105,0.645120290512937,0.0730377045292862,0.6336658992069583,0.9933811362382792,0.2346650413961337,0.2325632568226951,0.9384137580468638,143.4899108568761,0.8631343313664208,0.1152621667359628,False,False,False,True,post,76,off_axis,66.92564657654839,9.13
175,1.813034033309192,226.66763910209912,14.323256625632736,9.718558254,1.3238468436169566,0.5025343953656771,0.127803639441388,0.3100436681222707,0.6555462885738115,0.7091605942932012,0.1267517439817702,1.8322040520997989,55.979411167795135,0.8634813361621427,0.4122117384799699,False,False,False,False,pachytene,76,off_axis,104.31566950073123,9.13
151,1.5445596338844438,159.73121179602057,169.92494550294,25.116245046,1.816722942695024,0.6359391052582423,0.0384805130735076,0.6467419189327861,1.0,0.1013230304155213,0.0925221786092919,1.1758061892932896,139.1589171386742,0.8677879705522659,0.0594990241810919,False,False,False,True,post,76,off_axis,68.88693309766968,9.13
229,3.9280401869811694,228.84146642713625,16.058714630572137,33.62203607399999,2.0022200229195595,0.5977813437521803,0.252948036801866,0.4445793581960104,0.9875335634829304,0.1713311287324152,0.142150147091858,1.7560208462292164,55.979411167795135,0.8699733246915667,0.568960371503222,False,False,False,False,pachytene,76,off_axis,105.11135673210025,9.13
316,5.231815885489693,229.12991789503917,11.395713241649572,41.79003507,2.152755506434315,0.6071849564973337,0.241080143151502,0.4561303229494141,0.9855568790946992,0.3008854064707289,0.2090773945303737,1.3543625432266937,55.979411167795135,0.8723310363292123,0.5285334717337755,False,False,False,False,pachytene,77,off_axis,108.02460216897701,9.13
172,1.25372524642574,223.53993247491647,9.959705008436089,26.415806058,1.847531078592755,0.6837758636000355,0.1976115367282559,0.3723673125526537,0.9934765924788947,0.1132900243229899,0.1413346850053556,1.9822763776556585,55.979411167795135,0.8725610160002321,0.5306898056480538,False,False,False,False,pachytene,77,off_axis,104.44201201500557,9.13
177,1.3826756245515155,229.06908034049147,17.07655270367139,35.963122518,2.047652524221556,0.4762898701976388,0.208029197080292,0.4843691617885166,0.7984758679085521,0.3650163705203915,0.0705269413932684,1.8904338525425053,55.979411167795135,0.8728702813229496,0.4294848092974195,False,False,False,False,pachytene,77,off_axis,104.73456648922753,9.13
176,1.6348165727281707,227.0111982349431,9.189238401067998,47.445705828,2.2457915021391064,0.6623158311084743,0.1895099086270322,0.4336749633967789,0.981049403001424,0.2109799572198198,0.1956493164859614,1.804994924424589,55.979411167795135,0.8732306805044406,0.4369860485896792,False,False,False,False,pachytene,77,off_axis,107.65077997674666,9.13
255,2.4209089208902275,155.44173220497518,174.8372859453905,25.085749932,1.815987381438121,0.643538432766037,0.0668298653610771,0.6980587618048268,0.9980286738351256,0.1010973975347304,0.1042044563386504,1.1884173561272977,145.23996902268937,0.87346157475603,0.0957367330914791,False,False,False,True,post,77,off_axis,71.69702640426408,9.13
607,8.210759252193458,170.44607080312673,167.4738328786743,24.593136552,1.804021755671432,0.6777947348340327,0.1032651977701087,0.5956187092954411,0.9987321137475096,0.1413835662018469,0.1709039054570625,1.1316322817264963,133.1992702648659,0.8741306291249449,0.1733746710076677,False,False,False,True,post,77,off_axis,72.13849495989436,9.13
358,6.766939473805508,229.44573606602904,15.202972423359771,50.732140806,2.29649159332186,0.6182087205807556,0.1805279872965463,0.4614266682814582,0.9903193501724712,0.1638408491113918,0.1315246193319258,1.629727611890847,55.979411167795135,0.8742744923129552,0.3912387378235125,False,False,False,False,pachytene,77,off_axis,106.09180583909534,9.13
143,1.831542158147656,150.95510707732618,175.32378990825703,5.369485842,1.0862956258024954,0.563564875491481,0.0,0.5505505505505506,0.492063492063492,0.9093626245241624,0.0350055423537414,1.135752297236579,147.22798920289736,0.8750370817155245,0.0,False,False,False,True,post,77,off_axis,70.6802743424725,9.13
179,1.6040614759773042,231.4764122951932,11.937732007199712,50.825971926,2.2979065389784825,0.6543591637051738,0.2327630365741214,0.4244892509013219,0.993501570453807,0.1950855636712042,0.1917654794588054,2.137816636533667,55.979411167795135,0.8766054599664352,0.5483367036500773,False,False,False,False,pachytene,77,off_axis,109.61904761273954,9.13
304,4.085253772290802,232.1649309670751,10.671226851852223,6.840288648,1.1775931563839277,0.5380658436213992,0.198691255205235,0.2531551596139569,0.5767878077373975,0.4037163199947456,0.1566608691163943,1.5852630600259623,55.979411167795135,0.8795180350177347,0.784859591675811,False,False,False,False,pachytene,77,off_axis,110.91203594452745,9.13
181,4.077901674521832,229.7838743763588,19.90998620531214,61.217768466,2.444910477727168,0.5700272061922826,0.3201454104816722,0.3808929685411282,0.9887640449438202,0.1844671699183984,0.1482496654747186,1.981737563568971,55.979411167795135,0.8797539853073859,0.8405127868541984,False,False,False,False,pachytene,77,off_axis,103.80252672805405,9.13
328,6.133955070074208,231.9555706255159,17.308140163849206,45.526859424,2.215098422024998,0.7135717230008244,0.3066849588426041,0.3989926245727649,0.9964069397392464,0.1993074550224067,0.2545137611896184,1.3884053569858132,55.979411167795135,0.8813907475596309,0.7686481903543897,False,False,False,False,pachytene,78,off_axis,107.02812353983647,9.13
393,5.325729335494214,177.7188738452181,167.95480386953142,23.157520416,1.768212604653205,0.5879254457050243,0.0790129046864387,0.6332350049164208,0.9880312652662432,0.2128271704738495,0.1584610386348059,1.1090299908287506,131.17011503340453,0.8814692149088146,0.1247765901647642,False,False,False,True,post,78,off_axis,76.84995959291723,9.13
291,6.081481784690888,231.9826252312766,9.847417994269035,57.30735654,2.391703039914875,0.7152681129758494,0.1729877541314944,0.5385278895917194,0.9889442085224776,0.1610727800589051,0.2294396816719387,1.5444464412839585,55.979411167795135,0.8818707290535829,0.3212233896793047,False,False,False,False,pachytene,78,off_axis,111.24327500294334,9.13
456,5.891106290672427,158.20217329717923,177.89476636659478,21.62807316,1.7283952876033597,0.594468546637744,0.0548533872598584,0.6820005349023803,0.9951714147754708,0.1653651348676504,0.1310076133935846,1.1827291929112371,147.172222470188,0.8859593335936524,0.0804301235155336,False,False,False,True,post,78,off_axis,75.55453162435995,9.13
180,0.817122859642544,230.6137167979009,6.516002624671778,18.768569778,1.6485958034794717,0.6204224471941007,0.2801611756340365,0.3776753375041159,0.9886925795053004,0.2188746666468327,0.2179129008326514,1.861685163880893,55.979411167795135,0.8861958861139029,0.7418042636447855,False,False,False,False,pachytene,78,off_axis,112.13607376805172,9.13
182,2.545153223245507,233.03720111740725,19.701875212369583,118.189678752,3.044366826796822,0.6764449031438552,0.255922223743667,0.4192737087473929,0.989272265522375,0.0653728851638325,0.1040702153464902,2.379143934760011,55.979411167795135,0.8862545332049914,0.6103941611513182,True,False,False,False,pachytene,78,off_axis,106.68312954922409,9.13
228,0.8080765143464137,172.5456469713079,171.68656160113335,19.866393882,1.6801322861625905,0.6859133309717794,0.0986106404608607,0.6601503759398496,1.0,0.0633163673579482,0.1037996640929167,1.066052780407274,136.44292647589816,0.8866074278812662,0.149376027121805,False,False,False,True,post,78,off_axis,76.80430868774054,9.13
359,6.36748549490494,234.07200089196587,12.74958256502126,81.264787254,2.687022261369046,0.6989290765811276,0.2369037167105648,0.5018216682646213,0.9980762702274528,0.1276890538488474,0.1765650862424825,1.6287057879585507,55.979411167795135,0.8872540875733338,0.4720874599333572,False,False,False,False,pachytene,78,off_axis,111.29811024625242,9.13
407,5.4172668208347,151.72465064420018,179.7905938553042,21.302010018,1.7196655524496829,0.75068825019271,0.0253981919931123,0.657243816254417,0.9981400067636118,0.0955411081402343,0.1766925885899389,0.9813682879318322,151.16424484169352,0.887275017295968,0.0386434856669397,False,False,False,True,post,78,off_axis,75.17488336300498,9.13
173,1.4861710631494542,225.0792443645115,3.8668553956833303,55.756797282,2.36993482866626,0.6874500399680256,0.2451737451737451,0.4362632925023556,0.9959230701054684,0.1147071475407317,0.1666268905862377,1.6085332802626278,55.979411167795135,0.8876892665275944,0.5619857306065266,False,False,False,False,pachytene,78,off_axis,109.50292855275754,9.13
380,6.747635522760585,185.64866540131212,164.83877193958057,265.781338956,3.988521693933482,0.6027960671479762,0.2243096969905891,0.567882854857346,0.9993389385832628,0.0525766215148051,0.0513453342953834,1.2077208076039732,125.53562705382743,0.8902822258954706,0.3949929022719596,True,False,False,False,pachytene,78,off_axis,79.7776309447086,9.13
159,0.904520341536918,165.9486448267185,174.94514649673548,18.681775992,1.6460506085479367,0.6637368156705173,0.0092489826119126,0.707244212098581,1.0,0.0862340340021236,0.1159106845942262,1.0994227274145856,141.75670549654882,0.8905819709037052,0.0130774949496843,False,False,False,True,post,78,off_axis,76.18768627737666,9.13
184,2.5396224269304297,235.8437202149463,16.001103300920935,82.505703816,2.7006302092415275,0.5778175821676333,0.2226468432624856,0.4559903023772644,0.9793266873672168,0.1973176152626995,0.1691448394281025,2.140593229130362,55.979411167795135,0.8926492211879556,0.4882710051107147,False,False,False,False,pachytene,78,off_axis,111.01300056385902,9.13
185,3.0284758364312294,236.4755461338276,18.374363197026156,6.310142819999999,1.1463490090001949,0.5825278810408923,0.0426257459505541,0.1335707925200356,0.9857502095557418,0.5271531413343569,0.6543615121780052,1.9168207416844587,55.979411167795135,0.8968238174374539,0.3191247513498152,False,False,False,False,pachytene,79,off_axis,110.31413018770384,9.13
178,3.301293990785118,229.4599641162634,1.3398900205861972,47.858562756,2.252286744939092,0.7339476521909617,0.1163926420315806,0.3861459100957995,0.994328219432822,0.0388936973819516,0.0690506039961772,1.6934636178830618,55.979411167795135,0.8970848374935395,0.3014214031237688,False,False,False,False,pachytene,79,off_axis,114.47968766405354,9.13
171,1.8200346620451069,222.26862846447165,0.921387119584002,33.83784764999999,2.006494808867588,0.4626689774696707,0.0786877451563057,0.4053670494129789,0.7040328092959672,0.6882180600283045,0.1433640556496222,1.8013216202353006,55.979411167795135,0.8971033615935065,0.1941148035348585,False,False,False,False,pachytene,79,off_axis,109.35064867556883,9.13
381,5.991798675114906,236.43100264977045,6.143116309043839,65.15632972799999,2.4962572221033232,0.6104910714285714,0.3499369104127862,0.4041038913023385,0.9857591623036648,0.2796796331574637,0.148766685161838,1.697809316602194,55.979411167795135,0.898018678583764,0.865957784482144,False,False,False,False,pachytene,79,off_axis,117.01870173323293,9.13
186,2.256044024764,237.19789334625665,19.371680801701924,37.51133599799999,2.076624503756084,0.6862610218247764,0.1699205823957643,0.424556507873231,0.9973091976516634,0.2252781031235706,0.264589574259181,1.9959010505799848,55.979411167795135,0.8981502231553901,0.4002307802251407,False,False,False,False,pachytene,79,off_axis,110.43009211084825,9.13
527,7.385496489468467,165.07343443329518,179.85863298896922,23.38740666,1.774044404135283,0.6533600802407222,0.0536692223439211,0.6521990740740741,0.999413145539906,0.1408826334200278,0.1616307149294715,1.0875900492196342,146.67398545553272,0.8989782903538165,0.082289632839659,False,False,False,True,post,79,off_axis,80.1567879121803,9.13
145,1.214903526280829,153.743030671988,184.23122202262277,21.154226004,1.7156795583990474,0.6203149257041473,0.0365785030951041,0.704731308411215,0.999326750448833,0.1257060516231015,0.1336725738920485,1.1214435260695774,154.64982858421982,0.9008201927018538,0.0519041834221452,False,False,False,True,post,79,off_axis,80.01380517694444,9.13
341,4.647413851695736,238.4857936858527,15.198421423231302,34.513431714,2.019760361936027,0.6075579419560933,0.2821086659206764,0.403186698995497,0.9459044695952428,0.4026278615813241,0.279631428113118,1.4769468121181093,55.979411167795135,0.9024163290037284,0.6996973526743925,False,False,False,False,pachytene,79,off_axis,113.68063333814376,9.13
183,1.2900930487137146,233.95590784893707,1.8446092282428688,42.85736406,2.1709289776189062,0.5795292829775589,0.104139941690962,0.482947149179901,0.964634507250666,0.2217563530474835,0.1606971922240512,1.87416709735076,55.979411167795135,0.9025826828105864,0.2156342404501268,False,False,False,False,pachytene,79,off_axis,117.64557267860208,9.13
156,1.3028188931837923,164.44549922692295,181.29148407655245,24.881667246,1.8110493698102683,0.6738003205430376,0.0250774866159481,0.7176300578034682,0.999174099768748,0.1406440743020563,0.1987817654788818,1.0838472948316014,148.23510053690134,0.9027825368292106,0.0349448665691423,False,False,False,True,post,79,off_axis,81.17557946385217,9.13
443,7.558535359393347,239.63216012062816,12.888792924255135,60.668856414,2.4375810583975106,0.6826740903994123,0.3449596935110544,0.3613988058974046,0.9585830575185617,0.1993392631729751,0.1608802624519511,1.4572758360411064,55.979411167795135,0.9034267289074585,0.9545125437104596,False,False,False,False,pachytene,79,off_axis,115.87729457064793,9.13
360,5.183400496601393,238.90779860787924,20.92676751740198,57.62872812599999,2.396165486647071,0.5883502259128099,0.25716174526223,0.4309304855136952,0.9760027822861116,0.225340458825816,0.1524172108473847,1.9020177887830052,55.979411167795135,0.9048828914359582,0.5967592312613429,False,False,False,False,pachytene,80,off_axis,111.14777199566102,9.13
394,4.521621019817292,232.82580454241577,0.5129961923847789,10.534888998,1.3599213277072897,0.5399688265419729,0.0,0.3344627299128751,0.502053388090349,0.778896511428435,0.1842861713330737,1.719524450454844,55.979411167795135,0.9072156211902896,0.0,False,False,False,False,pachytene,80,off_axis,117.59981440716066,9.13
342,5.3824157136175295,238.4415237107197,3.0901713575102336,55.17504433799999,2.361663552422549,0.596148122953956,0.275549115314216,0.4270975892199178,0.9875220569700024,0.1478283504968764,0.0998405281266477,1.5502447061258655,55.979411167795135,0.9085557541025076,0.6451666370149711,False,False,False,False,pachytene,80,off_axis,120.44641357772868,9.13
499,7.813592335785351,238.7276682104459,17.315853294870355,44.318783754,2.1953296419049977,0.6670195310432435,0.2162700884514762,0.4957876331266889,0.9775824175824176,0.2425321589023556,0.2620569343128142,1.5055831666040935,55.979411167795135,0.910144239358852,0.4362151735967415,False,False,False,False,pachytene,80,off_axis,112.79075257407996,9.13
430,6.589852398523872,169.20088871463636,183.29517460024545,22.885410168,1.7612595612403947,0.6380688806888068,0.0158862876254181,0.6669498725573492,0.9977370911335116,0.1868858508665625,0.1873021108671023,1.1883043578667507,148.49617182497946,0.9144157499707348,0.0238193127835886,False,False,False,True,post,80,off_axis,85.08787706568572,9.13
572,8.11016324381229,242.6117686772953,15.478132931207783,49.00095664199999,2.2700668664415686,0.5770501220738188,0.3545441262419637,0.3805319750990379,0.90975651285544,0.3509273106596675,0.1867135171633012,1.5471499693686217,55.979411167795135,0.914759675740026,0.9317065304425192,False,False,False,False,pachytene,80,off_axis,117.06939482202345,9.13
515,8.12273894005734,240.3432828703001,19.205785950476614,31.072175388,1.950268247859789,0.5205345009814284,0.1524089149873214,0.5721933553771059,0.974199713330148,0.3291339022400062,0.1730925432780019,1.663607655218904,55.979411167795135,0.9151629718969724,0.2663591136721185,False,False,False,False,pachytene,80,off_axis,113.24131264701116,9.13
651,8.949098532494547,153.9344716561849,188.7101238574418,16.784041589999998,1.5883125930071662,0.5250873515024459,0.0414668547249647,0.6780459093584461,0.973590855340954,0.1078331612073598,0.0569056294299731,1.251717580182668,158.79468801777355,0.9152659380788056,0.0611564116125998,False,False,False,True,post,80,off_axis,84.35242095708738,9.13
431,7.472796865853581,242.25471770162864,4.548507340027787,52.092692046,2.316840114318934,0.6692934660242266,0.3186119873817035,0.4217047930283224,0.9966415631996745,0.0937404248800131,0.1142433257854464,1.804239912399657,55.979411167795135,0.9156955798199008,0.7555332371105039,False,False,False,False,pachytene,81,off_axis,122.68633962109796,9.13
418,6.896617653753421,243.28222700414537,10.22330899075824,51.52970532599999,2.3084635233978954,0.6908999863431511,0.2486444616576297,0.4322533136966127,0.98760056791292,0.2182412013114137,0.2432713676941446,1.7960011545485737,55.979411167795135,0.9164146660682396,0.5752285842096443,False,False,False,False,pachytene,81,off_axis,120.38754551093075,9.13
317,4.302048883961122,243.55349599382663,15.989304864291103,48.658473054,2.2647657521147684,0.692088897459384,0.2578433650941204,0.4512290590261468,0.9980293624987684,0.1471702657360797,0.1882493587348529,1.5341820926189098,55.979411167795135,0.917032720517014,0.5714245568550129,False,False,False,False,pachytene,81,off_axis,117.6248277866549,9.13
327,4.259015664926172,173.69132583046587,182.1424316853681,21.114347778,1.714600793736455,0.6069325630485501,0.0153075424436404,0.6416054267947994,0.9862705941088368,0.1960632379847362,0.1517428581237846,1.13391946047381,145.88058562820967,0.9180829019657236,0.023858187297621,False,False,False,True,post,81,off_axis,86.26487203595445,9.13
487,7.326993655255827,243.6689062991576,21.09194035181076,61.74322273799999,2.45188574251155,0.611754872535238,0.2981938053705102,0.3939720129171152,0.9673108779679735,0.1508666618214866,0.0765950624997183,1.5504577248435003,55.979411167795135,0.9197363106466768,0.7568908338502841,False,False,False,False,pachytene,81,off_axis,115.25557255730642,9.13
355,4.778658536585443,156.91364745617392,190.0820289157752,24.621285888,1.8047097884443444,0.6479611280487805,0.0439844760672704,0.6576454668470907,0.9983149222991948,0.1035057112477337,0.1100076834963388,1.1630034333881654,159.0678725306214,0.9200959019003792,0.0668817444726601,False,False,False,True,post,81,off_axis,86.55497929967726,9.13
343,4.382351111802107,244.0094568729559,4.5538373347853724,30.171396636,1.931237125697855,0.6869849168092055,0.1636892397174906,0.503725782414307,0.998694327578703,0.2971445970793137,0.4212643865156866,1.5242433110819276,55.979411167795135,0.920505695753466,0.3249570409776219,False,False,False,False,pachytene,81,off_axis,124.12488124838657,9.13
187,1.4371579876434328,240.69586582083136,0.5107687996469643,10.631065896,1.3640472057643858,0.7552956751985878,0.0,0.3660955816050495,0.9898125509372452,0.2028860199452214,0.3090032567297147,1.6293970410731438,55.979411167795135,0.9219187599620712,0.0,False,False,False,False,pachytene,81,off_axis,123.79632452636689,9.13
188,0.7662209988202929,242.5754334644108,3.650280672434106,11.930626908,1.4175059324564383,0.8012190326386158,0.2880281690140844,0.3402571711177052,0.9993476842791912,0.1828761440727628,0.4787844321517114,1.919391690711978,55.979411167795135,0.9220230148306344,0.8465013920733703,False,False,False,False,pachytene,81,off_axis,123.4654430678066,9.13
189,0.9009939331354232,244.39426465728675,11.542820059377828,18.172742166,1.630962410792257,0.7577126629663096,0.1290023201856148,0.5183803942461375,0.9989471467677404,0.1785044532365284,0.3313833650813406,1.5503019431357272,55.979411167795135,0.9248601662704152,0.2488564799469672,False,False,False,False,pachytene,81,off_axis,120.62853957775629,9.13
528,7.690078903117665,246.68634983831572,9.398752438235688,54.405629154,2.350634337151994,0.6792135558142542,0.2754893368390301,0.4245967741935484,0.9840603226114346,0.228947013984984,0.2460892863693533,1.7381341907971075,55.979411167795135,0.9266258134004436,0.6488257885667565,False,False,False,False,pachytene,82,off_axis,123.70675436081957,9.13
444,7.415947119924088,245.4777133257818,2.3028241133139558,62.10447254999999,2.456658311708654,0.6100094428706326,0.3838395894253148,0.3168038740920096,0.9549005681818182,0.2845295956663217,0.1651431671630923,1.5945829425830491,55.979411167795135,0.9268657795600596,1.2116000491642849,False,False,False,False,pachytene,82,off_axis,126.6145351136106,9.13
243,3.433894697880914,246.65113550939367,17.996454617377392,50.70164569199999,2.296031360363967,0.6942259646525399,0.2190712513293158,0.492510213345438,0.995156081808396,0.2672523520901127,0.3800243112423985,1.4135759001095205,55.979411167795135,0.9278138986904804,0.4448054992428412,False,False,False,False,pachytene,82,off_axis,119.34571579734236,9.13
516,8.066351857633938,246.7131691812404,17.560377548391482,60.10821547199999,2.430049247321251,0.4464954729940681,0.2963036467377822,0.3778467179017133,0.765181194906954,0.6427784535240049,0.1422812431353833,1.5857687122754198,55.979411167795135,0.9278385515950174,0.784190076820669,False,False,False,False,pachytene,82,off_axis,119.608720751924,9.13
149,2.2290188775078463,158.3903681283304,192.58713138914723,27.710675514,1.8772387104209527,0.6551257089646999,0.0683741138806312,0.658321060382916,0.99967362924282,0.1006638569497735,0.114746347050713,1.239270561016328,160.91885801254935,0.9281583142789412,0.1038613497202429,False,False,False,True,post,82,off_axis,89.39886593234309,9.13
194,3.812255949836033,247.4460069260372,14.24805315662056,49.38097267799999,2.275920094413052,0.6155527053346634,0.3212848037571285,0.4375386136167058,0.9757968522682184,0.2306353025009874,0.2185435427506639,1.467445666581903,55.979411167795135,0.9292368652522032,0.7343004565960014,False,False,False,False,pachytene,82,off_axis,121.8668030061423,9.13
191,0.9112674404971234,245.62561899402172,14.20235965529387,20.007140562,1.684090675834288,0.7812170242701372,0.1691896705253784,0.3890675241157556,0.997541138641952,0.1791956325990312,0.3681692045434994,1.3255828692904994,55.979411167795135,0.9294212063730112,0.434859401102419,False,False,False,False,pachytene,82,off_axis,120.31442896682574,9.13
500,7.571994662568934,247.0946323844585,22.834598038897244,58.013435718,2.401485630556124,0.6167967328454167,0.330909347641909,0.4013928458372903,0.954353048850246,0.2461652513371489,0.145318152054173,1.4558085076013918,55.979411167795135,0.9306866662012035,0.8244027044170273,False,False,False,False,pachytene,82,off_axis,117.5131442079018,9.13
190,1.7466525409246725,245.928147800829,1.7669803253472012,68.639810058,2.5399733187635456,0.6427668227333311,0.3483573343307774,0.3929972256768392,0.9722869722869724,0.3652299089438315,0.2882709339826873,2.043434194384574,55.979411167795135,0.9325169813680532,0.8864116883543369,False,False,False,False,pachytene,82,off_axis,127.29095728423924,9.13
195,0.8840355955827012,248.66446355741547,15.895541781923267,21.879071406,1.735055716281462,0.5303956256030877,0.0884495317377731,0.5454337899543379,0.7487228607918263,0.5026895091745494,0.1518582109582589,1.4583098821415876,55.979411167795135,0.9345169024226058,0.162163645463142,False,False,False,False,pachytene,82,off_axis,122.1204683766937,9.13
623,8.208161708618873,159.62801467391114,192.85197228260935,24.602519664,1.8042511582369352,0.5968726163234173,0.0944527736131933,0.6359981078524125,0.9950313242600992,0.1936566648718083,0.1652048944689476,1.2336277271688012,160.74555983896406,0.9348157679068104,0.1485110921668209,False,False,False,True,post,82,off_axis,90.05243313828281,9.13
198,3.5245810055865183,249.08049327396267,5.5369340948057415,84.818640924,2.725634179658446,0.7001493445433928,0.2949209858880145,0.4189263973436635,0.993679858239811,0.1472702906269939,0.1915558425485943,1.800737370764445,55.979411167795135,0.9353937009822506,0.7039923665781271,True,False,False,False,pachytene,82,off_axis,127.79850178902166,9.13
488,6.9525107851591565,243.64149147541156,26.866968688525382,54.37513403999999,2.350195067291797,0.7217428817946505,0.2458786390740091,0.406046511627907,0.9941688498267556,0.0983575698975965,0.1082528198495829,1.9427267956949363,55.979411167795135,0.9361910682130264,0.6055430401020842,False,False,False,False,pachytene,82,off_axis,112.64993960353107,9.13
193,1.8314818468823384,246.33879962509803,23.453921759075676,47.553611616,2.247492747916801,0.715568271507498,0.2343646262116584,0.4308012486992716,0.9889524561057408,0.1800204569962629,0.2560022975650705,2.329755063064008,55.979411167795135,0.9383610473769228,0.5440203038391395,False,False,False,False,pachytene,83,off_axis,116.56133576342985,9.13
489,7.524399402796521,250.4911725919461,18.694550694476405,51.848731134,2.313217705538047,0.5507397185902366,0.3203750598863869,0.3889224572004028,0.9288752765016164,0.233972080081858,0.108771130476723,1.3113925110328917,55.979411167795135,0.9391594824665578,0.8237504776467691,False,False,False,False,pachytene,83,off_axis,122.41249673662124,9.13
199,1.6640678650777976,249.73343455866785,12.61786507776211,34.84184063399999,2.0261464215178626,0.6847774860297583,0.1739590684544812,0.5121742844938061,0.9891145625912652,0.2770260396139958,0.3745984129325131,1.328344489405269,55.979411167795135,0.9392912469406448,0.3396481895345626,False,False,False,False,pachytene,83,off_axis,124.66247315153181,9.13
501,7.873981469167431,247.73367417209656,26.27013179944238,52.91371434599999,2.328948471176321,0.5753867978897903,0.3079479768786127,0.4025892670703695,0.9159298666267046,0.3675701199392127,0.1782270587744982,1.4494679734878149,55.979411167795135,0.9406594718428674,0.7649184965102057,False,False,False,False,pachytene,83,off_axis,116.61207471606336,9.13
445,7.174126521969591,250.31870549562592,2.0737135223658987,70.89879427199999,2.5675372124112785,0.5610442032821599,0.3230086237689442,0.3528303308962086,0.8410332836562344,0.1341257129653916,0.0427654797183031,1.834815009971501,55.979411167795135,0.940662679113937,0.9154786181462472,False,False,False,False,pachytene,83,off_axis,130.73747909780093,9.13
530,7.900680095300478,250.49156666665775,14.278251358025548,54.15228513,2.346980022146244,0.5306042884990254,0.3112565944193732,0.3778146917681801,0.7970445192667415,0.4573059922258127,0.1182132989990273,1.468010031383303,55.979411167795135,0.9420766244756368,0.8238340149311989,False,False,False,False,pachytene,83,off_axis,124.50276006781031,9.13
201,1.4042617089739062,250.45210191633356,1.605581380050046,32.805705329999995,1.985882689174768,0.6541294243832678,0.1701835649339509,0.3936324167872648,0.9751542152159012,0.1100211884711932,0.1244993901779911,1.4392334435742964,55.979411167795135,0.942358178544588,0.432341335916765,False,False,False,False,pachytene,83,off_axis,131.10943806697455,9.13
136,1.584419447801445,144.74257245514585,195.79843632053252,25.233533946,1.8195464885375336,0.5710700009296272,0.2495120364346128,0.3636757693974859,0.9713694377371508,0.1394487025769866,0.1345001125930872,2.243045537898434,168.59371921082032,0.9425057143155856,0.6860837521509556,False,False,False,False,pachytene,83,off_axis,89.17270743224414,9.13
333,5.644048211973264,251.92390214164251,10.136908048609929,47.098530684,2.240300366030375,0.568582528140253,0.2753889911326752,0.3851304548603094,0.9037246425008314,0.3314498626543453,0.1622008055865569,1.5933913073538897,55.979411167795135,0.9427508263314646,0.7150537893259091,False,False,False,False,pachytene,83,off_axis,127.8039207303886,9.13
340,4.858644788818079,168.54642452142326,195.00215211181785,23.159866194,1.7682723072769009,0.6746682872480503,0.0272562083585705,0.6376089663760897,0.998491135420596,0.0996008231158648,0.1173253642058873,1.3044684477579414,159.72402996055698,0.9437339694828072,0.0427475299061175,False,False,False,True,post,83,off_axis,95.34863772350236,9.13
468,7.337452318272271,251.7073595820108,21.631035437597266,43.66196591399999,2.184430469479792,0.6602911943265459,0.2338543559917605,0.4709789656808477,0.9930555555555556,0.3480277388671496,0.366777726157996,1.5895891079657214,55.979411167795135,0.9442574850640226,0.4965282380577239,False,False,False,False,pachytene,83,off_axis,122.18538779694317,9.13
196,2.9621634592310677,248.8195020780298,24.67256119882912,48.878976186,2.2681816387588625,0.6988530018716705,0.2443400770712909,0.4525896414342629,0.9882352941176472,0.1534161629464359,0.2162623671659553,1.480322099966761,55.979411167795135,0.9456251314775675,0.5398711209937853,False,False,False,False,pachytene,83,off_axis,118.26951649744163,9.13
207,2.345270768776766,252.8982463700721,17.323697244355223,63.58935002399999,2.476083344473276,0.6129924745462594,0.1769182488623881,0.5541893051186731,0.9964557859294702,0.149089425521958,0.1572189210322007,1.4397152037771472,55.979411167795135,0.9459451134745644,0.3192379340927613,False,False,False,False,pachytene,83,off_axis,125.18032966966905,9.13
197,1.2008832459288008,248.35883301131787,25.303339939277087,8.498753694,1.2659664932397527,0.5683135523047198,0.0729104919976288,0.3305626598465473,0.9398148148148148,0.4740496332575523,0.3274133205215629,1.7329634978433768,55.979411167795135,0.946351928284866,0.2205648152500804,False,False,False,False,pachytene,83,off_axis,117.58513510820652,9.13
332,4.16469874646185,252.27863139911025,0.5378651839870671,11.602217988,1.4043783871334417,0.7359482410028306,0.0411160058737151,0.3629402756508422,0.9922118380062306,0.193541440197817,0.2817315555354563,1.5621461664299867,55.979411167795135,0.946650782148626,0.1132858727237804,False,False,False,False,pachytene,83,off_axis,133.2208421984022,9.13
392,5.21721643518524,154.39860321180785,199.2761834635437,16.214017536,1.5701242085119032,0.4293981481481481,0.0097916143610343,0.5537525354969574,0.9705671213208902,0.1777522374140946,0.0506407103736515,2.062365437624126,168.56844955389442,0.9471544306406988,0.0176822926006957,False,False,False,False,pachytene,83,off_axis,94.6441237062973,9.13
395,5.37971191619379,251.55342555215623,26.254567228285712,53.74177398,2.341034404552955,0.5383675250982104,0.2725271701747145,0.471161119515885,0.6848870247598431,1.1312340768470346,0.3007013135381374,1.3647376008814822,55.979411167795135,0.9478369516597844,0.5784160850427014,False,False,False,False,pachytene,83,off_axis,120.10055537419768,9.13
432,6.495838175166856,245.41025638476916,30.661899728857087,54.50415182999999,2.352052395871436,0.647987949214547,0.2459666267170646,0.3983372050372906,0.9819309312520048,0.1801994653054789,0.150688091706029,1.7824603056403423,55.979411167795135,0.9481662127103084,0.617483437666934,False,False,False,False,pachytene,83,off_axis,112.70910846671262,9.13
573,8.705031201247975,250.3856591302592,28.147013716848008,60.14574791999999,2.430554928169751,0.7887675507020281,0.1253229974160207,0.5998892171344166,0.9951852853665134,0.1732846709317427,0.4603011251177692,1.2925257740306269,55.979411167795135,0.948744674021318,0.2089102351508673,False,False,False,True,post,83,off_axis,118.27291879709459,9.13
212,0.9203407880724094,253.77415761448495,13.96762438764664,19.824169878,1.6789411249790671,0.5122470713525027,0.2439471753484959,0.4233381853469189,0.8987468671679198,0.3161847066223143,0.1216403028893593,1.5392625062451724,55.979411167795135,0.9490355048147208,0.5762465654936965,False,False,False,False,pachytene,83,off_axis,127.52797745793715,9.13
192,1.213297242429387,245.61640254609893,27.169375452546568,27.731787516,1.8777153282589052,0.5545592962273727,0.241974953217216,0.4551842005317129,0.9880522367324256,0.1689751824397232,0.1348152977238967,2.0406343398779216,55.979411167795135,0.9492655806815268,0.5315978738597663,False,False,False,False,pachytene,84,off_axis,114.31271499727919,9.13
206,1.440923636819865,252.6515389722077,10.676258442617094,37.38466398599999,2.0742843502012764,0.656961787036456,0.2119071644803228,0.3870495701481617,0.9825982598259826,0.203940607377107,0.1829921013698357,1.825242241240768,55.979411167795135,0.9492772168662018,0.5474936050160326,False,False,False,False,pachytene,84,off_axis,128.16054346351987,9.13
213,1.75029123643108,254.21449392374413,4.533747100874377,35.44001402399999,2.0376758198935296,0.7844188509398994,0.2632888486767699,0.4261590420632484,0.999463634413216,0.181978267698057,0.3937307440319035,1.7404426006012177,55.979411167795135,0.9510994941915368,0.6178182854036309,False,False,False,False,pachytene,84,off_axis,132.66905956418614,9.13
382,5.487756297598518,248.81200673696327,29.34129892598998,36.038187414,2.0490762048708664,0.457983466770813,0.1855438184663537,0.5048636964092711,0.9744245524296676,0.282116923404856,0.1633431831936634,1.3897885774832583,55.979411167795135,0.9521348690947788,0.3675126965673946,False,False,False,False,pachytene,84,off_axis,116.3562624189951,9.13
469,7.451383102503096,254.1227529895349,15.863748879630226,62.498563254,2.461843690082573,0.5385279435499005,0.4274471453851168,0.3193981293208621,0.78152260111023,0.1819172740927681,0.0725426451477185,1.56071938303181,55.979411167795135,0.9522531842545386,1.3382894455080243,False,False,False,False,pachytene,84,off_axis,126.94130685406067,9.13
318,5.377524664436538,254.8532548672628,5.607965406274814,55.400239026,2.3648722021323474,0.7127069483846382,0.1802585477830132,0.5466470154753131,0.9996226699871708,0.2148940930849985,0.3225734269439627,1.9820071304747848,55.979411167795135,0.9526333377536588,0.3297530996785507,False,False,False,False,pachytene,84,off_axis,132.64659158982897,9.13
419,7.02305814899435,254.29975318638563,23.00966562197225,60.55156751399999,2.436009216012171,0.5486770232053617,0.3605927552140505,0.3913304721030043,0.9306060606060608,0.2812498370489266,0.1646398428413785,1.7385898360002363,55.979411167795135,0.952653608406506,0.9214533007772951,False,False,False,False,pachytene,84,off_axis,123.93987111041956,9.13
446,7.828498962416536,254.1458495319361,11.879973119667314,50.86819592999999,2.2985426964065376,0.604242563984321,0.3265850596359071,0.3646003262642741,0.9302492122600974,0.3779727321658619,0.1787554131358976,1.3008980178732736,55.979411167795135,0.9529022720070476,0.8957344141244342,False,False,False,False,pachytene,84,off_axis,128.86276141904256,9.13
200,0.9085754583921086,248.72101624823603,28.12428799717888,16.631566019999998,1.5834882493391984,0.6533145275035261,0.229225462527438,0.3449959316517494,0.972431900229734,0.2061142827484016,0.2331508926415972,1.801829272782189,55.979411167795135,0.9534971422513878,0.6644294656750502,False,False,False,False,pachytene,84,off_axis,116.75487640690343,9.13
204,2.136145612212621,251.76901750597756,22.915078677565543,51.937870698,2.3145425927526686,0.6146063863420803,0.2717419134590765,0.4286886206492441,0.9913221646378207,0.2695392528025072,0.1998931305657168,1.3491754971497842,55.979411167795135,0.9539007292501884,0.6338911283614816,False,False,False,False,pachytene,84,off_axis,121.68671273523148,9.13
383,5.993019267628607,255.91347902753765,9.218014642388985,46.50739462799999,2.230888169879339,0.6747705033794008,0.2134666991949255,0.4446339950372208,0.98423721340388,0.2421310111648909,0.2597111835358418,1.3695765918749887,55.979411167795135,0.9544335595852178,0.4800953178963655,False,False,False,False,pachytene,84,off_axis,131.71460391276136,9.13
147,1.7136250089216143,155.6299599671696,201.80348061522912,32.866695558,1.98711260182853,0.4729141388908714,0.0919709824173121,0.568178740690589,0.8801331853496115,0.3406380649164648,0.0957302231907824,2.6533046173910475,170.52400908461408,0.9547367939824916,0.1618698058035868,False,False,False,False,pachytene,84,off_axis,97.40617162978579,9.13
529,8.251303544789288,249.35884588335253,31.021945300845264,33.021516905999995,1.9902278693276307,0.5054343965333523,0.1815189278156594,0.541798333812123,0.98295033358043,0.3737624129116862,0.1910520448253194,1.5481720254383755,55.979411167795135,0.9549788478104578,0.3350304282748201,False,False,False,False,pachytene,84,off_axis,116.21456473963629,9.13
214,3.8354443168772914,254.1481943972464,26.560611058554095,51.07931595,2.3017182141856494,0.5946727898966705,0.2564448188711036,0.4916156809426694,0.9753560371517028,0.2039165637169491,0.1432557036071626,1.361033832363583,55.979411167795135,0.9564663521787306,0.5216367760673797,False,False,False,False,pachytene,84,off_axis,122.35610942969872,9.13
531,6.8824665424361,252.62405117736827,29.21351678807304,13.847127533999998,1.4896709920221098,0.4755209215653058,0.2404317958783121,0.2587209302325581,0.9676674364896074,0.4551500320942064,0.2229723922273387,1.199163874922034,55.979411167795135,0.9571315297290506,0.9293094132824646,False,False,False,False,pachytene,84,off_axis,119.92174032434487,9.13
208,1.3934501391845284,252.4031163664754,26.32330188308593,28.651332492,1.8982441570460344,0.7464385131815949,0.1568200381159814,0.4911204391346464,0.9968952483801296,0.2219945987031975,0.3694555361815904,1.1975423299101735,55.979411167795135,0.9574770058034536,0.3193107547963146,False,False,False,True,post,84,off_axis,120.85023539702719,9.13
205,3.814524271844724,250.9243075922309,29.449524815533444,12.080756699999998,1.4234269240188944,0.5631067961165048,0.1734019103600294,0.4071111111111111,0.8061171591498185,0.7001673012341642,0.4470072285625885,1.5533286905049393,55.979411167795135,0.9579001993850598,0.4259326400764914,False,False,False,False,pachytene,84,off_axis,118.26108507129699,9.13
202,2.0926717557252528,250.37630362595527,29.250541698471967,36.87563015999999,2.0648267304067054,0.616793893129771,0.2938694174188254,0.3427954847277556,0.8886387253204018,0.1171374154633496,0.1267001877940256,1.977171373747892,55.979411167795135,0.9592084708029476,0.8572733029205833,False,False,False,False,pachytene,84,off_axis,117.8323383958207,9.13
140,2.297078454973071,150.0291864864873,202.14792058212169,64.314195426,2.485455988478678,0.6060108691687639,0.1324391615131315,0.5227735604517681,0.9902434736749582,0.1472092808596579,0.0791377644326016,2.575153494226749,172.75860389441334,0.9602195436078392,0.2533394408827424,False,False,False,False,pachytene,84,off_axis,96.40842881112677,9.13
217,1.2157506751331482,257.76696343332543,19.22986214145039,32.139504378,1.972347899784155,0.692650171520327,0.2180129990714948,0.4799335074804084,0.9887190143981,0.1294711930242651,0.2013170822354678,1.5343436956657726,55.979411167795135,0.9611543786432476,0.4542566744631691,False,False,False,False,pachytene,85,off_axis,128.68649329372784,9.13
420,6.694335086401877,258.3194667655933,12.247855300525814,62.44461035999999,2.4611350773626293,0.6001878287002254,0.3873474556758001,0.3574180212346143,0.956191970707467,0.2373626170863293,0.175512597633061,1.781998112201868,55.979411167795135,0.9621316562371026,1.0837378997785332,False,False,False,False,pachytene,85,off_axis,132.34419126033677,9.13
218,1.043634311512425,258.4663230812625,12.976589119639216,20.78359308,1.7056006014772715,0.7208803611738148,0.1975989617131732,0.410028305701577,0.996752543840658,0.1749996354189869,0.249381107122767,1.414079177978401,55.979411167795135,0.9626755309332912,0.4819154164858752,False,False,False,False,pachytene,85,off_axis,132.13041836339292,9.13
470,7.346760305931473,256.4185118524257,26.790978834961848,48.766378842,2.266438642720597,0.6773774592332484,0.2244449583718779,0.4630982555538989,0.9861936914239644,0.2082258100945871,0.227927584536274,1.4062030410480215,55.979411167795135,0.9628354353029284,0.4846594770766856,False,False,False,False,pachytene,85,off_axis,124.355570073605,9.13
215,2.480853722019849,254.0145173243077,30.16516375845756,67.59359307,2.527002323128545,0.7806697900399098,0.1789008704690139,0.5162974683544304,0.9944894823292534,0.1747191500310541,0.4127871472235717,1.894827640423774,55.979411167795135,0.9633460861050744,0.3465073556126779,False,False,False,False,pachytene,85,off_axis,120.85289496053551,9.13
471,7.526167896030911,258.1493564980699,16.72413969090167,40.070579796,2.122815935145025,0.5139913359091441,0.2605985037406484,0.4580823897855938,0.9410832232496698,0.0594530480722874,0.0364983902747327,1.2889675125631368,55.979411167795135,0.9639623669195552,0.5688900284130589,False,False,False,False,pachytene,85,off_axis,130.13225784975327,9.13
532,8.061407804928452,253.5387978794367,32.63310970666523,45.02251715399999,2.2068884799416533,0.6811858490074506,0.3079619995476136,0.3685242686713515,0.986977886977887,0.2032625491358584,0.2325827654591853,1.442714760900879,55.979411167795135,0.9644425232057277,0.8356627384620168,False,False,False,False,pachytene,85,off_axis,119.5159854756016,9.13
556,7.16564765206438,158.58854011975887,205.4154395209596,7.443153593999999,1.211219322748451,0.3034982666246454,0.0,0.53710407239819,0.5975,1.0801921065929667,0.0568615321208879,1.6176495103301491,172.9098737484219,0.96447460888272,0.0,False,False,False,False,pachytene,85,off_axis,101.69141230992963,9.13
216,1.5953020134227291,256.46104016608007,26.30182719258432,41.243468796,2.143329090238548,0.5165510180866796,0.2864937463275413,0.4090588235294117,0.8933908045977011,0.2970061717697261,0.0965795784248943,2.0218334421381408,55.979411167795135,0.9654581718870532,0.7003729777923788,False,False,False,False,pachytene,85,off_axis,124.58481929857915,9.13
244,3.714268942472604,259.4918516526707,7.826222771607327,51.94959958799999,2.31471680713527,0.5894066648604714,0.3237896928682977,0.4248322885736281,0.975007265329846,0.1555067031479967,0.1237631756093902,1.7039218816757078,55.979411167795135,0.9659087603181924,0.7621588602773572,False,False,False,False,pachytene,85,off_axis,135.51153750816985,9.13
203,2.6819119368051183,251.56964779475751,32.24506155281013,64.14295363199999,2.48324811797014,0.6462843768285547,0.2571428571428571,0.4674317617866005,0.9915100560501154,0.2781151854521499,0.2871101482164399,2.451613537175928,55.979411167795135,0.966037714904047,0.550118494644042,False,False,False,False,pachytene,85,off_axis,117.8161789164251,9.13
517,5.953908629441614,252.9152439593923,33.02693710659827,4.62118266,1.0332882922027622,0.2934010152284264,0.1201011378002528,0.4094827586206896,0.3567567567567568,1.1805440617582876,0.163063413345997,1.2730743138091436,55.979411167795135,0.9662213479081952,0.2932996207332491,False,False,False,True,post,85,off_axis,118.79352853537037,9.13
221,0.9967290408133072,259.8456724031231,16.42756376897004,15.920795286,1.560601606335001,0.5438337999115956,0.1330159619154298,0.5723514211886305,0.9361702127659576,0.2670986433955877,0.1658354557770562,1.3013880273274456,55.979411167795135,0.9662280347866576,0.2324026061456946,False,False,False,True,post,85,off_axis,131.7830914338492,9.13
367,4.59207606973064,155.31270635046465,206.41093641611732,20.722602852,1.7039305840036196,0.502377179080824,0.1928020565552699,0.4415377616014558,0.6055495103373232,0.6249536357463253,0.0563674101166991,1.742879927269496,174.9632611953071,0.9667493660033404,0.4366604021725743,False,False,False,False,pachytene,85,off_axis,101.7757043988775,9.13
124,1.513931297709973,137.07929703331337,200.60483780360843,27.042128784,1.862018918282413,0.5648854961832062,0.2643003813435025,0.3993221690590112,0.9702233250620348,0.109087632338727,0.1018785261512078,2.9790145607683205,175.72622921519485,0.968226461715235,0.6618725475881221,False,False,False,False,pachytene,85,off_axis,93.00172517824579,9.13
409,6.9505462296829945,260.1035203570456,24.44140576427758,79.233343506,2.6644431468568768,0.5837108091304735,0.3311929223744292,0.4033141312851148,0.9711731619124148,0.1634887347449501,0.0715932937809688,1.4136712366702295,55.979411167795135,0.9696513656133496,0.821178571946191,False,False,False,False,pachytene,85,off_axis,128.66481564528667,9.13
571,9.113804777129884,157.84126162309465,207.01705912168492,24.945003252,1.8125847364394017,0.361952228700395,0.012372634643377,0.6489314664701548,0.8679867986798679,0.2889445666877904,0.0454000645666189,2.1882311377049897,174.6703479054867,0.9698696768570846,0.0190661653543749,False,False,False,False,pachytene,85,off_axis,103.02236773630172,9.13
220,2.9334710327455387,260.12953458437914,10.807625274558225,46.5636933,2.231787993782452,0.6343073047858943,0.2169363538295576,0.4445515911282546,0.9812635118904636,0.2675961180908467,0.2188074308061547,1.589252203354483,55.979411167795135,0.9699191425403196,0.4879891516729963,False,False,False,False,pachytene,85,off_axis,134.621055759696,9.13
223,1.9311750056599344,261.2295424156614,14.213044849445591,20.722602852,1.7039305840036196,0.514036676477247,0.2127269392994681,0.3209876543209876,0.9270895080023712,0.3324496496152233,0.1609242862862197,1.5095680336084911,55.979411167795135,0.970438666351533,0.6627262339714202,False,False,False,False,pachytene,85,off_axis,134.0129897450402,9.13
230,3.0714406065713,259.5932245436664,22.037701698960536,50.119892748,2.2872159690896554,0.5819994383600112,0.2636655948553055,0.4643377001455604,0.983943661971831,0.2737324320719775,0.1868645453316409,1.30589038192159,55.979411167795135,0.971637944866691,0.5678315475410498,False,False,False,False,pachytene,85,off_axis,129.16077383820166,9.13
490,6.792073602264666,260.9584115180444,19.493271868365337,13.258337256,1.46825047809031,0.7517692852087756,0.0,0.1546685673556664,0.9972006220839812,0.2766223109953478,0.5937061056196598,1.3297210401338544,55.979411167795135,0.9740740113959908,0.0,False,False,False,False,pachytene,86,off_axis,131.4597243777383,9.13
422,7.171510366163683,260.0713159578846,28.33493950685647,50.80251414599999,2.297552965933715,0.5346077480722169,0.2615576232691039,0.4303006250620101,0.8661921708185053,0.4806295965686454,0.2179784994974013,1.3702874120400068,55.979411167795135,0.9741220851885478,0.6078485784941892,False,False,False,False,pachytene,86,off_axis,127.15805153408706,9.13
491,7.382705946535808,261.4328617839621,20.074642798690288,8.599622148,1.2709552323944202,0.644026186579378,0.0,0.2352490421455938,0.9733494851605088,0.4640774603591445,0.4875996366356671,1.232378117042807,55.979411167795135,0.9746087033113816,0.0,False,False,False,True,post,86,off_axis,131.64689059827506,9.13
319,4.979112211411,261.1439477517351,16.99674004836136,40.743818082,2.1346386649826825,0.5364154528182394,0.0,0.4559115747640337,0.9627064464571125,0.4498813613584066,0.2684084874348884,1.4782045957364034,55.979411167795135,0.9751670194104072,0.0,False,False,False,False,pachytene,86,off_axis,132.69838144442502,9.13
502,7.744924226696707,258.4695286796762,32.18164739464556,45.19845050399999,2.2097593444541697,0.6977890803404609,0.1996976360637713,0.4528593508500773,0.9869683069224352,0.2263911669691698,0.2468515581677717,1.285710520132939,55.979411167795135,0.9759323801764788,0.4409705478950855,False,False,False,False,pachytene,86,off_axis,124.29465190253866,9.13
518,7.7316390720145565,255.0938127824484,36.53477691107639,46.612954638,2.23257474491558,0.679382013990237,0.2697157267308574,0.4330560351593156,0.9920777437414176,0.114236510755773,0.1557232968658224,1.5898475755515122,55.979411167795135,0.976421462784122,0.6228194617623388,False,False,False,False,pachytene,86,off_axis,119.66401983548508,9.13
209,2.91170412688868,252.91136668044263,36.89623796887918,62.411769468,2.4607035480212804,0.570209727129219,0.246755813187537,0.469960647135986,0.9918286219081272,0.1088024608841105,0.109909128829543,1.758207614074577,55.979411167795135,0.979817107451192,0.5250563311871019,False,False,False,False,pachytene,86,off_axis,117.48146894733017,9.13
219,1.0644710367468238,258.7446760563384,33.85986941649899,22.151181654,1.7422190698593798,0.732500264746373,0.1862113402061855,0.5296912114014252,0.9973758200562324,0.2264747055440879,0.3903156773414624,1.7748632728240026,55.979411167795135,0.9808805476943548,0.3515469696269243,False,False,False,False,pachytene,86,off_axis,123.98736809227803,9.13
624,7.816368923971765,261.7108869547169,30.426900747819037,5.646287645999999,1.104650253683898,0.2837557125051931,0.0,0.3219257540603248,0.4375,1.51817694220518,0.0933864778270132,1.289770747406512,55.979411167795135,0.981140952137895,0.0,False,False,False,True,post,86,off_axis,127.94280174375481,9.13
210,4.483489035303407,254.8742839364762,38.47930737044092,47.708432964,2.2499291763770097,0.474481266594552,0.2455706924542952,0.4003555389221557,0.9506843363024114,0.2134828385443944,0.0976015153193016,1.8788431441093252,55.979411167795135,0.9832165988752034,0.6133815286168514,False,False,False,False,pachytene,87,off_axis,118.84569399692147,9.13
447,7.283363685056511,260.82678482056355,34.73795299410713,43.79567526,2.1866580461048857,0.5847348687734333,0.2186051199354969,0.3890107055333419,0.9687892376681614,0.1962451689920944,0.0866493908420874,1.4209898693462744,55.979411167795135,0.985905968174828,0.5619514240251683,False,False,False,False,pachytene,87,off_axis,125.67049790562007,9.13
224,1.1682284040995674,261.3467890739299,33.0291611639829,12.817330992,1.4517873127554686,0.558199121522694,0.0,0.3446561723280861,0.985091743119266,0.3250092232533894,0.1898181934836239,1.33949192356206,55.979411167795135,0.9860368452596252,0.0,False,False,False,False,pachytene,87,off_axis,126.71778335499135,9.13
467,7.899348828587407,146.42097258127595,210.84427649987603,202.454716068,3.642613528320103,0.601534076425741,0.1150055328237988,0.6913346903169526,0.9997550760488868,0.0420628530640884,0.0496772686107053,1.4984916919241318,182.16420721205367,0.9878301125811598,0.1663529032096926,True,False,False,False,pachytene,87,off_axis,104.29048383272418,9.13
211,1.859157224320577,254.5697570317695,39.4776237947127,31.675040334,1.962800631743339,0.6411167888617344,0.1059040590405904,0.4321089558398679,0.998324958123953,0.2291692971463052,0.2336823437773662,2.0857403218013424,55.979411167795135,0.9884235612730162,0.2450864709220158,False,False,False,False,pachytene,87,off_axis,118.25291057838922,9.13
421,6.289563948184797,258.5471379447192,39.91334159824896,51.428836872,2.3069562811535755,0.6292647327130085,0.2945669154660649,0.4196604330708661,0.9631174247360876,0.1452327742256083,0.1217589620751947,1.7115057174035813,55.979411167795135,0.9900676087978167,0.7019172937285769,False,False,False,False,pachytene,87,off_axis,121.92759134571068,9.13
128,5.130291436491201,137.98690747622473,211.4528495412709,240.343722324,3.856985959422052,0.5911007437193777,0.1675277192703572,0.6010502446592673,0.9987013288189048,0.0852296047580926,0.0533940962417281,1.5924360249883325,185.6137240394208,0.9920208654107532,0.2787249830757959,True,False,False,False,pachytene,87,off_axis,103.88752155784266,9.13
222,1.912864797378072,261.0776601258836,40.10927655412749,45.092890494,2.2080377216636853,0.7295947562815377,0.1378338032841267,0.461716044632551,0.9989507821442196,0.1630362635058092,0.2284510111803028,1.9565042197031692,55.979411167795135,1.0,0.2985250456128712,False,False,False,False,pachytene,88,off_axis,124.29875632312051,9.13
