nucleus_id,cz,cy,cx,vol_env,r_eq,gap,gap_int,thick,void_big,void_off,offset,syp_io,s_um,s_norm,score,merged,mitotic,crescent,post,cls,row,zone,r_um,off_axis_cut_um
156,0.9474732151322668,4.102800767991298,145.27784233431262,24.740920566,1.8076280914827496,0.6484308334123448,0.0600760456273764,0.6987594390507011,0.9925518708990956,0.3196142840624401,0.3655014533828272,0.909721634931014,-115.88596054876703,0.0,0.0859752903073376,False,False,True,False,TZ,0,off_axis,127.2139876908609,8.72
157,1.0276923076923257,6.422303601398545,149.58619416084017,6.708925079999999,1.1700060593283932,0.3534965034965035,0.0,0.6322336398053001,0.8960739030023095,0.4824567284858174,0.1448931110782485,0.9497551759810636,-117.93817661866497,0.0104723056586245,0.0,False,True,False,False,mitotic,1,off_axis,130.9548837842289,8.72
158,0.8244930736799856,8.855922124071396,148.9945131700484,11.684320217999998,1.4076832634062562,0.5294117647058824,0.1191281473130402,0.5989761092150171,0.7901907356948229,0.5120158597033333,0.1479169303999106,0.9263082454502524,-116.00367049194006,0.0129145521222929,0.1988863086194916,False,False,False,False,pachytene,1,off_axis,129.92393904772797,8.72
1,1.5448740258758136,8.22334346674742,152.13086266172303,31.004147826,1.9488439410450715,0.4789286524930014,0.0769333869454497,0.6833163932045884,0.9959605026929982,0.2214286856848308,0.1662891293434417,0.9944253187726392,-118.89144062425021,0.0171596385888723,0.1125882354214432,False,False,True,False,TZ,2,off_axis,133.1226872897615,8.72
5,1.0054987663024293,12.25034476559756,147.62584102925612,13.309944372,1.4701530311974256,0.3167077899189284,0.0329259166874532,0.6128449832344597,0.416445623342175,0.7962380350870627,0.0268533249540098,0.9915953855477788,-112.87090099893142,0.0181453386769929,0.0537263379618082,False,True,False,False,mitotic,2,off_axis,128.01658258292858,8.72
250,2.754995080940807,12.44021303997845,144.79753587335665,26.228143818,1.8431456220419904,0.6122887040515159,0.1212244070545307,0.605997693194925,0.9945844615705062,0.3206417090983937,0.2751926365137501,1.125039887364056,-110.49529784338306,0.0182850362994473,0.2000410371455618,False,False,False,False,pachytene,2,off_axis,125.19255673602714,8.72
346,4.484737374873382,5.131977786526172,153.0113949386995,20.856312198,1.707587511644246,0.4949949387020582,0.0477200424178154,0.6133630289532294,0.7698251321675478,0.6490230838200224,0.1346589392579572,1.1288018356587115,-121.4518955468834,0.0183311858569204,0.0778006501292634,False,False,True,False,TZ,2,off_axis,134.56623239261032,8.72
4,1.4688429643280425,12.51980502830108,150.52518208503494,35.641750931999994,2.0415348936468374,0.6153086744767671,0.1475864080501677,0.6029084687767322,0.9907754396079562,0.0819869928694025,0.0447854926697162,0.9231063627605162,-115.02748060824781,0.0212548274548009,0.2447907363942198,False,False,False,False,pachytene,2,off_axis,130.8430714581217,8.72
3,0.7630808950086142,11.86250815404492,152.48416316695202,10.903176144,1.3755872432574638,0.4206110154905336,0.0,0.6178982547344969,0.7647058823529411,0.8707370554644941,0.1899527637242166,0.9695196804132082,-116.98863901753734,0.0226651145228124,0.0,False,True,False,False,mitotic,3,off_axis,132.8778219392889,8.72
2,1.6247289740955977,9.794445361177434,154.6207738788075,41.112105228,2.1410511149208715,0.5322378180988245,0.1193468686217639,0.6408880214686509,0.9923065086936452,0.1719155960837988,0.1163397840471197,1.0244641066534004,-119.93899647981547,0.0234560369593963,0.1862210942065513,True,False,False,False,pachytene,3,off_axis,135.31062639167854,8.72
347,3.2151395848245468,11.909550214746131,152.68243695418565,13.108207464,1.4626875529432783,0.3974588403722262,0.0948924731182795,0.5803385803385803,0.3616766467065868,0.7216272675896414,0.0771059144415052,1.014403229402584,-117.11893533830792,0.0235312572967064,0.1635122604857969,False,False,False,False,pachytene,3,off_axis,133.0668551687159,8.72
162,1.0378444084278748,14.060920745543116,153.1036836709876,5.789380103999999,1.113904140646007,0.3188816855753646,0.0,0.546103509815586,0.4718498659517426,0.9409175448571628,0.1181904304056927,1.002650176780922,-116.16388229912027,0.027588080448445,0.0,False,True,False,False,mitotic,3,off_axis,133.1809628453348,8.72
163,1.0602948169282085,16.100033523537824,153.16776818830184,14.799513402,1.5230691061424195,0.5286099223331748,0.072653570314936,0.4875588433086751,0.9833159541188738,0.2671481156028839,0.1546961221681952,0.9923646992773084,-114.990643431058,0.0308173703719305,0.1490149780114618,False,False,True,False,TZ,4,off_axis,132.98944035634696,8.72
160,0.7842091771340728,11.204677467316472,158.2074495257612,9.150879978,1.297551935919354,0.3040246090745963,0.0,0.6025782688766114,0.4932432432432432,1.1924839693985356,0.1196497186400996,0.9925656918688708,-121.96015615315103,0.0317351830449228,0.0,False,True,False,False,mitotic,4,off_axis,138.6352825962058,8.72
164,0.8482159478746604,16.5630787465101,156.19780034129752,7.560442493999999,1.217548308601129,0.4731616506360534,0.0,0.6001177856301532,0.9240837696335078,0.35411984294692,0.1322298134199128,0.9397008673361844,-117.13547977772231,0.0354858527616032,0.0,False,True,False,False,mitotic,4,off_axis,135.9465010854147,8.72
6,1.412732412743262,14.058127786235431,158.35785676851287,43.148240532,2.1758293327104936,0.5099488963792541,0.1746177090010072,0.6213667628134014,0.9705531914893616,0.2735356088821745,0.1301211417504579,1.1212374484104666,-120.36693539701648,0.0355972598689756,0.2810219655302766,True,False,False,False,pachytene,5,off_axis,138.39080284551147,8.72
165,1.1881448133558417,19.514619864941103,152.88634411930065,12.505342518,1.4399110373273702,0.4320015006565372,0.1499157776530039,0.5449141347424042,0.568901303538175,0.5961008253001007,0.0521923647700391,1.000975963837142,-112.71515802960869,0.0370646074673989,0.2751181665050277,False,False,False,False,pachytene,5,off_axis,132.35125994177284,8.72
159,0.6696184644371219,10.689408949599605,161.6790958078204,4.980086694,1.0593742959599337,0.3438530381535563,0.0,0.4393395549174443,0.3005780346820809,0.878822400166042,0.0782778433640723,1.0268071086454265,-125.04559400756523,0.038818009812667,0.0,False,True,False,False,mitotic,5,off_axis,142.14495647012785,8.72
161,0.826800000000009,13.45306209999967,161.58869010000163,7.037334,1.1887937635796848,0.3873333333333333,0.0,0.6224156692056583,0.9003831417624522,0.3464114145130396,0.1099062637204583,0.9968312568257296,-123.31373583343016,0.0403838510739263,0.0,False,True,False,False,mitotic,5,off_axis,141.67257499253256,8.72
167,0.7625197847420135,20.25148290598192,155.074595156697,7.410312701999999,1.2094353043305914,0.4222855333966445,0.074074074074074,0.5841095890410959,0.8940972222222222,0.3389663546948009,0.1131045294673987,0.8821418930605366,-114.02245693545723,0.0406143250448845,0.1268153707178097,False,False,True,False,TZ,5,off_axis,134.46541749490285,8.72
168,1.120823145884276,23.724021913202137,155.7305785757948,23.026156848,1.764862802792431,0.4860431947840261,0.0,0.6388503468780972,0.9949093223035316,0.1834773501959398,0.1181351510955541,0.9986574979011876,-112.46174693991924,0.0479370051996476,0.0,False,True,False,False,mitotic,6,off_axis,134.86841132296155,8.72
166,0.5328358208955187,19.270381343283063,161.3636820895534,5.972350787999999,1.1255174507643255,0.4080911233307148,0.0,0.4698075646980756,0.7704485488126649,0.9675633080524654,0.3165868672698213,1.0864379526348271,-119.64052661107999,0.0479849414684202,0.0,False,True,False,False,mitotic,6,off_axis,140.8159884757058,8.72
7,1.3974014986704857,17.19397973168924,163.44333901377766,38.817934344,2.1004609114686583,0.413826444283297,0.1135885954491455,0.6443298969072165,0.8390217683418436,0.3132108766794366,0.0657373947924809,1.0544787262897528,-122.55034975822215,0.0483826270296607,0.1762895001370739,True,False,False,False,pachytene,6,off_axis,143.08361907231722,8.72
22,1.0719730941704186,26.86680174887909,155.77235798206436,10.46216988,1.3567850599784277,0.3816143497757848,0.050929112181693,0.639231327048586,0.9372384937238494,0.4888555251545161,0.1790190163998365,1.0327609742406691,-110.60792277839136,0.0539684803717496,0.0796724284725521,False,False,True,False,TZ,7,off_axis,134.7601376582816,8.72
233,2.81891755184626,19.477620789073896,165.74293353565886,4.637603105999999,1.0345107063974823,0.3257460799190693,0.0169616519174041,0.4673668417104276,0.4090909090909091,1.0221317641664145,0.130959833247107,1.005069137680962,-123.0178452123511,0.0559557137709917,0.036291945434831,False,True,False,False,mitotic,7,off_axis,145.16094177887302,8.72
8,1.0991001799639952,17.940314037191975,167.41172519496237,15.641647704,1.5514268270206375,0.4557588482303539,0.0391845379931162,0.5932763846789749,0.9721919302071974,0.3521373507333975,0.175632688114713,1.0210090463283013,-125.2754043880555,0.0561262879848356,0.0660476954839846,False,False,True,False,TZ,7,off_axis,146.96011829227362,8.72
11,2.312444113263782,19.208723919522605,166.80120670641017,6.296068151999999,1.1454960704345385,0.2667660208643815,0.0381231671554251,0.5137195121951219,0.3274021352313167,1.3587060088269407,0.0405423164200415,1.0482350671576686,-124.02554041459094,0.056988256705092,0.0742100820592252,False,False,True,False,TZ,8,off_axis,146.23824393908592,8.72
299,3.1050482826061065,27.64224789145585,154.44637715438176,19.190809818,1.6608671579425491,0.5954039848429287,0.1609632446134347,0.570392749244713,0.9648533007334964,0.1832817801247105,0.1063593758746927,1.024207352646793,-109.08197976882153,0.0572599952029736,0.282197213808511,False,False,False,False,pachytene,8,off_axis,133.40901775179793,8.72
26,0.7908717480602572,28.498816293929647,157.44837877681385,10.279199196,1.3488289881246522,0.5732542218165222,0.0837824595786379,0.6529411764705882,0.9989484752891692,0.1183558915678999,0.1351301274624844,1.0138193253015886,-110.96809239458088,0.0588188965848449,0.12831547863395,False,False,True,False,TZ,8,off_axis,136.3866596966429,8.72
12,1.071015138023156,20.283828138913268,167.81581656277947,10.537234775999998,1.3600222570031706,0.4681656277827248,0.0,0.6207618250313939,0.9848599545798638,0.2843261161538515,0.1532267537021258,1.0322163420350126,-124.19125170405165,0.0598612756594054,0.0,False,True,False,False,mitotic,8,off_axis,147.1616311405819,8.72
10,4.22701178032195,18.56436660029877,168.00091856645287,14.138004006,1.5000296045285817,0.3952215032354405,0.0807061790668348,0.5445816186556928,0.611810261374637,0.8967576916524655,0.0791420241186724,0.9715563087919574,-125.3717968765283,0.0602311141599357,0.1481985001000569,False,False,True,False,TZ,8,off_axis,147.48970736455797,8.72
25,0.5208568207440866,29.85050800451009,155.58027581736297,4.161410171999999,0.9978164015885312,0.4537767756482526,0.0,0.5128998968008256,0.9624217118997912,0.4989083670896239,0.2574137633061072,0.930659214782447,-108.6626200322394,0.0604744692697851,0.0,False,True,False,False,mitotic,8,off_axis,134.49340903581532,8.72
27,2.4115332794395354,30.09530343573117,156.03060578011406,17.410364316,1.607828600979683,0.4761519805982215,0.1479289940828402,0.5442386831275721,0.7893931667516573,0.4339102649373506,0.1286374191398056,1.0758526099895305,-108.87571669975911,0.0614687986622559,0.2718090401673358,False,False,False,False,pachytene,8,off_axis,134.9405076655849,8.72
169,1.8016253207870017,29.67717616552559,153.42340576347306,21.937715856,1.7366045421023515,0.6532292557741659,0.1541471048513302,0.4927536231884058,0.9851564284083124,0.1791348738712973,0.1447391626725406,1.080085886743446,-107.04201499776804,0.0616771880992763,0.3128279480806407,False,False,False,False,pachytene,8,off_axis,132.33932823820786,8.72
9,1.528098864061896,19.48856539757921,170.3708248782909,18.792027558,1.6492823465994664,0.4748470852577705,0.0582046115961495,0.6284763489422391,0.9856308935788056,0.2468193215323462,0.131259500930042,0.9881887340099684,-126.71185745797914,0.0633317269359484,0.0926122545329051,False,False,True,False,TZ,8,off_axis,149.77193288787703,8.72
14,4.192516447368395,20.530442578124667,169.48756289062482,11.409864192,1.3965740088971337,0.5191200657894737,0.0805817610062893,0.5113296280461735,0.7218826405867971,0.582117194130318,0.1318188184764168,1.021814372322785,-125.37993292844338,0.0645535577771649,0.1575925911318652,False,False,True,False,TZ,9,off_axis,148.80960623247753,8.72
29,2.239494491250801,32.31735169151137,157.29082804277363,36.19535454,2.052050645863235,0.4548930654569021,0.0750027493676454,0.6643680894067293,0.995754189944134,0.2520792449646752,0.1387438310430491,1.047005544492412,-108.54908891028569,0.0663316486770816,0.1128933652346573,False,False,True,False,TZ,9,off_axis,136.19209457595497,8.72
13,2.2804394742005205,21.6715942122817,170.72757347458753,35.869291397999994,2.045870134772337,0.5195866849780917,0.0697733316449285,0.6204737271984754,0.9916348426986724,0.2295129792079751,0.1568023353879153,1.155888915300111,-125.68621928695799,0.0669069033937905,0.1124517100183511,False,False,True,False,TZ,9,off_axis,149.96527021575193,8.72
171,2.093289224952752,34.26579243856292,155.96825864839383,14.890998744,1.5262010191664035,0.5880592312539383,0.0850244926522043,0.5529636711281071,0.990334273056786,0.1837609247827224,0.1175229461327394,1.019754146050763,-106.32149320425492,0.0699575850558737,0.1537614441808536,False,False,True,False,TZ,9,off_axis,134.8920955213519,8.72
439,3.9995339666607497,19.97868083886029,172.92848603692605,13.087095462,1.4619018656553415,0.348091055744757,0.0778397565922921,0.5317569425350563,0.2900188323917137,0.9081016881287898,0.0682793440252602,1.077789899128336,-128.46271784581324,0.0701592290458458,0.146382210303085,False,False,True,False,TZ,9,off_axis,152.28257508425583,8.72
545,5.126692350027471,22.01617209686314,172.02005635663198,12.786835877999998,1.450635029771452,0.4755090809025867,0.0839474527395065,0.5669814620496677,0.9778481012658228,0.1692922398456486,0.0802502900338191,1.1157408118522525,-126.51280459350642,0.0711471077916131,0.1480603130057058,False,False,True,False,TZ,10,off_axis,151.23234397185257,8.72
32,2.892070788324588,33.876400545851304,159.22024683405735,40.825920312,2.136071528618693,0.493219949436911,0.0872399875814964,0.6547619047619048,0.9880602180308012,0.2282205909599222,0.1297104934348264,1.0353074826428317,-109.15569800401437,0.0717426714176573,0.1332392537608309,True,False,False,False,pachytene,10,off_axis,138.13692345207403,8.72
15,1.0377735287869183,22.055581453155074,173.5337123645653,11.041577046,1.3813831874039808,0.4546420225196516,0.0565968393972804,0.6018698870276588,0.9245283018867924,0.2567239509441353,0.0972249928462802,1.1818546412811606,-127.69949878899246,0.0721117475679471,0.0940350075940575,False,False,True,False,TZ,10,off_axis,152.74040408308002,8.72
16,2.8933000416147467,23.4394410597848,173.64447028714085,50.732140806,2.29649159332186,0.5268876866879364,0.1544500454507892,0.5941164972634871,0.9870589837896744,0.2062714441613811,0.1554182942376624,1.1847333679221956,-126.95705923772526,0.0743227424015711,0.2599659261477998,True,False,False,False,pachytene,10,off_axis,152.7695937767905,8.72
21,2.606121912769345,26.93760468996343,166.3545906069362,17.856062136,1.621433069879802,0.748949027850762,0.021505376344086,0.4458398744113029,0.9874213836477987,0.1855933507256643,0.2650651360477857,0.6784827300232265,-119.02723918488695,0.074804889068167,0.0482356504619112,False,True,False,False,mitotic,10,off_axis,145.3336270282838,8.72
23,0.8939312567132218,27.41595306122427,167.79360459183818,8.735677271999998,1.2776228113067385,0.5770676691729324,0.0413877054169202,0.573968253968254,0.9848920863309352,0.2466461646560841,0.156331839337823,0.8896129617290666,-119.89066577087753,0.0751284516897458,0.0721080044597891,False,False,True,False,TZ,10,off_axis,146.75702582546612,8.72
762,6.467783191230183,29.260127283799637,163.23206406821004,23.110604856,1.7670177045699833,0.664535119772635,0.1991761570147807,0.4520423600605143,0.9819639278557114,0.3764050721430311,0.4059828268995464,0.8485162859376066,-115.13571479502318,0.0762378791335429,0.4406139216424701,False,False,False,False,pachytene,10,off_axis,142.15352231838645,8.72
644,6.4125730994152965,24.247034722222004,172.9482388888909,9.627072912,1.3196797436591765,0.4731968810916179,0.0361123495318769,0.5758556891766883,0.9448022079116836,0.4530724024569258,0.2249104163861961,1.0695411128722856,-125.91537603492807,0.0764139818415873,0.0627107628015404,False,False,True,False,TZ,10,off_axis,152.0325044949471,8.72
37,2.0720261962042628,36.3354171611868,160.29290196471214,35.102221992,2.031181191552462,0.5699010959636461,0.0824066153407471,0.6193287756370417,0.9928280358598208,0.2455432812562032,0.1730287517809661,0.9560321107224437,-108.53678761301228,0.0770709933410797,0.133057946897403,False,False,True,False,TZ,10,off_axis,139.26906987765273,8.72
18,1.150373721479177,25.322367722266467,174.0457900668789,23.851870704,1.7857114323979926,0.5834972462627852,0.1040829278612227,0.5709563164108619,0.9864960909737028,0.2812303322009472,0.1710146903699136,1.0604271475573013,-126.14727201907233,0.0777376261660334,0.1822957814277412,False,False,False,False,pachytene,10,off_axis,153.07995443750448,8.72
43,1.5483379931655976,38.47667865796927,158.43553196644748,15.102118763999998,1.5333798690155316,0.5594905250077664,0.1629279811097993,0.6071932299012694,0.9618497109826588,0.2919930516007507,0.2205519665358019,1.0042011068836167,-105.76576276547524,0.0798193432713538,0.2683297064038275,False,False,False,False,pachytene,11,off_axis,137.50114913491095,8.72
425,3.921962264150905,35.902945766036666,162.41764895094357,15.540779249999998,1.548084731926609,0.5827924528301887,0.1384039900249376,0.4913169319826339,0.931516936671576,0.3869979512616147,0.2753665265729083,1.0047725485551433,-110.49548964425011,0.0801379757760456,0.2817000209344091,False,False,False,False,pachytene,11,off_axis,141.37924664316333,8.72
17,3.4465971996092373,25.683939221752663,175.3840034516434,14.407768476,1.5095101488156322,0.5260501465320743,0.0914481897627964,0.46444520783236,0.8951612903225806,0.3396611276217834,0.1482613414281261,1.1186691554450092,-127.00022001971517,0.0805137822007644,0.1968976926031808,False,False,False,False,pachytene,11,off_axis,154.40242411309796,8.72
688,6.831718693936077,34.40100731969841,161.3320463401519,13.075366571999998,1.461465007553292,0.5726587728740582,0.0849020361121782,0.5373635600335852,0.9766112266112266,0.1409357422986626,0.0656384799784802,1.064201250111515,-110.52932364258368,0.0813738147123627,0.1579973828275067,False,False,True,False,TZ,11,off_axis,140.2574814434096,8.72
567,5.66442646753785,26.437128500311328,174.33952489110214,11.308995737999998,1.392446369016938,0.4880730138975316,0.1379671673070206,0.513776337115073,0.9379032258064516,0.296459119674118,0.1350805357223241,1.1199037177347844,-125.71273887253449,0.081892549319566,0.2685354644430023,False,False,False,False,pachytene,11,off_axis,153.33090516123266,8.72
28,1.1116589861751185,30.259394308755283,166.15742841013696,10.18067652,1.344505788635506,0.6002304147465438,0.0920983778126635,0.5573487031700288,0.9795240730492528,0.2636384430391001,0.2016822797045221,0.9397468148520328,-116.87485602662225,0.0821641851022061,0.1652437285470229,False,False,False,False,pachytene,11,off_axis,145.06488278718987,8.72
20,3.8390972452704624,25.75113763690652,176.36006206438682,7.067829113999999,1.190508435758239,0.4520411549950216,0.0554919908466818,0.4524530587522714,0.9043367346938777,0.4503775779033813,0.1567012062380821,1.0770384663637234,-127.74034983705727,0.0822182373693495,0.1226469570118765,False,False,True,False,TZ,11,off_axis,155.3751385112627,8.72
174,1.5734845919403937,39.87878858787676,157.12300062648092,13.854164867999998,1.4899233075743643,0.6058245851676262,0.0959223300970874,0.563573883161512,0.9934740882917468,0.2769680990134032,0.2471868318021897,0.9756477162873296,-103.8742641558304,0.0822710188322173,0.1702036466966611,False,False,False,False,pachytene,11,off_axis,136.26686851498988,8.72
19,1.4246971736204683,25.596515511440725,176.85963931695704,13.943304431999998,1.4931119344260997,0.5047106325706595,0.088826988548437,0.5869565217391305,0.996608253250424,0.194598683192909,0.1261163270647131,1.265761649192186,-128.2326752679507,0.0825405162071156,0.1513348693788187,False,False,True,False,TZ,11,off_axis,155.88035434948162,8.72
38,1.721092150170625,35.87741701023752,164.00369471672283,17.18282385,1.6007934902732954,0.6223890784982935,0.0889328063241107,0.5737527114967462,0.9849759615384616,0.287206870881199,0.2454246156700728,1.0786582186746434,-111.77906379422078,0.0831180022106073,0.1550019800204727,False,False,True,False,TZ,11,off_axis,142.96386617445378,8.72
623,5.791292095251505,32.14892443286019,164.60708817810203,16.647986466,1.584009207112619,0.6484430040862337,0.104129263913824,0.5134268537074148,0.9971501852379596,0.2489977261602396,0.2430065809726096,0.9867768360286092,-114.50050442166061,0.0832357090244941,0.2028122665612732,False,False,False,False,pachytene,11,off_axis,143.5076996367721,8.72
513,5.058163265306103,37.680396922318245,162.6994322251489,14.252947128,1.5040837583109683,0.4463462804476629,0.13142266976504,0.5166468489892985,0.5054517133956387,0.7941764601512992,0.0333513192253477,1.0507059961506284,-109.65345567009423,0.0837086294572497,0.2543762146660498,False,False,False,False,pachytene,11,off_axis,141.7244030857695,8.72
252,1.4383658135712751,30.620445503638607,170.24622686076407,9.990668501999998,1.336088768523126,0.659309697111998,0.1152439024390243,0.3549276361130255,0.9900497512437813,0.4269265221759102,0.5147150496599412,1.054591283395015,-119.92755711945352,0.08384216233023,0.3246968979398531,False,False,False,False,pachytene,11,off_axis,149.1503539988521,8.72
304,2.692877246157152,39.52117644511817,159.89851389911362,10.835148582,1.372720398436272,0.4684996752543841,0.0417642466822795,0.619959266802444,0.987391646966115,0.0709632573139912,0.0488643147822662,1.0087729525676308,-106.30838333177708,0.0839165705288367,0.0673661140637294,False,False,True,False,TZ,11,off_axis,139.01701295525453,8.72
300,5.573186596583718,29.62653590341575,167.9186768101238,71.40548231999999,2.5736391194135737,0.5534165571616294,0.1312072601776698,0.6085037516551419,0.9959126880598312,0.2744285894523034,0.2325002044424862,1.0563909556550843,-118.66322690322727,0.0840042371431288,0.2156227629177035,True,False,False,False,pachytene,11,off_axis,146.83374415127201,8.72
24,1.362561053302173,28.57556101082956,174.86240122106594,22.092537204,1.740680223780732,0.6290082820131663,0.0922317485061055,0.593016599885518,1.0,0.1587763312496003,0.1651162242473894,1.0383021398973402,-124.84672081454141,0.0849296269015827,0.1555297921237126,False,False,True,False,TZ,11,off_axis,153.794754509393,8.72
41,2.289217660728127,38.40480743609756,164.17790930286353,30.28399398,1.93363655307711,0.7575522850503486,0.1464412326152168,0.5945686900958467,0.9949664429530202,0.2759484834092788,0.473991401085699,1.1584739315385268,-110.40067823797,0.0865020444434897,0.2462982579718584,False,False,False,False,pachytene,12,off_axis,143.233519766804,8.72
441,4.552245508982025,34.96606549401127,165.2719405127222,12.535837631999998,1.4410805270008669,0.532372754491018,0.1097256857855362,0.5610244097639056,0.9845449341728678,0.0644331600072505,0.0348682293307734,1.0444552790844452,-113.34045120878794,0.0867066084196016,0.1955809477732203,False,False,False,False,pachytene,12,off_axis,144.20825410178657,8.72
645,7.216047494827654,33.39663378609371,165.9016009804782,26.078014026,1.8396221712975995,0.5412431411351983,0.2214929018470463,0.4664705882352941,0.9787299630086314,0.2002369466716137,0.0904060732861278,1.061500194133473,-114.78638453132747,0.0868941076259844,0.4748271540226717,False,False,False,False,pachytene,12,off_axis,144.81119195244054,8.72
532,4.092832300015207,28.707737547254577,176.06971989263295,31.025259828,1.9492861900635157,0.8336609708150613,0.1369164378187524,0.4831818181818181,0.9997945557267592,0.1762034731477392,0.8888533129028591,1.115972372458368,-125.732753085627,0.0872914444169606,0.283364217498829,False,False,False,False,pachytene,12,off_axis,154.9991875912077,8.72
30,1.9491108786610964,33.025042782427235,167.3321473849397,26.910765216,1.8589989564418528,0.3725592747559274,0.0487643716135852,0.6110030564045569,0.9575596816976129,0.1039161994244168,0.0351469027692171,1.3799120560800264,-116.15342686046958,0.087382027881849,0.0798103562698014,False,False,True,False,TZ,12,off_axis,146.23788177014546,8.72
230,2.4543631637579306,42.52470077979885,159.9747839955451,12.634360307999998,1.4448459654269767,0.5113256591162272,0.0334190231362467,0.618920972644377,0.9405940594059404,0.1026749547177873,0.0507175974369287,0.9967830152143432,-104.56576144823305,0.0892876682711573,0.0539956224030703,False,True,False,False,mitotic,12,off_axis,139.2936868445038,8.72
625,6.337234751165953,37.64472549243614,165.72926711390303,49.30356200399999,2.274730212017534,0.6962127700066609,0.1927939317319847,0.5696162881754111,0.9984587721551502,0.1857490994672803,0.2302353910614329,1.0732469256638062,-112.0976124849128,0.0896683656314338,0.3384628138874684,True,False,False,False,pachytene,12,off_axis,144.75016021944705,8.72
302,3.624732750242925,34.3845922011661,166.79434030612398,9.655222248,1.3209647296157383,0.36977648202138,0.0974251913709116,0.5296838858905166,0.651685393258427,0.5812556076616127,0.052331829074795,1.0991052158733283,-114.90697577301344,0.090071860496986,0.1839308198079656,False,False,False,False,pachytene,12,off_axis,145.71852201072846,8.72
33,2.1375022789425504,33.49305347310854,171.2430319963539,12.866592329999998,1.4536448383034972,0.4160437556973564,0.036111947035811,0.4292850452700593,0.8484276729559749,0.6406241450778128,0.2303892768240474,1.10350190598183,-118.99963440471,0.0903170047890024,0.0841211391677837,False,False,True,False,TZ,12,off_axis,150.15338296091497,8.72
251,2.615324494068394,28.324523531053316,179.5934894487104,16.80749937,1.589052203169009,0.5872993719469644,0.1361378907391177,0.5508961785593507,0.9954853273137696,0.0782368394916999,0.0493458327044875,1.478519219442354,-128.78057166490473,0.0908062188160521,0.247120775270455,False,False,False,False,pachytene,12,off_axis,158.53007117770755,8.72
39,2.5040136054423,37.15514528911634,167.44003301020695,41.37952392,2.145683328310799,0.5825963718820861,0.1104264830252507,0.6777128887681652,0.997448654165072,0.180710478592047,0.1671422682080475,1.113404853761762,-113.75957798326519,0.091140386302322,0.1629399187404651,True,False,False,False,pachytene,12,off_axis,146.4405594869006,8.72
514,4.289256907499553,40.802977527028666,164.14702215548155,27.337696812,1.8687782510708044,0.7461815685601509,0.0881627620221948,0.618999323867478,0.997873471557682,0.2946461791011571,0.5354239728807455,1.0889737115181093,-108.93588441943842,0.0912554826962797,0.1424278809730488,False,False,True,False,TZ,12,off_axis,143.33446713458977,8.72
34,0.974261838440115,33.94170267409468,171.37271331476174,4.210671509999999,1.001738235728903,0.6089136490250696,0.0,0.3062678062678062,0.9855233853006682,0.4529931435506573,0.5024449331406948,1.0953013761520165,-118.83391820481152,0.0914126043155108,0.0,False,True,False,False,mitotic,12,off_axis,150.2889882715935,8.72
31,3.650208227921941,32.76886206749021,171.99761469660453,60.27007415399999,2.4322284948995785,0.5675086599462889,0.1234519208014514,0.572174226061915,0.9962065136935604,0.0527179364327558,0.0698243734363015,1.0991878962455883,-120.03789398977594,0.0914307860170685,0.2157593180159999,True,False,False,False,pachytene,12,off_axis,150.90119070279133,8.72
170,1.4215117094376353,30.582835633150857,178.7265590239804,16.727742917999997,1.5865347125868885,0.5419997195344272,0.1791907514450866,0.5361298224127373,0.984266543267006,0.1379542766253654,0.0852386563869856,1.4914141747120793,-126.73123990592794,0.0928171669846907,0.3342301508964323,False,False,False,False,pachytene,13,off_axis,157.63073334798943,8.72
176,1.333851041298978,44.66063778679939,159.03528150370485,13.291178147999998,1.4694617636540197,0.6154253441581363,0.1609549480169426,0.5429095915557596,0.9895789912463526,0.2226087306366715,0.2058576406927728,0.9669742139171926,-102.53188510663223,0.0931227246473038,0.2964673133803195,False,False,False,False,pachytene,13,off_axis,138.54004214334464,8.72
35,1.715068705845897,35.03295227078521,169.89832598400577,30.215966418,1.9321876116792616,0.551044173589007,0.1937822389516241,0.6078160124502853,0.9962894248608536,0.2422618125743753,0.1992016710485394,1.1545012943514328,-116.99966617611152,0.0933325052058612,0.3188172653932411,False,False,False,False,pachytene,13,off_axis,148.83498012680195,8.72
175,1.7820867959371889,40.42138571428544,167.15632857142973,17.783343017999997,1.6192289704661302,0.5939849624060151,0.1395023762929829,0.5656270305393113,0.9883411059293804,0.281671574922103,0.2044858412078671,1.131778205754697,-111.57135052011984,0.0942753267462833,0.2466331500458365,False,False,False,False,pachytene,13,off_axis,146.31469953972473,8.72
624,6.001947565543157,38.12783492777032,168.2819636918154,21.92129541,1.7361711493860503,0.5730337078651686,0.190505173463177,0.4691729323308271,0.9854423292273236,0.2522863184698761,0.2057675964146389,1.008285642973748,-113.84871015304321,0.0952740866113796,0.4060446806186306,False,False,False,False,pachytene,13,off_axis,147.32095142219882,8.72
426,4.215309633027493,43.079926720183735,164.5961129157099,16.364147327999998,1.5749553903687032,0.6248566513761468,0.1025377229080932,0.6029805120366832,1.0,0.3128411695922651,0.2835435620808075,0.9940298905587832,-107.92768651600858,0.0960875983880212,0.1700514707544233,False,False,False,False,pachytene,13,off_axis,143.94427831098986,8.72
690,6.637154582763876,35.868789623801774,170.05974913132695,34.29527435999999,2.0154957687261232,0.5999316005471956,0.1880899500277624,0.5476149769191315,0.9941907374536064,0.1571449079757163,0.1180006618197899,1.0418715728904653,-116.62682598610017,0.097320055368174,0.343471157574893,False,False,False,False,pachytene,13,off_axis,149.01723538174352,8.72
349,3.548648648648697,45.68483112688977,161.98332936326182,30.725000244,1.9429774573841645,0.7058329515956634,0.1576300830782684,0.6039449779392682,0.9998649196271782,0.1632860134216817,0.2422558346298918,1.0283067499864305,-104.27419648450585,0.097635710059388,0.2610007348949584,False,False,False,False,pachytene,13,off_axis,141.57277211475844,8.72
607,6.220598455598575,33.482168079150675,173.40791108108235,24.30226008,1.7968811453931308,0.5121621621621621,0.1973955851993012,0.5462999604273843,0.9833333333333332,0.180731703226821,0.0598778058715557,1.0962881222624128,-120.73726569805223,0.097887854663804,0.3613318680178444,False,False,False,False,pachytene,13,off_axis,152.31798932122393,8.72
44,1.7078320428826357,43.8917840083394,164.02705827873632,15.754245047999998,1.5551406097773064,0.6423466349017273,0.0,0.5870108243130724,0.9993838570548368,0.1753283937319817,0.1763096712072767,1.0133154206681616,-106.9851369215359,0.0983140464846179,0.0,False,True,False,False,mitotic,13,off_axis,143.44355328309038,8.72
36,1.820148892971108,35.85194382190726,174.3944491975261,48.524763708,2.2626893878311383,0.7102871507299623,0.0905918057663126,0.6232270982813282,0.9967708907615972,0.3113364922526205,0.5086956028200219,1.0368417298839585,-120.10308280146789,0.0987681879865798,0.1453592214076336,True,False,False,False,pachytene,13,off_axis,153.349856783904,8.72
440,4.330863517421819,34.08208905109458,177.01865441399204,17.032694057999997,1.596117694236805,0.558600743699215,0.1585718036229981,0.5435257410296412,0.9602248162559448,0.1838742594976891,0.0941420048665584,1.0942251332862003,-123.26426050739705,0.0989812959790526,0.2917466306611418,False,False,False,False,pachytene,13,off_axis,155.93639445996615,8.72
659,6.907790946182347,39.3995063337872,170.10753803186012,24.147438732,1.7930572428320326,0.6310472119681367,0.1284993116108306,0.5484465508162191,0.993520066889632,0.2132128600883766,0.2083507137424896,1.043234607249617,-114.54485197230551,0.0998357337400101,0.2342968725386148,False,False,False,False,pachytene,14,off_axis,149.20478450009654,8.72
254,2.1120809824095343,47.821692764685245,159.79792602057938,14.135658228,1.4999466382892237,0.5019913707268503,0.1356566820276498,0.5604798400533155,0.9745897300158816,0.1580727012568044,0.0811801421385108,1.052004457204967,-101.24350959411665,0.1002778253572634,0.2420366841646712,False,False,False,False,pachytene,14,off_axis,139.62828244465064,8.72
461,4.824743833016967,36.339088861478906,174.9307016129034,12.36225006,1.4343978918750495,0.5153700189753321,0.1330617786829599,0.5313234142521535,0.9654415798134942,0.7563770895939569,0.3937199989670035,1.1329223093332788,-120.23935495341168,0.1016330017520203,0.2504346225175238,False,False,False,False,pachytene,14,off_axis,153.89973508375877,8.72
442,4.982925298179374,45.70738613936015,165.18549619585275,18.68412177,1.646119501136162,0.5500313873195228,0.1674796747967479,0.5267857142857143,0.9799846035411856,0.1382799045031223,0.0837310250826189,1.0108189703164403,-106.82118963968767,0.1020795184613508,0.3179275182582334,False,False,False,False,pachytene,14,off_axis,144.76186492752115,8.72
274,2.763370151553936,38.07201234266726,174.32708546108572,18.264227508,1.6336946982892893,0.6566914975597226,0.1714197148171109,0.4567901234567901,0.9981718464351006,0.3035325823856577,0.3914985339846015,1.1661517209954653,-118.71607092075469,0.1022067316815062,0.3752701864915131,False,False,False,False,pachytene,14,off_axis,153.35827607094902,8.72
45,1.7194864579668845,44.28663559268357,168.38776939500968,66.69046854,2.5156973161054803,0.7619064368624693,0.1556692029437445,0.6376126458856551,0.9998931281393608,0.1842744761576185,0.3409479417445542,0.9649633588204084,-110.23496952537555,0.1029574438947037,0.2441438449319292,True,False,False,False,pachytene,14,off_axis,147.82204203286128,8.72
255,2.22696888205911,49.67932773722664,158.5073266423336,12.212120267999998,1.4285676824109346,0.4804072224356511,0.0836720867208672,0.3981515711645101,0.9094202898550724,0.3492537136407619,0.105645703689875,1.1393861348550367,-99.09600661877319,0.1040895603544517,0.2101513412998568,False,False,False,False,pachytene,14,off_axis,138.57471551914273,8.72
328,2.8031051079025597,49.49984247787632,161.37505398230255,15.109156097999998,1.5336180084616675,0.4656109299798168,0.1292689096888439,0.5604299825682743,0.9646341463414634,0.0463597955150843,0.0188642366148203,1.001531099127045,-101.49689781984532,0.1050472924957975,0.2306602318035256,False,False,False,False,pachytene,14,off_axis,141.39610345206276,8.72
172,1.5918361699183332,37.79565101702048,177.41793814860856,16.952937606,1.5936224949131728,0.6720630967206309,0.2767775404333231,0.4232067510548523,0.9635826771653544,0.2745449477016629,0.2412962610770581,1.2808133992209425,-121.35355291334531,0.1064754616305819,0.6540007685214115,False,False,False,False,pachytene,14,off_axis,156.43557750490294,8.72
546,6.104085365853774,38.01785652439148,173.74082530488047,23.08245552,1.7662999881203671,0.5577235772357724,0.1868460388639761,0.5282628676470589,0.979407616361072,0.2386827178469907,0.1861474290527866,1.074256494820993,-118.27980222109848,0.1065126268440191,0.3536989826602975,False,False,False,False,pachytene,14,off_axis,152.77028077943163,8.72
534,4.922959263305749,38.40373443109184,175.99304431090886,15.029399645999998,1.530914751663065,0.490557203059154,0.2168905950095969,0.423406862745098,0.8512461059190031,0.4527941760883719,0.1539411263734075,1.1050167331470055,-119.84901737637973,0.1066062496693884,0.5122510145523332,False,False,False,False,pachytene,14,off_axis,155.03675018252258,8.72
272,3.628352919231595,35.21831759932726,184.0891015948526,25.151431716,1.817570927761542,0.5897220667785861,0.1148893360160966,0.5539895430779722,0.9976426214049976,0.0678204454031185,0.0618648271363438,1.4264399898053008,-128.23567465273726,0.1085511946468845,0.2073853874168277,False,False,False,False,pachytene,15,off_axis,163.02642607372266,8.72
46,1.1897273612463624,44.16207995375,173.42037082522194,19.272912048,1.6632322986806072,0.5472249269717624,0.2085106382978723,0.5241935483870968,0.9874333587204874,0.1700223044622733,0.1183254565973403,1.1144866958374278,-114.3339662609306,0.1099396966336961,0.3977741407528641,False,False,False,False,pachytene,15,off_axis,152.82686930088425,8.72
350,2.989785831960427,51.53955963756248,162.473640444811,11.391097968,1.3958079231653016,0.3953871499176277,0.1043319097010372,0.5561989100817438,0.6909871244635193,0.4826422114330284,0.053614025990067,0.9754205460868616,-101.15051116956562,0.1100210967290776,0.1875802124202359,False,False,False,False,pachytene,15,off_axis,142.75477177892458,8.72
253,2.249330737405687,46.75730599902574,170.95857408128325,19.277603604,1.6633672465350475,0.5932100267705038,0.2187426968917971,0.4872868680825605,0.9906876790830944,0.0531803479621892,0.1254900001805891,1.0748376070064434,-110.80702111327469,0.1106713616423299,0.4488992238853762,False,False,False,False,pachytene,15,off_axis,150.6101329634358,8.72
47,1.4850801314289166,48.50555330919306,168.97749147052951,34.98258731399999,2.028871021615256,0.7653054382082747,0.168646080760095,0.6,0.9951534733441034,0.2877016700950769,0.5621130321873152,0.9873438396907316,-108.1730765024422,0.1120872849870081,0.281076801266825,False,False,False,False,pachytene,15,off_axis,148.82597781451366,8.72
40,2.821828514123388,37.09712146080574,185.13715752966877,14.034789773999998,1.4963703726850277,0.6043790740431222,0.1348684210526315,0.4435994930291508,0.995008319467554,0.1469747104696815,0.1229884818683871,1.427066483635817,-127.94551052093476,0.1126036247748571,0.3040319548872179,False,False,False,False,pachytene,15,off_axis,164.12493729835333,8.72
329,3.74839650145769,50.323514534385616,166.7030641399415,27.356463036,1.8692057668423263,0.5432172869147659,0.1291482752983488,0.5821287779237845,0.98974609375,0.1257386889023187,0.0889148459058071,1.077400885558614,-105.26270264022294,0.1128082768217221,0.2218551636614976,False,False,False,False,pachytene,15,off_axis,146.78545932646165,8.72
179,2.066347781293753,51.30715887114582,164.69188730590602,31.876777242,1.9669588127717732,0.6360291412171609,0.1478290833907649,0.5606550748079256,0.9928480610298792,0.1400144821422165,0.1176220328681132,1.0322618666404382,-103.0638362229506,0.1131356055899248,0.2636720686803906,False,False,False,False,pachytene,15,off_axis,144.92030654652265,8.72
50,2.1496045392021808,54.08693051925572,160.9269195237301,27.286089696,1.8676015729828404,0.6011863823933975,0.1345149253731343,0.5671480922612632,0.9967266775777414,0.1296768706715509,0.1084401000778101,1.0165973268704196,-98.38402179578782,0.1139013054818725,0.2371777798578374,False,False,False,False,pachytene,16,off_axis,141.6029652434529,8.72
177,2.2509129967776755,43.60189795918451,175.6641704081639,13.103515908,1.4625130287138517,0.6007876834944503,0.1154303847679492,0.5121076233183857,0.9869888475836432,0.1282071816168736,0.095316528345273,1.171866272487263,-116.46455582280187,0.1144307126919139,0.2254025902211267,False,False,False,False,pachytene,16,off_axis,155.0194334111605,8.72
626,5.921471633946524,50.26415782964989,168.70464727160285,15.174837882,1.535837085725401,0.5051785438243932,0.1596219480178524,0.5507653858169322,0.9833234067897558,0.050851746181511,0.0233470144453019,1.0215492669277244,-106.89886507655231,0.1145628751733587,0.2898184093052443,False,False,False,False,pachytene,16,off_axis,148.7637284509523,8.72
42,2.1531364031277107,40.02247200260578,182.6407425456124,53.99980956,2.344775168970359,0.6000868809730668,0.2069262577532735,0.5283510753856181,0.9957796281510208,0.1100348018219757,0.110410447197146,1.1504817391915458,-124.19264470905702,0.1170937436225975,0.39164538011444,True,False,False,False,pachytene,16,off_axis,161.75344384000553,8.72
173,1.664861816130862,38.84372216582116,185.6931672306842,12.477193182,1.4388298196973477,0.6113931190073323,0.1278481012658228,0.5137880986937591,0.9848687138406764,0.228602030557192,0.1961839457639412,1.255951725904208,-127.34128088401141,0.1172421051823241,0.2488342987913895,False,False,False,False,pachytene,16,off_axis,164.74682316233134,8.72
307,2.5115293461591257,47.50551643663643,175.48504416561985,16.826265594,1.5896433959699294,0.4270179841070681,0.1827401073772121,0.4781021897810219,0.7836363636363637,0.6997493757374668,0.11407274298276,0.996045162402014,-113.97720779635517,0.1188117499670946,0.3822197665752376,False,False,False,False,pachytene,16,off_axis,155.18894542093832,8.72
387,3.9857417438405474,55.54136073737583,163.57801934300116,13.424887493999998,1.4743729300693955,0.5093482439280097,0.1410217191801774,0.5220797720797721,0.9605339524085896,0.2772767024696846,0.1378612846179289,1.0700101128244424,-99.6305293996712,0.119156956817617,0.270115271117284,False,False,False,False,pachytene,16,off_axis,144.45403039053656,8.72
178,1.7210067880097673,45.58300614525204,177.4534241304739,39.050166366,2.10464132235681,0.6657055325283835,0.2020361342127903,0.5504043126684636,0.9978808570755828,0.2322121877418663,0.2543724876874392,1.0442016372206049,-116.7056395555976,0.1191605786319299,0.3670685886040412,True,False,False,False,pachytene,16,off_axis,156.96591673539913,8.72
587,5.486698196866844,45.808707109074994,174.89102252438806,15.871533947999998,1.558990364592896,0.5715341412947088,0.138996138996139,0.5619179027250776,0.9943955164131304,0.186600233137718,0.136269756722951,1.043292273214229,-114.52114247144839,0.1202777104396947,0.2473602252607778,False,False,False,False,pachytene,16,off_axis,154.4340914531502,8.72
464,4.776776638815007,53.1645390343689,170.19415900163338,54.46427360399999,2.3514786257486557,0.7559651994142476,0.1303146584804297,0.6484292269678785,0.9992787831104116,0.2125200073376911,0.4087808448865441,0.985717942938954,-106.34824583688481,0.1219576936376458,0.2009697482172333,True,False,False,False,pachytene,17,off_axis,150.62704840771534,8.72
547,5.071403389830575,48.22444075932057,175.2016311457624,17.300112749999997,1.604427540180084,0.5587796610169491,0.1264429530201342,0.576521204671174,0.9992880028479886,0.0990369192681381,0.086221269808137,1.0282200017850065,-113.31887083489102,0.1220191796349099,0.2193205592364161,False,False,False,False,pachytene,17,off_axis,154.98186764182236,8.72
388,4.116421682740408,55.77908123046227,166.34958514799143,35.26877223,2.03438858661377,0.5940804788826073,0.1530668887038578,0.5729968867769949,0.9979819931698232,0.2769219398539055,0.1999955381202682,1.058073900329612,-101.70399619397628,0.1225477273783717,0.2671338924105361,False,False,False,False,pachytene,17,off_axis,147.2270365581437,8.72
308,3.1984038861901025,57.572798577377625,162.9770136537135,13.521064391999998,1.4778853948330957,0.5340041637751561,0.1407549584133077,0.533879374534624,0.9382716049382716,0.1943667654263602,0.0970916035702362,0.9946226845822328,-97.93007557436982,0.1228416261208676,0.2636456194547731,False,False,False,False,pachytene,17,off_axis,144.21143242339326,8.72
278,2.3980745721271,57.39527636002508,164.70286838324984,15.350771231999998,1.5417496674592186,0.714242053789731,0.1273915072328512,0.5331550802139038,0.9953644089621426,0.202269755637628,0.336190538598931,0.9997343706902788,-99.41671639866843,0.1246575517265441,0.238938935331426,False,False,False,False,pachytene,17,off_axis,145.87834047086443,8.72
51,1.3240222313709953,54.24105626801054,171.26581617949725,22.791579048,1.7588491852148076,0.5692671881432688,0.1686531585220501,0.4912783751493429,0.9468509984639016,0.3227785447645567,0.1563734054985614,1.0674021221637755,-106.55872516333325,0.1253062883442763,0.3432944885285893,False,False,False,False,pachytene,17,off_axis,151.84373547550817,8.72
58,1.6009122006841463,59.306321066134,162.13467041049248,16.457978448,1.577959890955878,0.6741733181299886,0.1291428571428571,0.5612423447069116,0.9958006718924972,0.0630234469240589,0.0706473686612437,1.005968208227736,-96.21553933558312,0.1254256449212022,0.2301017704041865,False,False,False,False,pachytene,17,off_axis,143.70536434433737,8.72
55,1.460795011691315,56.22093854247917,168.17934855806934,18.057799044,1.627516507195736,0.6457521434138738,0.018711766822598,0.5801246791345801,0.9994692144373672,0.1333398758334941,0.1241994116602462,1.0186843514359627,-102.90178916421523,0.126095003394601,0.0322547333282078,False,True,False,False,mitotic,17,off_axis,149.10446285392516,8.72
568,5.248347971560103,49.8545378502727,176.54091254704895,16.826265594,1.5896433959699294,0.6595566708490171,0.1446584938704027,0.5307125307125307,0.9986138064873856,0.2074893498056147,0.2192924033448219,0.9783935776368026,-113.41092614244698,0.1265497145799583,0.2725741065058052,False,False,False,False,pachytene,17,off_axis,156.4940131945797,8.72
369,4.574304928234458,56.19006850346358,168.3683237880174,23.370986214,1.7736291176662775,0.4791729398775469,0.0975652173913043,0.6430911543650029,0.9950429610046264,0.132297609250125,0.0625284906433247,0.988738867188816,-103.0714361494981,0.1270639232561243,0.1517128897343356,False,False,True,False,TZ,17,off_axis,149.2858136010467,8.72
386,3.5492028413575114,47.72882718231916,180.20781509076747,14.860503629999998,1.5251584770286652,0.5921073401736385,0.1835703001579779,0.5042569659442725,0.9973890339425588,0.1099057666965671,0.0674201799657877,1.0629652138320351,-117.61956289028988,0.1275946788523504,0.3640411785174328,False,False,False,False,pachytene,17,off_axis,159.91016007173394,8.72
515,4.797683963647035,52.525627000879226,174.35074441512802,16.002897515999997,1.5632796394473687,0.6012899442978599,0.1105297580117724,0.5676470588235294,0.9913164293157346,0.1902420849833081,0.1268581647858495,0.9600489245835704,-110.05562680461868,0.1277987024558734,0.1947156358756613,False,False,False,False,pachytene,17,off_axis,154.6552578031235,8.72
485,4.25398796087286,55.93872240406443,170.9538724604947,12.470155848,1.4385592612442415,0.600451467268623,0.0589277802392556,0.5484934086629002,0.9919661733615222,0.3703690015893933,0.3321053788082053,0.977398488829212,-105.2898420859147,0.1281039130712354,0.1074357126422136,False,False,True,False,TZ,18,off_axis,151.79672371906867,8.72
412,3.979002079002169,60.74997311850189,164.24561850311753,11.28319218,1.39138652152336,0.5222453222453223,0.0200426439232409,0.5822454308093995,0.9949968730456537,0.1368686105730392,0.0850601758703805,1.0476066317529669,82.00216723022196,0.1303507292810779,0.0344230162448488,False,True,False,False,mitotic,18,off_axis,145.74406088915185,8.72
48,1.513358974358948,51.28317403846238,179.57114700000312,18.2970684,1.6346732936703212,0.6088461538461538,0.205261786923678,0.5208128482464766,0.9983016304347826,0.0955947390209201,0.0609205038522975,0.974218072868082,-114.97608909419573,0.1309101932483398,0.3941181320982641,False,False,False,False,pachytene,18,off_axis,159.67288763742891,8.72
234,2.814049896829884,46.91499219189599,183.45954991558708,50.021370072,2.2857162953940886,0.5704370662164697,0.1910985517484987,0.5705240174672489,0.9938240483992942,0.2021084945560536,0.1520308681110254,1.1143491309046158,-120.70844220241283,0.1320142961651796,0.3349526854221678,True,False,False,False,pachytene,18,off_axis,163.0681067427348,8.72
484,4.5833527810192125,52.30677977440664,178.90297868533796,18.092985714,1.628572924801989,0.643199792558019,0.2295632698768197,0.440406976744186,0.993421052631579,0.0750202838486203,0.0814427563037864,1.0175798069869058,-113.82713112154758,0.1321803409732682,0.5212525731856501,False,False,False,False,pachytene,18,off_axis,159.13888257697946,8.72
59,1.75923757658277,62.09913890401583,163.90934434308636,34.459478819999994,2.0187073540308558,0.623349217154527,0.087114337568058,0.6231700704861739,0.9991426121749072,0.2198786572236159,0.2024681885138813,1.0330646415452314,83.17513044473762,0.1325147850347186,0.1397922360104597,False,False,True,False,TZ,18,off_axis,145.18699999684458,8.72
516,5.209001826939208,58.7185386397608,169.9790983806647,28.247858676,1.8892915152025545,0.5309749211094503,0.1118100330240603,0.6129603399433428,0.9942624910351422,0.0376934608621692,0.0214929952722053,1.0573169068236743,-102.84111364899233,0.1328122469516407,0.1824098978971383,False,False,False,False,pachytene,18,off_axis,151.30554237221287,8.72
569,5.473403805496982,53.64401995771551,176.44501598308466,16.643294909999998,1.5838603970025684,0.5750528541226216,0.1184210526315789,0.5419568822553897,0.9889439573008006,0.1430165987965568,0.1058712633165925,1.0023028285704412,-111.05866939913757,0.1330811201724756,0.2185064098434581,False,False,False,False,pachytene,18,off_axis,156.88307194051237,8.72
62,1.8745586380831931,60.75932730138658,168.44014174022792,44.644846896,2.2007003349297456,0.7536254728877679,0.0802275402118477,0.6807421625079975,1.0,0.2043129652831772,0.4105440349326724,0.9534516410930032,83.34081551220626,0.1354760826693934,0.1178530501420282,True,False,False,False,pachytene,19,off_axis,149.8766302704898,8.72
231,1.8773835616439092,47.56317916438237,186.88270995205207,34.2483588,2.0145762906018367,0.8122602739726028,0.26257734732311,0.4410798978475009,0.9992876768087922,0.1261382524964402,0.2622280822475072,1.0692835211459986,-123.05645681837413,0.1356179332177667,0.5953056319376713,False,False,False,False,pachytene,19,off_axis,166.53707239379963,8.72
486,4.182924961715226,59.28610262251095,172.38768594946524,12.254344272,1.430212236068434,0.622511485451761,0.0399221032132424,0.5933062880324543,0.9919932574799832,0.32156261204226,0.2823153409616884,0.9439926608991164,-104.42626317565902,0.1358981029045785,0.0672875107149692,False,False,True,False,TZ,19,off_axis,153.7767951014924,8.72
57,0.8644874642970141,60.24883779752365,172.5805238337016,44.34927886799999,2.195833051316292,0.6253041362530414,0.0900449582530507,0.6654432523997741,0.9922149122807018,0.3105509334770195,0.3037876481095206,1.0113376917834684,84.16927123918411,0.1385035709514737,0.1353157582232947,True,False,False,False,pachytene,19,off_axis,154.04429529307228,8.72
370,3.4076522803795424,64.25140321395813,166.22876501377328,15.327313452,1.5409639422862085,0.5563207835935109,0.1530820917323985,0.5291479820627802,0.9404234367306744,0.0773985516806008,0.0254883136056121,1.085131113508475,85.95169224258575,0.1390483400470127,0.2892992072569904,False,False,False,False,pachytene,19,off_axis,147.14627123875152,8.72
548,5.780132450331114,59.52601820297039,174.31430667621328,13.105861686,1.4626002960348243,0.5783067836047968,0.0709779179810725,0.601018675721562,0.9928507596067918,0.1413292990207619,0.1120139838529061,0.9954119729582268,-105.82277136745743,0.1391179745007715,0.1180960273752873,False,False,True,False,TZ,19,off_axis,155.71526064651658,8.72
467,4.184135621599048,60.900140895770576,172.57745531603285,11.208127284,1.3882941117806331,0.5766010883214734,0.0854430379746835,0.5798319327731093,0.9977961432506888,0.1350199938502407,0.1017800123401378,0.9412301005358124,84.78600507550547,0.1392761329568979,0.1473582828838745,False,False,True,False,TZ,19,off_axis,153.93482981449262,8.72
52,1.0082525019245665,55.24008660508055,180.15932605081008,15.235828109999998,1.5378919311867576,0.5644341801385682,0.1575342465753424,0.5259809119830329,0.9940247545881348,0.130514410978703,0.117788701051014,1.0364594528703712,-113.07029571925271,0.1395387997112796,0.2995056341140079,False,False,False,False,pachytene,19,off_axis,160.78741672132276,8.72
49,2.1302703048118734,52.12804474407325,183.86697726372384,36.709079922,2.061713414765703,0.645792063390632,0.1158079438506939,0.59624751939383,0.9993374850934146,0.0615316684505343,0.0720705737793355,1.079977832795188,-117.90380580050599,0.1402105846725007,0.1942279675535239,False,False,False,False,pachytene,19,off_axis,164.0401448333633,8.72
181,1.4395741150442192,66.74246569413593,164.0612320519903,16.964666496,1.5939899261018162,0.5530973451327434,0.1532617238669111,0.5222772277227723,0.987163029525032,0.0538345382305523,0.0286837644990902,1.0092502080835273,87.6270909166355,0.1418676447612502,0.2934489878778773,False,False,False,False,pachytene,19,off_axis,144.65413808021964,8.72
468,4.466944181646196,62.7065811542118,172.06540064333035,12.39743673,1.4357575115438914,0.497445600756859,0.0784177654406662,0.5677710843373494,0.9691119691119692,0.2502505176782244,0.1135133232558422,0.9933761774535844,86.33692782135287,0.1425737527469119,0.1381151094233485,False,False,True,False,TZ,20,off_axis,153.1474248157405,8.72
487,5.07208964515463,63.69132214152366,170.84085656775127,11.304304182,1.392253789473784,0.6015770906827143,0.0746987951807228,0.5239583333333333,0.9909729187562688,0.0490149700654566,0.0497865722771743,1.070101116332269,86.8826590841883,0.1436163399642275,0.1425662890129104,False,False,True,False,TZ,20,off_axis,151.7907568817362,8.72
53,1.8279635859884291,55.943129794180514,183.3307636750432,71.119297404,2.57019623308473,0.7762715218681971,0.1034892942109436,0.6308418104083738,0.999855956210688,0.2190613998716755,0.4798027848713386,1.1069058143002648,-115.18408539689817,0.1437407803841237,0.1640495168574038,True,False,False,False,pachytene,20,off_axis,164.02773039037498,8.72
466,4.13525358635476,60.2056740765829,177.74097400880964,20.767172634,1.7051513031382528,0.5778832034338642,0.2208090075062552,0.4955846936044956,0.9492957746478872,0.2166238000555909,0.110217912886972,1.0370125269852368,85.76433547653949,0.1473809591774015,0.4455525167661316,False,False,False,False,pachytene,20,off_axis,159.14281069504716,8.72
66,2.0111587982832915,68.81669294911272,166.097361618637,11.477891753999998,1.3993440487285285,0.6262006948702228,0.0358460727464418,0.5910333515582286,0.9940092165898616,0.1167729065259498,0.1041174415042576,1.0074718593498535,90.23983018467183,0.1476429550211214,0.060649830761556,False,False,True,False,TZ,20,off_axis,146.4186616389072,8.72
488,4.392687442147576,66.4827000925633,169.53937280160437,15.205332996,1.5368651953071255,0.4890465905584696,0.1703406813627254,0.4302536231884058,0.9325581395348838,0.2626157561717267,0.1169520892655851,1.061341065994448,89.117442797183,0.1478479644975614,0.3959076046830502,False,False,False,False,pachytene,20,off_axis,150.1196564262124,8.72
445,3.9616808958864977,65.00023945559322,172.91327019071036,42.31314356399999,2.1617006877769414,0.7365561592194256,0.0695124339142353,0.6609848484848485,0.9960791147512416,0.2464701726917344,0.4300388182448315,1.030216109226896,88.78106875787924,0.1479172247460816,0.1051649429991869,True,False,False,False,pachytene,20,off_axis,153.65935035397223,8.72
54,1.587988372665882,55.14624581465286,187.058142952154,47.61225606599999,2.248416258789753,0.684239050105927,0.1984742371185592,0.5657668903105009,0.9989626556016598,0.2305732157551339,0.2942806615833797,1.075602372039783,-118.6431235643473,0.1496814447254323,0.3508056772456829,True,False,False,False,pachytene,21,off_axis,167.6019862059511,8.72
183,2.207016491754094,71.29207146926495,164.27984784107846,15.646339259999998,1.5515819231755268,0.5293853073463268,0.1217123670956911,0.5253265371137305,0.969254820218864,0.0785226935219429,0.0328973034685033,1.08899457473502,92.01131942177352,0.1517521973830471,0.2316889753264853,False,False,False,False,pachytene,21,off_axis,144.34473780752714,8.72
430,3.7353829261599008,58.23150979961588,186.32463541037768,8.545669254,1.2682917193171144,0.484490804282185,0.2178259058725531,0.3509052183173589,0.8772455089820359,0.5282554208436219,0.2258795119554509,1.0795869294210638,-116.20389756700183,0.1527789263258622,0.620754250726335,False,False,False,False,pachytene,21,off_axis,167.3365177364205,8.72
465,5.105547135495588,56.90388614731818,186.21530078811853,7.738721621999999,1.2270441946187376,0.2867535616853591,0.0,0.3803654908627284,0.2278481012658227,1.6387975536781223,0.073218796075449,1.1626138617975703,-116.91370566533132,0.1532582431673809,0.0,False,True,False,False,mitotic,21,off_axis,167.02331303775827,8.72
446,4.588285654625066,66.92718379619842,175.18841153685415,22.467861684,1.750482247673844,0.5858216746711213,0.119618286728806,0.580035291152004,0.9915254237288136,0.1073971386135983,0.0753915768526019,0.9832336134630252,91.3298956310932,0.1533585191657346,0.206225877206942,False,False,False,False,pachytene,21,off_axis,155.6693676534384,8.72
56,1.5849851075115602,60.87590325186461,184.032582887915,57.492673002,2.394278305846195,0.5695050797666164,0.2312008160886038,0.5290493792057624,0.9616596068208972,0.2664282825626861,0.2078651023299753,1.1393517142160032,88.39460106103175,0.1542247224388164,0.4370117897798029,True,False,False,False,pachytene,21,off_axis,165.25381734341053,8.72
61,1.0671133445002705,60.65440971524239,186.2111167504202,4.201288398,1.0009935870725994,0.3668341708542714,0.0291095890410958,0.4850088183421516,0.9519450800915332,0.6549777576507709,0.2549282828953508,1.2700521117271757,88.87518672076507,0.1556692532957796,0.0600186799501867,False,False,True,False,TZ,21,off_axis,167.44091225637175,8.72
444,3.487128900692508,63.40060531158176,180.9447391254858,24.731537454,1.807399545399272,0.6394764298586739,0.2319660537482319,0.4425151275980005,0.972441834199232,0.5080083732037015,0.3590778684134426,0.9847121737381264,89.81014080623704,0.1562687076711909,0.524199149998234,False,False,False,False,pachytene,21,off_axis,161.83400801923545,8.72
68,2.328556944913828,72.6294130990194,167.55598448800654,34.70578551,2.02350565781326,0.5204460966542751,0.1112363773017662,0.6207188160676532,0.9966604049259028,0.180527193789555,0.119337796389932,1.057498346008957,94.31829974309878,0.1564050439309385,0.1792057440862924,False,False,False,False,pachytene,22,off_axis,147.47988929880856,8.72
331,3.095440821256145,61.26528057065222,186.62333170289955,15.538433471999998,1.5480068369515392,0.4692028985507246,0.1203402551913935,0.5676905574516496,0.9483830845771144,0.1709953824581939,0.0870083207906456,1.1247686087420108,89.58522997210221,0.1574051331249242,0.2119821328922544,False,False,False,False,pachytene,22,off_axis,167.7582765799409,8.72
535,5.252738053714616,68.28520871991739,176.5508526508532,13.450691051999998,1.475316940934462,0.5256365538890826,0.1046741277156023,0.5790441176470589,0.9887880405766152,0.1072093024748658,0.0838484816873708,1.039817333283502,93.04979940434305,0.1577137136120502,0.1807705570707545,False,False,False,False,pachytene,22,off_axis,156.86499825914407,8.72
63,0.7482338611449559,62.90313973812528,185.82251848355736,7.703534951999999,1.225181647440777,0.4847746650426309,0.0531617235590374,0.5047281323877069,0.9141949152542372,0.3999901554554727,0.1754982188274784,1.1163621588961423,90.88472339940998,0.1597284343209538,0.1053274429296152,False,False,True,False,TZ,22,off_axis,166.73385888430647,8.72
72,0.7832551908908338,74.89851731413398,167.9626368385811,7.004493107999999,1.1869416447678591,0.3563295378432686,0.0860675225867807,0.4177939646201873,0.1503496503496503,1.0707972303157312,0.0415971540865969,1.0679087961761349,96.59927546593653,0.1612661437388193,0.2060047053696047,False,False,False,False,pachytene,22,off_axis,147.7010648791228,8.72
182,1.2754012691302676,71.46564326241074,171.88921347517757,18.853017786,1.6510646889403755,0.5667537638422298,0.1891010712622264,0.5071797817346353,0.9821233126596132,0.2929844883943016,0.1817750517804303,1.2731046359727634,94.58831123850601,0.1613626658801347,0.3728482050594973,False,False,False,False,pachytene,22,off_axis,151.901389949509,8.72
282,2.7555344030459485,75.49861909165217,167.2561548952962,17.250851412,1.6029032459967825,0.6026652162088659,0.1837988826815642,0.4917864476386037,0.987603305785124,0.1513632703215287,0.1591824651739616,1.078370167249273,96.94444815764408,0.1622425401930715,0.3737371852439322,False,False,False,False,pachytene,22,off_axis,146.95345696170452,8.72
71,2.108008871365172,74.54645551996187,171.68577756283872,19.038334248,1.6564567946187254,0.5601281419418433,0.2040133779264213,0.4823529411764706,0.5169902912621359,0.6568913517051106,0.0888905879313234,1.193519773204449,97.44570992511763,0.1647719167650215,0.4229545639938004,False,False,False,False,pachytene,23,off_axis,151.4400241894019,8.72
489,4.805466347796434,71.6606521865378,178.14825520157297,27.464368824,1.8716601960511876,0.6201742398360095,0.0976055194805194,0.6590960197886215,0.9979923343675852,0.1492532683358691,0.1346139373366707,0.9822203845610444,96.75754540798556,0.1653142334379389,0.1480899846911872,False,False,True,False,TZ,23,off_axis,158.11634501621967,8.72
571,5.593748816063649,74.28181909452626,179.24271612047744,12.383362061999998,1.435213972778512,0.5842015533244933,0.0583440583440583,0.5763097949886105,0.991955756661639,0.1193873048423906,0.0754660102440808,0.985116076267434,99.59047702147416,0.1716224628590567,0.1012373186286229,False,False,True,False,TZ,24,off_axis,158.99612498992073,8.72
67,0.7255676209279358,72.6763434934086,180.60671102142692,40.39664293799999,2.1285583279151203,0.5844027640671273,0.1726011560693642,0.5882352941176471,0.997730174492836,0.0829285986517956,0.0852945229207811,0.9428044014284191,98.50024043660395,0.1721768790166084,0.2934219653179191,True,False,False,False,pachytene,24,off_axis,160.47931171304936,8.72
184,1.803490782153414,74.97005180538946,176.24979700010704,21.503746926,1.7250771010730448,0.6352132649721829,0.2799310938845822,0.4380980861244019,0.9704362801377728,0.2761510491609139,0.2548406163418933,1.069619665036914,99.29437250175371,0.1733872956438485,0.6389689951877426,False,False,False,False,pachytene,24,off_axis,155.96210025082732,8.72
76,1.5834675133234792,79.91016014287311,172.05313623993726,20.687416182,1.7029656214096551,0.5838530445628756,0.1050963179712265,0.5896457765667575,0.9992025518341308,0.2384602140937597,0.2403891507068054,1.059543516685749,102.64919874654936,0.1747873119067809,0.1782363618088731,False,False,False,False,pachytene,24,off_axis,151.5053422600139,8.72
372,3.971590625778852,80.5840292445781,174.76362359760554,37.635662232,2.078916203835408,0.6283345799052605,0.2585177816463566,0.4427301693778299,0.9738211109246516,0.1733332528185737,0.159472920063584,1.2545004054317743,104.14760471026719,0.1798123431557654,0.5839172469534942,False,False,False,False,pachytene,25,off_axis,154.1898532340674,8.72
490,4.606992084432715,82.77265057717703,171.4194152869378,14.224797792,1.5030929255088583,0.5219327176781003,0.1584905660377358,0.4743014832700931,0.9453287197231834,0.1634519371242303,0.0712452701447632,1.1864516650668335,105.16312547779623,0.1806102733744215,0.3341557461406517,False,False,False,False,pachytene,25,off_axis,150.78861515464789,8.72
77,1.5089091849044098,83.16811064966426,171.68559370153355,27.225099468,1.866209039030972,0.402722729622609,0.12019291788298,0.5719849971148298,0.9082784571966134,0.2237421913315465,0.0443292191060494,1.098782174667874,105.62257206892612,0.1807353657053523,0.2101329903568266,False,False,False,False,pachytene,25,off_axis,151.04749110041868,8.72
431,3.7678896938535273,76.23312675858901,184.53855567889983,40.150336248,2.1242234188217104,0.5548025239541949,0.2551319648093841,0.4748031496062992,0.9446081319976428,0.1469664290952542,0.0780308300821818,1.0330960718988398,103.12005300729572,0.1822752902059413,0.5373426124509417,True,False,False,False,pachytene,25,off_axis,164.15407899358007,8.72
536,4.9321808510636975,79.33846296542507,181.08033630319076,17.64025056,1.6148742643509857,0.5644946808510638,0.1250333956719209,0.488854961832061,0.9636055861193398,0.3066638084259483,0.1825269876923984,1.0665500090967994,104.96885676286766,0.1829037895114925,0.2557678768429364,False,False,False,False,pachytene,25,off_axis,160.54801143593733,8.72
280,3.2903846701401958,74.01934810796993,187.15603579055863,82.386069138,2.6993242578628878,0.5864297713618633,0.2288702484603949,0.5581411359724613,0.9981330744529908,0.0607309763942815,0.1018277246050818,1.0389161295158476,101.85028024851323,0.1838527663856327,0.4100580188586698,True,False,False,False,pachytene,25,off_axis,166.90806935179955,8.72
73,1.0088986241357665,78.25023051543431,183.2601018687102,34.269470801999994,2.014990159604222,0.6072968717913615,0.1295706266120467,0.6646330834931149,0.999552305626026,0.2069339249722512,0.2254579658432636,0.9225135333078716,104.62780337364993,0.1849234079219845,0.1949506123454792,False,False,False,False,pachytene,26,off_axis,162.77250927182655,8.72
185,1.463779331003456,86.60036749875255,171.40029480778824,18.794373336,1.6493509694815711,0.504618072890664,0.1911554921540655,0.4834971025447216,0.9830741079597438,0.1991431365721084,0.1253051165965107,1.155905278831881,108.78733385766627,0.1881061907231533,0.3953601606875905,False,False,False,False,pachytene,26,off_axis,150.74275011081568,8.72
491,4.8051129879023184,84.04920493038047,181.78606146998385,10.276853417999998,1.3487263765618278,0.5309290116411778,0.0,0.610705596107056,0.9713487071977638,0.2855459278294263,0.1463312835961148,1.0062807020122966,109.66033626443442,0.1931006695724988,0.0,False,True,False,False,mitotic,27,off_axis,161.13493250315545,8.72
186,1.0063334368208745,90.20710813411915,172.07538525302706,7.555750937999999,1.2172964107334665,0.5113318845079168,0.0,0.5857687420584498,0.8923076923076924,0.4582720810042519,0.1953302438555171,1.0646009337966085,112.42204819431541,0.195859840586479,0.0,False,True,False,False,mitotic,27,off_axis,151.48126599155594,8.72
611,6.4569262577533335,85.36898642315488,183.17679882839315,10.211171634,1.3458468909787844,0.4371697679761084,0.0088996763754045,0.6040816326530613,0.9172625127681308,0.2153584381546651,0.0676141507074158,1.0874474028576355,111.35294000487758,0.1969506109550847,0.0147325723782035,False,True,False,False,mitotic,27,off_axis,162.51722232582802,8.72
572,5.450426026336238,87.02118915569541,182.5969248450805,12.113597591999998,1.424715593691699,0.4734701781564678,0.0222941387989931,0.6020595807282089,0.9816700610997964,0.1820886517925226,0.0797053794943686,1.0760657309475965,112.73608078365315,0.1996983703472045,0.037029788267845,False,True,False,False,mitotic,28,off_axis,161.9419929293632,8.72
187,0.7658321060382798,91.61289462444677,174.49301848306396,9.556699572,1.316456282498507,0.3090328915071183,0.0,0.4394316163410302,0.3396226415094339,0.6264557011197469,0.1131259108603999,1.2973958807307049,114.52177409354312,0.1998455209054673,0.0,False,True,False,False,mitotic,28,off_axis,153.94508263299792,8.72
79,1.159624832514514,93.10423787405176,172.86203648950632,10.504393884,1.358607881328412,0.3465832961143368,0.0,0.6261107313738893,0.9166666666666666,0.4587774065881161,0.1284638088984477,1.1799208608815084,115.41912358179374,0.202159753877802,0.0,False,True,False,False,mitotic,28,off_axis,152.38009027106733,8.72
589,5.857935627081049,88.4258882352944,183.77576448390448,6.340637933999999,1.1481927010446211,0.4957454679985201,0.0,0.4688187820983125,0.947560975609756,0.1825925640465023,0.1047530466440942,0.9785829456564936,114.44204449583802,0.2032843549939562,0.0,False,True,False,False,mitotic,28,off_axis,163.1378761011099,8.72
590,5.940408398044162,89.53865245901602,182.7693786885241,16.312540212,1.5732980171657105,0.505464480874317,0.0890066225165563,0.580110497237569,0.9832869080779943,0.1747719840554779,0.0855745715394108,1.0608121164651043,115.17835715434252,0.2051991038361394,0.153430463576159,False,False,True,False,TZ,28,off_axis,162.15387882898057,8.72
612,5.857979933110553,89.99490943143729,178.3995691906355,17.534690549999997,1.6116466589493803,0.4701003344481606,0.1817806238380499,0.4337288563494067,0.5574007220216607,0.5918792409399628,0.0533499829217162,1.236022437385572,114.22573174238495,0.2072251601546849,0.4191112054845843,False,False,False,False,pachytene,29,off_axis,157.796945289562,8.72
312,3.0583863994859666,91.75938788338996,178.9154088800639,40.152682026,2.124264787172007,0.6051294035169714,0.2869501002215423,0.4981506139961533,0.9913169319826338,0.1272338655507422,0.1534357126411709,1.1486531689851116,116.06272736025562,0.2079091459402653,0.5760308070678362,True,False,False,False,pachytene,29,off_axis,158.36984394223197,8.72
82,1.7186655291635182,96.2127406268229,172.3981508014892,52.242821838,2.319063670715794,0.5868618382650084,0.2273261672824992,0.5237474187588306,0.9921106791676196,0.1394807028744003,0.1324631985492458,1.280854256618572,118.22021481231192,0.2087939289967169,0.434037780694392,True,False,False,False,pachytene,29,off_axis,152.099127889979,8.72
663,6.544208451937874,91.76071425443229,185.1818783227513,10.713168126,1.3675496532571396,0.5110575870374425,0.0162995594713656,0.5727720555306762,0.8892430278884462,0.3829594612402884,0.1054131580525096,1.0876858575213446,118.05062457623865,0.2111671606595679,0.028457323142736,False,True,False,False,mitotic,29,off_axis,164.63200614394427,8.72
83,2.048827618710906,95.01135903146049,181.9390743725676,39.817235772,2.118332678008682,0.6837516201248969,0.2997651969736499,0.5301788375558867,0.9977058681477904,0.1182096628955211,0.1784774642128183,1.2054633900535736,120.10553386548725,0.217574777928056,0.565403927390918,True,False,False,False,pachytene,30,off_axis,161.54534325929188,8.72
260,2.755121101788835,100.65475205794051,173.6679564191885,29.636559252,1.9197575786039915,0.5899952509102422,0.1191974154055433,0.6083011583011583,0.9980937857415172,0.0921627624506995,0.0734474352017996,1.2958220166438918,122.83565449360547,0.218764089021207,0.1959513207872784,False,False,False,False,pachytene,30,off_axis,153.73316023723095,8.72
692,6.6628693994280335,95.79165972354566,187.5368071258342,9.842884488,1.3294681161926518,0.5309818875119161,0.0,0.5792682926829268,0.9665889665889664,0.2473775548338737,0.1079915607666806,1.1223174200824646,122.62021571431306,0.2210662988411036,0.0,False,True,False,False,mitotic,31,off_axis,167.1792589399499,8.72
192,0.7059541239628924,103.09787371888616,177.9823553440689,9.612998243999998,1.319036311210198,0.4980478282088824,0.0,0.5668449197860963,0.9510917030567686,0.307121278591803,0.1440757953208601,1.374072091910426,126.52053195153488,0.2262088662021012,0.0,False,True,False,False,mitotic,31,off_axis,158.27703330251768,8.72
286,2.8164876632801827,104.32042297532664,175.15464313497822,16.162410419999997,1.568456604061882,0.5693759071117561,0.1137992831541219,0.4647792382878328,0.9769565217391304,0.0784284759400837,0.0383715330361899,1.6655282600620966,126.78355711962043,0.2269133594615858,0.244845883334503,False,False,False,False,pachytene,31,off_axis,155.60792677542594,8.72
695,6.488121546961308,98.7867026243101,188.3615727900552,5.095029815999999,1.067462695799038,0.4332412523020258,0.0,0.5142160844841592,0.8446808510638298,0.7543198780772377,0.227263619762654,1.0261259732297827,125.72223686236403,0.2275681559125151,0.0,False,True,False,False,mitotic,32,off_axis,168.2083052813545,8.72
87,1.6056734015216292,100.66921812364627,186.1033486169194,46.556655966,2.23167555547334,0.5395777699400413,0.2978870533999231,0.4463777631866929,0.9639940608760208,0.1456195693359781,0.0739482052966496,1.2572356474347182,126.79172795507289,0.2326032843117231,0.6673429502251772,True,False,False,False,pachytene,32,off_axis,166.115571682377,8.72
88,2.353739147119574,103.08403573175968,183.8438293855237,48.902433966,2.268544425930763,0.5013191346476711,0.2070175438596491,0.4682570219315121,0.8511212624584718,0.3101130773825554,0.0921650323704257,1.2889222416249613,128.36565261026152,0.2353362649372609,0.4421023800256598,True,False,False,False,pachytene,33,off_axis,164.10294862795203,8.72
195,0.6045105999097893,105.83088700947324,183.7285807848424,5.200589826,1.0747843423033507,0.5475868290482635,0.083180987202925,0.5463609172482552,0.9343163538873994,0.2945740900731995,0.2132187954329645,1.1066464143167205,130.93427492416896,0.2398272227279761,0.152245493000974,False,False,True,False,TZ,33,off_axis,164.30156962126105,8.72
288,2.545547425100025,108.29614228910596,184.1582064337988,16.990470054,1.594797679001254,0.4764600303741544,0.1014218009478673,0.5076476793248945,0.799373040752351,0.5378547032466312,0.1020858417601131,1.2697536123387176,133.40856671647433,0.2439262182804222,0.1997877762048379,False,False,False,False,pachytene,34,off_axis,165.04679052328004,8.72
574,5.1242112986060135,107.174662619223,187.31537806309643,19.183772484,1.6606641179456676,0.504279775006114,0.2294240638661852,0.4284657128761717,0.883762732174955,0.2010435895547453,0.07431330656749,1.207189592952206,133.34584510968847,0.2456514639153122,0.5354548963232669,False,False,False,False,pachytene,34,off_axis,168.02815180484941,8.72
201,1.0368948603113657,113.06179325016072,185.80007127319357,21.998706084,1.738212395669973,0.4701428876092983,0.0,0.6983296437915073,0.97643219724438,0.2356018819692428,0.1261210386446474,1.399401000584809,138.4489042596087,0.2533201033953339,0.0,False,False,False,False,pachytene,35,off_axis,167.38495609378992,8.72
291,4.058212364600988,115.12021065507342,182.0888575344435,31.834553238,1.966089950634383,0.6530100950556333,0.2246006915857072,0.5030792100233595,0.9983050847457628,0.2245498340070784,0.2485375344476459,1.312815158005712,139.22458688069332,0.254326030049582,0.446451944566102,False,False,False,False,pachytene,35,off_axis,164.08068997603633,8.72
94,1.7200461133070215,121.123879337945,184.7128129248952,71.21782008,2.571382529813348,0.5509222661396574,0.193063446969697,0.5938829397095496,0.9966866660696696,0.1467516060153318,0.1408743610193163,1.2237844199600805,145.75043002766137,0.2674419149828599,0.3250867032215449,True,False,False,False,pachytene,37,off_axis,167.82533880666804,8.72
519,4.492991191114564,124.82987338184694,188.2083938720793,6.124826357999999,1.1350153207924594,0.24473381846036,0.0,0.3894523326572008,0.1351351351351351,1.1057069520534772,0.0731685997847401,1.1395068167242248,150.3734492472002,0.2789043072730094,0.0,False,False,False,False,pachytene,39,off_axis,172.04790754357418,8.72
99,0.9153125000000112,126.07366578124991,188.4783256250016,9.00778752,1.2907530937435423,0.5458333333333334,0.0,0.4030963302752293,0.9938650306748468,0.3729035739908873,0.2128868873294537,1.0733948333005108,151.63865816812802,0.2808618256483925,0.0,False,False,False,False,pachytene,39,off_axis,172.5972045281517,8.72
358,3.310793098836473,128.88356144175407,188.2350321385566,17.539382105999998,1.6117903827347722,0.5038116891801525,0.0,0.4778975741239892,0.9512807634354596,0.4247549526741137,0.2509162446811293,1.0621538930181813,154.22647914740935,0.2859928556477251,0.0,False,False,False,False,pachytene,40,off_axis,173.0397592754818,8.72
110,0.7806603773584907,148.50091820325989,187.68415542452843,10.940708591999998,1.3771638489276457,0.5323756432246998,0.0,0.5488308115543329,0.9834107498341076,0.2447544832894482,0.1682646831586282,1.0675387179905766,172.65726228478798,0.3283371678393162,0.0,False,False,False,False,pachytene,46,off_axis,178.42645921777776,8.72
402,4.586974371734383,150.5740858111468,186.64606317492175,37.710727128,2.0802974291923846,0.5709753670067181,0.2334963325183374,0.4219225750326228,0.9737226277372264,0.2606329659701014,0.1610064999744997,1.213846896150153,174.29438561137175,0.3326139527708839,0.5534103798553174,False,False,False,False,pachytene,46,off_axis,178.19885479788095,8.72
114,0.9168043087971168,152.2751858348277,185.0667536983838,13.065983459999998,1.461115332935913,0.555116696588869,0.0939670932358318,0.4939467312348668,0.966335540838852,0.2071698954453935,0.1351202543340134,1.1698634902934548,175.40705347301815,0.3381703356513665,0.1902373015019537,False,False,False,False,pachytene,47,off_axis,177.35983653498357,8.72
268,3.42121333869012,155.4835209160318,187.6985894656461,29.19320721,1.910136485798367,0.4850944154278827,0.0700914235959947,0.5376092384519351,0.9758957654723128,0.0620738115063845,0.0405243840978594,1.3649591932733185,179.28425425439255,0.3436444328686426,0.1303761516409678,False,False,True,False,TZ,48,off_axis,181.01394719865547,8.72
119,1.5505808288991063,155.50624359589338,180.17353078768247,31.299715853999995,1.955017256694835,0.4974143745784306,0.1411372950819672,0.545034297643901,0.9726394849785408,0.1927693832169933,0.0911589812140894,1.400999822949297,176.9201589363446,0.3503772970039033,0.2589512177345205,False,False,False,False,pachytene,49,off_axis,174.10311671487807,8.72
597,5.747680217621268,156.88172366631437,180.79111319329112,15.522013025999998,1.547461352493657,0.4991688076167447,0.115795090715048,0.512371756185878,0.7904695164681149,0.2348023665759863,0.0555446041410804,1.3906001665258954,178.4204772263713,0.3511975485476389,0.225998192361407,False,False,False,False,pachytene,49,off_axis,175.2230528747198,8.72
520,5.607457775828105,159.86021498135406,182.78061888571992,32.083205705999994,1.9711955747429,0.5278204284565329,0.1754341164453524,0.5555899659337256,0.9851411589895988,0.1589762723819168,0.0921477377673489,1.288990653310077,181.87605447514028,0.3542491903675792,0.315761851729121,False,False,False,False,pachytene,49,off_axis,178.26076780035194,8.72
338,3.3749364944961773,160.68551697714022,186.6655498729898,5.540727636,1.0977229168995193,0.6900931414055884,0.0,0.476775956284153,0.6085069444444444,0.8937629308773712,0.1403777112390044,1.0678405451848116,183.89041210323137,0.3544068570908777,0.0,False,False,False,False,pachytene,49,off_axis,182.13915862220438,8.72
120,0.8764803175653456,158.51480145550627,179.8943965266309,7.091286894,1.1918240611361637,0.5047965597088984,0.0719156850588964,0.5557782231128925,0.9381067961165048,0.408182371215246,0.1948898656193972,1.2718701760860802,179.6850319445723,0.3554873521584512,0.1293963708331346,False,False,True,False,TZ,50,off_axis,175.0764540539038,8.72
127,1.5862212943633065,162.21076213465722,180.42741375261,26.967063888,1.860294426517168,0.462508698677801,0.0926578560939794,0.5763068457679236,0.960014409221902,0.1617929428650526,0.0635312497069416,1.3842640998630464,183.35932301793076,0.3615696617223727,0.1607786837418419,False,False,False,False,pachytene,50,off_axis,177.12539049682573,8.72
216,2.470650335673719,164.73661577409408,187.42876533592656,45.773166114,2.219085904003461,0.819402449648952,0.2442633497748231,0.3240635641316685,0.9969545525534904,0.0847247606147863,0.079379068934818,1.245610878378152,187.97450107497548,0.363272756326577,0.753751352545076,True,False,False,False,pachytene,51,off_axis,184.53261607485325,8.72
218,0.6034719710669061,169.04270864376167,185.93664694394408,6.48607617,1.156905302899562,0.4090415913200723,0.0060827250608272,0.3304773561811505,0.659919028340081,0.6414499174726807,0.0521022096454986,1.4417236098315522,191.58542918785116,0.3733130512973831,0.0184058754618366,False,False,False,False,pachytene,52,off_axis,185.08298488089224,8.72
221,1.3694843850169616,170.50340779375227,179.0470965015129,25.613549982,1.8286351149940552,0.503800714351131,0.0838687859316875,0.5592469545957918,0.9855769230769232,0.3146395336468495,0.1669606461119672,1.43668478265034,190.7866077497231,0.3795656478738896,0.1499673538540868,False,False,True,False,TZ,53,off_axis,179.64216553746368,8.72
137,1.6353743939666163,172.55127460046845,187.56952283174743,26.127275364,1.840779790732827,0.4038427006643922,0.0594900849858357,0.6302710843373494,0.9441215914170764,0.2853373397772661,0.1079126844851652,1.1966436683187365,195.43067676599043,0.3800936960831817,0.0943880918293785,False,False,True,False,TZ,53,off_axis,188.1355527530072,8.72
136,1.9245921091664144,171.1423841738338,175.9364663156316,15.815235275999996,1.557144857848997,0.4476416493622071,0.0354830354830354,0.5284640171858217,0.9370395177494976,0.3035573623420524,0.1324423000334179,1.485400061102679,190.40647013860126,0.3829752677117252,0.0671437114526544,False,False,True,False,TZ,53,off_axis,177.21272023769788,8.72
220,0.8270247229326577,169.50224117647008,172.97324232736736,5.503195187999999,1.0952386698405194,0.2732310315430519,0.0,0.5167155425219941,0.5608108108108109,0.7389141243912866,0.1091868204415022,1.64122841711118,187.91150971246526,0.3832761350713052,0.0,False,False,False,False,pachytene,53,off_axis,173.82588079794238,8.72
405,4.847041803091508,171.93879690093644,171.79507035711447,30.807102474,1.9447065694108492,0.4246554481078199,0.0953065134099616,0.578215987294865,0.967753001715266,0.1028739807927971,0.0609132159841655,1.5298351252196285,189.8488673067434,0.3902629633417452,0.1648285683968117,False,False,False,False,pachytene,54,off_axis,173.98862629211953,8.72
381,3.799437904337624,178.0931074451163,186.07736959910912,44.236681524,2.1939731600705605,0.5288471736133207,0.2751672377223038,0.4176702307259426,0.915686709562902,0.0906976394078337,0.0507996622962957,1.1393260430063847,200.21359007998763,0.3932193966103451,0.6588145802109051,True,False,False,False,pachytene,55,off_axis,189.45184776047307,8.72
138,0.4018284106891674,179.49677795358747,184.67054008438805,6.671392631999999,1.167820148474617,0.4089310829817159,0.112928759894459,0.2879238548483046,0.5622317596566524,1.287160467051564,0.0707287283001657,1.057043855333425,201.09885165065128,0.3958518517049207,0.3922174491375737,False,False,False,False,pachytene,55,off_axis,188.91741759565465,8.72
457,5.3413186498856176,174.38401875000258,170.9461907608664,32.803359552,1.9858353544107423,0.5037900457665904,0.1719570405727923,0.5324974780227698,0.9909112652475484,0.1608249457683379,0.1218233988308785,1.394640331472001,191.89883853137894,0.395902055588719,0.3229255492651167,False,False,False,False,pachytene,55,off_axis,174.48123450263162,8.72
339,4.222717680520973,177.35719342141456,173.78314437104518,51.13326884399999,2.30252833114864,0.6453344343517754,0.3141412349183818,0.409778812572759,0.972353961827646,0.2707916681970856,0.2266693489713683,1.5295479023032537,195.6180371576973,0.3978847584719983,0.7666117068036649,True,False,False,False,pachytene,55,off_axis,178.4388059601746,8.72
140,2.352741713762112,183.5416469375288,186.82521405223312,46.073425698,2.223927533814956,0.6454355684537447,0.3805923685848973,0.3617174037909247,0.9882504656827624,0.1002836399163544,0.0937250575289149,1.074068592284952,205.61816191478755,0.4037163613236232,1.0521815223601527,True,False,False,False,pachytene,56,off_axis,192.810893117369,8.72
509,5.677879994507684,182.81133682548108,185.1498391116325,34.16860234799999,2.013011248755433,0.4601812439928601,0.2761001657153379,0.3821696553478316,0.2986467568828744,0.691936748769443,0.0147763990711549,1.151661271229962,204.39438482393945,0.4042538854573708,0.7224544436005664,False,False,False,False,pachytene,56,off_axis,190.9967319198335,8.72
521,5.321968839290344,177.82342117095268,167.9849538250082,43.511836122,2.181923904301214,0.611353711790393,0.2926805337519623,0.454709391038979,0.9863284216922376,0.1344132282428723,0.1423522948684209,1.645999443766567,194.222033006895,0.4052992752684491,0.643665029840725,True,False,False,False,pachytene,57,off_axis,173.73542665238963,8.72
141,2.862737580553114,184.871108087936,178.943023696875,57.51378500399999,2.3945713392579626,0.5417652337058487,0.2589538948618165,0.4640854472630173,0.9538314437918316,0.2006527743718398,0.1265318810155129,1.170443302317104,204.38017864979196,0.413465084447463,0.557987535245974,True,False,False,False,pachytene,58,off_axis,186.7631981450509,8.72
525,5.822531609603545,187.2479921153573,183.25689325188063,16.511931341999997,1.5796823106941216,0.5425486574797557,0.0818363273453094,0.6055900621118012,0.9476035743298132,0.5852884386312537,0.3102939523110839,1.0721679682696663,208.0020674152247,0.41417124511914,0.135134858488152,False,False,True,False,TZ,58,off_axis,191.6810427727659,8.72
600,5.431876365907392,187.80296068529395,185.0180649000968,30.054107735999995,1.928731365766143,0.5603340618170465,0.3763286093888397,0.3204331617255458,0.8945822454308094,0.4470398683591078,0.1680599126839207,1.1124499385748097,209.08674754787307,0.4144112047289458,1.1744371505192988,False,False,False,False,pachytene,58,off_axis,193.46943283514398,8.72
139,1.5212291399230318,180.5894940548789,161.6757036585369,29.237776992,1.9111080711570527,0.4604460847240051,0.1329293450232078,0.5741263940520446,0.9456347937320116,0.3177935159231375,0.124409902857241,1.5076112953964305,194.84522041156538,0.4171822719266462,0.2315332414610393,False,False,False,False,pachytene,58,off_axis,169.94662456424018,8.72
669,6.2763314167218125,185.52889435385268,169.48624354792986,24.886358802,1.811163189963905,0.5057027052502592,0.2655462184873949,0.4143783371472159,0.9397052255471192,0.2829395130126727,0.0931701510862246,1.3471763912692405,202.00598051514038,0.4181248248889459,0.640830358834744,False,False,False,False,pachytene,58,off_axis,179.18446976496625,8.72
222,1.1333789225742277,186.2158717346716,169.2135205607465,30.872784258,1.946087648423845,0.7181065268596611,0.1687205915303608,0.3347708894878706,0.9971027752363526,0.1570116461006562,0.1766361973536574,1.2237036622728223,202.5710607160629,0.4202164224781326,0.5039882404006751,False,False,False,False,pachytene,59,off_axis,179.34198970635492,8.72
561,5.4777408637874005,188.3468327242518,172.02348612956743,5.648633424,1.104803209965787,0.6694352159468439,0.0,0.4824120603015075,0.9835315645013724,0.1523650532892544,0.1180437176853385,1.098258133753668,205.48293401142,0.4218525592286201,0.0,False,False,False,False,pachytene,59,off_axis,182.86352029587079,8.72
601,6.171559949419586,190.8203546499578,181.856727554891,20.405922822,1.6952062445101286,0.5322450856420278,0.089912771192127,0.610223642172524,0.9849455477258168,0.4849338664236956,0.3149160997777092,1.086284605908871,210.94626500955042,0.4224160460524993,0.1473439653567317,False,False,True,False,TZ,59,off_axis,192.42210348025682,8.72
656,6.632279909706557,192.49205329571203,180.8732479232516,10.39179654,1.3537360945113073,0.472686230248307,0.075583696082311,0.5851883561643836,0.9260935143288084,0.5091956757682442,0.1992603844611119,1.0959395752281669,212.2199421951836,0.4266193672782432,0.1291613123981556,False,False,True,False,TZ,60,off_axis,192.52087079838338,8.72
602,5.6079342817071005,194.19320520937703,180.85370911641053,11.707777998,1.4086246689322266,0.5509917852133841,0.0,0.5858991521642124,0.9496890898812888,0.3332690844130085,0.180784855026931,1.0114802786314647,213.82714850099626,0.4299049550802211,0.0,False,False,False,False,pachytene,60,off_axis,193.45315236682083,8.72
223,1.0876199682385677,191.24669556721557,174.63356679555406,33.973902773999995,2.009180448860544,0.4674445902092108,0.2430071645892629,0.4789316737974847,0.9119259766963672,0.4593543870887416,0.1605432989154993,1.1511284714124637,209.06067766423,0.4303653575102705,0.5073942231935532,False,False,False,False,pachytene,60,off_axis,186.65348129959443,8.72
526,4.649039124864331,193.1881805262652,168.77986657140195,23.802609366,1.7844812400957484,0.5040898787819059,0.2944475602916433,0.3589030206677265,0.9462311557788944,0.2179136586178506,0.1202640474349593,1.2714784058448054,209.04623380962096,0.4344485778148413,0.8204098136143683,False,False,False,False,pachytene,61,off_axis,182.98799515688125,8.72
541,5.479501845018355,197.69408698339527,179.37933810885897,25.42823352,1.8242143200360617,0.5831180811808119,0.1019475357710651,0.5740208010621819,0.9845373278569702,0.166603816147219,0.1063001182811776,1.0882542626344618,216.68002748064043,0.4380270449230582,0.1776025112372566,False,False,False,False,pachytene,61,off_axis,194.2306512422793,8.72
224,0.8841577449518464,198.0703675430288,186.39595336766536,17.309495862,1.6047175537505347,0.4710665401815964,0.2234381217668125,0.3832949013579298,0.5868586858685868,0.6160193558724452,0.1549256700534213,1.1135421523556257,219.2613538439693,0.4386219838686563,0.5829405008394849,False,False,False,False,pachytene,61,off_axis,200.21617744588195,8.72
142,0.6561874670879299,195.7980736176918,170.09552946287457,8.909264843999999,1.286029961251348,0.2767245918904687,0.0957867017774851,0.43829632326174,0.2721518987341772,0.5721156091529952,0.0895378651703927,1.2026827703685217,211.93860012036026,0.4408338535762049,0.2185432473278669,False,False,False,False,pachytene,62,off_axis,185.59029348079315,8.72
320,3.701049913941445,194.2211470998263,159.91061664371702,27.25794036,1.8669591231306413,0.5839931153184166,0.2162775616083009,0.5022755482002482,0.984020618556701,0.243363123086231,0.1556829106929753,1.213189504538272,207.21412576249077,0.446342979619845,0.430595441851123,False,False,False,False,pachytene,62,off_axis,176.51881914331287,8.72
583,5.21378690628994,200.5607004878039,176.0830792682905,18.27361062,1.6339744165891292,0.4741976893453145,0.2214407907241968,0.39306640625,0.6039603960396039,0.6057126318331993,0.0690790689060974,1.1090227333028182,218.35376851717058,0.44692759364578,0.5633673781405655,False,False,False,False,pachytene,62,off_axis,193.23593565832232,8.72
620,6.144708347886895,203.215928152288,175.91666809290817,13.431924827999998,1.4746305074558503,0.589591337757597,0.0961538461538461,0.5451063829787234,0.9966362325804902,0.1446064491801681,0.0945791222047919,0.9955645092322536,220.81927356822132,0.4519221418434406,0.1763946436077583,False,False,False,False,pachytene,63,off_axis,194.69264670899358,8.72
603,5.689241803278726,204.31451069416136,178.7532278944673,18.315834624,1.6352319653794591,0.5028176229508197,0.2905701754385965,0.3410613086038124,0.6455696202531646,0.6897715390237791,0.0538126340484761,1.140330874811287,222.7604531422527,0.4520262386112935,0.8519587772300844,False,False,False,False,pachytene,63,off_axis,197.61928876618234,8.72
144,1.950415689618432,201.0502520624621,168.96193863248712,44.01617839199999,2.1903217107398625,0.6938286079727137,0.3032140691328078,0.4885987815491732,0.9956008583690988,0.1757198456012226,0.21597509070999,1.0339994254912817,216.56047432719367,0.452240811886393,0.620578848296395,True,False,False,False,pachytene,63,off_axis,187.85611311017408,8.72
362,3.449597315436224,208.34786708053448,188.3016461073828,6.990418439999999,1.186146107234109,0.4996644295302013,0.0,0.4185110663983903,0.903137789904502,0.4374868801854034,0.1899295338908027,0.9775893612853108,229.61286034691545,0.4616540755619714,0.0,False,False,False,False,pachytene,64,off_axis,207.69306820313236,8.72
149,1.647273546642593,206.85600155475908,165.76945112663478,41.64225105599999,2.150214879951385,0.6476453357368184,0.2538470714541333,0.5336530775379696,0.9965887555274796,0.2465407088676743,0.2725986119747279,1.0309905008504416,221.0546388865513,0.4663320664262217,0.4756780802713013,True,False,False,False,pachytene,65,off_axis,189.01280019851993,8.72
143,2.2570036131417077,197.3980669271491,151.24127305268487,27.917103978,1.881888629676577,0.4403831610789009,0.085039153729908,0.562012012012012,0.9549114331723028,0.2129493018470705,0.0594066345110972,1.5515519674535647,207.4787541509213,0.4663415759240135,0.1513119860649712,False,False,True,False,TZ,65,off_axis,171.81092160269543,8.72
146,2.117168429617609,203.4131840358068,158.60071192839868,43.24441743,2.17744476532755,0.4495796040141036,0.2468081947743468,0.5033014684143097,0.8521739130434782,0.7688139066205235,0.2691827071047208,1.101895749413761,215.5167307348462,0.4664992368969077,0.4903784516105927,True,False,False,False,pachytene,65,off_axis,181.31359090933677,8.72
658,6.192522613065246,208.81056331658365,169.4066477788947,11.67024555,1.4071178151576686,0.502713567839196,0.0,0.5917542441390461,0.9485190409026798,0.3817324091416638,0.1448163205490069,1.002302071044344,224.06146672493952,0.4697351853576256,0.0,False,False,False,False,pachytene,66,off_axis,193.05939184748246,8.72
227,2.2237972231191034,212.7025288343537,183.82858435582767,14.529748932,1.5137581703322562,0.4163706813044882,0.290341578327444,0.2802213001383126,0.4556390977443609,0.5876614820843611,0.0072303368524126,1.1299073116235727,232.32481281703917,0.4705414296804132,1.0361153066670383,False,False,False,False,pachytene,66,off_axis,206.7449410474146,8.72
145,1.0549966909331685,202.43789354731672,151.99657723361912,7.088941115999999,1.1916926292800982,0.2620780939774983,0.0,0.5771300448430493,0.3247422680412371,0.9692561292514073,0.1195921740402131,1.3401376100067528,212.49806086680985,0.4714040395163991,0.0,False,False,False,False,pachytene,66,off_axis,175.69204557356395,8.72
148,2.4856864454588403,206.3900020872914,160.2281365505936,45.740325222,2.2185550675431216,0.4939227652700139,0.2387564606958265,0.482671260640454,0.959308933848602,0.1123506506590629,0.1166449952254634,1.131281876548771,218.85593160031493,0.4725221090727913,0.4946564673832493,True,False,False,False,pachytene,66,off_axis,184.48763574795078,8.72
604,5.564731325902519,209.6518280153092,164.9650247213424,14.100471558,1.4987010417702398,0.4611545499916819,0.1413043478260869,0.4356282803334362,0.8566176470588235,0.5283598733797761,0.1433381829028359,1.1715692506355042,223.45122218450223,0.4739616532052071,0.3243690876036113,False,False,False,False,pachytene,66,off_axis,190.20536607026315,8.72
322,3.63872987477636,199.89899694096823,147.3322983810387,26.22579804,1.8430906716626707,0.516994633273703,0.1315535541974911,0.5116666666666667,0.963302752293578,0.0992195091481174,0.0180809329751319,1.2821024588498775,208.61142752308638,0.4767029841242189,0.257107923513012,False,False,False,False,pachytene,67,off_axis,170.5231590127948,8.72
383,3.5892396620720297,207.35525389061743,155.9913424188537,5.275654722,1.079930777050024,0.6038239217429968,0.0,0.4298540965207632,0.9747675962815404,0.1017543407439043,0.0600871949388066,1.0233674739606713,218.42821475768187,0.477094851336559,0.0,False,False,False,False,pachytene,67,off_axis,181.94736112339845,8.72
364,3.91643667121579,213.34809674466624,167.9005635090729,139.21957852199998,3.2151697103350445,0.639673793998214,0.2578260567779551,0.5299041384147767,0.9994715984147952,0.093162898135105,0.1199511362750661,0.9972772338539622,227.88746933558252,0.4789883801796571,0.4865522612245473,True,False,False,False,pachytene,67,off_axis,194.84252589531226,8.72
344,4.036424640987936,217.2966243792796,176.77028036504862,34.95678375599999,2.0283720593961143,0.687223191517917,0.3101968329140151,0.483587213044411,0.9997089215543588,0.0717626355153705,0.1271958771860481,1.08412468133225,234.44425697349328,0.4803512342716907,0.6414496176629213,False,False,False,False,pachytene,67,off_axis,204.15083897384537,8.72
584,6.33585733882012,210.2192284362153,161.41202100823276,34.20144324,2.013655972387605,0.5513031550068588,0.1227035000670511,0.6302354020177315,0.974859287054409,0.1498224594054839,0.0885511391856701,1.11882304483835,222.86295644927986,0.4818051571640044,0.1946947119666865,False,False,False,False,pachytene,67,off_axis,187.8994670827394,8.72
147,1.1994749635391513,202.9882221001461,146.43798452114663,24.12632673,1.7925345363862746,0.4249878463782207,0.1250184938600385,0.5507270882651336,0.963319578175149,0.2427513130026761,0.0956645152823439,1.1215459151906813,211.25777826383052,0.4822752011997351,0.2270062550470579,False,False,False,False,pachytene,67,off_axis,171.95129245180738,8.72
228,0.6313394018205464,217.0043645968807,172.65716937581368,7.215613127999999,1.198748868497746,0.4128738621586476,0.0795107033639144,0.3167220376522702,0.4710144927536231,0.6518604647629864,0.1715349818259864,1.13676340368467,232.86310620924382,0.4840381253418122,0.2510425354462053,False,False,False,False,pachytene,68,off_axis,200.83195191822097,8.72
363,3.2870614035087558,209.01644687499908,151.3912281249997,4.278699071999999,1.007104132117193,0.6666666666666667,0.0,0.4720394736842105,0.6642771804062126,0.8585283650986413,0.2058995666220115,1.016578937398478,218.5453577926703,0.4861986296348365,0.0,False,False,False,False,pachytene,68,off_axis,179.6878859611721,8.72
510,4.580381334671364,204.65483060712617,145.94427576517597,9.350271108,1.3069085463804837,0.7982940291018565,0.0207064555420218,0.4950248756218905,0.9977418140760256,0.0971689802661712,0.1969968645248344,1.1133708252291743,212.6818984108271,0.486200146871651,0.0418291212456924,False,False,False,False,pachytene,68,off_axis,172.7335714107891,8.72
297,2.8922416436675964,211.48319862005653,153.4710964121426,7.649582057999999,1.222314694456866,0.7589696412143514,0.0,0.4821882951653944,0.9943848902501276,0.0946519471237746,0.1227586777879662,1.010409344506328,221.5442401344098,0.487029257419144,0.0,False,False,False,False,pachytene,68,off_axis,182.8937924845959,8.72
670,6.883930170098498,211.0614778871996,154.46716530886485,10.480936104,1.3575958071447596,0.4525514771709937,0.0,0.5772690106295993,0.5302690582959642,0.8242086299741037,0.0309411625491916,1.187845024091107,221.46005382675912,0.4881966810088985,0.0,False,False,False,False,pachytene,68,off_axis,183.32984020018603,8.72
153,0.8496223564954765,212.63780687311183,154.4077434290036,6.211620143999999,1.1403515576739935,0.2326283987915407,0.0342205323193915,0.4911417322834646,0.28125,1.3312169593390686,0.0975712789258749,1.1799450037046182,222.93623199553764,0.4883520378380528,0.0696754726182402,False,False,True,False,TZ,68,off_axis,184.36787209694688,8.72
324,3.0134062140392293,220.366057724395,173.0550500575396,16.307848655999997,1.5731471736348566,0.5012945914844649,0.1572678658240155,0.4317854052494952,0.934319526627219,0.3251262500283401,0.1361453770855726,1.1304163785678711,236.17753048658597,0.4908938164716756,0.3642269143699812,False,False,False,False,pachytene,69,off_axis,203.34312553035113,8.72
270,2.998338173604456,204.0021746127784,139.6976954259428,29.078264088,1.9076262461470703,0.5304130364633752,0.1383955002960332,0.5658821508331902,0.9919793014230271,0.1945518005805128,0.1117331132184409,1.1824295694028095,210.08257477957022,0.4948453705315094,0.244565940262055,False,False,False,False,pachytene,69,off_axis,167.79724335179887,8.72
605,5.538362588771059,211.14593479833968,147.69972284603983,17.506541214,1.6107837774250728,0.4173924695162803,0.2071480671043034,0.3822447102115915,0.3973268529769137,0.5912311096586683,0.0541206244330326,1.3121857801036445,219.39469298134998,0.4965127246766421,0.5419252682127025,False,False,False,False,pachytene,69,off_axis,178.509774699998,8.72
365,4.153066629495519,222.05381228045312,167.6298694382516,33.657222743999995,2.002918244493425,0.5573599107889602,0.2032367331576966,0.4487482286254133,0.9852741277752606,0.1320421472669549,0.071540109822281,1.218601006694087,236.05829675184674,0.4976340663765868,0.4528970148366776,False,False,False,False,pachytene,70,off_axis,200.45348074086252,8.72
543,5.050894402769758,216.46539053664333,152.73093427582083,4.065233274,0.9900693607044844,0.6647432198499712,0.0,0.459552495697074,0.5402597402597402,1.0104827955474498,0.0780071189617347,1.044780364669745,226.0347821208956,0.498756083388803,0.0,False,False,False,False,pachytene,70,off_axis,185.82749907224738,8.72
225,1.2237829983046742,203.5031228384612,136.3766110680573,9.685717361999998,1.3223539824384036,0.4054250423831436,0.0,0.4843177189409368,0.9111111111111112,0.5882255844700885,0.1617543081850709,1.2177543175653631,208.55639280010007,0.5019189070960206,0.0,False,False,False,False,pachytene,70,off_axis,165.10144511100606,8.72
621,6.154236540158804,214.9279216019393,147.64057241835775,10.631065896,1.3640472057643858,0.4684466019417476,0.0,0.5915317559153176,0.545880149812734,0.9969201809236756,0.0719012395155417,1.0499215815955547,222.96283959065642,0.5023879845158338,0.0,False,False,False,False,pachytene,70,off_axis,181.1452037993902,8.72
643,6.849555555555599,215.10577286666475,145.5288469999992,10.556000999999998,1.3608291526282434,0.4413333333333333,0.0160469667318982,0.5747812251392204,0.9355168884339816,0.3507410564148925,0.1101074744633424,1.1008626719920087,222.46204295056606,0.5058277986811167,0.0279183905633163,False,False,False,False,pachytene,71,off_axis,179.79914388143985,8.72
384,4.455827134254245,224.8539791923482,160.48665872476056,33.110656469999995,1.9920170931031,0.538859369465108,0.1029492833517089,0.5117529574435398,0.9816636851520572,0.1244574088151006,0.0526409935175101,1.167649753490947,236.44943158568577,0.5083019806870811,0.201169884520046,False,False,False,False,pachytene,71,off_axis,197.24146039020232,8.72
685,6.866349960411722,216.0878544734788,143.3739368171034,8.888152841999998,1.2850133363523486,0.4230667722354183,0.0,0.5969807868252516,0.5363057324840764,0.9691242757335348,0.0756939226250282,1.068540764807316,222.71030094751484,0.5103234883815967,0.0,False,False,False,False,pachytene,71,off_axis,179.02310871781683,8.72
154,0.9377311960542896,221.41951837506608,146.51949267946338,87.511594068,2.754180052307013,0.6740738755160027,0.1989063117670312,0.5637799161115223,0.9992386173290696,0.0658639204025876,0.1067483100289055,0.9462901165539545,228.7641650075796,0.513613497948139,0.3528084383333818,True,False,False,False,pachytene,72,off_axis,185.06632217673155,8.72
530,4.827774855339331,218.3386679116257,142.665851709628,4.459323978,1.0210808678505607,0.6501841136244082,0.0,0.4992481203007519,0.9675405742821472,0.1427505589026766,0.105372187096682,1.0591691238787584,224.62052765500823,0.5153613333131912,0.0,False,False,False,False,pachytene,72,off_axis,180.18833087447513,8.72
784,7.470432905928825,225.05123594008103,152.1024210232316,18.477693306,1.6400347429531092,0.4392535229148152,0.2061466570812364,0.2925062259452117,0.2263888888888889,0.6178159289250478,0.0352552304790896,1.1397482990353192,233.97848442027987,0.5178923122051545,0.7047598949905739,False,False,False,False,pachytene,72,off_axis,191.53258339927805,8.72
152,0.6812142542894815,211.4666848218223,130.1752420809518,10.663906787999998,1.365450341278345,0.4060712714474263,0.0384615384615384,0.3659259259259259,0.4850136239782016,1.3436783950017854,0.1212162373137306,1.078125736848027,214.14316613064125,0.5212080644769677,0.1051074431641232,False,False,False,False,pachytene,73,off_axis,166.7356816171491,8.72
323,2.8885030502113147,207.82940614064503,127.45147230005932,34.991970425999995,2.029052401588206,0.6768116913588523,0.2293797953964194,0.4700269653598838,0.9912204951065056,0.264931526086494,0.318866297363537,1.0132240826319645,209.83000258545138,0.5223026810011719,0.4880141189788781,False,False,False,False,pachytene,73,off_axis,162.204320681632,8.72
671,6.353832011950048,223.14403029989515,141.98276839021094,20.415305934,1.6954660362837848,0.3663104676548316,0.1750186985789079,0.371713508612874,0.1582867783985102,0.6777945323655234,0.0300447889808291,1.17216229629057,228.96145710921917,0.5237398309731005,0.4708429866647206,False,False,False,False,pachytene,73,off_axis,183.30052283755023,8.72
606,5.904257377842189,218.9835693033366,135.997921480408,9.697446252,1.3228875339740436,0.5145137880986937,0.0,0.57299451918286,0.9202508960573476,0.3060683346161817,0.0879943422262365,0.9621871227995608,223.11824968465243,0.5274051225861098,0.0,False,False,False,False,pachytene,74,off_axis,176.229069373114,8.72
382,3.0462401329455258,204.3191984420462,123.09451339842111,11.292575292,1.391772107388055,0.52970502700457,0.290282131661442,0.3175795053003533,0.6365441906653426,0.7930460507617769,0.2096437636290172,1.022550921982286,205.11959041004218,0.5306613614374297,0.9140455439242068,False,False,False,False,pachytene,74,off_axis,156.6967001513736,8.72
407,3.0946739130434056,202.37673733695496,121.52975730978112,8.63246304,1.2725710508120016,0.4296195652173913,0.2688958551027516,0.317770366841353,0.25,0.5908808013649434,0.0844597535591977,0.9886364656409066,202.7812584032098,0.5340322966350128,0.8461955020399935,False,False,False,False,pachytene,75,off_axis,154.20387944647817,8.72
155,2.562531213037111,230.06728077934235,142.16003271783575,35.698049604,2.042609244532491,0.5300302273623341,0.1924119241192412,0.5218120805369127,0.9867216117216118,0.1502016556209292,0.0749932798406901,1.1234197146529632,235.58378001622668,0.5346274099121292,0.3687379639069703,False,False,False,False,pachytene,75,off_axis,188.660069775229,8.72
529,4.227826689775057,211.79751627036504,122.53941914038026,33.83784764999999,2.006494808867588,0.3810745233968804,0.2226382237701349,0.4196908602150537,0.6240042485395645,1.1813613181491245,0.177181778807744,1.0719273432877447,212.03617101997713,0.5361162187421905,0.5304814683265987,False,False,False,False,pachytene,75,off_axis,162.07996005871493,8.72
531,5.051282051282088,220.52498241758,132.21505989010976,5.123179152,1.0694249478180011,0.646062271062271,0.0,0.5135834411384217,0.5020618556701031,1.075156035173992,0.0701304422116054,1.001440552920526,223.38088258396,0.5363350445306336,0.0,False,False,False,False,pachytene,75,off_axis,174.96148968385393,8.72
151,1.5066494741100431,211.62576008041023,121.95946071753892,92.780211456,2.8083781335539824,0.678347491909385,0.2517790978062695,0.5977833673950637,0.998098407416211,0.1212543508782011,0.1725288595007401,0.9828567480908844,211.689412196437,0.5368926930739449,0.421187860919311,True,False,False,False,pachytene,75,off_axis,161.58219373645977,8.72
481,3.958233146317663,217.3519563451817,125.92024314720956,26.340741162,1.845779396273348,0.6926707632024223,0.0647696476964769,0.6064908722109533,0.9993694829760404,0.3459567677410066,0.4484861803438016,1.1619380640781036,218.37590601627278,0.5382580215754527,0.1067941013858299,False,False,False,False,pachytene,75,off_axis,168.5272258135631,8.72
566,4.892482150356945,207.53400277194308,120.08031999160008,5.585297418,1.100658431990725,0.5577488450230995,0.0140449438202246,0.4947768281101614,0.9378698224852072,0.0943659328784087,0.0247405277352355,1.0653997818775205,207.21298371356977,0.5386613551079639,0.0283864219629493,False,False,False,False,pachytene,75,off_axis,157.22016136120786,8.72
585,5.610772659732559,218.14681526746048,128.1037734026728,12.629668752,1.4446671035824374,0.4344353640416047,0.0894138755980861,0.5625615763546798,0.4551971326164875,0.7961132440053279,0.0493213993894243,1.094238138564845,219.82200116182275,0.5395188031759139,0.1589406019825874,False,False,False,False,pachytene,75,off_axis,170.51606719683724,8.72
480,5.137338476374251,209.87447600771705,119.1966823047261,24.32571786,1.7974591065604857,0.4334619093539055,0.2329285807546677,0.4105531914893617,0.5704584040747029,0.938273015607589,0.1253503950901909,1.062809659462449,209.15259037046542,0.5411270909771577,0.5673529900222524,False,False,False,False,pachytene,76,off_axis,158.489261129368,8.72
542,4.737359327944168,215.0321648121731,122.0304624821668,14.799513402,1.5230691061424195,0.5308289744809003,0.1232227488151659,0.5209459459459459,0.9651984774333876,0.1532277432892821,0.065669773440066,1.076491839738364,214.942612295699,0.5419955042393592,0.2365365346905909,False,False,False,False,pachytene,76,off_axis,164.29374469427165,8.72
226,2.2559529117988166,208.31218627485663,118.17348682779031,26.303208714,1.844902306944635,0.6802818157495764,0.1564705882352941,0.4836820083682008,0.985819237997608,0.1673717285946487,0.2032556888052793,0.947174231935644,207.3465084574728,0.5422300048379766,0.3234988805210665,False,False,False,False,pachytene,76,off_axis,156.62956605159764,8.72
544,4.753173855716667,218.5363240346581,124.34994168393428,12.453735402,1.4379275620959144,0.4658127707666227,0.0735053903952956,0.5486600846262342,0.967161845191556,0.0822455567972859,0.0545266538514402,0.9993505350956374,219.00135216142854,0.5426604497941687,0.1339725495893692,False,False,False,False,pachytene,76,off_axis,168.48284091721507,8.72
528,4.456851142823779,200.8253554820742,118.01686849982724,20.218260582,1.6899936006337728,0.4662953938972038,0.3013365735115431,0.3813043478260869,0.6231003039513677,0.511972554572042,0.0342664965584508,1.054458263730312,200.19622198965953,0.5427518292069675,0.7902783569858028,False,False,False,False,pachytene,76,off_axis,150.7414969095373,8.72
150,1.8231321560256024,209.8689805598724,117.70571208519486,48.35117613599999,2.2599880588769787,0.7335047545119349,0.192443399000294,0.4855270344074276,0.9924711393675756,0.1494370501613094,0.3309115959553654,0.9696206729887762,208.67470075806426,0.5458298041875836,0.3963598015405382,True,False,False,False,pachytene,76,off_axis,157.56228625199532,8.72
642,5.510477431970095,210.44786470588517,116.69043529411702,14.396039586,1.5091004234416114,0.4627668241811961,0.0849292256452955,0.6154079466181377,0.949163050216987,0.3145983774878498,0.0968113669571214,1.0957213758793614,208.90185402931718,0.546686550943023,0.1380047594640412,False,False,False,False,pachytene,76,off_axis,157.39725544709782,8.72
565,4.81164758586358,205.72994678944772,115.66671801891356,4.712668001999999,1.0400624381596155,0.593827775012444,0.0,0.5012254901960784,0.9285714285714286,0.2070638679110469,0.0845138088545771,0.9552421792145328,204.10275669020194,0.5472758480870114,0.0,False,False,False,False,pachytene,76,off_axis,153.04856679910418,8.72
586,5.524534442234741,230.8600221478941,132.41894454890604,12.974498117999998,1.4576971992826329,0.5221478936901103,0.0600995732574679,0.5353764661369655,0.6721938775510204,0.7060553990930287,0.0978642481444896,1.133357543195894,233.24744224984045,0.5500960880626676,0.1122566587416875,False,False,False,False,pachytene,77,off_axis,183.16627013424372,8.72
657,6.097846268102507,208.31036490902284,114.5105204047524,12.634360307999998,1.4448459654269767,0.5868919420720387,0.0198237885462555,0.6085393258426967,0.988436632747456,0.179160692366972,0.1230729941494716,1.003365009094256,206.183522222826,0.5509690149789458,0.0325760188444745,False,False,False,False,pachytene,77,off_axis,154.37426772028383,8.72
298,3.046960887949141,228.421593254492,130.2480010108361,35.505695808,2.0389338666709844,0.5813292811839323,0.2208287224886266,0.5092314975540476,0.99217294073798,0.0304257287509826,0.0466785732939573,1.0972849497138135,230.2465484666592,0.5518326451319713,0.4336509496158744,False,False,False,False,pachytene,77,off_axis,179.90988582952107,8.72
296,2.7219288675538924,194.2364871699737,118.03456231726038,32.252101722,1.9746485190889704,0.5863699178122046,0.1598463583985817,0.552839810093195,0.9925643815741748,0.0594270693283821,0.0501911607310688,0.9667739726586408,193.9528396376382,0.5530066767933665,0.2891368448513786,False,False,False,False,pachytene,77,off_axis,145.78509222380146,8.72
641,5.97919364946732,204.81914545644528,111.98367054522848,11.229239286,1.3891652440601232,0.4896594944641738,0.0,0.605403192795743,0.9770444763271162,0.1615541967052319,0.0791540790860619,1.0020187972436447,202.07131257617203,0.555770553978962,0.0,False,False,False,False,pachytene,78,off_axis,150.06617101962283,8.72
325,2.631180842279144,232.2695344013184,130.50470160198344,14.203685789999998,1.5023489427480592,0.5263418662262593,0.1648223645894001,0.4435146443514644,0.928380187416332,0.3470827780195368,0.1425212782470479,1.115764748100646,233.97738053020709,0.5561146082770573,0.3716277843100626,False,False,False,False,pachytene,78,off_axis,183.13045328916746,8.72
640,5.647900193287696,203.04933120716888,112.19986568265816,13.349822598,1.4716198202171835,0.5791600773150589,0.062255285826155,0.6075156576200418,0.99009900990099,0.1299992024328537,0.1210003868487422,0.964955789187652,200.46133111790988,0.5563202306325168,0.1024751955695129,False,False,False,False,pachytene,78,off_axis,148.7986095280206,8.72
460,4.498651685393382,199.4484770071516,110.94714404494316,22.96516662,1.7633032060018643,0.5982635342185905,0.139763779527559,0.6257309941520468,0.9870036101083032,0.2705614465395886,0.2227453052374857,1.053117922218062,196.6490749585285,0.5581652039106593,0.2233608065346971,False,False,False,False,pachytene,78,off_axis,145.19430471984168,8.72
459,3.691275941583473,196.95083382013797,111.01428435818588,12.207428712,1.4283847203594446,0.2557647963105304,0.1163586584531143,0.3934934159566228,0.3409090909090909,1.363119976320822,0.0793349565992118,1.0134661638515023,194.3015541024671,0.5599560519604896,0.2957067481554539,False,False,False,False,pachytene,78,off_axis,143.28903049727936,8.72
639,5.9189052021025566,202.19619815116815,109.7177347471432,12.941657225999998,1.456466258303342,0.5372485046220772,0.0943597020219936,0.5679592636114376,0.9757019438444924,0.1703778155839548,0.1156309375326676,1.013202130056749,198.86530337704045,0.5610221033147554,0.1661381512152756,False,False,False,False,pachytene,78,off_axis,146.60602377159222,8.72
345,3.598645057063772,226.78767246859357,118.99053461358204,45.013134042,2.206735157250413,0.6084214914794934,0.2866907157774824,0.3858131487889273,0.984490287607288,0.1406280968166725,0.0851596865796329,1.055469167629003,225.1279914857891,0.563322220847532,0.7430817655577794,True,False,False,False,pachytene,79,off_axis,171.93993121494643,8.72
527,4.994742303701134,193.16601153580208,109.30543682116787,13.563288396,1.4794221918448642,0.5392597717052923,0.0655910206944931,0.573948948948949,0.9909182643794148,0.1271781475092338,0.0894026314320111,1.0263489372975454,190.17021539552871,0.5692701417213728,0.1142802348790908,False,False,False,False,pachytene,80,off_axis,139.2780005015363,8.72
229,0.9023731968357456,230.86254053047932,117.68742787343066,5.041076921999999,1.0636814163058728,0.5542112610516519,0.0,0.5417536534446764,0.9767741935483872,0.41454108005411,0.3053360521327184,1.1783565836539542,228.57954393817005,0.5727406893518316,0.0,False,False,False,False,pachytene,80,off_axis,174.5705402688392,8.72
340,3.2936642717178435,185.43440253919104,114.95918555682604,28.731088944,1.9000039001559603,0.5475996080992815,0.103833090732654,0.5921313842266739,0.9863646868500116,0.1182193239223683,0.068065378859641,1.0073732085659384,184.62981977655045,0.572996788506887,0.1753548173574019,False,False,False,False,pachytene,80,off_axis,137.22722140423514,8.72
564,5.1180072823568,192.2889084905661,106.71975566037838,14.173190676,1.5012729983377278,0.5139026812313803,0.1174879807692307,0.5686074225400068,0.9689008042895444,0.1324247319219806,0.0854347700899852,0.9947614723646706,188.51862591514197,0.5738594914833359,0.2066240715684015,False,False,False,False,pachytene,80,off_axis,136.96332153118607,8.72
249,2.572654298965364,222.1304285586839,108.91631122903922,26.300862936,1.8448474611658128,0.4702996789154477,0.3342674588050667,0.3281697255430207,0.8814432989690721,0.3103289287012656,0.1490159693556715,1.0662498561450602,217.51718465336808,0.5742408289351736,1.018581035322366,False,False,False,False,pachytene,80,off_axis,162.45468744908067,8.72
408,4.120733532934264,218.51986068862448,105.82440467066044,31.33959408,1.9558471847115124,0.6214071856287425,0.2062146892655367,0.5130486358244365,0.9905834564254062,0.0748233147668467,0.0738170022187667,1.0084311092763194,213.11264482913413,0.5752721523926068,0.4019398452042717,False,False,False,False,pachytene,80,off_axis,157.74494358742066,8.72
562,4.452796794123057,192.09942608114747,104.4445905242949,28.097728884,1.885938542236804,0.3824511604608449,0.299194694457603,0.2937677436798702,0.3996120271580989,1.223905191215899,0.0757544237625981,1.005006671838534,187.61762915431598,0.577508471136871,1.0184736101716012,False,False,False,False,pachytene,81,off_axis,135.3963999729492,8.72
342,3.351899645447347,197.84442539280695,101.702872647265,130.33846301399998,3.145294595408856,0.677627197955474,0.1425151993872373,0.6208686913800804,0.999469055915049,0.0998575216392072,0.1488888917851238,1.0274697858640802,192.19708332638328,0.5783925048343399,0.2295416105947482,True,False,False,False,pachytene,81,off_axis,138.3305801316984,8.72
563,5.6224368751059535,189.8331255210965,106.21974438230968,13.842435978,1.4895027341574585,0.6153194373834943,0.0393567498942022,0.6052863436123348,0.9973958333333334,0.1312057327465191,0.1378780401898505,0.987696759285306,186.0310036821025,0.5787801746532949,0.065021704701484,False,False,False,False,pachytene,81,off_axis,134.74364044182911,8.72
295,2.7878480060195683,178.876355643341,114.55597516929966,12.470155848,1.4385592612442415,0.7106847253574116,0.0845238095238095,0.4694408322496749,0.993867243867244,0.1484974913190695,0.1920653069676274,1.0119252982127376,178.28223101847027,0.5870987912190267,0.1800521039440707,False,False,False,False,pachytene,82,off_axis,132.25292017765292,8.72
524,4.913153938665074,185.5569739627219,103.93890617859252,31.208230512,1.9531106370054223,0.8023150932050511,0.1365725541694025,0.5038022813688213,0.9991285403050107,0.1363813488131135,0.3009676163832427,1.0304829706108818,181.25234374190603,0.5891962647732791,0.2710836358230404,False,False,False,False,pachytene,82,off_axis,129.99540186244096,8.72
523,4.464120781527346,187.7282331083469,100.26692284191948,39.62019041999999,2.114832535023386,0.5978685612788632,0.3098262371710192,0.4418433451118963,0.9725102880658436,0.4414801288869823,0.4166461968239571,1.0321624980311643,182.14748442968656,0.5904477208169255,0.7012128633340762,True,False,False,False,pachytene,83,off_axis,129.3787534988718,8.72
582,5.376482987052144,181.8123833784996,106.81156797651497,15.580657476,1.5494077488807383,0.4682324601023788,0.1509615384615384,0.3759909399773499,0.6480529022777369,0.6376194901239769,0.1265213142471665,0.9692595886602138,178.6116230610582,0.5925911728386073,0.4015031278962002,False,False,False,False,pachytene,83,off_axis,129.04261122914974,8.72
458,4.084247787610739,178.91677539823033,108.0449359292032,11.928281129999998,1.41741302389404,0.5630285152409047,0.0532594801874733,0.6102610261026102,0.9872057318321392,0.1383694869986045,0.0908124049803588,0.9628501662654044,176.25639131919766,0.5934006729555471,0.087273278006317,False,False,False,False,pachytene,83,off_axis,127.74207803603014,8.72
560,4.878983204720896,182.48826280526376,104.9864329459828,25.83874467,1.8339786138800105,0.8167952791647753,0.0312049927988478,0.6194251734390486,0.9984190684664964,0.2003117423820969,0.5940160675052447,0.9730819506656538,178.67402143017392,0.5947970741478111,0.0503773403744599,False,False,False,False,pachytene,83,off_axis,128.34007031800206,8.72
343,3.774579273693591,203.4080171517149,93.1593297418717,37.077367068,2.068585260032602,0.6684170568138681,0.2702589807852965,0.4600267124594543,0.9973485905665644,0.0554092077952212,0.0950776247528278,0.9790094850418164,194.7651530785397,0.5968461505287348,0.5874854078373036,False,False,False,False,pachytene,83,off_axis,138.20967792971993,8.72
422,3.6956433121019416,176.5406991592347,107.94163047133742,9.20717865,1.3002074602076112,0.5131210191082802,0.0144404332129963,0.5599162742019885,0.9787059787059788,0.1360516484530854,0.063578530360594,0.9666324902098966,173.97013067760963,0.5972553426249843,0.025790343803772,False,False,False,False,pachytene,84,off_axis,125.94780659281425,8.72
361,3.4961245235070697,188.4412546060984,95.2495977128336,22.153527432,1.742280567179228,0.6418890300720034,0.2417040358744394,0.3690124186871673,0.9664948453608248,0.2581205232196344,0.2184829692061794,1.1123445154776654,181.23309888247678,0.5987840764720315,0.6550024433712774,False,False,False,False,pachytene,84,off_axis,126.9297277418848,8.72
341,3.773676550845872,194.57725804529468,92.40347303074316,51.57896666399999,2.3091989036544183,0.6876932872475896,0.2202793232655842,0.5685160914518713,0.9992179353493222,0.0776784340571671,0.1692102855125115,0.9965870648034146,186.15028807730988,0.599504519655327,0.3874636559592127,True,False,False,False,pachytene,84,off_axis,130.35595368578697,8.72
522,4.369109690113166,181.53401950934213,101.33995373831776,38.151733392,2.088375334025236,0.8031234628627644,0.1220180970660816,0.5484072454715803,0.9993935718617344,0.219160812654228,0.5497455818913665,1.058546706577998,176.61296936277756,0.5995113395284665,0.2224954138984018,False,False,False,False,pachytene,84,off_axis,125.24276070485398,8.72
321,3.903974100314202,200.06819021723763,91.82230210669329,49.995566514,2.2853231983545625,0.5621920893351475,0.1992619926199261,0.5021969778158826,0.9910005293806248,0.1157077096212,0.0794525841945478,1.0487717461898174,191.17373223093978,0.5998275579467659,0.3967805491115089,True,False,False,False,pachytene,84,off_axis,134.66628501400473,8.72
558,4.425435735972188,176.49838421230044,105.6149808051306,20.861003754,1.7077155406990197,0.6208253682671765,0.1578421578421578,0.5287663107947805,0.9826173330022347,0.3185135741994507,0.2522127140502759,1.0490867450693742,173.1923879941396,0.6007733267530897,0.2985102390598745,False,False,False,False,pachytene,84,off_axis,124.31586008401203,8.72
421,3.823643054277884,174.61374887304564,108.3676003219866,10.199442744,1.3453313987838118,0.5685372585096596,0.0413898824731732,0.5852878464818764,0.9821002386634844,0.076715428485766,0.0494506880789439,0.9613451162666428,172.27762302407757,0.6014873476508704,0.0707171398175527,False,False,False,False,pachytene,84,off_axis,124.86459223090638,8.72
269,1.7498638789068048,174.83646311662918,105.08674619405588,21.541279374,1.7260801624473434,0.4384188173799411,0.1914393226716839,0.4481287570292805,0.8797546012269939,0.3351971318829171,0.1249378364915114,1.1459285233409389,171.44872994716843,0.6052863978664068,0.42719713847593,False,False,False,False,pachytene,85,off_axis,122.74386018375172,8.72
559,4.792462660646017,176.86163034039484,102.84802226467384,13.506989724,1.4773724182577548,0.6281695032997568,0.2076239822353811,0.4759458197104157,0.9750328515111696,0.1895096074770684,0.1552145468699911,1.041107519313938,172.6596963979934,0.6054554754343402,0.4362344906437203,False,False,False,False,pachytene,85,off_axis,122.71113445678061,8.72
406,3.9356223841266154,173.3253194621001,105.77439900790831,30.265227756,1.933237062016089,0.5821578049914742,0.1061183883269772,0.6496011871637914,0.9920246510784848,0.1412849779519678,0.096684120155554,1.0347510271611329,170.23354071933232,0.605569031486629,0.1633592893976969,False,False,False,False,pachytene,85,off_axis,122.12964056180448,8.72
455,4.046425939572621,171.07837885040377,107.79638238761964,9.549662238,1.3161330670957554,0.5033161385408991,0.0564629024731684,0.5573689416419386,0.937447168216399,0.1699981148712748,0.0560881625428039,0.9639163064448087,168.74352813604776,0.6089726423644196,0.1013025632659685,False,False,False,False,pachytene,85,off_axis,121.96469997674127,8.72
557,4.82983289897281,175.18631575962,101.2946685420822,15.301509894,1.540098718105271,0.5646175072819255,0.1116671879887394,0.6035211267605634,0.9963459196102314,0.0818709053030135,0.0679571099023556,1.0337212809630536,170.5783454332452,0.6103451504043975,0.1850261457923104,False,False,False,False,pachytene,85,off_axis,120.42671287493114,8.72
479,4.491953505811877,179.35475694038442,95.50786551181112,31.280949629999995,1.9546264584021829,0.6315710536182977,0.1421337524009079,0.6185629961327092,0.9951907662712408,0.2976024708927172,0.295872446140534,1.1187210233758038,172.69719192918149,0.6110585163616923,0.2297805612193685,False,False,False,False,pachytene,85,off_axis,119.85793961470145,8.72
619,5.649789646972766,188.96230354856243,88.68579432961464,12.824368325999998,1.4520529646027072,0.6506310590817633,0.0904761904761904,0.4795811518324607,0.9933774834437086,0.1832775472763685,0.1593772646716621,1.073682925466985,179.64636820845874,0.6124719705198644,0.1886566853815762,False,False,False,False,pachytene,86,off_axis,123.62181297831948,8.72
420,3.739644144667969,169.74831672287505,105.84747540411904,20.171345022,1.688685403648056,0.5042446796139086,0.062458764020233,0.6523574947220268,0.980201458839875,0.1318488798916731,0.0593382377968569,1.0058367982871916,166.86421929599658,0.6132143019810017,0.095743153908038,False,False,False,False,pachytene,86,off_axis,119.64239735285429,8.72
507,4.354466858789539,170.72080129682865,103.14768731988318,9.767819592,1.3260798425248013,0.5511527377521614,0.0021356113187399,0.6334938469769931,0.5052307692307693,0.7342469441351813,0.0211228491590795,0.9087371257029154,166.93063436641557,0.6135354458453863,0.0033711634752744,False,False,False,False,pachytene,86,off_axis,118.43122539446213,8.72
506,4.459043824701163,168.97973492031875,102.412039661354,11.775805559999998,1.4113476536720306,0.5940239043824701,0.0556070435588508,0.6084396467124632,0.99779638607316,0.0820963782592592,0.0864318022213581,0.9226035731250094,165.04615811350402,0.6173802306373671,0.0913928667523693,False,False,False,False,pachytene,86,off_axis,116.67154519588969,8.72
437,4.049721780604262,167.24072539745833,105.62004848966806,11.803954896,1.412471338584348,0.5238473767885532,0.0522151898734176,0.5671953255425709,0.9906868451688008,0.1857554230782706,0.1460128224414602,0.9897104447022838,164.41387773130162,0.618413689323479,0.0920585687540167,False,False,False,False,pachytene,87,off_axis,117.7309563355308,8.72
505,4.694995337270767,167.5838307118448,102.81713155113358,7.546367825999999,1.2167923020058806,0.5020205160087038,0.0669772859638905,0.5099875156054932,0.994823123382226,0.0818427676687008,0.0455403255691856,0.9258756544723664,163.85068447526248,0.6194847650020602,0.1313312265779101,False,False,False,False,pachytene,87,off_axis,115.96640414490474,8.72
436,3.781456354590638,165.80426309362218,109.77127092944112,20.746060632,1.704573285703071,0.4324966078697422,0.1077333333333333,0.5327754532775453,0.9660560344827588,0.3116439672842836,0.128451128246563,1.083638799434622,164.3675622090321,0.6210376193656958,0.2022115183246073,False,False,False,False,pachytene,87,off_axis,119.79609689545403,8.72
504,4.550030012004834,166.18353849039514,102.91727548019055,15.632264592,1.5511165416469583,0.6147959183673469,0.1111495844875346,0.5165562913907285,0.9974293059125964,0.1961846338267504,0.217968917110514,0.9611138054851148,162.5543724719583,0.6225049494727527,0.2151741956104837,False,False,False,False,pachytene,87,off_axis,115.05399712430525,8.72
128,1.0855878186968806,164.43510371812934,109.72715162889416,26.497908288,1.849443185574307,0.5734773371104815,0.1901159858799798,0.5091324200913242,0.9917153996101364,0.0772482257643325,0.0627840629984043,0.9155429706663428,163.05504179039457,0.625076045893965,0.3734116673337719,False,False,False,False,pachytene,87,off_axis,118.85233211212795,8.72
438,4.373232632510134,177.92272969993738,88.7221351092055,34.475899266,2.019027950979736,0.7262706674831598,0.1923308572575788,0.4874471787223465,0.9987757100881488,0.0942075261145495,0.1731791066129362,1.0116084737414817,169.1877746446724,0.6253415892564452,0.3945675873264863,False,False,False,False,pachytene,87,off_axis,114.58669159442321,8.72
599,5.04408537320652,167.20087405040437,96.2351997829489,19.453536954,1.66841206465755,0.4004582177740262,0.2335440110991213,0.3576025744167337,0.4839694656488549,0.6749288423879403,0.0569117046253706,1.0306006665485778,161.40083273782898,0.6302006979266445,0.6530825777192528,False,False,False,False,pachytene,88,off_axis,111.1192369632211,8.72
888,9.12871892925439,163.35945080305902,105.3847420841313,12.268418939999998,1.4307595810266005,0.4808795411089865,0.0073126142595978,0.5701657458563536,0.7474185861795075,0.6241708502141324,0.1041363868725647,1.2375521776992382,160.65821420627267,0.6321019968902895,0.0128254184204186,False,False,False,False,pachytene,88,off_axis,114.90457373051376,8.72
456,4.245138976229604,171.60729553515262,88.64156134448497,37.302561756,2.072764759230037,0.685259715759024,0.2970505617977528,0.4013986013986014,0.9841902862840052,0.2692303070284138,0.3022972038044729,1.021256794144506,163.17256829881904,0.633218141838132,0.7400388560466664,False,False,False,False,pachytene,89,off_axis,109.52024984154855,8.72
453,4.338650450239808,159.71918339375404,109.33777262308378,20.058747678,1.6855374333449014,0.4806455385335049,0.1876714834461313,0.480297230353524,0.8674839462930531,0.2624198668628213,0.1326778890264756,1.12337946428311,158.4589412838456,0.6341467333524409,0.390740299101861,False,False,False,False,pachytene,89,off_axis,115.48448784576239,8.72
683,6.5375027239050505,160.39171000217917,108.04615933754602,10.764775242,1.369742041501672,0.4220963172804532,0.0093388121031005,0.6202865761689291,0.916083916083916,0.4556132631213821,0.1483168266064063,0.9388497192106718,158.68730051943527,0.6345494290499887,0.0150556411534483,False,False,False,False,pachytene,89,off_axis,114.93136495324694,8.72
213,0.6609865470851661,159.81216166816216,103.4011296322858,13.07771235,1.4615524000672573,0.550134529147982,0.0532276330690826,0.5203349282296651,0.9710144927536232,0.4403336258175354,0.3007553663121326,1.3521891189835007,156.665048005951,0.6365200890589928,0.1022949453925358,False,False,False,False,pachytene,89,off_axis,111.05304888665181,8.72
655,6.681866489538402,164.4851300066407,116.4485768847534,14.126275116,1.4996146815143487,0.4636333444038525,0.0821256038647343,0.5479876160990712,0.8525377229080933,0.4626437029714582,0.1142003942174706,1.4332475297462066,165.2333600367452,0.6368702068676291,0.1498676273915773,False,False,False,False,pachytene,89,off_axis,124.0009958079735,8.72
838,7.886380919460834,160.03823798824885,101.7100404597302,13.572671508,1.479763269019334,0.4768406498444522,0.1039076376554174,0.5474066732738685,0.9347368421052632,0.3038196686049391,0.1176744905255003,1.0091315537446215,156.3433418037371,0.6376900657017783,0.1898179958859074,False,False,False,False,pachytene,89,off_axis,109.95152216628185,8.72
877,9.33345822405382,164.50583345822204,115.2331612214301,18.782644446,1.6490077979495732,0.4404895716248282,0.1685226429101707,0.3868303571428571,0.5906593406593407,0.633883681459473,0.1040454824289738,1.4104171988663885,164.86767609577333,0.63793414087588,0.4356499943667425,False,False,False,False,pachytene,89,off_axis,123.0777776196133,8.72
896,9.35023660509856,161.286506533355,107.18920999847415,15.367191677999998,1.542299198931601,0.3800946420393832,0.0935267857142857,0.5717803496675695,0.8819762122598354,0.6162623697485373,0.1457650943292755,1.1307821340458235,159.26426438415945,0.6380023167610461,0.1635711786329519,False,False,False,False,pachytene,89,off_axis,114.86765790401707,8.72
720,7.64710977217102,158.7442068725265,109.4092236490294,24.916853916,1.811902672504284,0.4997175673131236,0.0878819086852042,0.6477229958599925,0.976293726510552,0.2160329249756283,0.1150814132415122,1.060267256563983,157.55690930897623,0.6397046411813357,0.1356782285744263,False,False,False,False,pachytene,89,off_axis,114.91753094890304,8.72
618,6.021004566210075,162.5871533719709,116.46921317175808,13.356859932,1.4718783620039888,0.4344924481910783,0.0095355275299907,0.6288819875776398,0.916058394160584,0.1529889236775418,0.0707298586890362,1.2477604444126986,163.43982983835343,0.6411711782479508,0.0151626659983062,False,False,False,False,pachytene,90,off_axis,122.82056142994382,8.72
875,9.414534515516184,159.0450143920197,105.42878112729753,14.815933847999998,1.5236321929024443,0.5695060164661179,0.1108567691301504,0.5593968370724531,0.969683257918552,0.2901214029364082,0.1572089957217522,1.0245151089917954,156.58029286092832,0.6413553965515717,0.1981719626988027,False,False,False,False,pachytene,90,off_axis,112.06860126200331,8.72
477,4.37524152611764,156.77541339446535,111.52195603405988,14.325666246,1.5066373858936817,0.5187489765842476,0.0737472423573905,0.5603946920721333,0.973401245048104,0.0928162270374795,0.035529686892541,1.2081645341644802,156.35946594532265,0.641991274942882,0.1315987524519555,False,False,False,False,pachytene,90,off_axis,115.33397162353344,8.72
806,7.295331695331739,158.13445343980237,101.22870184275205,5.728389876,1.109978720768504,0.4082719082719083,0.1414141414141414,0.4698961937716263,0.8755186721991701,0.6742735276974695,0.1790907967283354,0.9860815262610104,154.38516374552057,0.6420784900311993,0.3009476205352495,False,False,False,False,pachytene,90,off_axis,108.31561570463415,8.72
887,9.306682027649682,161.22120673963366,99.88859602534724,12.216811824,1.428750597609145,0.4752304147465438,0.0447396015379237,0.5883644346871569,0.6752278376139188,0.6743914674524403,0.0762670713229284,1.0254069822339773,156.88784209997837,0.6432433645063076,0.0760406287332995,False,False,False,False,pachytene,90,off_axis,109.42843779849453,8.72
805,8.240635005336241,157.7208759204894,102.97990697705322,17.583951887999998,1.613154482150767,0.4653148345784418,0.1218229623137598,0.5755988023952096,0.9688359303391384,0.1339861812069978,0.0618309741243395,1.014677637709778,154.54809908268618,0.643395443262415,0.2116456146309274,False,False,False,False,pachytene,90,off_axis,109.35178820207554,8.72
780,7.56477943730474,156.53373162556477,109.47256662035272,13.506989724,1.4773724182577548,0.4626606460576589,0.0337289194253591,0.5636716224951519,0.9054878048780488,0.3749915666146125,0.1085871966318026,1.024790054937465,155.4805394210694,0.6436218959401894,0.0598378880172369,False,False,False,False,pachytene,90,off_axis,113.57563306962933,8.72
721,7.522697927285131,161.15814622833992,117.31108990825749,13.807249308,1.488239586728195,0.473666326877336,0.0111714012128949,0.60458360232408,0.9653297076818492,0.2146283089386992,0.0578022818657381,1.1929295179623978,162.35143336620467,0.6444420502435179,0.0184778435438059,False,False,False,False,pachytene,90,off_axis,122.59416772821346,8.72
804,8.298243827945969,156.81068200559866,101.03700893357107,9.216561762,1.300648994314123,0.4306439297531178,0.1583897667419112,0.4139472507822977,0.6354481369587109,1.462999916956791,0.1663536737009998,0.8985074863892524,153.06890520077718,0.6448002829768756,0.3826327302393686,False,False,False,False,pachytene,90,off_axis,107.29168376835314,8.72
822,7.9417317708332815,156.94989707031257,100.10124580078258,7.206230015999999,1.1982290293742353,0.3844401041666666,0.0277634961439589,0.3802221047065044,0.8924558587479936,0.48328360637146,0.1443696820970603,0.9768707489530556,152.90427700491713,0.6451428530657449,0.0730191532798696,False,False,False,False,pachytene,90,off_axis,106.68533627047753,8.72
503,4.688002532446994,154.4751397435924,110.87557901234504,14.820625403999998,1.523792998412124,0.4545742323520101,0.057697566311184,0.5728380731282646,0.5879732739420935,0.7998410577505018,0.103407360720599,1.1086544492934345,153.97292944884217,0.6458651665330961,0.1007222966101014,False,False,False,False,pachytene,90,off_axis,113.41679828007774,8.72
839,8.353434699972944,161.1620886369821,113.46267246809742,17.279000747999998,1.6037746260248955,0.4778713005701873,0.1606285464862505,0.4396775871034841,0.443656980864635,0.7035677395280044,0.1402990983007999,1.5360276101654815,161.13512063309537,0.6462979571805576,0.3653325782295208,False,False,False,False,pachytene,90,off_axis,119.58606721347498,8.72
739,7.836207215541202,155.06409027752176,106.33898855689286,25.35786018,1.82252991065712,0.5503237742830712,0.1523975588491717,0.5815675786875129,0.7253832164198493,0.7759327155903734,0.2182138201153421,0.9686494144188736,153.09327876017085,0.6468396427458584,0.2620461738824987,False,False,False,False,pachytene,91,off_axis,110.21215256467032,8.72
214,0.73496841322929,162.4354714604244,91.6097666666655,6.312488597999999,1.146491042084166,0.4474173169825344,0.0,0.5991930060524546,0.8300884955752212,0.4343335025456902,0.1195111262713685,1.1593386546601308,155.41485940817722,0.6471417840214843,0.0,False,False,False,False,pachytene,91,off_axis,104.47997287801644,8.72
380,3.1978016945270875,163.41548693611185,89.39453250515238,20.488025052,1.6974767285705403,0.5569040531257157,0.2930215564486664,0.3948320413436692,0.9044151115157032,0.1990967989364176,0.1626745495514844,1.2183000023211343,155.6420335293621,0.6473913987896055,0.7421422928379183,False,False,False,False,pachytene,91,off_axis,103.72038001021753,8.72
854,9.321937619793946,156.465665446942,98.91929328280187,26.924839884,1.859322993219628,0.4973863042341871,0.1228523642998327,0.6196914543248396,0.99607124148769,0.2733917792864564,0.194706501675167,0.9378832457191382,152.07031299765433,0.6478660600561384,0.1982476334673384,False,False,False,False,pachytene,91,off_axis,105.48287414569423,8.72
821,8.964788004136654,155.26644532058103,102.30980324457067,18.146938608,1.630190108200729,0.5027145811789038,0.1468174761587934,0.5781128151806603,0.9784860557768924,0.3850863919868852,0.1643206230143581,0.9310342417970584,152.00783557897992,0.6482373724727144,0.2539599059275533,False,False,False,False,pachytene,91,off_axis,107.24092954088401,8.72
761,7.663716591023624,159.67378165657996,93.2802154311666,18.606711096,1.64384299401823,0.5388300554715078,0.2051282051282051,0.4281027884089666,0.9190600522193212,0.0719170676506098,0.0496330489866973,1.1413707711230348,153.32520424809894,0.6483904732658354,0.4791564331794218,False,False,False,False,pachytene,91,off_axis,103.63348763460529,8.72
132,1.556892778993438,164.54664017306308,119.30301716729656,23.584452012,1.779012748072521,0.7234931370598767,0.1939692664540446,0.4787769784172662,0.9944593386952636,0.3199309168175091,0.4789532425790153,1.4743749943616515,166.19663159714082,0.6494244387786686,0.4051349066433089,False,False,False,False,pachytene,91,off_axis,126.25740125328971,8.72
593,5.767456596122191,154.30625447978713,113.72877939424605,18.510534198,1.6410057935670217,0.4958813838550246,0.1693464188765922,0.4328808446455505,0.925227963525836,0.2690626714750245,0.1072696222537041,1.3221090246474083,154.71729708781396,0.6496787577193708,0.3912079293211868,False,False,False,False,pachytene,91,off_axis,115.59900065018627,8.72
117,2.252271708006989,156.2837969469154,98.4592728826796,135.994133772,3.190145724745322,0.5809155828474833,0.1986278778283527,0.6017863022719789,0.998583326178415,0.1042134507074503,0.0862211935136099,0.9172669336391848,151.75198706914406,0.6499530331919781,0.3300638068338458,True,False,False,False,pachytene,91,off_axis,105.01977979771847,8.72
741,8.40765446224301,154.89922239130695,104.34854315217416,41.00419944,2.139176288117132,0.5178489702517162,0.2644440565543725,0.545562411010916,0.5823563328848741,0.8228542144246879,0.1598191805388079,1.0005074725534933,152.305890629036,0.6501023175232377,0.4847182489430734,True,False,False,False,pachytene,91,off_axis,108.5668931889624,8.72
580,5.365428611778105,160.213905535943,90.05291061996802,16.610454018,1.5828179423947035,0.4612342889422398,0.0963998105163429,0.5643512450851901,0.8867059593975115,0.2542484218775047,0.0650619062158449,1.214129572650965,152.8143242964817,0.6501770796995796,0.1708152703761487,False,False,False,False,pachytene,91,off_axis,101.79262571565503,8.72
684,7.100000000000085,164.5765703883473,122.76805106118692,20.778901524,1.705472254678572,0.4524723413863174,0.1104181951577403,0.5004123711340206,0.4379204892966361,0.7431069096910887,0.0696216181246514,1.4515085739164346,167.3235267974616,0.6504245546364079,0.2206544072991514,False,False,False,False,pachytene,91,off_axis,129.00100357016916,8.72
319,3.6464500813293648,168.14154659955682,120.69630071217846,53.35941216599999,2.335469190276415,0.5569525651734295,0.2662540953767747,0.4087120460408811,0.9777846823054218,0.1069257331431791,0.1052888579966229,1.6970156803362926,170.04780869271224,0.6505099891359684,0.6514466553064179,True,False,False,False,pachytene,91,off_axis,129.6043068041195,8.72
668,6.452554477201999,153.3286451931866,109.06726216809976,12.810293658,1.4515215636532923,0.4131111518036989,0.0,0.6046801872074883,0.8366914103923648,0.3498961494037646,0.0860919980486679,0.9896610801031384,152.31228999077007,0.6509334843197638,0.0,False,False,False,False,pachytene,91,off_axis,111.28373179899023,8.72
801,8.030331753554416,153.83290005924022,99.99251957938512,23.758039584,1.7833667455726638,0.3813191153238546,0.1213013602580282,0.6380466007022023,0.941952506596306,0.0949320151646941,0.0339232480756757,0.9661483287615222,149.91359631143075,0.6515775185193465,0.1901136376630328,False,False,False,False,pachytene,91,off_axis,104.54803537748187,8.72
778,8.094638505280274,152.79502420795845,105.97009837530598,11.550610871999998,1.4022930489878038,0.4457757920389926,0.0644497771683236,0.5698057896665445,0.7568238213399504,0.6541974579894199,0.0959204430477175,1.0018360341927917,150.82431083786796,0.6517900704501304,0.1131083227603571,False,False,False,False,pachytene,91,off_axis,108.5089358363369,8.72
581,6.11931430797713,167.23796335833475,123.12741660660336,24.084102726,1.791488207982533,0.3798577968247784,0.1255322071144073,0.4812313491440239,0.6038719285182428,0.8701960075209895,0.0752010297571224,1.9042869024761828,169.96156448031903,0.6523758404345499,0.2608562541440704,False,False,False,False,pachytene,91,off_axis,130.9255112557812,8.72
682,6.620151357768243,157.556813473808,118.86189361923267,15.808197941999998,1.55691386172369,0.4607508532423208,0.0621935483870967,0.6073197578425977,0.9824759751271904,0.2750014326121964,0.1325463422891428,1.1456642839124664,159.4275162355421,0.6525707226006194,0.1024065948521566,False,False,False,False,pachytene,91,off_axis,121.66045622113549,8.72
115,1.3787832804524522,152.94065044833658,112.82530855290516,17.004544722,1.5952379268301045,0.367912815560767,0.0424242424242424,0.5881711043212571,0.4478079331941544,0.7771862381015374,0.0281267952140679,1.3433477246913077,153.13571107745787,0.652772656881524,0.072129083038174,False,False,False,False,pachytene,91,off_axis,114.06301557179582,8.72
131,1.6014954853273309,165.5274740688463,122.59583682985182,33.25374892799999,1.99488256521043,0.4928752821670429,0.2522363220303724,0.3887884267631103,0.910300136425648,0.2455549877237504,0.1384076844102859,2.2828122240887025,168.17078304697708,0.6540812487367857,0.6487752841060276,False,False,False,False,pachytene,92,off_axis,129.44866105328782,8.72
576,5.461651873025313,151.4854681660897,113.31233320294966,15.592386365999998,1.5497964418248655,0.4272604182337897,0.04825,0.6267402153926976,0.5212355212355212,1.1334482116564706,0.1076653103157846,1.1080346908406995,151.90999202032197,0.6541663098558692,0.0769856454316848,False,False,False,False,pachytene,92,off_axis,113.60863273681592,8.72
210,0.7664142245637209,152.29315742508902,106.88824869937486,7.124127785999999,1.1936610712938804,0.4965426407639117,0.0,0.6729888816219751,0.9827213822894167,0.2538609958740504,0.1347345137512824,0.9477005087858822,150.63941040771005,0.654258016635354,0.0,False,False,False,False,pachytene,92,off_axis,108.92489906816496,8.72
318,4.271834956432657,159.76981091747686,121.64748234879278,36.612903024,2.059911293649426,0.4078036904151717,0.1510837619397501,0.5975332684193444,0.9655384615384616,0.3802064269144253,0.1470424870099118,1.2756269965451692,162.40946614851953,0.654329960635555,0.2528457743271973,False,False,False,False,pachytene,92,off_axis,125.2153524757452,8.72
594,6.482020563254551,153.8859245417963,116.24475631649372,26.23752693,1.8433653908009864,0.4090299508270004,0.0699310538905304,0.6650529500756429,0.9484491044124072,0.1762307907215481,0.0420090861758872,1.1940793154017153,155.11628153412238,0.6546681156644575,0.1051511069646056,False,False,False,False,pachytene,92,off_axis,117.3895765037922,8.72
744,7.0720014321516445,157.39388673469358,95.23441734693898,13.103515908,1.4625130287138517,0.5390261367704976,0.0149196633511858,0.6007766990291262,0.990185387131952,0.044756834621494,0.0313684386188034,1.035491037800481,151.78244870544455,0.654939895757293,0.0248339580667767,False,False,False,False,pachytene,92,off_axis,103.41964613565322,8.72
853,8.705472455308316,152.1025691535919,101.69322586647192,12.859554995999998,1.4533797681228753,0.4210142283838015,0.0738255033557047,0.578134845620668,0.7897071872227152,0.713702108445015,0.1290509576560797,1.0046204527054163,148.8116914497291,0.6550100660448468,0.1276959932703033,False,False,False,False,pachytene,92,off_axis,104.73955451018456,8.72
803,8.702543871581979,156.4561820976745,118.67520187729728,17.243814078,1.6026852528965836,0.3826690246225003,0.0759519446141315,0.6399294843543412,0.9225016995241332,0.4814285984029344,0.141822116959876,1.390554403543161,158.3244729197965,0.6552188455949047,0.1186879905850306,False,False,False,False,pachytene,92,off_axis,120.86255917164259,8.72
781,7.748241128157348,158.88246071594503,121.93185341701368,15.137305433999998,1.5345698274855073,0.2978459631179296,0.0632623526979533,0.6301037298609579,0.829733163913596,0.7346986147145793,0.1258415189881096,1.309531103576387,161.6580418026159,0.6554749600471779,0.1003999019525136,False,False,False,False,pachytene,92,off_axis,124.9232078282521,8.72
123,0.796787644787635,161.96056762934435,120.6805716602312,15.188912549999998,1.536311768829563,0.5447104247104246,0.1260005929439668,0.4616689280868385,0.9295317570700048,0.2842647068246731,0.1503535470702424,1.2575721015295906,164.18067939598166,0.6555933358814797,0.2729241351938385,False,False,False,False,pachytene,92,off_axis,125.75249375252524,8.72
758,7.001141868512213,153.352087993079,96.73841288927206,13.558596839999998,1.4792515942658788,0.4378892733564014,0.0829805249788314,0.5943367189904586,0.9153005464480874,0.2690257334350652,0.0904152599422973,1.0536346557734824,148.42594689420986,0.6558720104089698,0.1396187082631918,False,False,False,False,pachytene,92,off_axis,101.78074155032678,8.72
212,0.6845534838076298,157.22466847890152,116.96425507360148,11.95173891,1.4183415620068998,0.5472031403336605,0.0,0.5934113567403554,0.972488038277512,0.2516979038022519,0.1918308177157926,1.287703229343415,158.51090199480504,0.656095748560743,0.0,False,False,False,False,pachytene,92,off_axis,119.93568014906887,8.72
209,1.4892497368816486,150.9197707262064,110.90901880920094,15.601769477999998,1.550107255860138,0.4727108705457825,0.0645505468124832,0.6381522668947819,0.9616580310880828,0.3780792536689281,0.1736580418186905,1.010970831226721,150.6115599379093,0.6560998136344669,0.1011522643750575,False,False,False,False,pachytene,92,off_axis,111.3251449940414,8.72
579,5.415464813205956,157.40805947002525,89.73236802780117,16.199942867999997,1.5696697586432449,0.4781349551114973,0.0953815261044176,0.5979467258601554,0.9540298507462688,0.1121547611364308,0.0266990134416673,1.0942945961041213,150.0515928262093,0.6562214559632661,0.1595150905245109,False,False,False,False,pachytene,92,off_axis,99.53543476153146,8.72
886,9.54581799053113,150.9905193056286,106.1236884271453,13.377971933999998,1.472653442906587,0.4944765912677538,0.1308411214953271,0.5563648976760319,0.8882314266929652,0.3856264159048027,0.1299263749326957,1.0644974249577266,149.16158069500784,0.6563046885118379,0.2351714172512644,False,False,False,False,pachytene,92,off_axis,107.52521708523253,8.72
777,8.92732837778734,151.97538058591846,98.4135564494966,16.094382858,1.5662529656036264,0.4583879900889083,0.0956437089316135,0.589881593110872,0.7638356164383562,0.6108298639432359,0.1265934141383152,1.0176761229753952,147.65132034016506,0.6565801878572637,0.1621405211632645,False,False,False,False,pachytene,92,off_axis,102.14079097944425,8.72
759,8.280092664092807,155.87576349034865,93.10888026254965,15.188912549999998,1.536311768829563,0.4747490347490347,0.092098238120662,0.5927668332843281,0.9253636938646428,0.1642196044680984,0.0435210108915205,1.041677383810524,149.66878309935464,0.6566325405850288,0.1553700931787558,False,False,False,False,pachytene,92,off_axis,100.83583475962988,8.72
217,1.2460766606462017,168.3520565924153,77.75020656231118,11.689011774,1.4078716452436884,0.375476620509733,0.0,0.6606683804627249,0.8769035532994924,0.4399155299939198,0.0971992620286085,1.7552624714108704,156.63239356505312,0.6572089098310439,0.0,False,False,False,False,pachytene,92,off_axis,100.4193386741607,8.72
454,4.559264652347928,162.63879564070092,81.56390566982301,25.775408664,1.832478903277963,0.4609574080815435,0.0993004866180048,0.5954752659125443,0.9632082413539368,0.1499301535985744,0.0600006698805526,1.161959814778057,152.42288744513468,0.6576760014176299,0.166758373189238,False,False,False,False,pachytene,92,off_axis,98.09541526916018,8.72
113,0.6825843952604569,150.81146653252836,113.72550798122067,10.492664993999998,1.3581020327890894,0.2769953051643192,0.0,0.5343228200371057,0.3333333333333333,0.867801048993745,0.0528783617396139,1.2000771813318527,151.40174522616786,0.6579389774281394,0.0,False,False,False,False,pachytene,92,off_axis,113.55828693889588,8.72
596,5.580172413793087,156.97833811576405,121.64150634236329,11.428630416,1.397339255082538,0.3538587848932676,0.0069400630914826,0.6527954256670903,0.8900979325353645,0.6262239100142124,0.1942941751686237,1.1181971400019215,159.76009258354415,0.6579757320945656,0.010631298594641,False,False,False,False,pachytene,92,off_axis,123.58060301143007,8.72
718,9.217361723572994,156.03514552727688,120.68057163915844,37.236879972,2.071547480262658,0.3682751669396498,0.188410488831337,0.5117670522536897,0.9179873217115688,0.5425987416561853,0.1915316893890854,1.539914829239678,158.5609109886434,0.6580556426352986,0.3681567385036336,False,False,False,False,pachytene,92,off_axis,122.2518802952538,8.72
836,8.605825924192942,156.8231384417422,89.79457324520274,20.051710344,1.6853402944620104,0.5211745437529247,0.2130359546241107,0.4180307842658197,0.7681970884658454,0.3552805352262599,0.0884721766037945,1.1919029413416102,149.51656476729664,0.6582350478289779,0.5096178622305583,False,False,False,False,pachytene,92,off_axis,99.15846806261274,8.72
636,5.913283127703769,150.6984174971958,115.54973145329085,14.640000498,1.5175773198056144,0.3388879987181541,0.0275748291303322,0.6381483276781387,0.8916083916083916,0.5328369910008416,0.1258562130071704,1.1554605851380824,151.87285552785795,0.6583326360457924,0.04321068932463,False,False,False,False,pachytene,92,off_axis,114.99416132577188,8.72
783,8.454965591262168,169.58835050192474,125.088920493719,37.15477774199999,2.070023866923586,0.4672643474966854,0.1643889879183997,0.5641147191277553,0.939765755716676,0.2044825557333571,0.0790323862707439,2.180575095421111,172.81256001134176,0.6586769567860885,0.2914105630368607,False,False,False,False,pachytene,92,off_axis,133.92514818874426,8.72
208,0.7545157780195934,150.49320076169775,108.60914798694164,6.467309945999999,1.1557884634913125,0.3344214726151614,0.0,0.6850136239782016,0.8865435356200527,0.6327712663263951,0.1273844768162031,0.9940977085755014,149.47787304886697,0.6587875061250941,0.0,False,False,False,False,pachytene,92,off_axis,109.2155192292455,8.72
615,5.645290858725826,155.1574500000021,92.88688500000129,16.936517159999998,1.593107806427418,0.4209141274238227,0.09775571860164,0.5304950968667783,0.6418918918918919,0.5626004845269948,0.0741420254325875,1.123281797347787,148.9171442296735,0.6590098934186455,0.1842726147310445,False,False,False,False,pachytene,92,off_axis,100.17736910752947,8.72
614,6.31779039180387,154.69489234390306,119.7908654021876,16.943554493999997,1.5933284279239963,0.4678111587982833,0.0596868884540117,0.6355359001040582,0.5879676440849343,1.0303092990403118,0.1098545835118614,1.1383548211735042,157.00773189181157,0.6590420857795486,0.0939158408584613,False,False,False,False,pachytene,92,off_axis,120.7547334622784,8.72
702,6.879023569023668,149.41060707070866,107.10177171717235,13.933921319999998,1.4927769306153436,0.4582491582491582,0.0350824587706146,0.6118707271597266,0.8026509572901326,0.5268856658450211,0.1003384898073898,1.017207434831615,147.97324447532998,0.65921809174822,0.0573363902101767,False,False,False,False,pachytene,92,off_axis,107.35979742136401,8.72
681,6.924911212582495,150.47909530694992,99.31570636732653,27.741170627999995,1.877927080764592,0.495602908844918,0.2411906882076071,0.508466051969824,0.9319033026898196,0.3936271284483702,0.1803936253283316,1.0469052776577683,146.5182243895567,0.659271836567626,0.4743496390235333,False,False,False,False,pachytene,92,off_axis,101.87183420997896,8.72
737,7.520588235293985,153.3566475829935,118.18508723063664,16.110803303999997,1.5667854460117796,0.2909143855562026,0.0558355951919348,0.5679671457905544,0.4866920152091255,0.9669940624682888,0.0790344950663286,1.273714572241084,155.22944356393322,0.6595119935425451,0.0983077905223147,False,False,False,False,pachytene,92,off_axis,118.67246382251457,8.72
125,0.3417820069204144,162.20239022491404,81.68255813148863,5.423438736,1.0899218935379014,0.472318339100346,0.0,0.5475409836065573,0.949346405228758,0.2627240477756589,0.1105092514404448,1.1926819359548058,152.0466093451837,0.659611310009062,0.0,False,False,False,False,pachytene,92,off_axis,97.82765314479306,8.72
126,2.637664948003156,160.22142203967647,123.63806912959778,53.685475308,2.3402166472933192,0.4894258498645459,0.2106329798013916,0.5150192554557125,0.9760949783410876,0.2733316755266918,0.1542019272807286,1.5374115740846173,163.4688511309273,0.6599253904566561,0.4089807858057928,True,False,False,False,pachytene,92,off_axis,127.09038103142434,8.72
418,4.00882299103065,151.63463031301484,117.45397671609076,12.814985213999998,1.4516987405319095,0.4579901153212521,0.0370731707317073,0.6136440391759541,0.8585209003215434,0.2885605837296501,0.0569652563509257,1.2255311958420707,153.3644721955681,0.6601857785806095,0.0604147818032941,False,False,False,False,pachytene,92,off_axis,117.09473187382947,8.72
317,2.9932196295908167,150.48205109343905,115.19231988071466,22.418600346,1.7492019864571515,0.2840849639008057,0.0922117553403211,0.6550716164864074,0.4314345991561181,0.7065298745711549,0.0722124169431693,1.2150913426365375,151.55434097301566,0.6602629463547637,0.1407659147787766,False,False,False,False,pachytene,92,off_axis,114.57701637682506,8.72
401,4.520006127451005,148.7791323988986,113.4890431985297,15.313238784,1.5404921223111283,0.3072916666666666,0.0539748953974895,0.6311366651923928,0.4637883008356546,1.0955028450864337,0.037291561412958,1.4059471676157589,149.3992802015576,0.6603099361959938,0.0855201390986152,False,False,False,False,pachytene,92,off_axis,112.21035368788552,8.72
617,7.089195651192788,160.56396187576277,125.3651280958186,51.99886092599999,2.315448221333271,0.5502323273334235,0.2656157925751325,0.4600802407221665,0.9627566449148496,0.2187841401860157,0.1379637980967069,1.8405359343577896,164.34124569903548,0.6606529729129117,0.5773249295779532,True,False,False,False,pachytene,92,off_axis,128.6926148632756,8.72
776,7.755973198234865,149.57994587351013,103.0963965026948,14.353815582,1.5076235667584137,0.3681974178787384,0.0517537404954623,0.5938954992240041,0.8393839383938394,0.5017576459646584,0.1301164005260636,1.1696526306911863,146.86403658644696,0.6610463384813365,0.0871428400502863,False,False,False,False,pachytene,92,off_axis,104.26551758602753,8.72
717,7.249898908208727,155.50520228467568,122.66264702790087,11.602217988,1.4043783871334417,0.3194500606550748,0.0464589235127478,0.5998217468805704,0.4645669291338583,0.8933671739174494,0.1069851566867362,1.1877967189966376,158.68667522446216,0.6619111657473352,0.0774545500465127,False,False,False,False,pachytene,93,off_axis,123.57881473181499,8.72
719,7.554017857142859,157.88603217474386,124.7705271524248,14.712719615999998,1.520085850387824,0.3732461734693877,0.0543661294202549,0.635207326380056,0.5968586387434555,0.8756724877494295,0.0648662395335952,1.269257043749191,161.61294836217235,0.6619263574547616,0.0855880075094202,False,False,False,False,pachytene,93,off_axis,126.66511683377931,8.72
122,2.4428160200249525,159.05638086983336,84.13869018773373,37.48553243999999,2.076148233576725,0.6041301627033793,0.2339549527730685,0.5120139108441353,0.9837758112094396,0.1944461595299803,0.1448764387612552,1.3707439819517462,149.8415418849757,0.6620926737135943,0.4569308524984352,False,False,False,False,pachytene,93,off_axis,96.97853273689364,8.72
378,2.9989273525109863,148.67065992199102,114.40772925402202,4.811190677999999,1.0472603311204365,0.2764505119453925,0.0535714285714286,0.4305929919137466,0.6532663316582915,0.9335780690428814,0.1668884999082065,1.202408894715274,149.58765128399637,0.6625060947691818,0.1244131455399061,False,False,False,False,pachytene,93,off_axis,112.91104772564421,8.72
578,5.928347151173036,156.4724475039694,123.738853695538,13.298215481999998,1.4697210651881922,0.2792379608396542,0.0,0.6140479686735193,0.7123287671232876,0.9732122422174164,0.1050949009985355,1.2604195800038556,159.94521304392205,0.6626524025395129,0.0,False,False,False,False,pachytene,93,off_axis,125.0133161270747,8.72
404,3.524722384570316,160.33138784336768,81.30985926359014,12.040878474,1.421858967218946,0.510812390414962,0.0244755244755244,0.6288331342094783,0.9705882352941176,0.1705150119968042,0.0916589882838776,1.0025390912964562,150.153964157502,0.6631145715783053,0.0389221291691209,False,False,False,False,pachytene,93,off_axis,96.1367805217805,8.72
207,1.1190926275992434,147.6688811594198,109.9526611846238,11.168249058,1.3866456503643354,0.3285024154589372,0.0,0.6868939630903973,0.5053763440860215,0.8184879912794232,0.0836902302560181,1.0759043476576984,147.22517138817892,0.6633944793400951,0.0,False,False,False,False,pachytene,93,off_axis,108.66630417516538,8.72
450,4.631586159643715,147.25453422404777,112.13921459404118,13.694651963999998,1.48418303621868,0.4045906132237067,0.0091220068415051,0.6470080552359033,0.8151785714285714,0.5143431584030226,0.0896336410228354,1.2414460218123071,147.52539410432706,0.6637283282324259,0.0140987531263102,False,False,False,False,pachytene,93,off_axis,110.23830833038114,8.72
834,8.668307468477238,148.49466263336643,112.323486808925,19.347976944,1.6653888421640248,0.430286129970902,0.0977342549923194,0.5279846775909768,0.9030261348005502,0.524169481363911,0.1249006046701752,1.5066334346074317,148.75997166021978,0.6637854731781128,0.1851081274522004,False,False,False,False,pachytene,93,off_axis,111.08709419278914,8.72
118,1.2693480101608996,156.51293164267636,121.3828509144778,27.70363818,1.8770797840139604,0.4441998306519898,0.1105691056910569,0.5897318708104814,0.9355699580632864,0.101101681699053,0.0560453886839634,1.2501800590008434,159.2366926573289,0.6638261897268304,0.1874904700997411,False,False,False,False,pachytene,93,off_axis,123.10118013097626,8.72
873,9.356853178838326,147.56828548559153,103.9941214514406,15.385957901999998,1.542926755767624,0.4255221832596432,0.0918293564714388,0.5642250530785563,0.928341384863124,0.310051344465128,0.112648486880813,1.17992147262672,145.24074751774546,0.664048921306671,0.1627530645269904,False,False,False,False,pachytene,93,off_axis,103.76566235596081,8.72
872,9.089396087326236,147.02627755883034,107.27813561100164,16.547118012,1.5808036074297274,0.4520839240147434,0.1038720148388592,0.5208279430789133,0.6606104651162791,0.6747724056611144,0.0725406361819236,1.3376941532425155,145.767818995473,0.6646260209787634,0.1994363325147495,False,False,False,False,pachytene,93,off_axis,106.10706495678723,8.72
337,4.003299679881724,149.93410955429687,118.76873776163627,19.052408916,1.6568648894355862,0.3883279980300418,0.0927684441197954,0.5295893719806763,0.2809839167455061,0.9591092054146664,0.1444640025159301,1.644751011967523,152.16848475438917,0.6647856271291906,0.175170517060868,False,False,False,False,pachytene,93,off_axis,117.2442242784291,8.72
851,8.618922852983902,148.50917314410734,96.71983464337586,9.669296916,1.3216062861661464,0.41072295002426,0.0213537469782433,0.5850144092219021,0.5,1.0541771722078357,0.0597560967222069,1.0381461676198047,143.82695648696173,0.6648622135867506,0.0365012325194602,False,False,False,False,pachytene,93,off_axis,98.6157570734647,8.72
715,7.6077975729408145,151.89521006971225,120.54002517428316,18.170396388,1.630892231686714,0.3235218177123676,0.0798946444249341,0.5297709923664122,0.3984732824427481,0.7998021684539962,0.0415104948379378,1.4349526789495803,154.58997066802306,0.6650814905519365,0.1508097754995153,False,False,False,False,pachytene,93,off_axis,119.80205026702671,8.72
211,0.6923132969034661,154.44933256830717,88.87437300546475,6.439160609999999,1.1541091462500044,0.3497267759562842,0.0,0.5266106442577031,0.7951070336391437,0.564283848256498,0.1148638912308008,1.4090835182810035,146.97347977299674,0.6652066485903924,0.0,False,False,False,False,pachytene,93,off_axis,96.8203132948397,8.72
852,9.031254419459591,147.36753640220522,101.10908523546884,16.586996237999998,1.5820724904206518,0.3869325413661434,0.0883280757097791,0.5940023068050749,0.7807570977917981,0.7828209111391309,0.1307444957131293,1.0065832792374645,144.135719730431,0.6652433937406356,0.1486998866803467,False,False,False,False,pachytene,93,off_axis,101.34105070616182,8.72
400,4.600763701707132,147.3674127021569,116.04657590970102,20.886807312,1.708419357599523,0.3835354896675651,0.081185135587546,0.5818910548369466,0.8274647887323944,0.397720707235786,0.0760213878419936,1.4887140740656604,148.87118849309687,0.6660676502808734,0.1395194769067126,False,False,False,False,pachytene,93,off_axis,113.56292026951019,8.72
501,5.231038219781801,148.18012721624365,102.09142335813804,32.467913298,1.9790431165137352,0.5443970811357561,0.0944859276278001,0.6457342213764669,0.9990807133664276,0.190938847764624,0.1424194384180487,0.9985849715015878,145.21782190001198,0.6662556677165998,0.1463232464687887,False,False,False,False,pachytene,93,off_axis,102.61503884379229,8.72
799,7.688256048387096,148.7496951864935,94.90188712197632,9.308047104,1.3049383295041102,0.3308971774193548,0.0,0.6154425612052731,0.3101604278074866,0.7751844316057733,0.0735345546629013,0.9972783950016598,143.47873334019403,0.6665775360865395,0.0,False,False,False,False,pachytene,93,off_axis,97.3759697817028,8.72
134,1.426260504201701,168.44209566176528,73.29114904411702,22.33180656,1.7469417173509032,0.4286764705882353,0.0558930741190765,0.62566648280934,0.8120805369127517,0.3884030615325642,0.0866767298817092,2.4563114629608016,155.3041470105598,0.6667608054955119,0.089333655637278,False,False,False,False,pachytene,93,off_axis,98.02894713579165,8.72
109,1.4531413612565167,147.57256313263494,116.6288464659673,16.129569527999998,1.56739355220364,0.3238801628853984,0.0,0.6562701656270166,0.1848958333333333,1.0741026794116495,0.0648941154497497,1.5295031323114243,149.25035197554763,0.6673920468507112,0.0,False,False,False,False,pachytene,93,off_axis,114.16341513619716,8.72
738,7.828623232200998,153.20140516136763,123.69803980418438,19.406621394,1.6670697638530914,0.3031548410491962,0.0642752799870151,0.5549002601908066,0.56957928802589,0.7059320113055163,0.0730706615214318,1.6676998998460535,156.82996324240742,0.6673991191789225,0.1158321316427452,False,False,False,False,pachytene,93,off_axis,123.15794263073285,8.72
577,5.693493837775919,155.50166569217677,125.9528534393816,16.368838884,1.5751058877791149,0.3195758096875896,0.006694560669456,0.6381634372367313,0.674074074074074,0.9374288439007212,0.0665431865811535,1.617632612105664,159.72640493882906,0.6675462952819262,0.010490354474778,False,False,False,False,pachytene,93,off_axis,126.30627452962949,8.72
112,0.8212382739212053,148.98272228893217,118.04956018761894,6.251498369999999,1.142786683330444,0.324577861163227,0.0,0.5066666666666667,0.4961832061068702,0.7522738001105566,0.0880517814332309,1.3488478226438296,151.03817470097863,0.6679901336589609,0.0,False,False,False,False,pachytene,93,off_axis,116.12221301737601,8.72
502,5.044960212201597,152.92482468501225,124.20377959217716,14.149732895999998,1.500444298126101,0.269893899204244,0.0,0.6691643960036331,0.1723163841807909,0.8222022172703342,0.0381134854883122,1.5616251955689229,156.7279828483041,0.6683014488599348,0.0,False,False,False,False,pachytene,94,off_axis,123.43060787417842,8.72
832,7.83846662260409,146.67780740251047,97.57853859880876,10.647486342,1.3647491341717628,0.302048909451421,0.1284731774415406,0.4564393939393939,0.5,0.8924123250634732,0.1362803429745056,1.085393566367678,142.362291141301,0.6684267575499715,0.281468206178977,False,False,False,False,pachytene,94,off_axis,98.13194154403496,8.72
215,1.1474386339381075,163.96670566968942,74.83006993063108,17.583951887999998,1.613154482150767,0.4142209178228389,0.0,0.6173992256889091,0.9487534626038782,0.3027074333526046,0.1095976062314395,1.5058386517211784,151.5474923534192,0.6684855037306038,0.0,False,False,False,False,pachytene,94,off_axis,95.15153154953252,8.72
500,4.650169109357372,146.91188032694296,101.09145676437444,4.161410171999999,0.9978164015885312,0.4904171364148816,0.0474183350895679,0.2234513274336283,0.8143074581430746,1.0044510530762123,0.2629768738736011,0.8835670499299739,143.69797926730791,0.6690906362505264,0.2122087867374724,False,False,False,False,pachytene,94,off_axis,101.0505723881526,8.72
866,9.075800446760915,146.37319965748122,99.31463204765612,15.75189927,1.555063420090885,0.3938942665673864,0.1236003445305771,0.562899262899263,0.7947454844006568,0.701957204162853,0.1160251191143749,1.0532766318447222,142.6237844055825,0.6691908513040696,0.2195780891486027,False,False,False,False,pachytene,94,off_axis,99.31231566757546,8.72
106,1.6390776325903134,144.86339524980687,109.4991249039182,15.25928589,1.5386807961269393,0.2405841660261337,0.0,0.6746963562753037,0.25,0.8805122989198821,0.0335659823805902,1.4106125572904895,144.42061892180686,0.6694105729395481,0.0,False,False,False,False,pachytene,94,off_axis,106.71441317628498,8.72
107,0.504604604604606,145.05565405405332,106.5851415915922,4.686864443999999,1.038160724006918,0.4309309309309309,0.0240343347639484,0.5620052770448549,0.3,0.4950404290033197,0.0343377380209593,1.367208472857583,143.67914931260952,0.6697696173453849,0.0427653186644904,False,False,False,False,pachytene,94,off_axis,104.4101373114474,8.72
701,6.984763741562255,145.0080212994207,112.5693645853445,19.460574288,1.6686132235773503,0.4490115718418515,0.1560192023633677,0.4896084007875738,0.9083916083916084,0.1545125266573976,0.0611808086166558,1.518714677527498,145.531133171975,0.6701495507131129,0.3186612037546711,False,False,False,False,pachytene,94,off_axis,109.36192046242772,8.72
871,9.27247600767765,145.8625142418419,95.97880669865606,12.221503379999998,1.42893346598406,0.345489443378119,0.0733695652173913,0.5178885630498534,0.7962648556876061,0.7185606169777085,0.0886917446947627,1.1900780769370438,141.0818955976803,0.6709077391259411,0.1416705647742381,False,False,False,False,pachytene,94,off_axis,96.37239937487288,8.72
743,6.794254143646524,157.1298771823203,79.37478524861876,12.73757454,1.448769773267399,0.4703499079189687,0.1183323114653587,0.588317107093185,0.9756277695716395,0.3012218822670396,0.1410954247661719,1.1063989867798851,146.50412797445222,0.6712331628774519,0.2011369549493922,False,False,False,False,pachytene,94,off_axis,92.43343859717758,8.72
881,9.233622183708896,144.35192164802322,103.01370756262644,14.888652966,1.5261208741775902,0.5241846541673232,0.0470179867466077,0.5774834437086093,0.9813857290589452,0.1896370438370196,0.0757677538278309,1.2707092486406255,141.87947725865905,0.671249274258834,0.0814187614534147,False,False,False,False,pachytene,94,off_axis,101.08160321534581,8.72
116,1.8508435136707184,152.48860506108028,123.75172927574344,16.129569527999998,1.56739355220364,0.3471495055264688,0.0,0.646246380040098,0.4107981220657277,0.899446104562226,0.0517431184743997,1.6052382953769522,156.17095283457397,0.6712569927629136,0.0,False,False,False,False,pachytene,94,off_axis,122.81400947230429,8.72
219,0.6886277987142507,170.10808962535967,71.38801808911508,10.581804557999998,1.3619370741211754,0.4839281755708269,0.097324544397053,0.570446735395189,0.5691367456073338,0.4465653969530542,0.06257237950067,1.3589972458074115,156.2808595903435,0.6713830519261123,0.1706110989129063,False,False,False,False,pachytene,94,off_axis,98.44443288618362,8.72
833,7.946122887040481,148.19386106788554,91.4334445935054,8.742714606,1.2779657973128278,0.3238529648510866,0.0,0.5412698412698412,0.5389408099688473,0.851723519636647,0.0820918175027542,1.0872396216672269,141.85198154427877,0.6718348092901649,0.0,False,False,False,False,pachytene,94,off_axis,94.38943384678566,8.72
379,3.4357311965032644,157.48640449826934,77.53984152249089,12.880666998,1.45417468884734,0.4225095610999818,0.0,0.6259854935351624,0.9238440616500452,0.4437271694117307,0.1264964138989675,1.089638179206554,146.26053789550178,0.6718712428646004,0.0,False,False,False,False,pachytene,94,off_axis,91.5579757861267,8.72
499,4.816682676913231,144.2040335254569,109.32546887607916,14.651729387999998,1.5179824825010193,0.3381364073006724,0.0,0.6521528785679729,0.5852047556142669,0.8746135764289463,0.1111832709047353,1.6611606332041762,143.74021571960208,0.6721123378701572,0.0,False,False,False,False,pachytene,94,off_axis,106.20550167990692,8.72
449,4.804800314774827,143.76756819791572,106.43795589219032,23.847179148,1.785594344243936,0.4066496163682864,0.1771927431455463,0.4273872679045092,0.6518324607329843,0.4921500135906079,0.0590985983115688,1.7940571004141996,142.41084554268906,0.6721620437063827,0.414595277988338,False,False,False,False,pachytene,94,off_axis,103.56184812954194,8.72
760,7.311832460733026,159.23595084816708,76.36653725654504,11.201089949999998,1.3880034912756418,0.4414659685863874,0.0625659050966608,0.5688038995125609,0.8957934990439771,0.2306264122274463,0.0767682866198335,1.0343791435349012,147.5478676205046,0.672216432773739,0.1099955628825276,False,False,False,False,pachytene,94,off_axis,92.22186879580696,8.72
130,1.0243989769821036,165.03339817135424,71.44549615089457,18.34398396,1.636069257878753,0.4400255754475703,0.1437231130230739,0.5419045444165335,0.8587429993777225,0.243610205372861,0.0700437178673442,1.3564831896935423,151.48616030847774,0.6724630249632589,0.2652185048158621,False,False,False,False,pachytene,94,off_axis,94.16267632588536,8.72
870,8.640247040658801,146.3990816263497,93.41881080803032,9.115693308,1.2958866980323198,0.2712300566134843,0.0,0.5737994350282486,0.2927927927927928,1.080911145797489,0.0072778942373391,1.1560880494483652,140.77919747337984,0.6726119793421727,0.0,False,False,False,False,pachytene,94,off_axis,94.7278667233191,8.72
399,4.506201930002117,144.66400783235235,100.19513248163874,81.43368326999999,2.688882490257359,0.6271928561140717,0.2006670372429126,0.552078504095194,0.99968158950519,0.0649478554649555,0.0540827452091456,1.0309900689793063,141.28190089416938,0.6728801060799581,0.363475548775056,True,False,False,False,pachytene,94,off_axis,98.98422095414475,8.72
855,8.957522123893867,157.37886142633977,79.1322711608523,13.518718614,1.477799923466597,0.4657296546937359,0.0384134915677701,0.6316986034426761,0.96928529238039,0.411393568811911,0.2134452915498085,1.2635004305542863,146.66338526783053,0.6732439685885082,0.0608098408931436,False,False,False,False,pachytene,94,off_axis,92.47233619396967,8.72
475,4.803237760873767,149.64170310122927,124.09523920421408,12.026803805999998,1.421304744217088,0.3198751706651063,0.0356747787610619,0.5176369371952968,0.4510869565217391,0.858980349824699,0.0751243441709745,1.9116021236903515,153.57980577451792,0.6736120294213891,0.0689185338170764,False,False,False,False,pachytene,94,off_axis,121.58238510767356,8.72
835,8.293420755143643,154.0772322405627,82.55518256839285,10.375376093999998,1.3530226898273874,0.4612254126158716,0.0,0.5908518673940412,0.9266917293233082,0.3160236157768514,0.069777895928883,1.1557001426129998,144.61722042690985,0.6748174421641532,0.0,False,False,False,False,pachytene,94,off_axis,92.20081851846699,8.72
133,1.72018040696449,167.05217635305647,69.62956754248158,44.72929490399999,2.2020870399815875,0.4697923222152297,0.2041876574307305,0.5089020771513353,0.9576373759380296,0.0842955441659461,0.0295355596739335,1.2180122196423602,152.8251047680618,0.6748371248798196,0.4012317233478495,True,False,False,False,pachytene,94,off_axis,94.91937930985549,8.72
745,7.592200898325927,165.27992897100668,73.00277909350623,11.489620644,1.3998205347530703,0.6031033074724377,0.2666918144096567,0.2608024691358024,0.7315202231520224,0.5345639867769333,0.1299391146372555,1.727151931542296,152.21367475399438,0.6753984092925882,1.022581631582589,False,False,False,False,pachytene,95,off_axis,95.21747121166568,8.72
884,8.93986405437835,151.28494552179043,83.84786491403365,11.733581556,1.409658763761597,0.4940023990403839,0.030639601685178,0.5073093638877914,0.9075907590759076,0.2719638557204611,0.0888108543655218,1.0624389239318195,142.37878453666195,0.6756393767694446,0.0603962864993658,False,False,False,False,pachytene,95,off_axis,91.04310053951723,8.72
883,8.916388756550747,149.3785408527882,86.23017298713732,9.847576043999998,1.3296793104958378,0.4111481657932349,0.0115953618552578,0.6007281553398058,0.583989501312336,0.7588364152565474,0.0661018782471374,1.094764962573472,141.32597449183987,0.6759105036079407,0.0193021781186515,False,False,False,False,pachytene,95,off_axis,91.37456685224345,8.72
294,2.5927542463986084,161.54111594280897,72.42996188991452,21.820426956,1.7335041203434536,0.5664373253063857,0.1781128999388628,0.4683858170096702,0.9700578428036748,0.1497323353104201,0.0823539788910475,1.3612337602937898,148.48612414072176,0.6759267494819169,0.3802696270266986,False,False,False,False,pachytene,95,off_axis,91.79290894322051,8.72
111,1.5325591916754635,149.75276819484398,124.16661146131986,15.554853918,1.5485519372460337,0.3376564620720856,0.0,0.663023679417122,0.3143989431968296,0.7836026790182483,0.0237546928520878,1.7213350389201068,153.70776867175562,0.6760174761849492,0.0,False,False,False,False,pachytene,95,off_axis,121.70149180750194,8.72
716,6.7297342540280365,154.89583138732132,79.57935668549831,11.210473061999998,1.388390958248459,0.3379368068633606,0.0081504702194357,0.6128318584070797,0.7758887171561051,0.5724682712380788,0.0760612164145888,1.1424257810552296,144.4501766086173,0.676035898139425,0.0132996842569853,False,False,False,False,pachytene,95,off_axis,90.85163513720924,8.72
892,9.346631706333037,146.29534465510116,91.34589493747283,11.630367323999998,1.4055132388492029,0.3840258168616377,0.0530232558139535,0.5117878192534381,0.5892857142857143,0.7911555983947721,0.1483743471778666,1.0949918651269843,140.02364155927467,0.6764814013029546,0.1036039816096059,False,False,False,False,pachytene,95,off_axis,93.07763162763402,8.72
248,2.3349522623495367,156.24549794520652,75.99369190535573,11.301958404,1.3921574797204694,0.4672063096720631,0.0,0.6166731593299571,0.9344978165938864,0.181997110874605,0.0572275968801497,1.0859973458739878,144.59347058975007,0.6767238582669438,0.0,False,False,False,False,pachytene,95,off_axis,89.62612733114352,8.72
595,5.401159768046474,155.2076513497323,77.85026718656184,11.731235778,1.4095648178257132,0.376124775044991,0.0,0.6371794871794871,0.662777129521587,0.6369640183322602,0.0857611245195724,1.108473685654576,144.1977439710756,0.6769404557391969,0.0,False,False,False,False,pachytene,95,off_axis,89.98044923714426,8.72
121,1.24674039580908,158.77812254074425,74.30864554714826,16.120186416,1.567089558101329,0.5259022118742724,0.0868834080717488,0.5230202578268877,0.9835371589840076,0.1865463757430723,0.1153879588240662,1.266154143620321,146.46124868511995,0.6771169919924148,0.1661186288132382,False,False,False,False,pachytene,95,off_axis,90.62419386300948,8.72
837,9.00037412314878,157.36796974278977,77.28208653156649,15.048165869999998,1.5315516708697974,0.3961028838659391,0.0558128198878868,0.6032524522457409,0.8761261261261262,0.5937412993460511,0.1448512462457697,1.1723789053263671,146.06649715214954,0.6772044035267403,0.0925198392150936,False,False,False,False,pachytene,95,off_axis,91.30512982665438,8.72
742,7.224922958397442,156.88498197226502,75.27949270030967,12.179279375999998,1.427285962448643,0.3364791987673343,0.0689189189189188,0.6124818577648766,0.4581993569131832,0.7016145701880099,0.0182904732847647,1.1279326047643747,144.97354747935867,0.6777622817208128,0.1125240169079031,False,False,False,False,pachytene,95,off_axis,89.69335227692797,8.72
638,5.842914979757071,158.49309230768978,74.34392307692349,11.008736154,1.3800122809512947,0.2951203920733006,0.0,0.6197097944377267,0.5289719626168224,0.9362750083323144,0.0460088541464062,1.1400662538187505,146.20210521944205,0.6777969580211803,0.0,False,False,False,False,pachytene,95,off_axis,90.415574085775,8.72
654,6.6470963879466085,159.86938670924147,73.90920640590676,11.754693558,1.4105037142718684,0.5178607064458192,0.062475746992627,0.6005794701986755,0.9820987654320988,0.1130280447878214,0.0655553929890815,1.1916713276528346,147.3695887402094,0.6778301203148177,0.1040257785900667,False,False,False,False,pachytene,95,off_axis,91.27236140665545,8.72
893,9.199018748904988,148.4442500438064,88.63166110040363,13.387355045999998,1.4729976615699514,0.3411599789731908,0.1225204200700116,0.4739361702127659,0.8013937282229965,0.586986788134725,0.0824791553797318,1.22156467526241,141.2012139108456,0.6784244804341006,0.2585167112588348,False,False,False,False,pachytene,95,off_axis,92.47686027490509,8.72
740,7.259358879881935,155.1372160832738,76.56911755711135,12.732882983999998,1.4485918791382448,0.4137803979366249,0.0970488081725312,0.5119421747328724,0.6238095238095238,0.6956442899067163,0.0724953500301995,1.1317912918469786,143.724783127092,0.6786643079600787,0.1895698634775902,False,False,False,False,pachytene,95,off_axis,89.11679429896195,8.72
800,8.465686274509723,153.64891437908466,80.73401247276826,12.920545223999998,1.4556738390727637,0.4114015976761075,0.1059018201875344,0.5308451573103022,0.8684444444444445,0.6539506177901261,0.1761820917553377,1.2040161774464484,143.63363680185716,0.6788379267843989,0.1994966304752973,False,False,False,False,pachytene,95,off_axis,90.66701509768681,8.72
293,3.4508957952466908,157.92543586837235,73.77853354661778,12.831405659999998,1.4523185192839392,0.2859232175502743,0.0,0.6579621095750128,0.5567928730512249,1.0555037756430854,0.052710732784325,1.2879535846142125,145.48448677693082,0.679974968309746,0.0,False,False,False,False,pachytene,95,off_axis,89.62318761152191,8.72
135,2.234677893087945,171.15704856079356,67.16471446054334,47.91955298399999,2.2532430988456382,0.6307519091443117,0.2840056953013763,0.2579875381148084,0.9572058823529412,0.116563609027665,0.092163880750783,1.399631438948603,155.9368088294883,0.6812047156068921,1.100850441756568,True,False,False,False,pachytene,95,off_axis,97.25615996888646,8.72
757,7.165812379110262,152.48234136847066,80.05802560444896,9.702137808,1.3231008341283328,0.4596228239845261,0.0358067299396031,0.5874720357941835,0.8905660377358491,0.4559207934664889,0.1440930780420157,1.0310527349334182,142.3129336405699,0.6813833023413186,0.0609505265917844,False,False,False,False,pachytene,95,off_axis,89.34576418080627,8.72
508,5.755140501430167,171.91495166582447,69.11534520444414,27.881917308,1.8810976542010565,0.392394413595827,0.1703618609994256,0.3882581002492384,0.3832684824902724,0.8582498142458798,0.0366786130431906,1.944738297131659,157.27401906046816,0.6816234193537463,0.4387850785085063,False,False,False,False,pachytene,95,off_axis,98.86375864536525,8.72
598,7.007636950342394,165.74235106410777,69.67209396368885,91.595593566,2.7963744410954314,0.6066279099546701,0.3124132682752137,0.4867838541666666,0.988630174291939,0.1417225704345792,0.155198572008515,1.5314652125714974,151.59632680215483,0.6821234996180519,0.6417905310562102,True,False,False,False,pachytene,95,off_axis,93.82196720646083,8.72
616,6.283170420739478,159.31553657033473,71.75749500637404,11.039231267999998,1.3812853557331577,0.3555036124096897,0.0,0.6231454005934718,0.6576433121019108,0.6665539021914278,0.0884930844411585,1.1453881037288605,146.16215774670658,0.6823236529042985,0.0,False,False,False,False,pachytene,95,off_axis,89.5785330173423,8.72
539,5.853586350974933,153.29580297701793,76.15124681406749,13.474148832,1.476174085527091,0.3892757660167131,0.0190156599552572,0.5826681870011402,0.4272189349112426,0.907199819877484,0.0647080605433691,1.084931721056299,141.84588019916822,0.6824987800542242,0.0326354868508034,False,False,False,False,pachytene,96,off_axis,87.42462461371751,8.72
885,9.222156003505775,151.33828711656352,80.22026834355957,13.38266349,1.4728255723503738,0.5295354951796669,0.1050350116705568,0.5823397913561847,0.9564980967917346,0.2888519697737077,0.1783734630659699,1.0496614007503369,141.2793289609736,0.6827716704661744,0.1803672241354924,False,False,False,False,pachytene,96,off_axis,88.60339066753556,8.72
802,7.357854035766029,154.96693586273742,73.77569782503647,4.853414682,1.050315069854558,0.3272112131464475,0.1001939237233354,0.3548850574712643,0.3407079646017699,1.2350187340999772,0.0940645220468001,1.0819739294385875,142.67769740179153,0.6829856785100178,0.2823278174552286,False,False,False,False,pachytene,96,off_axis,87.25620897325385,8.72
232,3.220527080831689,161.9696279340234,67.97894424571808,37.11724529399999,2.0693266103526438,0.489224546546167,0.1614442830462751,0.5712694877505567,0.9876081365443068,0.1676291760042506,0.0805015897800553,1.2976684889603356,147.48143976399146,0.6834221338316854,0.2826061718821736,False,False,False,False,pachytene,96,off_axis,89.72200766528253,8.72
129,1.2102624983511416,164.79441428571138,66.02717142856996,17.783343017999997,1.6192289704661302,0.3870201820340324,0.0551037006913379,0.5883365612222939,0.6720554272517321,0.4859341847821146,0.0565834383168891,1.7566016205072743,149.54174944740888,0.6840002052945361,0.093660167195555,False,False,False,False,pachytene,96,off_axis,91.14702771613644,8.72
876,9.28897435897442,164.11965971153717,69.529224807693,7.318827359999999,1.204437580773538,0.494551282051282,0.1925243215565796,0.4026632847178186,0.8978201634877384,0.5119674730859958,0.1699528180991109,1.4191710057198554,150.0120461012378,0.6840356622180095,0.4781273308578363,False,False,False,False,pachytene,96,off_axis,92.3665101094612,8.72
779,7.1632274437734855,156.5049678393284,72.3535174061415,26.805205206,1.856565071809488,0.5193839152883521,0.1650957737914259,0.5535324107793154,0.7942668696093353,0.7446361500998773,0.2870799347387346,1.1866357437653885,143.6855229635301,0.6840776933379271,0.2982585492310892,False,False,False,False,pachytene,96,off_axis,87.63504102309896,8.72
124,0.702360515021464,161.2124981974269,67.58826373390534,10.931325479999998,1.376770035966818,0.4701716738197424,0.0,0.6285945727014985,0.9771473601260836,0.1222280198912653,0.0562794980171669,1.6535063458374688,146.6395091653871,0.6841019249144167,0.0,False,False,False,False,pachytene,96,off_axis,88.8727175304074,8.72
476,4.286369481354504,156.4478682383199,72.82643480497093,10.945400148,1.3773606709753348,0.4736390912987569,0.1130371975442398,0.5708469055374593,0.964451313755796,0.3014256546565075,0.1652543116753986,1.4003778522152903,143.78129628483669,0.6841397520281213,0.1980166598920491,False,False,False,False,pachytene,96,off_axis,87.8688770331617,8.72
874,8.520376508020782,152.86463879093037,75.53068564231872,17.694203453999997,1.616518958756128,0.4234389500198859,0.1331472991827785,0.5536905035640377,0.700587084148728,0.940608248416331,0.1242438342010716,1.0813649880145535,141.24022237545486,0.6846535389090252,0.2404724269708903,False,False,False,False,pachytene,96,off_axis,86.69780433016189,8.72
419,3.856939214631504,157.57310652232374,70.50044540075329,17.443205208,1.608838906470574,0.4240182894029047,0.0875585854282062,0.6042493579266869,0.7404580152671756,0.7667899805390573,0.1174874894291301,1.3056751745826385,144.11108973201834,0.6857487043589756,0.144904722329601,False,False,False,False,pachytene,96,off_axis,87.43034479168534,8.72
540,5.208276020174116,167.64723308115694,65.79179068087922,20.464567272,1.6968286387364078,0.5409215955983494,0.3238223873037312,0.3348314606741573,0.93008803728638,0.396891631389813,0.204412117739525,1.969454296399708,152.17278798923223,0.6860078814962947,0.9671205526856403,False,False,False,False,pachytene,96,off_axis,93.5183049518845,8.72
360,3.637709278673084,163.30521583476664,65.67175756532524,14.991867197999998,1.529639320922865,0.4647160068846816,0.0923321836030777,0.6100555393159894,0.9785144260282382,0.1503984519531456,0.0767779984023627,1.4427788594355897,148.0166932383406,0.6865204125137176,0.1513504552497024,False,False,False,False,pachytene,96,off_axis,89.67954631137219,8.72
703,7.670604699123703,158.28212112395795,70.25826297414835,31.848627906,1.9663796566653404,0.5550563452898284,0.2516105054509415,0.5161397119682172,0.7849588719153937,0.5569711456225258,0.1313001160260306,1.2588055469500858,144.70675257659883,0.6866264305214267,0.4874852672960673,False,False,False,False,pachytene,96,off_axis,87.87688562537798,8.72
823,7.947216133274732,161.3519728408624,69.49956648399922,10.701439236,1.3670504017330496,0.5118369136343709,0.2473808719161878,0.3331836551414459,0.6518847006651884,0.6107867936870494,0.1079864763202556,1.116017729652438,147.37772357578694,0.6866870058309761,0.7424760131500678,False,False,False,False,pachytene,96,off_axis,90.01374167999181,8.72
637,5.98685025817543,151.0808673149735,75.95873075731559,13.628970179999998,1.481806438019604,0.5080895008605852,0.1657910099241097,0.4580125962211336,0.9522085445329472,0.2823510161052068,0.1505127762209017,1.2397425344480122,139.68416579006208,0.6867355636209851,0.3619791492460701,False,False,False,False,pachytene,96,off_axis,85.60010843943513,8.72
820,8.239790575916109,154.32135354974002,71.61406108900465,11.201089949999998,1.3880034912756418,0.4144502617801047,0.0196353436185133,0.5933476394849786,0.6382289416846653,0.7609539928668173,0.0751743308292714,1.1920694253155075,141.38011949753195,0.6875775296778629,0.0330924778525397,False,False,False,False,pachytene,96,off_axis,85.438389475554,8.72
895,8.668219944082,150.11061290773543,78.00410955265558,5.034039588,1.0631862200442184,0.3699906803355079,0.0675862068965517,0.2655325443786982,0.5916666666666667,0.6636586681309915,0.1845685766195367,1.215931050991315,139.41240051076443,0.687587164091437,0.2545307847469022,False,False,False,False,pachytene,96,off_axis,86.20859995675885,8.72
452,4.728574827504075,154.99818440399855,71.237217380442,19.718609868,1.675955803736318,0.4152985962407803,0.0943430993182237,0.6008138351983723,0.915282392026578,0.3655222611470936,0.1165792123743354,1.4050312895424686,141.9025674971466,0.6880838154957345,0.1570255107175989,False,False,False,False,pachytene,96,off_axis,85.75984506100016,8.72
894,9.03409798923825,149.28460297366294,78.33086576040671,8.282942118,1.25515879159548,0.3338997451146983,0.1050228310502283,0.3252551020408163,0.5074074074074074,0.5607826065504642,0.0554600663524345,1.1946746122596563,138.73258951843422,0.6881991814089063,0.3228937236995256,False,False,False,False,pachytene,96,off_axis,85.81285057982461,8.72
478,4.601824186192807,159.45944511715626,67.40846442836899,14.916802302,1.5270820590477738,0.4777480735964774,0.0451408855664174,0.5570611261668172,0.9008379888268156,0.1636639138143502,0.0500353039242731,1.286998298708908,144.91988339400757,0.6883283432445962,0.0810339897113905,False,False,False,False,pachytene,96,off_axis,87.2924711231839,8.72
897,9.443151255503883,167.30189928597,67.51722038557585,19.711572534,1.6757564038767638,0.6277519933357134,0.2203389830508474,0.4421355498721228,0.993512238277794,0.2819566088993426,0.3077302692906261,1.4722223448503802,152.39227529988614,0.6885213414719905,0.4983516550853584,False,False,False,False,pachytene,96,off_axis,94.06350257882778,8.72
856,8.606472046268378,160.0818956761242,69.11929102175812,17.035039836,1.5961909644211827,0.5882676948499036,0.3884229903865821,0.3103678929765886,0.9354144241119484,0.3563711090580592,0.2136821096638056,1.270212674498558,146.05260382631462,0.6889140757629106,1.2514921780774575,False,False,False,False,pachytene,96,off_axis,88.74131134399119,8.72
775,7.602598395108768,142.70836255254312,82.722908597631,6.138901025999999,1.1358840661150136,0.5479556744363776,0.0,0.5638207945900253,0.5255930087390761,0.8732624621536134,0.0191590311082572,1.057697262111472,133.8879698943905,0.6922805315598606,0.0,False,False,False,False,pachytene,97,off_axis,84.24487495103722,8.72
451,4.470376432078541,148.54647790507553,72.58156104746259,4.299811074,1.008757836453695,0.640480087288598,0.0,0.4628224582701062,0.9721448467966574,0.2088470107388859,0.1236522328410612,1.01208386802589,136.20985534337677,0.6955528349039701,0.0,False,False,False,False,pachytene,97,off_axis,81.4892764015372,8.72
824,8.34430590191197,161.81793491271955,64.18188391521241,11.287883736,1.3915793411657291,0.4214463840399002,0.0,0.6095545977011494,0.5012048192771085,0.8216510085080495,0.0161003909772811,1.4872516190751308,146.13380139730776,0.6966567282109762,0.0,False,False,False,False,pachytene,98,off_axis,87.64705676811525,8.72
882,8.822202096001732,147.773479376375,72.01779051623623,18.130518162,1.6296982616660958,0.6453616250485186,0.219088319088319,0.3921926304268515,0.9706176961602672,0.3327116174992384,0.3217155889141012,1.204570614239505,135.2980003306502,0.6974887843042188,0.5586242629033326,False,False,False,False,pachytene,98,off_axis,80.53431076410071,8.72
891,9.37743129994115,131.50564426037914,104.61924582927328,24.072373836,1.7911973441951146,0.4870395634379263,0.244004021255206,0.3575227963525836,0.4809428284854564,0.529349089801263,0.0829277570302566,1.8712462111507009,130.20485393881555,0.6983289061539735,0.6824852114173244,False,False,False,False,pachytene,98,off_axis,95.62243018658289,8.72
782,7.930984419263576,164.1451596140218,58.65123792492905,13.248954144,1.4679040291680363,0.3902266288951841,0.0,0.5873983739837398,0.5654761904761905,0.838105575231752,0.0584026139976065,1.8854392317542277,146.58761637534224,0.7039968596051835,0.0,False,False,False,False,pachytene,99,off_axis,87.12464182519663,8.72
359,3.506451976128857,150.6508607251435,59.13677538565416,20.832854418,1.7069470782077218,0.613894831663101,0.0332675500422892,0.6864975211431904,0.9968958930276982,0.096097548241327,0.08221763710613,0.9935196953439248,133.9433283750402,0.7142925590127246,0.0484598254439293,False,False,False,False,pachytene,100,off_axis,75.4578165875283,8.72
498,4.455925277291269,138.66401978984197,71.34744570928214,4.018317713999999,0.986245922885319,0.6117921774664332,0.0,0.5007518796992482,0.6063348416289592,0.7650817615562152,0.0660419040179303,1.1418605511813669,126.44592075325026,0.7168650959866634,0.0,False,False,False,False,pachytene,100,off_axis,73.28143709867466,8.72
869,9.273170731707213,121.95449481707185,102.95898849085184,18.465964416,1.6396876603339765,0.5564024390243902,0.174468085106383,0.4550400916380298,0.9552562988705472,0.1899504597162339,0.0984866834523955,1.6757003817478509,120.62003950775018,0.7190755942919986,0.3834125570745685,False,False,False,False,pachytene,101,off_axis,89.91447681810247,8.72
556,5.458617950754508,148.50573701350484,60.84834209690042,8.860003505999998,1.2836553291728263,0.5554673020916071,0.0,0.5050625372245384,0.9771897810218978,0.1181595946698012,0.0531577014158579,0.9239649047071444,132.45147019678396,0.7207504026730898,0.0,False,False,False,False,pachytene,101,off_axis,74.5294611770805,8.72
653,5.49943192948091,147.9078875612145,57.09323547502535,11.97519669,1.4192688859467952,0.6859941234084231,0.182559918408975,0.4242046163443543,0.99545282303903,0.4011266005429814,0.4772036276560346,1.001179088087382,130.6939901394639,0.7227641509856715,0.4303581606023337,False,False,False,False,pachytene,101,off_axis,72.05710853900851,8.72
403,3.125275362318842,151.51399156521674,54.98712760869451,16.185868199999998,1.5692150454779863,0.7404347826086957,0.0,0.5695142378559463,0.9927587012380285,0.4192903984229114,0.6571877068724425,0.9833682085229808,133.4463860575931,0.723399268296654,0.0,False,False,False,False,pachytene,101,off_axis,74.19278709069232,8.72
713,7.247265732344153,118.26809389942522,100.14026908491532,17.072572284,1.597362373677086,0.5083814234679858,0.0939478348949101,0.5491894913359419,0.9586990191017036,0.3286071212273379,0.1511631768469852,1.1367884319222938,116.23018603690772,0.7285796389276573,0.1710663375338363,False,False,False,False,pachytene,102,off_axis,85.87892678964015,8.72
398,3.517449664429537,143.67394177852407,60.00365134228169,4.194251064,1.000434372661759,0.5721476510067114,0.0,0.4549019607843137,0.9705372616984402,0.1232120145721774,0.0695679621320467,0.9500894941416834,127.60112594331486,0.7293376466382954,0.0,False,False,False,False,pachytene,102,off_axis,70.03045416774363,8.72
890,9.508402654453649,122.46050589774568,93.2122885970666,25.097478822,1.8162703601227648,0.5992148798953173,0.4216347450768816,0.2642257462686567,0.952299245024022,0.2197171279339508,0.1068196751010105,1.8783183778599424,118.00998292268036,0.7294834154087361,1.5957367933712872,False,False,False,False,pachytene,102,off_axis,81.31562048006776,8.72
774,7.322286313581511,135.11336491871984,67.30524132144673,4.473398646,1.0221539961945876,0.5762978500262192,0.0,0.5173267326732673,0.9710365853658536,0.1538738472408868,0.1064720688555935,0.990619485562546,121.79693345179196,0.7299104791309069,0.0,False,False,False,False,pachytene,102,off_axis,67.92280693061115,8.72
473,4.68665919282512,132.38491227578473,69.91487404708516,4.184867951999999,0.9996877795690426,0.7017937219730942,0.0,0.4567669172932331,0.989547038327526,0.0758886903366454,0.0656913463784732,1.086491648919932,120.03654752736948,0.7306561949701637,0.0,False,False,False,False,pachytene,102,off_axis,67.83649798309077,8.72
474,4.979312546557409,138.0826959242313,64.64967174630236,22.043275866,1.7393854871892624,0.7533255294242843,0.1619667389732465,0.4801553062985332,0.9932612165277532,0.1914974315810989,0.2973706170674282,0.9782729876608116,123.77120918622794,0.7312954204670946,0.3373215641868692,False,False,False,False,pachytene,102,off_axis,68.3728676959214,8.72
772,7.212494492906471,115.63748006872818,103.62787940787769,26.622234522,1.852331157291487,0.5808441272358797,0.0966578047854158,0.4212739121294934,0.6923842707814833,1.4348882343194993,0.5159467347419502,1.0722493843539245,114.84093456093267,0.7333666349420703,0.2294417052715684,False,False,False,False,pachytene,103,off_axis,88.19029610960683,8.72
898,9.626914323471052,132.99313943910076,72.23401684898211,31.951842138,1.9685015640110828,0.5000367080243742,0.2522235642912045,0.4466960352422907,0.8566656544184634,0.2583133048517655,0.0926858389896298,1.154498620113107,121.34863084619542,0.7333973806455059,0.5646424959970752,False,False,False,False,pachytene,103,off_axis,69.94811220319096,8.72
108,1.5977554406168255,145.4541608665939,51.34507544647301,24.037187166,1.7903241855580745,0.6105201522396799,0.1357730619315721,0.6371836632422951,0.9984890999352471,0.0954065962665032,0.0742627005798628,1.043808558793781,126.54451388093544,0.7347466630045477,0.2130830869716493,False,False,False,False,pachytene,103,off_axis,67.13683685695354,8.72
771,8.386303107165368,114.86851174698668,98.8624138554223,14.797167623999998,1.5229886311815737,0.5943246670894102,0.0788336933045356,0.4755763970300898,0.9731182795698924,0.2207400880684983,0.1394907345646257,1.003970902476687,112.60085159473938,0.7366934636936017,0.1657645202681237,False,False,False,False,pachytene,103,off_axis,83.45110981532294,8.72
472,4.189547482472862,129.02181414913954,71.9875760038235,7.361051363999999,1.2067493668312794,0.7794773741236456,0.0225988700564971,0.5101156069364162,0.9995004995004996,0.2059477360480772,0.3583032497478913,1.1858946380782776,117.50403183428656,0.7375522202966412,0.0443014676461644,False,False,False,False,pachytene,103,off_axis,67.14041625182954,8.72
292,3.0523491798721976,115.7410108840675,102.50382735612892,16.875526932,1.591193188563162,0.6116207951070336,0.1584337349397589,0.4305654974946313,0.9761997658993368,0.2007926959460394,0.1319722404224261,1.2053854666678274,114.58277018356324,0.7379160587080807,0.3679666296107121,False,False,False,False,pachytene,103,off_axis,87.1692189386011,8.72
204,0.7551286225985083,130.45357434060728,75.49303471182125,7.203884238,1.198098999093304,0.4920221426245522,0.2514395393474088,0.3576923076923077,0.9282051282051282,0.3191280197758085,0.2068758517281195,1.2427294050904112,119.9732615401981,0.738081199158622,0.7029492497884547,False,False,False,False,pachytene,103,off_axis,70.75284747641474,8.72
90,3.5012383158904785,116.46184170328452,98.15921092114658,29.362103226,1.9138130748412856,0.6152432691539507,0.1805342862004424,0.451204318936877,0.9711882229232388,0.2701734686713551,0.1820425039881021,1.2313595395931294,113.8890578653605,0.7384373275601325,0.4001164852007964,False,False,False,False,pachytene,103,off_axis,83.36641560629819,8.72
868,9.107510729613796,120.07176511342736,89.55905352544428,15.303855672,1.5401774150250862,0.4049662783568363,0.1013888888888888,0.4788768675940237,0.6620416253716551,0.8147969349828565,0.1207801224992194,1.6688898413475968,114.58628790264986,0.738863366326629,0.2117222521068674,False,False,False,False,pachytene,103,off_axis,76.97889108389121,8.72
497,5.189574169396465,139.0952392980801,58.98397075339194,25.06463793,1.8154777974487524,0.5836218998596163,0.1564277588168373,0.5967633175994606,0.9744386048733876,0.1810244856298096,0.1211017723316668,1.063196649634799,122.93534256609678,0.7392840941458058,0.2621269675992879,False,False,False,False,pachytene,104,off_axis,65.69252845539005,8.72
736,7.68108160684758,148.16869463087357,48.33058940764362,24.116943618,1.7923021245284447,0.6687092695263106,0.0475391498881432,0.6632413388138579,0.9974545454545456,0.10851632564378,0.1203938468302856,1.0009819018973785,128.1633495272162,0.7396455460938735,0.0716770006724284,False,False,False,False,pachytene,104,off_axis,68.28618770645542,8.72
336,3.183395189003509,130.4732005773213,63.71329938144415,17.065534949999996,1.597142865309106,0.6387628865979381,0.2409012131715771,0.4364535768645358,0.9875904860392968,0.067966636497293,0.0674210226177589,1.5231229557486647,116.25738263446341,0.7409800792453661,0.551951515444555,False,False,False,False,pachytene,104,off_axis,62.08579403953145,8.72
798,7.989771891096165,139.83959245768912,54.54942431935113,19.127473812,1.6590380076103113,0.6014226146676478,0.1019618679193147,0.6049230769230769,0.9966777408637874,0.1211066964128089,0.1130169502127596,1.0357588527709445,122.235428997739,0.7411936648205651,0.168553443915449,False,False,False,False,pachytene,104,off_axis,63.83775516718208,8.72
796,7.910361944157103,112.42451646328982,97.7158981178884,11.34183663,1.3937929367667643,0.5884177869700103,0.0311587147030184,0.5914572864321608,0.9023605150214592,0.1262717321312559,0.042330127919446,1.037809216568589,109.91944970551458,0.7421922624534245,0.0526812593534466,False,False,False,False,pachytene,104,off_axis,81.54553852685004,8.72
554,5.69575101488506,128.25505903923968,65.2809098646813,17.33529942,1.6055145510411852,0.5621109607577808,0.1857070961248113,0.4103831891223733,0.9687800192122958,0.0779535167463657,0.0303972784444434,1.3355364838972197,114.65063514700027,0.742782941533438,0.4525212071234106,False,False,False,False,pachytene,104,off_axis,61.63242525052904,8.72
357,3.609587104072389,112.37425151301014,101.69186233031674,16.589342016,1.582147067232793,0.6439479638009049,0.1449915110356536,0.4861000794281175,0.9974068071312804,0.0860966409768044,0.0887260165747619,1.1855963591641592,111.13226512881572,0.7430452289715097,0.2982750202514509,False,False,False,False,pachytene,104,off_axis,85.29681158389033,8.72
712,7.415635305528651,111.1736370320086,99.0600666925329,12.09248559,1.4238874309821183,0.5613967022308438,0.0718390804597701,0.541795665634675,0.9597432905484248,0.1722935200664595,0.0850727777022528,1.025890907006585,109.15923251908634,0.7439284264273988,0.1325944170771757,False,False,False,False,pachytene,104,off_axis,82.42232919585304,8.72
203,1.7852549019607904,127.0932352941168,68.08610062745188,8.97260085,1.2890702325213514,0.7911111111111111,0.0,0.4993742177722152,0.9984544049459042,0.2126247638385094,0.4491110816456674,1.108642697876837,114.4380631551044,0.744150517354887,0.0,False,False,False,False,pachytene,104,off_axis,62.92316814986178,8.72
696,7.088874535766146,113.93193226223111,94.21181906991866,14.527403153999998,1.5136767022641622,0.5993864040045213,0.2333127317676143,0.3954050785973398,0.9496062992125984,0.2296106299708313,0.1095861471454725,1.1081096996296178,110.23822054819308,0.7443012034074553,0.5900600280483702,False,False,False,False,pachytene,104,off_axis,78.76963331876237,8.72
575,5.502629193109723,111.061830009066,100.33531885766216,15.524358803999998,1.54753930239065,0.5543970988213962,0.1424832800232626,0.4910139030179722,0.9743470149253732,0.1723813821564377,0.0928711049761791,1.07101286416126,109.45748210456148,0.7444516777485047,0.2901817629755535,False,False,False,False,pachytene,104,off_axis,83.6023415346614,8.72
316,3.0442825928624195,126.76285463947498,66.18442536052287,16.103765969999998,1.566557284446589,0.6211216314639476,0.1393117140966248,0.4917339484813533,0.9902421395012648,0.125280512064165,0.1121540932581192,1.3319473880042811,113.52184249471469,0.7455163301162291,0.2833070901996256,False,False,False,False,pachytene,104,off_axis,61.280893491995634,8.72
202,1.3955164131305164,126.0396310448354,68.57644443554943,11.719506887999998,1.4090949001959348,0.8364691753402722,0.0598388952819332,0.4736842105263157,1.0,0.1217805078609431,0.3614089017621457,1.090435730466125,113.59425961377809,0.7462184523472419,0.1263265567063034,False,False,False,False,pachytene,104,off_axis,62.61027000177334,8.72
471,4.335235076597991,125.12036877971536,70.72962583201253,4.440557753999999,1.01964651180201,0.6835710512414157,0.0,0.4824707846410684,0.9977578475336324,0.0316642537065399,0.0305247853917048,1.250776963339816,113.40503244852218,0.74632991751585,0.0,False,False,False,False,pachytene,104,off_axis,63.70071330985327,8.72
102,1.287460080902608,128.25088750265922,63.38453678944085,33.054357798,1.9908874312215905,0.4572422113405719,0.1581728123280131,0.6059100418410042,0.988121546961326,0.1014287780876704,0.0553215230833374,1.175738358754059,114.04547755096891,0.7472707092262251,0.2610499932422626,False,False,False,False,pachytene,105,off_axis,60.270735851954164,8.72
448,4.255517633674622,124.96791211604167,74.11847474402782,4.123877724,0.9948075136593032,0.6888509670079637,0.0,0.4862888482632541,0.99642431466031,0.0564374257222447,0.045829345846153,1.0917694000902058,114.33479622672604,0.7473538509965005,0.0,False,False,False,False,pachytene,105,off_axis,66.3071460020845,8.72
555,5.9035714285713485,129.56602007142772,61.2290604428567,16.420446,1.576759464558008,0.6524285714285714,0.1988804741521238,0.4278668310727497,0.9937673130193906,0.0832245175221526,0.0834503412636497,1.2411157129348809,114.60942710386908,0.7477769253612391,0.4648186297906986,False,False,False,False,pachytene,105,off_axis,59.72075602767722,8.72
735,7.763621028956986,126.7983524599378,75.14196224346496,8.343932345999999,1.258231986703098,0.6283384874894574,0.0,0.5491679273827534,0.99055967633176,0.1071041677728733,0.0817911377300732,0.9652944084040704,116.3952891967033,0.7485749590464874,0.0,False,False,False,False,pachytene,105,off_axis,68.22076309029988,8.72
244,2.5947007333806367,114.09004031227704,93.99478358173836,29.746810818,1.9221352090660544,0.6676129642772652,0.1891111966140823,0.5136417556346382,0.9901977072603424,0.2724662558392581,0.2984855469626823,1.399000702759581,110.31936675596648,0.7488748732587504,0.3681772257405807,False,False,False,False,pachytene,105,off_axis,78.62388484861414,8.72
206,1.2649149922720242,136.09563085245605,55.37740429199796,19.730338758,1.6762880314347752,0.5596243015099275,0.0504998718277365,0.70707343412527,0.9952072173667889,0.1245515150225628,0.1104962586628271,1.0013019973326105,118.94708574880283,0.7489397467522487,0.0714209718403726,False,False,False,False,pachytene,105,off_axis,61.163614341558194,8.72
200,1.4494637027825017,111.96814271724074,97.55910802113917,15.090389873999998,1.5329828054862007,0.5244831338411317,0.1662578359225947,0.500817260542661,0.9825378346915018,0.1456773906958985,0.0625565718336953,1.211630418386699,109.43691061537015,0.7490862953605341,0.3319730548872175,False,False,False,False,pachytene,105,off_axis,81.24892789965158,8.72
734,7.5141628664494045,126.47690267100886,63.14015585667877,18.003846149999998,1.6258939982243088,0.607557003257329,0.1743421052631578,0.4296148738379814,0.9788398394746444,0.1260871390993008,0.0873906296158568,1.1502641595376386,112.28552564824922,0.7498968834953944,0.4058102171967785,False,False,False,False,pachytene,105,off_axis,58.85625608917856,8.72
104,1.4819594759541197,139.5831807307338,47.38972346814113,28.827265842,1.9021216172794464,0.6050126129058508,0.1009446193739581,0.6707869798104656,0.9960447119518486,0.1375989965584813,0.1320806332360327,0.9872861088172444,119.72242624031227,0.7498975506032651,0.150486849644101,False,False,False,False,pachytene,105,off_axis,60.11294559315621,8.72
651,5.947837985768908,122.9564814449914,84.3696419540217,8.571472812,1.2695669677916008,0.6685823754789272,0.279595478881618,0.3203963666391412,0.9970828471411902,0.4276607294653506,0.6050120476891293,1.4277250715182228,115.67701765414384,0.7499102556665813,0.8726549611485553,False,False,False,False,pachytene,105,off_axis,73.78336512422723,8.72
649,6.138433908046018,113.464984159483,91.68022909482606,13.061291904,1.4609404328465074,0.5195761494252873,0.0297424737033007,0.5229906542056075,0.6252285191956124,0.8047394974120792,0.1205259808064847,1.093066408939401,108.99277716415168,0.75017353703763,0.056869990819392,False,False,False,False,pachytene,105,off_axis,76.24006615504187,8.72
880,9.29124258226958,129.8184173709776,79.46567516633701,13.044871458,1.460327952507018,0.5829886711023198,0.3474957794034891,0.2514014661492022,0.9009628610729024,0.334425457255072,0.1720825142874071,1.4499688635819132,120.63030197046487,0.7503136115575267,1.3822344981761427,False,False,False,False,pachytene,105,off_axis,73.49159346278216,8.72
103,2.1884384568278814,128.2403445560294,60.04824481322579,19.15327737,1.6597837037056444,0.6737293325168402,0.2610263522884882,0.4384384384384384,0.9927414852037968,0.0913395170094158,0.1308020927636129,1.454140336670661,112.97778420578692,0.7504075801100719,0.5953546254251136,False,False,False,False,pachytene,105,off_axis,57.94577738582707,8.72
356,3.2260011836654,109.18246660090568,99.9657498914988,11.890748681999998,1.4159248274862783,0.5247583349773131,0.007416563658838,0.6147779161477792,0.5871091257179324,0.6931598862571635,0.0520831489052924,1.0099292345289823,107.55789944383099,0.7508183911178726,0.0120638094896291,False,False,False,False,pachytene,105,off_axis,82.6979516444485,8.72
435,4.311240420096538,124.0544529520316,66.50695929605277,16.528351788,1.5802057805381016,0.6257451036048822,0.1805469235550031,0.4398938187334091,0.991615020051039,0.0665541475037185,0.0741754972426974,1.3429511715174942,111.05540143187821,0.7519520883792109,0.4104329632883993,False,False,False,False,pachytene,105,off_axis,59.74898310186846,8.72
700,6.996480422349464,124.06428077430846,64.18165477342752,15.995860181999998,1.5630504531606293,0.6099134770494208,0.1832975130488179,0.4323308270676692,0.993857493857494,0.0581583234785659,0.062934879272515,1.1255614056878949,110.32753826048256,0.7524632062188231,0.4239751171390049,False,False,False,False,pachytene,105,off_axis,57.99038654023128,8.72
198,0.8398278560250473,110.97572183098669,95.60911279342707,5.995808567999999,1.1269891018270184,0.454225352112676,0.0,0.6258064516129033,0.8826446280991735,0.4511346763088817,0.152304533870922,1.2522417539741997,107.87748131459705,0.7525810308754951,0.0,False,False,False,False,pachytene,105,off_axis,79.08357076443117,8.72
650,7.030166547857908,121.78154804128548,82.72583509979539,144.79080127199998,3.2574977224163435,0.6239874279048668,0.2367720082870202,0.5468568227842647,0.9955025275052036,0.0638367009107271,0.0788243937440105,1.1656644416858608,114.04156040594168,0.7525877867368421,0.4329689206061656,True,False,False,False,pachytene,105,off_axis,71.77158958701753,8.72
879,9.184535395280456,124.76887678976254,68.42622410345349,17.595680778,1.6135130724978275,0.4270097320357285,0.0957290132547864,0.5225686365751512,0.7669524551831645,0.5516241800924108,0.0966743676929687,1.2930753556321808,112.34143136104572,0.7528148254356389,0.1831893584011897,False,False,False,False,pachytene,105,off_axis,61.68359091826454,8.72
105,0.7600080224629019,137.76839524669197,47.78684283995068,11.696049108,1.4081541235107478,0.7144003208985159,0.0226492793411118,0.6664325842696629,0.9981197116891256,0.0761186955095632,0.167092825536848,0.9154074448772024,118.12715116438778,0.7529593731132361,0.0339858522463047,False,False,False,False,pachytene,105,off_axis,58.67554443215148,8.72
470,4.349095022624417,122.39351759049607,74.85722952488766,4.147335504,0.9966901970180176,0.6527149321266968,0.0,0.4885993485342019,0.970509383378016,0.0703691004764478,0.0394691043873348,0.9792835946767824,112.12740297085065,0.7530124865422843,0.0,False,False,False,False,pachytene,105,off_axis,65.42797597305116,8.72
98,1.7299396250397177,124.6947065967612,62.77817530981928,36.91081683,2.0654832731315245,0.6477279949157928,0.3096275999501806,0.4807865776655241,0.9982287822878227,0.0769709265292839,0.077112903659867,1.255327775413542,110.48050382824468,0.7538870149689054,0.6440021713035089,False,False,False,False,pachytene,106,off_axis,57.37081015175244,8.72
100,1.4242116708952406,126.35658147879649,81.82549778905478,6.472001502,1.1560678756775853,0.4588619064878579,0.0,0.478231748158071,0.957688338493292,0.6230182855119334,0.3979791082270999,0.950310925152028,118.09516671548752,0.754284615668102,0.0,False,False,False,False,pachytene,106,off_axis,73.42291747681087,8.72
553,6.157420440636601,127.17518546511532,58.88507616279026,30.664010015999995,1.9416909791153087,0.6126835985312118,0.2441027172290235,0.4210942129172427,0.9934488588334742,0.1152444485705131,0.0820932207501102,1.2416795060837245,111.59881396359549,0.7549624437482931,0.5796867060649842,False,False,False,False,pachytene,106,off_axis,56.374028081906836,8.72
635,6.217239555790608,121.61786462189198,71.59248529878376,4.435866197999999,1.0192872915814055,0.6864093072448441,0.0,0.490725126475548,0.9880043620501636,0.0720438604713109,0.0654771314692723,1.1631027164786902,110.35674917661403,0.7550366530190076,0.0,False,False,False,False,pachytene,106,off_axis,62.30039509134458,8.72
850,8.828864353312644,136.72262182571183,48.38570474171779,23.795572032,1.7843053598225715,0.6415615141955836,0.0707896754408382,0.6782178217821783,0.9920803554181958,0.1977497243405989,0.2090911847844715,0.960031608616766,117.32517766303319,0.7560830224789425,0.1043760178032797,False,False,False,False,pachytene,106,off_axis,58.033976527965585,8.72
794,7.959634122091714,105.35214678862764,99.85074798170764,11.796917562,1.4121905849815273,0.4460131238814874,0.0,0.5714285714285714,0.5473887814313346,0.9455344273676866,0.0602556617361866,1.1388174567282203,103.8887020366661,0.7565542936744625,0.0,False,False,False,False,pachytene,106,off_axis,81.5831530866576,8.72
247,2.1101515847496484,132.42806596233322,55.02386210381216,5.106758705999999,1.0682811769476508,0.7069361506660542,0.0,0.4608150470219436,0.998166819431714,0.0613678838402233,0.0635326221516396,1.106567351312372,115.35662412326285,0.7570293417784788,0.0,False,False,False,False,pachytene,106,off_axis,57.97111799847399,8.72
698,7.41110196616413,121.53880592592483,64.08768128943821,25.65108243,1.8295278671524724,0.5955189757658894,0.2439316239316239,0.4582862310648881,0.9784974780992832,0.1422144533316773,0.115397638199948,1.2105786722535443,107.90254399144186,0.7579436393636012,0.5322691527624926,False,False,False,False,pachytene,106,off_axis,56.280707244126326,8.72
397,4.039529658478281,120.83904245805904,65.81489631515736,31.320827856,1.9554567181040687,0.6420760934691432,0.2423906150919467,0.4641138313454697,0.9876945349258052,0.1363524356842387,0.1185627692626405,1.4391482410682894,107.78645032867502,0.758394963648192,0.5222654416250736,False,False,False,False,pachytene,106,off_axis,57.19184769445068,8.72
699,7.514151607603826,124.22219263083866,59.47472034733501,29.986080174,1.9272750366887663,0.5748259407024955,0.1693412807580621,0.4724931002759889,0.9871428571428572,0.1580570088980512,0.1207982419502269,1.1205579243885313,108.98507973775847,0.7591059198535383,0.3583994785514282,False,False,False,False,pachytene,106,off_axis,54.65767709406243,8.72
551,5.266375545851526,119.5464111353712,73.48870300218253,4.297465296,1.0085743592149348,0.7194323144104804,0.0,0.4455252918287938,0.9893048128342246,0.0320893200175648,0.0289791710668356,1.1214322410786233,108.99330038742538,0.7592322408998055,0.0,False,False,False,False,pachytene,106,off_axis,62.719576646742134,8.72
267,2.9459284855769203,124.68946237229648,57.78721872746469,31.226996736,1.9535020419531768,0.5827824519230769,0.2650522694190816,0.4836154123154483,0.9959139784946236,0.139827695820967,0.0958819292889778,1.5001818305198815,108.89326271930537,0.7595606674638897,0.5480641490519657,False,False,False,False,pachytene,106,off_axis,53.809766674163754,8.72
95,0.9189240207645464,123.65696628463428,83.22728566035153,104.384775222,2.9208966033852706,0.5977887143531315,0.2257310953452154,0.5641971169963125,0.9939711248611772,0.1372519160504789,0.1385106154318963,1.1983505342843508,115.97921141762544,0.7601174326046768,0.4000926069012344,True,False,False,False,pachytene,106,off_axis,73.15983575114232,8.72
96,2.14121846451693,121.6499652066036,61.8251539718068,38.773364562,2.099656704693468,0.6457135942888257,0.2871576384662203,0.4716530054644808,0.9990242542514636,0.0671645804265938,0.0600373916955246,1.260208996234372,107.29068731396947,0.7607708254445108,0.6088324152274389,True,False,False,False,pachytene,107,off_axis,54.62687527821853,8.72
592,6.074694623449174,140.40976773107556,41.12475056266131,24.389053866,1.7990177480543537,0.6558622679619122,0.0430596416154052,0.6752375628842929,0.9963369963369964,0.109124393085649,0.1189238756967822,0.9967262178699792,118.52021021210102,0.7609507046806663,0.063769618253278,False,False,False,False,pachytene,107,off_axis,58.374562262698795,8.72
889,9.249639372083267,106.434960967332,91.00048790835692,5.528998745999999,1.0969477980731457,0.4560882477725922,0.1047486033519553,0.4321372854914196,0.5271867612293144,0.7585581186890418,0.1385984011165833,1.0256369493192492,102.10989057763831,0.7616605456544812,0.2423965875400844,False,False,False,False,pachytene,107,off_axis,73.32165879619133,8.72
194,1.7351479557262146,104.11016974248916,98.51483690987118,20.769518412,1.705215503112076,0.7473458323921391,0.2468013468013468,0.4479213232007152,0.9983433423068958,0.2162969222114882,0.3490011706207468,1.2188321310139691,102.28727072789255,0.7618147993719512,0.5509926275395337,False,False,False,False,pachytene,107,off_axis,79.99274196219619,8.72
552,6.00370134014042,124.6153964809926,55.78611097638864,25.730838882,1.831422078057604,0.5129911568967089,0.1105561105561105,0.5389367278172968,0.9793148028442146,0.1263053163570825,0.0652529506459649,1.2768380158383743,108.18861245270894,0.7635701915712514,0.2051374583503795,False,False,False,False,pachytene,107,off_axis,52.394084817658026,8.72
773,8.151138366110164,120.04575982237333,60.63842727849265,33.27955248599999,1.9953984144122303,0.6692746880947347,0.206494165398275,0.4411764705882353,0.9959733622425276,0.052991769938716,0.0468664139205396,1.157594062458574,105.39300811190733,0.7641912717189605,0.4680534415694234,False,False,False,False,pachytene,107,off_axis,52.67978554106014,8.72
667,6.69123769871296,118.24603506813236,64.83153840840248,24.790181904,1.8088270113567348,0.5507191521574565,0.2319637657715949,0.4587194608256107,0.6282306163021869,0.5837553693388552,0.0586843532648895,1.2880448718845257,105.01544830965648,0.7650084135360279,0.5056767492578204,False,False,False,False,pachytene,107,off_axis,54.843113708246236,8.72
205,1.5044108998236074,133.94302389727255,42.80972037835695,23.931627156,1.787699586135871,0.6062536757498529,0.0066765578635015,0.6591984067712223,0.998517891170866,0.1890657990578426,0.1813842562801968,0.990414453805638,112.9212240466088,0.7654454844757894,0.0101282979371924,False,False,False,False,pachytene,107,off_axis,53.048483726497125,8.72
335,3.5854295532646248,128.05042164948202,52.93268567010247,27.30485592,1.8680296274495796,0.6837628865979382,0.0544567171846904,0.6538983971746808,1.0,0.1547373029590558,0.2038051293496042,1.1348588674412632,110.54183465422136,0.7659305373851324,0.0832800897203347,False,False,False,False,pachytene,107,off_axis,53.2137014359854,8.72
518,5.078653618668688,122.5238930315076,56.785921142059216,21.813389622,1.7333177420901793,0.5116679212818582,0.1481898330519602,0.5307201057035895,0.9306967984934088,0.438544825033536,0.2004881112671056,1.2295150635228185,106.52196266077692,0.7661240294625901,0.2792240796219715,False,False,False,False,pachytene,107,off_axis,51.5571233188555,8.72
733,7.744469885515202,121.453937949227,57.461273847686535,23.56334001,1.7784817522948626,0.5143852663016426,0.1647260273972602,0.533210332103321,0.9686531174646916,0.2750587352385347,0.147894405601424,1.2080285771371666,105.7213045125746,0.7664476198594723,0.3089325496516092,False,False,False,False,pachytene,107,off_axis,51.28176206658321,8.72
93,2.093030756825217,118.3612209538088,62.63552519295151,20.363698818,1.6940361949646898,0.6500403179357217,0.1809112968455108,0.4552337063857801,0.9981009224091156,0.0678935416843288,0.0677266507946562,1.3668738759032697,104.42849728938526,0.7674660498449976,0.3974031235116862,False,False,False,False,pachytene,107,off_axis,53.16097037998198,8.72
377,3.36412729026034,116.187205978783,72.37886383799346,4.865143571999999,1.051160462259022,0.6759884281581485,0.0,0.53125,0.5604838709677419,0.8143570811672131,0.0277295499099529,1.209242063203788,105.45552576563124,0.7674679726294629,0.0,False,False,False,False,pachytene,107,off_axis,60.015608208259856,8.72
417,4.355616475909886,115.91171382359062,64.68764715235386,34.227246798,2.0141622514813315,0.6251113700226167,0.2709582833533254,0.4676416819012797,0.9971666371524704,0.083418430512013,0.0764862437310446,1.542585096463542,102.75592200692745,0.7692327476305133,0.5794143119400664,False,False,False,False,pachytene,108,off_axis,53.373832809953065,8.72
795,8.219600725952944,108.81587807881706,83.53130985221625,18.095331492,1.6286433039258794,0.5162043038631061,0.1894005212858384,0.3936227224008574,0.9517125210555868,0.2526292552570999,0.1210851100632167,1.129946402462065,102.00006155121909,0.7697590517432348,0.4811727334504758,False,False,False,False,pachytene,108,off_axis,66.97236558194592,8.72
830,8.366086956521904,116.2795798757754,62.62133586956717,22.66021548,1.7554635191239796,0.6075569358178055,0.1951167728237791,0.4273278818253759,0.9885442861134396,0.0859788719054424,0.0598652812569996,1.158294156401085,102.44973603819949,0.7698047655038552,0.4565973368981152,False,False,False,False,pachytene,108,off_axis,51.89816612316364,8.72
246,2.579758564437148,119.89531528874532,57.35938304730933,35.94904785,2.047385363604756,0.6286460032626427,0.2850502512562813,0.478123352662098,0.9957460732984292,0.0727780996035764,0.0722539027891429,1.412382104227703,104.21077885999526,0.7698904419756661,0.5961855861446149,False,False,False,False,pachytene,108,off_axis,50.134122895755695,8.72
197,0.97095466273498,110.93259216734238,84.07165731662279,12.728191428,1.4484139413058277,0.5499447106524142,0.2332810047095761,0.4058149058149058,0.965034965034965,0.122389226309563,0.1122493786532418,1.145882596952386,104.17889290057411,0.7704443527769966,0.5748458259341926,False,False,False,False,pachytene,108,off_axis,68.23272663283244,8.72
632,5.929672341204465,109.4881677649628,82.87584645799018,12.814985213999998,1.4516987405319095,0.4138751601684056,0.0337960168980084,0.5902560899437851,0.7562240663900415,0.5844752428587345,0.0782949718581931,1.04712033039313,102.42987270183411,0.7704747441664679,0.0572565323319699,False,False,False,False,pachytene,108,off_axis,66.59419661409714,8.72
818,8.26052138034489,117.67782130532792,57.81375731432908,25.015376592,1.81428765432979,0.5472618154538635,0.1501496215455026,0.474109362054681,0.9706982543640896,0.0656070103046095,0.0642072283971891,1.1800040874671849,102.25171971839558,0.7720823997447399,0.3166982843257696,False,False,False,False,pachytene,108,off_axis,48.99414365312573,8.72
878,9.21206399160742,102.78851557828344,87.51540369787743,17.888903027999998,1.6224265083330849,0.558484133228429,0.2527740790057701,0.3644193644193644,0.9678048780487803,0.1649370805794567,0.0715709579687837,1.001818333065585,97.54667603572705,0.7724548516069907,0.6936351458943993,False,False,False,False,pachytene,108,off_axis,68.99490479034765,8.72
550,5.044527896995754,113.60118041845485,70.47279704935607,4.372530191999999,1.014412835777203,0.6475321888412018,0.0,0.5053272450532724,0.9961587708066582,0.0349895661077023,0.0270602140863876,1.150658347736561,102.39862191026339,0.7735059989255938,0.0,False,False,False,False,pachytene,108,off_axis,57.07503941470413,8.72
714,7.494321895424895,119.36659656862696,54.79213538602816,22.969858176,1.763423272950758,0.5201184640522876,0.2066520344420057,0.4777612257927218,0.982176715965112,0.1917457820693107,0.094929163519365,1.3155518905030248,102.89544675495316,0.7737183750199508,0.4325424988164744,False,False,False,False,pachytene,108,off_axis,47.91399234878419,8.72
862,8.559468858678496,113.15086759405683,71.80115377805821,7.419695813999999,1.2099455608216017,0.7891242491305722,0.0333333333333333,0.4827586206896552,0.6978866474543708,0.6383985077049595,0.2251208300096784,1.2167691778001313,102.39266256477472,0.7738414075550782,0.069047619047619,False,False,False,False,pachytene,108,off_axis,58.023902592034545,8.72
191,0.677757553694946,99.7327879504928,94.19553156170448,6.443852165999999,1.1543893718640883,0.4903531124863487,0.0,0.4407142857142857,0.7934426229508197,0.3929612237231593,0.1329668727653295,1.1421347476516222,96.76635347724861,0.7751678100970865,0.0,False,False,False,False,pachytene,109,off_axis,74.8550099638621,8.72
245,2.6536465092136385,115.24256967298024,60.83958390864154,18.076565268,1.6280801005252434,0.6686997145081754,0.2068965517241379,0.4347826086956521,0.998813056379822,0.0435049244322879,0.0443644345965625,1.4636379442680267,100.90135512972246,0.7752601972379557,0.4758620689655172,False,False,False,False,pachytene,109,off_axis,49.84777407648831,8.72
679,6.8168509741968215,113.42098745655662,64.27026145339667,22.27316211,1.7454111911447618,0.6109531332280147,0.2556921217005843,0.4052517596101787,0.9913251570445708,0.1262719743720206,0.1026281028768576,1.3806741445573265,100.26135340690158,0.7754068791989783,0.6309463577568193,False,False,False,False,pachytene,109,off_axis,51.65357655190646,8.72
447,4.494759418127534,118.92224658709463,54.05584848004333,25.156123272,1.8176839326690557,0.4765013054830287,0.1568038449984981,0.5313501959387246,0.9239254469379992,0.3026331151217039,0.1074725977877213,1.4228192949179654,102.24059513598262,0.7758757482253039,0.2951045208922455,False,False,False,False,pachytene,109,off_axis,47.07806478890956,8.72
848,8.717406608379704,114.38467201089976,59.3075369478816,20.659266846,1.7021928632223684,0.6698081071874645,0.2423137050547159,0.3992434662998624,0.9867303609341824,0.0466579225795131,0.0644040050788023,1.0835868687303376,99.60201071700428,0.7766948583331688,0.6069321742455762,False,False,False,False,pachytene,109,off_axis,48.10560618836331,8.72
376,3.875280766047999,112.12925447452498,63.86002513299485,19.842936102,1.6794707385546637,0.6114197895732356,0.2886821034408137,0.3921508974749011,0.9795493934142114,0.2129624119255208,0.1480716928836982,1.623822892426768,98.90619652443411,0.7775820346366223,0.7361505616834404,False,False,False,False,pachytene,109,off_axis,50.62247448725343,8.72
538,5.866948257655766,134.37803076701326,35.86997469520863,24.435969426,1.8001705584355503,0.605932610156475,0.0446823365138469,0.6552984165651644,0.99233553331914,0.0905259587773193,0.0719632995967538,1.0737173333760452,111.13370583176155,0.7780753518168256,0.0681862421521715,False,False,False,False,pachytene,109,off_axis,50.96078263843497,8.72
652,6.756433327334845,123.17529830843952,49.18228075400334,26.070976692,1.839456678118288,0.622728090696419,0.0655226209048361,0.6529930837109468,0.9988664273568864,0.1372690021426373,0.1305900432966172,1.0530496433327872,104.72920780942866,0.7781235992221234,0.100341982999992,False,False,False,False,pachytene,109,off_axis,47.062958458346465,8.72
831,8.651525831685749,126.342344304995,47.71123776325815,27.288435474,1.8676550905222853,0.7052351070231239,0.1436063936063936,0.5826771653543307,0.9984695439240894,0.082520200307683,0.1044283336912757,0.9815434481315852,107.26652648278326,0.7783463842269669,0.2464596214596214,False,False,False,False,pachytene,109,off_axis,48.78852147365899,8.72
315,3.101641559143302,116.12399643315594,55.91812205634078,34.724551733999995,2.0238703109255285,0.6417618050395191,0.281630994310485,0.4354139166509523,0.995991314514782,0.0818833511982633,0.0634106459238387,1.4510720212038202,100.17707915654508,0.7786020250344664,0.646812110363145,False,False,False,False,pachytene,109,off_axis,46.54376875791063,8.72
728,7.286008176183681,98.18119808782691,91.86830639588533,17.788034573999997,1.6193713515590136,0.4851641830410128,0.1672354948805461,0.3532274590163934,0.6481892091648189,0.6206216481002527,0.1047072974659099,1.1375061698812192,94.55700703295858,0.7795620668930257,0.4734498709308571,False,False,False,False,pachytene,109,off_axis,72.28697192185346,8.72
817,8.13911388964382,115.66189782549424,54.90964055449727,25.890351786,1.8351987893240431,0.5484280148591103,0.1623529411764706,0.526685393258427,0.9877183406113536,0.1352798497819418,0.096462808744144,1.1787668043998272,99.4191014429613,0.7796520758789057,0.3082541176470588,False,False,False,False,pachytene,109,off_axis,45.47920236318554,8.72
770,8.386165211551498,111.4284226057762,61.49001977165928,17.464317209999997,1.609487719112409,0.6260577568838146,0.2599681020733652,0.3825431034482758,0.9934735315445976,0.1693681956892322,0.1223241708160202,1.201459592332378,97.49016057156955,0.7804646447013351,0.6795785879551631,False,False,False,False,pachytene,109,off_axis,48.238838818187176,8.72
266,2.664862640189267,113.20161409610115,59.08985728984423,22.798616382,1.7590301926448408,0.6003704084782385,0.200164744645799,0.4508238928939237,0.9946114577424844,0.0430568291006826,0.0322211356742364,1.351697354020772,98.41096870524655,0.7809188884625234,0.4439976403222635,False,False,False,False,pachytene,109,off_axis,47.233401106430776,8.72
591,5.726852770299089,98.94932244579964,87.36716152756304,16.554155345999998,1.5810276759809112,0.4501912994190166,0.0722142515542803,0.4845360824742268,0.5204978038067349,0.8459661901948732,0.0360761267482186,0.9730727701338906,93.85852496868071,0.7809967377336646,0.1490379234205359,False,False,False,False,pachytene,109,off_axis,68.00243818085859,8.72
666,6.6339489885663685,116.87762881852946,52.584830577542974,24.004346274,1.7895084683690403,0.5616143848333822,0.2449082646019188,0.4500668747213553,0.9761444229529336,0.0971082131026561,0.0712976993095203,1.3615617428565416,99.83509358339306,0.7810716518241465,0.5441597201605785,False,False,False,False,pachytene,109,off_axis,44.59536675312066,8.72
633,6.262256710342222,110.5319774456164,63.3358541788588,18.440160858,1.638923560911164,0.6139168044778018,0.2577647346539496,0.4168039538714991,0.9846410684474124,0.0830210109592713,0.0798988490150118,1.3898780083126303,97.22513626887093,0.7817846477897218,0.61843159658082,False,False,False,False,pachytene,109,off_axis,49.35454057692335,8.72
243,2.021444466922968,109.9774340076856,69.92968027513714,11.595180653999998,1.4040943874518592,0.8381549666194619,0.0267639902676398,0.5575,0.9986398258977148,0.1189451179133267,0.3455976376669077,1.2698777705404587,98.78961821606634,0.782038912612117,0.0480071574307441,False,False,False,False,pachytene,110,off_axis,54.908602255850155,8.72
861,8.69147632311979,110.89503693593385,68.50726161559969,4.210671509999999,1.001738235728903,0.7080779944289693,0.0,0.4503816793893129,0.5736607142857143,0.9133051376786082,0.0636469668062965,1.2145364288348988,99.2089430701732,0.7823894134602146,0.0,False,False,False,False,pachytene,110,off_axis,54.05678798596746,8.72
816,8.354594035510893,112.16753843302976,56.52565505947348,27.215716356,1.86599461850412,0.5977417686605757,0.1833770778652668,0.4846796657381615,0.9902957486136784,0.1326726530608391,0.0933854637325567,1.1341727347645805,96.61731319417777,0.7841937049851057,0.3783469595036252,False,False,False,False,pachytene,110,off_axis,44.55064534296222,8.72
289,3.0891643608190558,110.0343822468157,61.347520907581234,21.19410423,1.716756968179196,0.6108467072495849,0.2410964817612777,0.4411262798634812,0.9941321803582458,0.1399039601276712,0.0842158425922657,1.591248854857469,96.12285365017215,0.7847816728626936,0.5465475369907495,False,False,False,False,pachytene,110,off_axis,47.3887261525276,8.72
647,6.178411405295312,108.41574424643538,69.62482377800421,4.607107992,1.0322382017515344,0.674643584521385,0.0,0.4929577464788732,0.987898789878988,0.0703763433271926,0.0507550489302712,1.183511030107191,97.21183809251177,0.7850088079117253,0.0,False,False,False,False,pachytene,110,off_axis,53.96057213133266,8.72
732,7.421847901923663,109.52725607495152,60.93367322834551,23.535190674,1.7777732643193658,0.5479916276288248,0.196207018787664,0.4853362734288864,0.990722968650032,0.081160823709811,0.0679288087101157,1.2260053685619077,95.51068595564598,0.7851792747672193,0.4042702545216067,False,False,False,False,pachytene,110,off_axis,46.77394901950093,8.72
314,3.144286929401824,113.23303889991584,54.31478365466248,16.547118012,1.5808036074297274,0.6213495888857385,0.1826805385556915,0.4795956570572819,0.9952761627906976,0.0661004457484069,0.0572496574941008,1.3140324726371373,96.92694580713501,0.7856768689722465,0.3809053227808369,False,False,False,False,pachytene,110,off_axis,43.45700922514598,8.72
199,1.9566290550070269,109.95913614245237,66.47275282087341,6.652626408,1.1667241176585057,0.5366713681241184,0.0,0.5532724505327246,0.950507614213198,0.1215058810750721,0.0288202248560701,1.1307355368028842,97.67632528834818,0.7859297596007848,0.0,False,False,False,False,pachytene,110,off_axis,51.8206028188894,8.72
285,2.8449899248946724,96.44659575013618,90.29678649935786,12.805602101999998,1.4513443435106783,0.4900164865359956,0.017989417989418,0.5621408045977011,0.91991341991342,0.119248397387733,0.0487730887443951,1.0882779057648777,92.41366741273899,0.7859781037181939,0.0320016228003448,False,False,False,False,pachytene,110,off_axis,70.45504401044673,8.72
797,8.140675291889972,113.9105824865878,52.43785298201322,22.301311446,1.7461461785739376,0.560534343115599,0.2000765843385027,0.5138822403063666,0.9626517273576096,0.1768109620766451,0.1297271771899014,1.2156879653632706,96.9745018821712,0.7861346943123945,0.3893432554104631,False,False,False,False,pachytene,110,off_axis,42.466618158032006,8.72
97,1.883177918687118,123.9987333457664,44.45689550913932,31.44515409,1.958040660027896,0.6606490115628496,0.1300439854656722,0.5772697296109035,0.9988217967599412,0.0589883863309247,0.0548623374929141,1.0780231015572848,104.0120930817457,0.7863615073216892,0.2252742154925144,False,False,False,False,pachytene,110,off_axis,45.05577557977838,8.72
469,4.800055967538851,108.06811040996138,62.98721635651456,16.765275365999997,1.5877204085488628,0.6115852805372883,0.22219108994116,0.422550432276657,0.9842890809112332,0.0607390226322242,0.0353983204995798,1.639256832725082,94.77783642822094,0.7866887510400028,0.525833304072174,False,False,False,False,pachytene,110,off_axis,47.85538380339896,8.72
434,4.250258496482599,114.6463212560388,51.34845458937292,27.677834621999995,1.876496823485655,0.5355538604966523,0.2407869215849265,0.4571167883211678,0.983861502347418,0.228767610649538,0.112254691094025,1.4790213769002405,97.32692013441454,0.7867186291143645,0.5267514292556477,False,False,False,False,pachytene,110,off_axis,42.158707921867396,8.72
242,2.3878645833333056,110.13777203124842,57.55077511718839,18.01557504,1.62624699302442,0.6740885416666667,0.2389784128914563,0.4290850978825409,0.9955972996771352,0.0370612267289858,0.0447146070628826,1.2886617456032443,95.0172397563139,0.7882674848741086,0.5569487592805543,False,False,False,False,pachytene,110,off_axis,44.22873012913364,8.72
769,7.93975103734431,109.25887067427296,57.74545889004207,22.61329992,1.7542511820538944,0.517116182572614,0.1397153945666235,0.4665950590762621,0.9666274047899488,0.1020623253078928,0.063690606815766,1.1524874385986403,94.24539515089873,0.7882819919016957,0.2994360781342691,False,False,False,False,pachytene,110,off_axis,43.91433181636922,8.72
101,2.168809390721083,126.61176319571982,34.4255803561442,29.376177894,1.9141188202055168,0.6490457558093108,0.1172926290419763,0.5417519908987486,0.9989856297548604,0.0881946365082023,0.1013764720503376,1.115928039757094,103.31013728538062,0.78932129854667,0.2165061338259076,False,False,False,False,pachytene,111,off_axis,43.12762721583997,8.72
496,4.797493975903632,107.54477060240932,66.884253253011,4.86748935,1.0513293776503692,0.7378313253012048,0.0,0.4577205882352941,0.9964349376114082,0.1200008680177397,0.1363428997234814,1.0837369162231028,95.51695774561885,0.7894994536407663,0.0,False,False,False,False,pachytene,111,off_axis,51.10899734706397,8.72
239,2.658599304190026,97.59913763424396,84.97454553017536,15.507938358,1.546993488110645,0.4964453184087127,0.1409032258064516,0.4310603784920396,0.4976109215017065,0.7294577364658744,0.0692778882501488,1.12453858685531,91.81946375717686,0.7898100605421949,0.326875845790716,False,False,False,False,pachytene,111,off_axis,65.39877607555773,8.72
396,3.712132066656186,101.70575957016015,78.46550048278917,15.062240538,1.532029012858277,0.3923064943155272,0.0,0.6406970784213224,0.6746370623398804,0.9603787816381524,0.1088640367744339,1.3910888543055322,93.65070972387302,0.790196516599606,0.0,False,False,False,False,pachytene,111,off_axis,59.96983712432359,8.72
634,6.4192756710696495,112.8430442607596,50.408154247977016,27.52770483,1.8730978463360384,0.50004260758415,0.213433436117442,0.4738367138230782,0.9440605462323132,0.2244495023744201,0.1128600914745284,1.3294989777847228,95.31856189915217,0.7908925764319874,0.4504366797485728,False,False,False,False,pachytene,111,off_axis,40.24335584120846,8.72
333,4.990412205463892,89.50124494375652,99.60534830490924,121.157087922,3.069635006673802,0.5780944451973901,0.1645195920558239,0.5899683355513744,0.9986805453745784,0.1000737354606664,0.0780172155015616,1.2874024675487652,88.77764606474011,0.7910684330559835,0.2788617323030848,True,False,False,False,pachytene,111,off_axis,79.03489724489032,8.72
263,2.3269131556319755,106.28308710232244,67.53343091143564,5.456279627999999,1.0921174255877149,0.7295786758383491,0.0,0.505564387917329,0.9984662576687116,0.084592059703894,0.1047338197099804,1.203772292760429,94.52616299885203,0.7914846869248846,0.0,False,False,False,False,pachytene,111,off_axis,51.17750436571461,8.72
86,0.5497426298549428,102.04946321946623,78.72852536265685,5.012927585999999,1.0616978566143551,0.4632662611137108,0.0,0.3461203138622493,0.5862068965517241,0.647539042730826,0.1342415994246914,1.2209497709264374,94.06006991129307,0.792031842691355,0.0,False,False,False,False,pachytene,111,off_axis,60.315439385787826,8.72
731,7.487083819147489,106.08584795958151,60.89827275553759,18.107060382,1.6289951083399683,0.668998574944941,0.2676984809400974,0.3737769080234833,0.995241116751269,0.0583530162054319,0.0553477272490248,1.4159186863120874,92.23557463449973,0.7921272043566404,0.7161985537193182,False,False,False,False,pachytene,111,off_axis,45.08960105771004,8.72
815,8.456498329000986,110.33995496657802,52.457877849981166,25.268720616,1.820391845697128,0.5900482733011512,0.2043243243243243,0.4889039855072464,0.986017607457276,0.114740365928477,0.0877247127756525,1.185020649914443,93.59440806172016,0.7922095867550839,0.4179232126985717,False,False,False,False,pachytene,111,off_axis,40.20277129900362,8.72
537,6.099437682397119,118.6325708306648,44.33479312406657,32.955835122,1.9889074324700693,0.6559897501601537,0.2254807692307692,0.4403062280157252,0.9950576606260296,0.0730794755157696,0.0677356237771622,1.2117391555847814,98.88402599203972,0.7924094599504231,0.5120998861336031,False,False,False,False,pachytene,111,off_axis,40.526744815216176,8.72
290,3.419757715604284,110.99999521921043,52.05796230891273,32.531249304,1.9803291376733805,0.5825641765214884,0.2357755775577558,0.494385904301261,0.9936628643852978,0.1385507557863201,0.0831798983565413,1.422723416153319,94.09361718572684,0.7924964369927779,0.4769059463598352,False,False,False,False,pachytene,111,off_axis,40.29763511208119,8.72
375,3.956829817735094,106.74333073930138,59.81695330739175,34.363301922,2.0168275237057345,0.6100757730903134,0.2056737588652482,0.5054271708683473,0.9987826086956522,0.1071643800771754,0.1035201812394068,1.5845399752423135,92.51633485334621,0.7927675907615112,0.4069305544296147,False,False,False,False,pachytene,111,off_axis,44.43429862686864,8.72
81,2.2362150678215635,94.79680060467452,85.5178144794893,14.353815582,1.5076235667584137,0.3193332243830691,0.0,0.5944777911164466,0.404293381037567,0.8544631737418035,0.0633829113580662,1.814853587973068,89.33391179402491,0.7932614903849702,0.0,False,False,False,False,pachytene,111,off_axis,65.48711122235188,8.72
756,8.127497716136544,107.45039230130428,55.7595695124994,28.245512898,1.889239216475463,0.5975417324142513,0.1793395427603725,0.4737928188196451,0.990293453724605,0.0940361536011842,0.1034911743720523,1.2129838318874029,91.90062401176434,0.7940438272945334,0.378518912986396,False,False,False,False,pachytene,111,off_axis,41.27130860342702,8.72
265,2.720694533762105,108.46947731189614,55.17104264951694,18.23842395,1.6329249786533069,0.6668810289389068,0.2553191489361702,0.405019305019305,0.995189416716777,0.0254915102857014,0.0366409903725728,1.4652290854361798,92.68056226806678,0.7940675502024578,0.6303876031884471,False,False,False,False,pachytene,111,off_axis,41.32361556820481,8.72
80,2.1660308508873936,94.81317412506276,83.38826959694799,14.142695561999998,1.5001955094798352,0.4078620003317299,0.0181518151815182,0.5288515406162465,0.6701680672268907,0.7859658955393833,0.1086058413688282,1.557699236231099,88.67431773923045,0.7954503221380768,0.0343230827320021,False,False,False,False,pachytene,111,off_axis,63.38105628128249,8.72
648,6.8086295204098,109.99313930622203,49.483787847276005,30.227695308,1.932437584204779,0.5533912773552693,0.286511281924126,0.4389226759339704,0.978045515394913,0.1798030961141552,0.0930560053416654,1.342220501506912,92.32261587080771,0.797014237440596,0.6527602642412293,False,False,False,False,pachytene,112,off_axis,37.66995503145429,8.72
710,7.590613645538991,104.11248015744847,59.2496970327001,23.241968424,1.7703593642742053,0.5549051271699637,0.1690220463538722,0.4721088435374149,0.977693999371662,0.1616018699917086,0.1031078141487456,1.441491215660432,89.84135712740223,0.7976342846542018,0.3580149973201615,False,False,False,False,pachytene,112,off_axis,42.740060180250346,8.72
819,8.528417321620955,123.81305288950466,38.96667880258999,30.443506884,1.9370255822705424,0.6339189397441825,0.1482610254571531,0.5518838139339086,0.9929770469338814,0.1147680683303011,0.1013004095271551,0.9947923736661534,102.09544438384937,0.7978281420894935,0.268645359247496,False,False,False,False,pachytene,112,off_axis,42.24561332384958,8.72
433,3.901457725947541,102.96362011661714,64.21495364431475,4.827611124,1.0484504007024558,0.6919339164237124,0.0,0.501577287066246,1.0,0.0570446188665044,0.0642030116386904,1.049838251627342,90.32587906654325,0.7980870068089231,0.0,False,False,False,False,pachytene,112,off_axis,46.83681326563482,8.72
189,1.0706081081081165,99.57691064189312,76.62676250000027,8.332203455999998,1.2576421535083293,0.3685247747747747,0.0,0.5983058403923317,0.8972477064220183,0.556394367903494,0.1209623116193296,1.5304350382917336,91.04874479498802,0.7984542336375529,0.0,False,False,False,False,pachytene,112,off_axis,57.65187421795732,8.72
768,8.05063432835814,107.5507195802242,51.1657490485086,25.14674016,1.81745790880044,0.5952425373134329,0.1892750373692078,0.4749942383037566,0.981908757210278,0.095221751891025,0.0886112422867851,1.1966595716013328,90.539411489109,0.7988448694958121,0.3984785963828203,False,False,False,False,pachytene,112,off_axis,37.50077617353751,8.72
262,2.705351773902583,104.95806909200384,57.23559268791461,19.50514407,1.669886105238837,0.6455802766085388,0.2230424466121803,0.4509670851713607,0.99502050380785,0.0578701707601433,0.0741575403583233,1.4711343112890722,90.00480245043526,0.7993930615290101,0.494586975294278,False,False,False,False,pachytene,112,off_axis,41.317165441221476,8.72
355,3.808468335788034,108.63464540500593,49.60552305596478,31.85566524,1.966524477674604,0.6365243004418262,0.238624093783742,0.4720421393841167,0.9971356963838168,0.1564162356057573,0.1602208304429782,1.536749741580293,91.07279110231259,0.7998350758281736,0.5055143892345711,False,False,False,False,pachytene,112,off_axis,36.905393822642615,8.72
793,8.398041455850976,104.75015684674464,54.40326857352592,28.745163611999995,1.900314104879865,0.5590827484902889,0.1700460829493087,0.5165648713677586,0.9891251812469792,0.1032300528707561,0.0709767404712909,1.217325155546471,88.909692155002,0.800332171376635,0.3291863081960284,False,False,False,False,pachytene,112,off_axis,38.7297590666781,8.72
264,2.6839111328125047,106.57550229492284,52.46941984863261,19.216613376,1.6616112135416876,0.6146240234375,0.1232990835878922,0.4491605955020589,1.0,0.1121473970242667,0.1087496930047572,1.5290098487458927,90.02779796160337,0.8011285002771212,0.2745100189611958,False,False,False,False,pachytene,112,off_axis,38.025745843945224,8.72
193,1.176103018788267,102.37155237492011,63.0609157694753,11.111950385999998,1.3843117168125114,0.853493772429808,0.0783532536520584,0.4755043227665706,0.999719730941704,0.1583728223767333,0.487396815592695,1.1064626905980746,89.39849119198513,0.8011376587460347,0.1647792667712987,False,False,False,False,pachytene,112,off_axis,45.546088662912105,8.72
495,4.922258459029901,102.7262696392157,59.37170017325629,23.016773736,1.764623044223689,0.5323073787199348,0.1716606498194945,0.4770102418827631,0.9894736842105264,0.1298194885728639,0.0669180393864903,1.562162907243693,88.56533040216051,0.8016598747722821,0.3598678492561263,False,False,False,False,pachytene,112,off_axis,42.274449571345485,8.72
92,1.5294255568581974,117.84092211313178,40.52438722157034,32.015178144,1.969801382002578,0.6963657678780774,0.281677933784018,0.4686293436293436,0.9994099424693909,0.0672637639120958,0.0958874466272724,1.4134163783593328,96.92521214528043,0.8020151288264541,0.6010676403712517,False,False,False,False,pachytene,112,off_axis,37.750007684791804,8.72
646,7.164760660950308,91.70487448185642,79.5274493100906,82.62299271599998,2.7019093287558777,0.5780194196808812,0.190997169605922,0.6025701406176411,0.9984099550639476,0.1252083643217994,0.1183050803655643,1.0222961078674615,84.50237109373855,0.8020176358066284,0.3169708499165721,True,False,False,False,pachytene,112,off_axis,59.1688796231633,8.72
630,6.149052631578988,100.55313000000046,63.16289700000029,4.456978199999999,1.020901793685568,0.7231578947368421,0.0,0.4581749049429657,0.9939819458375124,0.0896174351826886,0.1084351573252095,1.0909437486329034,87.70620010409024,0.8030318118655929,0.0,False,False,False,False,pachytene,112,off_axis,45.01027742404558,8.72
261,2.791869000564606,102.64484429135938,56.16933330321911,20.77186419,1.70527969825211,0.6473178994918125,0.2503600576092174,0.4450848543067563,0.9951820128479656,0.0776984387614495,0.0631803598694095,1.505253846933532,87.47286887312202,0.8047703808174874,0.562499611448623,False,False,False,False,pachytene,113,off_axis,39.32793551858795,8.72
755,7.9344817574760675,102.4321376754081,55.54829941933629,24.238924074,1.7953187902136587,0.528791251330688,0.1783665204184947,0.4978434996919285,0.9609012591119946,0.1976315964689309,0.1031361130040831,1.2321578977507603,87.07424996243624,0.8048000927729083,0.3582782953455656,False,False,False,False,pachytene,113,off_axis,38.675843837569204,8.72
613,6.420962638841801,106.18590817906647,47.83563976438776,34.84653219,2.026237359621776,0.6360148098283407,0.2234668964526784,0.4686517477344183,0.9931188990238438,0.1717307224180272,0.1680609048955529,1.3375630972403318,88.18926760505747,0.8059308479517895,0.4768293248301627,False,False,False,False,pachytene,113,off_axis,34.008095475498045,8.72
730,7.801969640874019,104.29952390225834,49.853661614217344,31.67973189,1.962897533850665,0.5379489078119215,0.1583490693282978,0.510576923076923,0.9739608217869088,0.1811596596172075,0.1019054348771712,1.2202653816573688,87.03995670633552,0.8063663274182159,0.3101375369141803,False,False,False,False,pachytene,113,off_axis,34.59372495011091,8.72
680,7.493503218527922,121.4114797531337,31.55154373880181,35.348528681999994,2.0359209475011912,0.6845178843984339,0.1923207611281006,0.4408918805216659,0.9980062660210768,0.0566042534870847,0.0855753398150683,1.2767302323496676,97.46695552671609,0.8063947554282626,0.4362084438945564,False,False,False,False,pachytene,113,off_axis,37.29718746490761,8.72
354,3.416081284495782,105.6181757400931,48.88928538635162,18.700542216,1.6466015878722813,0.5709984947315605,0.11284046692607,0.5181286549707602,0.9934324230902176,0.1028555785525775,0.0693418023145243,1.4827091244747264,87.98485474813873,0.80652256950498,0.2177846483561849,False,False,False,False,pachytene,113,off_axis,34.525851534438814,8.72
573,6.056856187290832,100.06748345208798,57.95650799040362,32.263830612,1.9748878588226104,0.6297804275119965,0.2964907432992539,0.4220345640219953,0.9883409785932722,0.0708788299453987,0.0405379898748382,1.534691114648348,85.59503960933047,0.8072965246386946,0.7025271590878553,False,False,False,False,pachytene,113,off_axis,39.95380195110469,8.72
241,2.8500977995110315,102.48685848410632,52.07749811735956,19.18846404,1.660799483459631,0.5926650366748166,0.1318394997394476,0.4915966386554621,0.9956666666666668,0.112324383436358,0.0923378938335274,1.7715238986632167,86.02581077102678,0.8099252945328692,0.2681863328033209,False,False,False,False,pachytene,113,off_axis,35.602197362536145,8.72
196,1.7217659624970476,106.50308886779148,45.41073239971541,9.882762713999998,1.3312611336748412,0.8666033705198196,0.0140350877192982,0.4697508896797153,1.0,0.0841123708430026,0.281173877806198,1.1761268673982457,87.72132620120641,0.810849927713656,0.0298777246145668,False,False,False,False,pachytene,114,off_axis,32.30641753048655,8.72
849,8.71454181893391,116.49683070399372,36.32624541818928,34.020818334,2.0101048688988907,0.6979935185823622,0.2030567685589519,0.4317351598173516,0.9874700830634944,0.0591931561943921,0.071219840514313,2.0308653752870653,94.31952980223637,0.8110082068193508,0.470327152981602,False,False,False,False,pachytene,114,off_axis,34.51686371119294,8.72
865,8.248555758683835,102.43910890310704,48.56518480804265,12.831405659999998,1.4523185192839392,0.6956124314442413,0.0474828375286041,0.5723723723723724,0.9986329460013672,0.4114422269350115,0.471085465119442,0.8873185796867628,84.86702654369228,0.8111250324715389,0.0829579480431541,False,False,False,False,pachytene,114,off_axis,32.52014110253588,8.72
814,8.385230944687072,99.65359025850692,54.57087961414036,24.682276116,1.8061987290987649,0.6039726287777989,0.1843805049911919,0.4854811615070794,0.990333248537268,0.0878763452668768,0.0865308501156283,1.2199457501173918,84.12916124854819,0.8111765903871023,0.3797892062769634,False,False,False,False,pachytene,114,off_axis,36.65427328547572,8.72
91,2.1102771757727843,117.12127403330967,30.273148289037778,41.130871452,2.141376836770482,0.7103342078247976,0.2529783791734078,0.4185863358928923,0.9991963260619976,0.0196426585718594,0.0466166527503702,1.905978494644998,92.99276768706937,0.8114897354818599,0.6043636819481366,True,False,False,False,pachytene,114,off_axis,32.820679151728505,8.72
860,8.56630016492584,97.61408246289002,60.19363416712371,8.533940364,1.2677112122242489,0.8271028037383178,0.029320987654321,0.4785373608903021,1.0,0.0741377678940848,0.1857849416183644,1.4355374798614249,83.97742263659455,0.8118407481465578,0.0612720971248103,False,False,False,False,pachytene,114,off_axis,41.27834862001487,8.72
188,1.3693399574166067,97.76934304471112,60.749574485449536,6.610402403999999,1.1642504902005455,0.7746628814762243,0.0661764705882352,0.4535433070866141,1.0,0.0851536033307567,0.1291400850305369,1.1232238549496325,84.30092236757366,0.8121661887448604,0.1459099264705882,False,False,False,False,pachytene,114,off_axis,41.85545456104552,8.72
416,4.30168867055582,103.28894980042811,47.23725455940951,22.920596838,1.7621617535717418,0.6697369767679868,0.0338323353293412,0.6473504803222807,1.0,0.0436299280809969,0.0522624926875045,1.274554379743753,85.25204013227514,0.8123913967973595,0.052262779371845,False,False,False,False,pachytene,114,off_axis,31.84832961104239,8.72
313,3.402706007009506,98.81311772760584,55.863689273780295,28.780350282,1.9010891739375309,0.5984187790365962,0.164348710990502,0.5057844530140044,0.993642720915448,0.1669192697623894,0.119908630712521,1.7087834055276676,83.74189860295012,0.8130993465031319,0.3249382419944638,False,False,False,False,pachytene,114,off_axis,37.55271156128032,8.72
665,6.82837801964455,111.06634338333062,38.17501688346286,35.346182904,2.035875910980637,0.6499203610299973,0.3045484508899143,0.4168720379146919,0.9982122541849504,0.0273367251568962,0.0385651732406792,1.6422816689122766,89.75527599228681,0.8133462313761367,0.730556197564483,False,False,False,False,pachytene,114,off_axis,30.792847961797296,8.72
729,7.199666527719956,101.03588697373966,47.346331263025526,11.255042843999998,1.3902284797719289,0.6506877865777407,0.0356731875719217,0.5548926014319809,0.9977426636568848,0.0306152269341161,0.0356648685317077,1.183735590252322,83.14977830135102,0.8152672892797551,0.0642884541618718,False,False,False,False,pachytene,114,off_axis,30.759135790742764,8.72
259,2.9268043594238984,100.09313643777402,50.92662024236077,30.778953137999995,1.944114077464845,0.6336407286030028,0.2265486725663716,0.4919908466819222,0.9987348635459968,0.0633825386565897,0.0717726209689594,1.5005181760168034,83.39070593741765,0.8156114102737143,0.4604733484256019,False,False,False,False,pachytene,114,off_axis,33.497474927173826,8.72
693,7.093187239117489,96.79879993291398,55.44970494186052,31.470957647999995,1.9585760960228715,0.5302623732856291,0.2221673660824488,0.4965090447476991,0.9778472765181132,0.0927331303582422,0.0431320665701268,1.514426117869386,81.70024210335022,0.8163862386259901,0.4474588498087543,False,False,False,False,pachytene,114,off_axis,36.505076714039824,8.72
494,4.990504270028611,100.75403564457118,45.48644042293682,23.073072408,1.7660606196409323,0.6432492883285889,0.2417891097666378,0.4588201766885152,0.9963574550752792,0.0799088746420895,0.0946726705437537,1.6852062275898472,82.29283044303477,0.818960002467673,0.5269801156342435,False,False,False,False,pachytene,115,off_axis,29.0133315979066,8.72
374,4.046276595744795,95.96527189969524,54.62802599543995,30.87043848,1.9460383579205969,0.5432370820668693,0.1925040300913487,0.5225420063217435,0.9933712121212122,0.1505670305408353,0.0924523821934112,1.834956642093167,80.64921600612749,0.8193923341230129,0.3683991483219029,False,False,False,False,pachytene,115,off_axis,35.47369413311195,8.72
813,8.48780074028347,98.12178761566828,50.92762402837908,30.420049104,1.9365279392565884,0.5997840838988279,0.204719583205639,0.4693641618497109,0.9964590710268694,0.0854056934267678,0.0614149851845002,1.2646449146547996,81.52136431142854,0.8196369109547592,0.4361636440218663,False,False,False,False,pachytene,115,off_axis,32.702258773406264,8.72
697,7.569411061285281,114.8558182780258,27.51057644843064,39.23313705,2.107923320978763,0.6638565022421525,0.2524930195452732,0.4475275702596941,0.994451211259981,0.0687569758656932,0.0631749263898973,1.953326879864884,89.96836241557364,0.8207127116078141,0.5641954514640406,True,False,False,False,pachytene,115,off_axis,29.91088884795659,8.72
240,2.80452146200569,97.78685380937937,49.27143068419454,23.553956898,1.7782456523614796,0.578030076685589,0.1561441943835889,0.4873731413736134,0.9867320449956736,0.0574537231306323,0.029221276065828,1.624749570524216,80.67864973501761,0.8216396719137958,0.320379153318773,False,False,False,False,pachytene,115,off_axis,31.044172601327727,8.72
858,8.573128689492414,93.62403301062686,57.84782486422708,9.93436983,1.3335743635810602,0.737190082644628,0.0869565217391304,0.4501347708894879,0.996517196343056,0.0357189176506191,0.0335338595813845,1.217839116903099,79.44950908452432,0.8217455925923957,0.1931788596719605,False,False,False,False,pachytene,115,off_axis,38.01436958105553,8.72
753,8.008121827411207,95.1897300999372,52.45521838515217,29.575569024,1.918439759596464,0.5317258883248731,0.1733408008961074,0.4983062330623306,0.9847244953627932,0.0651532964734714,0.0392567526536781,1.4224154902435042,79.22484090607648,0.8217783755663953,0.3478599892898091,False,False,False,False,pachytene,115,off_axis,33.169765014560745,8.72
694,7.696477119066182,97.67956292790404,46.02603554907112,32.960526677999994,1.989001807541148,0.6094228168813607,0.2199004975124378,0.4329446064139942,0.9887312997862832,0.1425216940147117,0.1010815826011367,1.5961176466933114,79.54801578907714,0.8227292804254889,0.5079183208536442,False,False,False,False,pachytene,115,off_axis,28.035493974355443,8.72
517,5.392513836294783,93.47318424118966,54.13047256044198,32.212223496,1.9738343296970229,0.5948150305854938,0.2581333333333333,0.456685837526959,0.996234309623431,0.0745512744972187,0.0591546029880255,1.6658825976233012,78.12794100740535,0.8248633580569934,0.565231746031746,False,False,False,False,pachytene,116,off_axis,34.352214949366555,8.72
287,3.4655062405550803,107.32579703923408,35.56316327866928,41.912015526,2.15484802296442,0.6988862148094253,0.2251188247155408,0.4542750929368029,0.9993222636394442,0.0584264581764944,0.1165022934808412,2.5578526499280865,85.37965212254002,0.8254747469381102,0.4955561689728353,True,False,False,False,pachytene,116,off_axis,26.230724533067765,8.72
190,1.6701909959072068,98.7646319406553,43.63267377216978,13.755642191999998,1.4863830827082538,0.8743178717598908,0.0623409669211195,0.4966078697421981,1.0,0.1362522841309283,0.5172570560068449,1.2951181430736531,79.81835318131823,0.8259909894480766,0.1255335863958063,False,False,False,False,pachytene,116,off_axis,26.40804380169186,8.72
415,4.1763989747971815,97.20020994232988,45.46958845578876,21.965865192,1.7373469981748926,0.5145237078171722,0.1181377303588748,0.5241970963484381,0.988536492166603,0.1816146711877674,0.0762175180467162,1.633395199870901,78.9169807966368,0.8264636981950935,0.225368914062713,False,False,False,False,pachytene,116,off_axis,27.328594754723184,8.72
238,2.8278641701046645,94.9352781973983,49.78616188511646,22.174639434,1.7428338478030114,0.6219189675235375,0.202766004907428,0.4653049804141018,1.0,0.027875604646738,0.0408958633457996,1.6555414384996296,78.13735185192725,0.8269175508323361,0.4357701151768778,False,False,False,False,pachytene,116,off_axis,30.543189867555736,8.72
711,7.295875754961588,105.85477475410109,34.394591147540325,40.78135053,2.1352939269742204,0.7298245614035088,0.3118956929387635,0.3947200340642963,0.9984428873317762,0.0619912751860524,0.1017962747320734,2.04907422015659,83.61404146037108,0.8271602114166152,0.7901694011506862,True,False,False,False,pachytene,116,off_axis,24.356583450851964,8.72
847,8.652566861358777,99.68247611435758,41.47850049185317,7.630815833999999,1.2213143341577464,0.8367660620965263,0.0130111524163568,0.4519774011299435,0.9978494623655914,0.144173622289636,0.3594553737282403,1.3282170217754246,80.00592095135633,0.8274200739190019,0.0287871747211895,False,False,False,False,pachytene,116,off_axis,25.05598936240041,8.72
812,8.359241830065502,92.54321356862874,51.2118563921579,17.9452017,1.6241267207465293,0.6738562091503268,0.1930789133247089,0.3811623246492986,0.9765529841656516,0.0981251496503071,0.1006350653891395,1.337772758808077,76.32066164710761,0.8280806255476645,0.5065529850106717,False,False,False,False,pachytene,116,off_axis,31.300154055010875,8.72
859,8.85456405011486,94.8071242521104,48.307573600101,18.348675516,1.636208723334878,0.6539248274098697,0.1395422759059122,0.4344292574806058,0.9869077306733168,0.0381931206164234,0.0379907653472081,1.28805300025243,77.5470562963601,0.8287124665449414,0.3212082830589324,False,False,False,False,pachytene,116,off_axis,29.09640988466121,8.72
353,3.806218578389808,91.48360420759424,52.75623956222408,30.328563762,1.9345846833616536,0.5795498491762704,0.223982869379015,0.4805003679175864,0.9926174496644296,0.1267821636008557,0.0799230453235858,1.8417309051062452,75.80532157001409,0.8297984295431438,0.4661450528117632,False,False,False,False,pachytene,116,off_axis,32.60609733361496,8.72
664,6.858079592125931,94.3414475145176,45.24451446679058,33.127076916,1.992346336584061,0.6281688146154936,0.2659024185656368,0.4482955627499524,0.9899708242159008,0.1144681320249799,0.0857207908013169,1.6243431215498845,76.13432868637675,0.8302820345300407,0.5931408665625143,False,False,False,False,pachytene,116,off_axis,26.045791424198192,8.72
89,2.210558771709102,108.41664806820891,28.607364585954404,37.279103976,2.072330180896428,0.672036244651397,0.2810042764519244,0.4061780506523407,0.9974152785755313,0.035506579347839,0.0382600683306966,2.6835152378611737,84.20905812844845,0.8304564399188582,0.6918253608254274,False,False,False,False,pachytene,116,off_axis,24.02896109846378,8.72
237,3.038075008297345,93.2023330036521,46.58291761035481,35.33914557,2.0357407894622885,0.618718884832393,0.2428157131558133,0.4808495821727019,0.9966216216216216,0.0863192562397964,0.0547498265269917,1.9100664076946017,75.47828340379716,0.83302382554056,0.5049722868816044,False,False,False,False,pachytene,117,off_axis,26.97561994265635,8.72
727,7.709187813221293,89.62651615623277,51.96681294248695,29.488775237999995,1.9165612744958145,0.5558030387399571,0.2445887445887445,0.4690186246418338,0.983841059602649,0.0719698145234221,0.0451222771080916,1.6625836598933448,73.79375906390625,0.8337462803973139,0.5214904733805077,False,False,False,False,pachytene,117,off_axis,31.547132111311274,8.72
492,4.7117929050814364,94.10698906999122,41.70816788111238,4.893292907999999,1.0531838752645732,0.7564717162032598,0.0,0.4665354330708661,0.9991694352159468,0.0246994398441041,0.0393355097581486,1.1406564115259643,74.79084748777117,0.8353325513226906,0.0,False,False,False,False,pachytene,117,off_axis,22.65020700233981,8.72
792,8.421476603119473,91.23250560831782,46.85710427729593,33.83784764999999,2.006494808867588,0.666897746967071,0.3039258293495581,0.4393340270551509,0.995643053090205,0.0837105972772005,0.1011894753874352,1.480248234562147,73.69699104088525,0.8367260732035106,0.6917875935692216,False,False,False,False,pachytene,117,off_axis,26.76669367652493,8.72
258,2.82676291927106,89.97949948058685,49.96294981072353,26.645692302,1.8528750487862584,0.6017255040056343,0.2108843537414966,0.5159151193633952,0.9954128440366972,0.0644560156620384,0.0672756499821112,1.836221063303104,73.49325581231848,0.8369036252402643,0.4087578476120526,False,False,False,False,pachytene,117,off_axis,29.60804322233535,8.72
549,5.523400790881566,87.43878492672916,52.54171099092799,20.168999244,1.688619940576055,0.5462898348453129,0.2221335992023928,0.4711612407075109,0.9383207321925984,0.0973121148935889,0.0739490863422642,1.9298993031488143,71.9011366892968,0.838219682159147,0.471459831604208,False,False,False,False,pachytene,117,off_axis,31.926937935485462,8.72
846,8.246378504672876,95.17988516355132,37.85995934579356,4.015971936,0.9860539715525448,0.6962616822429907,0.0,0.4461538461538462,0.9963235294117648,0.0822750559546141,0.0698411403749355,1.1478352673958725,74.58841435147495,0.8398118788578547,0.0,False,False,False,False,pachytene,118,off_axis,19.620143562114617,8.72
754,8.06171448688634,100.00048862876396,33.97246387959846,39.979094454,2.1211991668614294,0.7005808836472451,0.2690159003008164,0.4616892024299431,0.9972877358490566,0.0920593235713012,0.1393320188143007,2.5091818159792765,77.92791390626752,0.8398270888503353,0.5826774784529144,True,False,False,False,pachytene,118,off_axis,19.508542500061864,8.72
414,4.570652381863482,90.41654207001952,44.55004516931408,36.784144818,2.063117762445998,0.5885466488106625,0.2183183910831112,0.4693118412895226,0.9931196813326092,0.1300671737747412,0.0911400190747331,1.9409521161808567,72.19171796131774,0.8401163829530126,0.4651883286883202,False,False,False,False,pachytene,118,off_axis,24.343465322844434,8.72
811,8.502454489670926,87.16119790345903,49.15753392309217,22.937017284,1.7625824606912397,0.4868071180200449,0.1031277926720286,0.5516141889198884,0.981876761981474,0.1033630587575467,0.0567217171295718,1.4026761144636275,70.56499346039541,0.8404121746637822,0.1869563813685837,False,False,False,False,pachytene,118,off_axis,28.532950131007926,8.72
631,6.7346212209641,105.59535066534616,25.625522003035574,40.19256025199999,2.124967802746261,0.7099918291117078,0.3295101875590338,0.3986717649426444,0.9991607720896776,0.0418134147451961,0.0705276210977338,2.442317505753431,80.58796871838017,0.8410148102665957,0.8265200009999187,True,False,False,False,pachytene,118,off_axis,20.466835583609225,8.72
84,2.5499723093963205,100.38706259922688,33.515194683404445,38.12123827799999,2.087818764997006,0.6272844748015507,0.1964712125232157,0.5119696219250454,0.9890045447881542,0.105814825262882,0.082860595391133,2.990422337098457,78.14958043137135,0.8410800256105717,0.3837556060151944,False,False,False,False,pachytene,118,off_axis,19.488265010870027,8.72
311,3.504739134147376,86.82016399966008,49.41080457689338,27.471406158,1.8718200440488943,0.5949961574587994,0.2129107202124128,0.4992620704195656,0.9993108201240524,0.0285549892184812,0.033004044554592,1.7620142287810128,70.32184486663613,0.8420971919721045,0.426450821776805,False,False,False,False,pachytene,118,off_axis,28.771088232544756,8.72
726,7.802778658884629,87.72573446679029,44.99094471230223,36.97649861399999,2.0667077040419657,0.5667702848442555,0.2896817141668401,0.4114804510177186,0.9809064204783886,0.195549055447386,0.1112138225969138,1.6903518529540134,69.77948849854887,0.8445932383076815,0.7039987281300181,False,False,False,False,pachytene,118,off_axis,24.411841634045285,8.72
610,6.479193792918996,84.34027900650831,51.59450440560124,26.303208714,1.844902306944635,0.5053063408543654,0.2000288433804442,0.4860284838651523,0.9031227821149752,0.0509926542503799,0.0080164211614184,1.720428395031827,68.66217243769485,0.845388047271557,0.4115578613617671,False,False,False,False,pachytene,118,off_axis,30.966155422974033,8.72
85,1.6957451952132951,101.375986836698,24.829787706998804,38.813242788,2.1003762871217853,0.6703130666021999,0.2012007614584858,0.5173235563703025,0.999626400996264,0.0966065356218611,0.1296772558076298,3.0985131714845924,76.33398506117376,0.8475902237850904,0.3889263478937067,True,False,False,False,pachytene,119,off_axis,16.182435350676727,8.72
790,8.26150121065364,83.99517239709364,47.93278457626941,29.06418942,1.90731841553883,0.5489911218724778,0.166716373396958,0.4865783822476736,0.9810510358767054,0.086443662625697,0.0578101157723259,1.457681039584619,67.17400399960826,0.8476948613557336,0.3426300458044138,False,False,False,False,pachytene,119,off_axis,27.328541891353492,8.72
373,4.187547322877356,86.62086885478568,44.61804783666948,34.698748175999995,2.023368879006718,0.5797052460789616,0.2275099403578528,0.465015280682001,0.995575221238938,0.1639294907984732,0.0982574808618417,2.246713320310114,68.61339733061207,0.8482815032714554,0.4892526112780253,False,False,False,False,pachytene,119,off_axis,23.97423588111777,8.72
829,8.65823361219979,102.05147535211128,25.200818209255694,44.302363308,2.195058479644099,0.6588478237848141,0.2844291426032874,0.4331832997051063,0.9923982344286416,0.024858818947764,0.0384849454786027,2.364667413557966,77.09225619301657,0.8486501115915085,0.6566022808287284,True,False,False,False,pachytene,119,off_axis,16.931723425925732,8.72
284,3.272537726908265,83.34052526791612,49.58006686593292,32.177036826,1.973115369070406,0.6027557046001313,0.2115468094342353,0.4773352908790604,0.998439328911432,0.0992628509086911,0.0696930235607721,2.009094972635007,67.07535859321038,0.8495687945189356,0.443182839141541,False,False,False,False,pachytene,119,off_axis,29.019437391512955,8.72
677,7.172929007161135,81.03363904164226,51.20331316417754,26.533094958,1.8502614509609436,0.5421271328794979,0.1898951978726732,0.5207569028770033,0.98113763631005,0.082863976012246,0.0653063997818815,1.8497679573118448,65.40208222345808,0.8526604907892824,0.3646522913543103,False,False,False,False,pachytene,119,off_axis,30.90378314244673,8.72
724,7.440701247063252,83.51321673594816,44.53905517802439,25.958379348,1.8368047275270605,0.589553587565516,0.1716213751595842,0.5176133861734918,0.999276585483482,0.142399359384593,0.1249893568521285,1.566845926473397,65.64100582626739,0.8532099823909534,0.3315628608995455,False,False,False,False,pachytene,120,off_axis,23.982657065058383,8.72
767,8.238353956834661,95.27700447194312,29.74414154244494,40.75789275,2.13488443536825,0.666705035971223,0.2840009891196835,0.4363667760317734,0.9970421810699588,0.0601149679435518,0.0564449870068895,2.7156079302636176,72.10759150427815,0.8533987006105938,0.6508309172901018,True,False,False,False,pachytene,120,off_axis,13.171031920887483,8.72
371,3.968789910600304,83.37517167145616,44.63974200191719,29.387906784,1.9143735334171523,0.5243454661558109,0.1710947280567534,0.5376741063936902,0.9934019530219056,0.230853975190576,0.1169937836940595,1.957183596181686,65.5420020319066,0.8547294942352671,0.3182126980306472,False,False,False,False,pachytene,120,off_axis,24.096066888643776,8.72
810,8.17747589833483,84.97188575810569,40.444782120947046,5.353065396,1.085187160108367,0.2418930762489044,0.0,0.4832369942196531,0.5913978494623656,1.3434572820853905,0.0550193554945778,1.0340264963298174,65.72643705294797,0.8559957190778534,0.0,False,False,False,False,pachytene,120,off_axis,19.7996869435339,8.72
765,8.248246017861886,79.73389815854836,46.87286022465623,25.477494858,1.8253915583309328,0.6585949728385968,0.092511013215859,0.6089536138079827,0.9977888336097293,0.1107409552409972,0.1311427464640734,1.5593813281597602,62.79651646657281,0.857091677017175,0.1519179969018624,False,False,False,False,pachytene,120,off_axis,26.892141983993266,8.72
493,5.542842117564792,100.30124069183294,19.598939751082128,40.145644692,2.124140677286986,0.7074325113941802,0.3120362737015664,0.4208108647892949,0.9998813197246618,0.0575739004548304,0.0833775119822234,3.31541921562136,73.6563586142715,0.8573650517089243,0.7415119233145434,True,False,False,False,pachytene,120,off_axis,14.599848606657721,8.72
393,3.980465334166295,79.25484137257779,50.30280484853319,30.044724624,1.928530623532619,0.5618363522798251,0.1988579586009993,0.5294012829650748,0.9910591471801926,0.1217174584968988,0.0672752070651933,1.9161168967465347,63.42955572818745,0.8578244235327943,0.3756280254691377,False,False,False,False,pachytene,120,off_axis,30.34391473938476,8.72
394,4.504530783024526,92.34768188284562,30.3693008607286,39.24486594,2.1081333571819245,0.5893604303646145,0.189762943743366,0.4966521106259097,0.9956486704270748,0.0388136829879657,0.037457043406697,3.2916656114833627,69.5275657828505,0.8587274925363841,0.3820842390143389,True,False,False,False,pachytene,120,off_axis,11.74444477482999,8.72
662,6.765384976966963,79.71472559932255,43.90407879101373,24.952040586,1.8127551722407296,0.63974804926201,0.1121408711770157,0.593945720250522,0.998990103009493,0.1031347276017706,0.102704781276684,1.851883679409689,61.837149375095834,0.860674870080582,0.1888065985721987,False,False,False,False,pachytene,121,off_axis,24.012312059572967,8.72
257,3.1082558545961976,80.04003674239904,45.46656580915837,33.556354289999994,2.000915371491487,0.5598741698706746,0.2285259159416738,0.508418043202033,0.9924258818437568,0.1563245543184411,0.0988437706094876,1.889370185754402,62.64103023414354,0.8608601756499397,0.4494842757790623,False,False,False,False,pachytene,121,off_axis,25.453001559385992,8.72
661,6.908828280908523,76.89499659792779,50.6258605720817,24.684621894,1.8062559470393451,0.6100921790363965,0.0785986975072984,0.6339263953204972,1.0,0.0729409417754116,0.0675249030148097,1.8485605068952424,61.29385723167292,0.8616206173950555,0.1239871033727202,False,False,False,False,pachytene,121,off_axis,31.243989582127785,8.72
766,7.719497334348912,82.10806153846251,38.36222313404515,12.320026055999998,1.432762938453754,0.6924980959634425,0.0610465116279069,0.5461300309597523,0.9977941176470588,0.077482030463506,0.0966632414709753,1.077513429462013,62.35011157971638,0.8631880628145738,0.1117801771871539,False,False,False,False,pachytene,121,off_axis,18.070962367176758,8.72
828,8.798965178248054,95.11510399958608,22.49577094220443,45.336851406,2.2120125268270754,0.655352615511978,0.2166294249088557,0.4559375469148776,0.9923884211740284,0.0740748059279755,0.0771699706777825,2.503947402849801,69.65611409109168,0.864585253026128,0.4751296013559065,True,False,False,False,pachytene,121,off_axis,9.553147646472192,8.72
723,7.859769923307996,76.20580598532943,44.509467314106494,28.139952888,1.8868827706366644,0.5179226408802935,0.186981583017011,0.4829673180010375,0.9627480916030534,0.1996962845016777,0.0924660998824618,1.661119080749668,58.70115636808462,0.8662169999579319,0.3871516271347565,False,False,False,False,pachytene,121,off_axis,25.641825356502366,8.72
283,3.130503833515801,76.90726404709721,47.2131556681259,25.700343768,1.830698283763984,0.6173786053304126,0.0674082313681868,0.6235687022900763,0.9991925716592652,0.1239360375030769,0.1230681857688859,1.7314458700420703,60.22357269126302,0.8663250369397141,0.1081007291107265,False,False,False,False,pachytene,121,off_axis,27.983697045769844,8.72
334,3.5154301106750108,93.23309624055764,21.91329402119777,40.058850906,2.1226087947741674,0.7091409498155414,0.2871699196326062,0.4121199919468492,0.9969494309515428,0.004250048441764,0.0259273765237583,3.093459019079844,67.6865259393151,0.866504759082101,0.6968114268759916,True,False,False,False,pachytene,121,post,7.5971861352627945,8.72
432,4.737567594140282,76.79648724805844,43.6631931275201,23.858908038,1.7858870358441437,0.6262904335856848,0.0965058236272878,0.607997895290713,0.9972079037800688,0.1664257670718671,0.1709600176264044,2.359127632762469,58.99307658872153,0.8682968771835615,0.1587272330624496,False,False,False,False,pachytene,122,off_axis,24.651943071680126,8.72
809,8.565063587194567,74.28059693027498,47.30131127028135,32.094934595999995,1.9714357535607976,0.5239731033474638,0.1488499738630423,0.5350836787962536,0.9814180929095354,0.0508752023850857,0.0241147401684877,1.5709754162010914,57.76034581603719,0.8688170541102284,0.2781807402496398,False,False,False,False,pachytene,122,off_axis,28.899999398270225,8.72
413,4.246293577981555,73.7587880642207,50.439721486239925,25.5689802,1.8275738383434077,0.6019266055045871,0.0482561965343276,0.6464623185065683,0.999163529903806,0.1121671153580541,0.0990990287360123,1.8514499354324063,58.26041405314408,0.8696031023198711,0.0746465728208369,False,False,False,False,pachytene,122,off_axis,32.04194703223276,8.72
725,7.735248672139455,88.5131873394504,24.885049541284648,48.58106237999999,2.263564110789764,0.720328343795268,0.3072598971414902,0.3970994475138121,0.9978040863089556,0.0322593894265663,0.0582344444151075,2.7024449870941094,64.15221259670999,0.8712532693978399,0.7737605757580486,True,False,False,False,pachytene,122,post,5.053870956603227,8.72
708,7.649750000000051,72.2493087321415,50.27405903571561,26.2727136,1.8441890573050543,0.6033928571428571,0.0554964916011057,0.6494822152183701,0.995164215192424,0.1583492858530844,0.1333546188961738,1.9269586663689624,56.77627941929726,0.871715913352446,0.0854472844686695,False,False,False,False,pachytene,122,off_axis,32.363375546998235,8.72
395,4.80431434718595,93.50470666968818,16.676078394291807,41.431131036,2.1465749651710606,0.6010078133846677,0.2479188900747064,0.4495530012771392,0.9976700838769804,0.0606828166168017,0.0532587001084108,3.459931872063972,66.2837876295439,0.8727383573045646,0.5514786674104977,True,False,False,False,pachytene,122,off_axis,8.727101524946795,8.72
281,3.3541440217391254,73.33798076596457,45.789205052649706,27.623881728,1.875276734179724,0.5981657608695652,0.0927914110429447,0.635883347421809,0.994412292955498,0.0836778787197729,0.0716119940967092,1.943861072561568,56.428996627712976,0.8745624403098544,0.1459252100549068,False,False,False,False,pachytene,123,off_axis,27.764759295525586,8.72
629,6.2759975227815845,72.27360209678724,43.72519319649765,26.514328734,1.8498251328428448,0.6467309563832611,0.0871056241426612,0.6050588529927373,0.9996359002366648,0.0379291147313328,0.0273355730550287,1.908708814495273,56.428996627712976,0.8754425591222915,0.1439622339410787,False,False,False,False,pachytene,123,off_axis,26.200212144488525,8.72
70,2.554283442110548,75.99030052240869,62.20625809384026,171.08228109599995,3.443807025202569,0.5435199912247024,0.1798585963097085,0.6104169169770516,0.9969670872804882,0.0824512809177305,0.0564556818629281,1.17245371646003,64.10712580861194,0.8754797753300443,0.2946487741532732,True,False,False,False,pachytene,123,off_axis,42.674913022797504,8.72
691,7.8625423950869315,73.67917042460518,59.32367508115063,161.15260282199998,3.3758481635123347,0.6014643590154151,0.2478709960991154,0.5573980057708463,0.9979201184474918,0.1178468911020534,0.1351999637706873,1.0730019709429333,61.00135546705957,0.8761516618631592,0.4446930084658725,True,False,False,False,pachytene,123,off_axis,40.50115283331459,8.72
78,1.7771919399275131,88.13148716979221,23.215047820214014,43.422696558,2.1804329022299034,0.6422667603046837,0.2994075327972916,0.4521292660827544,0.9981285090455396,0.0683706722005321,0.0697626327948613,2.980940314063313,63.260766400532155,0.877431939348658,0.662216660715987,True,False,False,False,pachytene,123,post,3.4996400167533173,8.72
352,3.748977604673766,69.99393433655,48.92786353899162,26.500254066,1.8494977591287536,0.616800920598389,0.1427722772277228,0.562947562947563,0.998546511627907,0.125170097980881,0.1202388213718669,1.851430832789078,56.428996627712976,0.8783500226822195,0.2536155880668083,False,False,False,False,pachytene,123,off_axis,31.878925964275638,8.72
789,8.507693574958584,69.69030956342745,46.47795306425018,28.47774492,1.8944028080113224,0.5784184514003294,0.1063383970665269,0.5918327471668621,0.991375683634834,0.0780995210239207,0.0659647958778677,1.7487263843490797,56.23477163790693,0.8787975683937398,0.1796764332078193,False,False,False,False,pachytene,123,off_axis,29.755405770640863,8.72
791,8.462778840025383,89.3452969566603,18.62732965264533,44.166308184,2.192809124856264,0.7075100913533037,0.3552277250907387,0.4185581986562556,0.9970177867717542,0.0605767379715804,0.0808465294377906,2.7501554284922887,62.95753371105666,0.8794680753352196,0.8486937449347932,True,False,False,False,pachytene,123,post,4.138830135040463,8.72
608,6.686105869500357,68.24631681398444,50.77414627073325,23.619638682,1.7798970372866745,0.6207170523388619,0.011134127395132,0.6169154228855721,0.99887867234806,0.1765463930494997,0.161282935457726,2.219354574569778,56.428996627712976,0.8805915887492858,0.0180480613421092,False,False,False,False,pachytene,123,off_axis,34.26510033354222,8.72
588,6.387511230907244,83.21725050539085,25.45211160714339,41.773614624,2.152473510687516,0.6952493261455526,0.3332923832923833,0.4059332964805601,0.9992778045257584,0.0236720401050066,0.034602569452227,3.076533094543023,59.30923236182989,0.8812823272185909,0.8210520944747001,True,False,False,False,pachytene,123,late,5.344697372833119,8.72
676,6.891937013849439,79.34800546385779,29.499309163345792,12.364595837999998,1.4344886133914434,0.8757351546196168,0.0150375939849624,0.4916030534351145,0.999760708303422,0.034840003335824,0.1372140813535064,1.4214494988219613,56.922646738696486,0.8831314433983495,0.0305888945967402,False,False,False,False,pachytene,124,off_axis,10.409781213581644,8.72
351,3.6118310333222223,68.67648933019333,44.62949681925439,27.877225752,1.8809921405338956,0.6518848872433525,0.1337939698492461,0.5617597292724196,0.99394910126357,0.1411573911172917,0.1562826633642579,2.1688974867391817,54.54692704680611,0.8848566566175567,0.2381693860870617,False,False,False,False,pachytene,124,off_axis,28.492154967644684,8.72
764,8.465200659703173,71.263186146234,36.56342556349647,8.533940364,1.2677112122242489,0.7850467289719626,0.0200501253132832,0.4910485933503836,0.9987152034261242,0.1316112958755777,0.2304897849339492,1.3333008427433466,53.56400508091302,0.8862841754027584,0.0408312447786132,False,False,False,False,pachytene,124,off_axis,20.07869133308585,8.72
279,3.3008106454573616,66.14212128326525,48.88773480422116,30.673393128,1.941889009813176,0.6471397981033955,0.0695704779189352,0.6061985262245341,0.9940494832445976,0.1307718317452691,0.1353832193683178,2.135915411855616,54.0017947510448,0.8866487649489341,0.1147651716546182,False,False,False,False,pachytene,124,off_axis,33.41744104197802,8.72
675,7.27669710202477,67.08663706828025,44.07388666137549,23.636059128,1.7803094050534978,0.6121476776498611,0.081766917293233,0.6381780962128967,0.998886910062333,0.1456572676567902,0.1179210534566968,1.9719546016017109,52.86966572422841,0.8867716938561251,0.1281255464241999,False,False,False,False,pachytene,124,off_axis,28.644231652357554,8.72
827,8.759685977260883,80.97996172171263,21.95924105035149,43.32651966,2.1788218991747272,0.6345966432051976,0.3076528518670496,0.4362127722625574,0.994921822798343,0.0613378344327672,0.0447332416112877,2.679007272663778,56.36657728319902,0.8886855733182027,0.705281622707445,True,False,False,False,pachytene,125,late,2.7627009793932475,8.72
609,5.702229965156794,71.72784470383222,32.7883344250867,6.73238286,1.1713681165062766,0.2303135888501741,0.0,0.5423268447261205,0.2666666666666666,1.2988872252613908,0.0230046550026093,0.979529648844352,52.42487082713729,0.88876799841231,0.0,False,False,False,False,pachytene,125,off_axis,16.44969783208257,8.72
845,8.745746256376425,65.07730426197084,47.25536929405882,28.510585812,1.8951307446068737,0.6682573638308376,0.0512941176470588,0.6274801587301587,0.999041533546326,0.1987249486334505,0.2504252549265604,1.895700315578362,52.3569433759459,0.8888213291702179,0.0817461985584747,False,False,False,False,pachytene,125,off_axis,32.37201462111373,8.72
236,2.9989630665267617,84.79703885005068,15.006742240475647,40.26762514799999,2.126289865724636,0.6396364907375044,0.2367674275138803,0.4725185903653411,0.999177406087195,0.0730505443889501,0.0903879565982064,3.2158003411264158,57.49606690335425,0.8898620342161306,0.5010753700310858,True,False,False,False,pachytene,125,late,5.062699200769463,8.72
570,6.331036251710003,63.86448036935773,51.44099994870128,27.436219487999995,1.871020530862596,0.6074726402188783,0.0713996763754045,0.6162056196906992,0.9990358657925184,0.147224404658704,0.1281070502464744,2.451788103018585,52.98485544969356,0.8901068562526041,0.1158698883844052,False,False,False,False,pachytene,125,off_axis,36.68434255382221,8.72
392,4.210404229916321,64.7127411649321,44.81049652908212,27.506592828,1.8726188748235943,0.6235715504008187,0.0954918032786885,0.6415949252378794,1.0,0.0859294136596996,0.0920760323195809,2.3081355282714857,51.01336180489275,0.8927142800798572,0.1488350351949616,False,False,False,False,pachytene,125,off_axis,30.297141697155823,8.72
75,1.951154803812152,80.27473189233471,21.20182414355657,54.64255273199999,2.354041547260356,0.7225465785180734,0.285461580983969,0.4480891226984372,0.9981518682201688,0.1063519510825,0.138034688107351,2.698970595212111,55.41113834153147,0.8947921973224281,0.6370642948547623,True,False,False,False,pachytene,125,late,2.365000197789331,8.72
678,7.483147792706327,83.7257767699474,12.785018415136168,42.77526183,2.169541802175632,0.6485330408554977,0.2732736137884114,0.4284599781557185,0.9964751958224544,0.0415817900973438,0.0551571736972209,2.8644339168160418,55.06995491829767,0.8959786559755636,0.6378042937982261,True,False,False,False,pachytene,126,late,6.725430115951473,8.72
332,3.435881506174714,61.71582864610939,49.12387568755163,30.961923822,1.9479588403521209,0.6382301689521934,0.0845475460122699,0.6406282722513089,1.0,0.1011206262132451,0.1161095763385286,2.684094638896923,50.069962107530586,0.8961386874537757,0.1319759830691694,False,False,False,False,pachytene,126,off_axis,35.46402871171424,8.72
752,8.002074397567158,62.26579406535179,45.0835341261805,30.079911293999995,1.929283191556999,0.7275208609529751,0.0531165311653116,0.6307956496851745,0.998334827718714,0.1531017652338084,0.24562820574897,2.08797932033241,48.89872695489472,0.8965886456499982,0.0842056079362972,False,False,False,False,pachytene,126,off_axis,31.5582598869967,8.72
660,7.088873919389443,76.09962073088629,22.897808083528684,41.787689292,2.1527152258507707,0.6016054788368699,0.2880216693418941,0.4308862899816824,0.9956147220046984,0.0547677529272716,0.0402869541417714,3.205991928092654,52.31206024831684,0.8975342699797322,0.6684400874164234,True,False,False,False,pachytene,126,late,5.63664041444699,8.72
750,8.000603687387898,60.31390271659163,50.725518306413264,28.754546724,1.9005208517786167,0.630690161527166,0.0746116107931316,0.5882482880494809,0.9969566774078052,0.1194911641084738,0.1064557282090399,2.037992549988676,49.45646016881521,0.898641471255264,0.1268369365604607,False,False,False,False,pachytene,126,off_axis,37.50223153812791,8.72
74,1.892680067001609,79.85769889447428,14.017589183417986,56.01717864,2.373618258464013,0.6891959798994975,0.2893527384144005,0.4531123686337914,0.9983102399459276,0.0745477326329677,0.0877317371864936,2.9067128873331645,52.05862790122676,0.9008987402598184,0.6385893620314246,True,False,False,False,pachytene,126,late,4.002716993750332,8.72
389,4.226814285714374,59.184147578570496,45.53014772142917,32.840892,1.9865924400176036,0.6857857142857142,0.1089730605630949,0.553762218686065,1.0,0.0742044132270268,0.1109409108255876,2.73884161788266,40.958043443198456,0.9032997668677551,0.1967867378559338,False,False,False,False,pachytene,127,off_axis,32.90916535559298,8.72
390,4.23203203203208,58.03115265980348,50.98448996139166,32.808051107999994,1.985930021682393,0.6512226512226512,0.1207642393655371,0.5633456334563346,0.999702823179792,0.102846522225875,0.1306757347942204,2.743258090362498,41.28008683407856,0.9034093559607465,0.2143697087427548,False,False,False,False,pachytene,127,off_axis,38.47473222768536,8.72
864,9.083419408784923,76.89558351778106,16.114252692931345,47.69201251799999,2.2496710174055328,0.6797009492892627,0.36350307887792,0.3622542997542997,0.9943851768669288,0.0700495352823585,0.0720900196334759,2.5842969290003683,50.22962289335421,0.9039605130167422,1.0034472444480775,True,False,False,False,pachytene,127,late,0.8682527559348131,8.72
787,8.302165741900602,57.970090110972464,47.94176598353162,26.211723372,1.842760900556748,0.6091820297118311,0.0865927630202886,0.6427753606594916,0.9978065802592224,0.0723511623613024,0.0600807434326479,1.9711523989330824,40.420960577006554,0.9041306408965252,0.1347169918452442,False,False,False,False,pachytene,127,off_axis,35.55517748171404,8.72
256,2.9285494302434425,72.90352751770784,19.718188004312942,45.700446996,2.217910138708078,0.6286828867672724,0.2979425465838509,0.413602432955488,0.9935440484196368,0.0404422882797185,0.0376427616503224,3.347888036575971,48.086707977654804,0.9095933956708664,0.720359753338094,True,False,False,False,pachytene,127,late,4.064573665136257,8.72
749,7.909108527132109,55.78069156976787,45.09795123546606,29.050114751999995,1.907010485534199,0.6861272609819121,0.1217803886127428,0.6007203498842295,0.9998494656028902,0.0876282160305449,0.1258044244126866,2.432473377255704,37.560731817804765,0.9104679077570696,0.2027239274251527,False,False,False,False,pachytene,128,off_axis,33.38726610470184,8.72
674,7.479171381321395,54.30520580555175,51.29075368613559,26.950643442,1.8599167674775967,0.6642005396466185,0.0872959545777146,0.589942975635044,0.9961219813150008,0.2328176076946766,0.2717651881814244,2.506791897457971,-10.584966764737763,0.9116046690174804,0.1479735469072158,False,False,False,False,pachytene,128,off_axis,37.69776552131342,8.72
709,7.462897248736729,73.93060278495349,11.074140185288272,41.77830618,2.1525540884403966,0.5921953958450309,0.2500774393391843,0.456422965716646,0.9941400063351284,0.1034031462424927,0.0750137158246666,2.811367561901143,45.675085711213804,0.9163725214530972,0.5479072222987922,True,False,False,False,pachytene,128,late,4.235949317256207,8.72
330,3.396320252982651,53.19198788270703,47.16937460112029,32.639155092,1.98251629768227,0.6661635762541325,0.1062151241100635,0.6234660925726587,1.0,0.0975605111563696,0.1418806829435095,2.717780108888594,-7.957887728450611,0.916712116117452,0.1703623105978056,False,False,False,False,pachytene,128,off_axis,33.76728025724013,8.72
628,6.643259395471555,67.27118414549993,18.848189213884154,40.821228756,2.1359897024731005,0.5915412021606712,0.2564853556485356,0.418823860438942,0.9925625422582828,0.0348762531803015,0.0262472142799825,3.39180747261546,41.74324749234788,0.918341294594947,0.6123943258145083,True,False,False,False,pachytene,129,late,5.039638541626322,8.72
429,5.065201136533618,50.48164724091681,50.619666173173385,31.372434972,1.9565301263689,0.6092418124719605,0.0833187160147342,0.6368159203980099,0.9998345466578424,0.0296878560293784,0.0325493111043095,2.8245576025101338,-12.344385565791244,0.9196817525053278,0.1308364212418874,False,False,False,False,pachytene,129,off_axis,34.97191680796722,8.72
844,8.889246164109302,50.47415783855965,46.498962628418525,35.16321222,2.032356905581872,0.6547698465643763,0.2216874718002707,0.4981642512077294,0.9965392717424014,0.1136684029442618,0.1247030568479216,2.1287705401562262,-9.053859269633719,0.9205142472840664,0.4450087923065946,False,False,False,False,pachytene,129,off_axis,31.566608238400242,8.72
64,2.0905871993326515,70.20141318533703,11.027712624553043,50.61485190599999,2.2947204556683327,0.6742828011308337,0.3689503456945318,0.3904382470119522,0.9961385820015016,0.0719772345510212,0.0724499779505068,3.0058852528106192,42.51360054801641,0.9225347336799842,0.9449646609115048,True,False,False,False,pachytene,129,late,3.276168844298558,8.72
463,5.190641952983748,50.75329518535344,43.43441186708886,31.133165616,1.9515434462526104,0.6696805304400242,0.0971993410214168,0.5919251824817519,1.0,0.0749746712859308,0.0949972951350578,2.996111200569915,-6.435741999336944,0.9232059451959976,0.1642088289163357,False,False,False,False,pachytene,129,off_axis,29.33788869632324,8.72
706,7.604051058625656,47.68156044485062,49.25259337307936,30.689813573999995,1.9422354663789236,0.6750745241916991,0.103353722843282,0.6146788990825688,0.9998556998557,0.130372460415913,0.1682724625890898,2.3805282123127043,-12.932683653557715,0.9264372269646776,0.1681426237301155,False,False,False,False,pachytene,130,off_axis,32.35770069482185,8.72
276,3.2738962044926647,48.28527397366242,47.5641916625575,33.312393378,1.996054564261091,0.6158017041053447,0.1054271191998688,0.6497434017595308,0.9996959099893568,0.0970569010382843,0.0960647194898148,2.864950568496635,-11.220064350221207,0.9272494379782384,0.1622596226669913,False,False,False,False,pachytene,130,off_axis,31.21586994936393,8.72
808,8.553645003571482,65.5691143987242,11.842128737020987,42.700196934,2.168271973310748,0.6014393231884854,0.2713668775735663,0.4361130254996554,0.9884008660686668,0.0290804934672906,0.0226579816483943,2.7372596636021305,38.25855360133427,0.9298902044064368,0.6222397903907155,True,False,False,False,pachytene,130,mid,1.2721625732921307,8.72
309,3.2370072490608623,63.03264004444681,16.27360073548778,44.332858422,2.1955620133956883,0.6298745965394994,0.2608052414667653,0.4391708363116511,0.996843351308694,0.077842553741741,0.0683616296533032,3.2649516815738275,36.97681184079014,0.9312159621570044,0.5938582890820389,True,False,False,False,pachytene,131,mid,3.67038578584199,8.72
843,8.641886158033536,46.562133167880205,43.34597604675417,29.301112998,1.9124870480357783,0.5965895444720198,0.1362701405553651,0.5657868624727128,0.992507087889834,0.2072386551314467,0.1606080609588683,2.091262162419433,-8.881809551711068,0.9312793812815562,0.2408506623144457,False,False,False,False,pachytene,131,off_axis,26.737158124649152,8.72
368,2.791128634795444,49.770575381962594,39.417063356333344,9.519167124,1.3147306291588183,0.8696402168555939,0.0,0.4366729678638941,1.0,0.1236522052911697,0.4094739193698365,1.1973540343527154,-3.813484743479531,0.9312802604803472,0.0,False,False,False,False,pachytene,131,off_axis,25.70947627067118,8.72
483,5.527203877612847,43.88434273705048,49.63506125416556,30.973652712,1.9482047823324569,0.6764616782793094,0.0808950086058519,0.599250936329588,1.0,0.07572729376021,0.0982727013495594,3.005226568040737,-15.518735620329311,0.9339902212609308,0.1349935456110154,False,False,False,False,pachytene,131,off_axis,31.015766444643475,8.72
842,8.7545677586951,44.07810000000058,46.630417931880025,32.507791524,1.9798530283273224,0.6648145475537596,0.1812092367354133,0.5547900968783638,0.9995584988962471,0.128241702923135,0.1552979570049251,2.085730248020805,-12.999792469026907,0.9342074218249696,0.3266266607046934,False,False,False,False,pachytene,131,off_axis,28.35979219575622,8.72
751,8.243936572428147,59.96394564076345,17.0391938886056,41.569531938,2.14896252342048,0.6108007448789572,0.2848403152218997,0.4210526315789473,0.9884284597341672,0.0878554000708133,0.0664663268113595,3.092640552811728,34.21748706663596,0.9348106290476784,0.6764957486520118,True,False,False,False,pachytene,131,mid,5.216071720965116,8.72
306,3.4007539368880444,44.93005297622806,44.956076056425,38.581010766,2.096178830439006,0.6432176080744209,0.1528800346470333,0.5771983640081799,0.9997453202597734,0.057566927229854,0.0665735208274443,2.6005481743769456,-11.149348563442311,0.9363475948221018,0.2648656756152323,False,False,False,False,pachytene,131,off_axis,27.26451472858377,8.72
60,2.123398108019959,61.613222046692414,10.129504557527737,50.338050102,2.290529695041392,0.6368423505289156,0.2274214335283038,0.4665725651225458,0.9959148570199956,0.134550660828511,0.1151237891379959,2.998257940671087,33.99150981346034,0.9410134162943056,0.4874299316518348,True,False,False,False,pachytene,132,mid,1.8841292336707747,8.72
366,4.712891877485608,43.90071961786016,60.55896122759946,286.05589820999995,4.087465492159586,0.5781048833490507,0.2139823387417117,0.6226092365106516,0.9990548576379316,0.121607066288891,0.1095020945601153,1.2298169594863708,-24.243941009957087,0.9420044273599428,0.3436864186932936,True,False,False,False,pachytene,132,off_axis,41.29329288368468,8.72
673,7.057999836987437,43.020460330915306,40.05205698915969,28.780350282,1.9010891739375309,0.6347705599478359,0.1334364726358538,0.5849140816781968,0.993877183504412,0.1452090886028539,0.1549201955990568,2.347400313217072,-8.374671067860818,0.9421704592837444,0.2281300396342086,False,False,False,False,pachytene,132,off_axis,22.06025744646532,8.72
627,6.976672463768199,62.44387140869569,6.734809721739498,40.4646705,2.129752481835612,0.595072463768116,0.2876083630800612,0.3989978525411596,0.9917413459848884,0.0621779963377606,0.053529561296792,3.053416611199572,33.90013968776281,0.942669655591231,0.720826844676795,True,False,False,False,pachytene,132,mid,5.377778170077208,8.72
411,4.624734939020568,40.14029952197061,46.95281222651137,38.276059626,2.090641358787921,0.6582705154133726,0.1862230005837711,0.5220588235294118,0.9993420186866692,0.0688487430558243,0.0789447237136371,2.8021505612561017,-15.62222763639407,0.9440335862434278,0.3567088461886321,False,False,False,False,pachytene,132,off_axis,27.186412747336025,8.72
748,8.355747205740316,38.65481348834116,45.873209486684345,33.999706331999995,2.009688985121042,0.6456464744032013,0.147976111479761,0.5515965732087228,0.9988202330039816,0.1232928897688046,0.1344228417735408,2.5490725263971097,-15.650979654333605,0.9459566026565752,0.2682687287539897,False,False,False,False,pachytene,133,off_axis,25.72284879478669,8.72
305,3.3931936851156497,41.170472191165466,41.92434769948911,38.186920062,2.0890171606481105,0.6851772221880951,0.1524723003142054,0.5500487804878049,0.9994014843188892,0.1216122011132258,0.1667200104271379,2.83197369358296,-10.982717929197156,0.946682889764064,0.2771977790387736,False,False,False,False,pachytene,133,off_axis,22.86429470378183,8.72
786,8.349736039854085,39.72359286192284,40.560141713138094,31.548368322,1.9601806500328616,0.6981931742136962,0.1499476439790575,0.5703375215570338,0.99917943107221,0.084224852419306,0.1227178974152869,1.973622709649316,-10.760710417892378,0.9470935845757918,0.2629103615166284,False,False,False,False,pachytene,133,off_axis,21.037933414135548,8.72
867,9.146182903511646,57.100221699390055,10.914804612227035,50.300517654,2.289960274481879,0.6727603413701442,0.3566516915742184,0.3500071255522303,0.99340804218853,0.0517556614312235,0.0516274360407768,2.4942966932544195,29.86584659615253,0.948165583733198,1.0189840878567955,True,False,False,False,pachytene,133,mid,0.3222854938311272,8.72
277,3.3503401360543257,55.37085572385232,13.246035092475134,44.138158848,2.1923431645522107,0.6522108843537415,0.3094861243009391,0.4287897310513447,0.9958391123439668,0.0425896537636825,0.0420253408464913,3.193883427710626,28.375202046322386,0.948847124893293,0.7217666419905009,True,False,False,False,pachytene,133,mid,2.1683612204675993,8.72
482,5.310150298538163,39.53731163269532,37.12535297508813,34.180331237999994,2.0132415546001488,0.6508132592135063,0.1396685830233345,0.5817610062893082,0.9982621288921072,0.1260127610330762,0.1484779900930718,2.713615354216114,-8.126023845125358,0.9525999272378942,0.2400789697374074,False,False,False,False,pachytene,134,off_axis,17.825993742458945,8.72
385,4.654390003288318,36.54839025320618,44.1560574810923,35.66755448999999,2.042027444799458,0.59888194672805,0.2056525136754363,0.5328742416789638,0.999000999000999,0.0508096744909153,0.066249126605429,2.5842298490661677,-15.542801762844999,0.9537755424387876,0.3859306710481496,False,False,False,False,pachytene,134,off_axis,23.554164625467497,8.72
707,7.724623885332435,51.3097837682597,13.802126686362415,42.878476062,2.1712853934811003,0.5553367252037857,0.2734423884866362,0.4457431102362205,0.9852081811541272,0.0830050958904652,0.0421729448558456,2.934003739873553,24.388916439990943,0.9546144635539524,0.6134528660279822,True,False,False,False,pachytene,134,mid,3.122861274971392,8.72
273,3.243192960402132,36.616794984286734,40.030076077938375,37.32132798,2.073112290738285,0.6931489629164047,0.2221159974506055,0.4832036050798853,0.9998753894080996,0.0854525423800666,0.1367361884136108,2.7428046214235917,-12.202480898350716,0.9572419255373176,0.4596737174878575,False,False,False,False,pachytene,134,off_axis,19.550666114866385,8.72
785,8.402713391189772,34.48772038338933,41.410175958474056,42.70723426799999,2.168391082955753,0.6500604196418763,0.2026282853566958,0.460524250510124,0.9960976837865056,0.1626608585419494,0.1253914110182584,2.339403623974879,-14.58454971925953,0.9584453594176724,0.4399948214067857,True,False,False,False,pachytene,134,off_axis,20.49654285915404,8.72
443,5.155593885683662,55.54196386724585,4.82297331231812,39.439565514,2.111613861356018,0.6326651995479688,0.2903596460990463,0.412240932642487,0.9930992179113632,0.0209897485383497,0.0252291560275242,3.4801006852845284,27.713495028355723,0.9584832674492002,0.7043445303643794,True,False,False,False,pachytene,134,mid,6.230411997773926,8.72
826,8.596319684932125,37.07983298024112,35.255345304541656,34.546272605999995,2.0204007860739583,0.6031099341345827,0.1608040201005025,0.5372112917023096,0.9904249958004367,0.182259229100413,0.1278228494578099,2.3466692883966127,-8.106426489222175,0.9588381813494185,0.2993310501552348,False,False,False,False,pachytene,134,off_axis,15.132564673818019,8.72
410,4.544284128745752,33.139935224750694,39.78911649556069,33.816735648,2.006077426770773,0.6524694783573807,0.1421232876712328,0.5682634730538922,0.9998568360773084,0.1142234611683018,0.1154778508033264,2.5686868401071643,-14.09764954485761,0.963449936483239,0.250101043636416,False,False,False,False,pachytene,135,off_axis,18.742224860529003,8.72
180,2.533512654358842,50.941213608021656,7.754777870155648,38.372236524,2.092390957410446,0.6174960264090965,0.2131539235412475,0.529167332587502,0.998986975397974,0.0871100488978172,0.0839997228656296,2.642756938414258,23.424828565025425,0.9640457259518058,0.4028100572629373,False,False,False,False,pachytene,135,mid,2.8585103266965524,8.72
533,5.528765599901406,36.207434634869024,32.50762400840302,37.96876270799999,2.0850314584516125,0.5735821079945632,0.157470703125,0.5346276441611127,0.9850618131868132,0.2693651538877152,0.1794912709685621,2.655571097036322,-6.433148989761924,0.9647918829766988,0.2945427623221545,False,False,False,False,pachytene,135,off_axis,12.254848282480598,8.72
367,3.851399547286477,47.5608840225239,12.595756970132198,42.489076914,2.164692582044894,0.6209352398829571,0.2768064040446598,0.4615496650160209,0.998617065412806,0.0588382430813615,0.0561041510988213,3.2282697112640584,20.53919136375526,0.9656521566134434,0.5997326507322923,True,False,False,False,pachytene,135,mid,2.2926841654233936,8.72
271,3.2562709030100527,34.047069063544946,35.269737729932125,33.666605856,2.0031043547197784,0.6544732441471572,0.126782884310618,0.603145795523291,1.0,0.1119374275081,0.1503714241318186,2.7355959668216503,-9.939102827754821,0.9657574928347494,0.2102027159131911,False,False,False,False,pachytene,135,off_axis,14.357934265774412,8.72
705,7.597226485419567,45.439691717825895,13.826670023021975,42.79637383199999,2.1698986738459864,0.5633632975224732,0.2435666128572785,0.4314586994727592,0.991476778570186,0.077149962974274,0.0447526930510384,2.791063557666642,16.85175238499822,0.9671792410199848,0.5645189519991507,True,False,False,False,pachytene,136,early,3.3063114009745225,8.72
722,8.076993137866538,49.82735041796646,5.394556094822143,37.60282134,2.078311340198173,0.5681846537741735,0.2083714547118024,0.4615718000577867,0.9836626139817628,0.1420879120410147,0.0950405968453328,2.604883901347496,22.083284028692034,0.9678381209938058,0.4514388762175575,False,False,False,False,pachytene,136,mid,5.097169812181653,8.72
857,8.976311099796243,32.70562121945125,35.207777195772785,36.856863936,2.0644764035030687,0.6053335030549898,0.1707675849157528,0.5012094823415578,0.9930656345750686,0.1293167473309391,0.1111778229560905,2.117734055521012,-10.69509389678877,0.968234585511686,0.3407110019506381,False,False,False,False,pachytene,136,off_axis,14.141471428723749,8.72
863,9.070132325142133,46.987440542295545,8.473764857041767,39.70932998399999,2.1164173671289097,0.5743738185255198,0.2078064870808136,0.4569049271339347,0.9934004862799584,0.0761413745461077,0.0570734637336236,2.471343081492145,19.561406955450614,0.969576453448602,0.4548134080854381,True,False,False,False,pachytene,136,early,1.7525097800225427,8.72
807,8.472225505260212,34.203548942205366,30.81991313674488,39.695255316,2.116167288269542,0.61795296064295,0.1978908188585607,0.474245939675174,0.997125197642662,0.1200786646507525,0.0911371044694658,2.14221952169111,-6.2869394495199655,0.970153943830267,0.4172746718592939,True,False,False,False,pachytene,136,off_axis,10.029713642739306,8.72
622,6.727501286481203,30.56336186870463,35.961204881275414,31.909618133999995,1.9676340641276011,0.6046460339630964,0.2269656461118298,0.5070658237262923,0.9920754716981132,0.0849436985271166,0.0766936562475778,2.580489764133884,-12.583976449145231,0.973255646868776,0.447605883677822,False,False,False,False,pachytene,136,off_axis,14.90692641199508,8.72
327,3.744464632541866,33.23161174738468,28.70263480358281,37.440962658,2.0753250700247783,0.606540943549903,0.1595289079229122,0.5578025477707006,0.9986419194205522,0.1478515749717391,0.1312966372341189,2.725841058072101,-5.177553687268309,0.9758115286140716,0.2859953016716782,False,False,False,False,pachytene,137,pre,7.749509261658592,8.72
462,5.005690355955029,41.27445857248311,15.59870817834689,38.090743164,2.087261899071024,0.5827688138933367,0.243777207277598,0.4860516605166051,0.9876390605686032,0.060329404419788,0.0554179522030882,2.717805403611388,12.326935645095023,0.9771935389725894,0.5015458789267314,False,False,False,False,pachytene,137,early,3.43008477970048,8.72
326,3.65150556680166,30.124102644229566,31.0759272836539,37.082058624,2.068672505298839,0.6220900809716599,0.2458022976896856,0.4737194509541346,0.9988974641675854,0.0910665976110438,0.0723378594141726,2.904859745223023,-8.941353283019511,0.9780754946468794,0.5188773591513011,False,False,False,False,pachytene,137,off_axis,10.104357054559223,8.72
428,4.779090440608057,45.29475185519283,4.9412398222111085,36.415857672,2.05620926280686,0.5661556299922701,0.2140273077371922,0.4726057906458797,0.9863147605083088,0.0740613824467193,0.0517565174628474,3.086807435371388,18.57223142715169,0.97837559407513,0.4528664522808639,False,False,False,False,pachytene,137,early,5.2063468531756065,8.72
841,8.811697364692916,39.753735318787655,12.880144471521945,41.39125281,2.1458860381210094,0.6492490790592236,0.3121040346782261,0.3966715139764097,0.9969850623543922,0.0508127514402882,0.0624954223818605,2.2610234344698044,11.907292802592584,0.979785160388056,0.7868072792763916,True,False,False,False,pachytene,137,early,0.34348669651369235,8.72
275,3.048480786416458,41.20274225871211,10.150657037533025,41.998809312,2.156334457994308,0.6118744414655943,0.2352811709034885,0.4792056410994387,0.9951247490679668,0.0528365077239613,0.0478373675025736,2.738373733076086,14.255124002036734,0.9803305922450238,0.4909816386211237,True,False,False,False,pachytene,137,early,1.6658443919755348,8.72
689,7.65535153902626,34.81367386659448,25.29062788275389,35.132717105999994,2.031769218653349,0.6200841289977966,0.1970081851538244,0.4562390158172232,0.9961299007235404,0.0398418632837047,0.0326096398195176,2.579755814937711,-1.499197935044505,0.9811663502220844,0.4318091577524118,False,False,False,False,pachytene,138,pre,5.202922886919627,8.72
672,7.533113094819428,29.04654414142017,30.17691540029437,33.373383606,1.9972719850670504,0.6857383847613692,0.1416778652332501,0.5303064191456051,0.999309964118134,0.1541219938770528,0.1888347640711913,2.7472918543025675,-8.86955098521898,0.9814552514158164,0.2671622671690684,False,False,False,False,pachytene,138,off_axis,9.465269596215814,8.72
763,8.342731542816349,39.42707608695726,17.52057391304279,38.953989468,2.102912057165049,0.6081536793929905,0.3011491783911503,0.4310742277547257,0.9937773292970064,0.1253908227304408,0.0743105724012151,2.5077265973742118,7.484280408838964,0.9823641881315652,0.6986016769309144,True,False,False,False,pachytene,138,early,4.005348694217316,8.72
704,7.657779396588152,40.52842006920369,8.394699653979503,38.64200099399999,2.0972828201419853,0.6857281612335336,0.2268518518518518,0.483291481553023,0.9973880597014926,0.130763535489382,0.167901314385592,2.490326764789585,14.270617808603575,0.9828507204981874,0.4693893033721171,False,False,False,False,pachytene,138,early,3.546763499773001,8.72
825,8.859793685526464,30.985466201938173,25.323979599875337,37.52071911,2.0767976387593885,0.5937480462644577,0.223748656074543,0.4656817482302247,0.992823385261684,0.1511066831368704,0.1102743710162703,2.275520529783653,-3.8246967709758204,0.9838080308101936,0.480475468331917,False,False,False,False,pachytene,138,pre,4.289094803874049,8.72
409,4.811924975320812,28.814856071075,25.209367680158312,35.64409671,2.0415796808458877,0.6317209608423824,0.1770588235294117,0.5089349535382416,0.9980231143552312,0.115685983382736,0.1243822871905538,3.038175290686802,-5.036496448890421,0.9880766628085929,0.3479006939854592,False,False,False,False,pachytene,139,pre,5.038349616399996,8.72
303,3.3991333988097168,36.23511273325995,15.634912294182,40.603071402,2.132177842390826,0.6234906695938529,0.2643639236934191,0.4723032069970845,0.9973190348525468,0.0754059199748454,0.0497499397133723,2.7104073917781277,7.075338698294981,0.9885125131809144,0.5597334927582885,True,False,False,False,pachytene,139,early,0.32063480171920233,8.72
424,4.735647051290119,36.76821407440635,9.651085464557742,36.63401502599999,2.0603071513160125,0.6226547992572197,0.2681321410829608,0.4384863397250976,0.9973627822647108,0.0509598975725929,0.0534705927273005,2.832354122056964,10.311515393761203,0.9886661684917885,0.6114948558056842,False,False,False,False,pachytene,139,early,3.7545193591885364,8.72
301,3.4346638028755705,32.27252770717831,21.711471737963016,39.317585058,2.1094346484877136,0.6022910327546089,0.2228957799020751,0.5277527752775277,0.9998516320474776,0.0747507893336944,0.0547716794792065,2.755977058783508,-0.1631623491532517,0.9909269437707896,0.422348854129401,True,False,False,False,pachytene,139,pre,0.8174558088261814,8.72
511,5.371787819253595,36.50942648330052,20.64919290766281,35.82003005999999,2.044933135757254,0.6258022265880812,0.2042890962261523,0.5346517325866293,0.9993835721991062,0.0426870765463553,0.0507778281479463,2.7808997952325902,3.2305119258873023,0.9920730411116092,0.3820975109120243,False,False,False,False,pachytene,139,early,3.5510473441614137,8.72
840,8.830912282983027,34.4272735548471,19.091559763314116,36.075719862,2.0497873039254104,0.6291696469211262,0.2586767190952814,0.4862353147466245,0.9969855624305886,0.0538638769832684,0.0446603264010664,2.3591891198891517,3.225708575560621,0.9936278022429944,0.5319990367834079,False,False,False,False,pachytene,139,early,0.9507476003498659,8.72
687,7.383389583746704,33.32515920190643,14.02033122890686,35.447051358,2.037810684929326,0.5886440341473099,0.2172270494899887,0.5167310167310167,0.9973156764495348,0.1226619721707563,0.1063030452882727,2.660355465925459,6.618980050574545,0.9940871242591282,0.4203870920391562,False,False,False,False,pachytene,139,early,2.9757933190855907,8.72
686,7.838251499938614,29.207569817557008,20.490268501286504,38.315937852,2.0913671573901627,0.6755234480225296,0.1398896462187601,0.5513207547169812,0.9995146809026936,0.1370714475162466,0.1702220145685486,2.5292067264930926,-1.0271560862617275,0.9950441447666946,0.253735497932727,False,False,False,False,pachytene,139,pre,2.595077364130556,8.72
423,4.856859971711389,31.104123460203187,16.23869863057673,36.486231012,2.0575329462307708,0.6251125112511251,0.2341738902022589,0.5095180929514663,0.997515142102811,0.0189538739995524,0.0128953388530221,2.8221675080501942,3.511387869493582,1.0000000000000002,0.4595987727261434,False,False,False,False,pachytene,140,early,3.419667772956598,8.72
