nucleus_id,cz,cy,cx,vol_env,r_eq,gap,gap_int,thick,void_big,void_off,offset,syp_io,s_um,s_norm,score,merged,mitotic,crescent,post,cls,row,zone,r_um,off_axis_cut_um
261,3.99043922152512,4.585087759226039,241.29168014995048,44.114701068,2.191954712939744,0.6520259491651601,0.1741544674406865,0.5476772616136919,0.9989098441077074,0.133805269668512,0.1510800432985591,1.2250382368517247,277.59596514978296,0.0,0.3179873981394678,False,False,False,False,pachytene,0,off_axis,241.34552254482648,11.31
341,4.110840586767402,1.5353233976505094,240.47779995130497,38.538786762,2.0954138481326057,0.7309635400815631,0.2532522385538097,0.448868778280543,0.9881731784582892,0.2131331959100466,0.2680962491297252,1.2208042349775494,278.343262821248,0.0060931496658964,0.5642010556491124,False,False,False,False,pachytene,0,off_axis,243.27154814773212,11.31
208,3.078556516552256,1.9287175961825629,236.67892120489344,23.596180902,1.7793076088111843,0.6475792822348145,0.3696657183499289,0.3438645980253879,0.9839743589743588,0.0985407289613913,0.026317293623428,1.0590207420160578,274.82054585547013,0.0104172902669303,1.0750327904433945,False,False,False,False,pachytene,1,off_axis,240.67949701366453,11.31
435,5.053668478260717,9.82819557065287,239.314365244565,17.26492608,1.6033390544048791,0.6703804347826087,0.1765105227427019,0.4847485572959604,0.9876948318293683,0.2104999123546571,0.2190553475487875,1.0443706064426097,273.347731432154,0.0110018503594203,0.3641280001477848,False,False,False,False,pachytene,1,off_axis,235.9951001292467,11.31
491,7.236010650100007,10.620524683825112,238.8973648435745,21.144842892,1.7154258534698923,0.4902374084757044,0.1125917342603322,0.570620239390642,0.8748169838945827,0.3546437052716604,0.10365350295603,0.8816613610561044,272.6020116956964,0.0140022342204167,0.1973146525271649,False,False,False,False,pachytene,1,off_axis,235.11448477112614,11.31
583,7.640786631806393,11.59297516198707,240.5330073434153,20.635809066,1.7015483616790954,0.4179834034329885,0.0853876384423008,0.5951171875,0.9879182156133828,0.1989696633184464,0.0498311355259227,0.9334969241409796,273.57152056815437,0.0153119152533513,0.1434803770346505,False,False,True,False,TZ,1,off_axis,235.3690353217833,11.31
324,4.5379744266288,0.6537675563223138,234.0329369190181,23.115296412,1.767137267308326,0.5800690075096407,0.0,0.4417593040115998,0.9908842297174112,0.1994920803342889,0.1303204217804306,1.0755745216007626,273.10926037090724,0.0159584243276956,0.0,False,True,False,False,mitotic,2,off_axis,240.14800719249243,11.31
328,4.527077747989137,12.840687734584709,241.4421875781981,31.499106984,1.9591598743274936,0.4509234435507894,0.1291046539097566,0.5899905058999051,0.9435301710229106,0.1814605272263439,0.0629100758589474,1.0594243503428336,273.77151062327687,0.0159608883603256,0.2188249685693415,False,False,False,False,pachytene,2,off_axis,234.96716582372687,11.31
595,7.531441717791434,9.441520360429754,235.50686284509388,18.353367072,1.6363481650198326,0.5512525562372188,0.1949094244439349,0.4907433779549985,0.9594481605351172,0.428685446242115,0.2130079635991117,0.9396296641462252,270.1912991470896,0.0160911600054572,0.397171787128645,False,False,False,False,pachytene,2,off_axis,233.9694531403359,11.31
359,4.631264330166952,10.556837815263249,234.95086387979376,28.646640936,1.898140541098392,0.5079430068784803,0.186433793663688,0.5245465135629889,0.971579255786698,0.1467531666591148,0.08082219306888,1.0675318147770398,269.16878956466456,0.0168469687282917,0.3554189930599941,False,False,False,False,pachytene,2,off_axis,232.74568161451194,11.31
342,4.221182491090042,12.660738115690409,237.80944112217625,25.669848654,1.829973916691288,0.4874348898839441,0.2223762650769444,0.4562310572294527,0.9314593762033117,0.3731549841599543,0.1506453872573602,1.1031194043547567,270.66938261547466,0.016969866487929,0.4874202699556784,False,False,False,False,pachytene,2,off_axis,232.8386777358682,11.31
584,7.071171034691802,13.11084623541904,241.94065777912644,15.484480577999998,1.5462130846648323,0.3960006059687926,0.1062542030934767,0.5553047404063205,0.3695852534562212,0.8677838215470123,0.1023686052966266,1.059935557896126,274.07953010706717,0.0194534900031019,0.1913439510992285,False,False,True,False,TZ,2,off_axis,235.07170141409048,11.31
592,7.478481576310973,8.326826884113746,233.4004006901909,21.072123774,1.7134570908109397,0.4986084826895246,0.2296904395416452,0.4331705150976909,0.9811941701927598,0.3094224363699911,0.151252409964837,1.0375323502054117,268.8767346244318,0.0206894017435883,0.5302540951796875,False,False,False,False,pachytene,2,off_axis,233.58904651619096,11.31
596,7.362250791876723,10.954231218557496,232.51527724986013,25.179581052,1.8182487465555928,0.6035028880193777,0.0954303931987247,0.6076127819548872,0.998122261631546,0.384271242056713,0.3415647724402703,0.9777719060688632,266.8406831034855,0.0225657989169434,0.1570579093015361,False,False,True,False,TZ,2,off_axis,230.95635503049803,11.31
476,5.423963179748597,4.33657277502622,231.29978129971465,46.88975644199999,2.236985260471221,0.5690129571264195,0.3277933832709113,0.3784097504352873,0.9493983847041372,0.4810084525644421,0.3006523065045287,1.0064223462605897,268.9454296758101,0.0226526497435964,0.8662392628462887,False,False,False,False,pachytene,2,off_axis,235.56223642780387,11.31
343,3.976795848873171,13.386587716880827,233.6616403032284,28.932825852,1.9044405259686672,0.5361602075563483,0.329701230228471,0.3868204859290334,0.930952380952381,0.4407661544664144,0.1840884309558754,1.0295583348671895,266.6810940765755,0.0229766336089414,0.8523365287560246,False,False,False,False,pachytene,2,off_axis,229.71590983922678,11.31
597,7.456860884418704,15.733786591383168,239.95008840387175,24.719808564,1.8071137814896585,0.518219776048586,0.1733962878541192,0.5022651171951941,0.983940704138357,0.1859239339103484,0.087131901136986,0.9467645384344768,271.07539592595526,0.0233615110014233,0.3452286091903385,False,False,False,False,pachytene,3,off_axis,231.7808964368212,11.31
326,4.453185133727021,9.178197415769285,231.420841833973,33.76747431,2.005102859195134,0.6484890587009378,0.2863187588152327,0.4729249011857707,0.9837864395676384,0.1555836003497196,0.1285323539961522,1.0844347174921256,266.7313006999891,0.0241651459187564,0.6054211949874959,False,False,False,False,pachytene,3,off_axis,231.7243374258596,11.31
241,2.571237630124656,0.9555481172085588,228.8150179539918,36.504997236,2.0578856409788373,0.7680889345842437,0.0,0.5106677750069272,0.9836260791902351,0.1639991328485062,0.2484943929193143,0.8988453614500389,268.38499399426587,0.0257333723569886,0.0,False,True,False,False,mitotic,3,off_axis,236.88514081691307,11.31
598,7.02403472698197,17.263486817454158,241.88670150788403,30.802410918,1.9446078458241425,0.5445129845404006,0.1719507130001384,0.4952349105500752,0.9505530253741054,0.5171289920407397,0.2603568708504034,0.9574175737349592,272.0419934746028,0.0257954196379903,0.3472104032592261,False,False,False,False,pachytene,3,off_axis,231.83160061000825,11.31
563,7.387210670851471,7.476183954491176,230.5933315417823,17.938164366,1.6239143888418026,0.486726820975546,0.1562768701633705,0.523312101910828,0.94375,0.3733722267098465,0.1691338149634284,0.9690010436852996,266.82071701369927,0.026302967156773,0.2986303385546394,False,False,False,False,pachytene,3,off_axis,232.6058384193305,11.31
327,3.937530864197359,13.16831931412906,228.75014085047843,51.30216486,2.305060671194671,0.6372199359853681,0.2518623290900519,0.4566422989664734,0.970730265102986,0.341828293473069,0.2968265969475774,1.075281128104763,262.4750013062459,0.0298941541626938,0.5515527791886481,True,False,False,False,pachytene,3,off_axis,226.92843953730033,11.31
437,4.756945107398579,20.620216610978098,242.22982825775705,4.914404909999999,1.0546963482022411,0.1355608591885441,0.0,0.3567090005521811,0.0,0.0,0.0441561877355064,0.9815975982251748,270.7344121376762,0.0310504422726495,0.0,False,True,False,False,mitotic,4,off_axis,229.48443803680377,11.31
475,5.333548213805929,2.4359064061241087,226.0227690572108,17.466662988,1.6095597771228527,0.4230459307010475,0.2489510489510489,0.3538175046554935,0.5287234042553192,0.8519562261595033,0.1144211810766787,1.0063218997261785,265.22483593332413,0.0318616483137563,0.7036142804563856,False,False,False,False,pachytene,4,off_axis,234.079761301197,11.31
610,7.507053034445068,10.036296258689127,227.70363873311047,30.032995734,1.9282796369575763,0.5647895024603609,0.0267248908296943,0.6609834888729361,0.9906733818317478,0.3495145148653139,0.2783162939686059,0.8815173255038113,263.0575556044989,0.0320187239802859,0.0404320096940148,False,True,False,False,mitotic,4,off_axis,228.836132133137,11.31
607,7.401352459016612,7.263700973360073,227.48577006147303,22.89479328,1.7615002362312615,0.5721311475409836,0.1114893617021276,0.5522030651340997,0.9560641936332545,0.4808366049589522,0.3128545695156573,0.929737399694426,264.1951224598246,0.0322822211275153,0.2018992083556309,False,False,False,False,pachytene,4,off_axis,230.96142138933948,11.31
582,7.321124311793598,5.874137394958064,225.0349726456096,16.190559756,1.569366645811794,0.5341929875398435,0.0876844494892168,0.5797822706065319,0.9798064787547328,0.3944504459678504,0.2299386719203503,0.9131627574370704,262.7100768737945,0.0356227625744094,0.1512368589634292,False,False,True,False,TZ,4,off_axis,230.68897035610493,11.31
381,4.84227624061849,0.9308559090400048,223.21545946006395,20.940760206,1.7098891037975472,0.5062170942085806,0.1799069767441861,0.4382940108892922,0.7827620967741935,0.6780323236369464,0.2435856763367243,1.0767796069766418,263.4822364587395,0.0373892880048192,0.4104709904184122,False,False,False,False,pachytene,4,off_axis,233.75298047665677,11.31
245,4.272269824810372,23.66099957430412,240.86166472193685,42.981690294,2.1730261889883984,0.5586967199694373,0.213577125072943,0.5017313875834776,0.9872138910812944,0.1983791563287328,0.1445645395260083,1.0455697205522294,268.0762940397286,0.0375499282415715,0.4256802152673939,False,False,False,False,pachytene,4,off_axis,226.28375676783097,11.31
608,7.573636938646373,8.795398519923888,224.45237335863516,18.54337509,1.6419756963178436,0.6631246046805819,0.0801381692573403,0.5148328952309426,0.9985535197685632,0.1785106706039559,0.2325740725500096,0.8532221238338668,260.7987103637718,0.0384241500658314,0.1556586030140752,False,False,True,False,TZ,4,off_axis,227.9598151679929,11.31
570,6.80134346437608,5.834616286752525,223.16873310208143,21.302010018,1.7196655524496829,0.5855082039422971,0.1767279090113735,0.4774176408076514,0.9800443458980044,0.4872121217398122,0.3590368908357048,1.000353819939929,261.0910661895389,0.0393604405459335,0.370174651930334,False,False,False,False,pachytene,5,off_axis,229.66285557385575,11.31
609,7.947252747252786,9.12366804395596,223.18478281318903,5.336644949999999,1.0840764252891044,0.5142857142857142,0.0160284951024042,0.3728506787330317,0.9282178217821784,0.6297622137729427,0.3306830823131369,0.9180985083707744,259.52885272286926,0.0409518087248153,0.0429890463304773,False,True,False,False,mitotic,5,off_axis,226.96466725015293,11.31
247,2.62597193466754,25.646016752933875,241.41933547274115,40.78838786399999,2.1354167438344343,0.6785714285714286,0.1069031639501437,0.5501878690284487,0.9936572890025576,0.2663184309845331,0.3588122771146258,1.0276987688675348,267.6144149469815,0.0416958367930994,0.194303018964993,False,False,False,False,pachytene,5,off_axis,225.14676447703866,11.31
621,7.696355949265353,8.962713509160418,221.98800676464904,11.651479326,1.4063631765118072,0.5667404872156231,0.091599831152385,0.4818773234200743,0.9974079834110938,0.4806174535141025,0.365457727681713,0.8981968831231427,258.5556110607453,0.0431946102480527,0.1900895242429436,False,False,True,False,TZ,5,off_axis,226.41565789879425,11.31
264,3.5298162118372924,22.96164525846677,235.2740377854344,46.33146127799999,2.228071531146235,0.6619917978836515,0.2110612148428268,0.554823247453565,0.9984692315542404,0.0802409789183028,0.0954381347115366,1.0572701501722277,263.5073448264374,0.0439322576555162,0.3804116280482483,False,False,False,False,pachytene,5,off_axis,223.2259109081657,11.31
227,1.7422691879866057,27.021988414905223,241.05316421578837,42.17708844,2.159381264657017,0.7433815350389321,0.0255543822597676,0.4267446900736887,0.9944006108424536,0.4454280385147166,0.852392284352412,0.9347554099491856,266.63359210300945,0.0448872793953458,0.0598821329337573,False,True,False,False,mitotic,5,off_axis,223.86961925598675,11.31
213,2.886779933648256,25.890047531920416,237.654883140646,23.333453766,1.772679160470439,0.6319493314567206,0.1758217019360648,0.5091505053264136,0.9937611408199644,0.2402718267978514,0.2830300136105179,1.0308793637893172,264.1934965884512,0.0449868566466557,0.3453236323969599,False,False,False,False,pachytene,5,off_axis,222.5061712067439,11.31
399,4.834313126907638,19.417580723943463,224.0757133187996,26.89434477,1.8586207707039888,0.5778456170955081,0.3291753291753292,0.4274793388429752,0.9619444444444444,0.3424987582817022,0.3136290142000255,1.080285716682901,255.37737398248817,0.0450468830294812,0.7700379860843853,False,False,False,False,pachytene,5,off_axis,219.12442791380764,11.31
244,3.1239650851265632,20.855457635468436,227.00256551724112,27.142997238,1.864331186043069,0.5486993345432547,0.1897595034910784,0.4862121792416699,0.9774363898223716,0.3804169920720084,0.231555579665308,1.0599767274686762,257.25708637392455,0.0451813722447595,0.3902812631864558,False,False,False,False,pachytene,5,off_axis,219.7366924431267,11.31
636,8.001517369892094,6.162504964727754,220.10307903633569,17.623830113999997,1.614373039654645,0.4054305869825635,0.0349967595593,0.5383926572643832,0.9294828744123572,0.600114107791949,0.1720070393235742,0.8690710290222418,258.24327601212616,0.0452423386290153,0.0650022972770866,False,True,False,False,mitotic,5,off_axis,227.67379891824152,11.31
230,2.9763323402846966,28.29646698113161,242.5630877358492,14.173190676,1.5012729983377278,0.6378682555445216,0.031858407079646,0.4021937842778793,0.9937728937728938,0.1631363146947091,0.2079025589167304,1.159606263538736,267.3480116270477,0.0462642778930659,0.0792115848753017,False,False,True,False,TZ,5,off_axis,223.914702862786,11.31
622,7.872689867992691,8.935594788273631,219.46862247556868,13.682923073999998,1.4837592018715102,0.5199725698611349,0.0126939351198871,0.6064285714285714,0.9940796555435952,0.26140577785932,0.1451949253388544,0.8053878034382533,256.3574077592103,0.0479229008068794,0.0209322840610624,False,True,False,False,mitotic,6,off_axis,225.01831132179205,11.31
229,3.508434525763025,29.00271867410593,241.44957184115592,7.147585565999999,1.1949697677386946,0.5618641286511323,0.1513032422123331,0.250187265917603,0.9728070175438596,0.3788388220283339,0.2148825650013682,1.1782515450504556,266.03223096179954,0.0480202434624385,0.6047599651301341,False,False,False,False,pachytene,6,off_axis,222.64676735121517,11.31
231,2.9681128747795467,28.807112380952884,238.6462126984104,6.650280629999999,1.1665869689423418,0.6052910052910052,0.1802197802197802,0.2680965147453083,0.8918918918918919,0.3983026939135381,0.2521568261353326,1.0224313621023349,263.66553887213684,0.0486462588473649,0.6722197802197802,False,False,False,False,pachytene,6,off_axis,220.94170577538125,11.31
228,3.5610042976702267,29.433936168286923,240.6937246550581,10.370684538,1.3528187216793015,0.4600769056774485,0.15743028591599,0.2438206954335986,0.4888211382113821,0.9055841488379088,0.2846732067965552,1.1731531893968998,265.16217907859163,0.0487745110615999,0.6456805712740005,False,False,False,False,pachytene,6,off_axis,221.82248673076103,11.31
282,3.517304084283302,18.68430549862932,219.820584730838,32.507791524,1.9798530283273224,0.61423004762592,0.2430978337816791,0.5198279087167976,0.988274413720686,0.3223446322630231,0.2474670458436488,1.1246322589799855,251.9941818258933,0.0501563634798373,0.4676506007185522,False,False,False,False,pachytene,6,off_axis,217.21252930862153,11.31
210,2.137604568854544,23.800122816118368,225.83728350627487,58.32542419199999,2.4057828922151026,0.7427606177606177,0.1292035398230088,0.5709818636647905,0.9991714995857498,0.1789703184515811,0.2724573740949186,0.986255730583186,254.82309736543067,0.0515795112412966,0.226283088912367,True,False,False,False,pachytene,6,off_axis,216.6914101109611,11.31
346,3.594097331240289,24.07228474097348,228.3463506122464,7.471302929999999,1.212744309342051,0.2687598116169545,0.0870246961975695,0.4366680978960927,0.556910569105691,1.072279432763526,0.1386135619806638,1.0672699546816182,256.8948069526556,0.0519669892663568,0.1992925441928609,False,False,False,False,pachytene,6,off_axis,218.0184878917093,11.31
171,2.368046198267471,31.582531472570984,238.6693171920103,19.498106736,1.669685252926912,0.5157603464870067,0.139405601881548,0.5649689440993789,0.9755624515128006,0.1828639955983876,0.0886269006675731,1.052722941709986,262.3556790758387,0.0541237856136885,0.2467491414130302,False,False,False,False,pachytene,6,off_axis,218.87179087097707,11.31
215,2.616882349782642,28.968008167318647,233.7863661869776,43.685423694,2.184821601015928,0.6956451699511357,0.2115732368896925,0.4883556810162315,0.9975121902676884,0.1794900587319758,0.2065907751394162,1.1259323164345392,259.3230636320203,0.054537031220699,0.4332359489489802,False,False,False,False,pachytene,7,off_axis,217.6574944751637,11.31
233,2.9231035059361647,33.410577164038,242.0332719636591,42.08560309799999,2.1578188465437185,0.7593222228415362,0.0,0.5574339972209357,0.9987444546748138,0.056528177862079,0.1185304290684492,1.0098470544288722,264.43203440690587,0.0561824691491108,0.0,False,True,False,False,mitotic,7,off_axis,219.76586355277587,11.31
170,2.212629161882873,26.4655171928823,229.9858364810575,16.345381103999998,1.574353112914041,0.480195177956372,0.0781369305166709,0.6004969630038652,0.9141607435757244,0.2745497471528422,0.083689434226323,1.0227680800231416,257.186769858387,0.0564298846594373,0.1301204424512101,False,False,True,False,TZ,7,off_axis,217.1691358842448,11.31
214,2.704869927159323,26.524608355880183,225.5223366337151,45.08585315999999,2.207922851321076,0.650780437044745,0.1932692307692307,0.5972884386174017,0.9971361358289864,0.1815338747412026,0.2359145260355058,1.1544523220152156,253.24094864331084,0.056512371171629,0.3235777193622042,False,False,False,False,pachytene,7,off_axis,214.34610432852682,11.31
212,2.90568977195741,24.47850199819357,221.53954612779228,20.778901524,1.705472254678572,0.5688643034545044,0.2018808777429467,0.472636815920398,0.9172302737520128,0.2938104995198403,0.1693192883729238,1.043291221474406,250.7259637986122,0.0565826902855872,0.4271374360666556,False,False,False,False,pachytene,7,off_axis,213.55097964885326,11.31
605,6.95730337078668,5.3118455537720966,214.01307284109052,7.307098469999999,1.2037938406291182,0.2590690208667736,0.1153698735147565,0.3019930675909879,0.1592920353982301,0.713599863842387,0.1631465602038082,1.0459048364523709,253.30591514959633,0.0570525744552119,0.3820282181808582,False,False,False,False,pachytene,7,off_axis,225.06327813549115,11.31
232,3.144366838748782,33.23879271181346,237.2240187974505,23.173940862,1.7686304383869011,0.6301245065290009,0.2141935483870968,0.5197044334975369,0.9983856088560884,0.0622098938234073,0.0844226740986888,1.082323176918316,260.29340288480256,0.0576305887719812,0.4121449319675891,False,False,False,False,pachytene,7,off_axis,216.6736520933499,11.31
331,3.915065555392925,29.56685541745794,230.19758572891263,48.128327226,2.2565106418489207,0.6520933859726081,0.2545169712793733,0.4609134211263659,0.9975794251134644,0.1583243321620149,0.1564949140842236,1.1511579630370543,255.88627990247733,0.0600187733469619,0.5522012586602332,False,False,False,False,pachytene,7,off_axis,214.89992460211712,11.31
606,7.896968438538112,6.47251037167739,211.67584681270756,22.594533696,1.7537657777175335,0.4886835548172757,0.2621722846441947,0.4631472081218274,0.9097704217832354,0.5816463485867586,0.257997707558414,0.9488372585717612,250.69833441720044,0.0615102931073752,0.5660668574628054,False,False,False,False,pachytene,7,off_axis,222.8358501366965,11.31
19,2.598821446018509,36.25724750854906,241.1155659929144,76.828921056,2.6372140145086798,0.7656021006350757,0.1413712112739067,0.5942425426598932,0.9994913059563448,0.0264589262046867,0.068510695180872,1.0634293213839656,262.26230132850867,0.061888994153144,0.2379015319924993,True,False,False,False,pachytene,8,off_axis,217.05091088280173,11.31
304,3.876436280137835,24.91502302181445,216.48992442709496,51.07931595,2.3017182141856494,0.6837198622273248,0.2717563709421592,0.5135763031799042,0.996115786553223,0.042906396585872,0.0053118351911693,1.1450567300785823,246.08483243011722,0.0632121842487636,0.5291450739832203,True,False,False,False,pachytene,8,off_axis,210.20865869394848,11.31
377,4.472038463766634,30.158830423447988,223.8777499623513,40.495165614,2.1302873577784265,0.6860916410820831,0.2392250456268426,0.4755489942793873,0.9956228956228956,0.1542985082332301,0.148645761757923,1.075221308586304,250.055811291125,0.064928236421226,0.5030502608660692,False,False,False,False,pachytene,8,off_axis,210.4720526974211,11.31
192,2.3268200189611568,34.90158663739198,232.7714958535036,47.011736898,2.238923368265924,0.8031036375430367,0.0726204465334899,0.5932589964521034,0.999445138021917,0.0536239514781128,0.1466529592680417,1.0752446937356497,255.58863062383904,0.065021461663048,0.1224093472965192,False,False,True,False,TZ,8,off_axis,212.48798772566676,11.31
400,4.946836873023005,38.67343817216547,239.81869049932357,20.764826856,1.70508709832973,0.6957749661093537,0.0871186440677965,0.591162272558485,0.9942564102564102,0.256485634766077,0.3201475534654471,1.1454904627723057,259.9660909564245,0.0668752799164573,0.1473684098458393,False,False,True,False,TZ,8,off_axis,214.39853260136243,11.31
250,3.46731953877752,33.68565070289068,228.56472945822324,44.553361554,2.1991960963647266,0.7909756225977992,0.1610312764158917,0.5634760705289672,1.0,0.0828435129057755,0.1992201700842731,1.152242152638303,252.47920309527035,0.0682101280835916,0.2857819255123336,False,False,False,False,pachytene,8,off_axis,210.68731170962567,11.31
619,7.807685696746354,3.471184530386694,208.58760832412628,19.10636181,1.658427393639953,0.6121546961325968,0.0539083557951483,0.555872111427667,0.9555680539932508,0.4493875729181122,0.3063710586814105,0.9859501791565548,249.4262706249774,0.0682249834639111,0.0969797812966249,False,False,True,False,TZ,8,off_axis,223.78284589562784,11.31
358,4.67232580465856,9.304852978626888,209.62889135969357,139.27587719399995,3.21560304352227,0.7168241456554326,0.2634599377929645,0.5536192232201272,0.99973251701489,0.0796225703470646,0.1491571783262561,1.040744137438852,247.54435417676603,0.0693110899163006,0.4758865421264625,True,False,False,False,pachytene,8,off_axis,219.34921545972495,11.31
265,3.615156738123353,23.41283719163912,210.64179085963548,43.551714348,2.1825902723070927,0.6386943875902187,0.1693907875185735,0.6080799045915325,0.9994468414647638,0.0464487821372753,0.038460786857699,1.1313314298192487,241.67200544287613,0.0700740066935975,0.2785666591504268,False,False,False,False,pachytene,9,off_axis,208.08218465903514,11.31
217,3.25638519468037,36.74051904342252,230.95478236660895,29.280000996,1.9120276100661373,0.7245633712546067,0.194847775175644,0.4712041884816754,0.9988697372139024,0.0766555936793142,0.110755926874021,1.1925818960187815,253.1128263923943,0.0703203583994039,0.4135102784283112,False,False,False,False,pachytene,9,off_axis,209.90849195670845,11.31
267,3.3979060378865094,29.05660989308237,216.0803560267963,52.87618189799999,2.3283976888700857,0.8215695843130296,0.1426135152419526,0.5939830929885629,0.999097255657198,0.0834041277445367,0.2383170083428689,1.0934304695579171,243.74048155394024,0.0703587028634005,0.2400969268744803,True,False,False,False,pachytene,9,off_axis,206.62052212294608,11.31
365,4.323459607485505,27.227372563897887,212.31311676174977,41.116796784,2.141132554674275,0.7248402555910542,0.3013182674199623,0.4455732946298984,0.9924662551009732,0.2416463469321866,0.3455011110366834,1.120136964248594,241.3107446818264,0.0724615974174786,0.6762484894213487,False,False,False,False,pachytene,9,off_axis,205.90003642288704,11.31
627,7.648843553552484,4.501765484521651,205.883271189657,19.777254318,1.6776156271518108,0.6153481200332107,0.1048854540436102,0.5716928769657724,0.9743452699091396,0.4042023368355516,0.3264438897187071,0.8738361679781717,246.55882927756545,0.0728685682972194,0.1834646857947293,False,False,True,False,TZ,9,off_axis,221.5157140088113,11.31
249,4.010495702751746,33.69344249934856,218.881238571057,54.04203356399999,2.3453861587927585,0.7859189165726191,0.1896155110088728,0.5673154906731549,0.9998713578182286,0.0688572681545827,0.1284452110333934,1.3331419773968516,243.9765127953546,0.0752050338088858,0.3342329164745393,True,False,False,False,pachytene,9,off_axis,204.6098188776862,11.31
618,7.880837912088106,2.67042063873625,204.18700508241963,13.661811072,1.4829956892829008,0.4532967032967033,0.112597547380156,0.5015703517587939,0.502134927412468,0.4138313030313423,0.1377820969559431,0.9346571728083578,245.94774342068285,0.0767601427823263,0.2244900381079629,False,False,False,False,pachytene,9,off_axis,222.24652579099526,11.31
330,3.897309651299505,25.75598746898387,207.9165238213402,35.923244292,2.046895387974705,0.779025728091942,0.175840233804189,0.558806146572104,0.9998007769698176,0.0736952213727837,0.1496885097598462,1.1292614849597318,238.15713688252777,0.0770281439295252,0.3146712592244186,False,False,False,False,pachytene,9,off_axis,204.61368673625967,11.31
248,3.046604215456736,29.096357494143785,210.48452740047128,38.062593828,2.086747605124107,0.7876247997041785,0.1680347658136166,0.5287289611143354,0.999273387829246,0.2006616902694986,0.4594987057331508,1.0974428484978458,238.81011442280408,0.077418081987592,0.3178088929713079,False,False,False,False,pachytene,10,off_axis,203.3189345905426,11.31
299,4.060440666592385,11.032141427132943,205.24356420981545,62.920803294,2.467375320162257,0.6134660552510904,0.2728802861350725,0.5180362654320988,0.994546693933197,0.2094743549792367,0.2084994067312216,1.0724896403198094,242.86764854327623,0.0784239442103358,0.5267590405228881,True,False,False,False,pachytene,10,off_axis,215.58087846647422,11.31
285,3.901807470879691,32.79245410362921,214.24953910162088,35.041231764,2.030004114861712,0.6666889811219708,0.1993889692876668,0.5079333199437638,0.9933903576982892,0.1628127805345625,0.1578241036029196,1.1528174774589848,240.343191512234,0.0784424392875548,0.3925494970673361,False,False,False,False,pachytene,10,off_axis,202.52820384891098,11.31
216,2.791375683634791,31.607421064367475,210.92004543963236,55.75914305999999,2.3699680638548632,0.7733277240218763,0.1158516573679028,0.6007795100222717,0.9999379267535692,0.1140314657012671,0.2656014359848269,1.0978596742960944,237.98891374590852,0.0801374534548086,0.192835566851486,True,False,False,False,pachytene,10,off_axis,201.52346670867655,11.31
383,5.203188280913465,14.52816970056032,206.60101935587903,21.778202952,1.7323852490427172,0.4207238259370961,0.1973134328358209,0.4445890665674972,0.907511737089202,0.3468835326522083,0.1486132299592904,1.0819968713856305,242.38355796786738,0.0805965656316081,0.4438108079427206,False,False,False,False,pachytene,10,off_axis,213.31500638879785,11.31
243,3.3376811594203364,19.38461251552863,206.6802020807433,22.66021548,1.7554635191239796,0.6887163561076605,0.1539110861001688,0.5610242766877286,0.9972815533980582,0.1963330208700066,0.2654944485899553,1.137159522608147,240.12557218523114,0.0809854157215843,0.2743394403694176,False,False,False,False,pachytene,10,off_axis,209.2555979417787,11.31
626,7.6661445783134115,4.030733539156519,201.54109703312935,15.575965919999998,1.549252217083982,0.5079819277108434,0.0585014409221902,0.615855524946434,0.9853814527181362,0.3480137963591452,0.1979376422243185,0.865006005241067,242.9735575848697,0.0812936085302376,0.0949921508413496,False,False,True,False,TZ,10,off_axis,219.755365607738,11.31
384,5.126854101584665,16.408828340852995,209.0810190732373,40.54911850799999,2.1312330193175346,0.4767441860465116,0.2203258339798293,0.4623548922056384,0.5720209515495417,0.8013515069086411,0.1190446532957396,1.1068886927193824,243.65887310906442,0.0830829316664132,0.4765296911400182,False,False,False,False,pachytene,10,off_axis,213.05740415252188,11.31
398,4.988794612794592,14.749220202020414,204.9869873535393,17.41740165,1.6080452018985072,0.468013468013468,0.1869081926718814,0.4159493670886076,0.7293600390815828,0.7161482651958839,0.1355495093436383,1.039023572672145,240.86102281542173,0.0831254641099434,0.4493532325343466,False,False,False,False,pachytene,10,off_axis,212.2757107799691,11.31
283,3.826172685761613,23.784763729761984,203.4591616749703,22.603916808,1.7540085134684145,0.7217725197177252,0.1668738346799254,0.5233121969414397,0.9983324068927182,0.0512333521361839,0.0957627980912941,1.1150288635435088,235.18974447109656,0.0839534711580025,0.3188800789571491,False,False,False,False,pachytene,10,off_axis,203.81276287655976,11.31
625,7.397801635991826,2.19959459355831,200.01402940950945,18.353367072,1.6363481650198326,0.5138036809815951,0.1602649006622516,0.4881703470031546,0.9276225377920292,0.6302720152749453,0.2809511903983519,0.9535130980393968,242.51087429600727,0.0849140876885502,0.3282970824551455,False,False,False,False,pachytene,10,off_axis,220.61076419025167,11.31
284,3.946362632160458,29.89417529587997,206.33834855609777,29.730390371999995,1.9217814666439463,0.7014360107306297,0.2244312359089977,0.4820295983086681,0.9958569894123064,0.1295142649257933,0.1613714011910271,1.128418133595511,234.78875821215433,0.085094701419777,0.4655963797585786,False,False,False,False,pachytene,10,off_axis,200.30280010883283,11.31
374,4.188263055299006,3.0984333333333414,200.63194444444403,22.864298166,1.76071780188255,0.516261413768339,0.2950059808612439,0.3467656415694591,0.8311258278145696,0.4939109115762471,0.0820208776725169,1.041440250237622,242.62242832292714,0.0850999060829571,0.8507359019943519,False,False,False,False,pachytene,11,off_axis,220.12397683480225,11.31
413,5.345904920137244,13.021158086319796,201.44215075709135,62.123238774,2.4569057311266107,0.6581958237359815,0.2628064174607053,0.4429960229783473,0.9904265255292652,0.0716762716159909,0.0637409293838038,1.0198412329877595,238.57799427047104,0.0867024063732802,0.5932478032055623,True,False,False,False,pachytene,11,off_axis,211.92149946533183,11.31
397,4.841502615311378,16.694154037089156,203.2677601711838,24.66585567,1.8057981019712128,0.5095577746077034,0.1832435856826101,0.5392670157068062,0.96191904047976,0.3355107341403846,0.2098166103923697,1.0337628039953528,238.4199779691312,0.0881408099502108,0.3398012122852285,False,False,False,False,pachytene,11,off_axis,209.71821476835797,11.31
361,4.511260084081409,20.65261680490904,202.73422831496336,20.645192178,1.7018062208778415,0.5720940802181571,0.1429221665908057,0.5884227296866702,0.9448961156278228,0.098408712487578,0.0600391272378674,1.120831085002009,236.05459093277955,0.0892946532103881,0.2428902885293205,False,False,False,False,pachytene,11,off_axis,206.07209045152746,11.31
412,4.548233861144875,0.8148003045067093,198.3696538976861,11.555302428,1.4024828815404125,0.5438489646772229,0.2598814229249012,0.2363150867823765,0.6443396226415095,0.3222105729414177,0.1583034654106594,1.075483461414129,241.73131918822907,0.0895385273637242,1.0997242133940737,False,False,False,False,pachytene,11,off_axis,221.03991669812834,11.31
635,7.57400790672021,1.5521048941599669,197.1824381324137,46.87568177399999,2.2367614164450638,0.6853325326527548,0.024057116250194,0.5912849872773537,0.996768558951965,0.3260292266201134,0.4515089493014776,0.9314131061060552,240.33597169611033,0.0904555154449548,0.0406861611030715,False,True,False,False,mitotic,11,off_axis,219.828823009315,11.31
262,3.616009595327596,12.064950954317643,198.9481109355428,44.98263892799999,2.206236711303648,0.5809866499791405,0.3295786399666249,0.4176726820161792,0.9429948479308624,0.3660587041940081,0.2628577534806618,1.1233402356582205,236.8473069598158,0.0907597182339954,0.7890835435434539,False,False,False,False,pachytene,11,off_axis,211.4908629770612,11.31
191,2.9467038216561017,27.366608097133987,200.65979207006347,29.462971679999995,1.9160020952688228,0.7081210191082803,0.1745102454402162,0.4749045280960174,0.9968934911242604,0.0620117805094892,0.0851843537618459,1.0797321939717106,231.01618558710732,0.0908242939490029,0.367463848238847,False,False,False,False,pachytene,11,off_axis,199.28716444165502,11.31
459,5.533531967722124,15.06613668528852,198.95679389199503,18.89524179,1.6522963676432916,0.6004965859714463,0.2408586930879924,0.4260410192666252,0.9911800486618004,0.298567437033517,0.2628527622125294,1.0174045319414138,235.41658958264185,0.0929213303445455,0.5653415567885921,False,False,False,False,pachytene,12,off_axis,208.89882217384695,11.31
363,4.543254817987111,20.80940272254556,196.53315130774135,30.673393128,1.941889009813176,0.6927194860813705,0.1574753617110506,0.5433051269288203,0.9949928469241774,0.1664953306638134,0.1902932436570793,1.0780707774867797,230.53692115326322,0.0985596606289341,0.2898470010787912,False,False,False,False,pachytene,12,off_axis,202.7190611387328,11.31
533,6.349745454545221,16.980612981817547,196.32054932727095,25.803558,1.83314574427688,0.5562727272727273,0.3331967213114754,0.3450112681827494,0.960530792786662,0.2631012800757668,0.1644925634384223,1.028932851605393,232.1852986566043,0.0993389839936142,0.965756055060161,False,False,False,False,pachytene,12,off_axis,205.9197493750574,11.31
535,6.9044401394811805,25.86072244091508,195.418483750482,30.27226509,1.933386890510994,0.4833010461061604,0.2387258819499943,0.4562087582483503,0.5218260579806732,0.6543335976133255,0.0422592229257465,0.9822628301616412,227.13772700052454,0.1010372431736172,0.5232821107306254,False,False,False,False,pachytene,13,off_axis,197.80854542152585,11.31
436,5.502700729927104,18.599042791970856,194.2469195255465,12.85486344,1.4532030009394097,0.4737226277372263,0.1434511434511434,0.5020804438280166,0.8975720789074355,0.2376981166537128,0.0933779606306154,1.0083720341104312,229.58968278042113,0.1042663125562552,0.2857134652714762,False,False,False,False,pachytene,13,off_axis,203.48467379027574,11.31
375,4.753557398515881,18.286036643387405,192.394784548235,10.748354796,1.369045224935887,0.6254910519423833,0.1081081081081081,0.4527972027972028,0.993992606284658,0.2877516163638626,0.2861850262597027,1.094023577157213,228.11412084017928,0.1071008948478385,0.2387561306480225,False,False,False,False,pachytene,13,off_axis,202.847588151606,11.31
226,4.439964370546159,27.266618328385483,192.025691374702,79.00580303999999,2.661890139532158,0.6487232779097387,0.1509867240760675,0.60730284844899,0.999457111834962,0.0888923677717473,0.0973471410430676,1.145063420814857,223.48617365575365,0.1077273909606303,0.248618501397906,True,False,False,False,pachytene,13,off_axis,194.86815547786864,11.31
345,4.975041125052128,20.123074783086075,191.16077608296328,72.726155334,2.589409120198437,0.7121246331000226,0.1914296068128284,0.5834173669467787,0.999160275429659,0.0884009180241477,0.149699778271329,1.0752972588544294,226.15064996790363,0.109040073991086,0.3281177723841931,True,False,False,False,pachytene,14,off_axis,200.64215556697374,11.31
246,3.886909646793966,26.11337895245076,187.7978899106893,29.155674762,1.9093175413593744,0.651621208464076,0.1775878442545109,0.5113163972286374,0.999677731227844,0.07932840173026,0.0645260298763982,1.085950361215983,220.32823643522482,0.1162476168688424,0.3473149799557508,False,False,False,False,pachytene,15,off_axis,193.7724979617369,11.31
266,3.570752535136093,27.647596993417373,186.6568129336428,13.185618138,1.4655612097469173,0.7196228429105141,0.1070821529745043,0.5253807106598984,0.9987585350713842,0.1308821159857125,0.2069122743618957,1.2424422635545371,218.591457732302,0.11824424301974,0.2038182042123415,False,False,False,False,pachytene,15,off_axis,191.8771147107459,11.31
303,4.3623699105348885,22.407125652729032,185.5824904601073,25.695652212,1.8305868799857157,0.7460288479094395,0.1947901591895803,0.4554277498202732,0.9998375568551008,0.1657113585743326,0.2826669184403689,1.046141064202212,220.16008264545275,0.1207272704789793,0.4277081474865133,False,False,False,False,pachytene,15,off_axis,195.9685064808266,11.31
211,3.0513907888737126,24.68311573187423,185.8662575923414,20.577164616,1.6999349681210725,0.698016415868673,0.1555626394644564,0.5183087957719894,0.9997951239500102,0.1355806966831772,0.2113113985487422,1.0654061221498026,219.31835455155016,0.1208869085947786,0.300135056038853,False,False,False,False,pachytene,15,off_axis,194.09702078615538,11.31
300,3.674167694204752,12.522621501233488,186.2317402204074,30.438815328,1.9369260741237389,0.7269574599260172,0.361736624031706,0.3801862828111769,0.9928332537028188,0.0926946666548493,0.2052054664288558,1.0632397713317656,225.4671270531714,0.1212320540475094,0.9514720556379618,False,False,False,False,pachytene,15,off_axis,205.0400103736902,11.31
478,6.351745869527819,15.218838592233064,185.72363033980687,55.08825055199999,2.360424554500116,0.6328989950604667,0.3286348415232458,0.450179793527433,0.985342890767091,0.3194055481350213,0.2999019177340059,1.0074762774334944,223.72899186633748,0.1215957966799943,0.7300079795856487,True,False,False,False,pachytene,15,off_axis,202.40681837505593,11.31
360,4.545160892614973,16.92446867217304,184.1150337936149,19.026605358,1.6561165619355696,0.4842806065836518,0.0673355629877369,0.6031556299306717,0.9456473707467964,0.2126463392289452,0.0808027930967571,1.0084154734011892,221.49973265629507,0.1232916199296247,0.1116387871493077,False,False,True,False,TZ,15,off_axis,200.15677165853532,11.31
534,6.64890339227478,23.735255498215786,182.4839548531505,30.910316706,1.9468759571349568,0.6679062001973135,0.2819166393173613,0.4042504570383912,0.9885482734319944,0.0857978794494428,0.0650111589576628,1.08002068514117,216.8040609464922,0.1274549190247117,0.6973811269942188,False,False,False,False,pachytene,16,off_axis,193.35207261306826,11.31
593,7.055530474040377,9.716655220090203,182.25264277652224,24.940311696,1.8124710947628384,0.6468209179834462,0.2937746849727289,0.3864181091877496,0.957088122605364,0.2485546217727341,0.2394175419999853,0.963981363468537,223.31955142975607,0.1326667219804983,0.7602508215524447,False,False,False,False,pachytene,17,off_axis,205.8002080582059,11.31
376,5.175448536355205,18.44301665317712,176.55905898421423,34.77850462799999,2.0249179573394764,0.6428571428571428,0.1696722596832366,0.552219074598678,0.996755994358251,0.0834761469525669,0.1033525380063585,1.0921802004153442,214.14026969403517,0.1382077805550579,0.3072553402950539,False,False,False,False,pachytene,17,off_axis,195.47669382992646,11.31
394,4.827665061898022,13.659905441885206,176.36490203748193,27.286089696,1.8676015729828404,0.5545907840440165,0.2428759316089435,0.4421926269060027,0.9558823529411764,0.1567525315056955,0.0847121347468807,1.0585186138191025,216.26220084029558,0.1395225303145042,0.5492536890728661,False,False,False,False,pachytene,18,off_axis,199.7366212476893,11.31
209,4.489739802295141,16.96347654811827,174.1834721281665,61.93557653399999,2.454429290807542,0.747339317501799,0.1795597097527979,0.5198620896417329,0.999636297508638,0.3908647015009626,0.6641138965325062,1.0720889968923075,212.76435636968284,0.1424495515473595,0.3453987381086836,True,False,False,False,pachytene,18,off_axis,195.82682221389362,11.31
396,5.037003440725704,14.85268273381278,173.4748011104188,14.998904532,1.529878626202258,0.6710979042852674,0.1126582278481013,0.5834522111269614,0.998451053283767,0.0519322956649339,0.0607245293922466,0.9749930403681591,213.1539856195493,0.1442230610579453,0.1930890408839096,False,False,False,False,pachytene,18,off_axis,197.4642145882312,11.31
590,6.752902155887368,3.722430845771147,174.71412189054757,4.243512402,1.004335827521086,0.3974571586511884,0.0570934256055363,0.236697247706422,0.8146341463414634,0.8098871819313078,0.147123850821236,1.012138211328968,219.5759533722591,0.1512539948996862,0.2412086585660255,False,False,False,False,pachytene,19,off_axis,208.17056904230373,11.31
395,4.938958904109639,13.385004698630366,169.1197074246575,17.1241794,1.5989702614857744,0.6875342465753425,0.064780647806478,0.639193336256028,0.9992568739162744,0.043967843871754,0.0562893949412733,0.9069380791311644,210.0350240377204,0.1530900503735572,0.1013475018152102,False,False,True,False,TZ,19,off_axis,197.09617647993318,11.31
589,6.813110047847044,2.3010900000000127,174.49606909090977,4.90267602,1.0538566214553504,0.3751196172248804,0.0397058823529411,0.2695252679938744,0.2747747747747748,0.9620582037258228,0.1084853716739188,0.9797830641962312,220.065760960638,0.1533716265917527,0.1473178475935827,False,False,True,False,TZ,19,off_axis,209.39569113384846,11.31
581,6.662220252603558,5.22642889430541,172.13716263017952,21.172992228,1.716186743280679,0.5305783292709949,0.3414672054709357,0.2674061836204862,0.5448683503492746,1.829763167118895,0.3609129306119749,1.0072066230310563,216.59342009040216,0.1540284615836226,1.2769607675025194,False,False,False,False,pachytene,19,off_axis,205.7884271169841,11.31
263,4.587387887707163,15.11615752089554,167.58538012384747,84.47850311399999,2.7219858728484434,0.7274872962541304,0.1866401458644123,0.5504381495822295,0.9994769128346568,0.1350679561815005,0.2430180579377023,1.0200559343490456,207.85871712981776,0.1556278466701013,0.3390756000580049,True,False,False,False,pachytene,20,off_axis,194.9104126545518,11.31
588,6.551664950223142,3.508392070030907,170.60677826982354,6.833251313999999,1.1771891792831417,0.5221421215242019,0.296969696969697,0.1364942528735632,0.5603015075376885,0.7962887864761555,0.2607574180444676,0.9843471289265582,216.0736208426149,0.1584717296096,2.1756937799043063,False,False,False,False,pachytene,20,off_axis,206.80197502577948,11.31
587,6.5361664190194455,0.9810402971768286,171.96044576523045,7.893542969999999,1.2351729990405302,0.5286775631500743,0.2229299363057324,0.1582597730138713,0.9151599443671766,0.9119046593610884,0.3034934477193439,0.9681572730727104,218.47295082384085,0.1587261169148169,1.4086329839876162,False,False,False,False,pachytene,20,off_axis,209.65198590534456,11.31
296,4.1443407466240645,4.389499429110479,170.5004953385593,47.253352032,2.2427524380400485,0.7689138204924544,0.2031838411502909,0.5121374865735768,0.998874042936496,0.2027089998068106,0.4365941666174597,1.093617646128387,215.5580624386942,0.1600419760188789,0.3967369045950522,False,False,False,False,pachytene,20,off_axis,205.94486832892045,11.31
295,4.014994940002745,5.000647989012791,167.0444094752101,81.12873212999999,2.6855218683472857,0.7766083562237964,0.3134885374089212,0.4471913020968159,0.9995814926761218,0.1308472330802644,0.2998646291302376,1.1171852779141187,212.23184592804347,0.165108581516424,0.7010166251870696,True,False,False,False,pachytene,21,off_axis,204.10803446638965,11.31
298,3.994593006171161,10.32671370114555,160.71883898031206,31.930730136,1.9680679096651348,0.6304731119600353,0.2398367840411062,0.4304174950298211,0.9898682877406282,0.2717847308107986,0.2496887210049035,1.0439904322077984,204.12749968497377,0.170431252819967,0.5572189486035862,False,False,False,False,pachytene,22,off_axis,196.90140413594315,11.31
301,4.484775022956848,15.075986528925844,159.56208950413142,25.54552242,1.827014776259475,0.721763085399449,0.0919988013185496,0.5610561056105611,0.9984249488108364,0.1392494247710626,0.2008634613477175,1.0127323151907668,200.83612926991418,0.1711058325169262,0.1639743341148267,False,False,True,False,TZ,22,off_axis,192.0432067501144,11.31
344,4.37656438026481,13.810221164259804,157.92464670577536,15.594732143999998,1.5498741570211558,0.5541516245487365,0.1209964412811388,0.5003373819163293,0.9727435210008936,0.2334939702134476,0.1352151786762921,0.9242788627348396,200.0056134277553,0.1744368088970527,0.2418297046239349,False,False,False,False,pachytene,22,off_axis,192.6788784416999,11.31
242,2.9610872473770518,5.868249341595719,159.3426647278356,33.312393378,1.996054564261091,0.6429124709527498,0.3836898395721925,0.3336619996056004,0.9129928141386676,0.3527309961892826,0.0969574299927439,1.145303753172952,205.05641485702353,0.1796499172700636,1.1499356834932557,False,False,False,False,pachytene,23,off_axis,200.6424234334085,11.31
7,2.5341634738185728,14.938888594164917,154.08059855585296,95.51069704799998,2.83566203310572,0.6702524805973082,0.1273885350318471,0.6032325338894682,0.9957488700944198,0.3572736761406739,0.4649911983174983,0.9556936675048716,196.0908678359856,0.1823319939254177,0.2111764997330015,True,False,False,False,pachytene,23,off_axis,190.35807584005832,11.31
8,2.3203431372548864,15.484749926470595,151.97096632352716,9.57077424,1.3171022375984829,0.6700980392156863,0.02322206095791,0.4665676077265973,0.9968791796700848,0.3185855105896387,0.4270121216390281,0.9290370970043076,193.97768909817012,0.1863527153036503,0.0497721242823994,False,True,False,False,mitotic,24,off_axis,189.17833427443463,11.31
477,6.762245204479607,12.034159550272314,152.27428016135278,54.663664734,2.354344681772089,0.6656653649744668,0.1361570018849096,0.6234116288024644,0.9960765473616784,0.1952458762776356,0.2709246904051123,0.9548229790131382,195.89761836290592,0.1867538016919865,0.218406259354608,True,False,False,False,pachytene,24,off_axis,192.55541880798756,11.31
562,6.45910916138633,2.143793510201289,156.45622607757667,101.06315357399998,2.8895801517154123,0.7617853909894854,0.2662996854446668,0.4325246029426093,0.998819587236311,0.1389423731706988,0.2228423334797838,0.9057137996067646,204.3080305489807,0.1888528655619432,0.6156867924574491,True,False,False,False,pachytene,24,off_axis,203.25239604817406,11.31
591,7.389143238812396,6.973891335236088,152.20711765134416,38.632617882,2.097113051219245,0.6714433177484972,0.2989116351386369,0.4174829051931251,0.992412952174502,0.1424035273717818,0.1337702731976642,0.9196771689895298,198.26383866171398,0.1892534746706679,0.71598532878936,False,False,False,False,pachytene,24,off_axis,197.3605107020865,11.31
6,1.384164427192183,15.362538787697789,150.06203545834683,47.136063132,2.240895300595379,0.6532795859460536,0.0729208250166334,0.6394430888474235,0.9998126990073049,0.1228083425902541,0.170491122359196,0.9658467032232612,192.36083906248007,0.190390212599208,0.1140380219732626,False,False,True,False,TZ,24,off_axis,188.713961651117,11.31
169,2.5636269697752727,3.5042594960192397,151.64251661305013,199.771146036,3.626447411037657,0.7627580376224138,0.2138827282985097,0.4728766580875074,0.998219873704724,0.1438170925716971,0.3012749106813717,0.949016647172711,199.43114664957585,0.1925068335972258,0.4523013023386111,True,False,False,False,pachytene,24,off_axis,200.51154037980763,11.31
572,6.260001002355675,16.030022898811506,148.00503089009032,93.610616868,2.816731815721975,0.8295745000751766,0.1858015084400813,0.599911777679753,0.9998658888218332,0.1363827608781821,0.4430625285712877,0.9669583155343364,190.23556177544094,0.1943782365138834,0.3097147203188709,True,False,False,False,pachytene,25,off_axis,187.46921127294263,11.31
580,6.945429268954163,3.758753984131294,150.77674209277384,69.181684776,2.546639718740565,0.8356842533568425,0.209848361323985,0.5901774659513,0.9997753818508536,0.1432461689210269,0.4800051173653524,0.9915413342915204,198.54930998826302,0.1960951218134177,0.3555682374042067,True,False,False,False,pachytene,25,off_axis,200.0184730960408,11.31
281,3.734765065387627,8.738750272721393,148.2387739344138,178.47851913,3.4927361687643628,0.7196162187027666,0.2122521324914146,0.6151971124548821,0.9998903917399216,0.0984786770006307,0.1939408791783575,1.0967415095275008,193.93510297742353,0.1983773329506441,0.3450148386497522,True,False,False,False,pachytene,25,off_axis,194.52302028333511,11.31
4,1.59380104458624,13.016813063381194,145.2734286858001,116.324785242,3.0282696922629606,0.7384298937264313,0.1882470742849991,0.5733559478837407,0.9996050682902748,0.135752234496792,0.2590982092644815,0.9505562382636422,189.28220414956422,0.1998148047542542,0.328324969819917,True,False,False,False,pachytene,25,off_axis,189.5907620456726,11.31
571,6.265579554135575,13.100894330161944,145.03706584345633,168.88428710999997,3.4289952108497523,0.722050142370998,0.3397670658880201,0.4170706111638598,0.9955567968313614,0.1685119389752902,0.2458640102827637,1.0755500514033032,189.034457931291,0.2008973425940732,0.8146511808633082,True,False,False,False,pachytene,25,off_axis,189.4454745881736,11.31
564,6.965384911766925,19.886064860908736,146.7935855051242,30.441161106,1.9369758294751471,0.6936888340910843,0.2035664195551993,0.4561006289308176,0.9959263729631864,0.1063411694817823,0.1703337330711259,0.911713874676838,187.32427296240036,0.2013505833077395,0.4463190941709418,False,False,False,False,pachytene,26,off_axis,183.4275370482131,11.31
189,1.8513204225352544,2.42326016725345,146.8496859846585,37.30725331199999,2.072851653032404,0.7825075452716298,0.3274353490180828,0.2905464006938421,0.993020304568528,0.129244480816362,0.1603186416756357,0.9048299624354162,195.7426760419761,0.2020832816074138,1.1269640519935806,False,False,False,False,pachytene,26,off_axis,200.21705887554833,11.31
604,7.390678913349326,2.3204578947366787,146.99158947368335,48.269073906,2.258708150801401,0.5776838217427225,0.3867758097523111,0.2762945914844649,0.9405920099358313,0.0639382702012069,0.0628332887922765,0.8680072641842573,195.91648983152754,0.2027362939766379,1.3998674663671735,False,False,False,False,pachytene,26,off_axis,200.35396881387928,11.31
382,4.004388185654087,0.7806739240506437,145.9197871518969,11.118987719999998,1.384603888985985,0.570886075949367,0.0626728110599078,0.267944936086529,0.7944179714091218,0.9379022780007982,0.2392223977964397,1.006316465074542,195.71374762388245,0.2050440207012319,0.2339018306345918,False,False,False,False,pachytene,26,off_axis,201.55709951921637,11.31
364,5.435059317845065,24.861180437469255,144.20401295724255,37.964071152,2.08494557693498,0.5629016312407316,0.2131256952169077,0.5332202431439073,0.9906621392190152,0.0438175556644929,0.0402771430668711,1.1025181225077592,182.6671131924125,0.2105949793367244,0.3996954315918359,False,False,False,False,pachytene,27,off_axis,177.91783340453384,11.31
305,4.577333419338139,27.224816280720287,142.4198231374593,36.36659633399999,2.055281669406532,0.6130426369089854,0.2047985153764581,0.4544090681780297,0.9955122253172392,0.0971117335351177,0.1097509141192752,1.0477893459359524,179.96838655803793,0.2165422175284964,0.4506919639557491,False,False,False,False,pachytene,27,off_axis,175.14699777358422,11.31
224,3.405575798661092,10.823364892805357,135.41091951529546,27.682526178,1.8766028432504775,0.7153631048216254,0.1973715651135006,0.4668055969038404,0.9974203338391502,0.172023858490036,0.2211229408342701,1.0754289593589794,181.67735288209195,0.2196147813458345,0.4228131933777095,False,False,False,False,pachytene,28,off_axis,189.27820075128375,11.31
2,2.117629078344144,5.935176795800576,136.93668182603614,35.301613122,2.0350198382381506,0.6831683168316831,0.1907671418873048,0.4152684563758389,0.9900976668475312,0.1671116101775338,0.2254033546881963,0.9100456684961208,185.3591726319778,0.2223759939115025,0.4593826931912471,False,False,False,False,pachytene,28,off_axis,194.3832519930906,11.31
3,1.8360808908230115,8.687328926148664,133.84579790093363,36.655127028,2.060702856924587,0.6366952515039037,0.1810444316214656,0.5219305971463801,0.9994260295594776,0.0578597842129788,0.0597262885180421,0.8549057540585079,181.3273944859625,0.2255525548350691,0.3468745319996829,False,False,False,False,pachytene,29,off_axis,191.02544190066044,11.31
639,8.080028080028061,11.82929462969487,133.87480361530217,6.683121522,1.1685041243534149,0.4534924534924535,0.2535953978906999,0.2652536929993577,0.3231707317073171,1.2890160670644115,0.2075058208026534,0.9295313722304684,179.84704414486157,0.2293022689988717,0.9560485097235348,False,False,False,False,pachytene,29,off_axis,187.96164120111337,11.31
620,7.971636399623189,9.58693207481826,133.1321251670038,47.405827602,2.2451621281173195,0.624375278341333,0.2467004068671231,0.4905809511263338,0.9850779510022272,0.5375970665019281,0.4745059704894604,0.8668943989396223,180.269881122093,0.2297432528065478,0.5028740033642136,False,False,False,False,pachytene,29,off_axis,189.99616020033073,11.31
433,5.57340998922038,7.227225188644694,132.15613305785092,19.584900522,1.6721590624291611,0.5692897352976405,0.0676691729323308,0.5981646273637374,0.9997086247086248,0.0135213911945351,0.0294399151231102,0.9815212218906068,180.5441826261747,0.2298628190435732,0.1131280083052821,False,False,True,False,TZ,29,off_axis,192.10605115587606,11.31
434,6.270746236326272,9.916212152062569,130.2102230856726,43.31713654799999,2.1786646005495425,0.6784360446225495,0.1538899971501852,0.6266419669922533,0.9984085935945892,0.1117881338204412,0.1600831595869296,0.911091247260733,177.54759160302712,0.2312012327119097,0.2455788237242139,False,False,False,False,pachytene,29,off_axis,189.08565280261303,11.31
565,6.815419118229162,22.674349898419376,133.5071657502453,88.90733197799999,2.7687451923717,0.680852747948603,0.3114362156315819,0.423776455026455,0.9943412811778926,0.0984978565095613,0.1005424195855148,0.9167925553197872,174.32681290298848,0.2318230856886019,0.7349068404759297,True,False,False,False,pachytene,29,off_axis,177.30137787800263,11.31
457,5.238850439882646,5.271434217009216,132.42866832844513,19.99775745,1.683827361804927,0.7039296187683284,0.0933908045977011,0.6089540412044374,0.9994027473621342,0.1511360125551613,0.2090039920184855,0.9907794467543656,181.72070577769603,0.2322753151656234,0.1533626485391006,False,False,True,False,TZ,30,off_axis,194.0767389352446,11.31
11,1.4860130270826652,23.48496823791401,131.5479204405217,27.370537704,1.869526275382017,0.6181864929722318,0.1257849293563578,0.4493827160493827,0.9871851524524968,0.1477891581470815,0.1074809083318365,1.1118500159503997,172.21873842530277,0.2363061968589782,0.2799060241171699,False,False,False,False,pachytene,30,off_axis,176.0783314920269,11.31
460,5.568263027295353,16.75814851116584,129.2124209553342,18.90697068,1.652638174928103,0.6627791563275434,0.151685393258427,0.5445180279617365,0.983712512926577,0.1813264203042156,0.197885117910618,0.97069138899866,173.39280237701777,0.2366857441402451,0.2785681749164896,False,False,False,False,pachytene,30,off_axis,182.18045780385484,11.31
492,6.260058531619444,34.78886352589334,134.27036480467962,36.870938604,2.0647391598255576,0.7441150273571702,0.3230095943443865,0.3401292889109895,0.9916235525991624,0.1218191780989673,0.2032230219407987,1.0761623037171126,169.19069239258909,0.2377320135801618,0.949667096822458,False,False,False,False,pachytene,30,off_axis,165.70735290460703,11.31
280,3.5022129217894054,7.245777080826938,126.46832641381069,44.83954647,2.203894836131209,0.5973319382683756,0.316793893129771,0.3331167987527608,0.7511394712853237,0.554293995740787,0.1370357419179051,1.0026889015756466,175.54324688998585,0.2381947299202522,0.9509994521918282,False,False,False,False,pachytene,30,off_axis,191.02541227208224,11.31
594,6.658747635143702,10.661671979964602,125.66678653505744,151.26984010799998,3.3053788676550324,0.7585057221722544,0.3601627018365586,0.399216592820908,0.994543957175211,0.1324453481017014,0.2029690582897907,1.014947335507723,173.2026652169326,0.2401139566686541,0.9021736779315952,True,False,False,False,pachytene,31,off_axis,187.5225793204606,11.31
5,1.473713726768719,14.433187257907347,125.4864013694176,35.97250562999999,2.0478305925768434,0.6465601565047278,0.1581236408822616,0.5016605166051661,0.9945102571511124,0.2854303183767404,0.2793782330521621,1.1054244149894537,171.23682196117613,0.2403237432401224,0.3152004904677667,False,False,False,False,pachytene,31,off_axis,183.77654458273446,11.31
531,5.591859877875747,1.793013626554994,128.44357127771897,102.186781236,2.900249563482796,0.7289380652862587,0.2952972069706374,0.380250677506775,0.9184017083487332,0.3913370422561194,0.3606832923738049,1.0062032254406508,179.89014264329296,0.2417962884238931,0.7765856169063,True,False,False,False,pachytene,31,off_axis,196.73966268065814,11.31
13,1.4229434447300908,26.66038361182541,129.06118308161822,14.600122271999998,1.5161981458160776,0.4474614395886889,0.0129161882893226,0.6158767083454493,0.8568784700801975,0.3837112425067773,0.0929681625140124,0.8371034230541046,168.51435278238205,0.2430413866635801,0.0209720356595752,False,True,False,False,mitotic,31,off_axis,172.44969702013267,11.31
302,4.415840073248962,20.06105040439537,128.72153256523583,15.371883233999998,1.5424561360172868,0.6288722722417214,0.0209339774557165,0.5916940789473685,0.9893871961656968,0.2047678726268062,0.1632095372842809,0.9645795503728116,171.37902433876354,0.2433144477625166,0.0353797311829761,False,True,False,False,mitotic,31,off_axis,178.84545867472272,11.31
14,1.4606175608073355,27.996119803346392,127.82176156632562,13.598475066,1.480700421435146,0.4747283077453855,0.0,0.6279146141215107,0.988195615514334,0.3091754807672746,0.152520868624479,0.924808866430254,166.78638329974598,0.246557040842245,0.0,False,True,False,False,mitotic,31,off_axis,170.88982472289334,11.31
611,7.367107359031166,21.766359294361077,124.36360871296674,29.453588568,1.9157986764229085,0.5038228735266008,0.2411693057247259,0.3873194221508828,0.5830731876517516,0.5360878440114863,0.0331742253031878,0.9261348704861612,166.73690373868476,0.2495792186461054,0.6226625672047421,False,False,False,False,pachytene,32,off_axis,176.35993134432027,11.31
15,1.3381381381381103,29.903716087515303,126.45433534963522,16.404025553999997,1.57623370277693,0.443014443014443,0.0,0.6130937098844673,0.5442374854481956,0.6745042622163897,0.0531828416279643,1.0238093908591857,164.67199956853085,0.2510696320812643,0.0,False,False,False,False,pachytene,32,off_axis,168.74934628831969,11.31
325,5.491923266819639,3.907243229247905,120.80640616682902,194.795750898,3.596087827622072,0.7627437049168483,0.1750962987774241,0.632676885595371,0.9994573965888331,0.0752477985024648,0.1462047279785683,0.9936284165165548,172.17393662605713,0.2514417292597666,0.2767546954282239,True,False,False,False,pachytene,32,off_axis,193.43554012687449,11.31
479,6.090854547012678,42.870690061711855,133.00354839290253,54.736383852,2.355388214724503,0.7392645924402159,0.2133436772692009,0.5044378698224852,0.9987318164863856,0.1334101120174458,0.2721276529204213,1.1522303966850576,164.20557050806943,0.2535151832022159,0.4229335068445156,True,False,False,False,pachytene,32,off_axis,157.56396193030926,11.31
362,4.817116591273771,20.099586323508927,121.04984388223862,64.302466536,2.48530488958058,0.5586604406829125,0.3256034338591894,0.4126301868077368,0.983924470528196,0.056188878945016,0.0355088891781872,1.080631896100242,164.6273078323062,0.2537607208125662,0.7890926167524988,True,False,False,False,pachytene,32,off_axis,177.45727077447464,11.31
17,0.9619188921859644,32.0265113501489,124.36158093471968,9.486326232,1.3132169576881825,0.5398120672601385,0.0,0.6265448683503493,0.974517906336088,0.1669117588673444,0.1207521605314757,0.9825309706959132,161.81787800901895,0.2568295516616841,0.0,False,False,False,False,pachytene,33,off_axis,166.26710662764958,11.31
1,2.703330494843488,4.747098765256725,115.54500767811388,49.58505536399999,2.2790511079783595,0.7195571955719557,0.2504741433809584,0.4620445344129554,0.9963733701752872,0.1702788851578227,0.2331299922788726,0.9671429180224654,167.15363336207395,0.2598643600817845,0.5420995699022715,False,False,False,False,pachytene,33,off_axis,191.92968105615367,11.31
307,4.153946185970153,33.87305345985093,120.83119222392304,44.375082426,2.196258832912475,0.5733467251678385,0.2318454363757495,0.5653574526081031,0.992627250815256,0.0653561145443703,0.0569411561213525,0.9775938600122815,157.83437719910222,0.2640313048040329,0.4100864600019009,False,False,False,False,pachytene,34,off_axis,163.82777601604246,11.31
532,6.893829083122221,2.787212341833751,112.93615497372149,24.100523172,1.791895258679996,0.5083706443449484,0.2843581751204307,0.3385468224114036,0.8103719224724987,0.6667529778708359,0.1678780036717328,1.038407120404801,165.80319764102939,0.2664458814403169,0.8399375102533893,False,False,False,False,pachytene,34,off_axis,193.59787492652677,11.31
190,3.5655380166284427,2.5731200445838973,112.47255797084064,38.93522324399999,2.1025743077824623,0.7337028557657549,0.1918083744743097,0.5133484162895927,0.996553209823352,0.2028413667573185,0.3547794363295377,1.0747005771370592,165.49891538438277,0.2666569909083293,0.3736416990641028,False,False,False,False,pachytene,34,off_axis,193.76501947827995,11.31
18,2.060097804598947,34.23122871709472,117.72693411716035,45.090544716,2.207999432877493,0.609666007699511,0.1872833622183708,0.4930027988804478,0.9921634121274407,0.1167249998761584,0.1101096853650055,1.012182365646458,154.93819018308778,0.269473542967553,0.3798829593740028,False,False,False,False,pachytene,34,off_axis,162.98493161313192,11.31
20,1.158899494665919,37.71432470522287,120.39637827063405,12.533491854,1.4409906336360898,0.4770728055399588,0.0175808720112518,0.639226914817466,0.978275627970129,0.1745041413063339,0.0734463085939294,0.9591758514181312,155.6117971947832,0.2701395808852624,0.027503335050077,False,False,False,False,pachytene,34,off_axis,159.96789767968002,11.31
463,6.002823471642591,48.37656369383605,125.181451951879,38.217415176,2.0895730915461748,0.7069113675423521,0.1387085137085136,0.5059685863874346,0.99841431645713,0.1597068658860932,0.2467185101964692,1.0646340114949489,154.701586999197,0.2719674410468385,0.2741445169528778,False,False,False,False,pachytene,35,off_axis,150.4016150267705,11.31
21,1.6550950755728795,40.54885416869785,120.5489535348608,14.433572034,1.5104107625584438,0.4659515683406469,0.0,0.6205112598904443,0.5051136363636364,0.7138064841443632,0.069056776982812,0.9947333322812334,154.38724159436188,0.2748883713933308,0.0,False,False,False,False,pachytene,35,off_axis,157.20050361974924,11.31
279,3.4704896124408022,5.661941367999253,107.52437411007186,19.308098718,1.664243874345803,0.6542339934394363,0.2934458788480635,0.415319747013352,0.9924173491052471,0.0851459263628148,0.103215866111624,1.076677260897385,159.67568092297319,0.2755062334587549,0.7065541211519364,False,False,False,False,pachytene,35,off_axis,190.2634180848905,11.31
22,1.1921737631442866,40.87618370970463,118.1125102051387,13.607858178,1.4810409101902196,0.4976728150318911,0.0,0.6386410432395333,0.9808988764044944,0.1217113922165705,0.0567537683272954,0.9416759071125492,152.09196180058112,0.2776636017267246,0.0,False,False,False,False,pachytene,35,off_axis,156.47683593819409,11.31
297,4.860501784477632,8.807126990891424,104.97400217866222,44.037290394,2.1906718447647013,0.6247270015447717,0.2270981897970378,0.5256210078069553,0.9934031819945672,0.2005455304327454,0.1858717209369025,1.0383510143158865,155.92993262758498,0.2821003407486275,0.4320569125358174,False,False,False,False,pachytene,36,off_axis,186.95346319637602,11.31
367,4.739921874999969,53.27691585937416,122.394370703124,18.01557504,1.62624699302442,0.6420572916666667,0.1267471410419314,0.5285558384867225,0.993321718931475,0.0800962068054194,0.0811582643092111,1.0673040687424256,149.90690967874966,0.2822991764217404,0.2397989612692838,False,False,False,False,pachytene,36,off_axis,145.0343597338699,11.31
306,4.190170365389216,33.74658103564242,111.36060995292758,41.85806263199999,2.1539229882371376,0.5749271463797354,0.1982029598308667,0.54067237969677,0.9919071613986868,0.0416487184002355,0.0181408300795694,1.0117479662592055,149.58289844780967,0.2823013466816708,0.3665860644518713,False,False,False,False,pachytene,36,off_axis,162.64375697375797,11.31
23,1.3312462849217817,46.064204408559526,116.96265885674735,23.678283132,1.7813689030649724,0.5310085199128195,0.1832298136645962,0.474440219687368,0.9629769550434454,0.148334152834605,0.0700980853734483,1.0035357143649426,148.59637286803945,0.287557969580408,0.3862021094782718,False,False,False,False,pachytene,37,off_axis,151.17293462103927,11.31
172,2.488038277511988,51.831152813853336,118.66116060606151,30.886858925999995,1.9463833390230048,0.7137540821751348,0.330550621669627,0.4104537012470151,0.9914815941588074,0.1279503556521736,0.1775313447995598,1.0988196149768843,147.32325675349767,0.2877332413743224,0.8053298597755812,False,False,False,False,pachytene,37,off_axis,145.76165679872918,11.31
225,3.3808686151324223,12.866720387872556,103.28948171537748,42.93946629,2.1723143825754088,0.6125102431029773,0.2410656965546758,0.461299873114338,0.9909190974133186,0.208840494887213,0.1924296146605174,1.11409370729007,152.50588435806918,0.2882523983427367,0.5225791520972847,False,False,False,False,pachytene,37,off_axis,182.80398358598242,11.31
464,6.031729539641515,52.077394900895406,117.15966188459257,29.350374336,1.9135582123928931,0.566656010230179,0.3185017596782302,0.3542973072666912,0.9698200812536274,0.1048630179265696,0.0769163368795583,1.070742420502276,145.887415992358,0.2890084998595603,0.8989674861922772,False,False,False,False,pachytene,37,off_axis,145.26732807233716,11.31
385,5.2622955503181625,54.59602489822125,118.95065253910488,32.843237777999995,1.9866397387114625,0.6853796157417327,0.2888278979657733,0.4202043132803632,0.9820828667413214,0.1905479268145792,0.2097781326337243,1.0022662203726418,146.2522532258988,0.2890092463170463,0.6873511023982882,False,False,False,False,pachytene,37,off_axis,143.09012949703504,11.31
366,4.526562666952092,48.66529756918421,116.36200289561108,43.908272604,2.188530386136524,0.5387861951063148,0.1514645173972871,0.5817213019807714,0.9858220211161388,0.0532481584518372,0.0360328694696666,1.0607767262255858,146.82260109275708,0.2892253883853178,0.2603729945620828,False,False,False,False,pachytene,37,off_axis,148.51029610008143,11.31
458,6.238595943837569,12.033405608424024,103.17621042121507,30.072873959999995,1.929132724921577,0.476365054602184,0.3206840720501922,0.3639207507820646,0.8637469586374696,0.3190059940973445,0.0938722415509852,1.1568211893124576,152.80584063765684,0.2897044348579936,0.8811920489860583,False,False,False,False,pachytene,37,off_axis,183.63013027861993,11.31
24,1.2429817099107057,47.13528324117307,113.86785685878326,22.059696312,1.7398172801855911,0.687048064653339,0.0130784708249497,0.6683656133197418,0.997208263539922,0.3072134108066646,0.4071615384686907,1.019166475544358,145.3668214683732,0.2922496831612904,0.0195678391651383,False,False,False,False,pachytene,37,off_axis,149.6630216570503,11.31
10,2.4595803160843976,15.153562228447798,104.11500842010685,44.379773982,2.196336230013412,0.6323272900258998,0.2507539853511418,0.5100632547441059,0.998460445286594,0.127425439158926,0.1538721483148935,1.087187345841023,152.13444421559214,0.2932676356481802,0.4916135067932757,False,False,False,False,pachytene,37,off_axis,180.56695644924406,11.31
12,1.0504995949230225,27.149958925196128,106.92103459357358,26.059247802,1.8391807899601296,0.632010081915564,0.2553734061930783,0.37206457925636,0.9874026568941824,0.139976894091922,0.1514124649737165,1.0660814613051537,148.84786993319088,0.294470467283689,0.6863684973815282,False,False,False,False,pachytene,38,off_axis,168.79206506818076,11.31
218,3.360829205890921,54.98034381211596,115.56698790304075,71.51573388599999,2.5749630225727644,0.7663594318890019,0.1833295115799128,0.5462585989049558,0.9992468745292966,0.1808385036470647,0.3259801139242194,0.981838501784616,143.09830861617422,0.2950365830708322,0.3356093834448006,True,False,False,False,pachytene,38,off_axis,142.14822254564453,11.31
414,5.982879962414962,15.52148883720924,101.20276544045169,49.92988473,2.2843219770038754,0.5899929527836505,0.2898527138090976,0.4740460639394981,0.9954909819639278,0.1198477148051068,0.1210644771968263,1.100065038013999,149.40211063991853,0.2964753931464816,0.6114441946850362,False,False,False,False,pachytene,38,off_axis,180.05206962950936,11.31
415,5.200565365551247,46.21937351301114,110.08234523698758,60.57737107199999,2.4363551953761022,0.5817069392812888,0.3278158058494088,0.4152008887243103,0.9791252485089464,0.2095171140453982,0.1701573606421415,0.9943193932274332,142.48332909175897,0.297811706228942,0.7895354146678515,True,False,False,False,pachytene,38,off_axis,150.106039733332,11.31
158,2.0273647950396216,60.1924237202881,119.06718376162564,34.04896767,2.0106591130488227,0.6088873579056149,0.2290874524714828,0.4292760260701074,0.9844343891402716,0.0748097603249437,0.0842402053625281,0.9785224102445844,143.67241844918385,0.2979999746136536,0.5336600195652886,False,False,False,False,pachytene,38,off_axis,137.607923788693,11.31
9,2.284600508905769,17.181461557251566,99.40982109923937,23.04726885,1.7654020215252777,0.6531297709923665,0.1691857630424182,0.4134389671361502,0.9901215805471124,0.0596057032547521,0.1080535492834329,1.2178910956844695,147.03293560670295,0.2996430988909511,0.4092158129514276,False,False,False,False,pachytene,38,off_axis,178.32550073278168,11.31
461,6.124447800641738,18.81184153294326,100.6957397961125,37.276758198,2.072286713037351,0.7258825750424769,0.1776477251274306,0.4747474747474747,0.999326750448833,0.1718992824400773,0.3059807541563387,1.04101633482192,147.38018362633184,0.3018373548652558,0.3741941444173539,False,False,False,False,pachytene,39,off_axis,176.7434790898416,11.31
329,4.041735310269009,20.07699715815542,102.427356672157,17.086646952,1.5978012095161076,0.5403624382207578,0.1534766118836915,0.4775985663082437,0.9651486988847584,0.1576786855141674,0.1036912423499753,1.0420198848305706,148.29364590596532,0.3023176178940877,0.3213506545257031,False,False,False,False,pachytene,39,off_axis,175.55860799542089,11.31
438,5.346890624685837,40.77770420071836,100.20067856167508,233.644180356,3.82081009797819,0.7900142567418325,0.1894039221765754,0.6131484580444657,0.9995275184697324,0.1111719544249513,0.2898610318597528,1.0025944000773066,136.41839531512358,0.3078421858950592,0.3089038546727288,True,False,False,False,pachytene,39,off_axis,154.77611203486705,11.31
573,6.799930159468845,22.73278896519588,103.1347291351401,20.152578798,1.6881615568879649,0.5253171924106623,0.2391791044776119,0.3499264345267288,0.7519157088122606,0.0644172924076313,0.054897659250911,1.1496846811059405,147.64168304050656,0.3083961449199496,0.6835125354307648,False,False,False,False,pachytene,39,off_axis,172.94412401847507,11.31
268,3.846580645161279,46.960841045160464,104.54968046451694,54.53933849999999,2.3525584312562127,0.6111827956989248,0.1955864032746039,0.5223451327433628,0.9948887232456608,0.1266878614114835,0.1589591710814324,0.9547256010997294,137.27209534771822,0.3088915767571074,0.3744390270229606,True,False,False,False,pachytene,39,off_axis,148.85760360807663,11.31
16,1.7005466309682358,31.088255605756164,96.8951425368122,42.055107984,2.157297537380056,0.6845716198125837,0.1473160434258142,0.5076923076923077,0.9964357317888172,0.1397080367321079,0.1995475736310733,0.9686257680491752,138.16094218750612,0.3110753497816742,0.2901679643235736,False,False,False,False,pachytene,40,off_axis,164.3561981339927,11.31
347,4.719008461446794,25.007426385412888,98.96627207722648,39.36684639599999,2.1103152570429744,0.6370516029078774,0.2713243210910395,0.4716795271712362,0.9674677608440796,0.2706795470615427,0.2511209774185901,1.075820936536222,142.89299819482278,0.3118659868422943,0.5752302261627296,False,False,False,False,pachytene,40,off_axis,170.48926696004185,11.31
25,2.5867462860471995,56.96193157952287,105.34724766239384,64.424446992,2.4868754209904163,0.698077483250801,0.2553210597215986,0.448022190062711,0.9956678700361012,0.0417133195161239,0.0477976600354943,1.0255818921195554,133.17901094153032,0.3145450392303976,0.5698848525468359,True,False,False,False,pachytene,40,off_axis,138.9514843090043,11.31
462,5.010465429109431,44.46024574253519,98.52023611783646,34.877027303999995,2.026828258432138,0.7785176217379607,0.3351504138905713,0.3701791679319769,0.9976494634644864,0.1921632512940414,0.406653599234132,1.036668307252821,133.17863082575076,0.3145979084886405,0.905373513487819,False,False,False,False,pachytene,40,off_axis,151.032217645444,11.31
386,5.057377349503297,68.54333704979216,112.27894668230488,64.02331895399999,2.4817033004306923,0.7194152346755578,0.2337402441464878,0.4804126403760773,0.9983402489626556,0.0506489010062835,0.0683056011184645,0.940105171306387,133.7123230937848,0.319566195335546,0.4865405788730101,True,False,False,False,pachytene,41,off_axis,128.24458339367612,11.31
26,1.536354609146691,63.51580514977581,105.02647163623016,85.043835612,2.7280442470580337,0.8062558614221879,0.0654603512506653,0.6473519362186788,0.999159728057444,0.0687491152384541,0.1341508316596534,0.9551552140507938,129.75648647751387,0.3214346909164125,0.1011201907157847,True,False,False,False,pachytene,41,off_axis,132.39428800092378,11.31
599,7.192818057455376,74.15612862517125,113.84107838577306,13.718109743999998,1.4850299794726918,0.5194938440492476,0.0837952396478644,0.5701067615658363,0.717948717948718,0.5667516847124023,0.1187276105155953,1.0397436247627534,132.3933991094247,0.3284370166811614,0.1469816625533701,False,False,True,False,TZ,42,off_axis,122.94324393221667,11.31
309,4.684009219460461,76.10625477480855,115.99547970472726,37.656774234,2.079304858958285,0.7460287796673519,0.2932917316692668,0.448859455481972,0.9984375,0.1297065338756697,0.2508225723801122,0.99151746388758,133.34965197287636,0.3296807769258985,0.6534155136697272,False,False,False,False,pachytene,42,off_axis,121.40050001182409,11.31
28,1.3080391893705212,69.34826472956762,102.37366004563056,17.478391877999996,1.6099199704341476,0.6609851026707825,0.0265895953757225,0.5855106888361045,0.9966039707419018,0.1724337951919823,0.188355236095455,0.9080640173514656,124.63293558640814,0.333802122023443,0.0454126557938304,False,False,False,False,pachytene,43,off_axis,126.37156097158592,11.31
195,3.2389755146787653,64.26369490802695,96.78621195334442,77.02596640799999,2.6394666694296305,0.5759836764526739,0.2440547290693886,0.4957983193277311,0.991678105696637,0.0611301975405121,0.0466619927882947,1.017483987482881,122.16578698896217,0.3362859812272758,0.4922459789704618,True,False,False,False,pachytene,43,off_axis,131.1867228631083,11.31
480,5.685873642323209,75.54107448710002,107.02141427639508,71.919207702,2.579796376050421,0.6672102808310774,0.32875,0.4476134470253847,0.993495818740619,0.0919047082876423,0.1246810783182329,1.0010603721739588,125.74420720398335,0.3364932104014933,0.7344506787825705,True,False,False,False,pachytene,43,off_axis,120.62577486919817,11.31
510,6.230700236034445,66.51941079464999,99.54728943351772,29.81483838,1.92359932817238,0.5266719118804091,0.2420309940783671,0.3793218085106383,0.933417882054534,0.2084718772577947,0.06984448283973,1.0331256659593442,123.50804832671356,0.336510143349899,0.638062427859534,False,False,False,False,pachytene,43,off_axis,129.03097208743725,11.31
193,3.221042435424485,51.9968781088562,86.66652051199081,50.85646703999999,2.298366021333097,0.8329335793357934,0.2239125776730233,0.4627277747101049,0.9990222917481424,0.1589829490147732,0.5103336332310822,1.0910706720244332,119.16294212270876,0.3419123737708442,0.4838969906513666,True,False,False,False,pachytene,44,off_axis,143.577264499803,11.31
219,2.8570760598504625,73.94842495324171,100.6627062811732,15.050511648,1.531631248531318,0.5830735660847881,0.0564373897707231,0.6149532710280374,0.9832483612527312,0.0469301222652996,0.0299529979647481,1.0332699666313736,120.92661723325693,0.3433964711618537,0.0917750867092305,False,False,True,False,TZ,44,off_axis,121.67082522828873,11.31
269,3.441853165510409,77.14141114912776,97.8744176747553,74.734141302,2.6130244885853253,0.741956746916099,0.2855032157135407,0.4719620484126018,0.9989373572073748,0.0352556016040317,0.0242751736790037,1.0348845393589678,116.94914672320597,0.351641465488608,0.6049283341188192,True,False,False,False,pachytene,45,off_axis,118.3483547570873,11.31
194,2.849713064026069,58.92387667379275,84.39854218521288,20.846929086,1.7073313959237832,0.6407111511196129,0.1938904317091643,0.4751017851550266,0.9951018303686516,0.0825692798425501,0.0997532450065796,0.9593307707660116,113.8525846171857,0.3538124560918415,0.4081029323977335,False,False,False,False,pachytene,45,off_axis,136.79124746283986,11.31
252,3.6810107197549726,80.49389207504015,99.1421127488519,18.381516408,1.6371843165015845,0.6711332312404288,0.071016582552271,0.6088474970896391,0.9960455919981392,0.1929347466305198,0.2227023719139897,0.983968965335382,116.45507201308551,0.354857104869874,0.1166410027005752,False,False,True,False,TZ,45,off_axis,115.05306458381213,11.31
439,5.162519004561185,69.90659707129767,87.11058546851488,29.315187666,1.912793217423549,0.6363127150516124,0.2980694980694981,0.385038503850385,0.9839255499153976,0.1951808226513763,0.2139767908175653,1.0143725785115485,110.969335016652,0.3582082334754349,0.7741290678433538,False,False,False,False,pachytene,46,off_axis,125.6674700533565,11.31
221,3.120592076621655,81.89270069656146,97.8175626904636,16.164756198,1.568532481213762,0.7096212451023074,0.0398272552783109,0.6451774112943528,0.997835497835498,0.1621110568437626,0.2393775853351073,0.9916417960008702,114.62215947164034,0.3586244720479609,0.0617307031850505,False,False,False,False,pachytene,46,off_axis,113.59824133749211,11.31
159,2.937501349746186,86.43841535471508,96.38896462584924,21.724250058,1.7309534735969645,0.7625526401036605,0.0355263157894737,0.6684856753069577,0.9974481658692184,0.2188443029006656,0.4488541678720624,1.0069550311916566,111.18975100264507,0.3663361657520688,0.0531444683136413,False,False,False,False,pachytene,47,off_axis,109.00908190988655,11.31
574,6.743937738940513,67.2098059120694,81.80661713544622,17.180478072,1.6007206408379406,0.5832878208629164,0.1081239041496201,0.5586500655307994,0.990158172231986,0.2334701875089814,0.1545326009112782,1.0940685062773772,107.60663068449054,0.3665005422001081,0.193544959216798,False,False,False,False,pachytene,47,off_axis,128.73510581800127,11.31
251,3.7852403520650686,71.8931022281032,82.56730807533808,76.223710332,2.630270971141594,0.7995937711577522,0.2197459861011262,0.5122850122850123,0.9984814649397052,0.1845369160700679,0.3764457182320377,1.0386678386215955,106.02976910465867,0.3674302204138297,0.4289525963700642,True,False,False,False,pachytene,47,off_axis,124.00243807856461,11.31
41,1.6261487964988808,89.6546975711154,97.60180844638732,21.44041092,1.7233817850749031,0.7320568927789934,0.0,0.6737443854634545,0.9960365328278477,0.0922834412840753,0.1585489032069781,0.9593037979549306,110.71280886483814,0.3732090493446426,0.0,False,False,False,False,pachytene,48,off_axis,105.83366012686565,11.31
286,3.519746829419076,90.80170715968272,90.88106325219547,98.586012006,2.865775924780377,0.7904918266828467,0.2974547195404133,0.4526973310618966,0.9988477603341496,0.0596151749469078,0.1283255084452595,1.026960338239566,104.26446813843803,0.3799368776144648,0.6570719532246211,True,False,False,False,pachytene,49,off_axis,104.64182623052525,11.31
44,1.3084637964774914,93.6642934931521,95.70530342465727,9.589540464,1.3179625266984734,0.5870841487279843,0.0,0.5651658767772512,0.9942084942084942,0.0656806603197138,0.0614165801819188,0.8724919924339586,107.12666871000076,0.3806850735323039,0.0,False,False,False,False,pachytene,49,off_axis,101.76895763231023,11.31
253,3.458122870903183,81.62011117115044,79.8893402854467,39.93921622799999,2.120493649791142,0.7055092211911195,0.2455612398435148,0.3675708017550858,0.9962079510703364,0.1066167381431947,0.1516556391535849,1.0914610394693132,99.01765060909779,0.3849544837165306,0.6680651419291282,False,False,False,False,pachytene,49,off_axis,114.60456534156995,11.31
287,3.44084802686813,96.85238992443168,94.1743064231747,11.175286392,1.3869368401356763,0.7109571788413098,0.1382978723404255,0.4437182280319535,0.9992517770295548,0.2386513913227124,0.3391347215779713,0.9839967952831614,104.25503482325612,0.3868963597610446,0.3116794929832504,False,False,False,False,pachytene,50,off_axis,98.55971608408127,11.31
270,2.9490432831878377,99.04045361243335,95.18849714964372,71.10522273599999,2.570026672704697,0.7491092636579573,0.350111092121005,0.4089414858645628,0.9956816779765576,0.1945655210470338,0.3031916053947925,1.0781173769855594,104.09652042581874,0.3907549219031136,0.8561398249454157,True,False,False,False,pachytene,50,off_axis,96.38381650329445,11.31
48,1.3953628598090582,101.17699137893972,91.93360853492332,32.679033317999995,1.9833233759356648,0.833752063742732,0.0558499796167957,0.6429188255613126,0.9994373593398348,0.1018439250165081,0.3313268661424247,0.9554207412795392,100.21583676644431,0.396901321618904,0.0868694108747474,False,False,True,False,TZ,51,off_axis,94.24652980076556,11.31
349,3.941718773996589,101.6368947146704,100.8672373922241,106.918215462,2.9443382259768813,0.8082889049781697,0.2998397435897436,0.5026321812771801,0.9993757413071978,0.1313127952329056,0.367377070954736,1.0736995234853572,107.83624605378913,0.3975778751195341,0.5965390891364253,True,False,False,False,pachytene,51,off_axis,94.05971681545378,11.31
50,1.196103105337942,103.99714670184636,93.95122815100612,11.557648206,1.4025777785487228,0.5658615790541912,0.0237334550433592,0.6362786348761104,0.9891752577319588,0.1307021672961602,0.0777880827396109,0.9743572136046852,100.63507251649169,0.4009029410324926,0.0373004117103198,False,False,False,False,pachytene,51,off_axis,91.41382379741566,11.31
197,2.9916258351893674,94.86450241749309,80.09057559020239,57.92898771,2.400319813488467,0.7676047782952015,0.2199266005165149,0.4762153685311029,0.9986977471024872,0.0705201571827296,0.1334827636773619,1.0514491338219565,92.84680731998118,0.4022009917319329,0.4618217198552064,True,False,False,False,pachytene,51,off_axis,101.43971220671206,11.31
52,1.3902182700081211,106.53264380760037,93.6758841632989,29.01727386,1.90629159519742,0.7639450282942604,0.0875,0.663013698630137,0.9982095965624254,0.1086693289655307,0.229880321608497,0.9688322416896212,99.17825621070617,0.4058020728954972,0.1319731404958677,False,False,True,False,TZ,52,off_axis,88.87747592016652,11.31
310,4.561136202456757,106.93915154157034,94.66002611230618,251.382953592,3.915156004516241,0.7948564816542869,0.2796854521625164,0.5244723435225619,0.9995506352383676,0.0509948209769262,0.1363786188733883,1.080941866671362,99.84719127864037,0.4063385879547549,0.5332701630824597,True,False,False,False,pachytene,52,off_axis,88.47806499900932,11.31
54,1.485872384575486,109.77818825436542,97.1313916133477,54.26253669599999,2.34857172361017,0.803648625280996,0.1933937133724027,0.5116688683399383,0.9996906132046284,0.0802082076567549,0.1930106508282695,1.0768926647440162,100.65561933082483,0.4119921839291501,0.377966543088405,True,False,False,False,pachytene,53,off_axis,85.70750961492517,11.31
418,4.167320644216678,109.95177320644277,92.84119774524278,8.010831869999999,1.2412606922511251,0.8043923865300147,0.1629072681704261,0.1452095808383233,0.674037674037674,1.272996078561704,0.7510875778251268,1.0259243472537638,96.80703249958984,0.4131691184482812,1.121876857091182,False,False,False,False,pachytene,53,off_axis,85.46100265761702,11.31
49,1.3023778416513954,103.5616415338376,78.40225261301102,17.954584811999997,1.6244097436189913,0.6089626339169062,0.0561337117628508,0.6298028733711994,0.9982698961937716,0.1670060105724281,0.1444829782232424,0.900318764818525,87.19684710065114,0.4146286749663986,0.0891290181995823,False,False,True,False,TZ,53,off_axis,93.0858189733174,11.31
419,4.901634228463581,110.55987423010572,92.16025831485646,28.564538706,1.8963254278649309,0.7785168760778517,0.2329351535836177,0.4260289210233592,0.9991378248552776,0.1424944675853019,0.326995177387519,1.0015104476984444,95.91795266067926,0.4148510095825805,0.5467590158529304,False,False,False,False,pachytene,53,off_axis,84.86118096898544,11.31
403,5.368363019508536,107.97771028413872,107.54516094147527,33.188067143999994,1.9935682892576243,0.7542408821034775,0.1866666666666666,0.455565142364107,0.996140393197443,0.2521187866300606,0.4742303815677731,0.980441441459338,110.65841337520072,0.4155529482403731,0.4097474747474747,False,False,False,False,pachytene,53,off_axis,88.54846142747911,11.31
255,2.697603393425341,111.32787505832592,102.82256958642516,11.06034327,1.3821653423944622,0.6118769883351007,0.1159420289855072,0.5677595628415301,0.9920199501246882,0.15152569987959,0.1212755152861178,0.9547758343448802,104.90792518941268,0.4167984118597707,0.2042097334393438,False,False,False,False,pachytene,53,off_axis,84.5940635282751,11.31
199,2.531311774301793,114.1876706266189,100.99860958641224,24.445352538,1.8004009434079506,0.8163324057192208,0.0,0.6468129571577848,0.9981942473881078,0.0627428464973586,0.1894641741699368,0.9718304780242412,101.93650542693095,0.4233491536981533,0.0,False,False,False,False,pachytene,54,off_axis,81.56498585785604,11.31
313,3.078063672045331,115.96308696031276,95.95077723506296,5.378868954,1.0869280204298664,0.618839947666812,0.2746887966804979,0.3203661327231121,0.9078282828282828,0.5638416302642791,0.3701257712788146,1.1041952391181176,96.65527005771676,0.4241536657248234,0.85742145820984,False,False,False,False,pachytene,54,off_axis,79.48378547828119,11.31
160,2.0273825503355773,114.29945657718044,105.69721422818952,10.48562766,1.3577983427000762,0.6572706935123043,0.0309930423782416,0.5953002610966057,0.9972997299729972,0.01516097720221,0.0215582830729696,0.9879041836341752,106.0067782066277,0.4248777134074969,0.0520628738195901,False,False,False,False,pachytene,54,off_axis,82.01805506362459,11.31
311,3.963659253042103,116.93503011609889,92.71396512798896,50.30990076599999,2.290102656169684,0.7592204037860772,0.1319549504118339,0.6270333075135553,0.9991668402416164,0.1520006929948389,0.3780212080132056,1.0577681852033851,93.34859139382007,0.4266474337099075,0.2104432871916956,False,False,False,False,pachytene,55,off_axis,78.47921260557807,11.31
482,5.643947783210962,118.15673565452629,100.19435580972386,58.041585054,2.4018739848188964,0.8697409368306188,0.3340909090909091,0.4365497983245423,0.998620909139129,0.1411553408300898,0.6376217693364793,1.16648369931442,99.32843137677898,0.4309775399522524,0.7652985074626867,True,False,False,False,pachytene,55,off_axis,77.5401862932392,11.31
312,3.8876067020618414,120.72400604151204,96.65586895677188,170.10409166999997,3.4372309761148183,0.8095704337033718,0.2560607693136515,0.5021362879281628,0.9987898578563196,0.0961507570417788,0.2830931181436312,1.0976889047595129,94.9924092189823,0.4335678239427385,0.5099427694623903,True,False,False,False,pachytene,56,off_axis,74.75137958795283,11.31
443,4.913390215667088,113.58691875401722,116.9280083479858,54.710580294,2.3550180346900893,0.8534922608583801,0.2441937624419375,0.4647351477904595,0.9994390216537642,0.0507070557633311,0.1909028530605259,1.0490296894001994,116.20525179087144,0.4366578159151918,0.5254471575970407,True,False,False,False,pachytene,56,off_axis,85.10278150118897,11.31
56,1.4048925129725718,120.00388626760576,108.97362359154792,12.657818088,1.4457396111059702,0.7335063009636769,0.0400534045393858,0.5674547983310153,0.9990766389658357,0.0651061956657246,0.1108446646645321,1.0277834735145497,106.14851436750911,0.4374642763329621,0.0705843084897511,False,False,True,False,TZ,56,off_axis,76.97134205573,11.31
315,4.978039374873094,122.82563034300728,94.5261391516146,23.115296412,1.767137267308326,0.8411812461944388,0.2309582309582309,0.2178913738019169,0.9671713788020904,0.2345516200015986,0.6215361427096302,1.0958486410377084,92.11598161454546,0.4381613496504072,1.059969593693934,False,False,False,False,pachytene,56,off_axis,72.59120478206947,11.31
57,1.4128263337116835,119.89990113507388,111.33059704880893,12.399782508,1.4358480613367364,0.7050699962164207,0.0423832923832924,0.608723540731238,0.9986728599867286,0.1316757737165265,0.2094780042783225,0.9448365451585652,108.26700616527381,0.4402462112394288,0.0696265045580114,False,False,True,False,TZ,56,off_axis,77.57987036522414,11.31
314,3.5956263200649503,124.5422023233135,93.77240398050488,72.19131795,2.583045881397768,0.7732900081234768,0.2665054667788057,0.4514834456069944,0.999241964827168,0.0808869940121912,0.1953494269966209,1.0993806445229295,90.631768721509,0.4412566548698507,0.5902884576875325,True,False,False,False,pachytene,57,off_axis,70.86821224804204,11.31
256,3.300883745910942,123.84098390215216,85.60062457887584,48.043879218,2.2551900793574995,0.8024998779356477,0.1468044716304577,0.5218788627935723,1.0,0.1134816454178873,0.3009263817242257,0.9944601788590216,83.79566736784437,0.4435903620337357,0.2812998994529614,False,False,False,False,pachytene,57,off_axis,72.00693758092432,11.31
332,3.6171291355390047,126.77283617929498,97.41541656883506,8.791975943999999,1.280361560976672,0.8143009605122732,0.0333333333333333,0.2485632183908045,0.999247554552295,0.2473381141233034,0.6680696571430169,1.0699945854130617,92.76010301794628,0.4452213353429523,0.1341040462427745,False,False,True,False,TZ,57,off_axis,68.74704880402994,11.31
368,4.0585938069217935,126.2093480874324,90.09143617486306,32.195803049999995,1.9734988799270856,0.6096903460837887,0.2163545933294324,0.4513720365876423,0.9916295636687444,0.1796918446757484,0.1190911771999111,0.9929430088191792,86.60208532285927,0.4452395141539875,0.4793265328642553,False,False,False,False,pachytene,57,off_axis,69.2860299505166,11.31
60,1.4954607977992402,122.76701877174334,112.41890513795624,28.991470302,1.9057263721785689,0.8205356420422364,0.0719665271966527,0.6438232642019838,1.0,0.0456947703091591,0.1374936543292628,1.0647777236398304,107.84810159628975,0.4457570869360073,0.111779942102364,False,False,True,False,TZ,57,off_axis,75.05860016706653,11.31
65,1.6242454983515264,125.43554296221215,114.5656342886123,9.249402654,1.302192007871899,0.7073294445853411,0.0,0.5727902946273831,0.99682251475261,0.0572029229715057,0.1052407666448238,1.0018714773956818,108.45332375967826,0.4523680836297716,0.0,False,False,False,False,pachytene,58,off_axis,73.06793104815175,11.31
352,4.009526303728776,131.00459315480896,100.90513120764632,71.656480566,2.5766511359632225,0.8170687792581923,0.2751329614736023,0.4414817465998568,0.998742255555038,0.0675082755036361,0.1832205760700278,1.1061902789937106,93.79484002316238,0.4550270404162528,0.6232034814408147,True,False,False,False,pachytene,58,off_axis,64.82629860808481,11.31
444,5.065245202558645,122.735535607675,119.57411082089617,13.202038584,1.466169326501246,0.7139303482587065,0.1168403730115195,0.4434782608695652,0.9977397481433644,0.1303644260615691,0.2009270521153284,1.0333935033141133,114.14313390384096,0.4550307083115291,0.2634635862024459,False,False,False,False,pachytene,58,off_axis,77.20021685955574,11.31
643,8.333670033670145,124.9279927399,112.44384242424398,11.147137055999998,1.3857713464437873,0.6430976430976432,0.0105017502917152,0.46875,0.9955795677799608,0.2434306797222031,0.1949086226860741,1.0217620658233144,106.83432730127912,0.4551746425478427,0.0224037339556592,False,False,False,False,pachytene,58,off_axis,72.97565883677872,11.31
201,2.321507674373429,125.52887404313282,117.35764219934012,12.073719366,1.423150476755384,0.7037108995531378,0.1725447639717851,0.4885245901639344,0.9954441913439636,0.1186486293012517,0.1686579524553091,1.0051469836106697,110.85906923349663,0.4562502560181937,0.3531956577945936,False,False,False,False,pachytene,58,off_axis,73.8317567025146,11.31
76,1.3219151340799238,132.56155894379816,90.67871207233053,22.831457274,1.759874401841564,0.806226240624679,0.0465116279069767,0.4581124072110286,0.9978645515558268,0.0647420141225728,0.1571854400942421,1.0114106544544137,84.07318335353676,0.4574689802013247,0.1015288544358311,False,False,True,False,TZ,59,off_axis,62.913085968193855,11.31
445,5.015281150756666,123.85870211096451,122.33317532225036,62.78474816999999,2.4655956156663126,0.837960022417336,0.2935331487212901,0.4217200830066867,0.9997989848736116,0.0379000310799433,0.1241140625429153,1.0685166961148556,116.02641031283844,0.4590482430198328,0.6960378709700574,True,False,False,False,pachytene,59,off_axis,77.13112950197076,11.31
353,4.161071883319799,133.62432341706287,104.20415643014272,40.530352284,2.1309041887596725,0.7901377474244704,0.2702757093982693,0.4343629343629344,0.999394149212394,0.0498724670506256,0.137664983246983,1.0605463306735998,95.4347882371723,0.4631583184948734,0.6222347443035711,False,False,False,False,pachytene,59,off_axis,62.700936566421895,11.31
257,3.5550030769230685,136.30935241846376,91.99281913846148,19.05944625,1.657068861478695,0.7556923076923077,0.048873981792046,0.5642317380352645,0.9976896418944936,0.1953752973202111,0.3634871477654973,1.0884957115949263,83.4303871158806,0.464213136505186,0.086620405229653,False,False,True,False,TZ,60,off_axis,59.12063488798159,11.31
641,8.152943320576256,114.8852400218687,133.58069775833656,12.871283886,1.4538214980656186,0.3499179879715691,0.0,0.6220913933277263,0.9417989417989416,0.5102589836530717,0.1412502069746035,1.8034494343355236,130.19866872560078,0.4694778896480752,0.0,False,False,False,False,pachytene,60,off_axis,89.93495071697811,11.31
484,5.296324951644058,136.28043903639585,108.824505640936,66.70219743,2.515844786491896,0.7934939335326182,0.242713438225432,0.5010217983651226,0.9994848812651316,0.0552775101086629,0.1657543220649702,1.0427249830369278,98.21699130829049,0.4735496705812007,0.4844368828211206,True,False,False,False,pachytene,61,off_axis,61.075583358239015,11.31
446,5.398344981827968,126.75090478054216,129.4474627564994,41.95423953,2.1555714095872025,0.7584008946044172,0.2740255376344086,0.4089331173339505,0.9973938223938223,0.1621045389597734,0.3006882027591017,0.9282358334568054,120.88433385527875,0.4738804334063782,0.6700986689973286,False,False,False,False,pachytene,61,off_axis,77.48635678117212,11.31
77,2.0743760289760136,133.73550132367177,125.12723107013558,35.62063893,2.0411317203968737,0.8507737899242673,0.0,0.6390114739629302,1.0,0.0397885702267434,0.1480346117431428,0.9807528543375884,113.74516105771063,0.4780547567078871,0.0,False,False,False,False,pachytene,61,off_axis,69.29739387795152,11.31
316,3.430457702284446,136.32508306835814,122.77173362480306,112.137571512,2.9914897040298296,0.8552840766463057,0.313145353455123,0.4349522983521249,0.9996968110030044,0.0339526355492303,0.1303906449840074,1.066700931525833,110.43672603778847,0.4796455076928108,0.7199533250922371,True,False,False,False,pachytene,62,off_axis,65.92500583392433,11.31
637,8.104504072831757,117.02071868711047,141.17268248682268,9.791277372,1.3271405371399925,0.345951126018208,0.0,0.6307692307692307,0.8459214501510574,0.6313413853570269,0.1547567549559616,1.6225798450802358,135.83852015395263,0.4846910385195384,0.0,False,False,False,False,pachytene,62,off_axis,91.731699097376,11.31
80,1.4272241665131709,135.23829344262313,128.76504943820078,12.735228761999998,1.4486808316640527,0.740836249769755,0.0242718446601941,0.589907604832978,0.9982068141063956,0.0768059563121163,0.1216400191246979,1.1236451170207062,116.21775950317559,0.4857490458559056,0.0411451631769797,False,False,False,False,pachytene,62,off_axis,69.7290683928842,11.31
179,1.969996470172884,139.8966301270729,114.65234166078358,26.582356296,1.8514058080433449,0.6558418637486763,0.3074054342035163,0.3907692307692307,0.9802337938363443,0.2622358567721401,0.3174029711193967,1.0326765441102426,101.59885259126254,0.4870420546290466,0.7866674497334079,False,False,False,False,pachytene,62,off_axis,59.39602303086699,11.31
334,4.111583899075141,140.5434347035822,122.1190846314204,43.882469046,2.188101591186777,0.833805527342706,0.2204112337011032,0.4676744934062399,0.9994937075075944,0.1653415293676794,0.5166154598024173,1.0847768099563238,107.84223942529019,0.4879834760206241,0.4712919708230605,False,False,False,False,pachytene,63,off_axis,61.868212738761066,11.31
317,3.7230443377577234,138.15619660547478,118.50388775769466,83.06399898,2.7067080139357294,0.8211239762778876,0.2612549568462794,0.4551626144616356,0.9996050708897752,0.0213705145916934,0.0486920233725476,1.0928273619731548,105.81337190378369,0.4886214680332676,0.5739815805287318,True,False,False,False,pachytene,63,off_axis,62.46353394479757,11.31
628,7.858248472505034,118.3157924389017,142.9441719195539,9.214215984,1.300538638892389,0.4009674134419552,0.0,0.6196345091372716,0.7764277035236938,0.7012425137655428,0.1654025077490167,1.556016366427437,136.7726391114034,0.4887220233558333,0.0,False,False,False,False,pachytene,63,off_axis,91.5711593569118,11.31
600,7.590495637646323,117.0003680527195,144.64008811954693,12.636706085999998,1.4449353797452589,0.3369222201596435,0.0,0.5445128779395296,0.6224,0.9783194544693176,0.074153604976838,1.5506720124803826,138.8915279123666,0.4912246280634201,0.0,False,False,False,False,pachytene,63,off_axis,93.59653567144376,11.31
204,3.2267401997316427,142.96470080488987,116.8552641526304,15.737824601999998,1.5546001209661644,0.8265017141153674,0.1894150417827298,0.3264604810996563,0.5202959408118376,1.1007682356929005,0.6020706717017492,1.1041274461418935,102.06190892769817,0.4940959868066445,0.5802081806186777,False,False,False,False,pachytene,63,off_axis,57.39840899758985,11.31
83,1.3962160512663908,137.9625338724448,132.2939773649674,30.748458024,1.9434718033899712,0.8432255111382362,0.1703673798950343,0.4827250608272506,0.9991637922023624,0.1701907656342129,0.6144538631746589,1.2452368676448118,118.00940033784711,0.4941577296737502,0.3529283928269109,False,False,False,False,pachytene,63,off_axis,69.30265006208857,11.31
157,2.058378815443749,140.70282583383755,130.2911392359022,11.604563765999998,1.4044730281733624,0.6682838083687084,0.0167765128819652,0.6520414381474711,0.9969500571864276,0.056549185423285,0.0773300098100187,0.944129497583133,114.93825664444687,0.4947833037474191,0.0257292127470139,False,False,False,False,pachytene,63,off_axis,65.91097225172922,11.31
350,4.710143626570919,117.56703850987655,146.2429633303396,10.452786768,1.3563793227951504,0.4539946140035906,0.0,0.6247431154952733,0.9099378881987578,0.1295589334650587,0.0410004923104695,1.7233700459031127,140.02675053004884,0.4953127078613785,0.0,False,False,False,False,pachytene,64,off_axis,94.01161181800134,11.31
236,3.0948901950882184,144.4007120803454,118.80742760448594,65.050769718,2.494908428269477,0.8261512386859471,0.2629567344442746,0.412362580377515,0.999038899286762,0.1519712137833412,0.5013917957571253,1.0859205681525566,103.08705567661659,0.4970107839616776,0.6376833082272876,True,False,False,False,pachytene,64,off_axis,56.92886614337448,11.31
289,3.52870142018874,146.50534622842093,118.60760147121417,27.584003502,1.8743739075985364,0.853644017348414,0.2421840598855129,0.4439279488669378,0.9966097864165444,0.1054763048447248,0.3714818544069058,1.1134194540593532,101.90301342279676,0.5008628531349534,0.5455481244279683,False,False,False,False,pachytene,64,off_axis,54.959541992879316,11.31
577,7.071487774554529,124.19557204724572,147.78767007873986,11.320724628,1.3929275849693388,0.4917115623704932,0.0,0.5487158581328985,0.9670682730923694,0.1803002974171112,0.1056589984072774,1.5563389190877384,138.2057320217771,0.5023091559620994,0.0,False,False,False,False,pachytene,64,off_axis,89.5287077479141,11.31
203,2.416378100140417,142.61212089377827,133.8867492044906,10.025855171999998,1.3376554781766952,0.714787084698175,0.0737082066869301,0.4864643150123052,0.9956709956709956,0.1078643421009761,0.1794639963076238,0.9890329177838784,117.17899060726391,0.502666547793603,0.1515182191422728,False,False,False,False,pachytene,64,off_axis,66.45512203336442,11.31
378,4.162698007153437,150.60200582524644,118.93210485436958,55.08825055199999,2.360424554500116,0.8037812979049566,0.3080042048355609,0.369140625,0.9946323481859924,0.102785275005419,0.2888765152075709,1.1244130388985296,100.22447055467514,0.5081984926468891,0.8343817612476571,True,False,False,False,pachytene,65,off_axis,51.50750695769633,11.31
235,2.5780524469684627,142.20703504259427,138.867534808752,14.044172885999998,1.4967037699829058,0.6487389343577752,0.1031982942430703,0.545886828340466,0.993930739021778,0.0358781217407868,0.0249494933177506,1.068394120565458,121.74464075274265,0.5094225608996996,0.1890470494714085,False,False,False,False,pachytene,65,off_axis,69.90026854593437,11.31
237,2.8062528948586807,145.74774726725207,136.86361083835266,10.129069404,1.3422301166944413,0.6625752663270033,0.0551232166018158,0.5271105010295127,0.9883438562408936,0.146068704339046,0.1482805930207955,0.9792245131895864,118.28893731782367,0.5108304901127503,0.1045762064958928,False,False,False,False,pachytene,66,off_axis,65.910099186552,11.31
518,6.805401143307741,129.17877977527982,149.93096404494472,11.900131793999998,1.4162971698418771,0.6727774492410803,0.0,0.5060240963855421,0.9879166666666668,0.2609886902237484,0.2834175023569573,1.0950421187478216,137.6986117555096,0.5127854802588032,0.0,False,False,False,False,pachytene,66,off_axis,86.99220239570056,11.31
61,2.7921521133584037,121.9626935933118,154.49916409107445,19.369088946,1.6659943647633144,0.6128133704735377,0.1004501969611705,0.4779480763215514,0.9864396089561652,0.1597065336752756,0.1245370813827839,1.2676382473400412,145.16636308275054,0.5137304254157141,0.2101696856576323,False,False,False,False,pachytene,66,off_axis,95.45546494759901,11.31
64,3.567867880584167,125.38147131907678,153.014783845011,55.39554747,2.3648054440354542,0.5460088926529748,0.1558932367530116,0.5023785094674005,0.9899892742223813,0.2028015542411728,0.1400278886493701,1.2586472443901895,142.2250880058886,0.5138538363212484,0.3103103214313102,True,False,False,False,pachytene,66,off_axis,91.882720564329,11.31
274,4.015682147085788,146.13237730561622,139.03782254966438,17.830258578,1.6206516562311288,0.7291145901855018,0.0,0.6070908207867897,1.0,0.1878160492895213,0.3267080282223327,0.936137360479136,120.0128516697999,0.5149973313141479,0.0,False,False,False,False,pachytene,66,off_axis,67.07641919200658,11.31
183,2.176961550484485,154.432634620195,115.84477586745815,15.008287644,1.5301975834983133,0.7846201938105658,0.0254596888260254,0.4404934687953556,0.9992561368708158,0.1093797728170684,0.207598139782091,1.0247170834222878,95.6789453858071,0.5151782984231422,0.0577981074172373,False,False,False,False,pachytene,66,off_axis,46.659336637857756,11.31
62,1.303226450903998,124.42282037758578,153.51817629607143,23.483583558,1.7764729010593845,0.596144241334532,0.0,0.4929507791244125,0.8550210596320107,0.4993649557646075,0.2434683305888143,1.5311363571826064,143.12634270911593,0.5154007280288028,0.0,False,False,False,False,pachytene,66,off_axis,92.93955544370463,11.31
180,2.9155607408488367,143.50806623888082,141.9280897477048,16.084999745999998,1.5659485284579813,0.725098439550824,0.0508559919436052,0.5644562334217507,0.9988061127029608,0.1566212098190499,0.250322588901687,1.0918493810410814,123.8072848893041,0.5157996078169033,0.0900973165542254,False,False,False,False,pachytene,66,off_axis,70.96608922133508,11.31
102,1.7897138437742497,150.95078892111334,134.19068338166915,24.264727632,1.79595563343677,0.5848801237432328,0.1356682769726248,0.4552864462040056,0.5234477338223736,0.4655348421105229,0.0674203470332632,0.93934568946939,113.4493839580785,0.5159402335637865,0.2979844405731207,False,False,False,False,pachytene,66,off_axis,60.248756193147614,11.31
569,7.495946422277594,121.13348319527591,157.21015244096023,26.619888744,1.8522767505723907,0.6194043003172365,0.1135057471264368,0.4269506830284788,0.989058039961941,0.26843400829166,0.2642311816737891,1.4502450592546805,147.9431338582893,0.5167493886517173,0.2658521268107812,False,False,False,False,pachytene,66,off_axis,97.83743027873531,11.31
71,1.3760990963549775,128.07853353639618,152.03949893390038,23.103567522,1.7668383301189927,0.5809726875824957,0.0409016964908203,0.616428398352314,0.9904200442151806,0.1459242357058148,0.1248234159034488,1.1413191215163947,140.07652003026394,0.5179316133688872,0.0663527128213897,False,False,False,False,pachytene,66,off_axis,89.20138923601748,11.31
585,7.268712081816378,132.50136115444593,149.47761612064656,13.532793281999998,1.4783126034464822,0.7210955104870862,0.1597911227154047,0.4648850217526414,0.9977798921661908,0.1210809903680576,0.202300012304884,1.124684804916815,135.70835051415787,0.5186633016044347,0.3437218134346072,False,False,False,False,pachytene,67,off_axis,84.18807867497384,11.31
181,3.733548006225535,146.7260175656074,141.0596834487192,43.708881474,2.1852125925597385,0.7892985563248001,0.0786200422436047,0.6204788588894549,0.9992584352984798,0.1287555655473286,0.3184776197045512,0.963050438920238,121.50288201495835,0.5188179844349534,0.1267086559311955,False,False,False,False,pachytene,67,off_axis,68.03823156437635,11.31
96,1.646434619002836,148.37047021637198,140.08509231420376,24.93562014,1.8123574388338537,0.6253998118532456,0.1151111111111111,0.5489703666499247,0.9997847610848042,0.1067705615117829,0.1254139458970278,0.9957461741464338,119.85939307363653,0.5190536399294255,0.2096854732133781,False,False,False,False,pachytene,67,off_axis,66.18227846371612,11.31
288,3.4894913189156123,146.0706063965873,142.68069763935617,15.402378348,1.5434754495392558,0.5024367956137679,0.0,0.6467707376798286,0.9748653500897666,0.1743551372030715,0.1002420223802874,0.862956005543834,123.2397154922622,0.5200402198191206,0.0,False,False,False,False,pachytene,67,off_axis,69.64313921405248,11.31
66,2.810311056359599,126.85878430551146,155.79734479827792,38.08370582999999,2.0871333493448216,0.5556513704958423,0.1091627562361077,0.603964513446077,0.9894977168949772,0.247130913053464,0.2174164844138196,1.0062269709718563,143.95925960529962,0.5201040484165863,0.1807436592809917,False,False,False,False,pachytene,67,off_axis,92.60934834788506,11.31
89,0.8840959246726613,144.1943834927184,143.92464526997395,15.944253065999998,1.561367696294741,0.7313520670884214,0.0,0.5788608981380066,0.999073430623118,0.3002229155510434,0.5304968951556267,1.0572726508640964,125.23068927801386,0.5204012197354693,0.0,False,False,False,False,pachytene,67,off_axis,71.85165026711246,11.31
520,6.684472891566787,132.6275317545178,152.02363768825262,31.15193184,1.9519354799004105,0.6495481927710843,0.2352941176470588,0.4200687580575848,0.9795814190913732,0.2591278555708058,0.2790657150833747,0.9792885414726236,137.8824614132758,0.520526364812446,0.5601323905521289,False,False,False,False,pachytene,67,off_axis,85.80876394051802,11.31
85,1.3210013593112655,141.93489097191005,144.6860888196641,20.708528184,1.703544730144412,0.6613049388309923,0.0416666666666666,0.5548494983277592,0.9936851601262968,0.2057156578048572,0.2461457166120418,1.15825688060141,126.98186589476892,0.520917194748245,0.0750954390194895,False,False,False,False,pachytene,67,off_axis,74.00359929686844,11.31
67,0.7585771658060801,127.25121589213876,154.9359185886421,12.266073161999998,1.4306683859482074,0.3813348632625741,0.0,0.6454404945904173,0.8176100628930818,0.486628274336146,0.1043870358623563,0.9914555946304964,143.0151320763435,0.5213442294231214,0.0,False,False,False,False,pachytene,67,off_axis,91.74043104747753,11.31
105,1.7341740882793042,153.59485046479625,132.98095257101946,36.085102974,2.0499650016184985,0.773581226028733,0.1922541743970315,0.3970714900947459,0.9972694812014282,0.1657929818885916,0.2890044940100755,1.027482748398157,111.12044964675772,0.521549995089902,0.4841802526571661,False,False,False,False,pachytene,67,off_axis,57.4881238988739,11.31
601,7.499889187905562,146.19046170650432,141.40089977837633,14.818279626,1.52371259989995,0.4867817001741332,0.104914411927112,0.4676125848241826,0.4925266903914591,0.7766783100146989,0.11007397816199,1.0021623522680354,122.05902769398895,0.5225776748465982,0.2243618228678741,False,False,False,False,pachytene,67,off_axis,68.65993005688425,11.31
74,1.57019962955342,131.25292458324878,151.30385939493706,22.796270604,1.7589698609740343,0.5793373122041572,0.2308560677328316,0.413160469667319,0.9859424920127796,0.141274504202422,0.0794028066725377,0.9895708142936231,137.9095197502346,0.5239657803191516,0.5587564268157582,False,False,False,False,pachytene,67,off_axis,86.33625632037018,11.31
290,3.2686717606893474,146.22588177531927,145.26199240773764,14.428880477999998,1.5102470944894852,0.6348561209559421,0.0847595762021189,0.5004452359750667,0.989841986455982,0.1031805580012956,0.111531751573214,0.9943225611775746,125.43083613276019,0.5241245669661052,0.1693683346529885,False,False,False,False,pachytene,67,off_axis,71.38120567778044,11.31
93,0.7531707317073253,146.70692607538703,144.23847851441212,10.57945878,1.3618364284605873,0.7195121951219512,0.0155642023346302,0.5778656126482213,0.994810971089696,0.1913149188867065,0.2802274184045274,0.9797647383352696,124.30198009542984,0.524479139159342,0.0269339479525408,False,False,False,False,pachytene,67,off_axis,70.30888423914087,11.31
72,1.9422795194842892,128.679206270143,157.6265619103442,24.018420942,1.7898581524948671,0.5989842758081845,0.0977807075368051,0.5635655138821237,0.9749445676274944,0.3487110146842931,0.2778647962254286,1.0025072430377295,144.69226807347655,0.5252307319378741,0.1735037100890759,False,False,False,False,pachytene,67,off_axis,92.52766116434215,11.31
202,3.8872212526663,127.45065098894524,158.64356055846375,24.194354292,1.794217722893766,0.5494473531122746,0.356994603569946,0.3027759845061329,0.8282261545101425,0.3698794081640099,0.1033094647225452,1.0109462318040434,146.17365544535772,0.5254382398170394,1.1790717290615065,False,False,False,False,pachytene,67,off_axis,94.11827073744541,11.31
149,2.558153437396237,142.98063816008073,147.04435197608643,14.126275116,1.4996146815143487,0.6011291929591498,0.089461713419257,0.5653621981681932,0.9856858846918488,0.1714651032594188,0.1041358756404811,0.9841539902737896,128.5504727801227,0.5257448480226367,0.1582378760184501,False,False,False,False,pachytene,67,off_axis,74.91744690231808,11.31
75,0.8927667042747686,131.09976348251394,154.83059198947055,18.712271106,1.6469457627888455,0.6246709289206469,0.1596968846477687,0.6098864395457582,0.9997316876844649,0.1640230372345563,0.1980018924469176,0.8587305869897489,141.07824758646626,0.5259202708909968,0.2618469182012156,False,False,False,False,pachytene,67,off_axis,88.84576016442506,11.31
91,0.9283649943172492,145.33766804676034,146.76250146127464,14.447646701999998,1.510901554067415,0.6825783406397142,0.0316988608221892,0.6506393861892583,0.9997122302158272,0.1533958324399615,0.2218015331935568,1.01353578013813,127.17347745915075,0.5263034558556045,0.0487195541724684,False,False,False,False,pachytene,68,off_axis,73.08171891150366,11.31
87,0.5675213675213553,142.80764726264854,147.28234608454548,10.154872962,1.343368916414157,0.7244167244167243,0.0,0.5808885163453479,0.9984251968503935,0.1536429406388113,0.240731051413985,0.9100364877986664,128.84226125042102,0.5263969024473437,0.0,False,False,False,False,pachytene,68,off_axis,75.20852493632286,11.31
523,5.740852819807439,135.528692788367,153.33373204951687,11.937664242,1.4177845850943334,0.6360778148948714,0.0767696909272183,0.58207343412527,0.9988465974625144,0.2534411956811945,0.2794812017119007,0.93263863516458,137.64189754450626,0.5268328838945406,0.1318900441532544,False,False,False,False,pachytene,68,off_axis,84.63012064521934,11.31
106,2.4129761239318865,156.53334606324557,133.5042370598085,58.752355788,2.4116385935768703,0.7652718997045437,0.2140374331550801,0.4971934002381357,0.9976068818317056,0.1774891482416367,0.3545442492762342,0.897029106382177,110.17142973425041,0.5268562172886958,0.4304912998695574,True,False,False,False,pachytene,68,off_axis,55.76140107486478,11.31
101,1.7170403006348545,152.32580014254071,141.09456012699195,54.307106478,2.349214565430772,0.741825407109844,0.1454103517300543,0.5301990965367241,0.9972435804439286,0.1980287071502166,0.3778060212244044,0.8934594894890555,118.8497594146033,0.5269290126269851,0.2742561288389191,True,False,False,False,pachytene,68,off_axis,64.17659742797001,11.31
390,4.631028189008297,135.41795980531302,146.5855105455268,11.567031317999998,1.402957238230016,0.7477185155140945,0.0744047619047618,0.4662379421221865,0.9982104509663564,0.1321050662708933,0.2600117222094512,1.0322583824069709,131.77222303192468,0.5270710868690074,0.1595853858784892,False,False,False,False,pachytene,68,off_axis,80.08702820037365,11.31
539,5.850078575169932,136.7322247904645,150.93541663829367,71.649443232,2.576566782819184,0.7185044525929807,0.090736040609137,0.6688764829030007,0.9978554242075532,0.449879474464763,0.7611825681732611,0.9006684962109822,134.9601558169396,0.5275990245620868,0.1356544039571136,True,False,False,False,pachytene,68,off_axis,82.08814264531061,11.31
69,0.7523989421986959,127.16132261050086,160.0252378730644,12.418548731999998,1.4365720488847726,0.6813373630525124,0.2240110395584176,0.4884410195613515,0.9988518943742823,0.1659920173673133,0.2107469867888804,1.7734256287647323,147.52498136717202,0.5288254212018989,0.4586245433677797,False,False,False,False,pachytene,68,off_axis,95.286403149722,11.31
150,0.935549352956114,148.1192663917789,146.88667718852943,18.489422196,1.6403816787273255,0.8285968028419183,0.3636363636363636,0.3501110288675055,0.9988698436617064,0.0709219669119625,0.1421763301895683,1.1289094317774349,125.9493638904792,0.529886670396174,1.0386315587161252,False,False,False,False,pachytene,68,off_axis,71.2976050495714,11.31
161,2.2782988004361915,129.82251180869375,159.93289811497246,15.057548981999998,1.531869931915037,0.6329646362361738,0.0320460147904683,0.6706281833616299,0.9993704752911552,0.0513246386512017,0.047731107182708,0.9084203799348488,146.16854449404917,0.5299718142244595,0.0477850701559135,False,False,False,False,pachytene,68,off_axis,93.33307819477588,11.31
616,8.126595974897096,127.74151399047685,159.91830879679665,21.679680276,1.7297689135094416,0.6338454879896127,0.3799926713081715,0.2966903073286052,0.9698524695317512,0.3037536505610999,0.2583714621645571,0.9587879785028328,147.1530718391145,0.5305784802820274,1.2807721112618051,False,False,False,False,pachytene,68,off_axis,94.79679078808448,11.31
389,5.065449493946851,132.90523415360138,156.98980873189197,35.461126025999995,2.0380803614606195,0.7345372759145333,0.1218818380743982,0.5529529030650386,0.9990913221263062,0.2291437949364386,0.3967897830894312,0.9612781403943128,142.10805392439934,0.5306163055434028,0.2204199261796124,False,False,False,False,pachytene,68,off_axis,89.07296490968194,11.31
640,8.11440873443056,131.3174554820863,157.2310491465475,15.254594333999998,1.5385230878496985,0.4604028909733969,0.0,0.6491878027928185,0.9413813116656994,0.3200240330502371,0.1378599252838359,0.9402724047846072,143.08073803074276,0.5312451755642034,0.0,False,False,False,False,pachytene,68,off_axis,90.36414070388545,11.31
145,1.894955744607808,138.28762505800358,148.63281108533133,27.297818586,1.86786913001538,0.6420039529088253,0.2408892128279883,0.4299087854056649,0.9606490872210952,0.3949481164256704,0.4168799561257588,1.0609655409652865,132.19378101848298,0.5313421992707341,0.5603263320164151,False,False,False,False,pachytene,68,off_axis,79.36803833105448,11.31
86,1.3526818802418976,142.46181655939375,150.63046076652932,24.053607612,1.7907317655545576,0.5993758533255316,0.243879992637585,0.51095423563778,0.9903626680192746,0.0879130806457474,0.0796321130480545,0.9427758386120144,131.94655883042415,0.5324287137307493,0.4773030060767982,False,False,False,False,pachytene,68,off_axis,77.87151436443267,11.31
103,1.0320537929233151,151.73958390129096,146.2413545240891,35.932627403999994,2.047073588070323,0.6132654393523959,0.1551625784369652,0.6083727211343687,0.9938315880074596,0.3325479281273503,0.3030936958809475,1.058577443262579,123.64791923801987,0.5326425352948129,0.2550452593397841,False,False,False,False,pachytene,68,off_axis,68.45138521606846,11.31
613,7.465111940298466,129.7280945429119,159.40411301305744,5.029348032,1.0628558327575497,0.5895522388059702,0.0,0.3022727272727272,0.9938118811881188,0.2593198062942741,0.2288312010330595,0.828222081139189,145.74969323146456,0.5327396115209121,0.0,False,False,False,False,pachytene,68,off_axis,93.02425205144583,11.31
624,7.96191148301234,139.4476761467877,152.60937438249633,23.267771982,1.7710142811998275,0.6837382800685553,0.1714210248283149,0.5390500478163851,0.985572236303373,0.2623487995639039,0.3325521199648785,0.9030447814615178,135.1279482699116,0.5334219406359224,0.3180057687087071,False,False,False,False,pachytene,68,off_axis,81.37661929865959,11.31
629,8.038367182787221,122.82890341845908,165.7673598833689,11.665553993999998,1.4069292313833592,0.4130303639654132,0.0,0.632065775950668,0.9442843419788663,0.4249945496151411,0.1312376007901232,1.2753953042058104,154.64103787953746,0.5336091694038105,0.0,False,False,False,False,pachytene,68,off_axis,102.40240106510358,11.31
556,6.936804164998018,140.13532787344715,154.40293844613768,17.572222997999997,1.6127957323096995,0.541049259110933,0.1745498199279711,0.4607329842931937,0.9825840421223168,0.1684382600797236,0.1143735191573481,0.9737283234997745,136.37255261366892,0.5362422434702965,0.3788524500709374,False,False,False,False,pachytene,69,off_axis,82.22410847047954,11.31
612,7.819723775824871,131.05387202944937,160.73075449720372,41.102722116,2.1408882168249925,0.6187649811665334,0.2108682811577081,0.4616766467065868,0.9952127659574468,0.1313830379137701,0.1328601714733636,0.9258270337508748,146.27866538117465,0.5364215385151658,0.4567445259836221,False,False,False,False,pachytene,69,off_axis,93.04650779236873,11.31
543,6.577618069815272,140.13497402464083,155.49958620123343,11.423938859999998,1.3971480221179104,0.5924024640657084,0.1263204225352112,0.3909319899244332,0.993439550140581,0.3481621775356948,0.3218887770259765,0.9641725108369664,137.3352223087379,0.5367831488604115,0.3231263385726731,False,False,False,False,pachytene,69,off_axis,83.03949729212437,11.31
370,4.925439613039787,148.9348508238054,151.33238047564114,46.556655966,2.23167555547334,0.7855595304076183,0.1511767052253689,0.4271616541353383,0.9985399091499026,0.136670259200857,0.3172407574300971,0.9291874934112592,129.46037142619673,0.537339353177671,0.353909822573801,False,False,False,False,pachytene,69,off_axis,74.16909517851975,11.31
81,1.270003518648862,137.74622507037455,156.57722100633453,26.666804304,1.8533642782709157,0.6067909922589725,0.2116402116402116,0.4402684563758389,0.9909763998149004,0.1441351195604186,0.1085728688400748,0.954062818456174,139.42585902967187,0.5383139713501031,0.4807071880242611,False,False,False,False,pachytene,69,off_axis,85.44040622419868,11.31
79,1.764545573086497,135.79723443082642,159.46862908462333,35.979542964,2.04796412352353,0.6089451036641023,0.1674069961132703,0.4889963321107036,0.9920715249662618,0.1064523008024079,0.1092420017538241,1.0134901450950389,142.89764177219905,0.5387644736054914,0.3423481632074311,False,False,False,False,pachytene,69,off_axis,88.89085793468742,11.31
335,4.510902272624596,154.6342268558259,148.18548126327337,51.919104474,2.314263795178007,0.7040166267564271,0.2415190459650341,0.4481758510151122,0.9938813514232508,0.0574648599945844,0.0613656599571541,0.9186778732264974,123.96695344920647,0.5397760759486364,0.5388934843722544,True,False,False,False,pachytene,69,off_axis,68.19006751444947,11.31
447,6.387325231935177,140.61235007448116,157.79754351234973,89.76119517,2.777580614370148,0.7358944204886972,0.2254158043994788,0.4940629329111419,0.9956434608347128,0.2046839083339992,0.3492550611652043,0.9512589864961494,139.12329591474722,0.5399422400217343,0.4562491726939982,True,False,False,False,pachytene,69,off_axis,84.45767926287982,11.31
177,3.803467719199298,132.028747800958,165.35649272625108,49.922847396,2.284214651220171,0.6229677661873885,0.1960725378218615,0.4899052841475573,0.9938976155497796,0.1404499057529339,0.1410866120276241,1.01142498522257,149.8713436183099,0.5411125985406002,0.4002253990034639,False,False,False,False,pachytene,69,off_axis,95.79263117626932,11.31
185,3.0594433821969047,159.5078384958543,141.98421284894675,55.20788523,2.3621320236043952,0.6252814956447843,0.210898353614889,0.5188796915750085,0.990894119926378,0.2794342789607803,0.3048194514359882,0.8972585439749308,116.1885456294864,0.5411268186075112,0.40644942756331,True,False,False,False,pachytene,69,off_axis,60.30568748866726,11.31
379,5.666216646050443,161.24596771690287,139.68776665487934,132.74757702,3.1645551194786257,0.7431525004417742,0.1634532374100719,0.573718610251118,0.999424791486914,0.1254168446835668,0.2697623149554263,0.9154583249501488,113.34000268089783,0.5425907554535184,0.2849014037361068,True,False,False,False,pachytene,70,off_axis,57.42578274962209,11.31
109,1.8659569320106768,164.74622596781902,132.63075582506718,38.780401896,2.0997837256680483,0.6944108395838374,0.1340418237915667,0.4592240696753761,0.9896210475500844,0.2779489018567667,0.3710591697354212,0.9873770083303994,105.46872002954754,0.5428227032812603,0.2918876266357737,False,False,False,False,pachytene,70,off_axis,49.690402936464324,11.31
614,7.861579139315067,137.91933905908172,159.76872582056788,25.728493104,1.8313664218830707,0.5969183078045223,0.2609495152123036,0.4580411671567518,0.996210207175341,0.1255629736192258,0.0909233466780429,0.980827852317974,142.14399638427204,0.5429196149812289,0.5697075588906638,False,False,False,False,pachytene,70,off_axis,87.70829432702469,11.31
94,0.6575576430401436,146.0294017079409,154.85697694278585,8.240718114,1.253022346969099,0.5863933959578708,0.0162491536899119,0.6703372333103923,0.988394584139265,0.131119944994493,0.1339199563381256,0.920113151091792,133.94627674357145,0.5431815156165553,0.0242402672602074,False,False,False,False,pachytene,70,off_axis,78.7365327444808,11.31
557,7.61060057551336,143.5856740740751,156.76305873015966,25.271066394,1.8204481749308707,0.6509793001021071,0.1094268119374703,0.5792553191489361,0.9957820738137084,0.2991552943967124,0.3789912062660552,0.9739852351884823,136.79036940996576,0.544146268637401,0.1889094641344759,False,False,False,False,pachytene,70,off_axis,81.75683747582409,11.31
642,8.265385179750952,131.8000034922969,165.9947233602344,15.986477069999998,1.5627447668568069,0.4980190755685987,0.0520919922416182,0.4948845366851798,0.9079790331974374,0.418395357924241,0.1480064866047407,1.2386378949028771,150.5411297978497,0.5446761109980043,0.1052609010387335,False,False,False,False,pachytene,70,off_axis,96.42285925746705,11.31
82,0.6043973615830324,137.02577947231828,162.44471812912323,11.735927334,1.4097526971771983,0.5670597641415152,0.2042615723732549,0.5120036934441367,0.976457399103139,0.1175391042985831,0.1304433303666104,1.096431032755664,144.92089179184057,0.5450371791001758,0.3989455056451489,False,False,False,False,pachytene,70,off_axis,90.32140156929296,11.31
147,0.5822956037397843,142.73194589218335,157.28891362641696,11.792226005999998,1.4120033538775787,0.6896757509448976,0.1265397536394177,0.532051282051282,0.9984387197501952,0.3002829686477509,0.4176974653965742,1.0157323991273297,137.66105390630415,0.5453687133230223,0.2378337538283031,False,False,False,False,pachytene,70,off_axis,82.70535926653699,11.31
258,3.432847522363798,148.8682358628982,155.49303035481253,70.014435966,2.5568170972103115,0.6281033269675345,0.2621152695605929,0.4527027027027027,0.980133007828942,0.1419885027598094,0.1328162113937857,0.935014159579117,133.14399468294312,0.545866812330268,0.5790008939547426,True,False,False,False,pachytene,70,off_axis,77.49550270657669,11.31
152,0.6355589664875505,164.89236032233146,140.3813745970832,18.339292404,1.6359297686413237,0.724226144794065,0.1461386138613861,0.5403525046382189,0.9877450980392156,0.4158072691193607,0.6959657147895775,0.8930365445236335,112.20120703209084,0.5480156072806134,0.2704505162962649,False,False,False,False,pachytene,70,off_axis,55.914020005113414,11.31
638,8.182953858553514,130.74096890993485,168.71651775135993,11.642096214,1.405985553300659,0.4330042313117066,0.0,0.6030561478322672,0.8176691729323309,0.5014838509958804,0.1332531627210228,1.0540187664214422,153.4375295299488,0.5485092491492791,0.0,False,False,False,False,pachytene,70,off_axis,99.17205268473258,11.31
95,0.7370645161290226,148.15439999999987,156.7025364677425,14.543823599999998,1.514246794694898,0.5537096774193548,0.076126878130217,0.641127574990965,0.987284659557014,0.1057096467395402,0.0678143849127364,0.9536436068024566,134.54765830859023,0.5486128129668112,0.1187390483575594,False,False,False,False,pachytene,70,off_axis,78.89145134378165,11.31
615,7.83175914994171,144.55285418283032,159.57100825602836,27.816235524,1.8796193843158104,0.5431776016191601,0.0909548581976842,0.5877792135868561,0.99338397451605,0.2233283439826933,0.1585572753755945,0.982087500032242,138.79130848891668,0.5486217817029677,0.1547432370781581,False,False,False,False,pachytene,70,off_axis,83.35384845429553,11.31
355,4.810407758890529,167.90920546459645,134.41230572530802,22.493665242,1.7511521139672477,0.6899572426738971,0.1725577511828555,0.4184325597040026,0.9640507518796992,0.3469802137026624,0.4151547799992222,1.0075642929767292,105.51646257480213,0.5493499942937287,0.412390831404043,False,False,False,False,pachytene,71,off_axis,49.27125552993382,11.31
148,0.6834498834498647,143.4306013986024,161.14427240941004,11.069726382,1.3825560881478096,0.5713074803983895,0.1535564853556486,0.5437469105289174,0.9899289099526066,0.1378888241404216,0.120919118901394,0.931836375561204,140.70996990521928,0.5524248881295305,0.2824043362495246,False,False,False,False,pachytene,71,off_axis,85.28509666065275,11.31
542,5.669182879377465,140.80053501945426,165.18712447470648,6.02864946,1.1290429787248544,0.4326848249027237,0.1438637698179683,0.3257887517146776,0.4886649874055415,0.9611674944540528,0.1164466483745121,1.0417060017405049,145.5187561014086,0.5542681254748127,0.4415860555675744,False,False,False,False,pachytene,71,off_axis,90.09404615980475,11.31
559,6.15197458011798,143.76350603722264,164.79346845210924,5.167748934,1.072517199697639,0.5142986836132546,0.1819571865443424,0.3205607476635514,0.6565464895635673,0.5444259293481467,0.0664480951185744,1.076637693012488,143.75323059207244,0.5547497600557995,0.5676215440304561,False,False,False,False,pachytene,71,off_axis,88.01046684611988,11.31
97,1.964589304725341,149.1593257308995,160.12539473425647,28.644295158,1.898088728882149,0.7087871591188273,0.1356344190568789,0.4721597300337458,0.998217468805704,0.1961339906647423,0.2906748210917722,1.0256365046245774,137.070197459942,0.5552573154811571,0.287263844053759,False,False,False,False,pachytene,71,off_axis,81.08064793869046,11.31
320,4.423621402546138,154.94584347648257,158.7221780652572,57.30031920599999,2.39160513565999,0.721578581078315,0.168785138108042,0.4649316277018085,0.9988363974866186,0.1630358315926441,0.2920055939006338,0.9115576001774286,133.0654024839959,0.5557396515907804,0.3630321708642612,True,False,False,False,pachytene,71,off_axis,76.72918638987332,11.31
555,5.933953767637381,139.20867694385976,166.79822386670736,7.813786517999999,1.2309988411786157,0.4452116481537076,0.1274787535410765,0.3885281385281385,0.3989071038251366,0.9320977809238762,0.0482232866275416,1.1212885394293892,147.69568600764757,0.5558244233985574,0.3281068754093445,False,False,False,False,pachytene,71,off_axis,92.34078915540297,11.31
391,4.459705580280736,148.8522509414606,160.9847428962702,6.852017537999999,1.1782658362722411,0.7627524820267032,0.0,0.5108225108225108,0.9989556135770234,0.1992204621088754,0.4185694070491736,1.1834051023943513,137.97159332702648,0.5566436884697231,0.0,False,False,False,False,pachytene,71,off_axis,81.96198104365122,11.31
617,7.779149819691928,170.43874340509154,135.22055622336342,21.466214478,1.7240728718623957,0.5493388700688449,0.190261142744944,0.4529582929194956,0.9863013698630136,0.1307856906933618,0.103626169213746,0.9335027583484145,105.01354582352575,0.5570332372631256,0.4200411952249192,False,False,False,False,pachytene,72,off_axis,48.59697659466261,11.31
98,1.0961209068010098,150.42449894206538,161.2683024181374,4.65636933,1.0359042230931692,0.6322418136020151,0.0676883780332056,0.3904109589041096,0.9945945945945946,0.1744113234834543,0.2150378378531847,1.0770885341075416,137.4669560826971,0.5581993929619489,0.1733772489973336,False,False,False,False,pachytene,72,off_axis,81.31526867645753,11.31
558,6.553163794142434,144.2296377606377,166.4791985777985,19.462920066,1.6686802657737174,0.5516451729540798,0.2737212026552128,0.3147849462365591,0.908933966335779,0.3034096862078368,0.1655102467024919,1.044079544384292,145.009356737208,0.5582110927492053,0.8695498495964064,False,False,False,False,pachytene,72,off_axis,89.11237317059523,11.31
88,2.757731213872828,142.19859122110108,166.4133965679192,19.479340512,1.6691494103827564,0.8289980732177264,0.0589794565937706,0.55,0.9970836033700584,0.3562010798459852,1.0439737130585391,1.3310457000006226,145.92499651080317,0.5582818104181019,0.1072353756250376,False,False,False,False,pachytene,72,off_axis,90.24103013325843,11.31
100,0.8576819407008156,151.7616268194059,161.8526714959578,10.443403656,1.3559733427281593,0.676774483378257,0.1677270098322729,0.4218207088255733,0.9980722891566264,0.1270699950829076,0.1497765847175602,1.0810065499054815,137.33901468866006,0.5602304613890102,0.3976263050224724,False,False,False,False,pachytene,72,off_axis,81.07507583503681,11.31
631,7.90531197301846,166.40999269603748,148.09979342327333,22.256741664,1.7449821624619115,0.5223440134907251,0.2421404682274247,0.426522506619594,0.9429166666666666,0.2864588990130825,0.1833676276160004,0.9013930921906764,118.24813342088603,0.5612214877628974,0.5677085369925964,False,False,False,False,pachytene,72,off_axis,61.79694796580657,11.31
578,7.312188992208917,171.5947042975618,139.00847089720816,28.001551986,1.8837842629196104,0.6482365753539415,0.2445124145376034,0.3141224100976423,0.9780880773361976,0.1516466420219635,0.1209298459018606,1.1654702596967992,107.78410118396594,0.5616962604297587,0.778398505415767,False,False,False,False,pachytene,72,off_axis,51.33672783244741,11.31
321,4.188672102504354,172.0486630605709,126.00766498252791,16.110803303999997,1.5667854460117796,0.6300232964472918,0.1286008230452675,0.5419126328217237,0.9962238242361826,0.0587932189013489,0.0891975450260317,1.0567163750632926,96.15605856453445,0.5623600171854432,0.2373091440508531,False,False,False,False,pachytene,72,off_axis,40.00688423652677,11.31
154,1.470990076159698,168.26820692361062,148.47437613662703,10.164256074,1.3437825470819444,0.9102238633741055,0.0,0.4884318766066838,0.999733759318424,0.1465126499822956,0.9918898823115404,0.9800601957240056,117.68633372581893,0.56237938837836,0.0,False,False,False,False,pachytene,72,off_axis,61.28263539082411,11.31
153,1.611461318051561,166.15813717765042,150.71796547277873,19.648236528,1.6739596658257971,0.764207258834766,0.056829035339064,0.6248101265822785,0.9976905311778292,0.2390737322986812,0.5117234491502208,0.9767315647277812,120.66674050788637,0.5624852306704783,0.0909540881642232,False,False,False,False,pachytene,72,off_axis,64.23499726390038,11.31
275,3.6201758532665753,149.1890709842123,164.18569769310548,24.811293906,1.8093403479687291,0.5432542308783208,0.1741880341880342,0.5001034982405299,0.97530082330589,0.1410355614181927,0.0902998237615454,1.3916094908044303,140.61956747991326,0.563059983119522,0.3483039706797985,False,False,False,False,pachytene,72,off_axis,84.43104817294403,11.31
356,4.218343800204447,175.55175343946175,131.32479827661854,16.061541966,1.565186917264235,0.6677376953410252,0.1293532338308457,0.5305494505494506,0.997516299285936,0.1150343012427945,0.1540814959945341,1.062842622966873,99.14389319654548,0.5643024661501853,0.2438099477756205,False,False,False,False,pachytene,72,off_axis,42.69422365179412,11.31
99,0.6285067873303228,151.57225121606214,164.28071716628835,8.294671008,1.2557509594468688,0.5975678733031674,0.0,0.460295151089248,0.9349470499243572,0.4913081810438025,0.2721937090636727,1.4136144704477784,139.56080872769127,0.564408774608028,0.0,False,False,False,False,pachytene,72,off_axis,83.23107711659014,11.31
633,7.95371282922762,175.51353797790924,133.26773227697427,27.60980706,1.8749581887796467,0.6819031435853866,0.2150943396226414,0.4401709401709401,0.9751987883377508,0.3841486071800334,0.4420848328802719,1.0671793068867552,100.86747244089105,0.5653749472322038,0.4886609269096903,False,False,False,False,pachytene,73,off_axis,44.4404834302349,11.31
623,7.974862030905376,138.45887537251747,175.7112438534745,34.004397888,2.009781418613267,0.6710126931567328,0.2703488372093023,0.3579366743552107,0.9771569433032046,0.1858468678430239,0.1934454595638639,1.960508631327636,155.8777665175632,0.5659629804856553,0.7552979523439736,False,False,False,False,pachytene,73,off_axis,99.985936199244,11.31
163,2.8618505690253047,174.99081457874,128.27044497773483,52.14899071799999,2.317674447990629,0.7358643335882327,0.1962770325759649,0.5853201634877384,0.9991800223630264,0.15539133260236,0.2582063050642443,1.0836299015006383,96.73199791725077,0.5678184705160135,0.3353327713954222,True,False,False,False,pachytene,73,off_axis,40.29691862312574,11.31
371,6.08679364896377,166.40952389706018,158.68422740252848,162.81106786799998,3.387389251773077,0.713151600726162,0.1696279612946279,0.6206740670048722,0.999901992012349,0.1061179736477618,0.1972281940879165,0.8691482551008239,127.53804918328815,0.5703585861331285,0.2732963568353766,True,False,False,False,pachytene,73,off_axis,71.31690516713114,11.31
579,7.637680053420333,176.89507941428872,140.41849680434933,24.590790774,1.8039643959131768,0.5157874654202041,0.2345045996079022,0.4235618597320725,0.9355432780847146,0.16282274596469,0.0533989234856461,1.024262147197742,106.48140543587616,0.5709002360092049,0.553648998888238,False,False,False,False,pachytene,73,off_axis,50.411639696271266,11.31
114,1.218051370354412,174.84981386138497,123.82379255273504,16.347726882,1.5744284227975769,0.7111493758071459,0.1626455906821963,0.4446100347739692,1.0,0.1612056434892978,0.3057811588034732,1.3772121380806417,92.89685862264926,0.5712917704650482,0.3658162838472191,False,False,False,False,pachytene,73,off_axis,36.61195325686192,11.31
111,1.1348712339664264,172.80290710947696,122.05380924728924,23.591489346,1.7791896762435606,0.6937456497961618,0.1557017543859649,0.5363636363636364,0.999633431085044,0.1558814513594303,0.2237539882083275,1.171086184274346,92.32438251262838,0.5721059992563345,0.2902914064823074,False,False,False,False,pachytene,73,off_axis,36.39626825563962,11.31
528,6.667510180337453,176.0846014397889,124.01687212042096,16.129569527999998,1.56739355220364,0.5449389179755673,0.0909355026147589,0.4982422499201022,0.9620192307692308,0.1724253635431397,0.0984663520146436,1.09592512583615,92.47453954974128,0.572270520812306,0.1825126284038362,False,False,False,False,pachytene,73,off_axis,36.095988713400125,11.31
424,6.4190452461629,180.7174706597592,130.53681029001473,47.075072904,2.239928371409092,0.660554116005581,0.274701873935264,0.4624192601291838,0.9916553901668922,0.1515286709467986,0.1392237448049384,1.30602136333029,95.97659171169377,0.5752395693286252,0.5940537032530218,False,False,False,False,pachytene,74,off_axis,39.81676061980654,11.31
489,6.70144779919995,179.82853737359076,138.7045178392135,32.24271861,1.9744570055199795,0.6858493997817388,0.2655213471678856,0.4145437702640111,0.9866078462265636,0.1814919341010675,0.2585937186559203,1.0005089734430643,103.57121006733607,0.5764637735905772,0.6405146240619722,False,False,False,False,pachytene,74,off_axis,47.78618042471701,11.31
323,3.581519507186864,176.81804091375653,143.40715734086322,4.569575543999999,1.0294274643490997,0.5246406570841888,0.0,0.5496760259179265,0.591254752851711,0.8537998883873662,0.069038765279474,0.8978484806481009,109.141398718932,0.5767061169467896,0.0,False,False,False,False,pachytene,74,off_axis,53.22961362878541,11.31
469,6.515445235466705,179.56332958465288,125.95580674610696,61.61655072599999,2.4502078366776576,0.590474740168272,0.2768889486421081,0.4240959375290508,0.9810485701316388,0.1621607599089812,0.1393565454398993,1.0851506720481765,92.50909006792716,0.5775347094015998,0.6528922447486096,True,False,False,False,pachytene,74,off_axis,36.09085627120134,11.31
602,7.558247550028974,179.95839000247238,142.0338936836052,28.484782253999995,1.894558841518989,0.677427324384419,0.2486092461154805,0.3408220576972172,0.994069681245367,0.1163037174913702,0.183163271482643,1.0424817366537662,106.43108664615923,0.577582227948215,0.7294400127598032,False,False,False,False,pachytene,74,off_axis,50.90559845425818,11.31
545,7.554570457854852,180.56220694062537,127.8530647629816,14.499253817999998,1.5126984006814037,0.6494094806665588,0.3217527386541471,0.1938163359483156,0.968288444830582,0.3564619284444613,0.2464310665506689,1.2474421769236197,93.69554703306703,0.5777066541593187,1.6600909158655637,False,False,False,False,pachytene,74,off_axis,37.39692144358734,11.31
336,4.386732522796253,178.11128275076177,120.19865601063934,30.87043848,1.9460383579205969,0.6188449848024316,0.1077908217716114,0.5797448165869219,0.9972327914216534,0.0272561451549115,0.0486495643032801,1.1708048732376688,88.1520869736263,0.5785608051655023,0.1859280474574976,False,False,False,False,pachytene,74,off_axis,31.7877780268282,11.31
205,3.485528169014048,184.12178334507163,129.43091255281666,26.64803808,1.8529294203764293,0.6608274647887324,0.067747398983789,0.5940825330910978,0.9979242345614946,0.0752428653749009,0.0775529009397286,1.0473108078688225,93.37443366577585,0.5812913840052814,0.114037015414827,False,False,False,False,pachytene,75,off_axis,37.63375290046943,11.31
632,8.018695340502022,171.03268572042938,162.1205040430117,16.36180155,1.5748801308765277,0.5799283154121864,0.1783510936623668,0.3733788395904437,0.9353138476281744,0.234131294173298,0.1523052732807708,1.0104846432413774,128.3383016311975,0.582078265565382,0.4776679199549677,False,False,False,False,pachytene,75,off_axis,72.79361714023669,11.31
423,5.12259390503188,179.7113007087203,145.6926281715095,33.098927579999994,1.9917818525372493,0.6529411764705882,0.0496797981758199,0.7194200530937308,0.9979136784456905,0.1795269013586886,0.210672048291006,0.8890562873508284,109.76068492932892,0.5824135263652338,0.0690553425112092,False,False,False,False,pachytene,75,off_axis,54.473745393512125,11.31
586,7.575299981539477,180.84353978216475,119.07360749492511,38.12123827799999,2.087818764997006,0.6787889976001477,0.2080109239872554,0.464176245210728,0.9986912707760764,0.1057007498945683,0.1258470913143416,1.0911067051959282,85.85520790636406,0.5856217869590458,0.4481291882845535,False,False,False,False,pachytene,75,off_axis,29.405061590355004,11.31
118,1.3023795359904655,182.16942635336156,142.5510668798355,15.773011271999998,1.5557578516003143,0.2831647828673408,0.0,0.6616182572614108,0.3940345368916798,0.657085868157938,0.0823928948676407,0.6677396003051447,105.82534268080975,0.5861332887642445,0.0,False,False,False,True,post,75,off_axis,50.77772925731675,11.31
259,4.8285763719587,168.94118621514164,166.73292030765705,149.13752790599997,3.289774350679585,0.6075310253708102,0.156827628155307,0.6035187560115421,0.9984270546598506,0.0922113325478672,0.123161153152205,1.010827534112987,133.38886822777653,0.58681399720043,0.259855433809099,True,False,False,False,pachytene,75,off_axis,77.84128496335795,11.31
164,2.6197779499096514,181.97415091014523,119.669878156468,36.340792776,2.054795452812117,0.6775755228505035,0.1454234388366124,0.4944944944944945,0.99539352461174,0.0830073380153744,0.1138227058683554,1.1844038825792134,85.83668675596036,0.5868178568119148,0.2940850514125017,False,False,False,False,pachytene,75,off_axis,29.390734437920127,11.31
155,0.8060550082101522,183.43928245074,123.62642838669956,22.857260832,1.760537141322911,0.6505541871921182,0.285564414603441,0.3577092511013215,0.9854957805907172,0.1645718293966289,0.2420299076845672,1.234870092801214,88.6070772104064,0.5878838424154649,0.7983143117608513,False,False,False,False,pachytene,75,off_axis,32.38970639385137,11.31
508,6.5949739212894265,186.5661351351356,122.78813547297084,39.577966416,2.1140809953243447,0.7320412517780939,0.3078689528475199,0.4423800044238,0.9996756406097956,0.0220220929344113,0.042471771058923,1.048552079828416,86.37276372498945,0.5923612658157533,0.6959377679118187,False,False,False,False,pachytene,76,off_axis,30.565543298012834,11.31
560,6.88610767872892,181.85567766990255,114.13124287731662,13.288832369999998,1.4693753094699258,0.5007943512797881,0.0,0.5742574257425742,0.4798780487804878,0.7967158743368581,0.0443100436060194,1.1599277658736258,81.03234517374443,0.593134385583697,0.0,False,False,False,False,pachytene,76,off_axis,24.6603094449029,11.31
165,1.8008921103986415,184.0344738081953,148.41422036520876,16.828611371999997,1.5897172641575807,0.8185112907722331,0.0,0.5906298003072197,1.0,0.0546421992118323,0.1437023906664177,1.0719746011879747,110.07744842865438,0.5939934498497145,0.0,False,False,False,False,pachytene,76,off_axis,56.0506934947038,11.31
188,3.2478493425450163,186.9468650378856,118.0107531702706,42.102023544,2.158099447177121,0.7792511700468019,0.2404141104294478,0.453306410903584,0.9999096576023128,0.0523120357551322,0.1291164779014288,1.1026545745779,81.99730828368052,0.5962558580059322,0.5303567402680803,False,False,False,False,pachytene,77,off_axis,25.902353738042365,11.31
238,3.387297830374736,188.0080737278104,147.2535661538451,5.946547229999999,1.1238941769818016,0.6473372781065089,0.0,0.5469798657718121,0.5530035335689046,0.8933038387277918,0.0358154358267431,0.9505467287608446,107.1543973175612,0.5977615903127661,0.0,False,False,False,False,pachytene,77,off_axis,54.23108032139413,11.31
530,6.7133985376506295,193.98370822334135,134.15244715601338,24.703388118,1.806713560118313,0.6506504605450574,0.030566534914361,0.6721935308507747,0.9989037091174858,0.0930607190295677,0.1042022526462162,0.9548873862833642,92.792012673341,0.601768945898712,0.045472819227632,False,False,False,False,pachytene,77,off_axis,40.64747865704912,11.31
380,5.055981201936846,193.62707456564888,123.36107217316896,32.944106232,1.988671455600066,0.7416690401594987,0.1841691027659096,0.5391400220507166,0.9998810090433128,0.0699081320531428,0.1385391816249544,0.997011921040556,83.49161372832788,0.6032560050466347,0.3415979063572188,False,False,False,False,pachytene,77,off_axis,29.88430507984537,11.31
122,1.543489296489629,185.84296078252984,112.03765441310438,48.982190418,2.2697770352101587,0.7050907523586035,0.2254088050314465,0.4483598570964598,0.9978242361176805,0.0521631261274759,0.0498163176212313,1.1803375375122327,77.28392340793232,0.6034535184069602,0.5027408262888983,False,False,False,False,pachytene,78,off_axis,20.834142921260614,11.31
357,4.687674208144784,189.28146711312064,153.87801089592878,12.96042345,1.4571699077917797,0.5406334841628959,0.0,0.6765169424743893,0.990672557682867,0.1791243137613073,0.1022742348737922,0.890294890190867,112.35822336628314,0.6067196531407637,0.0,False,False,False,False,pachytene,78,off_axis,60.658398713127106,11.31
239,3.412360768851632,192.69455509117915,143.17534352883442,23.79791781,1.7843639904328006,0.6277969443075406,0.0089238845144357,0.7147775423728814,0.9974811083123426,0.0739644187539868,0.0755051441768402,1.0208058698160911,101.32901673636685,0.6068746660335974,0.0124848417660278,False,False,False,False,pachytene,78,off_axis,49.71955123639817,11.31
546,7.253030303030175,188.1819712206327,108.48603115423812,27.558199944,1.873789261925052,0.7356145726932244,0.2279393487447178,0.4053444945267225,0.9981006647673314,0.0965225852400062,0.1295391027064091,1.0668770578303317,73.04576685370367,0.6095049144850841,0.562334882606111,False,False,False,False,pachytene,78,off_axis,16.611058603289045,11.31
453,5.728318769660958,193.3175895351269,113.8088322404755,33.556354289999994,2.000915371491487,0.8055225445648375,0.1943237764262959,0.3655643421998562,0.997815878562848,0.0268698455316629,0.0399183355043235,1.1089651285113753,75.25617611104855,0.6117350053097724,0.5315720216499069,False,False,False,False,pachytene,79,off_axis,20.38649598608988,11.31
529,6.387073964078662,189.3062557488302,107.49187768349694,16.586996237999998,1.5820724904206518,0.626502616320181,0.1004768392370571,0.5100340780007573,0.9889789303079416,0.1024231551255676,0.0769039208654543,1.080512085804042,71.63440256927915,0.6124085747767452,0.1970002467892116,False,False,False,False,pachytene,79,off_axis,15.237772879676937,11.31
490,6.158163672654672,194.7204601197596,113.10117029940167,5.87617389,1.119443064298553,0.6011976047904192,0.0,0.3993993993993994,0.9943502824858758,0.1825421959343882,0.1969082867780765,1.1001081682104534,73.96274400829721,0.6148582492768057,0.0,False,False,False,False,pachytene,79,off_axis,19.583313614774802,11.31
124,2.9221032250256087,185.20448070430663,104.06832510437516,38.76867300599999,2.099572015504924,0.6909905003932958,0.1084148044692737,0.4920697082435872,0.9956901711959776,0.072749070122493,0.1120684895034239,1.13531766778514,70.59543963376322,0.6149741652667833,0.2203240773675213,False,False,False,False,pachytene,79,off_axis,14.670000685080876,11.31
127,2.4579828937990533,188.9473019021736,105.15284001692876,52.65802454399999,2.325191095370211,0.7685317177476836,0.1137642844959918,0.4507313317936874,0.9994149052877934,0.0505671406367696,0.1309502328725952,1.181162188765681,69.75351914288687,0.6167993190721097,0.2523993263198862,True,False,False,False,pachytene,79,off_axis,13.298754707218627,11.31
410,5.642831858406928,198.82011106194884,147.95183533923446,23.85656226,1.7858285051992455,0.6523107177974434,0.0194120909595119,0.7140837104072398,0.9956132334125388,0.1499206304144596,0.1694380959576388,1.0853693711616157,102.58550990862639,0.6191089899390432,0.0271846153001323,False,False,False,False,pachytene,80,off_axis,54.528570668463104,11.31
132,1.5565851712542584,197.0534146007879,111.11065872798908,41.161366566,2.141905923533018,0.7466803442183849,0.1745589600742804,0.4553430821147357,0.9995020416293198,0.1281668831646126,0.2287025913907301,1.2179702286109055,71.09763821622015,0.6200855364767676,0.3833570047085851,False,False,False,False,pachytene,80,off_axis,17.657303669023232,11.31
456,5.789119305856734,202.4906008242933,123.92891630368818,27.03509145,1.861857382850156,0.6404338394793927,0.0394065832174316,0.6609555984555985,1.0,0.095004130051896,0.097023983400355,0.9971863641508906,79.74209240504467,0.6204466223533596,0.0596206209759169,False,False,False,False,pachytene,80,off_axis,31.212641997620484,11.31
430,5.959231638417891,199.8455372203403,116.80381389830625,31.140202949999995,1.9516904773272457,0.7288888888888889,0.287467828152841,0.4770769658238399,0.9984863079675244,0.0569100250765145,0.0977663867098581,1.0427266332650589,74.7562337966692,0.6207747341133187,0.6025606951206026,False,False,False,False,pachytene,80,off_axis,23.692707819200766,11.31
431,5.383907766990171,204.0509609344681,136.81110531553676,19.32921072,1.66485022995241,0.587742718446602,0.0213195044655718,0.707977627318222,0.995967741935484,0.074464750943909,0.0585382812836525,0.9915518932326272,90.30065226177868,0.622017002992444,0.0301132460164438,False,False,False,False,pachytene,80,off_axis,44.1352498939973,11.31
339,4.159919705587227,197.8527349615265,155.9365527266644,21.034591326,1.7124391826720364,0.4058213449314152,0.0,0.7160285285285285,0.9702602230483272,0.2441593656861898,0.077608436282769,0.8531242876695267,110.05711664829681,0.6231262596275629,0.0,False,False,False,False,pachytene,80,off_axis,62.45434154098661,11.31
138,0.9138437336130186,201.5164564499199,143.1580615626655,8.946797292,1.287833336039725,0.0296276874672259,0.0,0.7335855174277223,0.0,0.0,0.0140113766827096,0.7136754126001438,97.08589398669956,0.6245610261860993,0.0,False,False,False,True,post,80,off_axis,50.002332993996234,11.31
240,2.8141847979655044,201.8734645380031,146.0380668267859,8.301708342,1.256105992250475,0.1924272393331449,0.0,0.6196641007697691,0.5217391304347826,1.035578079414584,0.0591852196973957,0.7642902981635707,99.44250356449598,0.6246325598760456,0.0,False,False,False,True,post,80,off_axis,52.90438030749662,11.31
432,5.718445734702998,205.22165567217715,130.23338615453335,21.008787768,1.711738668238742,0.6080839660562751,0.0220117024240735,0.7074074074074074,0.9995296331138288,0.0238597706352484,0.018975097341743,0.9649402144104572,83.96649061696432,0.6248068140339248,0.0311160191335071,False,False,False,False,pachytene,80,off_axis,37.992198439129005,11.31
451,6.112966514235503,191.07731597580764,100.8709938338999,47.706087186,2.2498923001510125,0.7415056301322712,0.2474949899799599,0.419821190793228,0.9984832262669522,0.0577546007740466,0.0982522661066107,1.3404559097689777,64.97462721744438,0.6253729826752172,0.5895247677048705,False,False,False,False,pachytene,80,post,8.524220863096408,11.31
340,4.303898865784566,208.56365121691883,141.42522607514206,19.854664992,1.6798015774920994,0.6129489603024575,0.025,0.702075702075702,0.9958189867191344,0.1454653227841784,0.1320453321218469,1.040148248592081,92.18761304329234,0.633539503773788,0.0356086956521739,False,False,False,False,pachytene,81,off_axis,49.66861404473975,11.31
168,2.426678684091904,208.0351367169892,147.02236240423542,20.821125528,1.7066266811962525,0.6175078864353312,0.0207672339198153,0.7163475699558174,0.9961337275415056,0.1539066485364426,0.1492413706587405,0.989547086452602,97.35337269388518,0.6366920000866397,0.028990443732637,False,False,False,False,pachytene,82,off_axis,54.96204974988404,11.31
455,6.150515164707941,202.30592970541448,103.49860570308884,48.494268594,2.262215297043761,0.766313549073671,0.0893496701225259,0.4895466777064789,0.999765350019554,0.1114218603275538,0.2346192841699986,1.236486146561114,61.89942827939292,0.6381319847520657,0.1825151189691005,False,False,False,False,pachytene,82,off_axis,12.121342589237932,11.31
137,2.2969172241899662,202.7102988718376,100.8439364029913,53.645597082,2.3396370566021725,0.7255673619309984,0.2404695631126709,0.4090184831102613,0.9996717544723454,0.0237475055528725,0.0482063267685601,1.3869894256038475,59.3756952963876,0.642328626977828,0.5879185734690779,True,False,False,False,pachytene,83,post,10.333829364042879,11.31
411,5.077372262773551,208.03638077424296,156.2617250130346,17.996808815999998,1.625682127750419,0.5671272158498436,0.0309308433031806,0.7082204155374887,0.9947466007416564,0.1803764058492484,0.1288157187037133,0.990015153577696,105.46193229834218,0.6428595307896823,0.043674035123241,False,False,False,False,pachytene,83,off_axis,63.98980242638013,11.31
129,2.0105210283574846,191.47266415361503,90.5513515046335,51.370192422,2.3060790713555748,0.7525457783460432,0.1540743053387449,0.450267577043735,0.9985824539297528,0.0651467198030073,0.1239160129775846,1.6950753073116989,55.72786385198859,0.6453960361021167,0.3421838773076469,True,False,False,False,pachytene,83,late,4.883237562518011,11.31
338,5.312787751954767,193.16966657671625,90.38838598413804,42.59463692399999,2.1664837561151504,0.6463817601057384,0.2186663421757119,0.5058402118050148,0.9993824873409904,0.0929193573123666,0.1090462590526977,1.494824942615455,54.771533440357416,0.646049966364504,0.4322834307605437,False,False,False,False,pachytene,83,late,3.471923590125207,11.31
134,2.5165041413358544,201.9356568158618,94.79712117997644,57.492673002,2.394278305846195,0.6952548043575829,0.172776608705283,0.4981925291203641,0.9971037181996086,0.0799779866077589,0.1056094799417863,1.6638201940921926,54.43981024010027,0.6503549355268423,0.3468069041708569,True,False,False,False,pachytene,84,late,6.334680848630875,11.31
561,7.184893411702435,195.0505564479302,87.60264819282287,53.479046844,2.337213303393212,0.6564610930783402,0.3110485573539761,0.4272216547497446,0.994372250076742,0.0931011389709919,0.0949157704428927,1.6734023836331358,51.425132592339956,0.6521697473196671,0.7280730129098447,True,False,False,False,pachytene,84,late,3.156197262453944,11.31
276,3.692874692874454,195.23929275968155,86.59886875947397,44.872387362,2.204432755706709,0.6749960792513984,0.235113188976378,0.4944506996943864,0.998919386211368,0.1526400477256244,0.1868316993857988,1.3843223357807355,48.52341445896458,0.6549457331245851,0.4755038047710286,False,False,False,False,pachytene,84,late,3.4497467640518558,11.31
278,3.6236352357319657,216.39671355459265,154.023572487592,22.688364816,1.7561901183456596,0.6469189412737799,0.0098579298347346,0.7127379209370425,0.9980559875583204,0.1599906861042717,0.1843092503759239,1.0629246904071987,99.49081720733082,0.6551901577936705,0.0138310724673865,False,False,False,False,pachytene,84,off_axis,64.03057440109427,11.31
293,4.251823680351674,196.2118947718133,80.53886511180431,51.194259072,2.3034434296340045,0.7068365102639296,0.229156626506024,0.4587371053454204,0.996797153024911,0.0226251325639196,0.0496266754530799,1.5587908312976446,42.51223466805942,0.6660398693762393,0.4995380226185833,True,False,False,False,pachytene,86,late,2.21066791055393,11.31
474,6.507668412177158,202.92801652614096,86.79438541315174,52.859761452,2.328156639651875,0.7067542380402947,0.2080536912751678,0.449001210653753,0.9982724367279951,0.0717103918894203,0.0932285720472504,1.7357978399084444,49.058039414563694,0.6662413807720415,0.4633700006559855,True,False,False,False,pachytene,86,late,4.222858795706438,11.31
135,1.9954056341433304,202.05860050780052,83.24831094184488,58.205789514,2.404136885778295,0.7273606577197437,0.2491675915649278,0.414190687361419,0.9993993543058788,0.059981848644729,0.0913790327182885,2.012243451533557,45.47705263808606,0.6689548841322336,0.601577001048086,True,False,False,False,pachytene,86,late,3.5107758822100474,11.31
429,6.07048037517437,199.48675603109635,78.70734643626724,55.522219482,2.3666065913484675,0.6964806286704128,0.2326425977355266,0.4305400890868597,0.9977054474377496,0.0674610780038351,0.0851765450532489,1.859453175262072,40.827017878738346,0.6714638929623815,0.540350605280318,True,False,False,False,pachytene,86,late,1.141826876822274,11.31
166,2.9106698895027923,191.78605232217063,74.49832563449782,54.34698470399999,2.349789441624906,0.6740331491712708,0.1922994652406416,0.4552436440677966,0.9963470319634704,0.0224728928710544,0.0297244243876259,2.209027223077042,36.28226996879237,0.6792657961758041,0.4224099946181867,True,False,False,False,pachytene,87,mid,6.365633423268029,11.31
207,3.5146473169085826,202.61290696928955,73.9361824713147,55.604321712,2.367772538873834,0.7659466756665542,0.2942373743798498,0.3722062004325883,0.9982128229950108,0.0229332595752732,0.0648399972440962,2.2537780489394583,36.1984570360574,0.6832129516361554,0.7905224954282842,True,False,False,False,pachytene,88,mid,4.475480997217553,11.31
393,5.586251189343145,193.62753658420056,69.03155520932589,59.169904272,2.4173382226896547,0.6974706628607675,0.2941448524650818,0.413445157908531,0.9947579654353346,0.0117074039560223,0.012612999768914,1.9347348533434752,30.136695563540783,0.6889349523298472,0.7114482945042914,True,False,False,False,pachytene,89,mid,4.248812732437284,11.31
473,6.4822094287216485,199.67235988566517,68.25614585128379,58.266779742,2.404976307843824,0.6951568098554692,0.2852558051727393,0.404648705758056,0.9982348491216272,0.0390383353388661,0.0447619461541267,2.0258270757860206,30.717642731475646,0.6916425502979879,0.7049467874569132,True,False,False,False,pachytene,89,mid,1.8177883593222006,11.31
136,2.506933290927909,202.49729834221543,67.47967025920266,59.005699812,2.415100004489823,0.6814423153375209,0.1954011446932423,0.4492699363534256,0.9986704337709822,0.0485160545936001,0.0655997868691066,2.294544694121862,30.585294194774747,0.6949165411686935,0.4349303812297085,True,False,False,False,pachytene,89,mid,4.744505888095245,11.31
131,2.8839488293507025,191.55401953898289,64.88530611875439,58.31134952399999,2.405589361292201,0.6891946254726848,0.249465708179522,0.4154801967382863,0.9968665311653117,0.0466468167130541,0.046500981377433,2.2068107088895044,25.63448734715802,0.697814302403792,0.6004274334563824,True,False,False,False,pachytene,90,mid,5.353790394749412,11.31
472,6.5486732401874495,191.4480867324017,61.74848583012792,61.61655072599999,2.4502078366776576,0.6834811740967754,0.319026947333934,0.382487370700024,0.9959849435382684,0.061532545958817,0.0511171848919467,1.9794403489940875,22.551941837828913,0.7037162175975227,0.834084918281235,True,False,False,False,pachytene,90,mid,4.763217397090573,11.31
454,6.446469853171103,199.14755734536448,60.7216928889388,60.07068302399999,2.429543355925906,0.6914245548266167,0.2446228850014339,0.4430523917995444,0.998887299316484,0.0786731562426129,0.0882097149504715,2.233315592585817,23.253749791575295,0.7062115094087412,0.5521308304145475,True,False,False,False,pachytene,91,mid,2.9726482338528433,11.31
133,2.242372751626475,201.03270185993253,61.565147233064174,61.29517914,2.445940584148077,0.6363566781477229,0.2178136318735594,0.4709534834771627,0.9973786495525626,0.0801661575677669,0.0976219802911943,2.4452474246230502,24.493313574393852,0.7066810199206627,0.4624950011312986,True,False,False,False,pachytene,91,mid,4.62451587375458,11.31
128,2.924097459515677,190.1133452607356,58.18400605779269,63.15772687199999,2.470468346949473,0.6977417917099985,0.2408582089552239,0.4147210616859179,0.998334973132521,0.0178801606507635,0.022332821923425,2.3125089116216144,18.780512048826502,0.711036347176432,0.5807715865118851,True,False,False,False,pachytene,91,early,5.276411502861061,11.31
260,4.260787309903072,201.63067518009345,56.468233093211005,64.476054108,2.487539279823389,0.681146765626137,0.2576027107157984,0.4111136467366499,0.996449143849128,0.0685951407469281,0.1038552902295679,2.9610929164681075,19.65493897231205,0.7150873959728121,0.6265973235396218,True,False,False,False,pachytene,92,mid,6.3351406282198,11.31
452,6.338338996674774,192.60993355255752,55.55747264057811,64.20159808199999,2.4840046799549835,0.6783221893383025,0.3208362261822108,0.3960699681962744,0.9976311060284268,0.0622509712912025,0.056706368790632,2.3598907974655945,16.771303893772732,0.7158736186086485,0.8100493648718624,True,False,False,False,pachytene,92,early,2.2606672364696476,11.31
125,2.710053944179529,187.8746124814336,53.38004635290354,60.009692796,2.42872083278622,0.6459620045344383,0.1867648379276286,0.4923263773876559,0.9970734302944306,0.0721704562035555,0.098850202082698,2.5923529328080583,12.831115156784454,0.7211170462064057,0.3793516791008147,True,False,False,False,pachytene,93,early,6.163404041510826,11.31
450,6.5403068751843145,188.61929770950343,50.74120636987364,63.59873313599999,2.476205127049927,0.69729271171437,0.2454027215888193,0.392957231631534,0.9966895065055048,0.0572878145395718,0.0543495825161829,2.38824813353912,10.600225487923336,0.7256386570726194,0.6245023677765708,True,False,False,False,pachytene,93,early,4.569301212233059,11.31
509,6.925518905872834,197.11849414320443,49.180728994368735,58.31604107999999,2.405653875059698,0.6913917940466613,0.2317244141798518,0.4234880083420229,0.9944852941176472,0.0474690051495801,0.0622592253793332,2.6742208409715844,12.009350102291249,0.7288337781617115,0.5471805803594407,True,False,False,False,pachytene,94,early,3.956295393241592,11.31
206,3.79118942731259,200.0549946872272,48.726240581497336,53.2491606,2.3338595605917605,0.675726872246696,0.2747068676716918,0.4185572612416791,0.9996133023975252,0.0536020979199481,0.073991756537524,2.8790238928677416,12.575869444132074,0.7299747977395662,0.6563184852097772,True,False,False,False,pachytene,94,early,6.873254597241655,11.31
126,1.93558448603202,188.23823620829447,47.87053864930655,51.893300916,2.313880338797141,0.7156224572823433,0.177754541889949,0.4798919090764584,0.9994971505196112,0.1501338697602488,0.2172478575332289,2.9522337851217646,7.770070531417701,0.7313463494247844,0.370405373643481,True,False,False,False,pachytene,94,early,3.955979150200369,11.31
425,6.261752955564936,184.64482451692072,47.50975304932626,57.54193434,2.394961938945057,0.7149205055034651,0.2296761401189689,0.4445874445874446,1.0,0.0270752996300561,0.0516602266055575,2.495055328980169,6.214021119424769,0.7355340613753333,0.5166050974113702,True,False,False,False,pachytene,95,early,7.215040987645482,11.31
167,3.2373832595256142,197.3220064322369,44.40286229227905,53.50015884599999,2.337520817975516,0.6296312535625027,0.2050630528891398,0.504084290280573,0.9985607073095508,0.1249037095584075,0.1345568524501906,2.8320635950047524,7.582533828850575,0.7398791052850693,0.4068031018681456,True,False,False,False,pachytene,95,early,5.765362875654952,11.31
427,6.253493165089608,191.33184485804608,43.65583249211341,55.77087194999999,2.370134225817397,0.6402523659305994,0.2437665782493369,0.4524728165555945,0.9984987990392312,0.0448444949144559,0.0518058710293022,2.460503451785595,4.851616332543811,0.7402837830037343,0.5387430345650074,True,False,False,False,pachytene,95,early,0.38185297637797205,11.31
123,2.022922749151713,186.65028575712185,43.42661221889064,59.45608918799999,2.421229240080961,0.6824350982403535,0.1851589390564891,0.4762082246241769,0.9991914618369988,0.1022046485933263,0.1412142371448362,2.4578402464095515,3.0509644884880567,0.7404508495763795,0.3888192800588785,True,False,False,False,pachytene,95,early,3.945639425186878,11.31
428,6.467885445931148,196.1402731561067,42.08092793408358,55.944459522,2.372590703614656,0.6941171537590675,0.1605293440736478,0.4674434544208362,0.9974138650204388,0.0495304237181561,0.0845894374229496,3.005953570259932,4.997635676876388,0.7426864756329521,0.3434198137880531,True,False,False,False,pachytene,96,early,5.439518981125014,11.31
449,6.419814688540838,184.8453548714444,42.41679337772056,58.482591318,2.4079418755966286,0.6949179736071558,0.2321825156470826,0.462792532211412,0.999282982791587,0.0694722335199473,0.1007436527323434,2.2548180079673616,1.4897096990346734,0.743270675279757,0.501698924435145,True,False,False,False,pachytene,96,early,5.302102869760035,11.31
120,1.919852649924692,185.00760392141336,38.57790909055064,59.221511388,2.418040807358105,0.6944070347777866,0.1662163622608883,0.4370706416072586,0.9988683210734784,0.0748902041452186,0.1047296344970385,2.480020491785404,-2.067544347008095,0.7503237467190538,0.3802963329901404,True,False,False,False,pachytene,96,pre,4.369827067079285,11.31
426,6.407126473147646,190.30278896227372,37.99702030768169,59.31534250799999,2.4193171890289884,0.7185003559281816,0.248204478242501,0.4119134588367519,0.9974398758727696,0.0634747797577887,0.1189932498395763,2.629720316684734,-0.821415233444063,0.7513823239235484,0.6025646235095915,True,False,False,False,pachytene,97,pre,1.5626892502812437,11.31
408,6.051202240447785,182.62328082416025,38.16030116423445,58.63272110999999,2.4100005789257017,0.6988997799559912,0.1985943988925567,0.4578793515811852,0.9976042165788211,0.0578033478372913,0.0859559384965638,2.5664348684006484,-3.2677168593094597,0.7525599692549712,0.4337264788349918,True,False,False,False,pachytene,97,pre,6.789922217971255,11.31
373,5.359902806704185,194.53664882475465,36.25830940196386,47.304959148,2.2435686050098487,0.6871466825349598,0.1491571139581928,0.5094309716278332,0.9990189345629352,0.1200586513218774,0.1727667631974312,2.74254582744418,-1.0240522199944757,0.7545306247712171,0.2927916091979585,False,False,False,False,pachytene,97,pre,5.990058696107621,11.31
119,2.106193104098843,183.31889559926583,34.02983076269977,49.732839378,2.2813130345666197,0.7348238290646667,0.0411052362271874,0.5540732835289932,1.0,0.167124801748994,0.2958117361975101,2.561013404152729,-6.91876388045285,0.7596828383229418,0.0741873637461469,False,False,False,False,pachytene,98,pre,7.941739911904918,11.31
470,6.420581536994704,183.0982229807732,33.0054130130826,44.290634418,2.194864751289816,0.6815316985329167,0.1118168389955687,0.5973723598869117,0.9998031108485922,0.180059328854562,0.2474839261424461,2.129675073666831,-7.957396019108154,0.7617349236278037,0.1871811394433058,False,False,False,False,pachytene,98,pre,8.800916783797392,11.31
116,2.824707829144665,178.75405592615513,35.281298371081746,45.362654964,2.2124321043270525,0.7104664391353811,0.0487597689432551,0.5629576710126808,0.999725450718404,0.1216155663277199,0.1887152493929796,2.320529880095784,-7.286651776559746,0.7626510080519346,0.086613561647616,False,False,False,False,pachytene,98,pre,11.285564388843738,11.31
471,6.690266712850461,188.99341280741237,32.252402104261655,54.178088688,2.347352741527724,0.6537062694838933,0.244259661721629,0.4593648412103026,0.9939454094292804,0.1007319615645854,0.0999813549759066,2.440965171216412,-6.670089646053756,0.7627607210007086,0.5317334715431653,True,False,False,False,pachytene,98,pre,6.97572300015643,11.31
130,2.203805899143663,191.40656222645447,33.634831738480585,51.773666238,2.312100832745313,0.7100267319106519,0.0771449170872387,0.54015625,0.9999180260677104,0.0940370124786258,0.162212514872659,2.4566917435986317,-4.552312306188199,0.7630939034191434,0.1428196324438321,True,False,False,False,pachytene,98,pre,5.958709188223677,11.31
448,6.304914019236254,177.526117563387,33.13265996502532,40.24182159,2.125835592039341,0.7338968230836491,0.1139363354037267,0.5537787513691128,0.9967365506329114,0.1431809545099553,0.2453118660691579,2.180963323239298,-9.72413071449516,0.7663789295479145,0.2057434221194669,False,False,False,False,pachytene,99,off_axis,13.281089913060095,11.31
117,1.9163014430785612,180.4662767309678,29.682356309215788,48.278457018,2.2588544994306794,0.7614790340605413,0.0404612978889757,0.578936646974944,0.999771897810219,0.140721615568516,0.2954802693530524,2.253001641391921,-11.975274303846517,0.7697196874422826,0.0698889906182203,False,False,False,False,pachytene,99,off_axis,13.020454575871732,11.31
292,4.8268221574344095,190.7123379290881,28.622647028119125,49.885314948,2.283642076632193,0.695476347220916,0.1971237292338209,0.4827053736874614,0.999441132637854,0.0730839314619368,0.1022878938189048,2.6965225962220534,-9.503542977479611,0.7697371689335213,0.4083727672803021,False,False,False,False,pachytene,99,pre,10.687130024512097,11.31
409,6.386623628147498,186.03132636539985,27.80312464815991,54.50415182999999,2.352052395871436,0.6619324295244244,0.1889519876097057,0.5040101845957988,0.9971570066030816,0.1644753372488074,0.1788547208379516,2.3792025016645963,-11.859452094100437,0.7730877623259145,0.3748971615747004,True,False,False,False,pachytene,99,off_axis,11.883866817962074,11.31
507,6.886817691477886,178.80916478964468,28.492637653720987,43.49072412,2.1815709563972403,0.7596008629989213,0.0730033277870216,0.5532869643257796,1.0,0.1376180924451431,0.2731770529647991,1.7564973186383088,-13.655760251441974,0.773777897253693,0.1319447818113364,False,False,False,False,pachytene,100,off_axis,15.025454283708603,11.31
121,2.3292113508981167,185.1566180060926,26.022560492520643,53.15298370199999,2.332453600099512,0.7355134825014343,0.0742971887550201,0.5014183213749375,0.9993929276066172,0.0905836601584218,0.1500443709091498,2.3764940861237114,-13.831004909047701,0.7755358662061169,0.1481740606352198,True,False,False,False,pachytene,100,off_axis,13.841586860640204,11.31
113,2.8413236929923467,174.56937032814255,29.840093353724924,50.61250612799999,2.294685005020163,0.7551446051167965,0.0661127806257734,0.5479840999432141,0.9995535382096882,0.1063029970729463,0.2112835417985644,2.6369617057654398,-13.823282635058133,0.7758918947209544,0.1206472608103492,False,False,False,False,pachytene,100,off_axis,17.48882034336662,11.31
407,6.23678358551116,171.8930921251688,29.677396612791032,40.92913454399999,2.1378701200084635,0.6878725355341586,0.1556589147286822,0.5376423062798384,0.9998890614599512,0.0806099829963427,0.1194915091366562,2.2097182532915243,-14.8824404078927,0.7791267150283648,0.2895213284195366,False,False,False,False,pachytene,100,off_axis,19.87729950574078,11.31
115,2.014348475927352,178.84027965034767,25.08518186512117,51.792432462,2.312380152097813,0.698627655238009,0.0762182423990004,0.497595431319507,0.9993970195537945,0.0570975866999571,0.0721761089121388,1.921232544183331,-16.851459411949158,0.7791276438586596,0.1531731153497278,True,False,False,False,pachytene,100,off_axis,17.601912302929186,11.31
506,6.849331368993693,177.87801862534016,23.60930794990829,41.39829014399999,2.146007645626547,0.6566749773345422,0.1207371934407197,0.5431589371183364,0.999639726191906,0.1969542275248403,0.2306417181551169,1.7414491492502815,-18.565956482536407,0.7833675818475694,0.2222870419499608,False,False,False,False,pachytene,101,off_axis,19.360826007388027,11.31
372,5.40865366585396,183.2161340802545,23.032336456964675,50.04013629599999,2.2860020992476957,0.723935870991937,0.2123846462484954,0.477500424520292,0.9993117687543016,0.1214575900076781,0.1883490191503225,2.5279587887484065,-17.301607078832888,0.7839383678662305,0.4447842040389009,False,False,False,False,pachytene,101,off_axis,17.30375125419747,11.31
505,6.806189513984772,172.66855936935136,24.87642822503452,44.114701068,2.191954712939744,0.7179091779219398,0.140194489465154,0.5381715362865221,0.9999043245311902,0.1752679086021861,0.2747689923665194,1.945999345944164,-19.137355600553892,0.7875250334539836,0.2605014944352511,False,False,False,False,pachytene,101,off_axis,21.98503252561197,11.31
527,6.911626285515267,167.68907463831624,28.302815304165293,40.373185158,2.128146239869681,0.7331357852536169,0.1162208966711564,0.5708687132593077,0.9994158309804304,0.1512124435809521,0.2611773606859224,1.811462361536842,-17.599141231492894,0.7877572626116588,0.2035860329559959,False,False,False,False,pachytene,101,off_axis,24.23869988660562,11.31
291,4.522915863132945,179.51576231197814,20.750420827594493,42.573524922,2.166125758242021,0.7379469943247562,0.0914995224450812,0.5567703952901598,1.0,0.1142150197943007,0.2075045173255602,1.9559372170956708,-20.701548811212742,0.787761030585954,0.1643397767178271,False,False,False,False,pachytene,101,off_axis,20.915176695470308,11.31
110,1.8480426069290312,170.37051006423653,25.11635944654946,42.723654714,2.168668954584986,0.729094602756273,0.0849406528189911,0.5186461289014997,0.9999041227229146,0.1306461772307456,0.2248426406276778,1.8516865307532595,-19.689610544699978,0.7882327577779447,0.1637738104763197,False,False,False,False,pachytene,101,off_axis,23.629958431729232,11.31
112,2.2161744661517573,174.57944008405377,21.552401169922803,41.304459024,2.1443850776061293,0.7840754202635166,0.0492623155788947,0.5570752235665439,1.0,0.1527388539906749,0.3509684657019873,1.4763211070638949,-21.6181476172756,0.7898113151951449,0.0884302756520102,False,False,False,False,pachytene,102,off_axis,23.015713463945996,11.31
487,6.62489950054804,166.5583220428823,24.45374157631843,38.512983204,2.094946083843798,0.758374954318431,0.0907632363052944,0.557348122006554,1.0,0.1277206572089134,0.2454481833792592,1.3762336404779325,-21.60373588826891,0.7935483708645941,0.1628483755871113,False,False,False,False,pachytene,102,off_axis,27.140223006040817,11.31
223,3.432071269487636,165.34479961819912,27.165629032771687,44.236681524,2.1939731600705605,0.7665712164598579,0.0972108285479901,0.5283961835529305,0.9999160792212152,0.1219760924232738,0.243231383753994,2.1328534360503006,-19.4628399005747,0.7936970590635797,0.1839733737180793,False,False,False,False,pachytene,102,off_axis,26.843950841310573,11.31
322,4.823623068758175,176.38119393795853,18.3281113515746,39.779703324,2.117666875842324,0.7020875103196131,0.1135286892437269,0.5320665083135392,0.9981194690265488,0.1525844284367477,0.2135622640992672,2.2940933064029427,-24.04203774498311,0.7940189787378023,0.2133731168375403,False,False,False,False,pachytene,102,off_axis,24.579312230625337,11.31
488,6.73389144536217,172.74912164994015,18.48609008149929,42.310797786,2.1616607398773926,0.7471308975993791,0.0649856498564985,0.5531681648761236,0.997323241646668,0.1461837029262245,0.2873951349272086,2.133439262521111,-25.123046486322192,0.7973529708987875,0.1174790126815259,False,False,False,False,pachytene,103,off_axis,26.548456591071087,11.31
187,3.383502309039652,168.75371650299957,20.232335925474978,44.192111742,2.1932360812414835,0.7163331387016296,0.1387590652699436,0.4960703592814371,1.0,0.0993844141895441,0.1670581949052489,1.8869897338631283,-24.832589357509725,0.7985891433424176,0.279716501245786,False,False,False,False,pachytene,103,off_axis,27.998479057904934,11.31
544,6.999359672152461,161.61031265928537,28.70546388550844,36.63401502599999,2.0603071513160125,0.6111929307805597,0.2296371479319969,0.4886363636363636,0.9970321516900248,0.072705222977822,0.0701596705887307,1.5030168883946289,-19.278269148957836,0.799509804102355,0.4699550934422263,False,False,False,False,pachytene,103,off_axis,29.646863847124248,11.31
108,2.2223285486443976,163.88015395894487,22.655477419353836,45.59488698599999,2.2162011611946477,0.762772032721099,0.0088134135855546,0.5783994795055303,0.9997591715501324,0.1121681586623926,0.2584933466513833,1.7557539206032335,-24.202514768678455,0.8016414928175225,0.0152375890674887,False,False,False,False,pachytene,103,off_axis,30.365738453693936,11.31
526,6.930304759730879,162.23462379865572,23.56895901723448,41.102722116,2.1408882168249925,0.6804017806186509,0.1884057971014492,0.52125,0.9996565934065934,0.0524845235692773,0.0773027375217781,1.380027958666665,-23.9000809255858,0.8016886059251168,0.3614499704584157,False,False,False,False,pachytene,103,off_axis,31.29080528424573,11.31
468,6.560596226830097,163.8528010065432,19.2914698861458,42.648589818,2.167398102451764,0.7107969858643639,0.1349128002632444,0.4950551540509699,0.9987730061349692,0.0797794986481396,0.1225636772706861,2.0951975588971594,-27.37712605260789,0.8047915231273141,0.2725207467476525,False,False,False,False,pachytene,104,off_axis,32.34554035799976,11.31
422,6.34193369245282,167.75606849558926,17.252231498860613,42.240424446,2.1604616156839858,0.6670739156994503,0.1597757533286615,0.4892410341951626,0.9961963627719006,0.1050343560970827,0.1353888965849788,2.2353358980754834,-27.974467177467464,0.8050430935296865,0.3265788070935309,False,False,False,False,pachytene,104,off_axis,30.789890767533727,11.31
186,3.4636236033910603,159.49180048846117,28.576004800403368,41.78065195799999,2.1525943750547016,0.7573409690640616,0.1112482006991568,0.5492827394724664,0.9996399315870016,0.1111096163455148,0.2156987105391811,2.11650852485914,-20.11731727899413,0.8053105160474113,0.2025335818962746,False,False,False,False,pachytene,104,off_axis,31.67984823037246,11.31
406,6.247327567088018,159.41230389221403,20.540167431803955,42.308452008,2.1616207905013,0.7436793080505655,0.1066666666666666,0.4866969500324464,0.9992323193551482,0.0863861783143586,0.1858010754281726,1.9442649951561772,-27.70552356493749,0.8092813435737631,0.2191644444444445,False,False,False,False,pachytene,104,off_axis,35.270450594990564,11.31
504,6.846447556444683,157.1964069276955,24.461797450699983,41.03938611,2.1397880057049834,0.7191197484995713,0.1206156048675733,0.5236060236060236,1.0,0.1514598261938523,0.248118708321936,1.5265099078741975,-24.76568413526031,0.811324469253965,0.2303556480059291,False,False,False,False,pachytene,104,off_axis,35.360604438027096,11.31
525,6.9081834425255,155.07438943418722,29.148245145918803,39.38561262,2.110650533730833,0.6992852888624181,0.1468401486988847,0.5105961576549812,0.9985180118559052,0.1443441563271363,0.1927962443615307,1.600334245933746,-21.074408847013675,0.8121473946893341,0.2875856907605387,False,False,False,False,pachytene,104,off_axis,35.705561206587035,11.31
107,2.218055339251511,157.62291107304213,23.81950076312015,45.18672161399999,2.209568185493333,0.7371645122774231,0.0062806673209028,0.5336756863519653,0.9998233995584987,0.1170144306989598,0.2263970060190548,1.7185666667454875,-25.225655544656405,0.8139184762761384,0.011768696760078,False,False,False,False,pachytene,105,off_axis,35.2493243192994,11.31
184,3.304604308192409,154.05879048945823,27.502138268594507,40.401334494,2.12864072637946,0.697091099111653,0.1119999999999999,0.5179221774966456,0.999779808433337,0.1789782897134958,0.2618099848386344,1.9107670749245704,-22.967143860222855,0.815997677764231,0.2162487046632124,False,False,False,False,pachytene,105,off_axis,37.16673921522939,11.31
392,5.919390942217558,154.90009890031158,20.010990148361383,36.04991630399999,2.04929847634014,0.7632092660072879,0.0909318011491381,0.5350370981038747,0.9998952550539436,0.1271840641113577,0.2614269890439273,1.7777250141475731,-29.731083104148347,0.8175337698980287,0.1699541984497758,False,False,False,False,pachytene,105,off_axis,39.42593244572253,11.31
503,6.770668412594474,152.67368983393555,23.2233850485078,39.411416178,2.111111365326252,0.5959169097077555,0.1912080057183702,0.4978641920754161,0.998248965297676,0.1267095941926698,0.0923275259975815,1.4695985082586935,-27.462154839234252,0.8203708904168993,0.3840565534976378,False,False,False,False,pachytene,106,off_axis,39.99470921130724,11.31
524,7.001702535819587,149.86960555122732,27.460694988310284,39.129922818,2.106073194833721,0.7118877765121996,0.0954263128176171,0.5008322929671244,0.9992184010719072,0.1286729431395906,0.1969362847658289,1.6795196451942045,-24.424411608853717,0.8227032368414093,0.1905354629835762,False,False,False,False,pachytene,106,off_axis,41.17528365914048,11.31
104,2.2911852096401883,153.0919789897633,22.51089690326769,35.526807809999994,2.0393379093263864,0.565137008913833,0.1312491755705052,0.509110233829335,0.9976557921469036,0.1008199041669414,0.062635757748318,1.649449903908802,-27.990953878633555,0.8230167297944592,0.2578010946338643,False,False,False,False,pachytene,106,off_axis,39.90474023265389,11.31
319,4.685848623853201,150.88770197821518,18.377764816513885,40.91036832,2.1375433284839582,0.6873279816513762,0.1582278481012657,0.4566293783238584,0.9977464120507652,0.0919074439656225,0.1139980713480288,1.9031304278748544,-32.626279884028804,0.8262222669179048,0.3465126328097198,False,False,False,False,pachytene,106,off_axis,43.72881252263168,11.31
182,3.536877637130771,148.20258990958476,26.60795869801188,38.91645702,2.102236449855498,0.6010849909584086,0.1961617879266367,0.4865518283469326,0.991216863621846,0.0951875986022088,0.0615093704696412,1.8596760916383013,-25.79116816464416,0.8274336985919117,0.4031673020181621,False,False,False,False,pachytene,106,off_axis,43.01775733982706,11.31
502,6.775777508510678,148.66128724251462,21.259581824476605,40.654678518,2.133080803335982,0.6940165022214528,0.1290852356708819,0.4650198001131435,0.9977644428756324,0.0313506435590384,0.0301570032380571,1.382489936728653,-30.668409617238144,0.8289879060689173,0.2775908372922493,False,False,False,False,pachytene,107,off_axis,44.45807933762463,11.31
486,6.55399177979807,145.25437715780473,27.2659649084572,37.668503124,2.0795207157054296,0.6280981442271765,0.2107836659178009,0.486604152712659,0.9969924812030077,0.0340314572820471,0.0307601726183498,1.9292115835314207,-26.170153399829406,0.8316554555900229,0.4331727642330032,False,False,False,False,pachytene,107,off_axis,45.66792620534989,11.31
151,2.495614209168447,148.44350805715698,21.69396509228018,35.461126025999995,2.0380803614606195,0.5390619831977244,0.1551891367604267,0.5238231917336394,0.9945228565409732,0.167328882026015,0.0540410633592163,1.7101994663188549,-30.33340859719327,0.8316591286263283,0.296262439711412,False,False,False,False,pachytene,107,off_axis,44.484459342322936,11.31
318,4.593327618231062,147.21683673382108,16.819930797255854,32.836200444,1.9864978358725005,0.6248749821403057,0.1574133504492939,0.4724814321081699,0.9952764170748776,0.0809141980422471,0.1037296448688381,1.946508477360529,-35.334910031850804,0.8337843944971685,0.333163040390666,False,False,False,False,pachytene,107,off_axis,47.69991216523956,11.31
92,2.664783771443473,145.76602155110453,24.4409668319088,35.963122518,2.047652524221556,0.6002870001956819,0.1025190392501465,0.5057114882506527,0.9976954732510288,0.0460307878303775,0.0634985646465952,1.639024208382126,-28.655105127061592,0.8339446596517011,0.2027223854549525,False,False,False,False,pachytene,107,off_axis,46.00260905295883,11.31
500,7.11640199637073,143.99166788793158,23.36039353448158,41.36075769599999,2.1453589129251,0.6871597096188748,0.1449387691830723,0.4795141406816534,0.9957086522848528,0.0549985249249603,0.0778756485254663,1.4425278793914067,-30.272583979046882,0.8365293521460322,0.3022617205345282,False,False,False,False,pachytene,108,off_axis,48.03219207932664,11.31
501,6.762347456465397,144.695504709995,17.813813039900698,34.215517907999995,2.013932156175514,0.6583024818318937,0.191827468785471,0.4333868378812199,0.993011337164156,0.0660678474373055,0.0706158410216966,1.5303451872889342,-35.25333107957418,0.838867294789581,0.4426241224198092,False,False,False,False,pachytene,108,off_axis,49.50215156903997,11.31
90,2.322193497066809,144.35412747837572,19.93152360047853,47.18297869199999,2.2416385248549062,0.676394551058964,0.1772215901908734,0.4309417729297895,0.99720520262281,0.067556482743304,0.0669947925698515,1.6978422465700036,-33.37625410288581,0.8399556087609737,0.4112425420864155,False,False,False,False,pachytene,108,off_axis,48.93745427478115,11.31
146,2.8932664756448254,140.93847030086087,25.1339940257883,49.12059132,2.271912803193433,0.6765042979942694,0.2135144548937652,0.4325361677000295,0.9987549284083836,0.0701787875746002,0.0662221453927856,2.0088244871870367,-29.63739798730147,0.8417851694467345,0.4936337602219677,False,False,False,False,pachytene,108,off_axis,50.399957449666495,11.31
541,7.04341915788291,140.11436794539355,26.203316312425525,40.72505185799999,2.1343108830753845,0.6240423938713208,0.1434383202099737,0.4847556304580971,0.991969568892646,0.1042121333224803,0.0794863727608327,1.918510149082767,-28.910227460020508,0.8418238684547831,0.2958982035431411,False,False,False,False,pachytene,108,off_axis,50.90788242263446,11.31
499,6.776432617573882,141.62927149914546,19.183737834278347,35.613601595999995,2.0409972939133185,0.6258068765643525,0.2344697480123972,0.4534412955465587,0.9930390492359932,0.0653033684404419,0.055419622549158,1.368473805138568,-35.002395565931636,0.8453454309377907,0.5170895335630548,False,False,False,False,pachytene,109,off_axis,51.73790970928152,11.31
354,4.999435728048361,140.8924721304705,15.586443290668724,34.088845895999995,2.011443769593323,0.6184282961739609,0.1752193961029302,0.4649233543733093,0.9955822583495316,0.0419692810274731,0.0572015297571121,2.018894765443524,-38.63670445041638,0.8462383030451268,0.3768780261407091,False,False,False,False,pachytene,109,off_axis,53.89563163044501,11.31
540,7.004862932062412,138.3590587008358,21.534383617401733,39.36215484,2.110231421223045,0.6292014302741359,0.230617039693335,0.4746062359369977,0.9946777054997044,0.0750958028857699,0.0738460770985702,1.4080657786339232,-33.89771258803979,0.8479530751890498,0.4859123674134543,False,False,False,False,pachytene,109,off_axis,53.9519961053831,11.31
84,2.177010369790677,139.24639656134048,20.66235167286323,47.95708543199999,2.2538312210514904,0.6872432009391509,0.2019470793809286,0.4135126681263684,0.9986525704809288,0.0648207971573282,0.090587581382179,1.676698157997778,-34.41783474579383,0.8485106416889593,0.4883697524817161,False,False,False,False,pachytene,109,off_axis,53.411175280409175,11.31
162,3.146554562558677,136.63431861476997,25.192205009407772,39.896992224,2.119746119652891,0.6646872060206961,0.1932380817654547,0.4899175872347887,0.99961763956156,0.0914739595239401,0.0939804980202138,1.9166029217587923,-31.039819046153504,0.8501027840717389,0.3944297710480989,False,False,False,False,pachytene,109,off_axis,54.5308524502576,11.31
522,7.028987214988868,135.9730140576214,24.85880923820197,39.814889994,2.118291077634013,0.6163318211276734,0.2263276701912795,0.4613022113022113,0.99689970547202,0.0860736089815881,0.0777145052064427,1.603476338835496,-31.577414931186027,0.8502228275312093,0.4906277590830932,False,False,False,False,pachytene,109,off_axis,55.25587524374164,11.31
485,6.656982897461533,138.14481049927198,17.211078525959643,30.586599342,1.940055682363578,0.6331006979062812,0.2423186569528033,0.4082357859531773,0.993009708737864,0.0875126761274458,0.0841130472077448,1.5157831592214337,-38.03824588463282,0.8515582589365106,0.5935752457051772,False,False,False,False,pachytene,110,off_axis,55.71639120291185,11.31
369,4.991730450564265,136.53253583208695,15.296296101949103,29.728044594,1.921730921380341,0.6386017517557011,0.2198943961846363,0.4296943231441048,0.9947234707836624,0.1305017364710053,0.1231741414664317,1.9154477209283252,-40.385798069202934,0.8546670174788786,0.5117461049418874,False,False,False,False,pachytene,110,off_axis,57.96478095157161,11.31
78,2.0752878241655903,135.32539661006973,20.229033195721527,40.342690044,2.1276102867064064,0.6182114199325504,0.1492614667012179,0.5028936947913494,0.9974442709072838,0.0709685989212793,0.0606982861484338,1.5044682766627198,-36.153040533718006,0.8561226294907289,0.2968052060448811,False,False,False,False,pachytene,110,off_axis,57.24643226843814,11.31
521,6.917861667089395,134.520858177095,18.677366689891464,37.035143064,2.0677997212507253,0.6359260197618444,0.1949579831932772,0.4488517745302714,0.996074120603015,0.0452669345685876,0.0203700977137704,1.4479925378640972,-37.885456509753446,0.8571842442278764,0.4343482509282782,False,False,False,False,pachytene,110,off_axis,58.53239966614129,11.31
519,6.931093062186534,132.22908945997915,23.22626415772707,37.835053362,2.082581057374762,0.6482732965465932,0.2309882065880438,0.4500264410364886,0.9986857476635514,0.0806287344858694,0.0751921035622808,1.5047107057070934,-34.381078833449735,0.8580835635744146,0.5132769666956415,False,False,False,False,pachytene,110,off_axis,59.29851238177794,11.31
178,3.16627901172954,132.44920266034393,24.771931714499623,46.99766223,2.238699911667976,0.7112053905665086,0.2300731869594144,0.4111648807466297,0.9975124378109452,0.0311999921163448,0.0393138300042133,1.8494317180171207,-32.85216795751872,0.8582163554040065,0.5595642958163818,False,False,False,False,pachytene,110,off_axis,58.687066574991704,11.31
333,4.855589959812881,132.7862811054732,15.224301574543858,35.606564262,2.040862849719931,0.657816720469069,0.1841030474395224,0.4314593762033115,0.997541865109848,0.0573510281751997,0.0600122796065684,1.8481871528941505,-41.721856419117294,0.861899458910716,0.4266984508705397,False,False,False,False,pachytene,111,off_axis,61.42463422234363,11.31
388,5.371080745341798,128.9941187142836,25.76177841615012,37.7670258,2.0813321458162157,0.6575155279503105,0.1661878118856797,0.4876677548059485,0.9975376196990424,0.0699911279776605,0.0773256197926287,1.8352450675755403,-33.09051313581814,0.8641686138687004,0.3407808087533054,False,False,False,False,pachytene,111,off_axis,61.81862420601148,11.31
73,2.0341275220270347,131.07816461081188,20.311407815026367,44.99436781799999,2.206428447935008,0.7012668786820291,0.2112869924294562,0.4385689354275742,0.99714648065948,0.0452861424014819,0.0605047887546343,1.4935769213860417,-37.51345443015507,0.8643172529101267,0.481764610672815,False,False,False,False,pachytene,111,off_axis,61.24386650617935,11.31
498,6.712511251125342,130.75847750418032,17.650790259739637,36.486231012,2.0575329462307708,0.68001800180018,0.1751740139211136,0.4484629294755877,0.9980774512496566,0.0504996992943885,0.0571375823179447,1.4390066433991875,-40.125184796690874,0.8647174140845897,0.3906097971708703,False,False,False,False,pachytene,111,off_axis,62.416777041895195,11.31
497,6.872487610483746,128.4786642671027,21.560486614213406,45.913912794,2.2213580459726288,0.6474224697287079,0.2327106960195686,0.3974786262860455,0.9924193755621226,0.0245620568692002,0.0178302245959281,1.3733016820361703,-37.21821351493568,0.8660002380557053,0.5854671940324618,False,False,False,False,pachytene,111,off_axis,63.36200338925974,11.31
68,2.5465956817509348,127.22449126885424,23.910679645074357,39.65537709,2.1154584103292424,0.663413191363502,0.1433303221921108,0.4845342706502636,0.9967117743771342,0.1419120750375541,0.1467532006494879,1.5923699375765104,-35.43141507378968,0.8685002770922778,0.2958104944770078,False,False,False,False,pachytene,112,off_axis,63.964595711097594,11.31
273,4.086820728291452,128.82899306722442,14.90602369747932,33.49770984,1.999749064762156,0.6261904761904762,0.2421919363997728,0.4610340951667291,0.9915269196822596,0.0598665689310026,0.0447169230765072,1.7590841209106862,-43.361100701662004,0.869647862561955,0.52532326554327,False,False,False,False,pachytene,112,off_axis,65.20384408544712,11.31
70,2.231619537275098,127.43265199228664,17.770634875749224,32.850275112,1.9867816212814855,0.6308911739502999,0.17296,0.4509576320371445,0.9971751412429378,0.0548507334339514,0.0518848046129628,1.546664591976994,-41.13839414728424,0.872897133144043,0.3835393564993565,False,False,False,False,pachytene,112,off_axis,65.5084494902864,11.31
517,6.843449862688369,126.7069245824977,16.166988309952703,31.604666993999995,1.9613459505377184,0.6268833964224746,0.1632822902796271,0.4463894967177242,0.9893198426082068,0.1633217765056716,0.1252984654429752,1.5069688365731704,-42.89303866389318,0.8730441113772194,0.3657843463617138,False,False,False,False,pachytene,112,off_axis,66.7314837443889,11.31
554,7.227331949316318,124.93333407545444,19.989540919179344,32.768172881999995,1.985125061999335,0.5974658171665832,0.223342541436464,0.4613195802952161,0.9901665663255068,0.0980093314823624,0.0639656266638246,1.257854912760004,-39.89668045712959,0.8735115481978913,0.4841384388963906,False,False,False,False,pachytene,112,off_axis,67.2067045662607,11.31
405,6.097244928852779,124.25159869815216,24.869806963366752,46.488628404,2.2305880672128797,0.6439600363306086,0.2110030191211003,0.4365079365079365,0.9811850946854002,0.129751726021471,0.1164101894872719,1.6839646291903727,-35.53541697537363,0.873581894385809,0.4833887347137934,False,False,False,False,pachytene,112,off_axis,66.64177635832488,11.31
63,2.1516829109812257,124.97100111111236,20.65437925925994,36.10152342,2.0502758984733243,0.6005847953216374,0.1683128128805303,0.4660810151293313,0.997578273655077,0.0240677954020361,0.0230128115388931,1.384283060692389,-39.25835082782687,0.8761184065595983,0.3611235116148761,False,False,False,False,pachytene,113,off_axis,66.98330397545973,11.31
200,3.3141079936474487,124.61392013631614,15.065037387506838,35.449397135999995,2.037855635974581,0.6504102699841185,0.1430656934306569,0.4609123604012871,0.996498706043538,0.0561255738034895,0.0573059612263044,1.9547466073344544,-44.63851370881107,0.8779197097264081,0.3103967385602301,False,False,False,False,pachytene,113,off_axis,69.07700928480945,11.31
59,2.176358396646637,122.35345288970312,23.96987982708854,44.76917313,2.2027412662600896,0.6806916426512968,0.2283145498290489,0.4356744338693797,0.9980006664445183,0.0541059048468107,0.0371696647570178,1.584501581127065,-37.02482799049492,0.8779240604909044,0.5240485373477305,False,False,False,False,pachytene,113,off_axis,68.69078561281754,11.31
516,6.94853970185587,122.95557312138646,17.302053468207202,30.842289143999995,1.9454466770212744,0.6070124733799818,0.1942928426633401,0.4273272692084381,0.9894847528916928,0.0774318470510502,0.0718662321028069,1.372797114468648,-43.09504407151077,0.8799704643674413,0.4546698904173362,False,False,False,False,pachytene,113,off_axis,69.89964895215815,11.31
538,7.051844912078465,121.45647537474616,21.844568924761948,32.550015528,1.98070986038538,0.6078120495820121,0.216978417266187,0.4448732083792723,0.993030009680542,0.086708615439357,0.083672337132911,1.2785421094588811,-39.328308363282474,0.8811206314073716,0.4877309156392359,False,False,False,False,pachytene,113,off_axis,70.0622648085636,11.31
351,4.870912290200446,119.48094887655677,23.848823917162147,34.661215727999995,2.02263907952808,0.6212100703844071,0.2686528158891937,0.4459531892085046,0.9890606007987498,0.10156478107801,0.0590793143769766,1.4395734085633085,-38.1112373117516,0.8832853751328476,0.6024238022964012,False,False,False,False,pachytene,114,off_axis,71.52036770749291,11.31
58,1.8649553377851085,121.65456119156843,18.441298829243006,27.049166118,1.8621804256922163,0.696903997918654,0.195627157652474,0.4105865522174535,0.9992625368731564,0.086537745569628,0.0967641749119935,1.572886455323104,-42.4635400657692,0.8838290716577388,0.4764577811814612,False,False,False,False,pachytene,114,off_axis,70.79349857336749,11.31
515,6.697862089732062,119.1930037940382,18.578439430894598,31.161314952,1.952131437685072,0.6294037940379404,0.2612545018007203,0.3975218362786918,0.9941918686160623,0.0964326346120454,0.0638913967266941,1.2497521073022066,-43.167872047411116,0.8849596570378607,0.657207926604469,False,False,False,False,pachytene,114,off_axis,73.11136888010748,11.31
55,1.984878996643728,118.76329261614646,21.32638268857109,39.838347774,2.118707007876522,0.6250368015073897,0.1591179189224878,0.4875942211055276,0.9989890236857308,0.0783199502854604,0.083334551079366,1.4035053196794711,-40.72768582943523,0.8865320183235816,0.3263326594841876,False,False,False,False,pachytene,114,off_axis,72.80001189207513,11.31
272,4.4660619964787385,120.03694532892128,15.178086389585635,43.96691705399999,2.189504295726852,0.6840953956143627,0.2211260194685609,0.4120925519337949,0.998265695456122,0.0545588620321043,0.0546071846057583,1.785466514381203,-46.08170091540434,0.886835567230864,0.5365930988825202,False,False,False,False,pachytene,114,off_axis,73.34535456114268,11.31
483,6.518301922233843,116.84669477803688,25.42936349633788,37.464420438,2.0757583953813725,0.66551875273934,0.2439852816303425,0.4397229502059154,0.9953962053571428,0.0920510355223055,0.0912802175781099,1.6158795238448274,-37.515875644527554,0.8879293141176693,0.5548613769558491,False,False,False,False,pachytene,114,off_axis,73.78354282003818,11.31
176,2.904004781829097,116.19959305780928,24.39962656476774,27.471406158,1.8718200440488943,0.6563060370591751,0.1795760293518141,0.4166459627329192,0.991938734381298,0.1744438210951591,0.144514860691251,1.6458111428814814,-38.703882790671265,0.8899059521771279,0.4310038867865545,False,False,False,False,pachytene,115,off_axis,74.61702143807508,11.31
421,5.685352959469245,116.76911164092482,15.964421384886244,22.629720366,1.7546756906014005,0.6743028920908054,0.125765164162493,0.4077021005728835,0.9888888888888888,0.1216981912707806,0.1332139665787307,1.5820188575178011,-46.44814508632381,0.8921081067818711,0.3084731817318916,False,False,False,False,pachytene,115,off_axis,76.19648585192043,11.31
467,6.399235939158116,115.87321557835206,20.73156214361569,33.15757203,1.9929575002264344,0.6206579412805093,0.2561043285238623,0.443864229765013,0.9923621460506706,0.0591601143260137,0.0386076938020388,1.3351367748444098,-42.26583172531011,0.8921742843561405,0.5769879872037604,False,False,False,False,pachytene,115,off_axis,75.74774922027615,11.31
553,7.227641196013176,113.9021862956806,24.13892763288963,28.243167119999995,1.8891869148527,0.548421926910299,0.1455288385981455,0.4590766967077432,0.987380818844644,0.1509955228115007,0.0823046793406826,1.2110986419248244,-39.72698634066026,0.8942797845431159,0.3170033235008483,False,False,False,False,pachytene,115,off_axis,76.92069828047283,11.31
175,3.0204694351303742,114.7797423574921,18.342584121743748,45.47290653,2.214223054436608,0.7004900696414753,0.2483169342309684,0.4190492593868412,0.996909304060535,0.0688527494612544,0.0961808844458169,1.6747929821154597,-44.883933439266045,0.8960499822277261,0.5925721825503506,False,False,False,False,pachytene,115,off_axis,77.41839192542025,11.31
271,4.407819320554284,111.64439882330736,24.788799126969064,37.079712846,2.068628883585622,0.6725501360156892,0.2115765422696115,0.4258114374034003,0.9976293403988288,0.0978278298023781,0.1126372725499506,1.5706769321837424,-39.87987859242998,0.8988288787758927,0.4968784858382528,False,False,False,False,pachytene,116,off_axis,79.01463275129437,11.31
144,2.6093099835354345,112.24218646160874,21.880676852267445,31.344285635999995,1.955944777006705,0.7047597665020207,0.2726769911504425,0.3743979721166033,0.999371266897202,0.0787602622991967,0.0953896791702814,1.4182259232084369,-42.41388146060798,0.8989726366685363,0.7283078741289748,False,False,False,False,pachytene,116,off_axis,79.01381602828252,11.31
568,6.573035158772357,111.47384410988045,20.44408665258045,39.965019786,2.120950214430664,0.6845688794975642,0.209240729841083,0.4529214737625605,0.9955783938814532,0.4274957425912541,0.4245426335371901,1.161856629846324,-44.02576241577157,0.9006851556194551,0.4619801487945686,False,False,False,False,pachytene,116,off_axis,80.08817598132953,11.31
420,6.25255311218766,112.34577664927464,17.380649757733007,37.762334244,2.0812459587215866,0.6103242638837123,0.2480220570606569,0.4490674318507891,0.9930046635576284,0.1155986848508957,0.1076399019242365,1.3633837341461432,-46.61309473731219,0.9011337194005372,0.5523047085344341,False,False,False,False,pachytene,116,off_axis,80.02204611179832,11.31
234,3.84153575681958,110.42432725571392,16.038626251913556,41.363103474,2.145399470214047,0.6764589122667726,0.1688519813519813,0.424715162138475,0.9965043394406944,0.0531504513835114,0.0653545666844779,1.562181434315122,-48.52638429962814,0.9048539941526064,0.3975652305460393,False,False,False,False,pachytene,116,off_axis,82.24038715908895,11.31
404,5.97426928043195,108.6118439957734,22.28208618382371,39.967365564,2.120991710561024,0.6632233830261768,0.1875973382415404,0.4632276054374346,0.9970001304291116,0.1032321260072044,0.1017570791520776,1.173169743972292,-43.26524941191486,0.9053618535989704,0.4049787535101427,False,False,False,False,pachytene,117,off_axis,82.47613978095046,11.31
53,1.7091627607756144,108.79749721532797,18.38056333057642,25.524410418,1.826511327687208,0.5918573660509144,0.0,0.7070479621706823,0.9987905664180609,0.1959042338191041,0.1692613609770177,0.8640052981807967,-46.87351937974471,0.9078636354229528,0.0,False,False,False,False,pachytene,117,off_axis,83.18513163698263,11.31
567,7.452597906165513,108.99246490887856,16.95066121558663,24.199045848,1.794333688362218,0.5688251260178363,0.2171770503343892,0.3988309352517986,0.9373342175066312,0.1543942484047407,0.0637138877210857,1.2248567201201823,-48.15297323604268,0.9080537040262648,0.54453411493087,False,False,False,False,pachytene,117,off_axis,83.36691786561471,11.31
174,3.1440461025173305,106.51320438580716,23.359065059143383,38.67015033,2.097791962073777,0.6636942675159236,0.2266703863858278,0.4325396825396825,0.9968737257034116,0.1023671388784094,0.0900377073820651,1.416553481837265,-42.962376116063645,0.9093889626642766,0.5240452969654,False,False,False,False,pachytene,117,off_axis,84.32194787243165,11.31
576,7.521758150192866,106.84705866055626,19.788545318196977,22.521814578,1.751882293188305,0.5674408915737944,0.1782746339533043,0.4131952805201059,0.9638916750250752,0.3263672062174638,0.1635520415052569,1.042417945961963,-46.209015604917404,0.9098830220618264,0.4314537032681078,False,False,False,False,pachytene,117,off_axis,84.74088176940977,11.31
514,6.965470251855873,105.07207626840344,24.23774819321033,38.559898764,2.0957964090919576,0.5839518189560774,0.1979594230092647,0.4626407369498465,0.9883082373782108,0.1000065052051974,0.0683796641507513,1.362346984465284,-42.62348431472011,0.9124741594974598,0.4278901687611762,False,False,False,False,pachytene,117,off_axis,85.57958623855106,11.31
254,4.15773850835512,105.34100069937764,16.080396257540507,43.938767718,2.1890369272734143,0.6772195825102771,0.2492238917173723,0.4201124710552431,0.9980142506716504,0.0708496044168222,0.0820425393191422,1.4934826908890404,-50.20806942033943,0.9146787591370944,0.5932313580012729,False,False,False,False,pachytene,118,off_axis,87.11827170506764,11.31
51,1.7797217882913705,105.57816795358372,20.37507040839176,31.534293653999995,1.9598891083240877,0.643606337871011,0.0,0.7223961594656648,1.0,0.1033835171961319,0.1180712467826436,0.8239509357999918,-46.08671693167609,0.9151700329591708,0.0,False,False,False,False,pachytene,118,off_axis,85.8457963003652,11.31
552,7.26634494739924,104.82629918926806,17.67693066306277,24.304605858,1.796938958241708,0.6086285107615095,0.1783181357649442,0.4229346485819975,0.9820327165459908,0.1721587033713804,0.1297156151795928,1.1630845924613562,-48.880071170132865,0.915542319721348,0.4216210148844601,False,False,False,False,pachytene,118,off_axis,87.20653236521784,11.31
551,7.122377016922373,102.48565813459189,20.31905761511301,29.80310949,1.92334705284776,0.7060999606454152,0.1683741648106904,0.4523299410819496,0.996042617960426,0.1342206717421659,0.1445603219012359,1.0472167236519456,-47.18640835454431,0.9183928976791776,0.3722374963902417,False,False,False,False,pachytene,118,off_axis,88.87736121798788,11.31
566,7.230087989126545,101.090027634309,24.274919343300176,32.791630662,1.9855986467351967,0.6402460834108306,0.2071574964527825,0.423941141379996,0.9951957295373666,0.1471879476622795,0.1242326770526423,1.2047617203047,-43.93665295085558,0.92017260718073,0.488646833799739,False,False,False,False,pachytene,118,off_axis,89.49663769624631,11.31
222,3.552233602091802,100.78899144149062,23.96539288515933,43.059100968,2.174329957604823,0.6700261494879058,0.1775967413441955,0.4351989433713059,0.9990332326283988,0.0672056531834985,0.0841744190587797,1.4742579920113494,-44.32981823459489,0.920520335170807,0.4080817383618332,False,False,False,False,pachytene,118,off_axis,89.84549646357452,11.31
47,1.949990662931864,100.62420969187752,21.15688532212885,12.561641189999998,1.442068614687931,0.6730158730158731,0.0,0.6293546544831525,1.0,0.0194793014788511,0.0352813621407371,0.995889749206357,-47.02826110250056,0.9217335827673168,0.0,False,False,False,False,pachytene,119,off_axis,90.5262025385718,11.31
198,3.712863351038048,101.25754541284432,16.5537046788982,48.58106237999999,2.263564110789764,0.7105746016417189,0.2604565083281924,0.4179179179179179,0.9964154233675644,0.0600978123433164,0.0660232366140039,1.4307476816531637,-51.14518804539454,0.9226545746627474,0.6232240762152437,False,False,False,False,pachytene,119,off_axis,90.94238945942647,11.31
575,7.43193096008627,100.49230894013084,16.25041792071191,17.396289648,1.6073952239772935,0.5329018338727076,0.1053719008264463,0.4826789838337182,0.9914853358561968,0.0761724465226692,0.0424803052220244,1.3011422314974654,-51.68963969054957,0.9239139631436424,0.2183063782672308,False,False,False,False,pachytene,119,off_axis,91.7591251797112,11.31
537,7.014561624742937,98.19438877679568,20.764079319042253,35.343837126,2.0358308724674488,0.7291431605495453,0.0480522509913692,0.6941925998529772,1.0,0.0979481505824609,0.1689027552258722,0.9445435616143044,-48.220499873427414,0.9267175317876978,0.0692203446155234,False,False,False,False,pachytene,119,off_axis,92.98559372939903,11.31
46,1.9168068797906583,98.97597537857614,18.24534088614677,12.547566522,1.4415298256915117,0.6247896803140773,0.0,0.6367713004484304,1.0,0.044261943802687,0.0330236713459749,1.1309824811144988,-50.32588725547251,0.9281876050777872,0.0,False,False,False,False,pachytene,119,off_axis,92.75659593921728,11.31
496,7.022831432457977,96.10419274353826,24.22608787276293,44.837200692,2.203856403255292,0.6509364863450874,0.2036285509668178,0.454736211031175,0.9957405379092126,0.0610797422001596,0.0688078931539026,1.3108397734082473,-45.67058285951231,0.92979879991456,0.4477948886125935,False,False,False,False,pachytene,120,off_axis,94.42387695651064,11.31
348,5.5663905570510845,97.70854482294256,15.185234375647244,45.311047848,2.211592790094641,0.6628183889003935,0.2070854638422206,0.4285275602640872,0.9897104570471404,0.0409374307176176,0.0415316542276848,1.4538420241243344,-53.63437912961126,0.9304540914542424,0.4832488806894958,False,False,False,False,pachytene,120,off_axis,94.72149179240748,11.31
143,2.8223272003979485,95.85433740924896,22.541193639979237,47.17359558,2.2414899194300384,0.6785678766782695,0.2385439981152078,0.4495668316831683,0.9985427292599146,0.0768871905045599,0.0898584585633563,1.2424279906892477,-47.34056794025187,0.9305270905472166,0.5306085353808341,False,False,False,False,pachytene,120,off_axis,94.95199881189971,11.31
550,7.162811127379327,94.45415176258729,18.324655175132246,20.828162862,1.706818933837419,0.605698839959455,0.1779760507161305,0.4258783204798629,0.996819338422392,0.0564396277143616,0.0475989460711527,1.269970186471584,-51.782145276661005,0.9353358896426168,0.4179035235125238,False,False,False,False,pachytene,120,off_axis,97.14958576400981,11.31
45,2.8425834333734765,94.12677769988146,15.872614415365728,48.85082685,2.267746140905551,0.7111644657863145,0.1936997319034852,0.4204488778054863,0.9991511035653652,0.0470052278694322,0.0693103723809416,1.463780131308946,-54.20021851928966,0.9365736722468307,0.460697464373058,False,False,False,False,pachytene,121,off_axis,98.02425184597625,11.31
495,6.653750413040972,92.37757391783208,22.074269269742928,42.59463692399999,2.1664837561151504,0.7329551712743694,0.2294613062132527,0.4396782841823056,0.9988843813387424,0.1053444494239561,0.166628418004617,1.0485945839036277,-48.9569963500022,0.9381300400066162,0.5218845562045322,False,False,False,False,pachytene,121,off_axis,98.45683828710284,11.31
43,2.579018094731236,91.90602265832813,19.90149387972449,35.26173489599999,2.034253267431076,0.6887307078233103,0.2033032521709518,0.4334259457148963,0.9979566816510012,0.0818469256948238,0.1089972465600354,1.1453184247151869,-51.161107838601914,0.9397005413424032,0.4690611030117768,False,False,False,False,pachytene,121,off_axis,99.32087413927508,11.31
40,2.1013064693845656,89.58595433653612,21.73692487801005,59.61091053599999,2.423329014204982,0.8034786714937825,0.0,0.6950340408490189,1.0,0.1939225392052128,0.5503491847840432,0.9033742665602368,-50.21953766640831,0.9427966901403522,0.0,True,False,False,False,pachytene,121,off_axis,101.26466590591367,11.31
441,6.333477912403956,88.53113213898578,24.04895677242864,49.756297158,2.2816716582869514,0.7036443354863042,0.1731123388581952,0.4190264078905504,0.99649787032655,0.0236441880786597,0.0261085057701062,1.443394921407259,-48.40115548784351,0.9444712295899524,0.4131299020738857,False,False,False,False,pachytene,122,off_axis,101.93415676148524,11.31
442,6.572808551021347,90.36261844063608,15.776720558413276,46.96482133799999,2.2381783393876407,0.7043604215573648,0.2496196754563894,0.3982091569521879,0.9977097647303768,0.0343246174713664,0.0593097716423085,1.3358343939793431,-55.564826536419204,0.9447028672757142,0.6268556890226427,False,False,False,False,pachytene,122,off_axis,101.7060960006481,11.31
42,2.3649464300319063,89.89030204465412,17.554024323218286,28.681827605999995,1.8989173851489,0.6562525558190889,0.1587269815852682,0.4401617891981917,0.9964664310954064,0.0749577340914977,0.0818114151434954,1.3156864997299524,-54.05238429177229,0.945413863367647,0.3606105424880444,False,False,False,False,pachytene,122,off_axis,101.77262908796902,11.31
513,6.924930939226072,88.28063387924264,20.197282206986166,47.553611616,2.247492747916801,0.6650059194948698,0.229783373029375,0.4207038727727875,0.9974324626032596,0.0342888831088066,0.0328651252263265,1.2189682433072444,-52.110182395858416,0.9468384612686742,0.546187919580849,False,False,False,False,pachytene,122,off_axis,102.8243073676624,11.31
38,1.9153614889048405,87.02437584824767,20.25821658554145,32.77051865999999,1.9851724306416647,0.7045812455261274,0.1808257244938468,0.3973830869881269,0.9944363103953148,0.0675477040792119,0.0829964573586984,1.344434819930416,-52.47815954981062,0.9485132980040152,0.4550413201134791,False,False,False,False,pachytene,122,off_axis,104.04801758484611,11.31
142,2.780253045923284,86.85157069821787,15.262169887535176,50.05890252,2.2862878316548016,0.6970946579194002,0.1479040337463749,0.453125,0.9990742455100908,0.0675813939498631,0.0844017509472966,1.3006057020963395,-57.237675866190926,0.950657010418677,0.3264089020609654,False,False,False,False,pachytene,122,off_axis,105.24165570655988,11.31
39,2.8260306242639044,85.2305054770303,22.66630344522884,31.865048351999995,1.9667175391796408,0.6749116607773852,0.1577341216860576,0.4114583333333333,0.9966313763233878,0.0603729586137343,0.0689088173242581,1.539552291221495,-50.81960366374082,0.9515002749424336,0.3833538147306716,False,False,False,False,pachytene,122,off_axis,105.40744579755855,11.31
402,6.378591413410556,82.95338545586107,22.486689999999037,48.62797794,2.264292530505624,0.7200675349734684,0.2083219645293315,0.3725659141823195,0.99720885466795,0.0820872049786608,0.0990574225238992,1.436073284254829,-51.759541927788746,0.9556448245590698,0.5591546531747043,False,False,False,False,pachytene,123,off_axis,107.6846682932554,11.31
494,6.849613331880989,85.12194801219717,12.74412965907878,43.073175636,2.1745668385259265,0.6638165777148459,0.2164254887027163,0.4292888384901993,0.9976618262367708,0.1370983359348989,0.1305811164537227,1.2792121424487612,-60.192590136228105,0.9563945726161092,0.5041488836837238,False,False,False,False,pachytene,123,off_axis,107.51878816933296,11.31
512,6.981331919814352,83.71813885408615,17.645525872204672,48.67958505599999,2.265093251264053,0.7206052428681573,0.2040087863811093,0.4266988616764401,0.9988164603058995,0.0578495037756935,0.0834084161270235,1.1691319930392103,-56.05590638956973,0.9569228306065796,0.4781095163450573,False,False,False,False,pachytene,123,off_axis,107.79296428150911,11.31
37,2.2068334656029687,82.72208317948251,18.311584390794074,56.160271098,2.375637627560699,0.7141305709870097,0.2250028309364737,0.4006428988895383,0.9989309210526316,0.0487068364831345,0.0668934525355668,1.3579741020099627,-55.76640120637342,0.9576395056535232,0.5616044401638317,True,False,False,False,pachytene,123,off_axis,108.63889622091006,11.31
173,3.149000562343483,84.07566904554878,12.621193747763474,45.88576345799999,2.220903989432621,0.6582996779305761,0.2665423022056403,0.4139736684619988,0.9930808448652586,0.0831015076321253,0.0726239021904589,1.4062992478206655,-60.662489798916596,0.958081929415522,0.6438629374566318,False,False,False,False,pachytene,123,off_axis,108.56321052139701,11.31
220,3.307665869695203,79.74950960101562,21.31465214435168,31.395892752,1.9570176500924483,0.7189181111775254,0.0860058309037901,0.4383306751727804,0.9976046216711286,0.1008959962255895,0.1441758345025815,1.5502882174402353,-53.94705670973797,0.9624291426274086,0.1962122109521275,False,False,False,False,pachytene,124,off_axis,111.0337127088601,11.31
511,6.98592006778711,80.98102293461415,14.09432503883712,33.220908036,1.994225643774378,0.6815421550628442,0.2363697934304097,0.4039911308203991,0.994584262503982,0.0647639829550465,0.0874320338481414,1.1648061076150753,-60.324061848619706,0.964800207019998,0.585086590763528,False,False,False,False,pachytene,124,off_axis,111.22409978673471,11.31
440,6.356293799818099,81.88059940619506,9.69114957470686,43.849628154,2.187555608982269,0.6500294227785802,0.2241461100569259,0.421736472026903,0.9902112313240596,0.0555303830203771,0.0528891885668522,1.345934473649714,-64.16265735174036,0.9650362668328208,0.5314838173223667,False,False,False,False,pachytene,124,off_axis,111.43305925714913,11.31
36,2.45084570082459,80.64781330035439,11.363193173144106,49.78913805,2.282173542181656,0.6810836277974087,0.2135471128151504,0.421775742354853,0.9958290946083418,0.0264108663837358,0.0194125668873089,1.2999249943358762,-63.00672052881359,0.9652528980673954,0.5063048709792483,False,False,False,False,pachytene,124,off_axis,112.19545174562734,11.31
493,6.921566246774807,78.85514375474212,19.47076976779577,46.36899372599999,2.228673011620515,0.6590276723832651,0.2139941690962099,0.4301186943620178,0.9956342182890856,0.0215862739967775,0.0323120964084008,1.264985205228443,-55.98484372839866,0.9655157313524771,0.4975235252530027,False,False,False,False,pachytene,124,off_axis,112.22622669044436,11.31
35,1.9606148867314055,79.10754223300766,15.10747322815549,28.99381608,1.9057777699447127,0.6319579288025889,0.1313729234294443,0.4262475269289953,0.9920098340503996,0.0672202401375169,0.060967438448452,1.2598034628600472,-60.0050210074051,0.9669688972965704,0.3082080601756277,False,False,False,False,pachytene,124,off_axis,112.82909262915895,11.31
33,2.717010583091594,76.46809740939005,17.887223266456672,57.408224994,2.393105454302434,0.7220201855105627,0.1310512198237322,0.4373070704101132,0.997632322615138,0.0196724861683842,0.05790990470504,1.4755273598723408,-58.28302392040243,0.9697708529872202,0.2996777978019665,True,False,False,False,pachytene,125,off_axis,114.86033440459565,11.31
549,7.336193447738027,77.96277604104034,10.133867406695837,39.094736148,2.1054417264596874,0.702988119524781,0.1538461538461538,0.4266666666666667,0.99686369119421,0.1427253016700271,0.1854949794282699,1.1841962494712268,-65.07248447432809,0.9711234632350342,0.3605769230769231,False,False,False,False,pachytene,125,off_axis,115.10283090159143,11.31
34,1.8486807282059847,76.98504066885828,12.467675964391727,29.249505882,1.91136358738749,0.6720667254791883,0.2263008514664144,0.3829787234042553,0.9934074213599547,0.1556366005339037,0.1503484160901087,1.3327871747039957,-63.20751344961694,0.97199063653741,0.5908966677178599,False,False,False,False,pachytene,125,off_axis,115.48626207658673,11.31
548,7.165820326548231,77.13629525282232,15.115986326692262,32.613351534,1.9819937202150448,0.6553261885923901,0.1642832228810603,0.4336393989983305,0.9935385138581874,0.1193711238420664,0.1135307190343639,1.1671649883519748,-60.664387258706775,0.9724817127629896,0.3788475476641199,False,False,False,False,pachytene,125,off_axis,114.75378364158581,11.31
387,5.453550784475674,78.67625355078322,7.166520726672384,34.088845895999995,2.011443769593323,0.6675612441508395,0.2319554848966614,0.4193748706271993,0.9973232561801292,0.0863041884932478,0.09267537511848,1.478152654298018,-67.62304688474903,0.9730956146697652,0.5530981972042306,False,False,False,False,pachytene,125,off_axis,115.20276531738813,11.31
156,2.883935077840272,76.68012359721764,9.279276011924471,35.40951891,2.037091198342196,0.6738655183835707,0.2803683671977781,0.4127564493195206,0.9943631931748934,0.0628901750224015,0.0770747152854199,1.3105912907113446,-66.31085828720101,0.9739380665255856,0.6792585982847745,False,False,False,False,pachytene,125,off_axis,116.56089226877197,11.31
466,6.587864524710833,73.47921179269505,17.25885112043309,45.850576788,2.2203361575431155,0.7110406221221733,0.2656351579768561,0.4201487252124646,0.9980286366466072,0.0329336486905696,0.0600015246302742,1.4213812174854954,-59.88619226817144,0.9767475525908236,0.6322407805534274,False,False,False,False,pachytene,126,off_axis,117.91393975423064,11.31
32,2.289802069727612,73.08094445895652,15.161075102984004,23.347528434,1.7730355137136238,0.7236009243444188,0.15639374425023,0.4154852780806979,0.9994340690435768,0.0306413876432912,0.0638084202502999,1.4584881410706017,-61.994922686525406,0.9781982223826892,0.3764122400983226,False,False,False,False,pachytene,126,off_axis,118.71257212858657,11.31
481,6.879115625933895,74.93392515685939,6.656130295787356,39.25659483,2.108343351541037,0.6490588586794144,0.2367771280051982,0.4033713604631364,0.9951719975859988,0.048889022263374,0.0736045522916544,1.2802153844612905,-69.37028300161847,0.9796938711331408,0.586995387410101,False,False,False,False,pachytene,126,off_axis,118.94060513395065,11.31
547,7.218744588744536,73.9191570129876,12.449756991341989,32.51248308,1.979948268515478,0.6229437229437229,0.2329370321444297,0.4004975124378109,0.9903903903903905,0.1549318554973474,0.1012862556018263,1.1346988180668822,-64.26234619383828,0.9801149348283212,0.5816191734289488,False,False,False,False,pachytene,126,off_axis,118.47492810597285,11.31
31,1.8330379368713825,72.38248778253346,12.75293697102471,23.558648454,1.778363710164473,0.683162401672807,0.175220321410057,0.4465744814582024,0.9993870044953004,0.0475436858813694,0.0690534986776183,1.3821149624463922,-64.49731799065466,0.980885817688978,0.3923652798921896,False,False,False,False,pachytene,126,off_axis,119.90507094878947,11.31
196,3.1769784172662594,73.859325049052,6.260811903204642,32.280251058,1.975222837021183,0.666957343216336,0.2429798480343574,0.3955924067204888,0.993410785503728,0.1078226777020196,0.0840990259960125,1.5744804579095928,-70.10606826018446,0.981927251135854,0.6142176743196139,False,False,False,False,pachytene,126,off_axis,120.0824085935464,11.31
30,1.4510246244904486,72.08026265564686,9.328621782344072,42.01053820199999,2.1565351704755007,0.5258808420347312,0.1828505437397748,0.5335060652455541,0.9936496077698916,0.1607906543171128,0.1047096416662192,1.1972457659675084,-67.82173504843794,0.983232000517758,0.3427337675263638,False,False,False,False,pachytene,127,off_axis,120.99998098789419,11.31
536,7.110450663148463,71.5227007291148,9.038774703145638,33.781548978,2.005381403737051,0.5948892438025137,0.2554874936191934,0.4292080905039424,0.9844382860797272,0.1584797312313181,0.1082287847292185,1.1647088325625594,-68.28323130418076,0.9837318861836284,0.5952532099737917,False,False,False,False,pachytene,127,off_axis,121.61194892739526,11.31
416,6.580158071699647,69.542763508145,13.196393541767495,53.720661978,2.3407278125376774,0.7200558927557749,0.2474468834370231,0.3926064576509125,0.9980747352761004,0.1046402198830301,0.1396225579182621,1.3883958355060588,-65.04145356073214,0.9876322071176162,0.6302669724730852,True,False,False,False,pachytene,127,off_axis,122.58144280211651,11.31
417,6.3538631603443125,70.6432179543866,5.224271526646396,40.31923226399999,2.12719783122796,0.6503374447288806,0.231064483111566,0.4397670549084858,0.9811929824561404,0.1632095952876407,0.1598216981303314,1.3285866828646065,-72.1702281307139,0.9884777505829326,0.5254247232313703,False,False,False,False,pachytene,127,off_axis,123.45955526720857,11.31
29,2.6318377971093425,69.52427512158499,6.077166333310459,34.246013022,2.0145302946592056,0.6477840948010138,0.2527248946374073,0.3908984830805134,0.9855322080606268,0.1158523449760557,0.083143042356052,1.5904072924082224,-71.74652414458043,0.9903626448231948,0.6465230886694271,False,False,False,False,pachytene,128,off_axis,124.30550726778087,11.31
27,2.5859780146010505,67.6713417890405,10.995548959468865,55.909272852,2.3720931799665315,0.7037845095242091,0.2179884802835622,0.3899433427762039,0.9965511295050872,0.0461751644739232,0.053647607561285,1.5817368288054818,-67.74591057902454,0.9906932010628366,0.5590260337093895,True,False,False,False,pachytene,128,off_axis,124.88974639349064,11.31
465,6.686931981248946,65.34134880895328,9.260566918587909,49.040834868,2.2706825121984044,0.6925284607289773,0.2420705105530007,0.3985687616677038,0.9955074535429856,0.0988533860048834,0.1268555605597803,1.4569136118973498,-70.16726776343305,0.9956910137570648,0.6073494308488248,False,False,False,False,pachytene,128,off_axis,127.55686282883671,11.31
401,6.146870743887192,66.0725032038376,4.970632155133616,36.169550982,2.051562896388208,0.7381801673260263,0.1964570063694267,0.3824622244240773,0.9969364911040416,0.1040319804932412,0.2108578661975531,1.4921254528897017,-73.95633006662364,0.9969818101259704,0.513663817819544,False,False,False,False,pachytene,128,off_axis,127.92743925455927,11.31
308,4.697563616675806,63.945315755280106,6.230237159357441,38.993867694,2.1036294145994767,0.4648378752331107,0.1659478717419839,0.5204586330935251,0.483468972533062,0.7015393042157188,0.0614681434848135,1.674956189258246,-73.49128040100206,0.9999999999999996,0.3188493017314662,False,False,False,False,pachytene,129,off_axis,129.6520092224951,11.31
