nucleus_id,cz,cy,cx,vol_env,r_eq,gap,gap_int,thick,void_big,void_off,offset,syp_io,s_um,s_norm,score,merged,mitotic,crescent,post,cls,row,zone,r_um,off_axis_cut_um
190,3.484724832214786,260.92354123489906,22.125849906040692,8.738023049999999,1.2777371604357215,0.461744966442953,0.0,0.6399002493765586,0.9453125,0.2560648604939639,0.0771185188020157,1.057756687024356,245.34153324306607,0.0,0.0,False,True,False,False,mitotic,0,off_axis,104.02359337328632,13.12
112,2.6676101546542124,260.4812986431291,25.82973961190607,16.077962411999998,1.5657201228934146,0.7731251823752553,0.0,0.5993569131832798,0.9952779566430564,0.183399082649104,0.3899737338061134,1.006090641468896,245.5359737716979,0.0121616431616769,0.0,False,True,False,False,mitotic,0,off_axis,103.64383027402366,13.12
373,7.503121693121754,259.44789222222346,28.67039079365096,8.86704084,1.283995100318703,0.5153439153439153,0.0301746956061408,0.607532751091703,0.9366071428571427,0.4842568426362216,0.1832336438828551,0.9355553675356496,245.00098714419994,0.024905925672349,0.049667603189982,False,True,False,False,mitotic,1,off_axis,102.74993349290159,13.12
203,4.380092287409324,258.43357000659194,31.814404087014687,10.675635678,1.3659507629097758,0.5477916941331575,0.0,0.6384839650145773,0.972800925925926,0.4024870144692997,0.232620300152073,0.93262702169792,244.5364248983518,0.0319862493768919,0.0,False,True,False,False,mitotic,2,off_axis,101.98493339698119,13.12
107,1.654507927573011,248.46975668449164,24.68876256684471,25.003647702,1.8140040566676328,0.6898395721925134,0.0003023888720895,0.7099213551119177,0.9995188452285484,0.1276272032378875,0.1806975728552359,1.0865590232749514,233.5054491243523,0.0409114218255752,0.0004259470009067,False,True,False,False,mitotic,3,off_axis,91.60276116262608,13.12
115,2.3737736955247395,260.5185389876885,37.679870607779314,12.003346026,1.4203800775425766,0.7541528239202657,0.0,0.4721780604133545,0.9946065989847716,0.262568112290969,0.4270094698792638,1.1041987510173046,247.5890259594113,0.0496794737536583,0.0,False,True,False,False,mitotic,3,off_axis,104.76402113197183,13.12
106,1.859265903132334,246.07804354905755,13.189959666069406,33.999706331999995,2.009688985121042,0.5443631847661101,0.3745027467323356,0.236069049061175,0.8134628265237777,0.3397496008653158,0.0833204057561103,1.4124799896505775,229.19203865884927,0.0554266921139364,1.5864118918668022,False,False,False,False,pachytene,4,off_axis,89.63507003665862,13.12
159,2.9275538376587686,245.08038834897624,11.892189177250309,4.248203958,1.0047058168076477,0.5350635008282717,0.1520644511581067,0.3040380047505938,0.9069767441860463,0.3388105708569414,0.176034501075346,1.420509670164132,227.98811020985102,0.0600944808376353,0.5001494838872105,False,False,False,False,pachytene,4,off_axis,88.78429603248102,13.12
266,5.513737944013054,241.05810666902195,22.399222018348173,19.943804556,1.682311705486443,0.6689014349564808,0.0212100139082058,0.6920071047957371,0.9982873046456862,0.111039511465627,0.1349399328071693,1.17896895380683,225.81230447946254,0.0636026553025386,0.0306499944310059,False,True,False,False,mitotic,4,off_axis,84.15827680154798,13.12
103,1.713228720874995,235.82250328102808,17.550666447930716,24.66585567,1.8057981019712128,0.6537327627199239,0.0013713658804168,0.7121669870914584,0.9994695898161244,0.0981543540887795,0.1092537429793431,1.110402642802364,219.82804567273297,0.0814546359746858,0.0019256240534507,False,True,False,False,mitotic,6,off_axis,79.06110097029644,13.12
149,2.8244935124060264,233.7071104029114,31.478912383337903,20.610005508,1.7008388456006824,0.640109264739358,0.0204460966542751,0.7147375079063883,0.9949825479930192,0.166237494741505,0.1765975341130343,1.2014346595478729,220.11345661234523,0.0916786944104516,0.0286064414251406,False,True,False,False,mitotic,6,off_axis,77.36197120497694,13.12
295,6.69182476716095,233.33551917902557,8.239006243531465,20.401231266,1.6950763187579807,0.672415775554789,0.0100764419735928,0.6728676728676729,0.9987379049221708,0.1224145114832124,0.1460705641325025,1.1655798113670215,215.79290604428326,0.1010607155177815,0.0149753694224131,False,True,False,False,mitotic,7,off_axis,77.70544703211434,13.12
101,1.2291390728476776,228.244085235685,24.77758024931812,6.021612125999999,1.1286034913395695,0.4534476042072458,0.0,0.6215253029223093,0.9171597633136096,0.6151198431608607,0.2117366359349485,0.9197282045128335,213.58983388408146,0.1072952983507915,0.0,False,True,False,False,mitotic,8,off_axis,71.38955570140074,13.12
276,5.981076741945936,226.39034086481664,23.245656662740984,21.916603854,1.7360472831458853,0.7301723215241357,0.0140789988267501,0.6747322491074971,0.997611736608666,0.1017029107700985,0.167844443348692,1.248408135559695,211.50245805656635,0.1104180182922996,0.0208660529348836,False,True,False,False,mitotic,8,off_axis,69.49776278388373,13.12
294,6.163795423957044,227.60655232166803,15.506614098250196,20.914956648,1.7091864970639128,0.7160161507402423,0.0163170163170163,0.6769352290679305,1.0,0.109933192798573,0.1703503553273777,1.2135709403301034,211.38409986519375,0.1117843445889702,0.0241042504753123,False,True,False,False,mitotic,8,off_axis,71.02549161533926,13.12
132,2.9553663727576023,222.5871449376712,13.639346123442348,23.145791526,1.7679140310423396,0.6677814938684503,0.0165016501650164,0.7141549725442343,0.9998188733925012,0.0570005111198322,0.0743756183877406,1.1141290880537178,206.12016430701294,0.1255864384250908,0.0231065396159436,False,True,False,False,mitotic,9,off_axis,66.24651193904053,13.12
293,6.542990825688085,220.93239743119037,6.202271449541256,25.5689802,1.8275738383434077,0.7519266055045871,0.0120569967117282,0.6704881656804734,1.0,0.0526010278094193,0.1022206557650681,1.14651088122893,203.22409452334824,0.1410940961524812,0.0179824153935538,False,True,False,False,mitotic,10,off_axis,66.00784804304034,13.12
99,2.3863059191248173,216.86994605391843,31.447969515531152,24.016075164,1.7897998812956952,0.679722602070717,0.0138345864661654,0.7166819152180542,1.0,0.1021527264782754,0.1392176885850601,1.1029709531247105,203.51655731470925,0.1453200341186007,0.0193036634138537,False,True,False,False,mitotic,10,off_axis,60.6742564165326,13.12
325,7.594007422830023,215.49381456504105,21.463183597356824,25.913809566,1.8357528785426165,0.7379379016927672,0.0291750503018108,0.6690846286701209,1.0,0.0848464271277666,0.1448317290114076,1.1551699305103025,200.46153567666295,0.1459558009992931,0.0436044246895934,False,True,False,False,mitotic,10,off_axis,58.59883200779499,13.12
315,7.630674552429848,217.47879494885217,11.57718517423227,29.350374336,1.9135582123928931,0.714593989769821,0.0545406407201483,0.6328759451134136,1.0,0.0468447102097868,0.0710141408952088,1.1808244988688508,200.7354212149703,0.1466959162845916,0.0861790389432077,False,True,False,False,mitotic,10,off_axis,61.508315382289354,13.12
147,3.505891533359456,213.6516032774072,26.35562686305209,24.048916056,1.79061533305972,0.7244440109246977,0.012583012932541,0.6902654867256637,1.0,0.0965635323054528,0.1606391701491694,1.1825468737254106,199.4786606501,0.1529174411762483,0.0182292366843222,False,True,False,False,mitotic,11,off_axis,56.90136440867961,13.12
96,0.9409307438622256,210.64614565775324,14.798737962623798,19.204884486,1.6612730890739378,0.7300598509832661,0.0040558810274898,0.7108597285067874,1.0,0.0840170959346912,0.1477038360292799,1.0723567336515476,194.55057210559926,0.1643299081309268,0.0057055996631143,False,True,False,False,mitotic,12,off_axis,54.257458736403926,13.12
393,8.216578092707735,210.03776981842316,14.460104406554956,31.780600344,1.9649786191401728,0.7192943607912607,0.1930829620199448,0.504338679989482,0.9989468141126908,0.0745639194585704,0.0890937820882028,1.1945031586007748,193.89344791095016,0.1690028025528087,0.3828438501365224,False,False,False,False,pachytene,12,off_axis,53.70282915088142,13.12
176,3.8339547003408048,212.52792868310345,39.82453012627781,11.703086441999998,1.4084364884919496,0.5039085989176187,0.0,0.6472727272727272,0.9745547073791349,0.1722998566222426,0.0714084389508502,1.026036429570378,200.66316872140806,0.1757204275770739,0.0,False,True,False,False,mitotic,13,off_axis,58.344099444047814,13.12
111,2.2787423580786186,204.9980716506586,36.66121469868989,26.8591581,1.857809854034432,0.7264628820960699,0.0101137800252844,0.677522349936143,0.9995799495939512,0.0994440037004125,0.1652177255735838,1.0951677907374302,192.7048639689325,0.1866159091209457,0.0149275961541897,False,True,False,False,mitotic,13,off_axis,50.21637635464721,13.12
305,7.028425014012176,203.08178570742345,24.44581349987953,29.296421442,1.9123849697858424,0.7167907758827768,0.0351882160392799,0.6793893129770993,1.0,0.0559884787733023,0.0828926955198369,1.15139641500733,188.73801518378698,0.186650888718344,0.0517938910241086,False,True,False,False,mitotic,13,off_axis,46.234912788850686,13.12
93,2.032473867595868,202.14957670150972,14.40388322880422,30.295722869999995,1.933886151189225,0.7373596593108789,0.0,0.6936910377358491,0.9997603355302576,0.067110691973783,0.1230287786228732,1.0529880251022516,186.1107190943171,0.1916411813342875,0.0,False,True,False,False,mitotic,14,off_axis,45.921370791628185,13.12
247,5.769298183617219,204.86247370838743,5.111570174571018,33.19041292199999,1.99361525752927,0.690154781256626,0.0908336789713811,0.6199817518248175,0.9992434749716304,0.0256123818921148,0.037707135386964,1.1190851409281055,187.20292464431583,0.192233117347235,0.1465102459935743,False,False,True,False,TZ,14,off_axis,50.92582374312556,13.12
213,5.055233922703868,201.24410724456072,36.62332008292916,29.983734396,1.9272247791776167,0.7034892818025349,0.0448588709677418,0.6240105540897097,0.9995952509444144,0.0833524784366741,0.1148077221733232,1.2391679392801958,188.99919428861955,0.198428445340881,0.0718880004091931,False,True,False,False,mitotic,14,off_axis,46.621534834524205,13.12
202,4.442309767943745,199.1424674890133,28.854130791765275,30.427086438,1.936677259015007,0.7205304140004626,0.072178141796775,0.6427586206896552,1.0,0.0334932736331279,0.0644190440597702,1.2048954442380666,185.60623827301112,0.19990108559249,0.112294319319017,False,True,False,False,mitotic,14,off_axis,42.75868529675297,13.12
323,7.66806643685344,197.49561527420732,6.260086179880908,37.42688799,2.075064987927936,0.690253838921968,0.1639316528506175,0.5269121813031161,0.9997591812161348,0.088315412973887,0.1305239532093123,1.558528964151178,180.13891971512732,0.2167364676023671,0.3111175992272472,False,False,True,False,TZ,16,off_axis,43.623871067495664,13.12
356,7.991456093815798,194.74405305039616,19.374111007958785,33.605615627999995,2.0018940194675645,0.6061007957559681,0.1233493863601056,0.5785929470139997,0.9949304987735078,0.0756427277867912,0.0571877009811995,1.5189585520120503,179.658894822263,0.2178826733811876,0.2131885412649543,False,False,True,False,TZ,16,off_axis,37.95165942638162,13.12
157,3.9245319561008025,191.99155522272363,15.285164157521118,36.33610122,2.054707025069494,0.6899289864428664,0.1708959088555153,0.5346658338538414,0.9995123140697392,0.0673925269003512,0.0996335044105794,1.176813983446488,176.25078232497395,0.22466838779592,0.3196312500907476,False,False,True,False,TZ,16,off_axis,35.772167851954976,13.12
90,2.618639275203371,193.5135760690121,7.938004397253606,40.64998696199999,2.132998747564581,0.7199492180737492,0.1877824267782426,0.5069029466309499,0.999383096853794,0.0460445536128661,0.0754558222738314,1.4098349628927258,176.50045469994208,0.226050596114375,0.3704504541279722,False,False,False,False,pachytene,16,off_axis,39.304135798542326,13.12
355,8.010863530647638,192.9544024983088,38.62025613324455,31.266874962,1.9543332570989915,0.5842148698326957,0.0883368975160387,0.6024900757849152,0.9937978839839474,0.1130506580892615,0.0904049441341304,1.527434030709652,181.1701631896815,0.2271699169992364,0.1466196723671419,False,False,True,False,TZ,16,off_axis,39.60505568261982,13.12
221,5.28807351493295,189.6397688546096,21.2802213652776,35.73792783,2.043369559839007,0.7226124056448966,0.1679464461508171,0.5302886890676763,0.9998845931909984,0.0553907274722153,0.1056440736216382,1.1557269362170224,174.95337805299937,0.230980087406268,0.3167075776141691,False,False,True,False,TZ,17,off_axis,32.75354246655222,13.12
89,1.5736786961582303,188.7372971594864,11.470451402793287,40.30046604,2.126867751646088,0.699592549476135,0.139115929941618,0.4921526835884519,0.9997749521773376,0.0938984469315997,0.1181807603429551,1.3584936421800782,172.3948887824552,0.2353908061086699,0.2826682340270435,False,False,True,False,TZ,17,off_axis,33.60626989770053,13.12
336,7.754611540208605,189.6588434972708,14.224898699455544,41.304459024,2.1443850776061293,0.6359609268514312,0.1465850086539741,0.5563182527301092,0.9924571720787524,0.1113507867343677,0.1401900530814261,1.4465312100692291,173.77167857050142,0.2354010700634886,0.2634912802781757,False,False,True,False,TZ,17,off_axis,33.722744166373225,13.12
87,3.049212706424433,186.96780212322128,18.506156882646845,42.756495606,2.169224484321546,0.6669775607615076,0.2042475091767174,0.4930807248764415,0.9945342481683916,0.0371859336947137,0.034561633301644,1.5988574927903587,171.84835564743315,0.2438775632094927,0.414227323990202,False,False,False,False,pachytene,18,off_axis,30.297520229943704,13.12
230,5.6555147058824495,184.8338645102024,34.97499179316762,39.559200192,2.1137468061004205,0.6674573055028463,0.1990859754355898,0.4798502139800285,0.997709923664122,0.0594646419757981,0.0718698396614393,1.9140196782105732,172.54778531382692,0.2496159827795212,0.4148919175930092,False,False,False,False,pachytene,18,off_axis,30.703999776613063,13.12
322,7.847830824088324,186.34499619651612,10.682632190965831,47.365949376,2.244532401039609,0.6403030903328051,0.1488339388257353,0.4970397907200881,0.99487879822465,0.0871174513585036,0.0814099145020712,1.6102077951255398,169.90342275419604,0.2508524404118188,0.2994406918812509,False,False,True,False,TZ,18,off_axis,31.628302267588868,13.12
146,3.9338156262917687,184.70308128875797,8.532889396445096,45.395495856,2.212965881997529,0.6497002893757751,0.1508204935487912,0.5552441363032896,0.9981127886323268,0.0357331944961332,0.0364963641634153,1.734325332192937,167.91966254749934,0.2529720902599688,0.2716291513728097,False,False,True,False,TZ,18,off_axis,30.99390533694164,13.12
284,6.590261663187192,183.4029349094602,25.819789382980733,48.320681022,2.259512833707842,0.7092091849118889,0.1684020546994308,0.4764607679465776,0.9988881682572036,0.0727072285601728,0.1021416825878868,1.523671247747116,169.57992215683493,0.2558952561141937,0.3534436957426736,False,False,False,False,pachytene,19,off_axis,26.744946188565155,13.12
407,8.901420838972035,182.96665828822375,16.823932901603467,48.538838376,2.262908131972856,0.6676493330755848,0.1346420032716748,0.5291551548640395,0.9989064519335918,0.0963502444892636,0.1221318854081863,1.724200269175571,167.61932077470394,0.2563698937957621,0.2544471163779357,False,False,True,False,TZ,19,off_axis,26.621349248063844,13.12
84,2.229141527662789,181.39050367916025,22.827807027089857,59.486584302,2.421643119987,0.7008162782444103,0.2128034862004565,0.4903123764333729,0.9988619983309308,0.0747921594163058,0.0983541988378407,1.7853631643828385,167.08773775101355,0.2594306627342029,0.4340161424201246,False,False,False,False,pachytene,19,off_axis,24.497798752145044,13.12
85,1.537309684507887,181.9345599434908,16.750020357870692,44.834854914,2.203817969038873,0.6911526186365301,0.0957414215686274,0.5160088090801287,0.9991883940346962,0.1088307517709199,0.1361687442478377,1.4855466858135455,166.58969657432297,0.2615247748381393,0.1855422230858856,False,False,True,False,TZ,19,off_axis,25.62731684048069,13.12
86,2.091804320203313,182.19065329914363,29.652486921400023,51.69156400799999,2.3108780163374405,0.7306679978217463,0.1312939110070258,0.4849199663016006,1.0,0.0837381013772957,0.1494137079682412,1.701037311992212,169.03747011219514,0.2680937022117439,0.2707537740884983,False,False,True,False,TZ,20,off_axis,26.357360573392757,13.12
406,8.81315801572351,181.8958174290817,30.64364706909974,51.023017278,2.3008722663117127,0.698358696151901,0.1438079081299752,0.4872732815119646,0.9992021276595744,0.0727959109839966,0.1130739367196549,1.6863834118016163,168.9155842334294,0.2690832943789595,0.2951278339820981,False,False,True,False,TZ,20,off_axis,26.373857244463775,13.12
140,3.6758282502092983,178.75052949407987,8.359587322091192,58.839149574,2.4128255658731037,0.7037834389825779,0.1946672447431172,0.5082099596231494,0.9991603694374476,0.0904176253311601,0.1513041658266082,1.811117138736095,162.0244264543498,0.2693701634162764,0.3830449227863774,False,False,False,False,pachytene,20,off_axis,25.881151192076977,13.12
314,7.507581770332648,181.0416161159572,5.371827482350778,56.15557954199999,2.375571473159374,0.6954342286645223,0.2040393013100436,0.4288849266218625,0.9976681924173072,0.0099645655695444,0.0053636905432491,1.8198108934957395,163.77372177643753,0.2694898489690628,0.4757436987053177,False,False,False,False,pachytene,20,off_axis,29.445128787714065,13.12
391,8.721550413781133,179.05406726904587,24.73938914034824,55.55740615199999,2.3671064237937065,0.6900861340989698,0.2005228188650474,0.4844686648501362,0.9978804578211108,0.0771284826353101,0.1213024209380297,1.7391792226922922,165.1106373142452,0.2716985374346736,0.4139025563749854,False,False,False,False,pachytene,20,off_axis,22.295733457751666,13.12
174,5.076679529907024,177.56718211278505,34.24193914225551,53.493121512,2.3374183221050875,0.6854060691106824,0.1365988686965941,0.484248675773627,0.9986601161232692,0.0551242226815829,0.0611732472222228,1.962537487332904,165.2623379331523,0.2729493484310985,0.282084134723479,False,False,True,False,TZ,20,off_axis,23.90437404410063,13.12
82,2.43250061835273,175.40368540687749,17.48435594855245,56.90388272399999,2.3860768679428994,0.701541759419573,0.1817359855334539,0.481767955801105,0.9983948635634028,0.1333111984333086,0.1835941172805285,1.7704636288416802,160.27900997556776,0.2826486887907609,0.3772272176783849,False,False,False,False,pachytene,21,off_axis,19.10255247603655,13.12
81,2.288306197381589,175.2120843711807,27.14657206913242,63.249212214,2.471660613849867,0.7120498460853762,0.1069703243616286,0.5625965996908809,0.9999344004198372,0.0840346804640216,0.132990828894304,1.661280921935509,161.73427399973707,0.2834391316268795,0.1901368128076202,False,False,True,False,TZ,21,off_axis,18.96062010927421,13.12
381,8.652620760534088,174.60178536074,10.799551338128612,57.06104985,2.388271610468148,0.6787667009249743,0.2032221882328948,0.5,0.9976680269842592,0.1127828606545025,0.1424789701756736,1.8749656392319127,158.3513531441771,0.2883418563072008,0.4064443764657897,False,False,False,False,pachytene,21,off_axis,21.071505916032343,13.12
283,6.666606311433081,173.10052715985358,31.032492847904575,54.41266648799999,2.3507356838080287,0.6956371788239352,0.1269939408927909,0.4899433427762039,0.9984812689841376,0.0664299123554713,0.0964379422899485,1.597677828552332,160.3147163386052,0.2891687546188681,0.259201278607431,False,False,True,False,TZ,21,off_axis,18.43748791442491,13.12
170,4.081888418997847,170.38410239101623,12.293745490403513,57.687372576,2.396978010610902,0.6603773584905661,0.136654951416167,0.5357998084291188,0.9990763288269376,0.0508034447611163,0.0652345259195882,2.128021597670527,154.4494191659028,0.2988428816196385,0.2550485260844305,False,False,True,False,TZ,22,off_axis,16.749631965236905,13.12
229,5.693972521162074,169.47116514951864,32.72156731890018,55.146895002,2.361261857716936,0.6397124505508529,0.1971563981042654,0.4813459268004723,0.993574942274872,0.0463954146342969,0.0543910791808926,1.8406845584808085,157.02568384596844,0.2992578601570472,0.4095939887032446,False,False,False,False,pachytene,22,off_axis,16.37397868642457,13.12
139,3.6583461503662713,169.9317780738245,19.072371727133543,51.855768468,2.313322357081147,0.6756989052745861,0.188568194680249,0.5310364067512903,0.999091074350118,0.0963754913608931,0.1354855682080682,1.8252735088654155,155.15710570886117,0.3012099199867315,0.3550946644766758,False,False,False,False,pachytene,22,off_axis,13.408872289458879,13.12
371,8.354366915305118,169.98520436691143,27.179869289963666,49.688269596,2.280631338696001,0.6266641488055896,0.2049864280687644,0.5054375316135559,0.9974957313602733,0.0659555510001929,0.072531070159232,1.8011908194798183,156.58928132535976,0.3016314802515607,0.4055623400469825,False,False,False,False,pachytene,22,off_axis,13.990131497293486,13.12
220,5.649435412829413,166.2739041363038,9.3440211379834,58.58345977199999,2.4093254546686507,0.6872747657563867,0.1682641107561235,0.4701664532650448,0.9988635441188408,0.0191395349217345,0.0319046351755119,1.8054595458845928,149.89724909014058,0.3097218389146481,0.3578820002737813,False,False,False,False,pachytene,23,off_axis,15.93482130395418,13.12
76,1.811174423496024,167.35710534629058,21.43989616428945,61.33974892199999,2.4465332823449395,0.6731806187617118,0.1565337544413738,0.5022232623449567,0.997745821997668,0.1495237836096779,0.1745393354069563,2.0077058660699847,153.0228237736008,0.3112729496913874,0.3116816089133226,False,False,True,False,TZ,23,post,10.486911666197225,13.12
275,6.811025831476588,164.65798110918345,32.86791042337294,56.847584052,2.385289708506663,0.5893372947099117,0.1569673867005506,0.5609927652733119,0.9938296997120528,0.1401393188066283,0.1301179196231106,1.9357322859688728,152.30758964357895,0.314662201169424,0.279802871653928,False,False,True,False,TZ,23,off_axis,13.166298229424772,13.12
124,3.1171632124352757,164.9438910760527,30.45744107142777,50.706337248,2.2961021774437835,0.577858993338268,0.1161371561410306,0.5992328767123287,0.9993114528345192,0.0292552601441923,0.036944991926967,1.867288527414517,152.17917771981334,0.3173475619470295,0.193809720151226,False,False,True,False,TZ,23,post,11.50630132697804,13.12
390,8.703795976107859,164.0397859517458,28.964185574503507,59.695358544,2.4244728134689995,0.6109320968248979,0.1518759636799725,0.5535804464195536,0.9980242732147896,0.087971642254021,0.081452310479721,1.6989978906702343,151.03417245717156,0.3194704785553429,0.2743521102710105,False,False,True,False,TZ,23,post,9.814570738886031,13.12
75,2.3817806974630766,163.7085097281427,12.693575145014131,67.13147480399999,2.5212303493886616,0.6484380459850444,0.1903267342668598,0.506410893549349,0.9980767751365488,0.0681517136548144,0.078667878074591,1.875894975927752,147.9392070708104,0.3208189086505969,0.3758345973422722,False,False,False,False,pachytene,24,post,11.717474289837634,13.12
370,8.288721512598677,164.07500035718556,12.729473603292757,60.420203946,2.434246340913742,0.6501921807663936,0.1411686207225241,0.5306326304106548,0.9969032474054236,0.0439433003128086,0.0554366525194968,1.624893970820125,148.30646159255406,0.3224460856417911,0.2660383335515462,False,False,True,False,TZ,24,post,11.905487471756205,13.12
389,8.872802009591455,162.41976800183235,17.189403699474035,51.36080930999999,2.3059386558423816,0.6383192509705412,0.1206973129025094,0.5754514458896325,0.9982246769898412,0.0846188995813416,0.0853174551019502,1.640809206725054,147.43424472637486,0.330944204787651,0.2097436956056554,False,False,True,False,TZ,24,post,7.474988284868967,13.12
74,2.8477140169332147,160.73288974600217,24.257125693320752,62.33905035,2.459747479768719,0.622728127939793,0.1635938933844999,0.545082784759625,0.9993101664223506,0.0541375995945039,0.0606069305347124,1.9888604861594503,146.9745713606827,0.3344349230290742,0.300126692602561,False,False,True,False,TZ,25,post,4.335929240835197,13.12
313,7.731857939978648,158.68065451289283,10.864053008595146,62.219415672,2.458172974211746,0.6065827175388327,0.1554710262220783,0.5588883564925731,0.9954938385138864,0.1255268999687878,0.1250244419188131,2.043596849476128,142.6733695029293,0.335260805581422,0.2781790395451624,False,False,True,False,TZ,25,late,11.503188248490074,13.12
388,8.729546204620194,157.08569637376723,26.37939142326825,56.86165872,2.385486547070728,0.5971534653465347,0.1984732824427481,0.5438812083973374,0.9989502414444678,0.010179296044857,0.0259401838559664,1.9059926603245176,143.74167704181815,0.3430984696290134,0.3649202792418443,False,False,False,False,pachytene,25,post,4.153544549745723,13.12
73,2.2785803237856888,156.3197209838138,21.94124357617234,67.811750424,2.529718024865357,0.6475370139753701,0.1965144704676287,0.524094611836294,0.999100584619997,0.0607596510477893,0.0728803497752612,1.834997491369305,142.23170008841473,0.3464925885599578,0.3749599137817732,False,False,False,False,pachytene,25,late,0.1858084224246282,13.12
72,2.6450081074820546,154.8868618485051,16.43956955061296,60.760341756,2.43880568968094,0.6321519573778087,0.1773441547228458,0.5383081444164568,0.9992256732341048,0.0323940701208552,0.0577973710745796,1.977074091311012,139.8836003821744,0.3513537420798843,0.3294472813802446,False,False,True,False,TZ,26,late,5.363445929503164,13.12
71,2.5370854338020643,153.2059707448919,27.698371524277064,70.729898256,2.5654967846280763,0.6403223666755107,0.1522707730790276,0.5078838174273859,0.99955581877406,0.0242190506493603,0.044401505960775,1.9173743990529843,140.14295861204636,0.3557938137076279,0.2998141855559285,False,False,True,False,TZ,26,late,6.017184549208748,13.12
369,8.635955453420923,151.04269610040905,30.29522976135673,66.35033073,2.5114131324575304,0.6132932649814389,0.2349443939287963,0.4937831413421101,0.9938162544169612,0.0493483997502182,0.0455000325104864,1.8653910310457056,138.45309770685964,0.3610807418488557,0.4758048103671864,False,False,False,False,pachytene,27,late,8.94426500797179,13.12
353,8.339984667615969,151.7349696637853,15.465578425144995,64.25789675399999,2.4847305461408595,0.6065418172525827,0.2737686139747995,0.4786602338096121,0.9918438683367318,0.0684692316813456,0.0551971011918753,1.7962316093721986,136.61194195227168,0.361866112986254,0.5719476878116669,False,False,False,False,pachytene,27,late,5.786924588510353,13.12
265,6.603094484032481,148.30402349564275,13.627503473872698,71.10522273599999,2.570026672704697,0.6714502507257851,0.2475823511634934,0.4542624761522241,0.9978576019424408,0.031991015166269,0.0368333950265528,1.9113468730167409,133.4338927186323,0.3696486289123588,0.5450204764008028,False,False,False,False,pachytene,27,late,7.225721065234765,13.12
123,3.26187495967488,148.68497496935524,29.28590198077171,72.714426444,2.5892699106415797,0.6864636428156655,0.2369474758577373,0.489350756250643,0.9977146588312112,0.0263655548140868,0.0320432407154327,1.9169970552074784,135.35441289703832,0.3712277948132513,0.4842078464805192,False,False,False,False,pachytene,27,late,8.319122776712195,13.12
282,7.164084483168068,148.61660532257525,33.394407987253565,69.193413666,2.546783627586767,0.6630843814625216,0.259684147794994,0.452103038840813,0.9981311205801,0.0498996507052311,0.0615942265889951,2.042709602136221,136.58972530098467,0.3744634543737071,0.5743915114147898,False,False,False,False,pachytene,28,late,12.411059696900882,13.12
70,2.46787902237694,146.73904114915896,18.299068349777627,72.75195889199999,2.589715328547047,0.6878828915973432,0.1839487438880458,0.4956611570247934,0.999811178247734,0.0326369441852649,0.0423045712413818,1.9799794673243512,132.33638228517876,0.3779761426373209,0.3711179326461616,False,False,False,False,pachytene,28,late,2.4227887335174865,13.12
228,5.69172610556337,145.24299937232877,30.323880267474006,65.77561512,2.5041409464054345,0.641583452211127,0.2474165044181518,0.4740298507462686,0.9975247524752476,0.0087948087969209,0.0161982345352257,1.8875676498831573,132.03133415041265,0.3817956403311614,0.5219428777083179,False,False,False,False,pachytene,28,late,9.690889002392026,13.12
212,5.304248309346776,144.2813651465266,15.142803839084667,67.64050863,2.527586837651936,0.6643662216056876,0.2136821579460514,0.483054350072329,0.9978512151748666,0.0638746605153194,0.0758920176609795,2.035942247877054,129.5799394021449,0.3839501135680301,0.4423563475084247,False,False,False,False,pachytene,28,late,5.32178849687498,13.12
69,2.4419401033557997,144.43246325260355,25.58494614594463,75.35108091599999,2.6201950737883384,0.6713156092397734,0.1814234765079857,0.475752983519606,0.9991630182848312,0.0500624146708265,0.0690698899644945,2.2036408397286253,130.75823227798767,0.3845365819830399,0.3813396506014958,False,False,False,False,pachytene,28,late,5.054761627955185,13.12
405,9.430225098968238,145.08978257289303,22.706667379431437,81.18033924599999,2.686091180264893,0.6869130522726616,0.2228518146607373,0.4444854637748038,0.9932432432432432,0.0653509977479698,0.0743402791425024,1.9013988513282951,131.12902005256248,0.3919017486538627,0.5013703097693292,False,False,False,False,pachytene,29,late,2.1257560334210277,13.12
237,5.852203346532524,137.71112050070198,16.756340199897,73.46038384799999,2.598094008249725,0.6942457529697279,0.2418844022169437,0.4550391644908616,0.9987810354782832,0.0158303189103013,0.0092321108570798,2.028099898881371,123.20044393772973,0.4049070360654621,0.5315683156362718,False,False,False,False,pachytene,30,late,3.069311657225617,13.12
67,2.3958554428708867,136.8648059342516,21.187508138403476,74.710683522,2.612751065279408,0.6558761656566925,0.2231358094698043,0.4716240875912408,0.9967764060356652,0.0552916716742413,0.065937696386802,2.205392843864095,122.79444590723905,0.4107423263808457,0.4731221651748996,False,False,False,False,pachytene,30,late,1.423645413999476,13.12
423,9.329341205717697,138.07135364822702,22.75520983219326,75.48713604,2.621771147700701,0.6587010565568676,0.2673115410273515,0.4617135573158518,0.9961564859299932,0.0427375877645266,0.0473693618509043,2.0230386728869263,124.14945853784384,0.414173869423074,0.578955364839953,False,False,False,False,pachytene,30,late,2.8649596606896965,13.12
387,8.911386793701649,134.65921969035426,27.613680359269683,70.908177384,2.567650474452645,0.6832407039830621,0.2317875481386393,0.4573368146214099,0.9964608997481794,0.0274414127787784,0.0471928046147372,2.093133022675479,121.23216727069094,0.418069971930034,0.5068202268617199,False,False,False,False,pachytene,31,late,8.035724175878148,13.12
66,2.1739771249457127,133.8552681249809,24.598906429024424,70.34753644199999,2.5608654523516026,0.6491380172730001,0.2502493943280603,0.4712982322752328,0.9987856709168184,0.0448143277354251,0.0460815095208362,2.4128687206483987,120.13534498925202,0.4183797122290545,0.530978852010456,False,False,False,False,pachytene,31,late,5.114734471532743,13.12
145,4.167342240206428,133.33087386193375,17.752590250113112,67.24641792599999,2.522668486751848,0.6824571807304567,0.218492445054945,0.4650115346589036,0.9981339266489628,0.0453928906506353,0.0705201482667472,2.270247314416208,118.9395436359622,0.4199844385392007,0.4698645705965425,False,False,False,False,pachytene,31,late,1.6467072155787978,13.12
303,7.506394778668214,132.2544686821538,32.30946703865355,69.36700123799999,2.5489115796685087,0.6872611680362517,0.2408471515350517,0.4280925605536332,0.9981518339493888,0.0366719029918834,0.0507058962293421,2.435126224875908,119.30135137926311,0.4240393572853304,0.5626053188674308,False,False,False,False,pachytene,31,late,12.945427827131438,13.12
136,3.690552938259446,131.89283525202637,28.80364922248464,66.223658718,2.50981390195523,0.6823350217845631,0.2791576239852101,0.4528322925958965,0.9991908789996322,0.0355224297584075,0.0468439960400359,2.42854660656733,118.59636031472238,0.4339269809150684,0.6164702220879992,False,False,False,False,pachytene,32,late,9.492237288387475,13.12
211,5.333199337071759,128.15748228075844,16.303272495503343,66.523918302,2.5136013681111007,0.6785852815684614,0.2561005468048641,0.4514536478332419,0.9975360262823864,0.0186071015032181,0.0142958780022784,2.3010630215394325,113.64860806582111,0.4354125248944854,0.5672798260331317,False,False,False,False,pachytene,32,late,2.5797148246681556,13.12
412,9.185858314289105,128.28292958731132,18.56908611708571,69.80097016799999,2.5542159734935552,0.6289487834386343,0.2586450010071845,0.4819309845122724,0.9967894694598284,0.0832573020668389,0.0781114501306326,1.9852950803765312,113.99649366659395,0.437274765068693,0.5366847314640716,False,False,False,False,pachytene,32,late,0.33725545976441246,13.12
189,4.4862730701196725,126.74243855421489,23.89944216867473,70.286546214,2.560125161433433,0.6776691252544805,0.2309284917980569,0.4716297370055912,0.998706603131382,0.0730269030258151,0.0970252176251949,2.3951189926675167,112.98820725752289,0.4423035814047432,0.4896393795358142,False,False,False,False,pachytene,33,late,5.11885733022122,13.12
411,9.32890558884226,127.76249727835965,23.176995541788813,69.296627898,2.5480493247467675,0.6782776480146238,0.2641114982578397,0.4566498316498316,0.9956993795826284,0.0686483210906128,0.0807361643722221,2.0585637399339785,113.93219356918084,0.4442209433905887,0.5783676680743108,False,False,False,False,pachytene,33,late,4.299504675496104,13.12
302,7.354711549108517,124.68490298969915,26.625203033994996,63.554163354,2.4756265530847474,0.6669619458900823,0.2205425017277125,0.4497395544719051,0.9975300772846784,0.0152567475830344,0.0269742901704646,2.410314909821921,111.20899023814866,0.4503745321115907,0.4903782634522302,False,False,False,False,pachytene,33,late,8.033923657447351,13.12
264,6.697209599545821,123.07697519880767,16.87428420903078,66.07587470399999,2.507945553446901,0.6701576256745243,0.2544535387578238,0.4570013992035303,0.9989325200152496,0.0799227089683869,0.1048626189177137,2.378667887243278,108.64898789020677,0.4522643686902447,0.5567894085254219,False,False,False,False,pachytene,33,late,1.5113493973318914,13.12
312,7.601970902314575,121.0484072457507,22.52995877230613,65.46128086799999,2.500145572691468,0.7323514656346306,0.2120476843548897,0.4238853929575579,0.9986916988290704,0.0680748635003129,0.1216951571414352,2.091797676903944,105.91222829173661,0.463430403166418,0.5002476798631306,False,False,False,False,pachytene,34,late,3.8119367640160102,13.12
386,8.868518024032527,117.39874714285833,18.70767548731679,70.27950888,2.5600397156967225,0.7265687583444593,0.3041114509004416,0.3961181640625,0.998470460773692,0.0092683772705389,0.0101606742972261,2.219999717857022,103.1509138543257,0.4719563078020254,0.7677291235058299,False,False,False,False,pachytene,35,late,0.6941714187842196,13.12
344,8.326241404202154,116.5198510884846,31.49589561566803,61.74322273799999,2.45188574251155,0.7534668135709129,0.2882527147087858,0.3724764986900909,0.9981402397024384,0.0405839567164792,0.0827488595927987,2.786364295034934,99.59437712854691,0.4808116078145606,0.7738816159475842,False,False,False,False,pachytene,35,late,11.620944449275981,13.12
274,6.721680569373942,113.92098300298154,15.162774933037594,61.304562252,2.446065386586447,0.6765898829111503,0.1742061553492916,0.4391859914813062,0.9951777686963628,0.0445553256938809,0.0455479764801585,2.1620186664314525,100.4991196937793,0.481929605857378,0.396656903289928,False,False,False,False,pachytene,36,late,4.892879682337903,13.12
404,9.222790922259396,113.5986617300104,22.71782437745644,68.013487332,2.532224140432818,0.7128026488238945,0.2395433789954337,0.4125135102678035,0.996266123557366,0.0336482149245281,0.0540961423878489,2.2202791035305407,98.5904663470912,0.4877188118207489,0.5806922028806337,False,False,False,False,pachytene,36,late,2.4242034463958078,13.12
436,9.790775947050204,111.15904145543,16.970160847062992,66.62947831199999,2.514930191243005,0.6667370792846078,0.1947256486601446,0.4490809211916332,0.9928543987706492,0.0501778001222093,0.0499774282441845,2.1341918483968736,97.41808712136731,0.4927926875469262,0.433609266106076,False,False,False,False,pachytene,36,late,3.708733052040298,13.12
65,1.676673463959611,110.75488321659776,21.993109637378783,52.916060124,2.328982886421497,0.6395957088394362,0.1873250699720111,0.4564575645756457,0.995126503525508,0.1152728694462445,0.1243591401954363,2.567033811840399,95.963533131945,0.5012953149236532,0.4103887951690786,False,False,False,False,pachytene,37,late,1.1159566917677393,13.12
155,4.028349799320604,109.26374127044993,19.05139605588209,60.783799536,2.4391194996707224,0.6588453226304415,0.2471469936978367,0.4841628959276018,0.9985906151550324,0.0947760144200418,0.1222399030080467,2.296662320317056,95.12643462546981,0.5021236102501986,0.5104624823104853,False,False,False,False,pachytene,37,mid,2.074098039671938,13.12
188,4.827558805949114,108.9349759115331,23.989403874687703,66.71627209799999,2.516021728137976,0.6777539467669913,0.2016550522648084,0.4451718494271686,0.9969656601539372,0.0695091260452912,0.0840588687149829,2.578034098058147,93.76349383906314,0.5062372183601793,0.4529824887271982,False,False,False,False,pachytene,37,mid,2.6834643921368384,13.12
273,6.895952660926557,106.55063231422788,20.469607874673915,61.841745414,2.453189194452344,0.6268254750976747,0.2218618998655382,0.4593413295385241,0.9938125568698816,0.1290646241000167,0.1144445060533948,2.273421348080477,92.17522432583672,0.5108596527911068,0.4830000820706275,False,False,False,False,pachytene,38,mid,1.2600693309443955,13.12
64,2.796140795832533,104.6535486136335,20.587626963019964,68.44276470599999,2.5375404758653186,0.6698769578777805,0.1840745446844557,0.4448712624584717,0.9988955971138272,0.0564519619310451,0.0687536911909636,2.69232186432958,90.29592892151324,0.518089691699861,0.4137703650876727,False,False,False,False,pachytene,38,mid,1.544856717539278,13.12
272,6.794807791760187,102.68609466298516,23.721833359765263,68.03929088999999,2.532544332469437,0.6715393897603861,0.2224761282951114,0.4448409782722788,0.9971559833734412,0.0859228413341021,0.1163142711053058,2.311519930501667,87.71164319043999,0.5269490214070788,0.5001250765142818,False,False,False,False,pachytene,39,mid,1.1038395741280187,13.12
403,9.15356349687056,100.96242901272063,26.76133888552496,58.09319217,2.4025856416418097,0.6849182313749242,0.2418383210260396,0.4207356145072408,0.997961610327841,0.0445574097457472,0.0572601428443577,2.021630397940786,85.38563604773726,0.5364441275264158,0.5747987873792834,False,False,False,False,pachytene,40,mid,3.711387826245611,13.12
245,6.113395440750461,98.53464044039907,23.44519200719825,66.47465696399999,2.512980769553965,0.6718187592631801,0.2226680040120361,0.4705376344086021,0.9991861497484464,0.0418116342709502,0.0414849698593899,2.290381130043755,83.71194338028687,0.5382049907565428,0.4732203924387422,False,False,False,False,pachytene,40,mid,0.04224245995119741,13.12
258,6.295116981661983,99.04329851753334,30.09292753460189,66.774916548,2.516758717250795,0.6757886601559755,0.2081510081510081,0.4586629103911583,0.9968824228028504,0.0365116384866333,0.0517593083109626,2.5421233799017573,82.80695278604666,0.5503763982527649,0.453821321574688,False,False,False,False,pachytene,41,mid,6.563218364705569,13.12
63,2.7160387318631023,93.8311121595164,23.18356352447847,77.764886478,2.6478800714078474,0.7117130704956109,0.1921386306001691,0.4633253112901538,0.9983527406986652,0.03424206994135,0.0517202898633308,2.6585221825282725,79.16942383131064,0.5535356511831334,0.4146948718712322,False,False,False,False,pachytene,41,mid,1.2900981804582567,13.12
343,8.452142588647932,94.46889518544386,21.35407726475388,74.88661687199999,2.61480034693249,0.7141022428267134,0.196000704721635,0.4514079105949381,0.9990481289785236,0.0721008627201519,0.1099997622608453,2.387849288629494,80.17875042160493,0.5545603803177434,0.434198648542321,False,False,False,False,pachytene,41,mid,2.9438959301263243,13.12
281,6.823142050800106,95.15893588376773,29.01893236124027,67.32617437799999,2.523665415181881,0.6565973311034459,0.2169698895686025,0.4544439935064935,0.9975484562935724,0.1135571123234129,0.1266879658349287,1.9663839006414727,79.23652089533606,0.5562627603591336,0.4774403285528347,False,False,False,False,pachytene,41,mid,4.694059511960506,13.12
422,9.488317950649806,92.1713903710668,28.42160819739988,62.26867700999999,2.458821544247476,0.6754944433980035,0.2561954926172178,0.4481077315997214,0.9982632035999052,0.0401261666610663,0.0616999349777397,2.044481549727792,76.44218481026155,0.5649567491073848,0.5717274542499261,False,False,False,False,pachytene,42,mid,3.480012482057011,13.12
62,1.795783421178616,92.98746735100136,30.031345306106417,63.643302918,2.476783430769729,0.6851572002506359,0.1524111926969636,0.4491922266448138,0.9988671550487124,0.0514632833762152,0.0594473623411911,2.43837134737213,76.90035979677762,0.5688834990912931,0.339300601516149,False,False,False,False,pachytene,42,mid,5.22566733856702,13.12
219,5.661635310622517,91.61718734486614,31.872227565740435,65.210282622,2.496946043101541,0.6616784776430806,0.2014095270442387,0.4580542264752791,0.9973978867686484,0.080701118777769,0.0735975757042184,2.300515359495882,73.6296920960693,0.5712124875402251,0.4397067320917051,False,False,False,False,pachytene,42,mid,6.481069450103945,13.12
197,4.984882741188226,88.12921244909683,22.450300277347736,66.817140552,2.517289082267321,0.7147170341244207,0.2111445490729055,0.4219788333743539,0.999797434166104,0.019512846488656,0.0205061223243311,2.339232093585394,74.5366127476587,0.5732189311209192,0.5003676307280346,False,False,False,False,pachytene,42,mid,3.5247377453699187,13.12
335,7.932342865653813,88.36292815013576,27.49769906166236,62.998213968,2.4683867657746035,0.7129505510872803,0.1994807892004153,0.4458425217278505,0.999218083593972,0.0494179087441967,0.0712877581171835,1.918477520279648,72.57512522318194,0.578385548802745,0.4474243246860639,False,False,False,False,pachytene,43,mid,1.1318086366749196,13.12
60,2.146387463597145,86.32664188739211,25.48738597975403,67.661620632,2.527849781010272,0.7175149077797809,0.2014113496030579,0.4445262641138929,0.9993478119089544,0.0567958519410473,0.0805458124675943,2.375023554554424,71.60236170821112,0.5786025535465031,0.453092124949121,False,False,False,False,pachytene,43,mid,1.559204476461441,13.12
61,2.931802374761125,87.6237286757109,31.760770725900382,74.87488798199999,2.614663828071521,0.7676305648673204,0.195640386075263,0.4290144263179183,0.999531883907209,0.0238858741622022,0.0476550698115664,2.454444781737025,70.07303319516026,0.5846485705573022,0.4560228609428742,False,False,False,False,pachytene,43,mid,4.6616431031520085,13.12
311,7.903775397118491,83.93984135574449,24.121242523088103,63.50021045999999,2.474925812047005,0.6819726634650904,0.1779814761768356,0.4740387966082007,0.996865905529438,0.0822920919365144,0.1172894772510385,2.1888111058805317,70.03595557235317,0.5892760576604932,0.3754576153899481,False,False,False,False,pachytene,44,mid,3.8196328738257694,13.12
186,4.601715014098454,81.52099796825051,23.66853015180117,60.72984664199999,2.438397615921944,0.6791301324887018,0.2241524236480807,0.4475743348982786,0.9996777052614616,0.077240081661309,0.0990092487398973,2.64495995173123,68.04747726354512,0.5946542097510845,0.500816079409523,False,False,False,False,pachytene,44,mid,5.26935899959553,13.12
271,6.694333163377384,85.13546301624142,35.27377699395335,64.410372324,2.4866943070562684,0.7345764440235997,0.2474961280330407,0.395993413830955,0.9980187196829952,0.0071227558280623,0.0177965509476829,2.4541521670072246,66.31500992904832,0.5947563120383202,0.6250006171534308,False,False,False,False,pachytene,44,mid,6.761628856159813,13.12
58,2.9576230313493754,82.26722265920611,29.734464827770037,78.79233724199999,2.6594905899181702,0.7398553097740332,0.1751935057579762,0.4450675211718928,0.9994260969374446,0.0154207466656016,0.0320072444296086,2.281327979312973,66.11021041013692,0.5974910722645489,0.3936335441792739,False,False,False,False,pachytene,44,mid,0.5271409720424521,13.12
59,3.05457840236692,81.90386156804908,36.74083908284071,63.42983712,2.474011205233474,0.7332470414201183,0.2206374932468935,0.4343546374601414,0.9983848172824552,0.0657930697409259,0.1173614034477581,2.7964054703317225,62.76661996177883,0.6067981562309859,0.5079662428311021,False,False,False,False,pachytene,45,mid,6.694937531457535,13.12
57,2.695812406913602,77.22060834401314,26.4202146964094,67.724956638,2.5286382830552783,0.6893422465449759,0.2274763135228251,0.4376184635968335,0.9994365006691556,0.0720282390378686,0.0859469232325301,2.522170398894691,62.98144950070114,0.6078077376965418,0.5198051098054061,False,False,False,False,pachytene,45,mid,4.636522954969182,13.12
301,7.3639380530971135,78.25795138274243,26.767499081859366,63.61749936,2.476448656273276,0.6901548672566371,0.2217282578494026,0.4296084731643461,0.9993946731234868,0.0806708306535801,0.0897724813147406,2.0471267685875163,63.76831601867372,0.6093119954639182,0.5161170500577646,False,False,False,False,pachytene,45,mid,3.8765702542889495,13.12
368,8.362481729364054,79.8719623355656,30.701158769904808,60.98553644399999,2.4418149385910253,0.6981690899299946,0.188353330575093,0.4521473174461577,0.9979564032697548,0.0411703975035859,0.0546392628385883,2.2215119388113016,63.53209333763749,0.6139564195514594,0.4165751367031441,False,False,False,False,pachytene,45,mid,0.36876939550951754,13.12
334,7.916948677947528,79.90992547702027,38.37297435497568,58.64210422199999,2.41012913114448,0.7002280091203648,0.2067322959669736,0.4576994929276755,0.9976290207855844,0.0469988303662225,0.0698417931333946,2.338590488528733,60.26433960778261,0.6144933856282767,0.4516769171943149,False,False,False,False,pachytene,45,mid,7.309949492039575,13.12
56,2.3592134013110377,76.74993256637832,33.89336090842847,70.856570268,2.5670274095229533,0.7294577236310666,0.1155844155844155,0.4685511502692119,0.9995867280670682,0.0476936233872502,0.0729242516103675,2.5408719565718543,59.340090206850135,0.6195778761531024,0.2466847333914452,False,False,False,False,pachytene,46,mid,1.9064085353455398,13.12
367,8.926380576425116,73.9830218897257,27.773776111040377,55.26418390199999,2.362934685017267,0.7259645995161085,0.2146940761464542,0.4507434944237918,0.997068842588925,0.0517172660114833,0.0914818244682611,2.132027875261715,59.47650900672223,0.6241577132750609,0.4763109813063602,False,False,False,False,pachytene,46,mid,4.808239831921293,13.12
218,5.4555104293991645,71.73729482275758,27.19446265920165,59.491275858,2.421706781263334,0.7102637908599818,0.2892242213194042,0.4088187261839956,0.9996091918086604,0.0449253912208301,0.0620354508083337,2.389881842777078,57.69878162681515,0.6275129400538445,0.7074632417626439,False,False,False,False,pachytene,46,mid,6.297729508798339,13.12
154,4.345651921063735,74.7286753266419,40.30148547667931,60.504651954,2.43537991071905,0.7224828441825302,0.2435802599598435,0.4467728415758591,0.9990654877435124,0.0138937274718983,0.0265380382670561,2.6561460101307657,54.75751879241412,0.6326379749269414,0.5451993435874172,False,False,False,False,pachytene,47,mid,6.820630807791173,13.12
55,2.8182382280171177,71.58758447551247,33.38567923653983,59.730545214,2.424949078128536,0.6963044417389939,0.2082522780792464,0.4766584766584766,0.9993872549019608,0.0212891615450305,0.0427661754533749,2.347945285511204,54.898890992249044,0.636162819642703,0.4369003978260478,False,False,False,False,pachytene,47,mid,0.773764598514394,13.12
402,9.112034961900404,73.47539714253821,35.747705423576264,62.80116861599999,2.4658105439295825,0.6676004781114597,0.2084148727984344,0.4749971906955837,0.9934386391251518,0.0644234602515677,0.0812013926632856,2.1427938694692505,55.5862566336055,0.6369509894924384,0.4387707482927059,False,False,False,False,pachytene,47,mid,2.170812255485405,13.12
333,7.934140511735741,70.48710231574024,41.44784984130562,59.86660033799999,2.426788876949729,0.6987970690803652,0.2539790372670807,0.4602575777286327,0.998366521468575,0.0614864013085307,0.0791148105171468,2.2349545404987303,50.43552558241036,0.6460606964121443,0.5518193497659835,False,False,False,False,pachytene,48,mid,6.029765739669013,13.12
54,2.9728676416004784,70.34556918194716,39.45245754583985,63.199950876,2.47101876694844,0.7290847004676713,0.2363465160075329,0.4466365255514454,0.9998644435407348,0.0306360840490232,0.0527488518065678,2.3556445685070577,51.166608326932,0.6466573382961252,0.5291696994904856,False,False,False,False,pachytene,48,mid,4.167739944619937,13.12
291,6.989300278596253,68.34281841563505,32.52345156862044,58.09788372599999,2.4026503168142344,0.6518351031614649,0.232487761459724,0.449379566276238,0.997046880767811,0.0258632176492964,0.0321707557618693,2.18529441504963,52.34116610495727,0.64821983487061,0.5173527656947614,False,False,False,False,pachytene,48,mid,2.9486178661134725,13.12
184,4.628513558201269,64.07398580109165,31.39447423115085,56.74906137599999,2.383910928021124,0.7237103174603174,0.2018151421065201,0.4314781567923399,0.9993081712660464,0.0635276720860933,0.0883035112613075,2.139721882479017,48.973895615279,0.6554686257010415,0.4677296844105343,False,False,False,False,pachytene,49,mid,5.805016152216318,13.12
53,2.3347708082026526,66.11713367008237,36.18247559936649,62.22879878399999,2.4582965377474038,0.6989218938480096,0.2319453793634003,0.457117816451734,0.999851488824534,0.0564325497509724,0.0731887674956071,2.2077375904230667,48.75730986043934,0.6557905362682166,0.5074083114148119,False,False,False,False,pachytene,49,mid,0.603814278860821,13.12
185,4.867575568063676,66.9399342464026,42.94851090681572,56.26348533,2.377092093194795,0.6821346675005211,0.1847733105218135,0.4649790136411332,0.99948713565262,0.0262182287201052,0.0421287069996552,2.383300459402128,47.75244954306585,0.658889666806347,0.3973798926426817,False,False,False,False,pachytene,49,mid,5.9722328493681305,13.12
421,9.367018013057397,65.40632955635847,36.47340910878616,59.643751428,2.4237739533126708,0.6745064107606387,0.2524613856020233,0.4463508941517641,0.9984802431610942,0.0761477398856052,0.0866650302865902,1.9611249697259336,47.990493529973484,0.6627658983398226,0.5656119185821183,False,False,False,False,pachytene,49,mid,0.6471445260437864,13.12
52,2.044871953994485,62.7779896115183,40.63638146952894,56.69980003799999,2.383220939291405,0.6829671920896943,0.1762872191766097,0.4808821610335377,1.0,0.0543909772145572,0.061012033425366,2.307389283603336,44.92739777235572,0.6712301530389638,0.3665913054410747,False,False,False,False,pachytene,50,early,3.3691587297402785,13.12
51,3.125388212006486,61.16370478140495,35.618576727756164,68.733641178,2.541130179116735,0.7572096515477287,0.1924168464070836,0.4288726454877706,0.9991908449890186,0.0768733242528131,0.1485531467563804,2.0765427655070554,43.509297893616036,0.6718665545304778,0.4486573075516202,False,False,False,False,pachytene,50,early,1.7075796595417634,13.12
352,8.15635558959979,60.21309016979243,32.50421325162891,55.12343722199999,2.360927007696462,0.6649644665730456,0.2676960282764393,0.4168677759430966,0.9978825794032724,0.0295458658462845,0.0361444002558354,1.8662312074946747,42.68040918671442,0.6724957838310209,0.6421605212127992,False,False,False,False,pachytene,50,early,4.85652734294611,13.12
366,8.308781756351006,61.87282013902775,43.221443533706285,46.906176888,2.237246355228374,0.6563312662532507,0.2574824419232847,0.4522700814901048,0.998407643312102,0.051107426813049,0.0575351350346165,2.314825228593856,43.92246967720371,0.6740963649454108,0.5693112422447917,False,False,False,False,pachytene,50,early,5.917098519678766,13.12
130,3.65782299248062,56.73824762957936,31.27867218625612,58.33715308199999,2.405944144202409,0.6801640596726849,0.1833675564681725,0.476866985164697,0.9985120277754816,0.0800277047448204,0.0968345819163247,2.233918915354878,39.25580880801056,0.6790380591267414,0.3845255850640242,False,False,False,False,pachytene,50,early,6.216157376584249,13.12
153,3.910448373466639,60.20450623538403,44.58085510522277,57.18303030599999,2.389972216623525,0.7106698937523075,0.2539665749947112,0.4310222600311924,0.9983273596176822,0.023516855765859,0.0285130126306342,2.468269823556761,42.20259586869484,0.6811711608251586,0.5892191623150322,False,False,False,False,pachytene,50,early,7.210661500236378,13.12
342,7.983623378756107,58.04541284682372,38.27574658512713,57.152535192,2.389547291988402,0.6395912001313413,0.2237446958981612,0.4693087347682496,0.99620548744892,0.0106183658618984,0.0056169204337981,1.909716442232099,40.290116804389946,0.6865024856598246,0.4767537429463125,False,False,False,False,pachytene,51,early,0.8264229756116198,13.12
50,1.848485124192547,56.45669836229716,40.60936658174785,51.56489199599999,2.308988842805115,0.6662724046947502,0.1901975935533723,0.4755997818974918,0.9973474801061007,0.0983395305073036,0.0983612634209426,2.237012148425183,38.611929604072174,0.6913721329109539,0.3999110192913555,False,False,False,False,pachytene,51,early,3.0965515452442234,13.12
226,5.74426002766258,53.24288852993331,33.47591839063427,47.48792983199999,2.246457513892901,0.6358921161825726,0.2191737288135593,0.4794464794464794,0.999537251272559,0.0379300022360902,0.0344357005998639,1.850885865921077,35.67771554529213,0.6937705455913543,0.4571390931196225,False,False,False,False,pachytene,51,early,4.156381971006825,13.12
473,10.090896338897322,56.45621728152774,46.775360948239,33.446102724,1.9987215882996967,0.5732921868424744,0.1097453906935909,0.5673898750821827,0.998130491680688,0.038648802391807,0.0451112107824893,1.63453049868315,38.371870223978256,0.6954952829433685,0.1934214823232349,False,False,False,True,post,52,early,9.257871067316438,13.12
195,4.905965292841692,55.55012792841589,44.49036728579205,51.90737558399999,2.314089512576873,0.6045733911785973,0.1638795986622073,0.5250285714285714,0.9982176673721732,0.0918482204570128,0.0933622200345511,2.089720985386507,37.5552481299607,0.6963324670191913,0.3121346295808259,False,False,False,False,pachytene,52,early,6.9393969335793875,13.12
479,10.245634359988747,54.88065012715389,42.59378714325995,33.206833368,1.9939439734819628,0.6053970048036168,0.0303766707168894,0.6262083780880774,0.9966416120262274,0.1825989677311519,0.1678196864657299,1.3666410870482657,36.95996717309293,0.6972899261720661,0.0485088858274855,False,False,False,True,post,52,early,5.01823651710703,13.12
454,9.718571611416989,53.97699445795324,37.9007999616043,36.655127028,2.060702856924587,0.6742608473057724,0.0780655678319145,0.6237721021611002,0.9993985324191026,0.1060421610872857,0.1368420655037751,1.220764525704117,36.23933910394731,0.6992277736292982,0.1251507843352582,False,False,False,True,post,52,early,0.293681782359829,13.12
472,10.281628066670573,51.92565497222052,35.20047471752181,37.577017782,2.077835843088415,0.5446032836007242,0.1129620622568093,0.6216586703221384,0.9987928953267804,0.1096525909587627,0.0805010318071169,1.3211534097314137,34.29446933262317,0.7010647830353183,0.1817107484373593,False,False,False,True,post,52,early,2.4843088011636176,13.12
46,1.7681554103123265,51.19168758170046,37.10082137799616,51.68218089599999,2.3107381834666927,0.6639433551198257,0.168650348079946,0.4859535386277688,0.9997089639115252,0.1168338879444333,0.1234698203515472,2.1515185124438707,33.48721853950292,0.7053455147136244,0.3470503549705171,False,False,False,False,pachytene,52,early,0.6139153352507418,13.12
420,9.267164374591042,55.902041512771135,49.79243921414575,35.82003005999999,2.044933135757254,0.5065487884741322,0.1966950959488272,0.5319177173191771,0.985737290085116,0.1756068371282463,0.0841869047015466,1.4754928424948055,37.700884869218626,0.7056109422012334,0.3697848173588856,False,False,False,False,pachytene,52,early,12.251138629527,13.12
289,6.725865149209461,53.77656457354421,48.66819123271261,35.45174291399999,2.037900585036862,0.5675908158539006,0.1851620947630923,0.5337413925019128,0.9950385887541344,0.1549382523964665,0.098677086952957,1.2937342662434386,35.62069541407951,0.7070350994513236,0.3469135003660574,False,False,False,True,post,52,early,11.045154560946505,13.12
332,7.533109044132064,48.69273449435889,30.404823134770485,35.559648702,2.039966102081702,0.6871825318292764,0.0687352710133543,0.6214677351328554,0.9997607941633776,0.1387094742979184,0.1887547472117683,1.2621840536506923,31.25032436975985,0.7076147872087009,0.1106015117561337,False,False,False,True,post,52,early,7.401953599682133,13.12
495,10.618670625102816,52.3106415883229,40.64435766947009,28.444904028,1.8936743115566896,0.6478640936829951,0.040880503144654,0.6234192037470726,0.9995002498750624,0.2138227016567294,0.2368602635584783,1.1961653988358196,34.46764408584953,0.7076316594648623,0.0655746613176832,False,False,False,True,post,52,early,2.9704218790749657,13.12
351,8.997126880062114,52.24524294735895,44.368297430583176,48.660818832,2.2648021455866068,0.7715966062475896,0.0855047288168306,0.5721823554242297,0.9992705521919908,0.2038755722381145,0.4031660217680424,1.059587370007178,34.257601783448635,0.7081617477243395,0.1494361509163201,False,False,False,True,post,52,early,6.689008513515672,13.12
486,10.339064213476156,52.22648405629334,47.11200434994456,38.503600092,2.0947759359377627,0.5069452906055806,0.176368817423163,0.5803781045347831,0.9837000814995924,0.1405555931678305,0.047491382953855,1.2046407732018185,34.13225079206548,0.7090318522910393,0.3038860633182155,False,False,False,True,post,53,early,9.429914692921457,13.12
384,8.534906459813474,48.96536605175665,36.001232696694274,35.98658029799999,2.0480976370595703,0.7011276970210547,0.0944104285996444,0.6174482006543075,0.9995395948434622,0.1281649253196218,0.1931051189728539,1.3226494226270682,31.30530251191463,0.7119161457233595,0.1529042088058529,False,False,False,True,post,53,early,1.7991770242004448,13.12
494,10.500569760978893,49.950169344080535,42.7776045233459,33.760436975999994,2.0049635578983684,0.602348526959422,0.0990239294710327,0.579416390005242,0.9976311336717428,0.1449232627813919,0.1378818460366479,1.1974960739851308,32.026067370743405,0.7130244192586335,0.1709028794821232,False,False,False,True,post,53,early,5.010342098020113,13.12
44,2.067934899300057,50.85384692317671,44.61154040022407,54.626132286,2.3538057219874964,0.6601537338429166,0.1568293202642233,0.5116249684104119,0.9975496869044378,0.076177083712303,0.0954061120823481,2.2325049614757715,32.85780528551542,0.713312067341246,0.3065317956461011,False,False,False,False,pachytene,53,early,6.878005346197564,13.12
209,4.854425546685588,50.16942053106629,40.06311526379717,54.065491344,2.3457254600761788,0.6235248177716071,0.2215144446438184,0.5035150397602858,0.998221385227035,0.0398883487394108,0.0414952119315951,1.7874090175066075,32.35062401228982,0.7136347956888245,0.4399361034960889,False,False,False,False,pachytene,53,early,2.3064216092430896,13.12
485,10.535748792270548,48.72433119858925,32.90353801410191,35.932627403999994,2.047073588070323,0.7085781433607521,0.0799670239076669,0.5707885304659498,1.0,0.1395485578372859,0.2206341602292576,1.299815672586602,31.18481007250497,0.7136393086739238,0.1400992129999314,False,False,False,True,post,53,early,4.903897900390044,13.12
120,3.1244610213952293,47.20171471841821,33.27788050250072,57.23229164399999,2.3906583143283884,0.6630871382900237,0.1457077530658906,0.4991484184914841,0.998176133402814,0.0476648776470667,0.0657296220211946,2.20128205448173,29.648798358104933,0.7147512227357864,0.2919126810142874,False,False,False,False,pachytene,53,early,4.58899909516062,13.12
478,10.033505121842188,53.2899876121384,52.62597913723958,36.868592826,2.064695371749285,0.7379270853216262,0.1022231909328683,0.566399611556203,0.9957960547590816,0.1644580116262205,0.2962484463511061,1.164280110803833,34.98070670746728,0.7166827471843398,0.1804789213255399,False,False,False,True,post,53,off_axis,14.981047940091798,13.12
263,6.211132536315463,50.105414751254266,47.7685349209391,36.495614124,2.0577093087179184,0.6752153233063376,0.0946067013080093,0.5743122897288739,0.9993797295620892,0.0376388872101257,0.0640554556505936,1.1777681674934697,31.98727379492008,0.7169956325589393,0.1647304140969576,False,False,False,True,post,53,early,10.003535708180166,13.12
244,5.755602364612383,54.7594220629197,51.78168350207273,34.522814825999994,2.019943381701153,0.6055581980023103,0.1551448115267064,0.514900947459087,0.997127893225207,0.1417111636254318,0.1240533258276398,1.5528100404508836,36.48183650164101,0.717268070552617,0.3013100136876985,False,False,False,True,post,53,off_axis,14.194484486994286,13.12
462,10.006746868410913,47.11663158253643,28.21272084831894,37.82801602799999,2.0824519290846637,0.6110008681632146,0.1286289762467009,0.5294117647058824,0.9976271689159129,0.1287724285997064,0.1123499695521491,1.4378949734644708,29.76058538844464,0.7192766980458837,0.2429658440215461,False,False,False,True,post,53,early,9.653639765752187,13.12
493,10.677163321933216,46.99735001613128,38.40853175453466,36.352521666,2.055016488877248,0.55294573143189,0.1059491547296425,0.5876154734411085,0.9946730345334313,0.145185942092173,0.1116288775392399,1.1535197040478078,29.245237396607926,0.7198352244088166,0.1803035480144837,False,False,False,True,post,53,early,0.5298372718171173,13.12
256,5.618343233058737,45.396286070129065,28.791849319792128,36.727846146,2.0620646810342,0.6963019735581528,0.1447841726618705,0.5619348054679285,0.9996449704142012,0.1197805592441969,0.1846547739899794,1.503090921183367,28.019037029177838,0.72079795260488,0.2576529719338301,False,False,False,True,post,53,early,9.141792346235256,13.12
194,4.780717879906036,51.344350627307335,51.85630699765216,34.96382109,2.0285081643458214,0.70540087219054,0.1060667752442996,0.5381462081530403,0.9952812616416242,0.1215269960744004,0.1897642895613773,1.4147998869522134,33.0664444194159,0.7212292398688518,0.1970965764273041,False,False,False,True,post,53,off_axis,14.13635961192343,13.12
290,7.086823582835047,55.49598384167078,54.706155294028,30.994764713999995,1.948647321482,0.6967380610005298,0.1039803220035777,0.5784876466184178,1.0,0.154070340670619,0.2142294623557091,1.4366153132855253,37.10421222335526,0.7227803741465196,0.1797451036532942,False,False,False,True,post,54,off_axis,17.14536689347539,13.12
298,7.058623303245328,44.09283799352384,31.712930896438426,34.044276114,2.0105667602428205,0.6820092331013574,0.0614195647752694,0.6225352112676056,1.0,0.1507539543871303,0.2115165059121486,1.2325185136889618,26.603075102616103,0.7229201982616501,0.098660386856202,False,False,False,True,post,54,early,6.273561831029784,13.12
331,7.511025702618184,47.03542752221895,45.58720443790599,39.06189525599999,2.104852014037467,0.6171631035311074,0.1640440597954366,0.5259607843137255,0.994732991953182,0.0832315061591135,0.0939967852311523,1.2480907242074422,29.00436004267036,0.7258471440817721,0.311894089232302,False,False,False,True,post,54,early,7.704568590257664,13.12
39,1.7156605778474825,46.43679651368684,41.7098574356108,46.359610614,2.2285226719393587,0.643424581288266,0.162268188302425,0.4799205335603803,0.9996571428571428,0.1580318706611745,0.1433973593573422,2.166534575205983,28.55683473922298,0.7264362760871769,0.3381147022374895,False,False,False,False,pachytene,54,early,3.8068897985461168,13.12
349,6.993827493261622,46.920118719675806,41.274356037734464,52.21701828,2.3186818003999496,0.7761006289308177,0.0833180062534485,0.5724317817014446,0.9998630980902184,0.1884643138315708,0.3722683985259368,1.0794403430216912,29.056713304931083,0.7266115031390299,0.1455509790281064,False,False,False,True,post,54,early,3.3904966647171695,13.12
468,10.31296343646105,43.66712905267236,32.54979206724733,36.69735103199999,2.061493812551229,0.6260547174635642,0.0626502163114886,0.6897435897435897,0.9998724164327636,0.1775147712543375,0.198169965208398,1.215616366092549,26.145171530581518,0.7271397985738,0.0908311686300392,False,False,False,True,post,54,early,5.453873451066695,13.12
299,6.9057294667439,44.54469613981328,25.87574787785786,36.643398138,2.0604830392392928,0.6436207669163305,0.1504654356783152,0.535117657625292,0.9994330262225372,0.0327894833533274,0.0776706196587351,1.5467475952627268,27.28139478904256,0.7272762475496397,0.281181967244438,False,False,False,True,post,54,early,12.088780122700335,13.12
173,3.986456241033142,54.165211721663184,54.561058321376784,32.70014532,1.9837503868666009,0.5149210903873744,0.1533742331288343,0.5714285714285714,0.991810737033667,0.1173339408025726,0.0766002386121134,1.6759852430292792,35.78008273284624,0.727768474073513,0.2684049079754601,False,False,False,True,post,54,off_axis,16.948672564054377,13.12
463,10.036455161269837,46.89782386427148,49.60081444907059,37.745913798,2.0809442476623947,0.7373065688894413,0.0886157826649417,0.5923823042346819,0.9997944078947368,0.1504573423718239,0.2900637035830397,1.3080340724951098,28.71091215944223,0.7277871841190601,0.1495922177814332,False,False,False,True,post,54,early,11.70980122123307,13.12
288,6.368224175533479,47.32438015332634,50.63101227281897,35.493966918,2.0387093293184795,0.6572599299451457,0.1432347596233273,0.5323949093713845,0.99944382647386,0.0436855904918119,0.0629304239813901,1.6138562615752428,29.09711818007186,0.7285440355576862,0.269038559727119,False,False,False,True,post,54,early,12.755794879635257,13.12
461,9.99353005200115,44.67477812311162,43.384915824162775,38.79447656399999,2.100037721524605,0.6739629943161205,0.0407400818359722,0.6596810089020771,0.9990022172949002,0.147851264792637,0.1970913824545449,1.0971875251688783,26.731062799827125,0.7300133993074943,0.0617572452233798,False,False,False,True,post,54,early,5.412220368584054,13.12
364,8.058095428229537,49.65032130165712,54.50421098023522,35.250006006,2.03402769544508,0.6439741798096759,0.1065464261857047,0.5549532710280374,0.9951752518802328,0.0491239900422849,0.0525797640810954,1.387764963883047,31.270810453962007,0.7311647440092782,0.1919917076771709,False,False,False,True,post,54,off_axis,16.71644285074548,13.12
434,9.142672167565838,43.586704646144334,40.06765235798138,36.95773239,2.066358014696395,0.6919073310060299,0.0886218550506947,0.5751957148743304,0.9997644009895158,0.1182737550035599,0.1817974856623277,1.25091635012761,25.772702672047338,0.732865651129372,0.1540725230716591,False,False,False,True,post,54,early,2.0551849709715446,13.12
469,10.399830486373398,43.27156932455342,26.164292886948555,35.979542964,2.04796412352353,0.6454557308645195,0.0968277694735093,0.5961750643618977,0.9963651050080776,0.1365354280287257,0.1485141867447944,1.253998225453695,25.998017987889288,0.7332082018809579,0.1624149939534065,False,False,False,True,post,54,early,11.84992012967834,13.12
225,5.560552911851162,42.59239971447868,35.82738732834748,51.75959157,2.311891298933595,0.663856786766372,0.2286813643926788,0.4527436969124983,0.9976078939499652,0.0821764353645657,0.1001594831194665,1.8418163475020672,24.943903350545575,0.7332341591970933,0.5051011553604821,False,False,False,False,pachytene,54,early,2.220511639330576,13.12
193,4.315541948931797,48.84518353960354,55.01481274752461,36.012383856,2.0485870378256377,0.706096925482022,0.1254119015313045,0.5195035460992907,0.9996377249124502,0.0833389046671209,0.1421740102412244,1.5657180532433783,30.446441333980534,0.734141803051958,0.2414072097735692,False,False,False,True,post,54,off_axis,17.195375554436367,13.12
234,5.545297546233062,41.20534060588502,29.352947146864764,32.599276866,1.981708561773556,0.6643879974095128,0.0987439613526569,0.6189965694682675,1.0,0.0863081592757837,0.1267431426670058,1.3636562622631443,21.16099524525877,0.7342664004558223,0.1595226310179397,False,False,False,True,post,54,early,8.248524058047522,13.12
129,3.380573204735572,44.32568953238583,46.28200524751984,51.318585306,2.305306574311558,0.6821776294738766,0.2427575691570463,0.4412483819933842,0.9985377266523688,0.0527149559183972,0.0623921798227954,2.222829874623229,26.269671900866907,0.7351762406156818,0.550160814324949,False,False,False,False,pachytene,55,early,8.293558323329904,13.12
435,9.2611161319473,43.94848746046119,46.49821104835021,41.529653712,2.1482751270897964,0.6048350655219159,0.2053611994547932,0.4909948542024013,0.9965387943466976,0.0738544618307767,0.0701661816317585,1.473572094838295,25.884354027432586,0.7358573518288744,0.4182552988022514,False,False,False,False,pachytene,55,early,8.49494473744216,13.12
32,2.065245579567784,42.51666506876114,38.14416959233954,47.76004008,2.2507401477081377,0.6587426326129666,0.1857494433376303,0.4991364421416235,0.9997914276775473,0.0942454608998702,0.1076532118913128,1.8880303254841613,24.77820771372848,0.7365275607425501,0.3721416183131071,False,False,False,False,pachytene,55,early,0.09157848677824358,13.12
183,4.12985687969405,55.015494558593815,57.93842055406045,33.108310692,1.991970049434721,0.6406404987955221,0.2040175768989328,0.4938880126182965,0.9985553772070626,0.0627910810325298,0.0756400574130362,1.559354029165965,36.49849665703821,0.7368159605337603,0.4130846906312924,False,False,False,False,pachytene,55,off_axis,20.35652203066289,13.12
484,10.22815679021111,49.117983068933306,57.52698460553516,32.974601346,1.989284879032559,0.5333997296720495,0.1722614840989399,0.5447476749504497,0.9864406779661016,0.1317741972076986,0.0647250501866324,1.3128287915064631,30.62142485274807,0.737190363524313,0.3162225228673235,False,False,False,True,post,55,off_axis,19.716249965338758,13.12
477,10.357504168983017,41.34490960255573,37.72105856031248,33.760436975999994,2.0049635578983684,0.6471650917176208,0.1162547859380438,0.5661677825915715,0.998217733551166,0.0983229162645196,0.1267743462404379,1.2039770452046317,23.530506232544223,0.7379983583521674,0.2053362793020475,False,False,False,True,post,55,early,0.22168247409688793,13.12
200,4.627584020291625,40.94870385542075,25.629789036145475,36.99291906,2.067013585176513,0.6871908687381103,0.0953603520997615,0.6201094668558687,1.0,0.0839985287079772,0.1250946605999065,1.4477253957614458,19.919275048547483,0.7384617738650733,0.1537798682275658,False,False,False,True,post,55,early,11.767884751722292,13.12
347,8.014422830816553,38.75873912848839,30.85938092526208,36.65981858399999,2.0607907708691013,0.6800614282057844,0.1273996509598604,0.5496,0.9978895096213533,0.0515943999284584,0.091371132506955,1.411384295728969,19.20562134156966,0.7403916098965486,0.2318043139735451,False,False,False,True,post,55,early,6.143360307963604,13.12
270,6.378670677553254,55.71664226471911,60.392887645034975,32.751752436,1.984793418188056,0.560951153129924,0.192464760901067,0.4743882544861337,0.9940577249575552,0.1472480077424528,0.0932330452531686,1.600984635865468,37.10374700123168,0.7410449197698905,0.4057114801662795,False,False,False,False,pachytene,55,off_axis,22.836378644932232,13.12
49,2.5078482742909163,51.30448812507187,57.80211803736246,41.187170124,2.142353408259987,0.6429547784485705,0.1606640781898514,0.5045461796139735,0.9976583842851569,0.0544841228695912,0.0769126357770623,1.5001950401737647,32.795588541827705,0.7415022700291436,0.3184328505128607,False,False,False,True,post,55,off_axis,20.076131916700888,13.12
383,8.583656754032113,40.92625066784173,22.953506760331504,37.232188416,2.0714604770084493,0.7212701612903225,0.0857615209754081,0.5452079566003617,0.9998887405429462,0.1098774079284732,0.1954901800283311,1.4323899169028282,19.18283783277619,0.743023518253452,0.1573005674938663,False,False,False,True,post,55,off_axis,14.340947361278358,13.12
142,3.648601572608742,38.88658260674946,33.127312137952345,47.136063132,2.240895300595379,0.6920473773265652,0.1803973509933775,0.5140594699418228,0.9999040583325338,0.077709879770296,0.1192024233218391,2.1047637635321963,19.934555096415767,0.7432465981317609,0.3509270065850424,False,False,False,False,pachytene,55,early,3.991962733949319,13.12
400,8.645093752070379,52.60874311270107,60.50138994235557,35.404827354,2.037001226776664,0.602530974623998,0.0862147753236862,0.5744290715119187,0.9932464268886446,0.0703020106740179,0.0719593897557453,1.2570816471579669,33.99397889127915,0.7439896265172194,0.1500877647030742,False,False,False,True,post,55,off_axis,22.82404211541234,13.12
287,6.89406346890347,40.40966711654168,41.34153005197748,51.447603096,2.307236847441675,0.6708918475287251,0.2157757496740547,0.4576059850374064,0.9994137762579384,0.0436885218958335,0.0438034660195391,1.7664377118300687,23.596218976078593,0.7459088090302223,0.4715317472441197,False,False,False,False,pachytene,55,early,3.517057175162192,13.12
31,1.467343530826266,40.5362320887041,43.75157235321677,35.118642437999995,2.0314978638296006,0.6982833478057577,0.1057216392793506,0.4854992251494354,1.0,0.1072834146720611,0.1312592518808329,1.9588880428592537,24.074569570399387,0.7463373406322653,0.2177586158799939,False,False,False,False,pachytene,55,early,5.812849357210283,13.12
257,6.425403443749561,50.11160831596127,59.18793604354798,30.380170878,1.9356813586727768,0.6723032970426994,0.024367816091954,0.6213477851083883,0.9954691610640164,0.2409300538221779,0.2933450441412394,1.1502793034882466,31.549763793864614,0.7470299824657683,0.0392176759553481,False,False,False,True,post,55,off_axis,21.41455430242762,13.12
135,3.274896881105783,53.844300738112736,61.57053668861664,32.416306182,1.977994010306121,0.4908459367537449,0.0996801023672424,0.5720579874928937,0.9737798546209762,0.2131024600729968,0.1086705695109086,1.6742292245287091,35.18706199007393,0.7492713267333718,0.174248248510787,False,False,False,True,post,56,off_axis,23.940388894027205,13.12
223,5.394026652380653,38.45029300207754,21.95692026384478,35.029502873999995,2.029777597406322,0.6694569075202572,0.1215518775582843,0.5510534846029174,0.9995981784087864,0.0850121696108314,0.1170270173373375,1.4936484620330637,16.530650476677195,0.7508490159261466,0.220580907216063,False,False,False,True,post,56,off_axis,14.640034699333265,13.12
29,1.5022920096238197,38.54324589717734,40.21496343548175,37.049217732,2.068061633821133,0.6691781689249081,0.0384615384615384,0.548133971291866,0.9991163847513256,0.0728543729702662,0.0983324376562456,1.7377441935283422,21.496709139131518,0.7509097570081105,0.0701681349376879,False,False,False,False,pachytene,56,early,2.929912428052444,13.12
476,10.285305367057092,37.86830093152517,24.853286631708784,38.02506138,2.086061485275175,0.6381863047501541,0.1060813900320073,0.5838022165387894,0.9989373007438896,0.1656472997375107,0.1680172390414169,1.2526148212949215,16.743381993790074,0.7509196041585191,0.1817077548299425,False,False,False,True,post,56,early,11.693443752373303,13.12
341,7.880201375734793,37.00354366463977,36.58518349616199,47.060998236,2.239705115315576,0.6072176253613797,0.2003247412218388,0.5029187817258883,0.9971671388101984,0.0461178055976766,0.0295252665669858,1.6278193823540847,19.043474133953485,0.7526563384656009,0.398324239421673,False,False,False,False,pachytene,56,early,0.1567724250121645,13.12
227,5.119261880687702,55.247171713852026,63.93961552072875,27.839693304,1.8801476047191557,0.5091001011122346,0.1258814703675919,0.5813594232749743,0.9906025428413489,0.0885845849696561,0.0612363083570423,1.690748844922963,36.49682345504668,0.753124442960485,0.2165295088165309,False,False,False,True,post,56,off_axis,26.362187067328566,13.12
443,9.788138423447574,36.40702148903072,28.052724442908737,40.73912652599999,2.134556728943259,0.7072608971037024,0.0974613882478253,0.5651062155782848,0.9987653050725384,0.1460055608351898,0.2210393987943243,1.2998530337199308,16.189714859643495,0.7533494884053517,0.1724656101120585,False,False,False,True,post,56,early,8.219945138387862,13.12
143,3.691876561550447,48.352311722599325,61.14229380781823,34.738626401999994,2.024143714550729,0.6352218245661423,0.0687812446129977,0.5799703813402444,0.9994177583697236,0.109774562918154,0.1111941596176384,1.4687115613909831,29.71585946661068,0.7538201655094536,0.1185944090007704,False,False,False,True,post,56,off_axis,23.299079094691614,13.12
419,9.131031300469475,50.14070118434306,63.14193170037829,30.502151334,1.9382685724100808,0.5032684765054218,0.1512483574244415,0.5426536615575166,0.8808360477741585,0.1065514536683134,0.0552197226817639,1.2559496197368751,31.42520286434831,0.7556042705501812,0.2787198689313746,False,False,False,True,post,56,off_axis,25.366694561080095,13.12
28,2.7131482702799103,36.24772235145974,23.832694484080605,39.12523126199999,2.1059890209284395,0.7091552251334012,0.0689059500959693,0.538857967429396,0.9998922065322842,0.1038042031826635,0.1828308470138866,1.4258961285828422,14.909088323964163,0.7556106545127503,0.1278740489347923,False,False,False,True,post,56,early,12.244125147377492,13.12
254,6.1690733107954365,37.26066189505922,45.073589306720976,50.65238435399999,2.295287517135045,0.6494697355624508,0.2253607614369051,0.4653190646056282,0.9990359897172236,0.026132169231458,0.0244893497907793,2.0796416707963816,21.55839312889447,0.7571211654836685,0.4843144813503505,False,False,False,False,pachytene,56,early,7.954597708203968,13.12
365,7.925731537390137,53.32908130515436,64.9347282861121,30.302760204,1.9340358791358736,0.6381018733550086,0.0835130366594785,0.5854545454545454,0.9944834503510532,0.1102422771178734,0.1398474885397272,1.2879088727350754,34.541516524384605,0.7581132667902615,0.1426464911885502,False,False,False,True,post,56,off_axis,27.28202131254438,13.12
181,4.382179114128679,35.986384791464005,38.96781061105806,36.27745676999999,2.05360103550008,0.6453928225024248,0.1938850507129207,0.4897884755652808,0.9968299711815564,0.1038970344754468,0.1131315516678149,1.5340239472064645,18.699634403623524,0.7587508232644805,0.3958546605024785,False,False,False,False,pachytene,56,early,2.4109694587769375,13.12
25,1.7388840262581198,35.348480153171835,36.30468976477015,42.88082184,2.1713249880212726,0.6219365426695842,0.113292276109828,0.540298075531761,0.9989956057752668,0.1359834365973263,0.1398117061543158,1.927126561056768,17.373618810420123,0.7593626379729866,0.2096847670581204,False,False,False,False,pachytene,56,early,0.014969121533780072,13.12
240,5.787774725274768,33.809146492346905,33.326259404435426,47.81633875199999,2.251624177707802,0.6476157770800628,0.1856009070294785,0.5116246693582068,1.0,0.0580999593373608,0.0556793201035192,1.8333148681673632,15.094705869208173,0.7593784783167992,0.3627677048143521,False,False,False,False,pachytene,56,early,2.4441265124522213,13.12
346,7.808717745137361,33.25804863834888,28.045856403334355,29.54507391,1.91778017061864,0.7213973799126638,0.1663102874792111,0.5275007124536905,0.9997171145685996,0.1359532838303886,0.2216320847333506,1.7499226034342987,13.153302041689662,0.7600797440332272,0.3152797400132642,False,False,False,False,pachytene,56,early,7.385514564125046,13.12
300,7.005972810340987,47.86540595052214,64.01097205259717,31.576517658,1.9607634734226016,0.5044944654929054,0.1901408450704225,0.4998500749625187,0.9488526403096488,0.1334388950029202,0.0720813801160127,1.2848031140616982,29.11785936825355,0.7605924024301233,0.3803957518355483,False,False,False,False,pachytene,56,off_axis,26.146672461960705,13.12
191,4.605949948927407,33.79457112487224,26.137393303116664,36.744266592,2.0623719408788266,0.705949948927477,0.0775085119166834,0.6003039513677811,1.0,0.1486869110884226,0.2313860753850107,1.5538206049695662,13.160608670887239,0.7613036783976851,0.1291154451675384,False,False,False,True,post,56,early,9.367945999662602,13.12
376,8.537861008086459,35.983341709733345,19.89332785310507,38.581010766,2.096178830439006,0.6601811880586126,0.1054737516005122,0.5433887994274468,0.9998745609633718,0.0853878733272893,0.1008220454860406,1.4510367738272067,13.602159108336108,0.7615390308555873,0.1941036541637348,False,False,False,True,post,56,off_axis,15.96977174928447,13.12
114,2.769682476418177,50.42763533280293,64.10328365882881,35.313342012,2.0352451903659494,0.6752358177228643,0.1863870860376102,0.5125792595622827,0.999317964806984,0.0988751081913356,0.1317445774189869,1.3945371517115384,31.674567172200284,0.7617807834400674,0.3636258833351462,False,False,False,False,pachytene,56,off_axis,26.338469347508802,13.12
166,3.845230456217366,53.11160309100791,66.79113296032395,29.976697062,1.9270739909148007,0.5715627200876439,0.1458658346333853,0.5070319634703196,0.9846153846153848,0.1016392673819607,0.0732894919389622,1.4698839340861884,34.25207224749447,0.7651741917778296,0.2876856788968964,False,False,False,True,post,57,off_axis,29.12857407340432,13.12
410,8.84931324767377,49.52229029685412,66.34777733717094,31.766525676,1.9646884997473344,0.5191256830601093,0.1476439790575916,0.5205773955773956,0.956958762886598,0.1562692094723822,0.0849506318504324,1.223227941998987,30.682696372883164,0.7660411279326022,0.2836158087383589,False,False,False,True,post,57,off_axis,28.54609110489772,13.12
163,4.0815690304899,33.43062204522134,21.003051730045,41.083955892,2.1405623462439363,0.7158273381294964,0.1395228215767634,0.5316455696202531,0.999897917517354,0.0918346992360718,0.1553429243443155,1.4643701405528409,11.438566046552008,0.7676500364224987,0.2624357834420074,False,False,False,True,post,57,off_axis,14.218563642965703,13.12
328,7.890155042480403,33.64702120193916,41.4921769260293,48.869593074,2.268036491390091,0.6244419910718572,0.1906485983241956,0.5169989775051125,1.0,0.0473524073174829,0.0553383376040568,1.7495296923405406,17.11947905503175,0.7676841864821495,0.3687601071170598,False,False,False,False,pachytene,57,early,5.46844494853525,13.12
453,9.959024803501656,32.68220994493436,36.28347166188156,49.840745166,2.2829617711707795,0.5156022026639056,0.1357070876721532,0.5334240186552662,0.9734454890318324,0.1584697491549815,0.0722216732476333,1.837658556247769,14.79854052910759,0.7679588106458178,0.2544075312061568,False,False,False,False,pachytene,57,early,0.7066474256155192,13.12
152,3.701713709677477,47.0142870535707,65.46667936347879,32.578164863999994,1.9812806701750152,0.6136232718894009,0.2149231894659838,0.4666418188594856,0.9968295412159642,0.1132305650127484,0.0937255777693086,1.6924516325055396,28.210821920108927,0.7682367203197582,0.4605742151255869,False,False,False,False,pachytene,57,off_axis,27.56821043871874,13.12
24,2.5917911115086247,33.406027412143814,41.71388088169408,52.465670748,2.322356421128408,0.6830009836358759,0.1620375842099042,0.4739069111424541,0.9997288258157824,0.0750377997591429,0.094906824669167,1.893597654683135,16.946454175972264,0.7683026369692461,0.3419185928714943,False,False,False,False,pachytene,57,early,5.746461210476499,13.12
460,9.984131532268677,32.25021502251451,25.36813348342272,34.38441392399999,2.017240469565699,0.6149542911720562,0.1189509834530128,0.5652019844082211,0.9972852123922068,0.1039261448148828,0.09840146405998,1.248537913546283,11.466896054506078,0.7689126732692289,0.2104574766798759,False,False,False,True,post,57,early,9.696783367059316,13.12
430,9.563177633822528,33.16548109444293,21.476478332765108,41.281001244,2.143979051717376,0.6139334015229003,0.1583250743310208,0.5472475713865175,0.9972811310494836,0.0403939575430995,0.0434354230234101,1.2572087006865895,11.30950301207146,0.7695011951352294,0.2893116070481322,False,False,False,True,post,57,off_axis,13.691519806958249,13.12
321,7.165170530045624,54.65784912889353,69.06516298538541,31.775908787999995,1.964881922195027,0.5838623948028938,0.1637739207832665,0.4796877771864467,0.9805683242791476,0.0801006269043914,0.0559181627430381,1.4159094913211694,35.70879361246188,0.7708006239420886,0.341417748319258,False,False,False,True,post,57,off_axis,31.460966027902,13.12
471,9.98840042372906,52.10556024894083,68.35403066737388,26.572973184,1.8511879443312784,0.5021186440677966,0.1377465219385415,0.5234042553191489,0.9596427390009924,0.0791795135360503,0.044999472322239,1.2968574849205552,33.18606297795975,0.7714146384795926,0.2631742492321728,False,False,False,True,post,57,off_axis,30.651201959672786,13.12
319,7.381415996938164,46.457268220436056,67.25225253731314,30.64758957,1.941344328164185,0.5347876004592422,0.1559505624218858,0.4842053307008884,0.9807022246046636,0.2262084726390348,0.120437879907064,1.3384958388017418,27.58484556880537,0.7719106600082223,0.3220752695889304,False,False,False,True,post,57,off_axis,29.33079239346361,13.12
45,1.8601937016507497,50.39348022172248,68.01724866297128,38.510637426,2.094903549458391,0.5877444112809892,0.1271601753933453,0.4742907801418439,0.9876501437996956,0.1537124197028992,0.1178868802655459,1.5575309075201274,31.488361408125787,0.7745785739096236,0.2681059398947543,False,False,False,True,post,57,off_axis,30.24815169249418,13.12
20,2.177283092626734,30.271702236941326,23.174512406340234,43.20453920399999,2.176775242766704,0.6862308611141275,0.1059715346534653,0.486070254369268,1.0,0.0548784604607496,0.0864705689083545,1.4993458561448711,8.97437048824555,0.7748341073642658,0.2180169094917679,False,False,False,True,post,57,early,11.282280946380938,13.12
239,6.126200107874652,29.57883875404393,25.554988470874605,34.792579296,2.025191078189476,0.6918149946062567,0.058496395468589,0.6070881645154234,1.0,0.1002402158883997,0.1522379264651991,1.4011193793663386,8.942470781543921,0.7752107121602274,0.0963556842115029,False,False,False,True,post,57,early,8.803226992053581,13.12
397,9.029556822146828,30.1001501861102,32.55485780504951,40.333306932,2.1274453237061945,0.6163778062114691,0.1726041144004013,0.5348696179502729,0.9997263273125342,0.1347548568607477,0.1449104410542542,1.582275267072382,11.314417032782124,0.7752581320024061,0.3227031571953082,False,False,False,True,post,57,early,2.1968810061123145,13.12
418,9.330592060696535,49.27688882942679,69.5887511787035,34.628374836,2.02200007269056,0.5144289391681345,0.1861943687556766,0.4891183035714285,0.946694003075346,0.1506584821255403,0.0660808282195474,1.2963531614615451,30.311552728955355,0.7765054132072267,0.3806734840960326,False,False,False,False,pachytene,58,off_axis,31.77508254454042,13.12
19,1.7191593297357926,30.309740448735383,38.403389156491,41.29742168999999,2.144263285984489,0.615052541891508,0.1218089931320461,0.505385863951601,0.999165971643036,0.111893995358142,0.0892956901283156,1.8835333254333608,13.078458984123586,0.7767464911829909,0.2410217653885772,False,False,False,False,pachytene,58,early,3.383208871379689,13.12
118,3.129342194777295,29.21665247788863,34.75412686168732,44.825471802,2.203664218765833,0.6262494112721755,0.1628179580354003,0.5030803696443573,0.9996306783208174,0.1041699334113752,0.0880721828314102,1.7756115123592724,11.050410368904982,0.7768795769447862,0.3236420418282296,False,False,False,False,pachytene,58,early,0.15846462995594002,13.12
144,3.5455035002691955,52.426796858732914,70.75579912044493,39.204987714,2.107419063242645,0.6107221923053909,0.2150096525096525,0.4609591146633876,0.9866877971473852,0.0746615706796184,0.0723662571499049,1.582851483065265,33.41373670622758,0.7780233617198046,0.4664397463247081,False,False,False,False,pachytene,58,off_axis,33.06363834952738,13.12
232,5.642708061570611,27.975566912340003,31.815858635534333,35.965468296,2.0476970442138342,0.664101226193582,0.0785471461799964,0.5518446601941748,0.998687836241963,0.0589491615541252,0.0789156164857452,1.4830025962644495,9.06963768362616,0.7785754873841,0.1423356097209647,False,False,False,True,post,58,early,2.341585993348853,13.12
445,9.298509440211944,52.78757774925445,71.400622358396,28.327615128,1.891067951855202,0.5277409738323948,0.1449775112443778,0.5144660704892162,0.955842018650576,0.1321570386306796,0.0863334240739244,1.278658253797108,33.74919066156454,0.7792354025279694,0.2818018904658101,False,False,False,True,post,58,off_axis,33.721992739666916,13.12
164,3.852661498708071,46.71651327519317,68.94371703488588,36.31264344,2.054264772144712,0.5675064599483204,0.1631249999999999,0.4527259148618371,0.9625678820791312,0.0935746466579533,0.0682597067612586,1.6871718849636304,27.778173293376607,0.7793613352973969,0.360317345760475,False,False,False,False,pachytene,58,off_axis,31.031052531171106,13.12
261,6.172644454354116,30.74569868764689,18.599519411352876,36.821677266,2.063819219908813,0.7169522838758999,0.1129966061090037,0.5257708755345487,0.9998865183840218,0.083003186351135,0.1359642856443133,1.38039427369676,8.209227533247576,0.7802999663936896,0.214916062047219,False,False,False,True,post,58,off_axis,15.817673961091113,13.12
483,10.462166885103676,28.79772228047085,35.89369851463431,32.216915052,1.9739301515491905,0.5648026794815786,0.1888994436151445,0.5487702860967041,0.9941015378133558,0.1149900935499168,0.0786596756518317,1.5013529808246964,10.95106342753395,0.7804951044176349,0.3442231629535728,False,False,False,True,post,58,early,1.3685291934190085,13.12
297,7.338628028073234,29.20369693909732,42.958351066333904,51.80650712999999,2.312589597337136,0.6274394385329409,0.185991294024535,0.4981769567331064,0.9955473501303216,0.123404738456094,0.1260129573034125,1.913502082501392,13.229165547997017,0.7826889738237249,0.3733438319672785,False,False,False,False,pachytene,58,early,8.068109913764431,13.12
280,6.457337883959069,53.85361518354942,72.93181458420011,28.179831113999995,1.8877736750073637,0.5603096645300925,0.1416964575885603,0.5282090117379781,0.980622009569378,0.224049563745172,0.1636580914558023,1.4246286398350774,34.75492888116737,0.7835791230581087,0.2682583114633604,False,False,False,True,post,58,off_axis,35.29344941336533,13.12
441,10.091453156103125,29.157415738777463,18.20424735118454,36.530800794,2.0583703989480444,0.6615295704103256,0.125290408230999,0.5687725289318915,0.998820290994888,0.1084680857836267,0.1544439891582887,1.2174524181130608,6.573071021893606,0.7844740324020989,0.2202821019965296,False,False,False,True,post,58,off_axis,15.774377337976958,13.12
310,7.272029820399771,46.453514252795166,71.39067739071436,34.611954389999994,2.021680417758319,0.5120298203998644,0.1456034175863296,0.4627777777777778,0.9259705811429948,0.1179546478413854,0.062706498668384,1.4008614870751677,27.420296641958448,0.7850953467232648,0.314629233679944,False,False,False,True,post,58,off_axis,33.46594632169838,13.12
440,9.826810001781954,27.94243559422668,21.9507253905088,39.495864186,2.112618136573757,0.6207162796222605,0.1130555555555555,0.5831506420294394,0.9988126649076516,0.0806673755909677,0.0787410215031102,1.2975465521620135,6.402862971081291,0.786225098476595,0.1938702410788877,False,False,False,True,post,58,early,11.839494408304173,13.12
452,9.955427103404109,28.201106270799997,39.97907115081456,40.176139806,2.1246783820866018,0.5510597302504817,0.1278357531760435,0.543373650669788,0.9937615916371608,0.2166765845045567,0.1707300764383767,1.5571428287421691,11.46727014890168,0.7864575026296942,0.2352630699307321,False,False,False,True,post,58,early,5.464838612916115,13.12
127,3.46082929221369,27.6169248678692,41.5466251185081,43.05206363399999,2.1742114977866858,0.6555331553424508,0.1430120645248745,0.5224612464409997,0.9989704873026768,0.1009254402121084,0.1226633659746118,1.7929317487657783,11.322983600991975,0.7869539926930494,0.2737276027630206,False,False,False,False,pachytene,58,early,7.131474369539095,13.12
379,8.405445373505577,49.06326028608916,73.16707886117035,33.945753438,2.0086253882759446,0.5707276622209937,0.1877615062761506,0.4877656149388281,0.9860655737704918,0.0429706618135574,0.0442446617349606,1.3672584411835893,29.95905019017769,0.7882960613122091,0.384942071613019,False,False,False,False,pachytene,58,off_axis,35.342407609318286,13.12
141,3.734360146802265,27.03273165874557,19.365539949462683,38.989176138,2.103545044999667,0.7118705252391553,0.0809825369410861,0.5606598454792232,0.9998930023539482,0.1132645592874897,0.1930108763171786,1.5310612269296422,4.835737395740735,0.7887119329149138,0.1444414783653115,False,False,False,True,post,59,off_axis,14.087796533451098,13.12
286,6.853506428971119,25.57228788744734,29.74155871171996,37.76468002199999,2.081289053161162,0.7291136095409653,0.2020128087831656,0.4404952992432928,0.9997736019923024,0.0830062918645458,0.1356867593454915,1.265843778898935,6.1996456912214555,0.7893965653637618,0.4586037788148804,False,False,False,False,pachytene,59,early,3.69864760173596,13.12
122,2.873033947761755,53.043668984413024,74.3804261262564,32.960526677999994,1.989001807541148,0.5772542879510355,0.1729323308270677,0.4934343434343434,0.9969897652016856,0.0562787635634485,0.0358952097211573,1.653778037202668,33.889308744824106,0.7899273224369351,0.3504667502943644,False,False,False,True,post,59,off_axis,36.709496737726795,13.12
482,10.455918155918075,25.826373368299254,37.93722212509863,36.228195432,2.052671082775654,0.6504144004144004,0.1367125039974416,0.5391739210964993,0.99889943596093,0.1956296920132137,0.239570891726119,1.2793801270909009,8.633454475733702,0.7904752474926307,0.2535591924019881,False,False,False,True,post,59,early,4.131424748977306,13.12
16,2.4765770648168,25.43502857142932,22.36512385649177,43.284295656,2.1781138764106727,0.6943420767396489,0.139062738513204,0.4856382978723404,0.9972737758204886,0.0819138506521039,0.1239284623369022,1.5003989057806564,4.097224208555851,0.7904812282660804,0.2863504363689196,False,False,False,True,post,59,early,10.77045466941571,13.12
451,10.042578485687876,25.44476250000072,33.01940625000067,40.647641184,2.1329577173112804,0.5933171745152355,0.1656405399005446,0.5097204484177664,0.9969381506429884,0.0581482104836426,0.0222666005930197,1.378977638379635,6.952222829907255,0.790503557387991,0.324963497961898,False,False,False,True,post,59,early,0.5058158086432217,13.12
15,1.7637444625786465,25.957968448357228,38.26359698064966,40.24416736799999,2.125876897670099,0.6241548146421076,0.1035729181148338,0.5203163771712159,0.9997292540950318,0.1480523573982385,0.1274459662949305,1.744199981752041,8.847439451185648,0.7906139142753266,0.1990575785408192,False,False,False,False,pachytene,59,early,4.410795903021975,13.12
401,8.74117647058805,52.31146747284312,75.01949952859388,34.335152586,2.016276666041269,0.6248548199767712,0.1889217134416543,0.4806046257512293,0.9934299191374664,0.1474423907877892,0.1515947581253368,1.436759530209362,33.13282905514869,0.7909948726109076,0.3930917500978112,False,False,False,False,pachytene,59,off_axis,37.31963798877367,13.12
43,1.909899072280543,48.7045602915684,72.89568774084988,46.019472804,2.2230591070156605,0.650576001631155,0.1473880597014925,0.4663749088256746,0.9959453197405004,0.0988108104385685,0.0986280501354156,1.772512666137923,29.611165918056397,0.7910209595215784,0.3160291364572196,False,False,False,False,pachytene,59,off_axis,35.05728419837377,13.12
180,4.477482352941236,24.966067729411908,35.59011935294007,39.878226,2.1194137147360954,0.6585882352941177,0.1469723691945914,0.5361819434872501,0.999755441428222,0.0902027370949547,0.1007870181617389,1.612897044087194,7.177521419706711,0.7913288522010821,0.2741091358629205,False,False,False,True,post,59,early,2.0993627047120085,13.12
235,5.086695772058684,43.47983706341996,72.11250809972303,20.417651712,1.6955309717888762,0.5818014705882353,0.2263549415515409,0.4409340659340659,0.9767118526242614,0.0583916769472357,0.0507829395211831,1.892436040001621,24.420818367936796,0.791479189407693,0.5133532630826224,False,False,False,False,pachytene,59,off_axis,34.07169023025257,13.12
396,8.525994492940617,25.258035754877863,23.89361056886656,40.04008468199999,2.1222772860645187,0.7266975218231883,0.1389811738648948,0.5316184351554126,0.9998970981683474,0.0734388324263289,0.1449155083005662,1.3170390938814869,4.3348997441389,0.79181712217872,0.2614303129353768,False,False,False,True,post,59,early,9.250221652144209,13.12
126,3.420266225081257,24.595481122221443,25.281542067384976,36.831060378,2.063994509789254,0.6838417935163366,0.1436950146627565,0.4981869460112812,0.9991214859437751,0.0975215595624268,0.1428494522384693,1.3727432219739313,4.067112279723245,0.7932915189785182,0.2884359291491806,False,False,False,True,post,59,early,7.735750668686323,13.12
308,7.235828677839844,23.803795474859218,27.153169608939045,37.79048357999999,2.081762974258621,0.6474239602731222,0.1980799096428067,0.490669014084507,0.9988862592231658,0.0685431901207987,0.0880754491613066,1.2871993342012278,3.8040736443659977,0.7946188505522842,0.4036935366957813,False,False,False,False,pachytene,59,early,5.720665932291228,13.12
13,2.5479331213458707,23.900895743152294,32.34434655349401,45.737979444,2.2185171409315934,0.6596061134475331,0.1685041343021799,0.5003766762091306,0.999557668915183,0.0784825221447159,0.115452334022322,1.606453689958088,5.2841413927713,0.7949578605505074,0.3367545737318784,False,False,False,True,post,59,early,0.7440058080802032,13.12
348,8.027757379938654,44.13296574386949,73.91758911734563,31.944804804,1.9683570337929408,0.468350712292554,0.1184707171557287,0.5407458563535912,0.7905447714464621,0.4376759095353523,0.0725181343485656,1.542639393787262,25.00331773270868,0.7962836513956747,0.2190876097592531,False,False,False,True,post,59,off_axis,35.90078537360831,13.12
309,7.37041034006774,25.599196756181303,17.956544986823648,37.387009764,2.0743277343799518,0.6348349855690802,0.1537007416024429,0.5171821305841925,0.9994327850255248,0.0451955778681691,0.0584448166091731,1.565222457030366,3.077955300176652,0.7972527493219875,0.2971888093442584,False,False,False,True,post,59,off_axis,15.062727929051041,13.12
210,5.013000541125613,52.53563847402623,77.20925592532348,34.679981952,2.0230040450862594,0.5957792207792207,0.1689612015018773,0.4859437751004016,0.9881775190978538,0.0841869021265606,0.0646693971978888,1.6200290195548808,33.27174816474796,0.7985577602601158,0.3476970179666732,False,False,False,True,post,59,off_axis,39.51645095208615,13.12
35,2.2334137388568096,43.67646431043645,74.21214622968147,22.36699323,1.747858747292209,0.5562663869952805,0.1519342553617959,0.4904277948475538,0.9379597057882956,0.205904704198426,0.1231649884037671,1.8685126284823608,24.53571605252634,0.7994079608664509,0.3097994382822933,False,False,False,False,pachytene,59,off_axis,36.17738277027844,13.12
48,1.3800117027501244,51.53851881802273,77.07629252194215,20.04467301,1.6851431094485738,0.532592159157402,0.0841550103187341,0.4797195793690536,0.974850809889173,0.1844359327603974,0.0988883838150973,2.018536535061016,32.28054773814621,0.7994888156386455,0.1754254233888436,False,False,False,False,pachytene,59,off_axis,39.34484503921659,13.12
320,7.578484140233539,47.62333937228544,76.63759280133593,35.12802555,2.0316787750992376,0.5545242070116861,0.1749938164729161,0.5102683255883675,0.9920668058455114,0.0930299579952911,0.0632676904352424,1.4658603935359924,28.385370380643963,0.8005489578651158,0.3429446973239787,False,False,False,True,post,59,off_axis,38.754352964091545,13.12
12,2.631386441976375,22.19296582726873,28.91257952412744,48.99861086399999,2.2700306415849183,0.707296055151283,0.0944905213270141,0.5035982989859339,0.9993797625376571,0.081672212697861,0.1316301952842073,1.5482338771062674,2.7216766364677727,0.80130517474024,0.1876307396535773,False,False,False,True,post,59,early,3.5949396750998908,13.12
10,2.374456757931348,21.785332187092187,36.58947387548905,43.181081424,2.176381213498309,0.6664493698392003,0.087124591138864,0.5359934853420195,1.0,0.1322668851729526,0.1762194507716677,1.608569098685275,4.379248544886211,0.8013762740007564,0.162547854631609,False,False,False,True,post,59,early,3.9119456600436697,13.12
224,5.108893495212826,42.67757607343759,75.23320174711446,23.765076918,1.7835428110043117,0.5029118547033857,0.149467995271069,0.494638602065131,0.918467956010618,0.2460068557526254,0.1067755448572011,1.8284505476804895,24.074569570399387,0.8017414036646447,0.3021761638639517,False,False,False,False,pachytene,59,off_axis,37.163329887201854,13.12
318,7.7842089699357055,23.71221827993983,40.54169133563233,47.59583562,2.2481577522206995,0.575505174963036,0.1388722255548889,0.5391849529780565,0.9941679626749612,0.1697811466322276,0.1338113845816637,1.7851371595492151,7.291720787338992,0.801849522659425,0.2575595346047069,False,False,False,False,pachytene,59,early,7.205942973948632,13.12
450,9.91919999999956,23.4615320709665,19.88582241290446,36.359559,2.0551490876961007,0.6759999999999999,0.1223348479552604,0.5440063719633612,0.9996168092987612,0.0962619506272455,0.1395199133588372,1.3463489177906312,1.5332312402703587,0.8019410264270767,0.2248776011827663,False,False,False,True,post,59,early,12.63259433767255,13.12
40,1.3976947800066424,46.90770305884891,75.98349844841053,21.165954894,1.7159965840831912,0.6380361298902804,0.1481481481481481,0.4338640538885487,0.990405701754386,0.13812630327008,0.1483615297669289,1.7278262660626833,27.69568919338951,0.8025152502656948,0.3414621396272772,False,False,False,False,pachytene,60,off_axis,38.07294661279651,13.12
339,7.870705679862174,21.7061284681583,30.82519972461248,40.88691054,2.137134698512525,0.6867469879518072,0.186410371032633,0.4675824175824176,0.997066416334194,0.0733247623007319,0.0896452639258418,1.3488084862225247,2.763360503538474,0.8025880283058857,0.3986684785891799,False,False,False,False,pachytene,60,early,1.6217723986747292,13.12
113,3.1893548971092742,20.87530045863319,21.598873338965657,38.871887238,2.101433601743265,0.7551747027940378,0.0850248082995038,0.5834360364801577,1.0,0.0892906417706811,0.1789860564842272,1.602621150884061,-0.5015156659334807,0.8053806428926443,0.1457311564305396,False,False,False,True,post,60,pre,10.303238972480408,13.12
416,9.503701893708683,21.10507000610922,26.377764996946897,38.40038585999999,2.0929024819284185,0.7129505192425167,0.1401646843549863,0.4758459246648223,0.9997706158963184,0.1054480615120327,0.1455524473960204,1.3997230476681808,0.9962858526697458,0.8061140220553996,0.2945589677030772,False,False,False,True,post,60,early,5.747108034705308,13.12
133,3.603743852783989,21.562993300195576,40.35127657448007,44.36100775799999,2.1960266088734284,0.6300037015493628,0.1835472578763127,0.5123624410461627,0.9983864962144718,0.1068494613776736,0.0851693722744337,1.9668354729168145,5.169714564345563,0.806612104711233,0.3582371445915091,False,False,False,False,pachytene,60,early,7.5964751549510705,13.12
8,1.8241454281918437,20.69416257398305,25.092268873052767,38.841392124,2.1008839309571705,0.6977291943471433,0.0814828408882363,0.5454545454545454,1.0,0.0925649781354031,0.1442616054097445,1.634855296735666,0.2569666116790079,0.8067296289862874,0.1493852082950999,False,False,False,True,post,60,early,6.876157308308653,13.12
380,8.486735414606455,51.59005664641933,80.13760160333479,33.211524923999995,1.9940378724212813,0.5141262890238734,0.1331905241935483,0.5451373746184038,0.9787654320987654,0.1318671177192742,0.0766415221746885,1.5356309919877165,32.21310000478236,0.8074760923889586,0.2443246975806451,False,False,False,True,post,60,off_axis,42.40584491553755,13.12
428,9.587459511723091,20.892020275562512,36.01040707759212,48.52241793,2.2626529263620334,0.6379502054628958,0.186155183655727,0.4841767926291895,0.997869716335912,0.0271316029515974,0.0207105635661838,1.5895584656337252,3.3637273416317295,0.8075710615672496,0.3844777083281135,False,False,False,False,pachytene,60,early,3.592506755950921,13.12
165,3.8661243571761537,47.65870356241084,77.84425778401005,25.08809571,1.816043984230336,0.475268817204301,0.1114629512349588,0.5245901639344263,0.9796610169491524,0.1046046082876967,0.041066890574984,1.6043574260144344,28.37382310335356,0.8082921741884217,0.2124762507916403,False,False,False,True,post,60,off_axis,39.961480822581414,13.12
34,2.221775424109137,43.67182675702465,77.4450860066412,26.134312698,1.8409450461238517,0.5291266493133471,0.1017123287671233,0.5068623713305376,0.959171597633136,0.0665839815924183,0.0455878523741044,1.721687057285887,24.405466675804842,0.8097043223914819,0.2006705064732339,False,False,False,False,pachytene,60,off_axis,39.40770105308183,13.12
330,7.599112446234531,43.95691964224847,78.11157648665214,34.35861036599999,2.016735734991365,0.4981224824196081,0.13740905890636,0.5361175350292477,0.9671337579617836,0.0568201891418376,0.0217533174028287,1.438326370657936,24.664447903425916,0.8097219676141402,0.2563039817357656,False,False,False,True,post,60,off_axis,40.08476547903429,13.12
360,8.484268447537676,20.328327145747117,40.11288265531654,49.878277614,2.283534686927044,0.6259229647744908,0.13298452147373,0.5582097058083982,0.9970407947579792,0.1597390130492634,0.1659304586244645,2.137539252982261,3.9162289061625124,0.8103259161979895,0.2382339828382993,False,False,False,False,pachytene,60,early,7.696504542453418,13.12
47,2.472455948065094,51.10082678526405,80.58953530056505,27.823272858,1.8797778816084336,0.5685861225866284,0.1218465762828213,0.493844049247606,0.9865771812080536,0.0578723090113957,0.0318985359969702,1.7456064188487523,31.706679770782188,0.810686815455768,0.2467308788441618,False,False,False,False,pachytene,60,off_axis,42.83842839919525,13.12
427,9.86493718959999,19.432101630149976,22.96394718667716,40.14799047,2.124182048860089,0.6303242769500439,0.180440414507772,0.4874348032242769,0.9983557138942176,0.0336154485176038,0.0439259211547595,1.5007376965390653,-1.5276934303077658,0.8110841554373147,0.370183690853007,False,False,False,False,pachytene,60,pre,8.724870461280721,13.12
41,1.195491594498206,48.15688047631039,79.24277345899038,18.419048856,1.638297858294648,0.5826541008660213,0.1016995614035087,0.4479707049130302,0.9791009463722398,0.1781445614085918,0.0808937884313061,2.4211963210844143,28.81728473817909,0.8122928288425673,0.2270227947679143,False,False,False,False,pachytene,60,off_axis,41.37829701007578,13.12
199,5.105641980718446,18.470702629272783,36.48757866454834,42.824523168,2.1703743202167334,0.6853637160385626,0.1320640676941674,0.5478760445682451,0.9998953646541802,0.0914945740000489,0.1248226560503922,1.695886375066781,1.1578164141487481,0.8123074597782476,0.2410473482158557,False,False,False,True,post,60,early,4.699045886593632,13.12
6,1.9243728648120904,18.44892878477324,31.678384260615445,48.06499122,2.255520364962597,0.5754514397266959,0.1294906434504152,0.5324749971261065,0.9963011889035668,0.0942689187475809,0.0708784433603204,1.844661618391513,-0.1476388347093725,0.8125627428500095,0.243186335789111,False,False,False,False,pachytene,60,pre,0.16355305752357688,13.12
438,9.789751828052946,18.607556220917782,29.28806478506392,42.345984456,2.162259803409856,0.5898515399955684,0.1337311337311337,0.5465964343598055,0.9961560364464692,0.1534414060657542,0.1134453715827413,1.3356874079606882,-0.6331967457266372,0.8135118064292083,0.2446615552620001,False,False,False,True,post,60,pre,2.3619364791652084,13.12
217,4.892113631545644,42.00076962052022,78.89405889336285,22.130069652,1.7416653985075212,0.550561797752809,0.2116028263294905,0.4471698113207547,0.9644948755490484,0.1127749419218446,0.0558084906910063,1.7283404005850649,24.074569570399387,0.8136181813755363,0.4732046327199578,False,False,False,False,pachytene,60,off_axis,40.814504730536726,13.12
285,6.789924555853054,19.119536079338797,21.12134653200336,38.555207208,2.0957114076151817,0.7114869798004381,0.0703783571848657,0.5588359342049768,1.0,0.1074300390393105,0.1789581538360102,1.4868932936588928,-2.321038579533419,0.8139693992814135,0.1259374225549559,False,False,False,True,post,60,pre,10.540975802329951,13.12
236,5.501629719607074,51.13104020649978,82.07367339811846,23.173940862,1.7686304383869011,0.5407429901811924,0.1543336439888164,0.4862243773418558,0.9651162790697676,0.1723248381720344,0.0934874808260647,1.6198457082795923,31.679204443427597,0.8147578147229128,0.3174123947313056,False,False,False,True,post,60,off_axis,44.32261971092666,13.12
350,8.166030901579381,47.64174554869935,81.45639019186328,41.447551482,2.146858512525069,0.6032033505008773,0.2049217509639374,0.4641277991727285,0.9845115779788376,0.0530105423170069,0.0463142147726938,1.4674440147285914,28.216529104738044,0.8160096575900562,0.4415200971137569,False,False,False,False,pachytene,61,off_axis,43.570226685633024,13.12
38,1.967922212782008,44.64770504106626,80.6487597564436,24.848826354,1.8102522278461477,0.6504295289342018,0.1756455921638468,0.4328922495274102,0.9959812458137978,0.0510123675607063,0.0697885458365544,1.7712808516931442,25.256129842180293,0.8191243735637348,0.4057489880116809,False,False,False,False,pachytene,61,off_axis,42.64687318463165,13.12
171,4.19449642267492,16.902564742081502,27.29831354880709,46.885064886,2.236910650773493,0.6736378646119978,0.1518658171889221,0.4971638816495478,0.9996935335580754,0.0880435685319614,0.093057707778145,1.8761172487710625,-2.807686412304077,0.8196108843408381,0.3054643001922106,False,False,False,False,pachytene,61,pre,4.674666846897127,13.12
385,8.42604856512117,50.727951103753966,84.16572552428107,25.503298416,1.8260076014267792,0.6121228844738779,0.187945310995571,0.4270808631728717,0.9769467213114754,0.1431290621548704,0.0945797525397259,1.841613005813917,31.195133397359832,0.8205968303513871,0.4400696149185579,False,False,False,False,pachytene,61,off_axis,46.397430098815825,13.12
359,8.425038783741778,15.49432049332912,27.25372468197365,45.362654964,2.2124321043270525,0.71160409556314,0.1929088277858176,0.4819795589026358,0.9998050682261208,0.0660377255828644,0.1033261456404798,1.6756806325575098,-4.176681728644743,0.821354473117375,0.4002427576493694,False,False,False,False,pachytene,61,pre,5.388385236801148,13.12
382,9.002722655636113,16.752647389914593,34.09162538876374,44.802014022,2.2032797491907523,0.6118121367610869,0.1875958799035721,0.485972484488805,0.9954171721256234,0.0551039933546137,0.0660913181229365,1.7061634276112785,-1.1377536459845499,0.8218259335578559,0.3860216079947499,False,False,False,False,pachytene,61,pre,3.0677831177002646,13.12
398,8.776703985149627,43.320521428156894,81.92132018678709,40.438866942,2.129299684564574,0.5740472185161553,0.2092397157010553,0.4389214217622225,0.9810195227765728,0.1019086270054129,0.0816644898238727,1.472236465849782,24.074569570399387,0.82258238063065,0.4767133826847191,False,False,False,False,pachytene,61,off_axis,43.86733443811359,13.12
233,5.146756376782491,41.46857898172184,81.83413584053179,23.359257324,1.7733323653655868,0.5433822052621009,0.1483423862146469,0.4697602815042885,0.9720882150241212,0.2300287715272663,0.1208591851963129,1.6332952577001283,24.074569570399387,0.8231684152924204,0.3157831601676027,False,False,False,True,post,61,off_axis,43.755467903605265,13.12
42,1.777077589602143,48.068319446630845,83.31296343048436,23.823721368,1.7850086730053074,0.6325324931075227,0.2109936575052854,0.415058949624866,0.9914574165156614,0.0499452180485935,0.0373460669125156,1.661751490601701,28.57064404472452,0.8238554035401159,0.5083462426144126,False,False,False,False,pachytene,61,off_axis,45.441972418909536,13.12
208,5.25919616715446,15.565393718392116,31.69785626829993,44.06543973,2.1911385160990005,0.6852808091562417,0.1434366850188351,0.4717523680649526,0.9987077320697824,0.0888532479455414,0.1276708083325516,1.8957849967830749,-2.9212214873658344,0.8240211146440394,0.3040508002263726,False,False,False,False,pachytene,61,pre,3.0449823698047545,13.12
201,4.411709418445332,50.227290023498405,84.6172902095144,23.959776492,1.7884002327238262,0.6164088505972195,0.153962427121572,0.4555895865237366,0.9829659318637276,0.1615693368804111,0.1344376366239082,1.95398652184318,30.67730491426019,0.8240291970036925,0.3379410585223077,False,False,False,False,pachytene,61,off_axis,46.82920069105581,13.12
399,8.641051851851653,46.65603308888841,85.04893662222092,31.668002999999995,1.9626552606398784,0.5299259259259259,0.06786133960047,0.5576741254333438,0.9650152617985442,0.2222229348346012,0.1346763774553176,1.4963633418884408,27.091973209286508,0.8279701450780282,0.1216863693429168,False,False,False,True,post,61,off_axis,47.12176057195696,13.12
37,1.60973968128279,44.514740987826826,83.95476458477613,23.699395134,1.781898179783172,0.583984954963872,0.089076723016905,0.4663335712586248,0.9894556853804504,0.1538977482701219,0.1228284586050892,1.717754548913313,24.99481193919009,0.8297234338904791,0.1910150341020673,False,False,False,False,pachytene,62,off_axis,45.94521524057258,13.12
182,3.7955290611028514,41.9544677347229,84.49956186661565,12.592136304,1.443234611712335,0.706408345752608,0.0119122257053291,0.5862944162436549,1.0,0.1024416113570573,0.1481734792125871,1.8343023966254717,24.074569570399387,0.8318096119994909,0.0203178221986998,False,False,False,False,pachytene,62,off_axis,46.41978667351816,13.12
378,8.177354978802569,40.83116051080484,83.81861198428233,22.686019038,1.7561295913727235,0.5536138972184883,0.1853179845253821,0.5084549455640491,0.942930426418724,0.3704687494498752,0.2162680268732753,1.39326336347346,24.074569570399387,0.8327317980492436,0.3644727741212186,False,False,False,False,pachytene,62,off_axis,45.74908472302307,13.12
470,9.995157538591714,42.975462180165046,85.00899604567394,22.186368324,1.7431410741963105,0.6388242757454008,0.2327044025157232,0.3837822014051522,0.9833333333333332,0.121417929168793,0.1401156415135287,1.402005444866802,24.074569570399387,0.8332109678500891,0.6063449572797182,False,False,False,False,pachytene,62,off_axis,46.943465700225794,13.12
121,2.622519803847601,46.90382715956169,86.09889831195814,24.874629912,1.810878612750063,0.6028857035081101,0.2006454062262718,0.4597482783186891,0.989981544951226,0.1184425390096873,0.0974993061443904,1.6537588517371329,27.298784079314764,0.8338418118613864,0.4364244863733629,False,False,False,False,pachytene,62,off_axis,48.18055739638309,13.12
262,5.446635870656831,40.03537127937332,85.2308166700125,11.679628662,1.407494831135294,0.618798955613577,0.0057621791513882,0.5879873551106428,1.0,0.0773224266478668,0.065662531506971,1.4996755789217295,24.074569570399387,0.8349485162908252,0.0097998351517337,False,False,False,True,post,62,off_axis,47.18420095482387,13.12
279,6.699814878300054,48.0358208433304,87.5235453342492,34.21317213,2.013886130804559,0.5701748371614672,0.1384002199010445,0.5235284734407402,0.9705125667920048,0.1618094253037074,0.1033627411796403,1.7419350896954713,28.37456853834846,0.8350800517243716,0.2643604444118368,False,False,False,False,pachytene,62,off_axis,49.64811204133386,13.12
444,9.605002043318144,44.29858587658515,88.02421297098559,28.700593829999995,1.899331442211307,0.5046178994687373,0.1430793157076205,0.5119617224880383,0.959296646043634,0.0709267054764519,0.0367510884022229,1.488046213434562,24.620702328975135,0.8404434577469889,0.2794726820831093,False,False,False,True,post,62,off_axis,50.00319197777593,13.12
36,2.011119266055033,43.72082922935883,87.28762406422258,25.5689802,1.8275738383434077,0.5368807339449542,0.1016195052500444,0.4970285261489698,0.9625502940266172,0.1411548646039645,0.0744507514608418,1.787484463966451,24.074569570399387,0.8407095603935892,0.2044540703476383,False,False,False,False,pachytene,62,off_axis,49.2447107250071,13.12
134,2.968780386883122,39.01497697320868,86.98592814730729,22.676635926,1.7558874417483128,0.6039102099927589,0.1401302492701549,0.4753199268738574,0.980996970531534,0.0808768097959355,0.0682836201306868,1.8971987960002048,24.074569570399387,0.8443506854122209,0.2948124859645183,False,False,False,False,pachytene,63,off_axis,48.985732225515186,13.12
329,7.769423998130566,40.08229311251321,87.50765268138876,40.15502780399999,2.1243061539111348,0.5668886552167309,0.1754893238434164,0.4777448071216617,0.9728011303426352,0.1154416924938949,0.0828655607990297,1.4088640997878936,24.074569570399387,0.8447904957393582,0.3673285846908778,False,False,False,False,pachytene,63,off_axis,49.457838819352666,13.12
192,4.32757228766771,45.54258115166062,89.28367446247714,28.475399142,1.8943507911297777,0.5739352500205948,0.1476598549769281,0.481245166279969,0.9824132877381534,0.1046575144305505,0.0679516301093199,1.604126474865314,25.81482205881382,0.846136560886375,0.3068287544960515,False,False,False,True,post,63,off_axis,51.31003763192572,13.12
255,5.989488272921177,36.57092411513826,87.1759233582111,22.00339764,1.7383359535603289,0.5611940298507463,0.1360201511335013,0.5036443148688047,0.956989247311828,0.3561034925156167,0.1816246871023908,1.6824893124113314,24.074569570399387,0.8477197540787715,0.2700718485602949,False,False,False,True,post,63,off_axis,49.37466563454053,13.12
409,8.837593984962531,44.68700184331946,91.09367880184304,29.014928082,1.9062402251363533,0.5808068558493007,0.1275450109372371,0.4777242044358727,0.9734617191169564,0.055011515737834,0.0382394934101137,1.6144012344928178,24.889561416693024,0.8482267648044897,0.2669846111060051,False,False,False,True,post,63,off_axis,53.085431786902895,13.12
33,2.2862507450823863,42.45611760381414,90.07996132525189,23.612601348,1.7797202497371123,0.6397774687065368,0.1486264381310167,0.4806949806949807,0.9953336444237052,0.1477038039573377,0.1385405899757493,1.7432607416781367,24.074569570399387,0.8502898368120833,0.309190742778581,False,False,False,False,pachytene,63,off_axis,52.003975288295514,13.12
433,9.41256931608116,41.14096068727826,90.58128468324536,27.919449756,1.8819413377381573,0.451856830784742,0.1193304535637148,0.5179337829552422,0.5645695364238411,0.7563015517567095,0.0833843502086559,1.498199808284962,24.074569570399387,0.8519865251813392,0.2303971231280484,False,False,False,True,post,63,off_axis,52.505547392567394,13.12
128,2.901540130151762,36.47723716919699,88.36483607375318,21.62807316,1.7283952876033597,0.6030368763557483,0.2268694550063371,0.4663934426229508,0.9727512452387927,0.1803113221564358,0.1421667382804266,2.081775752055451,24.074569570399387,0.8520873592203265,0.4864336293633239,False,False,False,False,pachytene,63,off_axis,50.566818155523926,13.12
241,5.397657928663359,34.4995071981086,89.22670384615427,21.834501624,1.7338767566662694,0.5831542758917061,0.1316025067144136,0.4536082474226804,0.9814986123959296,0.2219938317285247,0.1612968444803374,1.5894190530184673,24.074569570399387,0.8571924661834771,0.2901237079840483,False,False,False,True,post,64,off_axis,51.66651352019718,13.12
243,5.781992987219033,41.76195486935765,91.96566873091156,41.478046596,2.1473849018457267,0.5725596651962448,0.1957863375186209,0.4955014554114845,0.9626307922272048,0.1866843134272779,0.1171078805603376,1.4873712208314522,24.074569570399387,0.8597069157717668,0.3951276739561381,False,False,False,False,pachytene,64,off_axis,53.885690149724525,13.12
30,1.6079247255619238,39.99169699947725,91.93495853633016,22.43736657,1.7496899259465857,0.5790904338734971,0.1332615715823466,0.4652260307998013,0.9866666666666668,0.199421525330656,0.1057962292097175,1.9559328417449495,24.074569570399387,0.8597297322730181,0.286444787608397,False,False,False,False,pachytene,64,off_axis,53.88564544246965,13.12
377,8.371419888159783,36.19292261123237,90.21575634573256,38.592739656,2.096391226463485,0.6305008509603696,0.1856664434025452,0.4660305971376871,0.9929035180431828,0.1433412278356736,0.1545190011107039,1.431588782748723,24.074569570399387,0.8600055441704003,0.3983996856491608,False,False,False,False,pachytene,64,off_axis,52.437473700903986,13.12
27,1.9055852534562172,35.65574375115084,91.04001439631216,25.4516913,1.8247750991430227,0.6185253456221198,0.1663645518630413,0.4423773858419908,0.9894383101296208,0.0638158250200556,0.050113618356369,1.878776387681852,24.074569570399387,0.8614571073950072,0.376069295554958,False,False,False,False,pachytene,64,off_axis,53.31639517853856,13.12
417,9.0598048327141,38.403765450745,93.55289837360704,30.288685536,1.9337364000541064,0.5487143742255267,0.1578262754733342,0.4985412733825296,0.9672955974842768,0.1023811160006398,0.0646054393383511,1.4448179167487742,24.074569570399387,0.8649025383153514,0.3165761470509875,False,False,False,True,post,64,off_axis,55.57737748196718,13.12
363,7.928187059577072,32.126109224857245,90.91024147981912,21.970556748,1.737470679174682,0.5782617979927397,0.2008901476835929,0.4437974683544304,0.9782894736842104,0.1353530107968986,0.1078954696063685,1.571775843967969,24.074569570399387,0.8672122371779329,0.4526617703081529,False,False,False,False,pachytene,64,off_axis,53.710447357668656,13.12
172,3.81515087122827,32.26203149171407,91.20924281767844,22.078462536,1.7403104955997335,0.6231406714832128,0.1868408986703347,0.4288130814773048,0.9900799118214384,0.1503998486657958,0.1112576304087829,1.866947060500142,24.074569570399387,0.8677516397432044,0.4357164152423913,False,False,False,False,pachytene,64,off_axis,53.980368144493575,13.12
151,3.948953801533057,38.33058287756518,94.8382168893734,45.292281624,2.2112874269164284,0.6596229542158691,0.2049358819259618,0.4459829580036518,0.9913267698077824,0.0573104702107991,0.0480616982539584,1.6785712434853142,24.074569570399387,0.8710340504727603,0.4595150515241968,False,False,False,False,pachytene,65,off_axis,56.86476525910438,13.12
475,10.178700713481362,34.665353736386734,92.89121589936312,31.23403407,1.9536487783799248,0.4449117536612842,0.1390797903319743,0.5122446218373697,0.5567751703255109,0.6347022774871218,0.0229354227583472,1.2900217056135177,24.074569570399387,0.8713810586772209,0.2715104940157481,False,False,False,True,post,65,off_axis,55.27490713333456,13.12
26,2.093040477993774,35.00267301186469,94.32323928301057,27.874879973999995,1.8809393792609568,0.52831776487419,0.1407327916602789,0.503300624442462,0.9868383404864092,0.1294122879942876,0.0888324969318642,1.6639466613439835,24.074569570399387,0.8718050296174186,0.2796197437986046,False,False,False,True,post,65,off_axis,56.65369948881872,13.12
278,6.057149103629298,30.12908841276703,91.87441318320946,21.459177144,1.7238844485962108,0.5987101005684303,0.2658,0.4323072732225552,0.9833699403828052,0.1049730602314773,0.0858476913027189,1.7628705700370344,24.074569570399387,0.8736014337203628,0.6148404536862004,False,False,False,False,pachytene,65,off_axis,55.04800255444891,13.12
432,9.48037694937853,36.31335759319447,96.1969534150612,28.128223998,1.8866205797694595,0.6102910516220499,0.1244144650552745,0.4519580569227477,0.9896997589305282,0.0925516814571187,0.0964301211851302,1.4049783513770877,24.074569570399387,0.87572043359312,0.2752787856076221,False,False,False,True,post,65,off_axis,58.37630813949001,13.12
22,2.044658828258391,31.604086192343438,93.79672432921429,23.342836878,1.77291674521585,0.6801326499849261,0.1832178598922248,0.4244423499842915,0.994645247657296,0.0916122492005583,0.1159192920355693,1.972309501906832,24.074569570399387,0.877070685561712,0.4316672450310523,False,False,False,False,pachytene,65,off_axis,56.64374675661008,13.12
429,9.448072113986711,31.79917889502857,94.59950519337144,40.33565271,2.127486566854601,0.5403896481535331,0.1587183308494784,0.4827280779450841,0.9684542586750788,0.0899473498198684,0.0681775310051272,1.3304120707220164,24.074569570399387,0.8799624421201356,0.3287944872092864,False,False,False,True,post,65,off_axis,57.399224790055165,13.12
269,6.0432560175055,36.57627985995603,97.67220107658396,26.80051365,1.8564567509672216,0.4666083150984682,0.1349893541518807,0.548572366261897,0.8650914634146342,0.3995672147651169,0.1190726005909834,1.513258339143542,24.074569570399387,0.8821734434734967,0.2460739228841044,False,False,False,True,post,65,off_axis,59.82158687009495,13.12
215,5.125178530292328,29.841489944712038,95.43405480304128,40.732089192,2.134433813088505,0.5688205482607693,0.1613083902766887,0.4904501135301188,0.9803482158248578,0.0478405321138323,0.0352007015547669,1.5200773276195152,24.074569570399387,0.883810207675136,0.32889867047973,False,False,False,True,post,66,off_axis,58.58952837575834,13.12
119,2.6095350741515797,35.93257233190695,98.04113937767151,25.782445998,1.832645659025837,0.5906650896187791,0.1409203742600725,0.4932207157146032,0.9863827680118842,0.1972736177868252,0.1642049199995689,1.8157235196252623,24.074569570399387,0.8838840927301821,0.2857146299216161,False,False,False,False,pachytene,66,off_axis,60.248505304797526,13.12
442,9.432047168993169,34.658075288302385,98.94745502471127,27.053857674,1.8622880817367224,0.5985433105003035,0.2043306410036088,0.4660907127429806,0.9879191321499012,0.0749591273241449,0.0711603823311104,1.392587563232956,24.074569570399387,0.885852168366534,0.4383924318103378,False,False,False,False,pachytene,66,off_axis,61.28619019213905,13.12
23,1.974306098005496,32.5823395250753,99.22179465708535,45.04597493399999,2.207271693493599,0.6137582669374577,0.1291534577903017,0.4753943642982338,0.9955409836065574,0.1320539204867761,0.1106416842972317,1.708464384603947,24.074569570399387,0.8892104959975035,0.27167645956627,False,False,False,False,pachytene,66,off_axis,61.834203898244525,13.12
467,10.10190545987567,31.57097786735164,97.7813079333068,25.606512648,1.8284676268895284,0.5607365335287651,0.1630301972421015,0.4450469238790406,0.9577200125274036,0.1019493474018781,0.0710673923345745,1.3733192938861736,24.074569570399387,0.8898128184761643,0.3663213663429601,False,False,False,False,pachytene,66,off_axis,60.57296214632718,13.12
242,5.671029516499085,35.73183541979779,100.66285745825913,29.643596586,1.9199095182626085,0.544353881459207,0.1735323668723984,0.5034734282737061,0.973555840821566,0.0184072169894948,0.0241857921661899,1.7182361659450454,24.074569570399387,0.8920743781507425,0.3446703582101657,False,False,False,False,pachytene,66,off_axis,62.87732605880123,13.12
18,1.4701637892872783,28.517405942894545,98.067435823372,21.196450008,1.7168203031223723,0.5761398849048252,0.1517165005537099,0.4402088772845953,0.9732905982905984,0.2358666509065902,0.1339140467391632,2.100495853512349,24.074569570399387,0.8939521421727,0.3446466175093172,False,False,False,False,pachytene,66,off_axis,61.44253830555969,13.12
431,9.185200681853756,33.37041371455171,101.81051731752656,30.274610868,1.9334368281825347,0.4925615992561599,0.1611374407582938,0.519774011299435,0.9497816593886464,0.2781368244748149,0.1072972142009399,1.5311965698531371,24.074569570399387,0.8958810854304865,0.310014424067587,False,False,False,True,post,67,off_axis,64.28689955371219,13.12
277,6.746712394833961,28.616161057820293,98.77341293071088,43.77456325799999,2.186306625188226,0.5620277584266653,0.194222616582865,0.492719931481708,0.975613802256138,0.0569887991269968,0.0378139483049366,1.4663304943928703,24.074569570399387,0.8962603595316739,0.3941846151804707,False,False,False,False,pachytene,67,off_axis,62.11093107666283,13.12
21,1.913233421490783,30.467222480164057,101.49429603291244,23.948047602,1.7881083633723098,0.5879126261142129,0.1386158886158885,0.485143807939149,0.9842861013275536,0.1173807226973326,0.0907495143624181,1.6003582021512277,24.074569570399387,0.8990996694869675,0.285721236358179,False,False,False,True,post,67,off_axis,64.42073845598442,13.12
117,2.646004341982741,25.499035149385765,97.22359594748048,22.690710594,1.756250641146767,0.6589475860643027,0.2665629168519342,0.4264928766292816,0.98388671875,0.0882711008012392,0.0714674484364212,1.9500859156616128,24.074569570399387,0.8994498567616285,0.6250114162718771,False,False,False,False,pachytene,67,off_axis,61.351548602759834,13.12
216,5.138924886009004,32.785667836574085,102.45664712022854,39.09942770399999,2.105525944128836,0.5455363570914327,0.1524949653166256,0.4748514851485148,0.985224586288416,0.0615919539232736,0.0318229277872186,1.5110247255093228,24.074569570399387,0.9018259069072508,0.321142441555029,False,False,False,True,post,67,off_axis,65.00608637226419,13.12
466,10.25354102167186,28.960557904410635,100.64936360294224,24.245961408,1.795492519534485,0.5306695046439629,0.1733128834355828,0.4665017522160379,0.978984238178634,0.0545554418752403,0.0401258812780948,1.373585508063812,24.074569570399387,0.9021734045827576,0.3715160395696033,False,False,False,False,pachytene,67,off_axis,63.87513932544569,13.12
362,8.206825578326889,30.25794738323436,103.32342972117011,26.669150082,1.8534186211613808,0.5233529773946697,0.1508931369476652,0.4925262963646429,0.945550715619166,0.1474828309761099,0.0815594811141855,1.4150602532030656,24.074569570399387,0.905997528808096,0.3063656459795422,False,False,False,True,post,67,off_axis,66.25824508271998,13.12
17,1.982428029696037,28.04720695401349,103.01763467392908,43.920001494,2.188725237397916,0.6130961918495967,0.1770987163466999,0.4784649364991717,0.9941368966457594,0.134909406814176,0.1119379652543747,1.87169192101462,24.074569570399387,0.9080455697338532,0.3701393829242627,False,False,False,False,pachytene,67,off_axis,66.38004873055857,13.12
375,8.683195712801977,24.59561875649348,98.96079359107635,42.897242286,2.1716021093785245,0.5674522885109641,0.2374433625759182,0.4678887484197219,0.968656453600986,0.0812075631960381,0.0213890417914354,1.4763998658986817,23.746001201374163,0.9104853705374104,0.5074782485748482,False,False,False,False,pachytene,68,off_axis,63.266879113031244,13.12
179,4.436306504961427,23.660958919513902,99.90348428335332,42.55241292,2.1657676419963936,0.5912348401323043,0.1947219808861859,0.5118004045853001,0.9884232121922626,0.0734767589611596,0.0389063310237422,1.6591339373766407,23.09707549489782,0.9112660891078916,0.3804646872914543,False,False,False,False,pachytene,68,off_axis,64.42495949868783,13.12
253,5.675093387178095,31.03840824835984,105.21714018172833,23.23493109,1.77018066644678,0.6225138818778395,0.193311758360302,0.4725862530088259,0.9872188139059304,0.1894272949694109,0.1800164902422707,1.8851799005589407,24.074569570399387,0.912369832772574,0.4090507439214313,False,False,False,False,pachytene,68,off_axis,67.99575560757482,13.12
496,10.5125054466232,26.78837746031784,103.54840407096049,37.68492357,2.079822839887468,0.6392156862745098,0.1728271728271728,0.5276052449965494,0.9862005519779208,0.4585095463526447,0.4100404426899894,1.149989928738259,24.074569570399387,0.913739934905132,0.3275690953912014,False,False,False,True,post,68,off_axis,67.16964400176052,13.12
14,1.96522298205624,23.9837499736972,103.3350821146749,40.133915802,2.1239337952437505,0.539657490209831,0.1732101616628175,0.494540375825292,0.9607727183126356,0.0841263720378865,0.0477335070110258,1.7273475593953251,24.074569570399387,0.9161425395317794,0.3502447325433507,False,False,False,False,pachytene,68,off_axis,67.64614498841176,13.12
361,7.964555546681743,28.460740060697265,105.95198922610275,29.371486338,1.9140169159372051,0.4515613768868302,0.1614360727805592,0.527595747779234,0.8904798761609907,0.1013847213349989,0.0327451353198052,1.6886041410164407,24.074569570399387,0.9161679715161304,0.3059844084416507,False,False,False,True,post,68,off_axis,69.17231861398953,13.12
458,10.083933952030772,24.11302045317508,102.5825575328417,38.925840132,2.1024053923924777,0.4486561407737737,0.1529488010369409,0.5462892119357307,0.9491274770777876,0.1733148201804544,0.0737972878767911,1.328956105918583,24.074569570399387,0.9188030377506432,0.2799777072202827,False,False,False,True,post,68,off_axis,66.8861944900313,13.12
222,5.4937079345479285,26.237829966040128,104.71609587527118,37.98987471,2.0854178377535177,0.4342698363692497,0.1281758492720525,0.5532634795896093,0.5097917314267951,0.3576183029624178,0.0523279719999763,1.539183533709764,24.074569570399387,0.9195141365210204,0.2316723478063809,False,False,False,True,post,68,off_axis,68.43143833841935,13.12
178,4.197561421691178,20.11618194842514,101.86305286228044,38.477796534,2.0943078866179783,0.5681277815033835,0.1852788959171938,0.4943534726143422,0.9836917562724016,0.0840531366127159,0.0731679352479131,1.6468747823030123,20.204446425741732,0.9226152389220466,0.3747903194395776,False,False,False,False,pachytene,69,off_axis,67.26010497265433,13.12
459,9.820613962700016,25.63604351378223,106.38162073774762,28.426137804,1.893257776088415,0.5783957748803432,0.2608506944444444,0.4456840869054609,0.9673566878980892,0.170453592903427,0.0991654568919744,1.3403868445502698,24.074569570399387,0.9237270826350844,0.5852815976796955,False,False,False,False,pachytene,69,off_axis,70.19051405867592,13.12
296,6.712039220553537,22.697143545983792,103.19934824376224,37.799866692,2.0819352557154645,0.5073848827106864,0.1774093264248705,0.5117157974300831,0.9630943931866572,0.1176507920452495,0.0429315328717105,1.349598702664578,23.048554943074315,0.9243860259843396,0.3466950352438754,False,False,False,True,post,69,off_axis,67.85851524686291,13.12
474,10.218947368421096,22.468412678570893,105.66017732143166,24.95907792,1.812925575999229,0.4457706766917293,0.1533381191672649,0.4900797015431575,0.6105540897097625,0.6152278684958706,0.0508978686639649,1.273884664141772,23.485388291836053,0.9290825870902828,0.3128840445430315,False,False,False,True,post,69,off_axis,70.29103948818515,13.12
116,3.179613858767428,24.4625782914571,108.51761969849169,44.34693308999999,2.1957943357098286,0.5667812747950278,0.1503267973856209,0.5097680097680097,0.9896541074737492,0.1538832874531044,0.1119323638868177,1.810365276020511,24.074569570399387,0.9292986648629284,0.2948925678055654,False,False,False,False,pachytene,69,off_axis,72.54234148911496,13.12
11,1.6221075160519034,20.867504330857862,106.0812021024829,55.89754396199999,2.371927292363716,0.6565529396953292,0.083743842364532,0.5769794721407625,0.9844364219815483,0.4010798950852379,0.4415652775862154,1.4506894543237474,22.055087150871085,0.9294159169393535,0.1451418055720733,False,False,False,True,post,69,off_axis,71.1243509846802,13.12
340,7.707966087467622,25.29510909090984,109.29300909090816,27.945253314,1.8825209316576896,0.5139763283807606,0.1999447284786514,0.5291882556131261,0.9645852749301024,0.2380866059389287,0.1164541906868196,1.7016790958968202,24.074569570399387,0.9308490165974016,0.3778328909567205,False,False,False,False,pachytene,69,off_axis,73.10290203214177,13.12
457,10.090457413249446,19.06155038868948,101.9915860072091,41.64225105599999,2.150214879951385,0.5727242000901307,0.2218118395403714,0.4589321028345418,0.9805685498380712,0.0562781556576738,0.0284673539914242,1.3713267368753308,19.22245652993717,0.9310740972804245,0.4833216900068133,False,False,False,False,pachytene,69,off_axis,67.66564700583152,13.12
7,2.5340480831709526,17.944462037036782,104.22652314814786,43.321828104,2.178743252701256,0.5604829976175005,0.1559737964022044,0.490205741037329,0.9573483220367004,0.1460047369015245,0.0773304275481666,1.6891480895751456,18.74287146785148,0.93412893205277,0.318180272781275,False,False,False,True,post,69,off_axis,70.11775397282337,13.12
439,9.351405726076722,22.43930188289847,108.74033247356024,27.283743917999995,1.8675480523760484,0.4977216060527899,0.1888364343237989,0.484594317014721,0.950516986706056,0.1676742781362141,0.0894848213821325,1.3360259012712663,24.074569570399387,0.9364674327846908,0.3896794239913929,False,False,False,False,pachytene,70,off_axis,73.26736334015271,13.12
268,6.593812523156574,16.362034086698102,102.36043984808973,37.987528932,2.085374913790107,0.5702111893293813,0.1722169362511894,0.4941091954022988,0.966335540838852,0.1114463353984529,0.0802355370914983,1.461392648672858,16.719522974546596,0.9368876592323548,0.3485402373679203,False,False,False,True,post,70,off_axis,68.74210649784666,13.12
481,10.272007540056892,19.586061031617916,106.15638193813956,27.377575038,1.8696864884495064,0.5080113100848256,0.2034956304619226,0.4564611633577151,0.9692857142857144,0.1073263415672303,0.0632101765117642,1.2582518069261357,20.840275059897976,0.9371815878360644,0.4458114880245554,False,False,False,False,pachytene,70,off_axis,71.53905632643729,13.12
9,2.130247099140264,20.517670378164706,109.4878881560736,39.017325474,2.1040511611202497,0.5318343052966994,0.1446616871704745,0.5179144728393477,0.9630726698262244,0.1154617753098945,0.0678485968861675,1.6205174043239712,22.62784271278405,0.9386395243590872,0.2793157842788211,False,False,False,True,post,70,off_axis,74.50071659410166,13.12
252,5.943639328984155,22.546908113932,110.97181424161371,40.272316704,2.1263724400884367,0.5433946877912395,0.1444007858546169,0.5019772930220692,0.9609975623476468,0.2266769497700065,0.1244321514073774,1.610570609253614,24.074569570399387,0.94254373506462,0.2876639797495151,False,False,False,True,post,70,off_axis,75.39418606527309,13.12
4,1.607556675062975,16.33076602347713,108.03354010265576,49.357514898,2.275559655388541,0.6517751057459247,0.1784032294236376,0.4886037941858878,0.9945833333333334,0.2244443093846287,0.2057018463368086,1.6315343777742113,18.204601055198648,0.9451457061467508,0.3651286206667578,False,False,False,False,pachytene,70,off_axis,74.21746833835562,13.12
415,9.07291913682674,16.175684918187745,105.2149202810075,39.56858330399999,2.113913913920398,0.5327839696466683,0.2332911761844537,0.5009516558812334,0.981139728249848,0.0596750380982617,0.0547308368985476,1.3230228114014555,17.302337484820235,0.9452289318630014,0.4656959877177506,False,False,False,False,pachytene,70,off_axis,71.54266212149162,13.12
214,5.238701359587419,13.312865084388882,104.2011140998593,40.028355792,2.122070040517513,0.5553211439287389,0.1594106569181345,0.5195044807590933,0.9845712235378544,0.1959315042351792,0.1042160364335585,1.6739525417415202,14.272742555796272,0.94576498992559,0.3068513609068505,False,False,False,True,post,70,off_axis,71.3303064298826,13.12
498,10.765172340875496,17.085372732077918,108.0678844047358,22.186368324,1.7431410741963105,0.3463734404736731,0.059342665855143,0.585571012617276,0.6643192488262911,0.7222560272572652,0.0936329114060992,1.279379154361503,18.940967678496868,0.9473283275985908,0.1013415359990315,False,False,False,True,post,70,off_axis,74.04901949792308,13.12
395,8.81249858485199,19.543000447187836,110.47100242273362,41.440514148,2.1467370014022986,0.4632627646326276,0.1776235906331309,0.5140265766715882,0.5765360169491526,0.3880670599084152,0.0491514212010396,1.3594714622445472,21.951156983620702,0.9473491265046874,0.3455533209649872,False,False,False,True,post,70,off_axis,75.70843823405336,13.12
177,4.613945959407245,18.99665743369516,111.98765478147362,37.677886236,2.079693368843813,0.5151911343543768,0.1532187907785993,0.5646590471298317,0.9649412249948442,0.2590408149253859,0.163752363291424,1.518070348200859,21.829739101660895,0.950418210076113,0.2713474468485224,False,False,False,True,post,71,off_axis,77.31591537653603,13.12
5,1.7928666793820611,16.64667877169465,112.024372897198,36.896742162,2.0652207061328105,0.535634814673533,0.1381710914454277,0.482064622124863,0.9641091768751344,0.0677144592544859,0.0377428646143961,1.564647861271235,19.57493627681424,0.9526378895977756,0.2866235875936961,False,False,False,True,post,71,off_axis,77.97894791943537,13.12
414,8.790237520128873,15.085015006038669,108.5407102656987,23.307650208,1.7720254738283605,0.4615539452495975,0.2173785839672323,0.4790654205607477,0.8643113159242192,0.3981641054907646,0.0935638392433072,1.2984084754255416,17.13956355240018,0.954076096500972,0.4537555303256702,False,False,False,False,pachytene,71,off_axis,75.03893792961433,13.12
465,9.700389640155771,12.751019757048198,106.10737387119082,30.703888242,1.942532330803322,0.7624723049889219,0.0133291018724214,0.6687037632679318,1.0,0.2160467150290854,0.4386050920756003,1.0863948430018222,14.240444521874279,0.9551008444480288,0.0199327454167187,False,False,False,True,post,71,off_axis,73.317377974809,13.12
492,10.470763131813465,16.594240964651032,111.34387281136463,21.302010018,1.7196655524496829,0.4706530117828432,0.1999001331557922,0.4426877470355731,0.8711056811240073,0.3585109699163106,0.0757970045115995,1.3021349837792122,19.34265080815953,0.956264008902504,0.4515601222179949,False,False,False,False,pachytene,71,off_axis,77.33717416531432,13.12
162,3.912224448897849,10.813696137729243,106.65318495172336,38.627926326,2.0970281564493427,0.5867492560879335,0.1583178726035868,0.4943423952975753,0.9888059701492538,0.1097410389857822,0.0969905150633162,1.773675026068375,12.519278018805288,0.9576891149821636,0.3202595490687897,False,False,False,False,pachytene,71,off_axis,74.36079467503787,13.12
2,1.7275490891885126,12.65974348828985,109.64369375443472,39.662414424,2.115583540958325,0.4768748521409983,0.1071068039571976,0.5405313736574335,0.967622343054869,0.1577729554397704,0.048561893926701,1.811431538510976,15.096988492629999,0.957918086150594,0.1981509477099797,False,False,False,False,pachytene,71,off_axis,76.74961079034276,13.12
408,8.681157883575453,17.858602247905406,113.52761378432857,22.123032318,1.741480763141089,0.6018449793235076,0.2216003316749585,0.4151797603195739,0.9765242908379524,0.0927303548231857,0.0882018052886326,1.4799357393281989,21.14432938441912,0.9584719521280746,0.5337455070169784,False,False,False,False,pachytene,71,off_axis,79.10389100721099,13.12
449,9.523762017050272,13.02773565209558,110.5586237075994,25.864548228,1.8345889044850965,0.3677670959550154,0.1240261372204071,0.5429637067852532,0.5041509433962265,0.8473213646932622,0.102123102452605,1.2295825184160067,15.695978134250513,0.9629985091613258,0.2284243599903455,False,False,False,True,post,72,off_axis,77.53301774783779,13.12
207,5.094796863862979,15.603047826086808,114.37130340342053,39.49351840799999,2.112576310833565,0.5783440247089571,0.1526617331105275,0.5182420059163263,0.9832285115303984,0.2246724428894324,0.1654808049966903,1.413105585129393,19.196052045616753,0.9637143759604084,0.294576146602782,False,False,False,True,post,72,off_axis,80.5193603054503,13.12
456,9.56804157193883,14.555938567716357,112.92292215004908,14.445300923999998,1.5108197776246235,0.6149723936342968,0.0905255082470272,0.547870097005483,0.9928486293206198,0.0437353496424918,0.040952337711103,1.3736534977405943,17.800138147546782,0.964964405249327,0.1652317013500396,False,False,False,True,post,72,off_axis,79.40326423285705,13.12
251,5.891875614552566,12.13579636799388,110.53833311209485,38.170499616,2.0887176906435045,0.538102261553589,0.1811744198714456,0.4872272485364555,0.9850436227669298,0.0319575676894056,0.0233414622669248,1.3721653546353696,14.83102144792799,0.9658413422097494,0.3718478808721424,False,False,False,False,pachytene,72,off_axis,77.75168947800826,13.12
3,2.1210563713879744,13.164106122691331,114.44680095333854,39.615498864,2.1147490569884444,0.5296068214116533,0.129329241560719,0.4894259818731117,0.9715793747462445,0.0999087544874859,0.070013190685132,1.591509756796284,16.865875462033014,0.966188919948231,0.2642467836827036,False,False,False,True,post,72,off_axis,81.24352437658561,13.12
499,10.919311483141556,9.967524098089754,109.10180134402124,29.845333494,1.9242549345274764,0.4386544054075296,0.0882165198519085,0.6065527863343602,0.958071278825996,0.287666187870524,0.1109764487586208,1.499403813820502,12.35783845886651,0.9686877688792936,0.1454391469949979,False,False,False,True,post,72,off_axis,76.94646028098622,13.12
206,5.047368755157841,8.897498457436733,110.68644993334688,36.953040834,2.066270573864575,0.6201993271122961,0.1677562943385728,0.4669898044459301,0.992739898989899,0.1766671816377326,0.1830283079817661,1.5528922223343875,11.749922940751455,0.9723626002076196,0.3592290297164214,False,False,False,False,pachytene,72,off_axis,78.75933224175496,13.12
1,2.615337859683088,9.37114682832192,113.15556554801218,36.27745676999999,2.05360103550008,0.5551891367604267,0.1925108580819344,0.4981828754179386,0.9506316812439262,0.1836688772629676,0.1228011827855301,1.621770181044748,12.865833051969638,0.9734996570180346,0.3864260848396928,False,False,False,False,pachytene,72,off_axis,81.0122457601811,13.12
491,10.28783747661074,10.332107564822053,112.34597914996132,26.326666494,1.845450585471651,0.479372716742404,0.1688477951635846,0.4786924525072736,0.9320550229262192,0.3053515683475074,0.1291410879304087,1.3235637326815708,13.575654612740017,0.973582831219588,0.3527270887167769,False,False,False,True,post,72,off_axis,79.9754096955743,13.12
426,9.241252531547106,13.997154961831768,116.43621676273352,15.057548981999998,1.531869931915037,0.6541517370306902,0.1127098321342925,0.5346846846846847,0.9993412384716732,0.159912217679818,0.1824031594683427,1.6071988146726863,18.200008420404117,0.9739713412597352,0.2107968216833441,False,False,False,True,post,72,off_axis,82.93817327250828,13.12
267,6.438759689922337,12.488495166113074,117.6940115614639,42.36475067999999,2.1625791682772744,0.567718715393134,0.2456275968692627,0.4693224029716921,0.9569038364035828,0.1622351946873443,0.0978093175233533,1.5915359082684029,17.08209490481095,0.9788370260983852,0.5233664434384099,False,False,False,False,pachytene,73,off_axis,84.55321862994728,13.12
448,9.931580835255138,10.495044166025323,116.7030588777888,45.77785767,2.219161717054339,0.562592877273892,0.191130484222496,0.4796157450796626,0.9858270252858752,0.1539611743566475,0.0888776494275716,1.4491766041797904,14.896390657671894,0.9826715964131452,0.3985075264590195,False,False,False,False,pachytene,73,off_axis,84.13068927585222,13.12
250,6.022037274149782,8.645726589842194,114.759596564233,32.976947124,1.9893320497828144,0.4938824868402333,0.1594802126402835,0.5531974701335207,0.97075,0.2444167445497793,0.1281476484909149,1.3896675711955837,12.595181064636025,0.9832900638671368,0.2882880368230736,False,False,False,True,post,73,off_axis,82.751756474476,13.12
161,3.904814342308516,8.65237954743857,116.97152638823891,34.935671754,2.0279636349150967,0.5526086080709058,0.1807451125046109,0.505327930361699,0.9579217700513633,0.2837592990602776,0.1824667895661844,1.7081667242288336,13.19236961841483,0.983607129524338,0.357678849010461,False,False,False,False,pachytene,73,off_axis,84.88155544137575,13.12
497,10.800375743659362,7.456874929547485,113.6145447134953,22.474899018,1.750664989323326,0.4929548063876422,0.1885752463671287,0.479003705228489,0.8205250596658711,0.3064776484266028,0.062644319140059,1.4029404045460754,11.143689198212565,0.9836391163134244,0.3936822289864682,False,False,False,False,pachytene,73,off_axis,81.96582812356237,13.12
358,8.107613363824033,6.073582876903235,112.03395494450564,42.057453762,2.1573376470302903,0.5968542584639411,0.2140060896041757,0.4532374100719424,0.9866335094808828,0.1601470887742598,0.1271044560278745,1.721188473710661,9.388494044571885,0.9863014884162308,0.4721721659520703,False,False,False,False,pachytene,73,off_axis,80.81211633399799,13.12
205,4.987785676068238,6.55900825498747,118.70981288695327,30.689813573999995,1.9422354663789236,0.5102805167010624,0.203802659376165,0.497892929608241,0.9728260869565216,0.1580984609659508,0.0773371571740705,1.986352592779573,11.639318724242106,0.9929341356814316,0.4093302942392129,False,False,False,False,pachytene,74,off_axis,87.1158061524152,13.12
374,8.738258327619533,5.605850950954487,117.2414706268755,64.999162602,2.4942484868477965,0.7081814572882457,0.1841388356371708,0.4031659658669305,0.9941372321945572,0.127391737707308,0.2259320063365816,1.717822998981615,10.328612416758915,0.9958091532981193,0.4567320935466758,False,False,False,False,pachytene,74,off_axis,85.95538087929955,13.12
394,9.192461930683033,7.372645814097827,121.22239957968692,34.044276114,2.0105667602428205,0.4874939709226211,0.1091148640555754,0.5769023931164291,0.9772430028773216,0.0810973392070537,0.0593378415892769,2.3931995247150257,13.094477608939728,1.0,0.1891392120357423,False,False,False,False,pachytene,74,off_axis,89.3198049242803,13.12
