nucleus_id,cz,cy,cx,vol_env,r_eq,gap,gap_int,thick,void_big,void_off,offset,syp_io,s_um,s_norm,score,merged,mitotic,crescent,post,cls,row,zone,r_um,off_axis_cut_um
386,8.143576910243667,242.1024095595625,21.691872072072133,14.060593331999998,1.4972868581090053,0.4758091424758092,0.0,0.5515595162316995,0.9475308641975309,0.4007863434945825,0.2045333126625519,0.9410480820064347,92.54893117314921,0.0,0.0,False,True,False,False,mitotic,0,off_axis,86.89676566106637,18.11
344,7.159026115142702,241.24122786105195,17.60134889682814,63.685526922,2.4773310484529243,0.5984014144167373,0.1100318341359889,0.5908465559937632,0.95218663381583,0.2675403104576141,0.1951089067631065,1.0170141635965095,88.73613399886838,0.0126832719418877,0.1862274274425158,True,False,False,False,pachytene,1,off_axis,88.61041424606091,18.11
215,6.622169959234856,238.7230512699886,18.57450277516461,14.961372084,1.5286014651150892,0.8513640639698965,0.0176165803108808,0.4968354430379746,0.9741293532338308,0.3478406408350785,1.164750697403098,0.9746749840526888,88.03917437655497,0.0143023723871223,0.0354575756575691,False,False,True,False,TZ,1,off_axis,86.00225606459155,18.11
485,9.548297749567183,240.5582972302388,16.2080667628386,4.065233274,0.9900693607044844,0.5851125216387767,0.0,0.4714881780250348,0.9801084990958407,0.1299703273942945,0.0642380400534386,1.0276645162441287,87.20795026609605,0.0173291643294512,0.0,False,True,False,False,mitotic,1,off_axis,88.8792707696704,18.11
550,9.672961168903887,241.43237385849028,28.96423428889016,59.080764708,2.416123704510999,0.7481934408004447,0.0828633405639913,0.5830968148848944,0.9898342006535156,0.1836859262329759,0.3424873839495946,1.0889488320184422,98.03096218667513,0.0220364843382195,0.1421090605345682,False,False,False,False,pachytene,1,off_axis,82.07146401038653,18.11
372,7.862057142857149,234.87274731428803,18.906642685713997,4.1051115,0.9932962200088016,0.5948571428571429,0.0,0.4823695345557123,0.91,0.2920322785532547,0.1092882451340731,0.9788296774780512,86.03951588184268,0.0228963276290048,0.0,False,True,False,False,mitotic,2,off_axis,82.69521458072896,18.11
373,7.594671016857009,236.5542308319743,16.08552398042377,4.313885741999999,1.0098573009059058,0.5492115280043501,0.0,0.5235223160434258,0.5887850467289719,0.9239901084499412,0.085345374396402,0.979634116577922,84.75029212444178,0.0233508401662023,0.0,False,True,False,False,mitotic,2,off_axis,85.71581049427684,18.11
343,9.112707374272796,236.15302270043028,27.815283601146007,54.013884228,2.34497886762215,0.8423086945192391,0.0639340036091776,0.608647755439273,0.9929848381986874,0.1605367940804955,0.5759449439760493,1.0060828147779826,93.99265592543108,0.0253763708421308,0.1050427000474769,False,False,False,False,pachytene,2,off_axis,78.48207424701805,18.11
470,9.625521098118636,232.6395273157086,27.34755041179497,46.14145325999999,2.225021540954369,0.7485510930350787,0.0676720075400565,0.6882329154872624,0.9993158494868872,0.0832007727840437,0.1767438853128443,1.053063205243553,91.54502835469344,0.0328508868190041,0.0983271883939834,False,False,True,False,TZ,2,off_axis,75.91837702818624,18.11
497,9.99695014662765,237.0346537829904,11.815561759530915,3.99955149,0.984708214801156,0.6604105571847507,0.0,0.4576856649395509,0.5975274725274725,0.996926592525228,0.1130945489657083,1.0564376367978805,84.6176092144317,0.0332375324176772,0.0,False,True,False,False,mitotic,2,off_axis,88.67124615846856,18.11
496,10.067118997912418,230.83704112734824,20.153126461377635,4.494510647999999,1.0237594763139732,0.6748434237995824,0.0,0.4606741573033708,0.983490566037736,0.1595483698179965,0.121587941760207,1.017879680067575,84.66951643489018,0.0340563765824596,0.0,False,True,False,False,mitotic,3,off_axis,78.69974868228275,18.11
374,7.723184079602038,237.9593193283581,10.324195895522717,9.43002756,1.3106139440096176,0.8012437810945274,0.02203182374541,0.4956195244055069,0.9970436067997044,0.1025843488279228,0.2089650278395923,1.0807535811202296,84.6176092144317,0.0357542731291615,0.0444530989206631,False,False,True,False,TZ,3,off_axis,90.3206371986177,18.11
183,5.430263602904241,229.90449502237104,20.964996896449517,117.91053116999998,3.041968147022315,0.7645478961504029,0.202332007818292,0.5428812843261512,0.999664726142217,0.1486775811069159,0.3503324471987594,1.0211740765324613,84.77625569764776,0.0403269484874739,0.3727002821057567,True,False,False,False,pachytene,3,off_axis,77.46792784667477,18.11
580,11.104310344827663,231.1542712823277,15.465485075430998,4.353763967999999,1.0129595202688222,0.6745689655172413,0.0,0.478476821192053,0.9919632606199772,0.0626239238665178,0.061265006981533,1.004281878651154,84.6176092144317,0.0406607319281326,0.0,False,True,False,False,mitotic,3,off_axis,81.79443974084363,18.11
359,7.817266744096025,231.954533333332,11.911448664344052,6.059144573999999,1.1309434819523003,0.6829268292682926,0.0,0.4981684981684982,0.9912280701754386,0.1817818381997646,0.152922926139524,1.1210362673230807,84.6176092144317,0.0417065783990421,0.0,False,True,False,False,mitotic,3,off_axis,84.6669364061104,18.11
214,5.418106275967555,231.96623774327492,27.558548961294875,21.454485588,1.7237588101985208,0.5246009184342881,0.1885031728256812,0.4694112235510579,0.9216570959803118,0.2403736466254016,0.1729486772170768,1.0460503283587612,91.31892664440132,0.0418846846929177,0.4015736381411375,False,False,False,False,pachytene,3,off_axis,75.25000792892898,18.11
306,7.284032753326492,229.97510542477016,23.383433213920632,4.583650211999999,1.0304832881295205,0.6499488229273286,0.0,0.4824561403508772,0.9649334945586456,0.3133011210350737,0.2087785693480229,1.0472149469805387,86.77216314836886,0.0425670428264207,0.0,False,True,False,False,mitotic,3,off_axis,76.10038497760405,18.11
537,10.313786443483677,228.38237862595483,27.34994833072769,25.505644194,1.8260635847361752,0.7509427021061345,0.0342368045649073,0.6362629246676514,0.9960108277532412,0.147009425422455,0.266393412365197,1.0061287995825878,89.03925304159182,0.0455868896662028,0.0538092087996337,False,False,True,False,TZ,4,off_axis,72.47680605013889,18.11
495,10.276381909547789,227.62315314070335,16.888405402010306,5.601717863999999,1.1017360003745973,0.707286432160804,0.0,0.4992846924177396,0.9700404858299596,0.1355485847155462,0.12312298064206,1.0595877620757692,84.6176092144317,0.0462367324674777,0.0,False,True,False,False,mitotic,4,off_axis,78.15422954185829,18.11
371,7.779003749330485,228.76214220675053,13.06949550080315,4.379567526,1.0149567569729974,0.628280664167113,0.0,0.4812680115273775,0.5894308943089431,0.905176428963198,0.1093348465920759,1.0411044055896757,84.6176092144317,0.0478547575877879,0.0,False,True,False,False,mitotic,4,off_axis,81.48791377258827,18.11
536,10.48021868787274,226.0411547713697,20.331441053677683,4.719705336,1.0405798822440635,0.6317097415506958,0.0,0.5060728744939271,0.9775,0.1286119931685775,0.0843932350957316,1.0138343931597895,84.6176092144317,0.0482823886823383,0.0,False,True,False,False,mitotic,4,off_axis,74.7654425077262,18.11
440,9.021888619854836,226.69072794188665,23.336997966102235,4.844031569999999,1.0496377747643646,0.6934624697336562,0.0,0.4881516587677725,0.9922330097087378,0.102611098578954,0.1059286140959642,1.1050976251191362,84.79994618168492,0.0498010814508853,0.0,False,True,False,False,mitotic,4,off_axis,73.47366612728219,18.11
148,5.294339530330258,231.12257786692737,34.583144760276035,287.68621391999994,4.095216004586576,0.7894732550554469,0.2003035371368394,0.626709012742554,0.9997370857671952,0.0416972180786241,0.1143387791143506,1.041517332310957,96.49846520528588,0.0527148613226925,0.3196117066520028,True,False,False,False,pachytene,4,off_axis,70.4303514658258,18.11
535,10.46489535941772,222.33654949954692,28.131156578707877,12.89005011,1.4545277081459924,0.5321201091901728,0.0,0.6631660832360949,0.9947807933194156,0.1735706401899676,0.0958624180905406,0.9734989160826306,86.109187562464,0.0634673384255373,0.0,False,True,False,False,mitotic,5,off_axis,67.13105517299748,18.11
358,7.680634573304179,222.87150607221204,13.141209682713049,4.288082183999999,1.007839781854394,0.7045951859956237,0.0,0.4388888888888889,0.9875565610859728,0.1461779401189914,0.1417511656018322,1.0294103225814697,84.6176092144317,0.0652554395296382,0.0,False,True,False,False,mitotic,5,off_axis,77.08542751345455,18.11
293,6.963852122318579,221.36455741670449,25.33117722501085,5.139599597999999,1.0705662773371376,0.6846188954815153,0.0,0.4963820549927641,0.967894239848914,0.2023020129656667,0.1734963362662456,0.9967125282462188,84.6176092144317,0.0676632970142283,0.0,False,True,False,False,mitotic,6,off_axis,68.0082261811842,18.11
633,11.058322076278708,219.3225732259528,22.138158211421636,163.23330790799997,3.390315049374018,0.7091081539390107,0.2110535136609892,0.573461120442644,0.9980175519183812,0.0865027948035267,0.138956174537141,1.0546844872390522,84.6176092144317,0.0689002765204969,0.3680345643974624,True,False,False,False,pachytene,6,off_axis,68.41807133059096,18.11
549,10.713244128891658,225.85836353085875,5.439124993173255,34.360956144,2.0167816303929325,0.7219415619879848,0.1199222126188418,0.572550945249202,0.9984114376489276,0.1847019047429919,0.258314160985123,1.102836705704153,84.6176092144317,0.0693230871068324,0.2094524751271624,False,False,False,False,pachytene,6,off_axis,84.64276843857762,18.11
184,6.007615202561371,235.7470419601811,43.63924853821646,101.09834024399998,2.8899154631916533,0.8223815490277971,0.104573634343198,0.6517308948399739,0.9997848669248264,0.0453537209510016,0.142937673966171,1.1093980900201723,106.54069395933308,0.0697593229255465,0.1604552356979716,True,False,False,False,pachytene,6,off_axis,68.93997024167338,18.11
596,11.477349624060237,223.52700982142807,8.65505982142788,14.975446751999998,1.5290806505587389,0.5809837092731829,0.0,0.6317757009345795,0.98869204673954,0.1818807467693113,0.1387915469499623,1.0332438279397618,84.6176092144317,0.0704955862771355,0.0,False,True,False,False,mitotic,6,off_axis,80.71042623526837,18.11
325,7.514371273353033,224.39860450510372,5.57949201537012,88.51793282999999,2.764697063942955,0.7474493176096462,0.1227908689248895,0.6432318992654774,0.9994317951215552,0.0982821504657549,0.2013409697518432,1.0203461015340534,84.6176092144317,0.0708350375057108,0.1908967342339637,True,False,False,False,pachytene,6,off_axis,83.5355639704877,18.11
430,8.647639484978507,219.78276502145764,27.475605418454613,4.372530191999999,1.014412835777203,0.6797210300429184,0.0,0.4757118927973199,0.9610091743119266,0.1527918955504336,0.1181637304418578,1.043385026948081,84.6176092144317,0.0714593026101233,0.0,False,True,False,False,mitotic,6,off_axis,65.45577461754353,18.11
534,10.368794799133305,218.9768410901829,29.15152928821401,14.072322222,1.4977030717453066,0.5284214035672612,0.0308324768756423,0.6443973135383527,0.9783677482792528,0.1804053028045789,0.0898702903733791,0.964665814208176,84.9546728485776,0.0738410549471578,0.0478469978503523,False,False,True,False,TZ,6,off_axis,63.81504901533189,18.11
233,6.360083333333304,217.61265012500087,26.04709762499916,5.6298672,1.103578371699995,0.6979166666666667,0.0,0.4993103448275862,0.9935064935064936,0.1265677063529186,0.1394295230532737,1.0157861736321547,84.6176092144317,0.0790838833547529,0.0,False,True,False,False,mitotic,7,off_axis,64.60989224601832,18.11
421,8.949520412983585,218.79240172945853,8.19228204602128,144.047189646,3.251911566758091,0.770905597081766,0.1839433841870178,0.6027153824282059,0.999616242534718,0.0894376990854619,0.2145653605207317,1.1141511694222122,84.6176092144317,0.0808148581751923,0.3051911226256595,True,False,False,False,pachytene,7,off_axis,77.8269656231228,18.11
271,6.8347591175146665,215.8865170643877,19.51374853669456,5.209972937999999,1.075430343566208,0.6271949572264746,0.0,0.5507246376811594,0.9784714747039828,0.1806597935190787,0.1278442203282456,1.0053864647713775,84.6176092144317,0.0867508018906221,0.0,False,True,False,False,mitotic,7,off_axis,67.63351879803977,18.11
173,4.852489451476773,215.8643825316477,16.32798430379741,5.559493859999999,1.0989608349678064,0.6991561181434599,0.0,0.4936886395511921,0.982367758186398,0.1524526563517396,0.1489398527914676,1.0506120747154084,84.6176092144317,0.089475180878873,0.0,False,True,False,False,mitotic,7,off_axis,69.86752233773666,18.11
249,5.877567703228896,214.7457265243669,10.361835540310713,98.14031418599998,2.8614507684691484,0.7918110763200038,0.2287940499380202,0.5470723306544202,0.9997250386664376,0.0884063598335505,0.2288992774567195,1.1254977420174876,84.6176092144317,0.0911714854018512,0.418215356759739,True,False,False,False,pachytene,8,off_axis,73.53755105546374,18.11
370,7.855164954029249,213.17399480800347,18.663036181719708,4.337343521999999,1.011684439503359,0.5792320173066523,0.0,0.5218508997429306,0.9837278106508875,0.2410596487234477,0.165685400099797,1.057841723132497,84.6176092144317,0.0918036376906977,0.0,False,True,False,False,mitotic,8,off_axis,66.31888575837603,18.11
213,5.426353617632971,213.3640250598936,21.280249448969556,4.895638686,1.0533521423828327,0.6439865836128413,0.0,0.5208613728129206,0.9840933191940616,0.1290982016222869,0.1100194549249619,1.04711348902026,84.6176092144317,0.0932467482546579,0.0,False,True,False,False,mitotic,8,off_axis,64.59340201672028,18.11
522,10.29098922624889,210.8650854064653,24.1461267384921,4.790078675999999,1.045726256173649,0.677277179236043,0.0,0.4734446130500758,0.983957219251337,0.1562682659347754,0.1493591964208265,1.0338654994535612,84.6176092144317,0.0946721412589328,0.0,False,True,False,False,mitotic,8,off_axis,60.80359142108271,18.11
410,8.595609103079045,218.6534665863457,40.82462495314503,26.28444249,1.8444634493723835,0.6050870147255689,0.1350664581704457,0.5487005649717515,0.994729907773386,0.1651504217591494,0.1574894950148242,1.0671139618904344,94.19709570710233,0.0950344006946055,0.2461569511549515,False,False,False,False,pachytene,8,off_axis,56.6775877596344,18.11
533,10.37167859984091,210.5495883054909,28.61590566825763,11.794571784,1.4120969756358348,0.5375894988066825,0.0,0.6352688172043011,0.9683544303797468,0.3089835193515278,0.1605413330457165,1.0021539791067668,84.6176092144317,0.0987796991114036,0.0,False,True,False,False,mitotic,8,off_axis,57.543482447327534,18.11
81,3.9382511068940262,216.42299140773065,40.70743161171749,118.677600576,3.048550422836988,0.8183111954459203,0.1068791294209094,0.6684073107049608,0.9999737918020756,0.0698725812927176,0.2235911449295822,1.045506617882153,92.78851080474884,0.0999148565651486,0.1599011975320638,True,False,False,False,pachytene,8,off_axis,54.94419733201728,18.11
292,7.184471365638758,208.7574340308353,19.77441112334767,4.259932847999999,1.0056295998002915,0.6883259911894273,0.0,0.469964664310954,0.992248062015504,0.1620144793459871,0.1816814569626059,1.0524591727297803,84.6176092144317,0.1053988817809087,0.0,False,True,False,False,mitotic,9,off_axis,62.50333827151913,18.11
270,7.126452189454868,207.42266380696933,23.08890187667617,5.249851164,1.078167228997154,0.6903485254691689,0.0,0.4992784992784992,0.9948892674616696,0.1349558105320044,0.1650883119665286,1.0749095591216031,84.6176092144317,0.1088303385827034,0.0,False,True,False,False,mitotic,9,off_axis,59.152159764777736,18.11
342,7.513157031301626,208.0740039110057,7.794221917449331,107.241932826,2.947306766253752,0.819760701708336,0.139515455304929,0.6408980582524272,0.9998243713959548,0.039375723775726,0.1187675879969371,1.0594998250413274,84.6176092144317,0.1127743794319206,0.2176874364159468,True,False,False,False,pachytene,10,off_axis,71.50324292807579,18.11
420,8.613111480865259,205.106540865226,30.228710415972994,7.049062889999999,1.1894538379871518,0.7400998336106489,0.0,0.5160051216389244,0.9960045662100456,0.0856605699725504,0.1188755161978335,1.004092664113923,84.6176092144317,0.1163316156920342,0.0,False,True,False,False,mitotic,10,off_axis,52.43642703563095,18.11
172,5.636870052133646,211.86166588627253,43.500256033983376,48.595137048,2.2637826859273518,0.8253041127630817,0.072051282051282,0.5816523901630285,0.9992214869599064,0.1089744323140269,0.3187735795034637,1.0091549732891183,92.35847251222765,0.1164879526580357,0.1238734393081186,False,False,False,False,pachytene,10,off_axis,49.6130974611393,18.11
258,7.01859838274932,203.29909609164488,21.136793261455075,5.221701828,1.076236755343758,0.655884995507637,0.0,0.5026109660574413,0.5779904306220096,0.9493569600744478,0.1735484770015839,0.9901808869488148,84.6176092144317,0.1205889544781704,0.0,False,True,False,False,mitotic,10,off_axis,57.94413248907634,18.11
409,8.493486276116279,201.8020317492816,25.95974514543136,5.726044097999999,1.109827187835458,0.6866038508807866,0.0,0.5398692810457516,0.5911602209944752,0.8350123943232216,0.1089872385739377,1.0670511038766402,84.6176092144317,0.1224803608246565,0.0,False,True,False,False,mitotic,10,off_axis,53.26996723225394,18.11
248,7.053252973394351,209.9118291014481,45.67695267777364,102.362714586,2.901913046975225,0.7705845956413135,0.1872868972235752,0.585156328039157,1.0,0.0789060806533848,0.1886674675297026,1.134925783340839,92.96886938161022,0.1249112244749613,0.3200630126502581,True,False,False,False,pachytene,11,off_axis,46.75525081927933,18.11
461,9.888707653701465,200.20727082810507,29.266976599748507,11.217510395999998,1.3886814166163994,0.5976578837306566,0.0,0.6070686070686071,0.9678571428571427,0.2069737758576623,0.1391878132799432,1.0241866460732474,84.6176092144317,0.1294176156651552,0.0,False,True,False,False,mitotic,11,off_axis,49.72810907548138,18.11
408,7.99744400860426,197.96179336960665,30.41353969378653,18.538683534,1.6418372089308315,0.8862457294698216,0.0066298342541436,0.5239154616240267,0.9996921656148992,0.0739640613041986,0.3407136796649313,1.0554753811210131,84.6176092144317,0.1375176114680908,0.0126543970158707,False,True,False,False,mitotic,12,off_axis,47.389251157414705,18.11
162,5.203972972973072,199.08251890540623,4.27739631081061,17.3587572,1.6062384080152894,0.6343243243243244,0.031496062992126,0.5720620842572062,0.9953161592505856,0.0979066388046027,0.0736343282970047,1.113977624621363,84.6176092144317,0.1408374517522893,0.0550570713544528,False,False,True,False,TZ,12,off_axis,69.88402832561995,18.11
341,7.392264580895161,196.6031356931694,17.144903165608596,76.176794772,2.6297312179978065,0.7875531194186118,0.2055504375863657,0.5344252790259458,0.9994125355867866,0.0461762361577651,0.1093919546259276,1.072123335675684,84.6176092144317,0.1436382758462727,0.384619601005787,True,False,False,False,pachytene,12,off_axis,57.41882621230739,18.11
157,4.765568508193951,196.2728639635061,18.415775519513467,13.884659982,1.4910156887111956,0.853522554485555,0.0170068027210884,0.52479815455594,0.9997800747745766,0.0983261341240558,0.3230840483542253,1.1710916082944829,84.6176092144317,0.1438149452921107,0.032406369141063,False,True,False,False,mitotic,12,off_axis,56.159224996275114,18.11
439,8.477845064883695,193.85105478568457,28.486255894612217,29.82656727,1.9238515373437728,0.7914274478961856,0.0264317180616739,0.6711915535444947,0.9990048651039364,0.1281739543793029,0.3162850749379517,0.9905709977586412,84.6176092144317,0.1471192295931369,0.0393802900559322,False,False,True,False,TZ,13,off_axis,46.39515725113374,18.11
340,7.437156398104229,190.9306929383888,21.98998137440802,4.94959158,1.0572075394629403,0.6654028436018957,0.0,0.4915014164305949,0.8737060041407867,0.403579332908065,0.2099218271286571,0.9972283120648604,84.6176092144317,0.1568026397073781,0.0,False,True,False,False,mitotic,13,off_axis,50.40975431809143,18.11
156,4.543684742337512,193.35425673627608,6.226666369147849,13.929229764,1.4926093723099048,0.5693836308521387,0.0,0.6226046147829488,0.991150442477876,0.2024818837588134,0.1160897391170868,1.0663887471301132,84.6176092144317,0.1573633345927922,0.0,False,True,False,False,mitotic,14,off_axis,65.67177024605381,18.11
450,8.843209251897386,190.5496033249009,29.498720339716822,32.45383863,1.9787571069546528,0.7813516443801951,0.0700891484783277,0.6581818181818182,0.9989578991246352,0.0888194673610165,0.2065654910431032,1.0405905297194882,84.6176092144317,0.1573746110682594,0.1064890377433155,False,False,False,False,pachytene,14,off_axis,43.72199221310246,18.11
229,5.917077625570738,190.08464890410752,24.19283534246616,5.13725382,1.07040337924008,0.7095890410958905,0.0,0.4685534591194968,0.9796640141467728,0.1132014839856921,0.1002359629203022,0.9844950026781446,84.6176092144317,0.1648560762395596,0.0,False,True,False,False,mitotic,14,off_axis,48.06878627515381,18.11
324,7.256462204122924,190.6433263629413,10.274166581826924,46.08280881,2.224078495346386,0.5764825655383049,0.2860820319203707,0.394951923076923,0.9818639798488664,0.1337316040596894,0.0645936719909255,1.0505055250237625,84.6176092144317,0.1698503700899005,0.7243464715695328,False,False,False,False,pachytene,15,off_axis,60.885897201200684,18.11
246,6.493737373737408,185.41129560606265,22.194991060606537,4.64464044,1.0350337149326836,0.7025252525252526,0.0,0.4634974533106961,0.9770459081836328,0.1502960136174024,0.1403205035047896,1.0832847405309811,84.6176092144317,0.1733507053815146,0.0,False,True,False,False,mitotic,15,off_axis,47.870278653070805,18.11
247,6.395599559955955,185.34851991199344,26.416502640263285,6.396936606,1.1515809691581629,0.7422075540887423,0.0,0.4950213371266003,0.998109640831758,0.0907766377816695,0.1344337856574491,1.0217178065870305,84.6176092144317,0.1736848378644497,0.0,False,True,False,False,mitotic,15,off_axis,43.96917733303885,18.11
449,8.759833333333312,184.3058124166651,32.97283749999985,8.4448008,1.263281879858799,0.5,0.0849008642602948,0.4888888888888889,0.8573008849557522,0.3444299928788091,0.0770937482619127,1.0314158609189097,84.6176092144317,0.1782793473581385,0.1736608587142395,False,False,False,False,pachytene,15,off_axis,37.60753511913825,18.11
357,7.392857942460885,181.9943371319757,32.25847586477211,41.909669748,2.1548078205759227,0.7875293854248293,0.0857418111753371,0.6633298208640674,0.9998419347190388,0.095185592002068,0.2248985758792413,1.0177341198304288,84.6176092144317,0.1842664785688923,0.1292596962754487,False,False,False,False,pachytene,16,off_axis,37.269357494960865,18.11
182,4.822078977304052,189.7462990033029,44.29444774389332,43.30540765799999,2.1784679453212297,0.5945506743946698,0.2271553949406298,0.4782899131596526,0.989797405626002,0.1849508641169673,0.1420512926514004,1.0431993394705033,84.6176092144317,0.1849689798383332,0.4749324388633001,False,False,False,False,pachytene,16,off_axis,31.617082259904837,18.11
493,9.582625671059096,181.87219641288397,33.658942313323905,9.612998243999998,1.319036311210198,0.6007808687164471,0.0683371298405467,0.5812958435207825,0.9803108808290156,0.2994507060120265,0.249716242582258,1.0790587326321226,84.6176092144317,0.1858786532575213,0.1175599836163348,False,False,False,False,pachytene,16,off_axis,35.938078832463674,18.11
368,7.843514644351502,179.444943514646,20.98686338912114,4.485127535999999,1.0230465516570049,0.6605648535564854,0.0,0.4899845916795069,0.5264394829612221,1.0854020741368189,0.1097117679159353,1.0110763337755222,84.6176092144317,0.1908740637558469,0.0,False,True,False,False,mitotic,17,off_axis,47.09999531603424,18.11
448,9.048713889988218,179.83564285714388,33.4924285714286,11.855562011999998,1.414526796534281,0.5524337158686189,0.0,0.6396993810786914,0.978191489361702,0.2589586264947573,0.1539004180175629,0.9958717403720512,84.6176092144317,0.1915974525333685,0.0,False,True,False,False,mitotic,17,off_axis,35.311854594210665,18.11
194,5.1288888888889,179.38115333333516,27.770526666666537,4.01128038,0.9856698445282626,0.6035087719298246,0.0,0.4808259587020649,0.9707317073170731,0.1553945838301057,0.0870917736071718,0.9693854474839682,84.6176092144317,0.1921395560786556,0.0,False,True,False,False,mitotic,17,off_axis,40.568290692866796,18.11
245,6.355086451612813,178.23417581419096,25.3128877316131,45.44944875,2.213842243859929,0.7941677419354839,0.0170076411141237,0.6449348044132397,0.999566599248772,0.0667716067667966,0.1713894829320317,1.0219850655035143,84.6176092144317,0.1949474499817469,0.0263711013853521,False,True,False,False,mitotic,17,off_axis,42.607984494162544,18.11
124,4.203251884821248,179.50526284403648,32.11282402579796,51.649340004,2.310248635094418,0.7569715687165046,0.1672891378773732,0.5759671089515979,0.999083732731886,0.0969476417732704,0.1731791062855723,1.0256590514427857,84.6176092144317,0.1962229959395514,0.290449116412013,False,False,False,False,pachytene,17,off_axis,36.490944483888455,18.11
305,7.143877551020384,175.32460454081652,32.34639198979503,4.59772488,1.03153695275734,0.6903061224489796,0.0,0.4678747940691927,0.9894957983193278,0.0755478578963362,0.0651052918088224,0.9192612279161744,84.52430496447874,0.2039798015157183,0.0,False,True,False,False,mitotic,18,off_axis,35.075044188210306,18.11
232,6.210219991793322,184.1899252154129,48.63938165893399,74.32128437399999,2.608203854059068,0.7806394596471293,0.0649804923987622,0.6984172661870504,0.9998664529914528,0.0482462931644566,0.1193001120676054,1.0718885285771258,84.6176092144317,0.206199813196716,0.0930396419800984,True,False,False,False,pachytene,18,off_axis,24.622120354384062,18.11
244,6.979900493317432,176.2533845596089,12.887944299447902,111.26963365199998,2.98375172403757,0.8069317367289286,0.1318608398900369,0.6233893863288927,0.9998559783391422,0.0205462802613283,0.052701966997361,1.0862429522193084,80.87527939304303,0.2078259508296529,0.2115224333005707,True,False,False,False,pachytene,18,off_axis,54.21083346433612,18.11
548,10.943037974683511,174.40182833209303,36.91044231198791,12.601519416,1.44359300125071,0.6733060312732688,0.0,0.5566951566951567,0.9952135493372608,0.0811738787231948,0.0805340523656724,0.9934390889388308,84.6176092144317,0.2102734409830022,0.0,False,True,False,False,mitotic,18,off_axis,30.42186459553738,18.11
268,6.678807947019877,172.1776799254964,33.00429052152244,5.667399647999999,1.106025338406874,0.7268211920529801,0.0,0.5318181818181819,0.99633431085044,0.0657865394470341,0.0870681537762521,1.0525655349701752,81.61860754136494,0.2134181923097762,0.0,False,True,False,False,mitotic,19,off_axis,33.69922170770395,18.11
267,6.571171171171207,170.63148595769508,28.606747179788368,11.977542468,1.4193615517139655,0.6508029768899335,0.0,0.567021873247336,0.9966887417218544,0.1189541764096856,0.1117918933238505,0.9792838217715848,79.08657318033647,0.2184450728022878,0.0,False,True,False,False,mitotic,19,off_axis,37.61303126145921,18.11
646,11.09706342025182,169.37746736036635,39.15534519207103,28.517623146,1.8952866582846324,0.806284445175619,0.0312628547922665,0.6662420382165605,0.999438202247191,0.1802604364871906,0.495734533684187,1.0774461613043864,80.33504923093953,0.2265321674260282,0.0469241701948933,False,False,True,False,TZ,20,off_axis,27.06377582715247,18.11
406,8.329151291512968,166.45710000000082,26.163574907748185,5.721352541999999,1.109523997767691,0.7011070110701108,0.0,0.522633744855967,0.993006993006993,0.1620142588709389,0.1760347203612355,1.0369707490239228,74.45647196919178,0.2303035966957662,0.0,False,True,False,False,mitotic,20,off_axis,39.01187065510579,18.11
683,11.88339716152271,166.639446068935,40.57968551475526,10.412908541999998,1.3546522256917912,0.4778103176391078,0.0,0.6712683347713546,0.8171701112877583,0.4489870096047815,0.1034711086297194,0.9774735148916897,78.00620728917501,0.2357820729967024,0.0,False,True,False,False,mitotic,21,off_axis,25.03843606369694,18.11
269,6.444080896560492,173.60455123019605,50.59077623341657,18.210274614,1.6320844560605088,0.6229550431534201,0.172696438665913,0.4974376494704475,0.9942066301898936,0.0432575657066488,0.034290550728073,1.0261293147226118,84.6176092144317,0.2363628445654908,0.3471720302026974,False,False,False,False,pachytene,21,late,17.118412101150906,18.11
304,6.977766990291233,162.41480250000055,36.64808912621323,9.66460536,1.3213925031979772,0.5466019417475728,0.0219895287958115,0.5776231263383298,0.9814020028612304,0.0882557934269383,0.0495192764792693,0.9726932405645368,72.97904685231488,0.2442065843284708,0.0380689896112844,False,False,True,False,TZ,21,off_axis,27.872641664743597,18.11
491,9.792846990381452,162.11354437245598,36.25133886556734,70.96682183399999,2.568358135931787,0.7776749413281328,0.2634691195795007,0.5065417781742492,0.998697133694127,0.078776880618364,0.1391869074362096,1.0384194437692928,72.59333382763839,0.2459754961077593,0.5201330491023545,True,False,False,False,pachytene,21,off_axis,28.187907729091087,18.11
645,11.76223560290288,162.8295934228813,43.11334881889794,15.193604106,1.5364699313641477,0.5876177242550564,0.0007482229704451,0.6323474354174466,0.9970940791863422,0.0990223768582239,0.0768545156885304,1.005763293070272,74.89478591763462,0.2492138053331272,0.0011832466276252,False,True,False,False,mitotic,22,off_axis,21.683814777750744,18.11
171,4.754075174869961,168.19144004714815,51.95723647800392,91.553369562,2.795944681434798,0.8031463783340593,0.1512372956252762,0.6203306000260315,0.9995402461451408,0.132709617756576,0.3412259153741488,1.0389715308070884,82.17675662932587,0.2535899016885284,0.243801120916701,True,False,False,False,pachytene,22,late,14.339657187998192,18.11
303,7.642075578116258,158.4233331077255,30.57254636209766,12.477193182,1.4388298196973477,0.666854671930814,0.0,0.5914221218961625,0.9981597350018404,0.0628421132617324,0.072329769500978,0.9371281439360296,67.67704396908995,0.2551008543947957,0.0,False,False,False,False,pachytene,22,off_axis,32.845851213349,18.11
231,6.2946247770614665,166.72300777610735,47.39591039374389,85.49187921,2.73282665339647,0.7871312937302786,0.1444640494044993,0.6357308584686775,1.0,0.0456364048070321,0.1082285629525443,1.0947903601839422,79.68201153161368,0.2557710600412118,0.2272408952311649,True,False,False,False,pachytene,22,off_axis,18.43089610537102,18.11
211,6.516338318720888,173.83895981433903,62.37021017019103,45.48463542,2.214413410614853,0.7422382671480144,0.2462675312924144,0.4235694277711084,0.9993496841322927,0.0098628846631455,0.0234977404220963,2.113274556815933,85.20946130229218,0.2569911645538326,0.5814100715160544,False,False,False,False,pachytene,22,late,7.771814200997219,18.11
243,6.146214760849012,163.44246984478875,47.56308216661356,7.405621146,1.2091800145490064,0.7047830218561926,0.1123809523809523,0.3562231759656652,0.9759238521836506,0.0513128174146111,0.0658521767501054,1.0514957637270446,76.53160958448966,0.2602602775273347,0.3154790590935168,False,False,False,False,pachytene,23,late,17.500926701561532,18.11
505,9.999774011299492,157.19592033898292,34.671418983051844,4.15202706,0.9970658812590296,0.6847457627118644,0.0,0.4874551971326165,0.9976331360946744,0.2257664824649118,0.2090581374455117,0.9538986315404038,67.44256384931343,0.261242216993972,0.0,False,False,False,False,pachytene,23,off_axis,28.57357805481738,18.11
209,4.418895397489586,164.82985398326048,50.56597689539887,28.0320471,1.8844678604399177,0.7952301255230125,0.1181981981981982,0.5234981610134859,0.999540757749713,0.2205030187534521,0.5801885272331575,1.094540130719658,78.58298208956913,0.2629587364443527,0.2257853169328579,False,False,False,False,pachytene,23,late,14.905915652403264,18.11
242,5.896530156366262,162.28726775874932,47.68317556217303,15.75189927,1.555063420090885,0.7341772151898734,0.067398119122257,0.519327731092437,0.999548736462094,0.1428134271049815,0.2957092428501476,1.0947215187202006,75.4365562648229,0.2637687199918725,0.1297795497661583,False,False,False,False,pachytene,23,late,17.113922166273326,18.11
208,5.859952907082048,162.57817101974416,49.23758183300073,12.951040338,1.4568181680139989,0.7449737366419127,0.1111111111111111,0.2066761363636363,0.9936428966279712,0.2418741365454978,0.4453815913619768,1.056684191579485,76.08301930659016,0.2658893717648261,0.5376097747231771,False,False,False,False,pachytene,23,late,15.670700389249797,18.11
257,6.249964573554125,155.14618843548453,21.72941760472946,105.944717592,2.9353748310390566,0.7808874324683376,0.1476313522825151,0.6604688763136621,0.999968444304197,0.0664250466893136,0.1595847687706991,1.0901793718292183,63.79996045190329,0.2667052372295906,0.223525070714163,True,False,False,False,pachytene,23,off_axis,40.700287442112845,18.11
612,12.3825113073442,165.6239154210639,55.11398779345255,43.565789016,2.182825363893606,0.6616411802713762,0.2190878588293774,0.5560152768936982,0.9994524748138416,0.0335419256070478,0.0133929420334683,2.139598478910444,80.41895391379646,0.2686359455533108,0.3940320849696073,False,False,False,False,pachytene,23,late,10.66986275418953,18.11
447,9.701985179763936,154.77438239868263,20.594863406825397,25.641699318,1.8293047607977528,0.6992955813740738,0.0685746670444885,0.6002433830240341,0.9982005561917224,0.1050517322011694,0.1307359353256082,1.0625104239859111,63.79996045190329,0.2687400973501856,0.1142447696782736,False,False,False,False,pachytene,23,off_axis,41.7412219712094,18.11
289,6.740161725067376,154.23779266017098,34.88481546755098,11.313687294,1.392638895306155,0.6265809662036077,0.0201305767138193,0.5974458634092171,0.9949050486336268,0.0250619489402674,0.0150577499158484,0.9198638055762414,64.61643953475864,0.2689210123483809,0.0336943946669039,False,False,False,False,pachytene,23,off_axis,27.674089987952602,18.11
417,8.697491789671815,153.08170605398843,24.675929676278358,129.998325204,3.142556172247975,0.797141722905915,0.2163669315488637,0.550880626223092,0.9993327345053252,0.1003571091176057,0.259657571763046,1.1311116182976375,63.79996045190329,0.2700639534117493,0.3927655489217385,True,False,False,False,pachytene,24,off_axis,37.426460160713845,18.11
578,11.957215772056571,168.7085299848581,60.16149130068856,41.822875962,2.153319276397612,0.5870772337203433,0.1897424609289015,0.5810920945395273,0.9985007496251874,0.0618431240098475,0.0681223869412212,1.793932234283519,84.59876988840632,0.2720436482733489,0.3265273486111672,False,False,False,False,pachytene,24,late,6.484020296436612,18.11
193,5.171866795633745,161.44356472295357,51.48236613237528,50.92918615799999,2.299460969273643,0.7768412325549261,0.1486557722720084,0.5341589267285862,0.9994076999012832,0.1579772932344316,0.4229440805011943,1.1080332830075044,75.50503223195251,0.2735552470773388,0.2782987699605412,False,False,False,False,pachytene,24,late,13.222779038187385,18.11
521,12.052182682610333,176.30243492292007,63.30306892378763,48.84613529399999,2.2676735416661207,0.6831868606828988,0.2273366127898805,0.4911323328785811,0.9967820575329108,0.0946304093171531,0.113421054563535,2.089222683200488,87.41442788658503,0.2750968840134177,0.46288260326384,False,False,False,False,pachytene,24,late,9.213014196456587,18.11
210,6.436877356897475,167.87368618788096,63.87210569032558,41.677437726,2.150820335544557,0.7219001519671301,0.1842496285289747,0.4713620724549686,0.9996915167095116,0.0289747353390295,0.057556659407965,1.809083875843828,84.6176092144317,0.2751598780942214,0.3908876833669661,False,False,False,False,pachytene,24,late,2.6813306771494383,18.11
772,13.539354413702917,159.5657598221328,51.511489525692674,35.60891004,2.04090766641918,0.6646245059288538,0.0957371225577264,0.6635238656452563,0.9993875551200392,0.0523580872726456,0.0492344152870557,2.1258579615898547,73.68614573333346,0.2763361316535107,0.1442858765368222,False,False,False,False,pachytene,24,late,12.755177367182988,18.11
682,12.323421713306054,156.42893513563305,50.10492105811074,38.308900518,2.091239111889482,0.666891188537138,0.1788679245283019,0.5873161764705882,0.9993965725319816,0.0246288545257683,0.0472837008866709,1.8611772407109843,70.3073145841362,0.2772572528774744,0.3045513331561698,False,False,False,False,pachytene,24,late,13.388899729928923,18.11
145,5.003848488093876,164.30425714898166,59.058478761914536,65.70758755799999,2.503277357041476,0.7923315840205634,0.0999535819278972,0.6230015471892728,0.9997475639925278,0.1090505018001101,0.2757811386768806,1.013005013837599,80.0586724768248,0.2775100572270196,0.1604387378792987,True,False,False,False,pachytene,24,late,6.526107906044323,18.11
207,5.761801689570409,159.02092864094456,51.42249441351674,60.25599948599999,2.432039150109206,0.8531942227585938,0.1417842512517069,0.5751789976133651,0.9998556998557,0.1505678515241031,0.6860517631813271,1.0694179356394409,73.13561337330171,0.2776304690001314,0.24650456960359,False,False,False,False,pachytene,24,late,12.71424734709928,18.11
30,2.3411550492553617,171.3969532797894,67.63562784443701,50.24421898199999,2.289105612298656,0.7029739950511229,0.1896573684880906,0.4751650424394844,0.9985603743026812,0.067477333837571,0.0823145625713622,1.9955624372214529,88.02590498143556,0.2781069634284114,0.3991399862127796,False,False,False,False,pachytene,24,late,2.69681033880573,18.11
181,6.338091918270985,179.3772487638797,67.43662174612483,43.741722366,2.1857597457723075,0.6658979996782324,0.2019982067375432,0.485553772070626,0.9991981672394044,0.0602914331499633,0.0674814375663105,2.2525298779526555,92.56595749063219,0.2791653004613155,0.4160161414793039,False,False,False,False,pachytene,24,late,9.262832167454706,18.11
429,8.910952271155251,164.08433864422273,58.762376389209,10.173639186,1.3441959232664693,0.6569056951810006,0.1236749116607773,0.4825268817204301,0.9995391705069124,0.0971485799084266,0.1350932200126713,1.9122729076521732,79.77558723705437,0.280080729690438,0.2563067807120289,False,False,False,False,pachytene,24,late,6.7625471390015015,18.11
484,10.406173088561408,166.31122162598518,59.85116368771322,34.884064638,2.0269645707775914,0.5555779705467017,0.1240556660039761,0.5941897412619156,0.9962660028449504,0.0697532007987274,0.0670551225300224,1.7968920864183222,82.19538527809257,0.280525980311616,0.2087812316323601,False,False,False,False,pachytene,25,late,6.2249199108638,18.11
631,12.534034165571642,173.41053910341006,67.81563073385216,46.413563508,2.229386848271163,0.6513696553118367,0.1580617600390577,0.568135691504784,0.9996895052784104,0.0552226446596403,0.0529342602129228,1.904284328714046,89.35748494664074,0.280992967198456,0.2782112836819137,False,False,False,False,pachytene,25,late,4.217936140818206,18.11
759,13.648294293350167,167.10536769376503,63.39390980977874,44.764481574,2.2026643186322605,0.6193470628307918,0.2152965323538943,0.585352422907489,0.9992914501653284,0.0767911912175434,0.0696717569583133,1.8032284662300837,83.79627164170108,0.2838119770947191,0.3678066818011967,False,False,False,False,pachytene,25,late,2.9662574685122145,18.11
385,8.052822642670767,163.74619323950185,60.81141622058007,30.499805556,1.9382188834085103,0.6694354714659283,0.1994784876140808,0.5232666356444858,0.9996971073754354,0.0467263096126526,0.0671638380941964,1.7232843327633098,79.9261691314357,0.286717039299412,0.3812176699712402,False,False,False,False,pachytene,25,late,4.691259704007605,18.11
356,7.433402061855664,148.11978865979498,35.19959089034607,12.51472563,1.4402710826101954,0.6095595126522961,0.0444954128440366,0.5943350936149784,0.988749459108611,0.094489207487204,0.0761026727157179,0.9815844476246062,62.71866157260888,0.2871288437536838,0.0748658682989728,False,False,True,False,TZ,25,off_axis,26.403302972411005,18.11
660,12.372739144629314,162.04944675155122,60.612925367285854,43.110708084,2.175198268807438,0.6871259114158232,0.2297387809778969,0.5412173913043479,1.0,0.0879225106139149,0.1226883885818444,1.767748313681848,78.23006983730123,0.2880056283573478,0.4244852154957927,False,False,False,False,pachytene,25,late,4.487312535233839,18.11
288,6.7070659198620985,150.14724131839753,40.03234142610947,10.889101476,1.3749950833723,0.6385178802240414,0.0,0.6179976162097736,0.9958960328317372,0.1492576695013632,0.133508821230795,0.9358917102208012,63.79996045190329,0.288339152570155,0.0,False,False,False,False,pachytene,25,off_axis,21.800430242434352,18.11
33,1.6582923069272038,175.9059289720993,71.83437911382873,47.171249802,2.241452764994861,0.706300661395395,0.2196088794926004,0.4828987470369116,1.0,0.0731144739017997,0.1140872076260713,1.924881680630366,94.07492716885892,0.2889967505570615,0.4547721045874117,False,False,False,False,pachytene,25,late,3.867154131082214,18.11
718,13.140675801207305,152.98576586739136,52.308761669763285,40.403680272,2.128681923219539,0.735078959591268,0.1791689152725309,0.5522682445759369,0.9998041903270022,0.0708560743868169,0.1463020056774176,1.84063048472174,67.47524440738376,0.2895695515232585,0.3244237144399043,False,False,False,False,pachytene,25,mid,10.44072969323116,18.11
427,8.427051114023543,153.91737939711743,45.62385184796883,8.94914307,1.2879458793712462,0.6398427260812583,0.0,0.6091703056768559,0.9950576606260296,0.1799827584230043,0.1667826264581407,0.982848386968928,66.81716562304273,0.2902992823913619,0.0,False,False,False,False,pachytene,25,mid,17.15808448569916,18.11
547,10.519261855374772,157.3048010871894,54.43938354910159,32.79632221799999,1.9856933365775744,0.6251341105786424,0.1335757976525045,0.6262163709215799,0.9968186638388123,0.0696039801178381,0.0634794089041729,1.9801915265030807,72.17286432193995,0.2904397563069326,0.2133061412238805,False,False,False,False,pachytene,25,late,9.379606721594085,18.11
80,4.638406473700638,168.88581092436914,72.38106178026706,45.221908284,2.210141563188131,0.6873119618217658,0.2322975038206826,0.4761114797611148,0.9998953646541802,0.0446640643345308,0.0537817590928407,2.115243737689577,90.38143000337271,0.2904404259169176,0.4879056979202351,False,False,False,False,pachytene,25,late,2.127760216128779,18.11
532,12.06318386300944,180.1878457988692,70.45624584240377,48.494268594,2.262215297043761,0.663667585739854,0.2160333746758371,0.4986336833021717,0.9995833767315904,0.0649141108674509,0.0637621159617785,2.023611010811181,95.48357466852998,0.2914907401408728,0.4332506645864135,False,False,False,False,pachytene,26,late,8.139129698293967,18.11
230,7.184090543367677,165.1152326181372,69.30694603872932,43.732339254,2.185603444236421,0.693826100949418,0.2993740027003805,0.4323756131744919,0.9993365033727746,0.0336641825193407,0.0215529678349513,2.069313855060482,83.24463165455765,0.2932945688037635,0.6923933579472333,False,False,False,False,pachytene,26,late,3.248268127919955,18.11
428,9.269918496857713,161.34167182853784,62.56577179120307,37.703689794,2.080168017221339,0.6533316742362969,0.1997702139882234,0.5545585068198133,0.9991125760649088,0.0825240833523267,0.0963729981693031,1.81884173091764,77.99877559210381,0.2939698080108809,0.3602328907256897,False,False,False,False,pachytene,26,late,2.4230796343257444,18.11
338,7.030505709624637,145.61173507340834,36.81444726753655,11.503695312,1.4003918901368224,0.6439641109298532,0.0495372890582471,0.5830469644902635,0.9944868532654793,0.1279662822068046,0.1356215136440384,0.9802906188259114,60.355767309702244,0.2950402774223459,0.0849627767148325,False,False,True,False,TZ,26,off_axis,24.582636991660415,18.11
703,12.595382625685042,156.76169157976355,57.29586154206021,85.24791829799999,2.7302246984221674,0.763765443988883,0.1055428214211293,0.6983110075713453,0.9999596285829632,0.1105017170676674,0.2500584916709134,1.7345628513777698,72.31305841536047,0.2955243054803781,0.1511401370976473,True,False,False,False,pachytene,26,late,6.475337436991978,18.11
565,10.69073766682147,152.05140950135973,54.85805951795983,35.329762458,2.0355605995306565,0.6458402496514175,0.1717391304347826,0.6051743532058492,0.9993385368434978,0.1791356348670838,0.222349206306291,2.025266631971048,67.1631874406308,0.2969408340631555,0.283784548246323,False,False,False,False,pachytene,26,mid,7.743590136763178,18.11
366,7.731376146788941,151.46899421184312,46.49585459549614,14.06293911,1.4973701193480196,0.6523769808173479,0.0261682242990654,0.5988483685220729,0.9948293691830404,0.0696368569903006,0.0765996149479089,1.0232114422661918,64.64071124597353,0.2982452888788557,0.043697579678888,False,False,True,False,TZ,26,mid,15.737512364438777,18.11
155,6.28342049927211,183.1322168922173,72.912059702378,43.507144566,2.1818454813016213,0.657626570334825,0.1091470258136925,0.5321259842519686,0.9990872789503707,0.0702352530041602,0.0774545936629115,2.1010670840909813,99.2025020046664,0.298773959116859,0.2051150085578418,False,False,False,False,pachytene,26,late,9.071825961137689,18.11
567,12.39445392932894,167.57450229707226,69.66378309793744,45.341542962,2.212088825484564,0.7002431579491954,0.1848621271806415,0.5226095961339317,0.9997080291970802,0.0970836135420941,0.1383007504681017,1.936952548902448,87.4131862501838,0.2990769878216991,0.3537289183899065,False,False,False,False,pachytene,26,late,1.5867770600866817,18.11
758,13.34370421245378,149.18039869505722,48.36727463942247,40.985433216,2.1388498956360027,0.6884729853479854,0.2182967111877064,0.5270990262722763,0.9982226171961788,0.0487841208263757,0.0975164844984155,1.844900634394488,63.79996045190329,0.2994763282862296,0.4141474377813475,False,False,False,False,pachytene,26,mid,13.416068084933919,18.11
576,10.861484511981333,149.33369743571083,52.75655529660969,32.109009263999994,1.9717238909156112,0.6661309175920515,0.1863984333273989,0.5293216630196936,0.9965024774118332,0.1099699836542147,0.118206485215436,1.7537252675799373,64.02926878771636,0.3000401699443012,0.3521458620530025,False,False,False,False,pachytene,26,mid,9.15101073524858,18.11
110,3.672390092076198,154.04555974905932,57.82600270068717,72.35317663199999,2.5849749052744184,0.7913370509661523,0.3033124052825287,0.4746737103791175,0.9994659157117888,0.0446386411441389,0.0952193174128811,1.1323449998767865,69.79631306104136,0.3023617914779119,0.6389913716524892,True,False,False,False,pachytene,26,late,5.324505307031995,18.11
460,10.52949601838458,170.85107832290691,74.46451242584797,43.89185215799999,2.1882575360668546,0.6724921169365614,0.2140566884699243,0.4685052219321148,0.9986498649864988,0.0447920091341816,0.0535119215192429,1.9216543071243228,93.22270427994765,0.3028508981159131,0.4568928550831405,False,False,False,False,pachytene,27,late,1.7669236525705538,18.11
44,3.663016695999734,172.81828644341832,76.11152764115579,49.31529089399999,2.2749105772486318,0.7448508776102364,0.2439746300211416,0.4198359433258762,0.9990611130078524,0.0579378468374593,0.0967135728244301,2.0742332095492477,95.71244273439379,0.3037870408895018,0.5811189677768223,False,False,False,False,pachytene,27,late,1.1474324602896397,18.11
577,11.882132747963508,161.79388130091138,67.20660946219127,40.607762958,2.1322599613549693,0.6619490497371614,0.1797028315110737,0.5510936431989063,0.9997643176997408,0.0564218664926332,0.0794593730061844,1.768230505441024,79.52409670501014,0.3038136236135952,0.3260840217062956,False,False,False,False,pachytene,27,late,1.9831957994039322,18.11
717,12.642554760675528,152.41619949111214,57.22344681023781,31.806403902,1.9655102823025223,0.5627996164908917,0.1202137132680321,0.6403508771929824,0.9972948602344456,0.1264457628840003,0.1114744295028788,1.8637123705371972,68.07120475428667,0.3042552323577966,0.1877310042815843,False,False,False,False,pachytene,27,mid,5.529175239505909,18.11
704,13.318879829159584,176.55221690447854,75.31120711997912,48.332409912,2.2596956362743903,0.7008833236264803,0.2751969892978948,0.4853155930553302,0.99972087830294,0.0690523833481175,0.085533820748016,1.9071472233844529,97.26521836015475,0.3051073354176538,0.5670474908201023,False,False,False,False,pachytene,27,late,2.3413549337331796,18.11
719,13.35402965475684,156.46629612081034,62.86634569130714,42.87378450599999,2.1712062000683017,0.7210701975160037,0.1460636515912897,0.5790506080816006,1.0,0.1010556913147689,0.1661181091163951,1.916493243344903,73.32899705275781,0.3060214976929495,0.2522467804242531,False,False,False,False,pachytene,27,late,0.9903195865903298,18.11
504,10.357081735024918,156.32438710534126,61.29172030834989,31.799366568,1.9653653117840515,0.7519917379758041,0.1053751995742415,0.6299821534800714,0.9998847660751324,0.0737375152428056,0.165590804368309,2.274968650841671,72.82266397891573,0.3060426759144192,0.1672669598529746,False,False,False,False,pachytene,27,late,2.4880545710446205,18.11
446,9.368792530463736,141.30757425225462,29.049559740464677,14.822971181999998,1.5238733884412057,0.614495964551353,0.01535974130962,0.6498357963875205,0.9972583961617546,0.1295137747780996,0.1277502229432507,0.9386149970366766,55.41194521394831,0.3072112816089925,0.0236363422806281,False,False,False,False,pachytene,27,off_axis,31.95677434920713,18.11
34,1.7747278300389868,179.85156409999132,77.03007201669939,44.38681131599999,2.196452315438047,0.7132966916816403,0.0997344839030865,0.5411981566820276,1.0,0.0529177860652288,0.0891047610386823,2.057369810932664,100.59772672696954,0.30826747121525,0.1842845964489934,False,False,False,False,pachytene,27,late,3.995010410192719,18.11
575,11.018918711067386,146.7301004998853,55.03543974467389,30.502151334,1.9382685724100808,0.5414904252864723,0.1732075995007627,0.4870848708487085,0.8954479318229058,0.3023639575775572,0.1549410622156811,1.7748695624157451,63.00716674996527,0.3102694334769606,0.3556004504902022,False,False,False,False,pachytene,27,mid,6.52092641134141,18.11
594,13.39248120300707,146.22254634920645,54.668531111110646,42.11844399,2.158379974860923,0.5336675020885547,0.1380481778875849,0.5868864206377642,0.9961959829580036,0.1713873088467423,0.1216036533315111,1.9513884156229544,62.47047127262588,0.3107375138283575,0.2352212847889191,False,False,False,False,pachytene,27,mid,6.843712913317588,18.11
459,10.715639920810755,159.10465625945685,68.13611827762895,40.286391372,2.126620124708043,0.6746826598346338,0.1867540029112081,0.4938249507785932,0.9980963712076144,0.1080011778372255,0.1331736000116618,2.2880821210963043,77.12693805000951,0.3122047971341705,0.3781785481206668,False,False,False,False,pachytene,27,late,3.5160194501602904,18.11
716,12.799731981589025,148.6641981297003,58.6266334731687,40.260587814,2.12616599215222,0.6949251296393404,0.2089439492370448,0.5296027501909855,0.999113769801706,0.1896355225851656,0.299057578603413,1.778100841947771,64.75157008781588,0.313150048206901,0.3945295774270346,False,False,False,False,pachytene,27,mid,3.2871955990477906,18.11
494,11.618535280806114,182.4883684684158,77.50365515325971,45.611307432,2.2164671752602425,0.6340259205924708,0.1739988392338943,0.5207982012366498,0.9995307917888564,0.0757573860092586,0.0689120727568099,1.93983834869697,102.53365857996964,0.3134242486719579,0.3341003076061501,False,False,False,False,pachytene,27,late,5.846816589336844,18.11
206,5.41949168736872,142.50115241735236,43.72534374164086,12.275456273999998,1.431033096533364,0.6239250907701128,0.0,0.5919715447154471,0.7748427672955975,0.4623636744578513,0.1909258676923775,1.0110674392070012,57.83923554636241,0.3137031816017835,0.0,False,False,False,False,pachytene,27,mid,17.433981004690175,18.11
564,10.693747584821256,144.4374475770917,52.47029955947146,30.352021542,1.9350833262384315,0.6192905170415024,0.1490758334772844,0.5915550142103126,0.9993557738766308,0.2045711295967919,0.2280273433543245,1.793173973551797,60.50630450948071,0.3145335512298408,0.2520067109502756,False,False,False,False,pachytene,28,mid,8.883528715634922,18.11
286,6.807408637873799,146.92980944352175,50.7943011129581,28.243167119999995,1.8891869148527,0.7941029900332226,0.035408560311284,0.6736587333602259,0.999536715311559,0.0768327124339119,0.1879926188183062,0.9541382263751924,62.84840538072235,0.315117946493613,0.0525615694680677,False,False,True,False,TZ,28,mid,10.763795179431762,18.11
702,12.40146304181628,152.66078085489457,62.8527900589583,42.969961404,2.1728285117632167,0.6552025330276231,0.0879422382671479,0.6930018999366688,1.0,0.2153648077740619,0.2501372270320523,1.8926350950456463,69.6259061902376,0.3159288859405379,0.1269004288086147,False,False,False,False,pachytene,28,late,0.11325159709026944,18.11
285,6.510988226899687,145.8222601498388,53.75095526221793,13.150431468,1.4642564002877363,0.608990367463432,0.0411198600174977,0.6491788321167883,0.998443579766537,0.0804938371442474,0.0746391727738617,1.0565958993935325,61.994210246450976,0.3168107547494245,0.06334134445422,False,False,True,False,TZ,28,mid,7.724252472237129,18.11
45,3.2593778133439435,175.74139564369278,82.41496751025362,46.90148533199999,2.237171762944945,0.7347204161248375,0.1798360909231483,0.471342383107089,1.0,0.0407013815948054,0.0518229456510846,2.1208880919800577,102.52807291235943,0.3206041524560144,0.3815402505025515,False,False,False,False,pachytene,28,late,2.498397617969607,18.11
573,12.49144558972578,141.9659233398121,45.22877834995007,111.058513632,2.981863432424434,0.6395741804663737,0.1726946572287404,0.634142053445851,0.9994480064540784,0.0500170864193496,0.0718971570136453,2.2059667713052584,57.43273537858695,0.3216732880037122,0.2723280316931177,True,False,False,False,pachytene,28,mid,15.890756004729056,18.11
419,9.635945799458176,173.2690526016265,80.81485117073397,43.27960409999999,2.178035178796108,0.6733875338753388,0.2703717157040803,0.4888815134417524,0.9995505112934038,0.0429892111723156,0.0545577904465382,1.8696570364686955,99.77867853573909,0.3221549384272523,0.5530413981102472,False,False,False,False,pachytene,28,late,3.553709410502836,18.11
593,12.356955774064453,141.66878246395095,50.78026978261913,53.199899262,2.3331396461705456,0.6351250055117068,0.1990126802826445,0.5772809667673716,0.9995340601994224,0.0576469618919554,0.0718161126240445,1.8427932435510852,57.60494604606546,0.3252992109851146,0.3447414547496092,False,False,False,False,pachytene,29,mid,10.333985961519415,18.11
141,5.045947325745224,143.67519864260552,52.110412336706666,78.112061622,2.65181463860089,0.7484008528784648,0.1605210420841683,0.5910718548579613,0.9995538303663052,0.0984632440298743,0.2227554532609764,1.1203623888439092,59.716414313045654,0.3258883764417097,0.2715761895357758,True,False,False,False,pachytene,29,mid,9.17783421814964,18.11
609,13.075507404078255,141.91046461655026,57.51911016700729,49.58270958599999,2.279015168169356,0.7224771727302834,0.2778530099716854,0.4863620866007501,0.9998303503265756,0.047700238994415,0.0784347740199863,1.8096967772031136,58.41421733468814,0.3260322978374977,0.571288382928113,False,False,False,False,pachytene,29,mid,3.639550961419948,18.11
662,13.070835857056116,178.27653190490372,82.27996838279837,46.474553736,2.230362937208604,0.6538461538461539,0.207534088282875,0.5297462817147857,0.9957306009179208,0.0564036425686582,0.0567358895359823,1.8082897190633944,103.9123270967603,0.3263216771796426,0.3917612929931067,False,False,False,False,pachytene,29,post,1.270205868164077,18.11
574,10.927616085314478,143.20125703177132,59.296367396133135,21.116693556,1.7146642880630472,0.5972006220839814,0.1196892449623695,0.5115830115830116,0.9881624966370728,0.2010577282014093,0.1786693170090604,1.261607384517304,59.85032852042861,0.3266108488299887,0.2339585995868204,False,False,False,False,pachytene,29,mid,1.9775121592665807,18.11
284,6.743754087639089,136.78438744277508,43.78662192843192,25.106861934,1.8164966795992827,0.8238811548164067,0.0556112224448898,0.6259946949602122,0.9998746081504702,0.0923583928968889,0.2650278683462127,0.99939395603293,52.14801523483522,0.3282721497631086,0.0888365714479807,False,False,True,False,TZ,29,mid,16.890687201679064,18.11
287,5.995349034585046,149.17358733291098,65.36771997453744,55.27825856999999,2.36313526518758,0.8336091661362189,0.1562298256939961,0.581994389186432,0.9994931576279776,0.0831386659082376,0.2671965790422761,1.0387952832450214,66.8238083711469,0.3297513607630329,0.2684387145250477,False,False,False,False,pachytene,29,mid,3.147674491045768,18.11
139,4.573628428927681,141.6719630610985,53.85021695760513,15.050511648,1.531631248531318,0.7721321695760599,0.2289029535864979,0.1826265389876881,0.9954107388710418,0.1747862027651249,0.4312639065547565,1.1204403730952022,57.86707872114856,0.3303407848085842,1.253393700911835,False,False,False,False,pachytene,29,mid,7.275248929008034,18.11
212,6.586022663179888,183.8972926472852,83.60204700815204,45.749708334,2.218706761023538,0.6894323950161514,0.1939047112057492,0.4685487865279841,0.9996912945050422,0.0309235707744695,0.0308294311636136,2.0753809145915594,108.29164677197201,0.3304383408065858,0.4138410274042365,False,False,False,False,pachytene,29,post,6.542906358820413,18.11
143,4.1280020975353615,142.0594441006828,55.69578799161065,8.946797292,1.287833336039725,0.7587834294703724,0.1385767790262172,0.3402173913043478,0.9995998399359745,0.1056189008552475,0.2127918859234001,1.1086290175342328,58.408860662820615,0.3311639731756151,0.4073183281281785,False,False,False,False,pachytene,29,mid,5.468941556140504,18.11
384,7.992385554424965,133.14436429043843,34.66669779247139,92.23599096,2.802876331590885,0.8167090539165819,0.11830193295816,0.6056611627584293,0.9994824552323776,0.0712787225690872,0.1913863043573395,1.0353531127988007,47.75166046221181,0.3325106815819457,0.1953269257341258,True,False,False,False,pachytene,29,off_axis,25.6710544780778,18.11
592,11.57601227330074,138.87865423812514,54.86131696345389,42.812794278,2.170176159566999,0.6679633992657936,0.1611295681063123,0.5628712871287128,0.998624775203639,0.0852594520178187,0.0957987657877611,1.8103941672099175,55.16901644340483,0.3325936969056473,0.2862636126427008,False,False,False,False,pachytene,29,mid,6.032124901509349,18.11
771,14.193457872665336,143.5761217537183,62.58517857415287,30.76487847,1.943817696016932,0.6299656881433473,0.103454646222058,0.6416649495157635,0.9941231054747912,0.0652211940142565,0.0704790266278685,1.1264463633211366,60.50128270290643,0.3326288094534832,0.1612284515464507,False,False,False,False,pachytene,29,mid,1.2679556308589959,18.11
142,4.7523498527340005,141.3762886861316,50.402929562044704,36.636360804,2.0603511261122205,0.7637341529004994,0.0514138817480719,0.6588075880758808,1.0,0.1037815452270873,0.2843815729358619,1.1222804637575243,57.281664477845524,0.3326443937056404,0.0780408159812362,False,False,True,False,TZ,29,mid,10.685308149511366,18.11
811,14.37355807216208,145.995658980773,65.22456632868,17.813838131999997,1.6201540004008572,0.548590992889123,0.1317122593718338,0.5945157526254375,0.9777365491651204,0.0973845126717256,0.0695249979361058,1.2889262735709373,63.134840114942634,0.3346770881538806,0.2215454490317205,False,False,False,False,pachytene,29,mid,3.6938376290939563,18.11
520,10.228849952214878,138.26610282892577,49.14032284166894,36.81698571,2.063731563801341,0.5982797069130297,0.2111847866883522,0.5574940523394132,0.9957028852056476,0.1235382045373321,0.112858977785224,1.8408676154207064,54.07605750816112,0.335289017580464,0.3788108335903445,False,False,False,False,pachytene,29,mid,11.68105698963725,18.11
506,11.143262927895524,181.27102102798395,85.35977590781137,45.090544716,2.207999432877493,0.6450421392154823,0.2306044203879116,0.5189799208559285,0.9987293519695044,0.0134318672811192,0.0205196675695492,1.8563419267692431,108.16501984477351,0.3369447493116051,0.4443417001713417,False,False,False,False,pachytene,30,post,5.472800587855473,18.11
122,4.40147537352837,139.0012464452965,55.140355408282446,137.69013126599998,3.2033525251554056,0.8151012828594306,0.1868584700681801,0.5908965263060905,0.9997954219989544,0.0309251657104166,0.0960663101936225,1.1273368344653587,55.3147098179095,0.338292358978341,0.3162287502962668,True,False,False,False,pachytene,30,mid,5.764422186586758,18.11
714,13.019188424032722,136.75681579113083,42.73682431582213,22.371684786,1.7479809452684374,0.6859599454755164,0.1728804197735431,0.4721202003338898,1.0,0.0844849392288032,0.1576826733140391,2.0140555847799853,52.03198685292455,0.3387982865966265,0.3661788240606519,False,False,False,False,pachytene,30,mid,17.934417357421815,18.11
807,14.12636674932097,147.5788588381155,68.67850446333802,19.866393882,1.6801322861625905,0.6154209469831149,0.155561317085818,0.5096714768191587,0.9938793354707084,0.0739001607557914,0.0626142574612649,1.3952471901791774,66.0478425328108,0.3393217936283527,0.3052188010533188,False,False,False,False,pachytene,30,mid,6.739655827457543,18.11
367,9.403138404734683,173.10232260954348,86.85737033718748,43.202193426,2.176735846258945,0.6784492588369442,0.2149012329311944,0.4594731509625127,0.9993177166249716,0.0599419235444164,0.0601675905043333,1.821211020846289,104.56336282744473,0.3400204932758658,0.4677122754202622,False,False,False,False,pachytene,30,post,7.484216870499883,18.11
681,13.171331893912749,136.4764624085589,48.4140926267286,72.79183711799999,2.590188417249533,0.6519931681222004,0.1805903331056985,0.6209834243911473,0.9998084658111472,0.0704453324812551,0.0807109536594294,1.8623647395273395,52.231535007490365,0.3405243581433919,0.2908134517161405,True,False,False,False,pachytene,30,mid,12.253734825617062,18.11
608,11.516468072105123,136.58889972502493,56.60230178735241,15.355462788,1.5419067164230695,0.713412771157959,0.1006711409395972,0.4952025586353945,1.0,0.1999926820239134,0.2647106205125636,1.308065705528871,53.03428268031004,0.3410906308769272,0.2032928529630618,False,False,False,False,pachytene,30,mid,4.104194496123601,18.11
680,12.05862564692336,135.21676927832016,44.8589467366312,16.317231768,1.5734488317771755,0.6348476135710178,0.2300697180963928,0.4771653543307086,0.997748472177549,0.0768361812131218,0.1031138706834602,1.6760320801855118,50.67643961182566,0.3416765252727878,0.4821593102020114,False,False,False,False,pachytene,30,mid,15.68994893312398,18.11
32,2.380427770334072,174.9607648354902,89.5607786065213,47.26977247799999,2.2430121919606405,0.6879063073792864,0.1918529940889232,0.5080298934647798,1.0,0.071385323432982,0.1026256923892515,2.001652365505882,107.84269217844522,0.341991727698954,0.3776411517449884,False,False,False,False,pachytene,30,post,8.962654200177509,18.11
35,2.101307019821708,181.70346300960455,88.3404824850677,54.201546468,2.3476914746476,0.7357396347269107,0.1540592962039346,0.4824762528660334,0.9995470672605118,0.0360937985793543,0.0912853842185988,2.0281596187445974,110.82843241946424,0.3421293271457367,0.3193095935577817,False,False,False,False,pachytene,30,post,8.21503583815513,18.11
700,12.295630300417738,136.89675743855238,60.66832278999448,32.639155092,1.98251629768227,0.7130947247376742,0.1653773782145097,0.56312625250501,0.9991320520768754,0.1541820290060961,0.2791131046654321,1.164782219294541,53.68402971296645,0.3436691201277185,0.2936772659396453,False,False,False,False,pachytene,30,mid,0.07863466434132882,18.11
715,12.96660412758004,139.12983347091762,63.08613846154004,18.75449511,1.648183602986361,0.6391494684177611,0.1120344721452755,0.5771230502599654,0.99975442043222,0.1712014796274915,0.2078491885990585,1.2868244328962273,56.1130999414611,0.344106986419279,0.1941257970805524,False,False,False,False,pachytene,30,mid,2.142193787596438,18.11
757,13.998293303970495,140.12423560663288,64.65696325786216,34.086500118,2.011397630270688,0.5675452480902897,0.0928251768442327,0.6261935073201782,0.9996870109546164,0.1284658046678856,0.1156672205138251,1.2206919263494804,57.23646376134985,0.3445325438120273,0.1482372074432423,False,False,False,False,pachytene,30,mid,3.6235377302446206,18.11
804,14.301867594885444,142.159144273381,67.16858213401093,35.043577541999994,2.030049412287028,0.6592141374924694,0.1411943319838057,0.6562561382832449,0.9997540277948592,0.0798533209962279,0.0986564254588137,1.1736314700309445,59.47598563727993,0.3468008243137773,0.2151512553515578,False,False,False,False,pachytene,30,mid,5.954551335581161,18.11
591,11.410718372536689,133.82615853146743,52.92103941512947,36.89908794,2.0652644719357,0.6377622377622378,0.1768275065010113,0.5714285714285714,0.9990635451505016,0.0871167166648914,0.0875669213290813,1.8242234652352165,49.9708578811108,0.3485852705379727,0.3094481363767698,False,False,False,False,pachytene,31,mid,7.539286933799059,18.11
203,6.533550754178494,129.38950949115522,45.96963939146899,63.29612777399999,2.472271586847808,0.8404551013601156,0.0898520084566596,0.6668989547038328,0.9992435703479576,0.0810438827742231,0.285367925754234,1.0594375318462927,44.96364099183707,0.3510518408344677,0.1347310680619713,True,False,False,False,pachytene,31,mid,14.091660245784734,18.11
806,14.506965049031653,142.92728429721006,70.17404294694535,18.658318212,1.6453613652680643,0.6345235101835555,0.1429834905660377,0.5493636050911592,0.9997451580020388,0.1483485987367722,0.1793333069322017,1.3379753570902937,60.49491158023908,0.3518800622293045,0.2602711378055553,False,False,False,False,pachytene,31,mid,8.884504187941983,18.11
322,6.852490434904496,136.69633678963817,59.386148569621504,66.828869442,2.5174363662281443,0.7972550809084208,0.1520845566647093,0.6137465373961218,0.999656728128678,0.0416406755619995,0.0998133503453148,1.0009887010968548,53.37616641988761,0.3520062770354041,0.2477970096742908,True,False,False,False,pachytene,31,mid,1.3393326300233892,18.11
228,7.1253997768688215,182.32781110343237,90.97187342081288,44.154579294,2.1926149987973464,0.6553684322371567,0.1049944812362031,0.5686758131647911,0.9996724890829696,0.0455677810412757,0.0728938157201538,1.902313813274933,113.32261066595953,0.3527488631814111,0.1846297641038899,False,False,False,False,pachytene,31,post,10.854054349842636,18.11
643,11.988104354020075,130.3726894399432,44.52440477250621,26.345432718,1.8458889738446984,0.6703766360965185,0.1386691484411354,0.5623987034035657,0.9998322710499832,0.1285436437042603,0.1691556808619501,2.1226278212332708,45.821404875756606,0.3528322817115152,0.2465673331071485,False,False,False,False,pachytene,31,mid,15.614679298518636,18.11
302,6.685918169150418,141.46726941265769,66.88243174006679,55.55506037399999,2.367073108197528,0.7323818772959507,0.2062617407639323,0.5654780687914168,0.9979982052874992,0.1080540568857605,0.1875051810034901,1.105954093031007,58.76243871136293,0.3530355902948486,0.3647563931255031,False,False,False,False,pachytene,31,mid,5.727783490925691,18.11
810,14.464794326241066,139.82528510638178,68.44360297872458,8.268867449999998,1.254447451804927,0.6246808510638298,0.1540920716112531,0.4489795918367347,0.9981640146878824,0.2028044570436468,0.2264651061374507,1.1165077793124685,57.25799832625779,0.353188610117742,0.3432050685887002,False,False,False,False,pachytene,31,mid,7.421898961055569,18.11
613,12.555531846794532,176.63667605888918,91.30152756321095,43.973954388,2.1896211066690143,0.656620078950176,0.1596605744125326,0.5617523691160479,0.9986922406277244,0.0657244746704716,0.0802722698521407,1.8297741471186613,110.23658476618357,0.3534445931345178,0.2842187824926639,False,False,False,False,pachytene,31,post,10.294471680974027,18.11
204,6.014927786161223,128.17491764388626,43.88612371739629,43.528256568,2.1821983404152614,0.7664906229790903,0.1718272171253823,0.527809831525502,0.9982721737699524,0.1372434659266333,0.2592111989015636,1.1618575161314746,43.57762454786586,0.3537913552893781,0.3255475871466031,False,False,False,False,pachytene,31,mid,16.0652937823361,18.11
678,12.822581903275964,131.1800751072563,47.03304480304138,24.058299168,1.790848182910597,0.6427457098283931,0.1223952095808382,0.5338427947598253,0.9978640776699028,0.0783731437952958,0.1012060043374184,2.278199506816214,46.837527586947445,0.3554040050881583,0.2292720081309772,False,False,False,False,pachytene,31,mid,13.183087010656987,18.11
713,12.75431985294101,131.1876322610307,54.65442118566053,10.208825856,1.345743824131163,0.6711856617647058,0.0428093645484949,0.5814116002795248,0.9995700773860704,0.1177120609041725,0.1846491483213415,1.8578878700057997,47.4879540954437,0.3555809385453475,0.0736300488808849,False,False,True,False,TZ,31,mid,5.589512066458204,18.11
283,6.815453318101402,127.48408699241963,41.50938011215929,45.17499272399999,2.209376993450854,0.7898016408765188,0.1381733021077283,0.549901185770751,0.9993909866017052,0.1051074035482845,0.2169793190067901,1.0960958658361522,42.68876746732664,0.35655115908311,0.2512693292596965,False,False,False,False,pachytene,31,off_axis,18.37529167073687,18.11
590,11.134342466628247,132.4688566200419,60.60406991760775,36.727846146,2.0620646810342,0.6293031870728747,0.1648920863309352,0.5837353549276361,0.9952296578983236,0.1259170290674722,0.1194087690509756,0.9277399532792412,49.26649072172451,0.357189748481046,0.282477470208013,False,False,False,False,pachytene,31,mid,0.23085419011556443,18.11
782,13.936616334934888,141.09852863761122,71.26786678105668,13.671194184,1.4833351252501867,0.4782086479066575,0.0419029615626969,0.6172311739559355,0.9911273486430062,0.102460105628363,0.0433079203903733,1.590020443934696,58.76494273966849,0.3576854261800837,0.0678886020842628,False,False,True,False,TZ,31,mid,10.128692941001452,18.11
679,13.66793409378955,130.1117298098876,45.98159946768043,9.25409421,1.3024121400725035,0.6674271229404309,0.0465116279069767,0.4214939024390244,0.9821348816435908,0.2386876640227744,0.3352370643712966,2.2157937454506977,45.68429607165059,0.3578287200796545,0.110349468017999,False,False,False,False,pachytene,31,mid,14.140665226672898,18.11
628,12.015835980363466,130.991667738955,51.52021455385572,40.61714607,2.1324241803102257,0.6779093271729715,0.058257345491388,0.6777837547068316,1.0,0.0428522646748222,0.0656880219654695,2.1472121277267733,47.028304047061006,0.3580924181990751,0.08595270259404,False,False,True,False,TZ,31,mid,8.696017359835858,18.11
407,9.939670975322835,171.3835028319581,92.8277987661574,39.92514155999999,2.1202445316439023,0.7029964747356052,0.1623860811930405,0.5109792284866469,0.9997765862377124,0.070287540290102,0.1142953744577395,1.942798981081897,108.37551839924438,0.35843755777363,0.3177938987343476,False,False,False,False,pachytene,31,post,13.414760207241281,18.11
629,11.613552182438488,137.0480458348489,68.19168609194647,32.299017281999994,1.9756055301768725,0.6459437867673761,0.127906976744186,0.6131282051282051,0.9989880005782854,0.0801815102878984,0.0907989556020705,1.113076167765473,54.46940734970954,0.3600604664977609,0.2086137543084332,False,False,False,False,pachytene,32,mid,7.405152179210254,18.11
756,13.963557396765838,138.64832878524544,70.67524416009611,35.106913547999994,2.0312716794214087,0.5387545102231726,0.0837536501194584,0.6960741706504419,0.99817790293192,0.1578735963005297,0.1045025372120714,1.32853110753634,56.27348554234305,0.3607854268311076,0.1203228817428973,False,False,False,False,pachytene,32,mid,9.744867562342417,18.11
607,11.676572455481226,132.1144286554486,63.90819094102339,28.717014276,1.899693594107627,0.6315961444208462,0.0582585090833159,0.6731707317073171,0.9996792301523656,0.0420469632283738,0.0427693372362516,0.9462328776894036,49.19204300042594,0.3608265567412848,0.0865434374063751,False,False,True,False,TZ,32,mid,3.553096272844694,18.11
36,2.62813210192944,181.34176486146723,94.73714918040768,48.513034818,2.262507068733139,0.7109424109085634,0.2112415886000791,0.4841083974573436,0.9995452478399272,0.0500893942268128,0.0750564387148731,2.099002203578457,115.78445191288085,0.3611148053723146,0.4363518371289817,False,False,False,False,pachytene,32,post,14.09398489734036,18.11
321,7.17522706856965,130.92183674019537,58.23929514921659,23.502349782,1.7769459806466248,0.7860065874837808,0.0471111111111111,0.6674440298507462,1.0,0.0800643632537235,0.1819863970800222,1.0106140663226175,47.52550564910264,0.3627209394371799,0.0705843621399176,False,False,True,False,TZ,32,mid,1.9949942303227273,18.11
712,13.78926199607217,128.48667529230084,41.87756171078346,50.15742519599999,2.287786756390785,0.6913291553643252,0.1207034372501998,0.5981818181818181,0.9996610169491524,0.1510217879552435,0.2240626446648105,2.381709585298162,43.71884008305111,0.3631021190089638,0.2017838616644678,False,False,False,False,pachytene,32,mid,18.09299502718847,18.11
31,1.5724047182668408,173.8824368814332,97.27264349358256,49.91581006199999,2.2841073153499307,0.7685041590300297,0.2368706429124709,0.4358505887129517,0.999845009299442,0.026280452703012,0.0632583138795315,1.947892718837216,113.4393724691563,0.3651124306944451,0.5434675300357857,False,False,False,False,pachytene,32,post,16.674013064419878,18.11
803,13.995938910100502,127.42743964768964,46.81425382679567,27.032745672,1.8618035314767571,0.823759111419646,0.0575406032482598,0.6238306253077301,0.9995365542810798,0.1039612780798779,0.3223392746367433,1.694787962699568,43.07981122506705,0.3653445246192514,0.0922375415921197,False,False,True,False,TZ,32,mid,13.084547032272722,18.11
355,7.482519753220216,132.18609893927913,64.17497664249431,21.672642942,1.7295817293381384,0.8159974023162679,0.0492170022371364,0.6094117647058823,0.9995675363990196,0.13345508704444,0.4287591274903571,0.991067324063768,49.28596237424176,0.366093588179721,0.0807614901574632,False,False,True,False,TZ,32,mid,3.8128854014003863,18.11
770,14.119325281133024,129.41482760307753,60.5582236151588,67.586555736,2.526914622624444,0.6234555046508399,0.1752945648042569,0.6517651396442068,0.9985601151907848,0.1927263770124542,0.2134920318238629,1.3219082192176246,46.21947947955115,0.3664149554734349,0.2689535756698323,True,False,False,False,pachytene,32,mid,0.44279194035763775,18.11
627,12.54701942147208,127.6778094151088,57.01736641095744,62.68622549399999,2.464305258486252,0.6625753096583468,0.1377892522470836,0.6748364200953754,0.9997250670149151,0.0491818211948287,0.0479269760587666,2.311262136397114,44.18996561160957,0.3680917995330332,0.2041817070685214,True,False,False,False,pachytene,32,mid,2.938919961285029,18.11
353,8.38643602283987,130.09584530802283,61.83661774399593,97.366207446,2.8539074261550184,0.8071409641747175,0.0771270463454,0.7287945034353529,1.0,0.1033286711572913,0.3155040195436138,0.9521659094441592,47.00590802691637,0.3685134890755134,0.10582824922779,True,False,False,False,pachytene,32,mid,1.659182832704022,18.11
202,4.99010725814861,126.52980078100587,51.28560427991341,22.526506134,1.7520039305636783,0.8239091950432157,0.0424688561721404,0.6404494382022472,1.0,0.076214361063133,0.2324501361221734,1.0605952827859813,42.562549589079765,0.3694526564451154,0.0663110210407105,False,False,True,False,TZ,32,mid,8.553413530651602,18.11
746,13.327348657660345,126.87315924898756,51.72598793472599,66.84294410999999,2.51761308423555,0.7124056852079312,0.1507772020725388,0.6511287370347772,1.0,0.0768331640499159,0.135377917969023,2.1664160373283154,42.94183254477409,0.3701760449567053,0.231562813153009,True,False,False,False,pachytene,33,mid,8.143563264724401,18.11
632,12.594367124317822,180.21253414519387,96.5435278211384,49.89000650399999,2.283713664158153,0.70566108707918,0.1628777748060978,0.505591054313099,0.9998240985048372,0.037565424085353,0.061015692079345,1.8382558009232404,116.57898421889816,0.3703972625267392,0.3221531975627718,False,False,False,False,pachytene,33,post,15.641454842162997,18.11
781,13.294183045463836,137.0345034544387,73.8256610482427,11.815683786,1.4129390133879371,0.4651578320428826,0.0291891891891892,0.5679287305122495,0.9582089552238806,0.1951191699941024,0.0790386895803863,1.3420066224240077,54.93116356090994,0.3714241332740091,0.05139586645469,False,False,True,False,TZ,33,mid,13.020188991703835,18.11
146,5.638297647927575,167.83930430862202,95.93770521042096,44.480642436,2.1979989499775154,0.6832085223077735,0.1400143163922691,0.4914266688862993,0.9977542508822586,0.030238369002715,0.0463167856085834,2.174171839464019,108.80085897881924,0.3718179944176484,0.2849139561545937,False,False,False,False,pachytene,33,post,17.9210977972604,18.11
205,5.197747183980011,137.29886342928762,72.98967281601843,9.371383109999998,1.3078914310926868,0.6127659574468085,0.0,0.6063348416289592,0.9994550408719346,0.0935309084016262,0.0811860197713759,0.9276192703322558,55.12406206093753,0.3753109222796325,0.0,False,False,False,False,pachytene,33,mid,12.16488045707631,18.11
755,13.697353163599455,130.04519308797492,68.09023840685725,46.52850663,2.2312256888975326,0.5982354423997983,0.1091112353269982,0.6737357259380098,0.9988994056790668,0.0721743346964336,0.0712091840594136,1.234711235705557,47.48295647861043,0.3758435173231266,0.1619496059453994,False,False,False,False,pachytene,33,mid,7.894787199331056,18.11
354,7.439594618207057,129.11926045780146,66.04396281670329,13.424887493999998,1.4743729300693955,0.5926961383889569,0.0197645079899074,0.6653796653796654,0.9956521739130436,0.1120177157378929,0.0920336104475871,1.0165213363567778,46.387711781501835,0.3767011063745778,0.0297041058184876,False,False,False,False,pachytene,33,mid,5.933911354221166,18.11
444,8.2013000112072,126.4826148044374,63.42259429564148,20.931377094,1.7096336772554794,0.7716014793230976,0.0272076372315035,0.6756624141315015,0.9993514915693904,0.1704864111614458,0.3868421377599907,1.0297357164260426,43.5393397575515,0.3785645461674288,0.0402680934479333,False,False,True,False,TZ,33,mid,3.5442984069440606,18.11
684,12.967650498152754,173.5001054773392,99.801522358391,50.150387862,2.287679755466613,0.7307170587960148,0.2842223051100335,0.44849748132708,0.9984783160030434,0.0570526906858755,0.0941613047450963,1.734772865682395,115.25771783102468,0.3802301063873987,0.6337210730125729,False,False,False,False,pachytene,33,off_axis,19.22248890400153,18.11
798,14.201861675508985,123.01409587128305,58.041114613152914,46.873335996,2.2367241047513144,0.7859573616254629,0.2022010818877074,0.5728314238952537,0.999191235938534,0.0940722310692393,0.2393754354415797,1.7831361320714647,39.62923200312489,0.3820575931856894,0.352985317238255,False,False,False,False,pachytene,34,mid,1.5254160338760923,18.11
405,7.531683723538437,127.21013197111876,67.16442451282715,33.464868948,1.9990953383132328,0.8225150707977008,0.1106427818756585,0.6200631911532386,0.9996279761904762,0.0995390842026269,0.2889811522083466,1.1345348406156106,44.579903596766094,0.3820895352798437,0.1784379131905525,False,False,False,False,pachytene,34,mid,7.211422825146806,18.11
369,8.830914826498905,180.08020369085204,100.55863970031724,44.61669756,2.2002377113435,0.6995793901156677,0.1896184938306623,0.4964998249912495,0.9997973246858533,0.0343280696386878,0.0416640083077953,1.930641070701402,119.74560471560878,0.3822624167132071,0.3819104948002835,False,False,False,False,pachytene,34,off_axis,19.60476240620243,18.11
445,10.696791192246003,138.1387442551999,78.45867741601478,24.928582806,1.8121869282073104,0.4931777547755717,0.0897414230184214,0.4287040475306349,0.9468527315914488,0.3720677423104344,0.245087513034398,1.3419896206879502,56.42228375626064,0.3825643776911615,0.2093318771664002,False,False,False,False,pachytene,34,mid,17.54354493316225,18.11
29,1.5811620968887736,171.97631253018642,103.375168148883,49.535794026,2.278296133820811,0.7358526305819956,0.1972945747589581,0.4720329867335963,0.9994138826090596,0.033560079562738,0.0472338354997013,1.6740010831988712,117.24794015303326,0.3839939072301905,0.4179677698463611,False,False,False,False,pachytene,34,off_axis,23.05845400345411,18.11
731,11.394993309816858,121.245084113857,55.09812098528136,96.42320469,2.844664048254113,0.8264687994161294,0.1422558922558923,0.617972802467405,0.9995160665892372,0.194393605992918,0.5896837169457124,1.4511033476484911,37.61827099299913,0.3882070965859425,0.2301976586799636,True,False,False,False,pachytene,34,mid,4.308696455852662,18.11
443,8.488209606986839,124.3330701419226,66.18347783842675,12.892395888,1.4546159362008095,0.5596797671033479,0.1177542836310608,0.5533057851239669,0.9440524193548387,0.2279116353164018,0.1393523846451448,0.970812351945516,41.63034901056005,0.3889329226790154,0.2128195417379891,False,False,False,False,pachytene,34,mid,6.476665116765577,18.11
492,11.122313296903863,165.53315946038,101.44374325478162,41.210627904,2.142760050401759,0.6937613843351549,0.149944699004582,0.4920074349442379,0.9998875520071968,0.0457081891900295,0.0483556481420927,1.7666399283735357,111.89177611678892,0.389392534214354,0.3047610429333779,False,False,False,False,pachytene,34,off_axis,23.804055054462534,18.11
161,4.767430456490476,132.2476443830294,74.71233759361762,105.24098419199998,2.928861018509858,0.7951587018544936,0.2086454835098596,0.58139281828074,0.9995250910242204,0.0244881131701614,0.1259367515482169,1.0581163105799651,50.23616074649109,0.3911236473447558,0.3588717936469418,True,False,False,False,pachytene,34,mid,14.307497671955192,18.11
147,5.325967750692007,176.74609390303047,105.3236638742618,43.206884982,2.1768146378484747,0.6711004940550518,0.2152849740932643,0.5036315615714757,0.9995518709388304,0.020214174319078,0.0263523126055384,1.904369672621571,121.63218378580196,0.3926764223265857,0.4274652156856752,False,False,False,False,pachytene,35,off_axis,24.26924030209954,18.11
266,8.031401833821768,138.72319907363683,80.56671330938659,24.815985462,1.8094543832224248,0.6773797145287834,0.0837583892617449,0.3920304717257544,0.8168545555350213,0.3098687259585529,0.1601252824794702,1.4094101851155845,57.18247748067244,0.3927478728078706,0.2136527522797724,False,False,False,False,pachytene,35,off_axis,19.594766097225968,18.11
319,6.718748700893378,119.78883813136642,55.23428312201128,67.713227748,2.5284923012586384,0.7721887341509042,0.1625063678043811,0.6427919708029197,0.99989889798807,0.1071058768109047,0.2501534011021261,1.091617599980203,36.17870120298994,0.3930831094861721,0.2528133131491862,True,False,False,False,pachytene,35,mid,4.0501789347989785,18.11
79,4.385211995863521,163.83655358841858,101.93747019648262,45.36734652,2.212508374049408,0.7208376421923475,0.1583787996882307,0.5187997777366179,0.999539255436786,0.1076854921712604,0.1788381607587615,2.071232644724921,111.29135035045567,0.3934377544118363,0.3052792358146226,False,False,False,False,pachytene,35,off_axis,25.133465981747463,18.11
323,8.341322591473686,136.58818539778636,81.19231732124997,6.988072662,1.1860134138548573,0.6307485733467606,0.0036231884057971,0.3454545454545454,0.935533384497314,0.3673705541224255,0.2702871294439774,1.5408005838159773,55.10784580148564,0.3941635630839106,0.0104881769641495,False,False,False,False,pachytene,35,off_axis,20.398238045362707,18.11
337,11.288350578210675,139.4524431660344,82.16722138548712,211.97622897,3.698845439322046,0.6109445028495546,0.1226761160881391,0.69840998947578,0.9996644895768096,0.0895163276400471,0.0983164366399164,1.0926098845524923,58.04413224224193,0.3943144007635313,0.1756505747866216,True,False,False,False,pachytene,35,off_axis,21.128054758836836,18.11
468,9.153138574227262,122.8092759645684,68.56204486841094,27.541779498,1.8734170246409871,0.7535133293586577,0.0774625438316862,0.6617138908085695,0.9980891719745224,0.1897235049488139,0.3846506135159259,1.0689749779854223,40.31262839829125,0.3965427361946793,0.11706349966,False,False,False,False,pachytene,35,mid,8.975293180137212,18.11
802,14.602157816797854,118.5025152527986,60.72408722233754,77.61944824199999,2.6462283262093016,0.8217534528090906,0.1553773449806673,0.5664632078670736,0.9986938775510203,0.1349515527810173,0.3884140772005039,1.6054338346838746,35.360051895634214,0.3976048095802948,0.2742937984723065,True,False,False,False,pachytene,35,mid,1.5285654507641375,18.11
661,12.766514217538653,174.9683623284951,106.14498828295956,47.187670248,2.2417128201792638,0.6920859017697356,0.2142585310161106,0.535356796900226,0.9982957773149024,0.0368579163340013,0.0542340034157835,1.728472978983176,121.24869834328662,0.3994688859548401,0.4002163272357627,False,False,False,False,pachytene,35,off_axis,25.231234730947403,18.11
301,10.103951804084796,133.12877193284314,81.76511972204723,107.856526662,2.952926294554947,0.5924226277213511,0.1338910200120164,0.6354322305229456,0.9943229918828744,0.1044169519569724,0.1146218012115318,1.1958519460877963,51.709080686998036,0.4003785492690936,0.2107085753296261,True,False,False,False,pachytene,35,off_axis,21.2608154670077,18.11
793,13.750775170047238,116.4782825632663,56.89308457013352,76.56150236399999,2.634150670902027,0.7316012010539861,0.1907621247113163,0.6176940639269406,0.9996071884513404,0.0868987785228875,0.1312724929559605,2.1152533169377823,33.01987217824501,0.4017007192971095,0.3088294608152155,True,False,False,False,pachytene,35,early,2.118029974133656,18.11
414,7.747499287546042,122.19611450912026,72.41241156668612,65.850680016,2.505093181860425,0.8152251353662012,0.1010398613518197,0.6556776556776557,0.9999051008303678,0.1130286420948746,0.3510653077456664,0.9845424689922576,40.026447560582305,0.4035348933387381,0.1540999002740044,True,False,False,False,pachytene,36,mid,12.8636593164163,18.11
481,9.20441081081086,118.96627381621724,67.98064761081152,10.84922325,1.3733145211672075,0.5446486486486486,0.0,0.6315289648622981,0.9932926829268292,0.0644122394821941,0.0454966359709716,0.986451484848377,36.4342800117774,0.4046939634172962,0.0,False,False,False,False,pachytene,36,mid,8.720142095089164,18.11
140,4.794669323701467,141.04466483995574,82.25443675426648,18.834251562,1.6505166858502311,0.4965749159297546,0.0695211786372007,0.5566551212271152,0.9804817275747508,0.0715887784923529,0.0198257227207643,1.557535808083737,59.63803594722327,0.404848513638148,0.1248909351340291,False,False,False,False,pachytene,36,off_axis,21.080648443826266,18.11
579,12.314878489422709,168.9625986304577,106.79295175709689,40.251204702,2.1260008049325854,0.65440876507955,0.2272608808965337,0.4809443507588533,0.9962440098432844,0.0335222844400358,0.0182406684413429,1.6003935311443296,118.23456003400301,0.4049208926020041,0.4725305132245599,False,False,False,False,pachytene,36,off_axis,27.20881546840151,18.11
490,9.06354012801567,119.79345081240704,70.42490114475645,19.057100472,1.6570008763772208,0.7869276218611522,0.0361915367483296,0.60947429231658,1.0,0.151366686439636,0.3933176264360993,1.034741643589589,37.464692230582955,0.4064404988643236,0.0593815640865958,False,False,True,False,TZ,36,mid,11.085907886659438,18.11
256,6.407011070110577,115.22712683792314,54.838912602894666,49.58505536399999,2.2790511079783595,0.8107673384426152,0.0827791790873653,0.67825,0.9999361878629316,0.0171531423130958,0.0284759568580663,1.1372638678586366,31.599897445920043,0.406637139954532,0.1220481814778699,False,False,False,False,pachytene,36,early,4.05934006775795,18.11
300,7.451815766164674,132.78851014171778,84.21624791851136,5.296766723999999,1.081369407672379,0.7953941541186891,0.0,0.0367965367965368,0.9519291587602784,0.4205371723003821,0.8721455229283435,1.2483301494837,51.576794988542915,0.40767711087453,0.0,False,False,False,False,pachytene,36,off_axis,23.731909964590816,18.11
138,4.372256195687136,136.75320202768117,84.01626083038236,7.288332245999999,1.2027624220321107,0.4483424525265529,0.0,0.5186697782963827,0.8136363636363636,0.6120799566754883,0.1774611518918371,0.9710921193691064,55.510486215928765,0.4085579211745949,0.0,False,False,False,False,pachytene,36,off_axis,23.198196639265458,18.11
769,12.728561772969693,115.15921446052876,62.4112585322466,65.942165358,2.506252740913828,0.8145921525381523,0.2349919271980037,0.4886799693016116,0.9989531405782652,0.0959657959681798,0.2424260907461203,1.5677353971475705,32.17098747799806,0.4089584731523497,0.4808707988048668,True,False,False,False,pachytene,36,early,3.49174536018135,18.11
102,3.753451407811105,138.95718726157986,84.22552970027151,10.330806311999998,1.3510825036860543,0.5399636693914622,0.0,0.6283316880552814,0.7984395318595578,0.551796185370478,0.1137947301428208,0.9745999063886568,57.724268789631324,0.4093870651964378,0.0,False,False,False,False,pachytene,36,off_axis,23.220803884100462,18.11
28,1.9733233209743464,166.99759868118926,110.88997465152303,49.981491846,2.2851087247764315,0.7494250715727226,0.1259004584151931,0.5019666604233003,0.9996078123774412,0.0208955798218359,0.0339840287663553,1.7281229758790382,120.38782096886547,0.4106416296509096,0.2508143833875806,False,False,False,False,pachytene,36,off_axis,31.727375421477074,18.11
240,6.516312893081777,132.21344033018852,84.14269310141428,11.935318463999998,1.4176917130525968,0.4976415094339622,0.0011723329425556,0.5618153364632238,0.9343922651933702,0.3565305226443742,0.1444533297144713,1.1942829058378155,50.99757016034775,0.4106530077820134,0.0020866873267217,False,False,False,False,pachytene,36,off_axis,23.707126953216875,18.11
792,14.15699697972224,114.78232534157792,51.321541895585966,48.930583302,2.2689796174288364,0.7380027805743324,0.2098033545401966,0.5449222323879231,0.9986376021798364,0.0833172585184841,0.1384228273618615,2.099864922987018,30.859975764621137,0.4117705767616623,0.3850152224856193,False,False,False,False,pachytene,36,early,7.526653288297457,18.11
503,10.035666535588032,128.8713784506478,82.84711510027572,11.930626908,1.4175059324564383,0.3086905230043256,0.0,0.5784982935153583,0.3883677298311445,1.3308716377767993,0.0843320263337833,1.036041442925452,47.5581323451543,0.4133532915327024,0.0,False,False,False,False,pachytene,36,off_axis,22.6980841002464,18.11
466,9.332132755043927,118.96477255327189,73.30520255515758,24.879321468,1.8109924543680624,0.7028097303413162,0.1727034120734908,0.5783629441624365,0.9993419970389866,0.1298017129272806,0.2253188618767666,1.0200972838654374,36.88193349816381,0.4144860027762836,0.2986073257573468,False,False,False,False,pachytene,36,mid,14.025846003646127,18.11
801,14.125775303873567,111.94994251959714,57.126127797342136,20.649883734,1.701935121179102,0.6998750425991139,0.0482708933717579,0.5915972747918243,1.0,0.1228423766552433,0.1696993540321601,2.169570021862252,28.52733016610947,0.4151377990371216,0.0815941780474628,False,False,True,False,TZ,37,early,1.5038321509181969,18.11
21,1.914181272846587,136.48471718061728,84.83655985565453,25.027105482,1.814571163359365,0.4676164588996157,0.0147441457068516,0.6535211267605634,0.9726343554236728,0.2330190148706779,0.0791377224182829,0.9903129479506502,55.312154092539934,0.415750238334076,0.0225610850255704,False,False,False,False,pachytene,37,off_axis,24.03821983703886,18.11
418,9.53329667644267,159.4392560300562,108.05084648093826,38.395694304,2.09281724520592,0.680229716520039,0.2293875147232037,0.4877722583110432,0.9991151561117432,0.0938749634768235,0.0997791286832554,1.627284890415479,113.64123836810967,0.4163495310643972,0.4702758527462782,False,False,False,False,pachytene,37,off_axis,32.66114462636851,18.11
561,10.518886531019884,116.76786763200596,71.37295805767029,18.792027558,1.6492823465994664,0.7467232555236549,0.0575940548072456,0.6338097585017249,0.9974708171206226,0.1188621797518299,0.2099776995599284,1.0421774722580184,34.52986550365277,0.4166308044880615,0.090869624575351,False,False,True,False,TZ,37,mid,12.285806871801917,18.11
339,8.40484862544978,172.33310675675702,112.1746991358322,40.44590427599999,2.1294231938272965,0.6759076673239763,0.230726872246696,0.490336435218325,0.997236905333974,0.0796170832345128,0.1005752290580295,1.7356786545379854,124.56892440590205,0.416896891516696,0.4705480883629699,False,False,False,False,pachytene,37,off_axis,31.582065532040946,18.11
779,13.20967384069267,111.5293760816526,53.9808658531165,31.717264338,1.9636724065111903,0.7517195473707566,0.1993799189124732,0.5159368483765266,0.9971929824561404,0.1719659280932273,0.2932249952614726,1.7192928660709672,27.842946159832824,0.4187343911021916,0.3864424871761966,False,False,False,False,pachytene,37,early,4.602407203821085,18.11
677,12.249023759115614,126.99536711361952,81.38527177134944,9.971902277999998,1.3352516855137977,0.4354269583627381,0.0029081844619859,0.5979166666666667,0.949748743718593,0.2983079822549219,0.1418423828210445,1.1143198628173598,45.56549459950385,0.4196011095256757,0.0048638625148196,False,False,False,False,pachytene,37,off_axis,21.399700771027334,18.11
754,14.164736762020642,111.21340306794237,63.0515674699482,123.331624128,3.087890896365318,0.793727175897748,0.1094596813926753,0.6590133702166897,0.9995518177743798,0.0451632452733783,0.1341907042077326,1.7415190448894016,28.293252516166636,0.420239630317015,0.1660962984054238,True,False,False,False,pachytene,37,early,4.462618496773031,18.11
518,10.16431888544902,116.73809558823451,74.11573786764725,12.122980703999998,1.4250833571550372,0.646671826625387,0.0597322348094747,0.6029572836801752,0.9988567073170732,0.1073795691008957,0.1212319222471256,1.0361167014184671,34.73156499488332,0.4209596878100621,0.0990654502834704,False,False,True,False,TZ,37,mid,15.021322321556303,18.11
26,2.714975507347926,158.39917616215104,110.33417888133592,46.929634668,2.2376192420573777,0.7596221133659902,0.1790713554114031,0.4672489082969432,0.999749498997996,0.0365232466898633,0.1054891960234872,1.6723223360807566,114.87370728230584,0.4233902846234952,0.3832461718617881,False,False,False,False,pachytene,37,off_axis,35.13588829770768,18.11
630,12.45653145959758,168.52619726924672,113.08362472053656,44.06778550799999,2.191177396404852,0.7118066645374215,0.2098657326328079,0.4920576283708903,0.9979046098583118,0.0451370974157811,0.0481057874518784,1.6337629296446037,123.06092245035433,0.4235486487342566,0.4265064100878462,False,False,False,False,pachytene,37,off_axis,33.336944501102025,18.11
416,8.881827016521058,126.59518530612186,86.2830836151615,12.069027809999998,1.4229661188963674,0.499514091350826,0.0,0.537864077669903,0.9311827956989248,0.2684012699311505,0.1067914930520622,0.9587303734424876,45.579890871640444,0.4241144232094823,0.0,False,False,False,False,pachytene,37,off_axis,26.313813008633073,18.11
426,9.948919629587364,125.33270389847992,84.10977671201498,20.518520166,1.6983185062202948,0.6468503486909798,0.0442450495049504,0.5189381676918097,0.9910071942446044,0.3045471172210365,0.3246842832178859,1.1256853836077176,44.13858127310131,0.4244524763460136,0.0852607348227024,False,False,True,False,TZ,37,off_axis,24.25474796811956,18.11
482,11.380297914597971,125.85019245283058,85.69700490565921,11.810992229999998,1.41275198062205,0.6055610724925522,0.0,0.5458207452165156,0.9859789684526792,0.1872289411595186,0.1234500447400439,0.9731741582691286,44.788115015621216,0.4262459945370645,0.0,False,False,False,False,pachytene,38,off_axis,25.79266658102181,18.11
778,12.887937743191053,109.25953904165976,52.56737019192877,53.654980194,2.3397734567165505,0.7874349669916496,0.0907050682625771,0.5966680378445084,0.9991198289953476,0.1617597141358824,0.3754755783062416,1.625021023948448,26.73093182943545,0.4266849739450926,0.1520193181291452,False,False,False,False,pachytene,38,early,6.171804783066701,18.11
642,11.565845410627777,124.39599594203034,82.3740525362324,9.711520919999998,1.3235272282391035,0.4567632850241546,0.1036269430051813,0.5140062249888839,0.9042448173741362,0.1635793329293281,0.0746292891560524,1.0591023418757812,43.058796019209026,0.4273914663433435,0.2016063969019489,False,False,False,False,pachytene,38,off_axis,22.60422562184586,18.11
657,12.527102530349303,117.90488100043966,77.91769984642255,32.076168372,1.971051439353768,0.5816147433084686,0.1011783189316575,0.67488201363398,0.9988280596015404,0.0956513743267296,0.0887193032405551,1.140413645802184,36.21490382436345,0.4285193120464071,0.1499200110354863,False,False,False,False,pachytene,38,off_axis,18.711309991338442,18.11
24,2.55681658003663,145.94869389590275,89.11057764955046,213.015408624,3.7048799222849977,0.6177649546295481,0.139200952310096,0.7255545952175165,0.9996722386102918,0.0834670726827181,0.1276753916254455,0.9620179506030044,69.24271140321778,0.4295374076429021,0.1918545526796153,True,False,False,False,pachytene,38,off_axis,26.986133677356918,18.11
776,14.579590335540782,107.03632841622704,55.85862200814733,82.91386918799999,2.7050763300174068,0.7858032026254739,0.1649018310169865,0.614317791573108,0.9997148211521224,0.0823478839711954,0.2241659176297414,1.730867651560309,24.11051981614629,0.4298593361656209,0.2684308240442066,True,False,False,False,pachytene,38,early,3.187102974944352,18.11
780,13.154823428079265,123.98866821705506,79.44171130490858,10.893793032,1.3751925266667104,0.3585271317829457,0.0200657894736842,0.5901309164149043,0.865979381443299,0.3887553421037563,0.1211263554609965,0.9864838176373958,42.405564330167316,0.4302561202864521,0.0340022678282737,False,False,False,False,pachytene,38,off_axis,19.71669565093873,18.11
144,6.693978348434388,151.7636059252797,104.45172886537692,231.202225458,3.807452262844774,0.5928206897251449,0.1333678845987734,0.7000897039768763,0.9999342725061894,0.1094573373805277,0.139737271239929,0.9346294915058706,106.21141499663317,0.4304908676401977,0.1905011369845521,True,False,False,False,pachytene,38,off_axis,35.032263613129395,18.11
20,0.9205561422034464,134.56572338964972,90.743373020062,13.328710596,1.470843649281949,0.5816613868356213,0.0937857415173465,0.4463609591922591,0.9696808510638298,0.2503047778123589,0.1926061423030176,0.920285963397916,53.89826535666312,0.4318036782932733,0.2101118827396161,False,False,False,False,pachytene,38,off_axis,30.085855538000857,18.11
382,8.290579327346062,123.22546204437376,85.53513594822995,26.643346524,1.852820674004892,0.5900686740623349,0.1364985163204748,0.6009450171821306,0.999391110209052,0.1431552087289437,0.1421414548622661,0.9749137619783332,42.159085268072076,0.4325265310628141,0.2271397755497251,False,False,False,False,pachytene,38,off_axis,25.85278199467638,18.11
606,11.256840668713808,115.8948561924242,78.56549785056184,6.875475318,1.1796088966350509,0.4670760832480382,0.0,0.5640204865556978,0.947027027027027,0.2777919895944695,0.1271923497057031,0.9318057424807458,34.26668769005645,0.4333502409665158,0.0,False,False,False,False,pachytene,38,off_axis,19.52635347301924,18.11
611,12.672967721041058,162.86457515923726,114.23505161934486,43.45788322799999,2.1810216992185114,0.6660908992766923,0.1435691540910978,0.4978984804397025,0.9952992432928228,0.0611789328021311,0.0819571762386421,1.5501767044047434,120.65634760711147,0.4333556026213266,0.2883502555868608,False,False,False,False,pachytene,38,off_axis,36.38846265008164,18.11
658,11.900571725571856,122.198115358626,81.38145522349421,9.026553744,1.291648828308431,0.4589397089397089,0.0676220331392745,0.5619596541786743,0.956442831215971,0.3475113642250093,0.1799366491431502,1.046667181625304,40.785019172292586,0.4338062864469011,0.1203325410221961,False,False,False,False,pachytene,38,off_axis,21.800566904113268,18.11
743,12.79539360605016,105.86959759367645,58.58199786868322,6.823868201999999,1.1766501114668209,0.5500171880371262,0.0045627376425855,0.4614209320091673,0.9957264957264956,0.2568703158523461,0.1935567476629592,1.7373641369334103,22.60975209954646,0.4340160125171322,0.0098884496260669,False,False,False,False,pachytene,38,early,0.6325515170850814,18.11
745,12.81533685190936,122.0994911828608,82.76527413846665,7.555750937999999,1.2172964107334665,0.2958708475628686,0.0708725931995084,0.5551146384479718,0.2896935933147632,1.0276246609913575,0.0555731910205394,1.0687946504203285,40.80347766302889,0.4347164598794115,0.1276719947390668,False,False,False,False,pachytene,38,off_axis,23.187773017710164,18.11
742,13.038615071283116,105.12639091649804,58.01911124236253,5.758884989999999,1.111944895114818,0.7433808553971486,0.0440060698027313,0.0587301587301587,0.970310391363023,0.0633561344544407,0.0700725230296808,1.3864172512864423,21.943440838126257,0.4357138536269851,0.7492925398843449,False,False,False,False,pachytene,38,early,1.2846456989314372,18.11
777,13.58852856686953,106.6335004787762,65.58377682093783,73.49322473999999,2.5984811149168223,0.7917650813916374,0.197539975399754,0.5458307786633967,0.9996253804729572,0.0609908023032132,0.1754631733615955,2.149509274339474,22.48481867511981,0.435788717314955,0.3619069922796953,True,False,False,False,pachytene,38,early,6.409667433896236,18.11
467,11.09311729865915,121.07055256314231,84.62955268568184,34.457133041999995,2.0186615461533286,0.7127101912996119,0.1364845508491917,0.6428909952606635,0.9990711714849646,0.2558380229438933,0.4579838520351257,1.0079352543920237,39.93546638066155,0.4375757777741543,0.2122981218516731,False,False,False,False,pachytene,39,off_axis,25.13220239375805,18.11
519,10.09290687554397,117.22831703655396,80.932618276764,10.781195688,1.3704381498174114,0.5443864229765013,0.0,0.6322827125119389,0.97242206235012,0.3490442683258435,0.1980101468521013,0.9295298103899484,35.79507275632222,0.4376976262234331,0.0,False,False,False,False,pachytene,39,off_axis,21.772553825656235,18.11
16,0.9869605482496824,131.1906964067434,91.95859514724856,12.664855422,1.4460074894910344,0.51639192443045,0.0379513633014001,0.5672156261968594,0.9830611010284332,0.1507173136825468,0.0712511430212247,0.8968192494128894,50.6377768573026,0.4378373928926757,0.0669081766238729,False,False,True,False,TZ,39,off_axis,31.58144461902794,18.11
291,7.942712571726337,167.48152082942627,118.04659888889051,44.96856426,2.206006583346278,0.7206051121544079,0.1944653331328019,0.4553771471247199,0.9987320784160734,0.0189508208755916,0.0329289408068128,1.7183062134982898,126.45607490925647,0.4382018812762553,0.4270423633699413,False,False,False,False,pachytene,39,off_axis,38.39586258057181,18.11
730,12.34566746284474,103.94042201432796,58.91248387738776,70.711132032,2.565269869998852,0.8350583864118896,0.0784059314179795,0.5979485116653258,1.0,0.1152148784007865,0.3760325145269687,1.5193241987838972,20.65430404351546,0.4399373434746741,0.1311248876589958,True,False,False,False,pachytene,39,early,0.5479210375368191,18.11
465,10.627107385734533,115.18104081132344,80.96651360904637,29.664708588,1.9203651930071544,0.544124624387158,0.0734490517518482,0.6274067649609714,0.9931705298013244,0.0368007060322277,0.0465369853044854,0.922799300895208,33.75795261158497,0.4400095167882213,0.1170676757946931,False,False,False,False,pachytene,39,off_axis,21.97902501456729,18.11
19,0.9609022556391134,133.6751297142845,93.70298400000144,7.79971185,1.230259280266944,0.5278195488721804,0.0,0.6343949044585987,0.9768064228367528,0.1199805525553363,0.063853466061595,0.9590494177646014,53.26050199331311,0.440221164255805,0.0,False,False,False,False,pachytene,39,off_axis,33.11004338592749,18.11
27,2.32665300090578,159.7690419411759,118.1808197073,49.207385106,2.2732501370326266,0.7523001382466511,0.2055045871559633,0.4838337182448037,1.0,0.0544123928248161,0.0776419545590039,1.6456775309402902,122.02142993346678,0.4409809679050313,0.4247421777495566,False,False,False,False,pachytene,39,off_axis,41.27655007918798,18.11
676,12.486813186813349,113.2546699023199,79.5910452380949,11.527153092,1.4013431143731627,0.5879120879120879,0.0524099204492278,0.6232098765432099,0.9972183588317108,0.0983696475310539,0.0787507812420046,0.9785349045614594,31.722420888431103,0.4413156288713434,0.0840967424007024,False,False,True,False,TZ,39,off_axis,20.770956836616534,18.11
219,5.472220592549116,121.06052930478054,83.8168613963032,7.996757201999999,1.2405333198652524,0.5995893223819302,0.0,0.550915750915751,0.985934360348292,0.4409922443702787,0.4059330718860149,0.9968940132401732,39.85692479738353,0.4427483495200186,0.0,False,False,False,False,pachytene,39,off_axis,24.323253188160876,18.11
566,11.716435665787287,154.9143047808753,115.79494826328607,41.804109738,2.152997158286424,0.6899163907749284,0.1775561839559458,0.4824466159971046,0.9958673070479168,0.0314034623557082,0.040791441401662,1.3992193679879883,117.23370344370775,0.443611846048708,0.3680328104053101,False,False,False,False,pachytene,39,off_axis,41.61288937350531,18.11
675,12.320153000239182,111.69942385847664,79.15924805163614,9.812389374,1.3280937147746847,0.4769304327038011,0.0,0.6019195612431444,0.9766860949208992,0.1427919997532789,0.0812078702275328,1.0112564883030468,30.136294048703583,0.4461078626215662,0.0,False,False,False,False,pachytene,39,off_axis,20.47189043024527,18.11
812,14.8723231758457,103.791183673468,67.80642714565303,16.781695812,1.5882385940975827,0.5761811573944646,0.0013175230566534,0.6840369393139841,0.99126213592233,0.2688186930626541,0.2013038437795109,1.25359838416516,19.384963087970924,0.4463559001250154,0.0019260992805078,False,False,False,False,pachytene,39,early,8.256241187233975,18.11
796,14.45162834476086,102.28508760790326,52.55087339249578,87.22775492999999,2.7511991490025944,0.7915826274035229,0.2554520126813334,0.524,0.9993656583277168,0.0429665291106642,0.0981926332192677,2.0012779902574294,19.814210316740535,0.4466029279568282,0.4875038409949111,True,False,False,False,pachytene,39,early,7.067465691024084,18.11
18,0.785214626391107,133.58015850556325,96.02350341812348,8.852966171999999,1.283315378063398,0.4531001589825119,0.0,0.686046511627907,0.9924314096499528,0.1850803589565397,0.0758065836659014,0.9230422099638144,53.361615198131375,0.4470997484463284,0.0,False,False,False,False,pachytene,39,off_axis,35.43030328951132,18.11
517,10.037065185617893,111.51924203449346,79.86844831920473,16.049813076,1.5648058335626551,0.6151710026308097,0.1977452772699574,0.4656285605772882,0.9959765910753476,0.1028162596084487,0.0948038032198475,0.9498502403208872,30.01657855644064,0.447306550917297,0.4246845962902102,False,False,False,False,pachytene,39,off_axis,21.193762101753094,18.11
334,7.519516474946424,117.91859830376464,84.63240643400147,12.031495362,1.4214895332387654,0.5669721193215052,0.008039303260384,0.4515983791085097,0.901135604542418,0.3195481964525243,0.1324097249458302,1.0014979845259755,36.794986980671325,0.4475459170170782,0.0178018868806709,False,False,False,False,pachytene,39,off_axis,25.400927039679413,18.11
25,2.000073889350714,152.97767608755845,116.91755213355616,50.795476812,2.297446872796977,0.7450355592500231,0.2276161163961947,0.4444846948016663,0.9995964161756395,0.0200299989990388,0.0236548529322071,1.4273938489667646,117.00007903674314,0.4486657413845641,0.5120898853396052,False,False,False,False,pachytene,40,off_axis,43.62866243891757,18.11
729,13.910149588915989,101.57582708301996,64.7851459491132,246.513118464,3.889709271999242,0.8310178136419001,0.1946120005442423,0.6236625746142583,0.9998257622899812,0.1025793280185809,0.3479241923785377,1.6469590994236276,17.56818759574386,0.4491691075589397,0.3120469440780727,True,False,False,False,pachytene,40,early,4.979768739272624,18.11
9,1.047662141779799,122.86503578774138,86.78964199917905,17.107758953999998,1.5984590116527977,0.6829836829836831,0.1704341585934696,0.5034602076124568,0.9954840530623764,0.1120456616322391,0.1166772184762383,0.9864328166184804,41.90576668450953,0.4497836929986936,0.3385255796117713,False,False,False,False,pachytene,40,off_axis,27.133220284309974,18.11
516,10.278178849991088,109.91882274623484,80.9241644839488,12.932274113999998,1.4561141784544145,0.5463450027208416,0.0504935459377372,0.6217512994802079,0.9967043314500942,0.1713946870409147,0.1450278878198502,0.958236949187482,23.809905622719103,0.4525432374824329,0.0812118060387658,False,False,True,False,TZ,40,off_axis,22.041845165543894,18.11
17,0.8854437430375053,131.54699916450164,97.40812864834606,12.634360307999998,1.4448459654269767,0.499814333457111,0.0971849865951742,0.5564216778025242,0.9805276381909548,0.1948243762531276,0.1063674431414586,0.9157443982683426,51.45250157190648,0.4528421770747205,0.1746606763758502,False,False,False,False,pachytene,40,off_axis,36.98149931080503,18.11
595,12.103541368905743,160.93330697157472,120.54672291567152,44.314092198,2.195252173808813,0.6772537187020274,0.2071521456436931,0.5191077579137281,0.9996818663838812,0.014066671450268,0.0308863211531052,1.456630908545654,124.61911334890192,0.4529215223237627,0.3990542281167762,False,False,False,False,pachytene,40,off_axis,42.94339477243192,18.11
483,10.575544156385115,148.60329771939976,114.5200955635648,33.840193428,2.006541173938518,0.6145847774850963,0.1754411982796975,0.5343525179856116,0.9877000842459984,0.0332012752680157,0.0457343202197628,1.2770635259092766,112.48595054085126,0.453747948374488,0.3283248274773201,False,False,False,False,pachytene,40,off_axis,44.43190992559318,18.11
12,1.1244967201991034,125.66476957701944,94.5340680841448,20.741369076,1.7044447841356258,0.6396742818366885,0.1942336874051593,0.5150659133709982,0.9899421674629116,0.182518980034268,0.2086984423113022,0.9043582875111412,45.34879778582923,0.4558473158586805,0.3771045265526128,False,False,False,False,pachytene,40,off_axis,34.61387410009831,18.11
11,0.9689841013204168,124.77549135004148,92.24640004042074,17.410364316,1.607828600979683,0.638102937213689,0.137720706260032,0.537602382725242,0.9964125560538116,0.1317580770730281,0.1903237384389462,0.9003194426872756,44.269714344265736,0.4568027142693509,0.2561757735557106,False,False,False,False,pachytene,40,off_axis,32.40937420910332,18.11
641,12.072276926200397,108.10367258146312,80.66204008730098,23.108259078,1.7669579171328011,0.5080702466754644,0.1007608090554833,0.6423854725546843,0.9943079688436188,0.2230330602449829,0.1584237298049761,0.9699901146534592,22.042285814733336,0.4569017040954813,0.1568541216456384,False,False,False,False,pachytene,40,off_axis,21.552969379269754,18.11
710,13.26017880998894,108.40227900523988,77.40131218785281,22.826765718,1.7597538501131436,0.5168019730757374,0.0429472827193161,0.6558911101658869,0.9568520206624126,0.0785823399754452,0.0461385311158366,0.9974190124905056,22.74960204099462,0.4572029630772248,0.0654792877257537,False,False,True,False,TZ,40,off_axis,18.355905728569642,18.11
501,9.663433994823045,107.69247344262304,81.72639442623077,13.593783509999998,1.4805301183200166,0.5798101811906816,0.0439733019238319,0.6361396303901438,0.9927036886907176,0.2317453780452213,0.2148664144642207,0.9664082220479486,21.50018047236801,0.4597641735142449,0.0691252357550231,False,False,True,False,TZ,41,off_axis,22.556989642193003,18.11
797,13.95982937012204,105.31446643674236,74.23035141586598,25.845782004,1.8341450970521196,0.5559992739154112,0.0449043342444357,0.6954210956663941,0.9952670723461798,0.1659886721054901,0.1157854030402935,0.9936623136423596,20.08620269281416,0.4616435565421021,0.0645714294896471,False,False,True,False,TZ,41,early,14.820954160618193,18.11
22,0.7186458333333152,139.306308802082,99.87956218750146,13.511681279999998,1.4775434500280091,0.3895833333333333,0.0,0.6348122866894198,0.7869269949066214,0.454343121857569,0.0921834606010748,1.2849805908520524,59.39263181329329,0.4622077144502158,0.0,False,False,False,False,pachytene,41,off_axis,38.78959265466867,18.11
546,10.546353992183134,107.160050284758,75.90823795644995,21.00644199,1.7116749566717708,0.4789503070910106,0.1649964209019326,0.5445777968281184,0.9696828358208956,0.1239991661684056,0.0510455108652325,0.96671690632434,21.705522806973647,0.4634097500981257,0.302980440743179,False,False,False,False,pachytene,41,early,16.71813242082664,18.11
800,14.58497604505817,97.73755561935344,69.49896929744499,64.140607854,2.483217845900822,0.753940679515781,0.2255985267034991,0.544589774078478,0.9986585010207056,0.1177470158358544,0.2002182636097817,2.111567373393096,13.166252508504186,0.4646437036357797,0.4142540632262942,True,False,False,False,pachytene,41,early,9.172074295384066,18.11
290,8.145048247841215,156.28200423565642,123.58759279837452,46.18836882,2.225775402282915,0.71731843575419,0.1953158883909209,0.4489759252605102,0.998946763692072,0.0780140680506233,0.1038363043643496,1.3710475923939307,124.3365161491624,0.4665994900677397,0.4350253040351605,False,False,False,False,pachytene,41,off_axis,47.67080182583938,18.11
768,14.103124933794176,94.8357248511684,56.42546328255656,110.72306737799998,2.978858218773462,0.8169530306561301,0.2217618447126643,0.565625,0.9991283124128312,0.1360453547913743,0.3810666305286617,1.6933821290682056,11.93580269860223,0.4666280938324501,0.3920651398234949,True,False,False,False,pachytene,41,early,4.162961309886047,18.11
697,12.909766524169653,105.2766457744181,78.13435447221197,14.267021795999998,1.5045786855458698,0.431930286090102,0.0560109289617486,0.6335745296671491,0.963337547408344,0.0773493075790994,0.0422423166632712,0.942658386965828,19.55649122585442,0.466740752656731,0.088404641189055,False,False,True,False,TZ,41,off_axis,18.689038444631258,18.11
545,11.112694063926943,104.36434473225404,80.03230635118327,28.25489601,1.8894483940138045,0.4455790784557908,0.0614195361911454,0.6719077568134172,0.9860492727812408,0.193311128600568,0.0969357216168845,0.9653539105461396,18.412187514415887,0.468453677185643,0.091410666967789,False,False,True,False,TZ,41,off_axis,20.456829026802197,18.11
808,14.891648044691395,94.83328070530712,61.204480113476826,134.36616383999998,3.177364968338705,0.839961592178771,0.2181663113006396,0.5623431875204538,0.9997959507561158,0.0498054142333225,0.1570360320008818,1.3064381424544702,11.330869144391517,0.4686735652848233,0.387959374528218,True,False,False,False,pachytene,41,early,0.5776149461252666,18.11
531,10.305299941758982,105.9661413075151,84.9731608182863,16.110803303999997,1.5667854460117796,0.61648223645894,0.2257495590828924,0.4415337889141989,0.97984496124031,0.1459096375236013,0.1217465227363488,0.9044239159244056,19.378290735025107,0.4692546769828759,0.511284899934943,False,False,False,False,pachytene,41,off_axis,25.560204351108514,18.11
696,12.948662420382048,98.8968352547769,73.8841914649677,14.731485839999998,1.520731870801502,0.4388535031847134,0.0,0.645005675368899,0.7140854940434478,0.7589756998438565,0.1287494762318706,1.1861853337671473,13.763420379606266,0.4700919569383406,0.0,False,False,False,False,pachytene,41,early,13.66846098531228,18.11
43,3.620606801058858,149.88009908369276,123.32488836285846,46.080463032,2.224040756884789,0.7480146609651802,0.1823587710604559,0.458989898989899,0.9994685562444642,0.0662457275785598,0.1382686597547184,1.2999804647934574,120.35312557545352,0.4702219986559048,0.3973045408227363,False,False,False,False,pachytene,41,off_axis,50.67055800044781,18.11
741,13.63222416812603,103.4465573117324,76.57679308231211,16.073270855999997,1.565567815487503,0.5659661412726211,0.0510529674537332,0.5773369199731002,0.9704867765427366,0.1721531558896754,0.120544176163167,1.041835938907585,17.93737300575622,0.4705536958850581,0.0884283781056509,False,False,True,False,TZ,41,early,16.913178806622632,18.11
15,0.7892086330935371,127.18176551901227,101.9244914182936,9.129767975999998,1.2965533065336456,0.4735354573484069,0.0,0.6715470961444607,0.9754322111010008,0.1765070640858924,0.0722419886944674,1.1921311159923675,47.483801275082214,0.4711658236691504,0.0,False,False,False,False,pachytene,42,off_axis,41.84999141858004,18.11
469,10.429933039753555,142.81572023888828,115.8692925981793,38.885961906,2.1016871989944743,0.635881039995174,0.180670557893308,0.5530152418820411,0.9980100822499336,0.0454176637760797,0.0489312055526722,1.1541035753809294,110.16699654544945,0.4713041195370862,0.326700865022171,False,False,False,False,pachytene,42,off_axis,49.380121744045944,18.11
10,0.9408151658767776,122.68018691943088,98.9072385213272,12.373978949999998,1.43485138475758,0.6066350710900474,0.1397180762852404,0.5098795180722892,0.9833578071463532,0.1600414041135872,0.1208151104540982,0.9607870278268968,42.74374869096229,0.4714932798639688,0.2740217469677448,False,False,False,False,pachytene,42,off_axis,39.22322031468855,18.11
644,12.722042004575265,151.5782755614482,124.69512577978668,45.12338560799999,2.208535355090985,0.7194843002703264,0.1985741868409327,0.4844329132690882,0.9996192289386008,0.0356295077168591,0.066944225700792,1.2763464407969685,122.46072711991297,0.4718394448474668,0.4099106014512904,False,False,False,False,pachytene,42,off_axis,50.92158909785302,18.11
8,0.6486572508454138,117.2767493733836,92.36477634772208,11.792226005999998,1.4120033538775787,0.549234135667396,0.0,0.5097087378640777,0.6289506953223767,0.3725858605263341,0.0375849281245526,0.948865558474593,36.80768479312321,0.4731262299283938,0.0,False,False,False,False,pachytene,42,off_axis,33.15988014545354,18.11
610,12.27264467279569,146.1004544780977,120.73057325581247,43.37343522,2.1796080518314995,0.7641968631692807,0.1924430450083348,0.4922018348623853,1.0,0.0245444270556939,0.0716990743887898,1.2588895449355422,116.03025115903901,0.4734906471936302,0.3909840057019291,False,False,False,False,pachytene,42,off_axis,50.80193590083292,18.11
23,2.558406056145601,144.5546803963848,117.03053885501171,44.621389116,2.2003148287846392,0.7260014719798129,0.1365142478462557,0.4932847275518035,0.9997175673131236,0.0478542798537118,0.0974826332923303,1.102188405222947,112.12973846978436,0.4735984158894272,0.2767453363573259,False,False,False,False,pachytene,42,off_axis,49.0069949891305,18.11
464,10.257450856055732,103.049315662649,83.2661036144577,11.097875718,1.3837270021846348,0.5184950327626294,0.0,0.6619841966637401,0.6367656348704991,0.8524744612852649,0.1454188134529376,0.926777377012418,16.699954066503558,0.4743173509442603,0.0,False,False,False,False,pachytene,42,off_axis,23.49903263828481,18.11
674,12.060520377944483,93.04257122056212,63.54570464321086,66.535647192,2.513749084512566,0.757086447609646,0.2053973013493253,0.5335268505079825,0.999059890504894,0.1258822357896674,0.2414237842492847,2.031805883587465,9.259280855416687,0.4752143262459927,0.3849802519849977,True,False,False,False,pachytene,42,early,2.6743969372646283,18.11
335,7.9321262766946035,123.87483718663138,96.17577980501292,15.158417436,1.5352829176566698,0.656298359640978,0.110888710968775,0.4241332733003152,0.999707858603564,0.1066022033291648,0.1441375085128357,0.9664444278758366,43.703730570696074,0.4771937320417495,0.2614477994285025,False,False,False,False,pachytene,42,off_axis,36.40072305686273,18.11
365,8.155218030377233,124.189111660952,95.71109338559523,4.787732898,1.04555552535328,0.6550710436060754,0.0,0.3579545454545454,1.0,0.2359303315030523,0.3489330380025406,0.9721348497527152,43.977686590888695,0.4773466342387401,0.0,False,False,False,False,pachytene,42,off_axis,35.91118244302058,18.11
336,7.721152383157943,123.938293606325,98.10788209241672,70.919906274,2.567792037954264,0.6583203783944696,0.2036694418748073,0.5900290416263311,0.9987976205543602,0.0699449773600125,0.1136672431764629,0.9619216187726248,43.929942062722425,0.4785838451080255,0.3451854527591073,True,False,False,False,pachytene,42,off_axis,38.320586157989084,18.11
65,3.661932181701981,114.15676827863436,93.9240035204315,150.32449157399998,3.2984789087962603,0.6687264953263736,0.207222346702517,0.6104856564133968,0.9994412422067992,0.0494590941048076,0.075620784792075,1.00603406814955,33.83035147615726,0.4792671788700425,0.3394385183755967,True,False,False,False,pachytene,42,off_axis,34.97673394457789,18.11
589,11.75669027941743,100.42603379575156,79.72241741440318,23.842487592,1.7854772407320416,0.4107634789452971,0.050570703868104,0.6722324261145434,0.940875232774674,0.02229231323906,0.0158552590217271,1.018094873980116,14.544369784358482,0.4802747505503228,0.0752280043383196,False,False,True,False,TZ,42,off_axis,19.65289483001288,18.11
13,1.7082923401265218,124.7844130182724,103.76825765987128,13.352168375999998,1.47170601090616,0.4938510189739986,0.0,0.5279416869142659,0.7270408163265306,0.8351271797739749,0.1612049189780683,1.042667940474047,45.25052308318124,0.4803669342232697,0.0,False,False,False,False,pachytene,42,off_axis,43.88941326899862,18.11
791,14.29084166666725,90.12004902499773,56.89534633750126,56.298672,2.377587527159369,0.6820416666666667,0.2249644525695714,0.566636089634386,0.9972421400992828,0.0956814142451792,0.1056465118124192,1.9006457404719248,7.1985139459853835,0.4806349635523117,0.3970175156240517,False,False,False,False,pachytene,42,early,4.291350784472082,18.11
626,11.199586871700877,100.54734064723522,83.758156139545,10.220554746,1.346259000593756,0.3467982556805141,0.0,0.6531974701335207,0.3885918003565062,0.7851798559229148,0.0402743103707493,0.939071986357924,14.155907711831446,0.4823456262524663,0.0,False,False,False,False,pachytene,43,off_axis,23.67172545944156,18.11
458,9.265252173913138,101.40876740869538,86.16259476521783,13.488223499999998,1.4766878948569668,0.4940869565217392,0.0421468554494567,0.6180818150567206,0.9734138972809668,0.0542855472363712,0.029769839529847,1.032587554730588,14.707324266864727,0.4835000306230252,0.0681897677989263,False,False,True,False,TZ,43,off_axis,26.165582101837522,18.11
457,9.19044933920717,99.93582401762268,81.71062292511137,13.31229015,1.470239393943979,0.3557709251101322,0.0,0.675054704595186,0.8962053571428571,0.4077783457368641,0.0927653305448904,0.9819497414342784,13.80741079257396,0.4835484851159882,0.0,False,False,False,False,pachytene,43,off_axis,21.56343355608244,18.11
624,12.165628644739352,91.45872475507188,68.9617365290437,40.225401144,2.1255464076690225,0.6870188943317005,0.2402321630804077,0.5209614309670206,0.9994323986831648,0.0302571443356003,0.0383145756293337,2.235226822428817,7.005252286282239,0.4845793258117196,0.4611323387884651,False,False,False,False,pachytene,43,early,7.847531985195401,18.11
39,2.446088794926048,140.42672307963224,120.5082173537695,39.943907784,2.120576676167491,0.7272140004698144,0.1877950690680189,0.5207750269106566,0.999284253578732,0.0482246262031052,0.0873681734207788,1.0295665644338057,112.50840334883799,0.4872423518459945,0.3606069019516114,False,False,False,False,pachytene,43,off_axis,54.36758726201696,18.11
14,1.8697478126608351,124.91048881111776,106.90611267112747,22.78923327,1.7587888411249666,0.7376222336592897,0.0326375711574952,0.613966261278933,0.9986659996665,0.1723403842101788,0.2705634129496013,1.0615468696830883,45.640841255061524,0.4876470784287917,0.0531585743645081,False,False,True,False,TZ,43,off_axis,47.00544935702892,18.11
364,8.111785095320608,120.46474275563212,98.71705792027748,40.60541718,2.1322189026635674,0.4831311380704794,0.1093081134892981,0.6521739130434783,0.9546044098573282,0.252567337245158,0.1320966360149715,0.9750008626404608,40.520158207659954,0.4890626363614586,0.1676057740169238,False,False,False,False,pachytene,43,off_axis,39.22059991530308,18.11
404,8.91635587188592,119.70427520284764,95.37674985053448,16.479090449999998,1.578634328945516,0.5498932384341637,0.0824143934997098,0.5464895635673624,0.895029431000654,0.6043197253848133,0.2959384962045823,0.958416459159644,39.48063156526791,0.4900672326068931,0.1508068936609273,False,False,False,False,pachytene,43,off_axis,35.956346055783975,18.11
605,11.86600792602366,86.82518870805741,58.95030808454366,44.39384865,2.196568388593441,0.6749273447820343,0.2178998220188152,0.5050390117035111,0.9997876632338888,0.0517069868159657,0.0578705416242017,1.8982367906991209,3.6708668937354547,0.4922979526338939,0.4314514660636469,False,False,False,False,pachytene,43,early,2.66818148809293,18.11
560,10.683590827776966,98.05729281183804,86.85017139372464,14.424188922,1.5100833909388571,0.5757033664010408,0.1250838363514419,0.4871598313530088,0.9790600279199628,0.2531635971656694,0.1853476668539926,0.9376516398749914,11.295906133926078,0.492510276099134,0.2567613918496554,False,False,False,False,pachytene,43,off_axis,26.425139254900675,18.11
625,11.121672880531252,96.94651196303948,83.8020976009071,14.471104481999998,1.5117188320728834,0.5493597017344789,0.0822053482997688,0.5514388489208633,0.970675944333996,0.2099870111558477,0.1412285545395987,0.9971151533132964,10.578270666673752,0.4925894373525175,0.1490742780648124,False,False,False,False,pachytene,43,off_axis,23.261346076347397,18.11
767,14.002303716065002,88.4276574830091,67.46988616142242,57.633419682,2.3962305088439373,0.7310431845007936,0.1561741795428425,0.5092312348668281,0.9971973094170404,0.0704953825910499,0.0844558129372949,1.6901202008263192,4.1864535921511505,0.4928368895747744,0.3066861748645181,False,False,False,False,pachytene,43,early,5.985447065244987,18.11
500,10.231954661871734,87.26390384175194,64.43562002615751,43.047372078,2.174132517402731,0.7322761702359544,0.1418340611353712,0.5631996743334012,1.0,0.1144418376242811,0.2198975893429344,1.9093830784615355,3.4145272254905934,0.4933065740135884,0.251836191672598,False,False,False,False,pachytene,44,early,2.8286728887146104,18.11
123,4.977276299539483,143.25000404176515,127.36753607275044,41.787689292,2.1527152258507707,0.7233636465701134,0.22661644695543,0.4527191558441558,0.998851174934726,0.0481138394734093,0.0475632827756359,1.095812640103024,119.71442880658374,0.4935030700615571,0.5005673915716536,False,False,False,False,pachytene,44,off_axis,57.79608824059987,18.11
403,8.547676194632036,117.77628544621518,95.15937156884188,32.252101722,1.9746485190889704,0.5744417775838242,0.1136191486138463,0.5971628781404889,0.9990521327014218,0.1248400473211703,0.1443859865963308,0.952098776084833,37.541176706984736,0.4955434464936642,0.1902649223067015,False,False,False,False,pachytene,44,off_axis,35.90237688205421,18.11
363,7.822132162557533,116.05395935494968,97.23833090172094,41.675091948,2.150779982442568,0.6018237082066868,0.1361582610819391,0.6400904721515408,0.9994093325457768,0.116858313514447,0.1658213477687716,0.9907929378077528,36.00035857026751,0.4959453297745642,0.2127172126531885,False,False,False,False,pachytene,44,off_axis,38.119212135739545,18.11
425,8.854806312768908,92.82180129124887,78.72881707316895,9.810043595999998,1.3279878737067536,0.5731707317073171,0.0,0.5787114845938376,0.964784053156146,0.0946249607943848,0.0643541252482956,0.9469819864408738,7.126079487259635,0.4960301770303734,0.0,False,False,False,False,pachytene,44,early,17.708527917980803,18.11
78,4.6260728266489215,137.1234542654589,111.92042284511568,31.759488342,1.964543407914612,0.6356451732033386,0.1334972773581592,0.5434826677478208,0.9953909465020576,0.0707013235179659,0.0656312911576308,0.942572358571343,58.23325639951612,0.4979954303279231,0.2456329985855275,False,False,False,False,pachytene,44,off_axis,50.97167080062009,18.11
699,12.92739132426417,128.81304788513586,97.88958945168962,256.05339759,3.9392539381799367,0.6605927351014612,0.1938726663475347,0.6724249622111855,0.9997794479412314,0.104982189431212,0.1423358071984359,1.0286702729817097,48.76890790341606,0.4979988654271149,0.2883186634089381,True,False,False,False,pachytene,44,off_axis,37.69186479810023,18.11
137,4.416434937611262,127.15557053475776,110.26407165775268,26.31962916,1.845286136122583,0.6753119429590018,0.1099438064989005,0.6129563546527587,0.9978260869565218,0.0851875559190576,0.0955015763913867,0.8396705093560944,48.161179567433905,0.4980242155902844,0.179366451892295,False,False,False,False,pachytene,44,off_axis,50.162057551415316,18.11
282,7.543189755529835,100.71981949941868,92.79870622817388,24.180279624,1.7938697365151988,0.6621071012805588,0.0284518828451882,0.6500143554407121,0.98991195891416,0.118407974319837,0.1037627660704954,0.8640102973815315,13.187233641664168,0.4982503062412831,0.0437711607552079,False,False,True,False,TZ,44,off_axis,32.66188482428287,18.11
701,13.386250123383594,141.6149603642275,128.2368049304132,47.530153836,2.247123130973005,0.6789556805843451,0.2093108058830679,0.5202152190622598,0.9979010494752624,0.0499510976870878,0.0696207631638445,1.2272934105734052,119.45373841794898,0.4995240568457504,0.40235425303468,False,False,False,False,pachytene,44,off_axis,59.47661010383631,18.11
766,13.9576411863717,84.94423031516418,61.92810109698736,40.415409162,2.128887883505208,0.6530268732950258,0.1225598121238807,0.6062228169956507,0.9982768523836876,0.0837584846646485,0.0937935222905274,1.6658315499431215,1.4294951843732593,0.5000596699742914,0.2021695797120748,False,False,False,False,pachytene,44,early,0.04871169369115394,18.11
655,12.91718867596792,83.31799327273713,55.59701791234944,40.518623394,2.130698618113704,0.6870838881491346,0.2217422606191504,0.4825161887141536,0.9991829111707716,0.0443412771867459,0.0770640524775436,2.264044235879468,0.6144179563543833,0.5014848037025709,0.4595540332233544,False,False,False,False,pachytene,44,early,6.436880825218121,18.11
135,4.19550984076728,98.1725629116796,87.7306691524098,23.718161358,1.7823683841602516,0.5922262882009692,0.0524017467248908,0.7038564152316275,0.998707453683757,0.0440595133328962,0.0431785691190519,0.8918830857429735,11.29924876134276,0.5018568364112739,0.0744494837169968,False,False,False,False,pachytene,44,off_axis,27.313143942843837,18.11
659,12.79882078095455,135.18785147958667,122.64212357881648,42.172396884,2.159301195641976,0.7348982089220157,0.1113182920007458,0.5637851447754931,1.0,0.0982289073338498,0.1757287306289302,1.1032761990840558,111.14678515581092,0.5022319766539929,0.1974480758003552,False,False,False,False,pachytene,44,off_axis,59.56779646528003,18.11
180,5.455696614583459,94.72533356933768,81.89419846191532,28.824920064,1.9020700217274955,0.61376953125,0.08130081300813,0.6573957016434893,0.9987723605752368,0.0489697105605027,0.0412272334039592,0.8732985983453199,8.61535149439277,0.502489249893271,0.1236710444027517,False,False,False,False,pachytene,44,off_axis,21.088637880499405,18.11
121,4.18615071283097,114.5244664032579,104.6814742240336,28.79442495,1.9013990246762813,0.7226883910386965,0.0130472600753841,0.7115158636897767,0.9993550051599588,0.1178240659152233,0.2004818714940584,0.967745655227978,35.104178562147894,0.5025228516711214,0.0183372722116464,False,False,False,False,pachytene,44,off_axis,45.6648461448079,18.11
415,8.67738540928899,122.99556374582522,106.495292218963,23.183323974,1.7688691119080182,0.6861276940200345,0.0139860139860139,0.6989039329464861,0.9987736510161176,0.1437563232832612,0.1903662854991513,0.8381425124790381,43.698086833662146,0.5030912276952841,0.0200113539596934,False,False,False,False,pachytene,44,off_axis,46.75762541198848,18.11
489,9.816728802217868,119.03078970461752,104.59429928305164,24.539183658,1.8027015572814131,0.6897046171494121,0.0172570390554042,0.7181146025878004,0.9983797796500324,0.0711771497943414,0.1011146987373405,0.8997457503984216,39.58708692882833,0.503389784896344,0.0240310376550159,False,False,False,False,pachytene,44,off_axis,45.19785391504553,18.11
100,3.805318309859167,104.11084617464736,94.3501302084519,20.81877975,1.70656258735606,0.6536338028169014,0.0137953160089829,0.7238126219908914,0.998345055854365,0.1067203025365961,0.1276238821888594,0.8714362473847062,16.355608900458147,0.5033933133947271,0.0190592365894892,False,False,False,False,pachytene,44,off_axis,34.62844946806054,18.11
639,11.583725568408536,93.55627473075556,85.39677475069671,11.761730892,1.4107851396014175,0.5277223773434383,0.0,0.667652027027027,0.9787844036697247,0.1265470450327783,0.07102057604663,1.0010134124421346,7.014037562329106,0.5035824075620308,0.0,False,False,False,False,pachytene,44,off_axis,24.415878917421637,18.11
515,10.113279132791446,92.92580243902508,81.76333443670276,12.118289148,1.424899499153106,0.6022067363530779,0.1022280471821756,0.5274939172749392,0.9937078651685394,0.1869297933136088,0.2041907468542496,0.9564953413861804,6.846677597925008,0.5044305649852799,0.1937994805898255,False,False,False,False,pachytene,45,off_axis,20.731944272465107,18.11
563,11.429826266553269,131.83896750091264,118.6948526788987,38.61619743599999,2.096815889446876,0.6855181630421576,0.1209033791815248,0.5429785590110102,0.9985945186226284,0.0197995084846953,0.0232421813045655,0.9725821893740346,53.539057158452984,0.50490885000765,0.2226669491365187,False,False,False,False,pachytene,45,off_axis,58.16772481811579,18.11
562,11.301538200051493,125.16056221636804,106.60544139542966,27.602769726,1.874798875482187,0.6492733916886206,0.0252716107699575,0.6896050399806155,0.997085020242915,0.1134418128466686,0.1222389828850456,0.9119520447591808,45.86466042204586,0.5060547943921865,0.0366464995248119,False,False,False,False,pachytene,45,off_axis,46.68475494714054,18.11
401,8.38907642708102,91.13555908401236,81.89856315190755,24.738574788,1.8075709603799468,0.6268727479613123,0.0889094697846724,0.5580686149936468,0.990250985272765,0.2438694122714488,0.2395616235918011,0.977542335313548,5.05367003990657,0.5067225245042617,0.159316376868254,False,False,False,False,pachytene,45,off_axis,20.640391159618513,18.11
455,10.057201601558567,84.1090544313373,69.11868666811205,43.354668996,2.179293658829867,0.6612920679580132,0.2889595638346206,0.4853035143769968,0.9978740994449038,0.0427026649835755,0.0390829386244193,2.0976814882881585,-0.30556131150513066,0.5071655594759854,0.5954202994090603,False,False,False,False,pachytene,45,pre,7.083222614153874,18.11
380,8.171025858414241,99.6778577893189,95.5748303412462,22.134761208,1.7417884670069774,0.6944679949130987,0.0133470225872689,0.6971904266389178,0.996208017334778,0.1292165221599163,0.1817313863032607,0.8568531532971867,11.803589313892592,0.5072017228313697,0.0191440129945753,False,False,False,False,pachytene,45,off_axis,35.28449376782003,18.11
809,14.285021356691871,131.62544277854298,113.0503737276481,32.40223151399999,1.977707697208063,0.4756388908998769,0.2440246320843335,0.5047632196603618,0.9286146400483968,0.2378274846023788,0.1027799811798818,1.111697239827519,52.85015709484756,0.5072365580057404,0.4834437664624803,False,False,False,False,pachytene,45,off_axis,52.561375547820674,18.11
362,7.865842349304324,90.31232411128197,75.58864139986846,10.624028562,1.363746158037601,0.5694413777875911,0.0,0.5846153846153846,0.9701583434835568,0.0721026600707707,0.0371299516567856,0.95226630631084,5.032519715052136,0.5081538710053797,0.0,False,False,False,False,pachytene,45,early,14.277028762195195,18.11
456,10.027793641729051,89.07958480868164,80.61575322672786,24.644743668,1.8052827486036225,0.7505235103750239,0.0708968450903935,0.5913773368943152,0.9998480243161094,0.0814566585823887,0.1733380623141902,0.9843073831274006,3.1758294142380215,0.508883290782669,0.1198842780528525,False,False,False,False,pachytene,45,off_axis,19.10861241921573,18.11
479,9.28625769159017,92.89322947977104,89.15359796755533,25.160814828,1.817796923527348,0.4797687861271676,0.1989664082687338,0.5396057347670251,0.9832962138084632,0.2461888970495927,0.100340523588213,1.0579637769260093,5.882645784307899,0.5097121916399039,0.3687255257852987,False,False,False,False,pachytene,45,off_axis,28.05913327749686,18.11
101,4.084947358436852,120.39939967751104,112.599262439534,24.731537454,1.807399545399272,0.6639476429858674,0.0196458218040951,0.7067456957380751,0.990538448305522,0.1269749909397553,0.1492497103438566,0.8575214120515052,41.62607243373063,0.5100746638650548,0.0277975825287176,False,False,False,False,pachytene,45,off_axis,53.05883772786069,18.11
400,9.059261016546694,81.62165894668219,60.09780953679953,39.552162858,2.113621457893633,0.6822252535436807,0.1725096525096525,0.5272489734975737,1.0,0.0563386940376947,0.0842900298401809,1.8234413217707428,-1.6358130807376,0.5100845540108291,0.3271882188129976,False,False,False,False,pachytene,45,pre,2.730181343535012,18.11
383,9.016373347342698,130.00977381140052,108.64578053585367,26.791130538,1.8562400713526408,0.6795376937220909,0.0663265306122449,0.5871584699453551,0.993895396799208,0.2591464913261441,0.3027176638309701,0.8506967542751418,50.868700045013796,0.5105577641728442,0.1129618902004729,False,False,False,False,pachytene,45,off_axis,48.308769834113725,18.11
67,3.790052504611978,132.3916938484458,113.64083286504956,33.061395131999994,1.991028709069866,0.6887327940967788,0.0764210526315789,0.5379530430818327,0.9990352811466372,0.0918918858689811,0.1402135408517236,0.9560985057567212,53.66348490753194,0.511065552523489,0.1420589652096342,False,False,False,False,pachytene,45,off_axis,53.08509356754329,18.11
281,7.076664881270837,91.96560077664714,87.9152465184803,26.277405156,1.8442988239297589,0.6981788966256026,0.0652474426320154,0.6705116829340432,1.0,0.0249094820591353,0.0286561878998463,0.8891383242406434,5.118542456510383,0.5136534921547817,0.097309926572053,False,False,False,False,pachytene,45,off_axis,26.713713110138606,18.11
154,5.271380388790038,132.42900356901998,123.3743677868383,38.252601846,2.0902141829196337,0.7226957748206292,0.277866496327052,0.4604157452454666,0.9993227990970656,0.0392007199143173,0.052670112392671,0.9284344446308488,110.1133792044784,0.5136842029157448,0.6035121500436741,False,False,False,False,pachytene,45,off_axis,62.07083842836398,18.11
571,10.534796238244578,87.02918865773808,77.94734324593797,16.462670004,1.5781098158870377,0.5276432031917926,0.12900683131897,0.538763197586727,0.9644177449168208,0.2544720903285023,0.1051022245867433,0.9637375978559114,1.478210297152261,0.5139915041617358,0.2394499696653895,False,False,False,False,pachytene,45,early,16.20299277193079,18.11
673,13.151260138261218,81.04058168308893,66.85281007021796,43.094287638,2.174922063172353,0.6610418594523978,0.260977925468787,0.4955837481933515,0.999882311404025,0.0769961161499246,0.0958078532192176,1.8913119328620565,-3.0638825743011777,0.5148263486551728,0.5266071101406795,False,False,False,False,pachytene,45,pre,5.396160075407022,18.11
120,4.395996067566204,89.09075088926659,81.49018932880699,26.246910042,1.843585107170158,0.6301724908392171,0.0423513075676926,0.7020299661672306,0.9992949056936364,0.0503236109757189,0.0523462199630131,0.8937120198718161,3.076662898882765,0.5150388843848582,0.0603269227934982,False,False,False,False,pachytene,45,off_axis,19.97747902589783,18.11
64,2.8683546686746864,94.58899981174793,85.37656795933684,24.921545472,1.8120163854876687,0.6624623493975903,0.0470369386128088,0.6890686001115449,0.9994790762285118,0.0653014077481612,0.0817919327333282,0.9318604082461572,8.041069935355331,0.5151123210683002,0.0682616195327934,False,False,False,False,pachytene,45,off_axis,24.52603295540421,18.11
254,7.177370063488759,80.1350950446583,63.80007423867546,43.59862990799999,2.1833737140888334,0.6789518992790272,0.1647536394176931,0.5357801240154181,0.9993668882557772,0.0404279488915919,0.0621147508812651,1.7973619769237923,-3.5772741408711024,0.5162883676143983,0.3075023354411558,False,False,False,False,pachytene,46,pre,3.805974239639403,18.11
66,3.3388852242745144,115.97099401385154,110.83580770943269,28.449595584,1.8937784167966771,0.7302935356200528,0.0069823922282938,0.7095689391623357,0.9990987511265612,0.0604945713009206,0.1081155080978453,0.9215247189969448,37.064695319795376,0.5168111418590529,0.0098403295901548,False,False,False,False,pachytene,46,off_axis,51.675223572282626,18.11
255,6.745828747523515,95.70738948932362,96.66002661236944,21.313738908,1.7199811105807472,0.6964560862865947,0.0021707670043414,0.7034082668600435,0.9964756074939716,0.1323943744180805,0.1916774335415726,0.8555113518059166,7.727987086160045,0.5170845688733692,0.00308606979277,False,False,False,False,pachytene,46,off_axis,35.860459000649904,18.11
656,11.938440221694025,88.22910742280372,83.75152838479762,11.850870456,1.414340183498272,0.5170229612034838,0.008130081300813,0.605327868852459,0.920945945945946,0.1580561322213588,0.0621327701184865,1.0919820374788274,1.9367989496274696,0.5180971266746288,0.0134308722911197,False,False,False,False,pachytene,46,off_axis,22.11214386297059,18.11
488,9.453916146297932,88.87984881355976,86.40166271186543,13.148085689999998,1.4641693302750267,0.5926851025869759,0.0197509660798625,0.6491458607095927,0.9897076986414162,0.1520493220782593,0.1164597170420081,0.9482215594923532,2.248235425708451,0.519045781876924,0.0304260833740393,False,False,False,False,pachytene,46,off_axis,24.823173857366168,18.11
753,13.814411052843898,78.0468984923342,61.458895703911566,46.52146929599999,2.231113193904456,0.6711879790237999,0.1960300826038713,0.5296733629811379,0.997661651077674,0.0367855346702951,0.0438116441818317,1.7013825401075302,-5.35364736335646,0.5198681091864533,0.3700961692703662,False,False,False,False,pachytene,46,pre,5.506011849604907,18.11
638,11.375904605263052,85.19749921874998,80.87767109375234,17.114796287999997,1.5986781587643526,0.4747807017543859,0.0498388296553433,0.6390918580375783,0.9705882352941176,0.5047830317365672,0.2213812140279968,0.8784092207312657,-0.708301467409697,0.52104460883412,0.0779838281908026,False,False,False,False,pachytene,46,off_axis,18.892293376441863,18.11
799,13.990786338363804,83.20500901509116,75.59689817315447,17.720007011999996,1.6173043700345762,0.4661106698437913,0.0709513936880903,0.5844284651624101,0.9553072625698324,0.2684490377847821,0.1114727430607276,1.0281722382245402,-2.0191261001401535,0.5213673789506732,0.1214030423182301,False,False,False,False,pachytene,46,pre,13.540562450316703,18.11
241,8.259825863379099,134.12986326184495,131.36856449482949,40.143298914,2.124099304102245,0.6991760649798399,0.1827274170503254,0.4842657342657342,0.9952043845626856,0.1535109682255779,0.1839002960273937,1.2335611113927138,117.575315304521,0.5222486714325307,0.3773288178800945,False,False,False,False,pachytene,46,off_axis,66.64281340165918,18.11
6,1.4134533762057608,87.92553144694685,76.88181480385862,18.23842395,1.6329249786533069,0.7332475884244374,0.1939370384764865,0.4971070395371263,0.9952065738415888,0.1123576230347184,0.1984619582714757,1.0193588900810395,2.501736285693693,0.5228971009066136,0.3901313460720011,False,False,False,False,pachytene,46,early,15.258971687724033,18.11
60,2.891074380165284,90.57327027892435,86.84828730372026,22.70713104,1.756674184003676,0.6868801652892562,0.0081806282722513,0.7281425272187397,1.0,0.0227151756447351,0.0317320281325463,0.9251441301783344,3.871837179800695,0.5230270587852643,0.0112349271831416,False,False,False,False,pachytene,46,off_axis,25.479730884223436,18.11
438,9.999043117361932,77.3018468584273,58.530394143416856,40.694556744,2.133778022644558,0.6382868342172008,0.1426424374914605,0.5478884462151394,0.9970863947301748,0.0785160181399139,0.094795745732551,1.7239942684067957,-5.723546747552142,0.5230489940527229,0.2603494168874098,False,False,False,False,pachytene,46,pre,7.150073146120707,18.11
299,8.072902172979461,83.8221257150217,74.4501341149206,27.311893254,1.8681900973092684,0.5621403418362965,0.0313509405282158,0.6667320517850137,0.9982642655673682,0.0483328925375531,0.041503145785565,1.1559359372974318,-1.2623565330385709,0.5239876221420511,0.0470217990034846,False,False,False,False,pachytene,46,pre,12.393817141357083,18.11
280,7.349921169557102,85.31202499641543,83.36715754622304,16.366493105999997,1.575030642668993,0.4696861115092446,0.0515252499359139,0.5835135135135135,0.878401852924146,0.3932353792190314,0.1119843097868828,0.9061178697911236,-0.9085485750275184,0.5247233205467847,0.0883017252259756,False,False,False,False,pachytene,46,off_axis,21.38238331635057,18.11
317,7.801452237520946,78.22205163511087,67.17703605851932,43.612704576,2.1836086370209338,0.6992254733218588,0.2286896551724138,0.5092989985693849,0.9995934959349594,0.051431023660426,0.0764761206373957,1.930666617858697,-5.900799592738194,0.5266474866536143,0.4490282836110034,False,False,False,False,pachytene,46,pre,7.36561707538603,18.11
795,14.058323732719428,84.54405812211823,81.21294413882697,16.289082431999997,1.5725435100400391,0.3600230414746543,0.0,0.664941494149415,0.4663072776280323,0.8247330580360072,0.0575372397985464,1.0902097533818964,-1.3987978214576915,0.5268895733516618,0.0,False,False,False,False,pachytene,47,off_axis,19.180301463285257,18.11
75,3.380989533777385,107.0149190009519,108.03117693625072,24.65412678,1.8055118308659133,0.658801141769743,0.0074730141156933,0.728388176240937,0.998113854595336,0.1116332250225673,0.1413882953801252,0.9658669167121856,17.511687899950772,0.526923488391199,0.0102596587361701,False,False,False,False,pachytene,47,off_axis,48.56646080022796,18.11
698,12.754930680660628,123.97369141536748,115.65431394219436,29.948547726,1.926470601758829,0.6518367666640558,0.1320054676820933,0.5325084364454443,0.9959926531975288,0.0847305035273894,0.1075954377285509,0.9684295993309066,45.44533165070095,0.5288167373836151,0.2478936644896091,False,False,False,False,pachytene,47,off_axis,55.80149340161986,18.11
514,11.52770298445357,87.10139109579225,91.46811102936849,157.51430114399997,3.3502493154345943,0.5787365223089296,0.202351746891126,0.6102803407925902,0.99641881414753,0.0925842893988625,0.0716606384600644,0.9523661004852492,-0.15477822970090174,0.5292859559424182,0.3315717931013892,True,False,False,False,pachytene,47,off_axis,29.625383651468287,18.11
169,5.487305452620172,76.4319940179992,61.89973357861281,44.31174642,2.195213437710312,0.713446267866596,0.201622418879056,0.4864215776833548,0.9998053717399766,0.0489244250816402,0.0902185509890002,1.8873545454647576,-7.011244408068139,0.5294369337341696,0.4145013875398141,False,False,False,False,pachytene,47,pre,7.089817637055504,18.11
487,9.93686258163104,81.72165714881334,76.49603543143019,16.882564266,1.5914143411981938,0.527719883284702,0.0283018867924528,0.6187113857016769,0.9865525672371638,0.2711661959063324,0.1589077550142411,0.9426717013963808,-3.6039997673944444,0.530068485895569,0.0457432777972169,False,False,False,False,pachytene,47,pre,14.547616849089813,18.11
672,12.205811688311282,80.41628381493645,75.66692444805301,14.44999248,1.5109833216589843,0.4962662337662338,0.0548279013097776,0.6232678053496616,0.9785900783289816,0.2482520154022967,0.1293169266504535,0.9444419960018876,-4.79442815866997,0.5302568084793129,0.087968447654726,False,False,False,False,pachytene,47,pre,13.95641240048631,18.11
50,2.9448611704399976,119.91274854335752,119.53694152926153,27.45733149,1.871500320745374,0.6856898761213157,0.0669540958660918,0.651807556401196,0.999239774973392,0.0890553692135932,0.1025567842567091,0.9386508802840337,41.72637925751454,0.5308883865234916,0.1027206499963935,False,False,False,False,pachytene,47,off_axis,60.01284082100911,18.11
775,12.518146244150245,82.41689829663213,82.46211124069711,30.572524674,1.939758059334844,0.7632931788536791,0.0419254658385093,0.6816855753646678,0.997087487397782,0.3162057738659598,0.6805857735633933,1.0162504199437337,-3.666472015432968,0.5310802287830918,0.0615026448463153,False,False,False,False,pachytene,47,off_axis,20.431910738982598,18.11
711,12.908836465414025,125.29090101673546,124.4883167932832,41.067535446,2.1402771280731723,0.7093733934997429,0.1741600389547151,0.5316430817610063,0.9973843900397572,0.0573341585612395,0.0912112731431434,1.0448698434806718,47.50303309306578,0.5310968526635295,0.3275882729026212,False,False,False,False,pachytene,47,off_axis,64.49289790728356,18.11
239,6.374355238233886,82.99144353781163,78.79559571615792,16.099074413999997,1.5664051398057597,0.6183884598572054,0.028560830860534,0.6139747995418099,0.9968051118210862,0.0253460478704516,0.018382864518412,1.0113793845693813,-2.6342595292746043,0.5312961250387995,0.0465179204127728,False,False,False,False,pachytene,47,pre,16.74394027427249,18.11
279,7.751260988615496,85.09228858625032,86.70447952154315,48.83206062599999,2.267455716052018,0.4666858817312773,0.0699505738460249,0.7052783282291479,0.9944920440636474,0.1293632249436357,0.0889849034214533,0.9429510116690134,-1.5472806101348575,0.5313425256664925,0.099181516071337,False,False,False,False,pachytene,47,off_axis,24.694583662945455,18.11
63,3.3161788356384934,90.7102314570594,93.77400559665617,21.879071406,1.735055716281462,0.6628069046853222,0.0060050568900126,0.7039745627980922,0.9980525803310614,0.069778470651832,0.0855425307977297,0.9032465423019226,3.1345537603701636,0.5329208018059949,0.0085302185723079,False,False,False,False,pachytene,47,off_axis,32.36745513805765,18.11
77,4.350453362768915,124.92045935504169,122.0047275644548,29.751502374,1.9222362544182745,0.6630923283134905,0.055064130915524,0.5794523753802949,0.9981427023680544,0.0829781342347222,0.0839825128642743,0.8786196489949358,46.924410184498655,0.5333214720738002,0.0950278802108378,False,False,False,False,pachytene,47,off_axis,62.04940900574294,18.11
170,4.916182572614267,83.31898436003827,83.90739246728288,22.047967422,1.739508878491573,0.5674007873177997,0.0577056778679027,0.6487948844072798,0.9902059266700152,0.2202728202095703,0.1763104441146828,0.9351103136737324,-2.9537959467644868,0.533583031487489,0.0889428681618242,False,False,False,False,pachytene,47,off_axis,21.84831720995916,18.11
558,12.044265030410529,74.7278918617814,66.98403090586059,43.582209462,2.183099573424822,0.6241993648743205,0.1509181563906116,0.5670295044399886,1.0,0.0955773537140607,0.1059835658401981,2.0950651065571058,-9.342746088024727,0.53375822868295,0.2661557382973606,False,False,False,False,pachytene,47,pre,10.077065340464946,18.11
332,7.579506778194355,82.2531003028565,83.20254488029991,32.531249304,1.9803291376733805,0.5703057398327084,0.1443136128661688,0.5955697264641718,0.9905520563171544,0.1794864728453969,0.1323597578531762,1.0097853785986346,-3.9223123403406386,0.5337957657389965,0.2423118678696816,False,False,False,False,pachytene,47,off_axis,21.180468334248847,18.11
478,9.446006762271535,81.26631486533933,81.52396456803237,20.119737906,1.6872440419824193,0.5436632855310715,0.1116659101225601,0.5623403168114461,0.979845482028888,0.3712494317585786,0.2123467077696557,0.887195150095081,-4.689599048101955,0.5341183422920992,0.1985735448522036,False,False,False,False,pachytene,47,off_axis,19.594004526686472,18.11
789,14.242006269592125,79.96721489028268,78.44784623824303,13.469457275999998,1.4760027362411028,0.4857192615813305,0.0,0.6014222824246529,0.6519513755598209,0.7369252487624326,0.0710927148408755,1.0077109492489442,-5.59051533549952,0.5341298224911427,0.0,False,False,False,False,pachytene,47,pre,16.768535605834078,18.11
588,12.088428051290128,72.47741624188617,59.48606803862455,44.454838878,2.1975738424776865,0.6293071605720015,0.218141346688926,0.562846975088968,0.9981183111842878,0.0308982077990656,0.0409066277095476,1.729282385489766,-10.629968028358547,0.5355864030325606,0.3875677694713468,False,False,False,False,pachytene,47,pre,11.338596994194177,18.11
333,9.172903316668126,83.46828414900271,88.45534624322258,33.312393378,1.996054564261091,0.5104570100697134,0.0341761600444567,0.689873417721519,0.9986829727187206,0.0840193714267283,0.0613827189774242,1.0487917759156364,-3.3790653497225382,0.5361602005041625,0.0495397549268272,False,False,False,False,pachytene,47,off_axis,26.395396906067703,18.11
790,13.136949382855873,80.35582842260267,81.58902093760769,20.715565518,1.7037376789205714,0.5708300305741139,0.0,0.6532981530343008,0.870177267987487,0.8244414841067568,0.4699032312716346,1.0201027981940092,-5.601022499444435,0.5364044791538012,0.0,False,False,False,False,pachytene,47,off_axis,19.783696331897342,18.11
94,3.114710829344029,93.01352996506796,101.5337091344288,18.130518162,1.6296982616660958,0.5466425152024841,0.0735060814383924,0.536244292237443,0.9907242240456654,0.1471395740068149,0.0925946181982154,1.0356880313024857,4.441178461395678,0.5367180061268105,0.1370757367536599,False,False,False,False,pachytene,47,off_axis,40.355628577698624,18.11
502,10.369877496224516,114.2634516277892,115.56177034737252,27.956982204,1.8827842654978044,0.6517033059238126,0.092082239720035,0.654541074439894,0.9993548387096776,0.0521476649292274,0.0513022929958031,0.914983240167638,35.76189445325384,0.5374509993453896,0.1406821409929574,False,False,False,False,pachytene,47,off_axis,56.52838066406744,18.11
559,10.52332907125416,80.54779454841464,84.13366633732257,20.180728134,1.6889472051953922,0.6651168197140532,0.0341937646664431,0.6726830961471711,0.9982920580700256,0.2692329633199682,0.3296702462740025,0.9757004838869728,-5.731401265315322,0.5379968385114904,0.0508319071228188,False,False,False,False,pachytene,48,off_axis,22.272870286918142,18.11
49,2.4198889916743704,111.55717509713295,116.9128355134141,25.35786018,1.82252991065712,0.6776133209990749,0.0090986636337787,0.7342898134863701,0.9937996820349762,0.122548597828238,0.1623116975342016,0.9550744610593672,20.897956080496524,0.5391583976655626,0.012391106980742,False,False,False,False,pachytene,48,off_axis,57.949910983077395,18.11
477,9.452234028933654,78.42137352451557,76.49528069389406,18.322871958,1.635441368886087,0.6155421840993471,0.0281553398058252,0.637029637029637,0.9891606448026682,0.3135149178167923,0.2760883132824747,0.9313751113631088,-6.877854822431927,0.5399198250778499,0.044197849156766,False,False,False,False,pachytene,48,pre,15.30925604489066,18.11
131,5.00884982420892,72.8971814766444,66.62437041185181,46.70443998,2.234034384824643,0.7156705173279758,0.070901033973412,0.5716304539833952,1.0,0.061525223189846,0.1163821995313469,1.9656321381137476,-11.11350521079947,0.5401110219034793,0.1240329892841426,False,False,False,False,pachytene,48,pre,11.56190947191401,18.11
695,13.115562895678314,71.44448155243487,64.33396799339447,42.61105737,2.166762117130178,0.6653454445361959,0.1417478469575038,0.5400559302516861,0.9994370637243865,0.0579506005696062,0.0788282303547722,1.8013734353611193,-12.265854059083358,0.5412356483643002,0.2624688277961212,False,False,False,False,pachytene,48,pre,12.287761236794447,18.11
788,14.113960241232949,77.96305818628484,80.0012607996432,10.502048105999998,1.3585067417552454,0.4829126647308466,0.0,0.6488120950323975,0.4968602825745682,0.8721875461069164,0.0531690924187,0.9803128167571316,-7.7745255064248555,0.5415910046922281,0.0,False,False,False,False,pachytene,48,off_axis,18.782130906844138,18.11
224,6.518870119080416,72.29307821655897,60.050961384656695,42.35302178999999,2.162379576290144,0.6466352810855719,0.1360866621530129,0.5457680250783699,0.99655949697473,0.0499192805855266,0.0566206310457781,1.7278065171243606,-10.884053457605638,0.5416130585360606,0.2493489099759398,False,False,False,False,pachytene,48,pre,11.405262333214578,18.11
320,8.465190263969792,125.2811949605766,130.54045384299025,34.21317213,2.013886130804559,0.6199520054850874,0.1746575342465753,0.5228215767634855,0.9961032635168048,0.1017600409632985,0.0717988271597661,1.0534920425987395,48.00388574888588,0.5417785213016512,0.3340671885192433,False,False,False,False,pachytene,48,off_axis,70.52428279743283,18.11
38,1.5251055714480053,95.98048774008932,104.52867858602464,17.220356298,1.6019581805956982,0.4961176951369023,0.0647281921618204,0.5763719924303866,0.9288224956063268,0.4392849042198796,0.1837165083490548,1.1163371669719642,7.006875231258804,0.5418967271290541,0.112302806194453,False,False,False,False,pachytene,48,off_axis,43.700756458642175,18.11
153,4.660392967942151,81.13223688070055,86.53701471279568,24.952040586,1.8127551722407296,0.6055278744006769,0.0320645905420992,0.677073403241182,1.0,0.0674078759199968,0.0645664371848597,0.9640484999874614,-5.454621590620258,0.5421334664688916,0.0473576282698515,False,False,False,False,pachytene,48,off_axis,24.593203572619462,18.11
95,3.356015812994083,101.93840811275288,109.35017307493862,27.295472808,1.8678156247409303,0.6754039188724648,0.0102201257861634,0.7479481069631984,0.9967565973757924,0.0862225656003755,0.1183550757744884,0.9597000029942346,12.309392307278985,0.5422442306904619,0.0136642177325095,False,False,False,False,pachytene,48,off_axis,49.23491736451958,18.11
7,2.021795665634651,88.309080705883,97.38946235293837,18.94215735,1.6536627493845582,0.4674922600619194,0.0050902360018509,0.7011627906976744,0.9869971556277936,0.2062155584558308,0.0923332547211873,1.0305074078520535,0.2967476746089074,0.543097910404,0.0072597064039665,False,False,False,False,pachytene,48,off_axis,35.6513414189812,18.11
654,12.544068058778404,75.86829605568535,76.30281944315593,15.165454769999998,1.535520467237694,0.525599381283836,0.0,0.5467883925660254,0.9778449144008056,0.2439869743877973,0.1490726750721001,0.950215137275557,-9.386296610058412,0.5435505075354518,0.0,False,False,False,False,pachytene,48,pre,16.16806973456574,18.11
62,2.8392071285689453,83.63443702491297,88.70574191671278,38.698299666,2.098300856984169,0.6476935200339455,0.1664993546536641,0.6087405368203717,0.998165137614679,0.0871653267883153,0.1121161630261488,1.1506421755966163,-3.2458065696599743,0.5442417732878979,0.2735144853722713,False,False,False,False,pachytene,48,off_axis,26.645987655268765,18.11
318,8.066808027262432,80.94348561151212,88.89815956834641,30.97599849,1.9482539632776807,0.4799697084437713,0.118824586167073,0.6098733071210135,0.9848605577689244,0.1551074720607475,0.0858272529235025,1.027989053331666,-5.939545340389996,0.5444052905054061,0.1948348694387035,False,False,False,False,pachytene,48,off_axis,26.96155105720198,18.11
227,6.673821692220488,85.42802603634217,91.32695258375765,24.785490348,1.8087128969780737,0.4536248343744085,0.0051697397897638,0.6580633985795946,0.978623914495658,0.1058515422044357,0.0565488603974467,0.9332527929780072,-1.7969948948149521,0.5444547384138393,0.0078559904728367,False,False,False,False,pachytene,48,off_axis,29.329082442096237,18.11
152,4.852568505662994,78.92913496528905,80.01227741322586,32.10197193,1.9715798327656928,0.6605772743880161,0.1286812980679047,0.6030139935414424,1.0,0.0495748244258079,0.0586441191803981,1.007665514434979,-6.817546093378201,0.5446019966128969,0.2133968688059327,False,False,False,False,pachytene,48,off_axis,18.52998397431446,18.11
744,13.191850401161943,115.35018016299234,118.1977811864309,37.131319962,2.0695881366252986,0.6764798787036452,0.1469265367316341,0.6344463971880492,0.9988358556461,0.1302776386510556,0.170063887908648,1.0142013206156988,37.0671086863995,0.5449906332216146,0.2315822698069247,False,False,False,False,pachytene,48,off_axis,59.063326000450864,18.11
264,6.731392000000143,77.97641587199911,78.92819092799894,14.661112499999998,1.5183064570029066,0.43584,0.0,0.680941576857629,0.9874326750448832,0.2901522113375365,0.1250622717353703,1.0229399767400629,-7.6259883850454,0.5460932143108856,0.0,False,False,False,False,pachytene,48,pre,17.755764984017137,18.11
352,7.815347636428986,105.13093548473356,112.78085103712368,26.350124274,1.8459985384078788,0.6820083682008369,0.0167905312413982,0.7222844344904815,0.9954107388710418,0.1519625413660974,0.2087018126526722,0.9235233362851408,15.043927386693555,0.5469042878858683,0.0232464254241374,False,False,False,False,pachytene,48,off_axis,53.04071559886139,18.11
90,4.001183078393932,70.54093580305967,62.587421594168426,39.258940608,2.108385345393407,0.6699330783938815,0.2138892841895545,0.5333091962346126,0.99854121079504,0.0551432149810334,0.0716745899406238,1.8832893332613403,-12.941996515361277,0.5474947859360242,0.4010605586772231,False,False,False,False,pachytene,48,pre,12.989776016786951,18.11
402,8.59771764502466,108.23046216823548,116.23090815250322,27.133614126,1.8641163332726,0.6609319616149391,0.0243781094527363,0.7210606833248343,0.9993741198560476,0.1555826873867487,0.1859752946138612,0.9161618767278052,17.68376063902139,0.5487122908666912,0.0338086793754002,False,False,False,False,pachytene,48,off_axis,56.854013405357186,18.11
74,4.405281853281885,85.67172273359003,96.1286968339762,45.56673764999999,2.215744988452652,0.5736936936936937,0.1089950505702603,0.6572877671778771,0.9934481921863624,0.1940991857425676,0.1693423323034779,1.0866418122687136,-2.160616930115302,0.5496579235355754,0.1658254664288675,False,False,False,False,pachytene,49,off_axis,34.136578836896184,18.11
201,6.159960524460485,82.9518834273225,93.1030196954752,33.277206707999994,1.9953515300509723,0.486888481601579,0.0832493702770781,0.6665750789943674,0.9923946110386788,0.0630404778432545,0.0452159083317827,1.008379212059922,-4.477295588040194,0.5498966997623713,0.1248912131588729,False,False,False,False,pachytene,49,off_axis,31.048217795129748,18.11
604,11.023136318966529,73.7976999438434,75.0020604099415,16.708976693999997,1.5859411994288304,0.5945528569422995,0.030547163477677,0.6461218836565097,0.9883574575204532,0.2252686498812091,0.1757860947935708,0.934405367084714,-11.276379489969042,0.5502101071218035,0.0472777106771336,False,False,False,False,pachytene,49,pre,16.187033268530644,18.11
787,13.909535759096736,77.76741718945982,87.3187264272287,14.956680527999998,1.5284416698530934,0.4967063989962359,0.0089561457689931,0.5518853225303832,0.6041189931350115,0.7522075710513874,0.0742691946858603,0.9964548249826848,-8.891146305534145,0.551357418105161,0.0162282731635793,False,False,False,False,pachytene,49,off_axis,25.90551041222125,18.11
238,6.94270381836933,79.35201352941068,91.19975411764656,22.73058882,1.757278891171577,0.5956656346749226,0.1502927781392322,0.55895865237366,0.9932752179327522,0.2042305997943591,0.2004166986854256,1.0461983677441915,-7.808489666296219,0.552187061083129,0.2688799565066264,False,False,False,False,pachytene,49,off_axis,29.436327577602395,18.11
315,8.37686663789427,69.59538188390397,69.40175531938007,43.481341008,2.1814140539976488,0.6580707811825637,0.148003763946767,0.5530135689491953,0.9992154225509976,0.0878004933199674,0.0978404111707636,2.175416829499531,-14.739114817337414,0.5530132448167264,0.2676313426232838,False,False,False,False,pachytene,49,pre,15.741548870703774,18.11
314,8.483102955195438,67.85364087225894,60.53797071019832,39.371537952,2.110399086202396,0.6891682554814109,0.1955281418658442,0.4790109258194364,1.0,0.0436133636692202,0.0545756026098108,1.6079516049612672,-15.349467047530332,0.5531789475928497,0.4081914030068465,False,False,False,False,pachytene,49,pre,15.740120122742706,18.11
381,8.27300803948075,100.31800638382784,111.31266755552086,29.470009014,1.9161546310624191,0.6782615617288864,0.0186938577324593,0.7172191984166254,0.9979287489643744,0.0635479993521569,0.0796999854884417,0.9551524981230756,10.454500809401813,0.5532642179127399,0.0260643576938946,False,False,False,False,pachytene,49,off_axis,50.977462595072296,18.11
653,12.957440160687089,66.31046516765983,61.50182552586001,42.043379094,2.157096966753062,0.6247837973553534,0.1413432073544432,0.5674349442379182,0.9982460536206464,0.0561749307893186,0.0534305660475603,1.7747660718398324,-17.001846400196726,0.5549187899259872,0.2490914752250081,False,False,False,False,pachytene,49,pre,17.218584375293776,18.11
56,3.548156480439881,67.8509448818895,66.24261340457294,37.53713955599999,2.077100555572138,0.6648543932008499,0.1259778357235984,0.5675927652433339,0.9995012468827932,0.077709441034307,0.0966246591137483,1.9486551883834684,-16.071347625787375,0.5556669114748062,0.2219510949361559,False,False,False,False,pachytene,49,pre,16.217692289179055,18.11
134,4.194775241233179,84.50420369498589,98.5344444810539,9.967210722,1.3350422506918362,0.48999764650506,0.0,0.630826026765113,0.9720793534166056,0.1645115985030871,0.0917638425230615,0.964651083657066,-3.6221219710874646,0.5561656501641751,0.0,False,False,False,False,pachytene,49,off_axis,36.487720634683484,18.11
225,5.168562072045314,80.50646061327895,91.63214959809336,7.879468301999999,1.2344384327066844,0.5483774933015779,0.0013166556945358,0.5715227422544495,0.9598180439727066,0.3205271323765635,0.2063790848781515,0.9412146132739372,-6.717767824597172,0.556242757270729,0.002303767806933,False,False,False,False,pachytene,49,off_axis,29.725299855297212,18.11
379,8.047913060203664,76.76461898442012,88.93651618580498,24.391399644,1.7990754236682702,0.8152529332563955,0.0615534929164631,0.5871941697032795,1.0,0.0176416347293757,0.049996325043716,0.955644696379332,-10.089903981646136,0.5567474909646104,0.104826471535927,False,False,False,False,pachytene,49,off_axis,27.71249348130719,18.11
603,13.00641055045844,66.47681901949282,66.09376365825479,40.91036832,2.1375433284839582,0.6085435779816514,0.1806289006240998,0.5577852643913871,0.9975131251726996,0.068117771105595,0.0654993569760733,1.82478666970222,-17.41574309286206,0.5568034758626997,0.3238323278783429,False,False,False,False,pachytene,49,pre,17.514030580793744,18.11
5,2.296610016271958,82.76488756553987,94.93248361507918,51.89799247199999,2.313950067592349,0.5466009763153137,0.2319295558958652,0.5059316120027914,0.9175013178703216,0.434608331926016,0.2433063264025019,1.084957604963951,-4.8934468901128385,0.5568245179261377,0.4584207635845171,False,False,False,False,pachytene,49,off_axis,32.88115529923371,18.11
572,11.220927793464814,105.9725329568398,116.79785845098915,29.075918309999995,1.9075749479448203,0.6313029447357805,0.027659574468085,0.7231947483588621,0.9973462379019667,0.1067741898645473,0.1183840170802653,0.925006301778018,15.37237016491063,0.5583305187693446,0.0382463707470949,False,False,False,False,pachytene,49,off_axis,57.13177416719585,18.11
132,4.507929264118649,80.60295972618499,94.26749960068528,12.336446502,1.433399196899953,0.4557900741585853,0.0,0.6362683438155137,0.9504814305364512,0.1641129449465257,0.0616169973566302,0.9447743116062344,-6.954287334786983,0.5590485141462772,0.0,False,False,False,False,pachytene,49,off_axis,32.339328293692205,18.11
73,5.766597627953152,87.82766422146892,108.83871123064964,227.650717566,3.787856096059337,0.5206858532463652,0.1365779411218769,0.692664889500387,0.9991888792548878,0.0467550657878703,0.0355176146801643,0.9265907080619316,-1.6242780703801847,0.5600216315361607,0.1971775142528003,True,False,False,False,pachytene,49,off_axis,46.97663031173511,18.11
805,14.61577246283098,71.52045892049081,81.08596716225105,7.257837131999999,1.2010825840611303,0.348093083387201,0.0,0.5835399107585523,0.7188552188552189,0.7361228974443312,0.1223113100849704,0.9595389945260424,-14.302471462582341,0.5602875321717798,0.0,False,False,False,False,pachytene,50,off_axis,22.493919457886474,18.11
133,6.481728000000044,79.55931134399964,94.90420838400088,14.661112499999998,1.5183064570029066,0.31744,0.0,0.6366619784341303,0.7761806981519507,0.7860492467019783,0.134082503700512,1.037759864122249,-8.069880612010273,0.5612803667096854,0.0,False,False,False,False,pachytene,50,off_axis,33.08215650469968,18.11
226,5.77203744274051,81.43523702449848,96.71427263493204,11.778151338,1.4114413624335882,0.5429197371041625,0.0,0.6431372549019608,0.9610321221695628,0.1409998958024113,0.0681827567921432,1.0782888734705505,-6.437124915958974,0.5615208970510048,0.0,False,False,False,False,pachytene,50,off_axis,34.716924525657824,18.11
199,5.201613032021197,72.62337865527412,74.96937994889535,29.376177894,1.9141188202055168,0.731933242833187,0.1512010113780025,0.5457253500148943,0.9972051425377306,0.1351833241926079,0.1971552300278543,1.0226548274344565,-12.437210557000332,0.5616248398768882,0.2770642986877481,False,False,False,False,pachytene,50,pre,16.893443917546143,18.11
151,5.268388726249761,65.67430489064745,62.67487170656136,40.86579853799999,2.136766797885784,0.6866999598186097,0.0966567361800728,0.5492854525467205,1.0,0.0935352196231636,0.1291215985506197,1.810388278009729,-17.780821080653965,0.5623490321968678,0.1759681341130212,False,False,False,False,pachytene,50,pre,17.856284640190385,18.11
93,3.67274509803921,80.63025250000086,95.90920588235284,4.785387119999999,1.0453847387567508,0.3887254901960784,0.0,0.3817161186848436,0.4596273291925465,0.9609883017111585,0.0212558748896514,1.1553536980060952,-7.134188516976407,0.5629218010791904,0.0,False,False,False,False,pachytene,50,off_axis,33.97233255871108,18.11
91,3.716965352449319,78.04591717869891,92.36595353302646,27.487826604,1.8721929165774924,0.537037037037037,0.0381205673758865,0.6772350230414746,0.9851618705035972,0.2494588323090681,0.1619132277751191,1.1188626157510888,-9.251191710584829,0.5630267311827197,0.0562885351154557,False,False,False,False,pachytene,50,off_axis,30.796369952973713,18.11
4,1.1750638372809608,73.94937987144553,79.16351422030365,26.641000746,1.8527662960318607,0.6935810513339791,0.2036613272311213,0.4951149425287356,0.9969155844155844,0.1235662651600527,0.1598282822307091,1.0075089597495823,-11.650560218425483,0.5630555331043785,0.4113415082787592,False,False,False,False,pachytene,50,off_axis,19.599157337222973,18.11
316,7.212989660696143,76.38819930100523,93.36814735692622,16.108457526,1.5667093995404662,0.4470656764234746,0.0132536382536382,0.6373452725836186,0.9467592592592592,0.2498556394917671,0.0903215017555596,1.1209147230873564,-11.022032833850577,0.5630620304210725,0.0207950679541588,False,False,False,False,pachytene,50,off_axis,32.11016462326514,18.11
130,5.277098243331192,65.9448000975909,70.16041106701407,36.05460786,2.049387371428802,0.6668835393623942,0.1256830601092896,0.5794921875,0.9998700623700624,0.0465224156736926,0.0649171600646255,1.910449841696368,-18.45621473847142,0.5631604282146787,0.2168848222984708,False,False,False,False,pachytene,50,off_axis,19.35211386552499,18.11
3,1.515887533875363,73.29899552845474,73.68068699186884,13.849473312,1.4897551067028094,0.5796070460704608,0.0135135135135134,0.589041095890411,0.980477223427332,0.1855882886475562,0.1005375358617985,1.62035086882306,-11.604514079048512,0.563394365582467,0.0229415461973601,False,False,False,False,pachytene,50,pre,15.476087960797383,18.11
192,5.323770809136739,77.64806022067293,94.85761364692266,12.118289148,1.424899499153106,0.3813395276809911,0.0,0.6479974968710889,0.837108953613808,0.3588655143327333,0.0946590743139374,1.0578760287105315,-9.960007223426818,0.5650278610794935,0.0,False,False,False,False,pachytene,50,off_axis,33.31911069798909,18.11
72,2.88151796060253,79.93208247392761,96.6674756662793,8.097625656,1.245727434265129,0.3931054461181923,0.0,0.5551312649164678,0.6894904458598726,0.5066169250578505,0.0596290618721324,1.302193370198255,-7.922385717153558,0.5667593690135527,0.0,False,False,False,False,pachytene,50,off_axis,34.79296659047646,18.11
37,1.61059871462397,72.66666240838813,75.90646747096734,20.804705082,1.7061779231736718,0.5924004961100462,0.1492115791951047,0.5775933609958506,0.9868173258003766,0.1419445922733771,0.1002658739059824,1.2461548526634287,-12.512414375033469,0.5687013168125844,0.2583332657041684,False,False,False,False,pachytene,50,pre,17.593169080698676,18.11
48,3.461421747681787,63.40737688676732,67.01300918235383,41.74311950999999,2.151949608181586,0.7281820736161844,0.1950407721750707,0.4963820549927641,1.0,0.0373806347053356,0.0555450360552287,1.828914798126256,-20.576586520240102,0.5689884500035713,0.3929247042943845,False,False,False,False,pachytene,50,off_axis,20.713519943636395,18.11
265,6.733309196234633,78.22451752353264,97.23973506516845,12.958077671999998,1.457081988767324,0.3879435191889935,0.0,0.6149068322981367,0.5913513513513513,0.84036841279067,0.0850996637441163,1.1162757669549168,-9.688472700913636,0.5692596235832534,0.0,False,False,False,False,pachytene,50,off_axis,35.5760578748407,18.11
399,9.098320268756629,62.823670212766224,62.53562553191489,39.800815326,2.1180414410660737,0.7125007367242293,0.0763113046771445,0.5569905699056991,0.9997905978431578,0.1082035741738775,0.1731534439021644,1.6269007008042902,-20.59115485542113,0.5692656893868742,0.1370064572009978,False,False,False,False,pachytene,50,off_axis,20.701794277514914,18.11
652,12.957860540665727,61.89377669683305,66.12485878872069,40.436521164,2.12925851162612,0.7225316161967745,0.1108012641754973,0.5745348107882082,1.0,0.0984201577579846,0.1746473577234365,1.7870882045807208,-21.9661369728545,0.5703397637503431,0.1928538742909037,False,False,False,False,pachytene,50,off_axis,22.00492243409826,18.11
530,11.294860170738913,64.21292866647072,70.19070609361246,39.84303933,2.118790174330961,0.7032087135707978,0.1345922746781116,0.5344177742511407,1.0,0.0654031565910165,0.1015522756262045,1.7895395812146764,-20.178086739169522,0.571244603894222,0.2518484248895177,False,False,False,False,pachytene,50,off_axis,20.949257386807172,18.11
92,3.543719896257824,79.14525077806455,98.77192730640984,12.662509643999998,1.4459182077243535,0.2888106706187476,0.0,0.7009637926543371,0.4921875,0.947091342492392,0.0507743826604682,1.192853038389081,-8.96825543328893,0.5721241741429332,0.0,False,False,False,False,pachytene,51,off_axis,36.971665330438455,18.11
640,12.12382695507464,104.62688206322916,122.48800277870048,28.19625156,1.888140273688417,0.6313643926788686,0.0918220946915351,0.6443240803430377,0.9976092896174864,0.1434147656486143,0.1408334429099772,0.9170681126336884,13.320078169633005,0.5724439622113313,0.1425091774354438,False,False,False,False,pachytene,51,off_axis,62.606864701952325,18.11
57,2.7543139054611148,71.31909124598374,85.37916732445868,20.445801048,1.6963098101950496,0.6856356126663607,0.0811535881958417,0.5722627737226277,0.9986899563318776,0.075372118299521,0.1193913354780768,1.1374281253668146,-15.043492543734951,0.5727933349896523,0.1418117548830397,False,False,False,False,pachytene,51,off_axis,26.31816367321116,18.11
109,4.079581608193569,77.29507171497026,97.5643760514254,10.764775242,1.369742041501672,0.2577903682719547,0.0,0.687903699354081,0.7535410764872521,1.0732270309927006,0.0841323988733733,1.182083284297452,-10.651431063086964,0.5728992653246847,0.0,False,False,False,False,pachytene,51,off_axis,36.04594916151873,18.11
168,5.288075934348329,62.38933778920338,71.2273630611033,35.587798037999995,2.040504245245116,0.7097093138224244,0.0977258758451137,0.5983197093551317,1.0,0.0984109261300367,0.1798769872153556,1.823966825759904,-22.1178222387304,0.574123521611455,0.1633338737084936,False,False,False,False,pachytene,51,off_axis,23.03357182377213,18.11
602,11.851532684968868,65.6756505108937,75.74172420288195,19.054754694,1.656932885696566,0.5585374861504371,0.0882278159166031,0.5437813720022309,0.9806696582671728,0.1949827343892111,0.1372649711021367,1.0277404709788542,-19.42687421455856,0.5744203595578704,0.1622486912189429,False,False,False,False,pachytene,51,off_axis,22.485781859946382,18.11
58,2.546546491308733,72.67220845212832,90.170193534442,25.505644194,1.8260635847361752,0.5335234066035133,0.1887396033269354,0.5266167192429022,0.9850483729111698,0.0780988136126199,0.0568778891634877,1.2480566813362048,-14.305195024571557,0.5759986316448565,0.3584003249997066,False,False,False,False,pachytene,51,off_axis,30.130674768578636,18.11
76,3.33290169759184,107.23906190288194,128.66187079352272,29.70927837,1.9213264635174836,0.6400315831030399,0.0256465056636033,0.7264751041895152,0.994343554629354,0.106297256526417,0.1153556607128498,1.040221816851517,15.133051938907606,0.5762246388976566,0.0353026628382753,False,False,False,False,pachytene,51,off_axis,69.06079806781968,18.11
486,9.881587508132524,64.48903882563435,75.47502394274696,14.421843144,1.5100015258519062,0.5255367599219258,0.0064713896457765,0.6804936578676722,0.9951370468611848,0.1596148060765201,0.1158139647737501,0.957771985385919,-20.570393841351393,0.5768646217837178,0.0095098456406701,False,False,False,False,pachytene,51,off_axis,23.283907545871386,18.11
179,5.230138456584617,70.81407694536877,90.93467561446722,21.855613626,1.7344354110138087,0.7549640442202425,0.1522465651689565,0.5475251861585633,0.9989550679205852,0.0518253001397611,0.1024235188877332,0.9011818908050858,-16.2448814212641,0.5770678842626648,0.2780631266245822,False,False,False,False,pachytene,51,off_axis,31.546590505329057,18.11
167,5.856515297906635,60.596211323669294,64.31063972946822,36.41820344999999,2.0562534130497774,0.6934621578099839,0.0461014231308879,0.5913006934229881,1.0,0.1349404531652612,0.205015673626881,1.7047894028172257,-23.02462336539151,0.5782006252042798,0.0779661239089892,False,False,False,False,pachytene,51,off_axis,23.03400673936101,18.11
512,11.042665265125253,59.08274751226305,64.75088389978936,40.169102472,2.1245543205201582,0.6769446391030134,0.1630862329803328,0.564352856109906,0.9989698981343712,0.057297736328879,0.0784105232709053,1.59378280663127,-24.581514305586037,0.5789956675609226,0.288979193096477,False,False,False,False,pachytene,51,off_axis,24.584958110835803,18.11
786,14.034820371101649,65.35630651401453,83.03570075009866,17.825567021999998,1.620509500039335,0.6542966179760494,0.0981805698592516,0.5032356299961934,0.9971272622809536,0.1049276879901981,0.1007417394386226,0.9917253182897098,-20.663249612379165,0.5794581748386495,0.1950986059154719,False,False,False,False,pachytene,51,off_axis,27.747068007458374,18.11
671,12.039650334556525,68.70882299805854,90.06464562918059,21.735978948,1.7312649306127543,0.5220159723721132,0.1597419844431796,0.4764055091442764,0.8995650454725188,0.2798400123786898,0.1087751733404809,0.9418206285285328,-18.223649253720772,0.5798527531022624,0.3353067531274136,False,False,False,False,pachytene,51,off_axis,31.68013795738306,18.11
119,3.9917805294620776,66.76374770495151,76.58303633646524,21.975248304,1.737594342568635,0.6618274978650727,0.1015314804310834,0.5334595959595959,0.9944787985865724,0.0937225796413216,0.1015003752487053,1.007086087142429,-18.45352653254301,0.5799266108997831,0.1903264674589776,False,False,False,False,pachytene,51,off_axis,22.174096946789227,18.11
42,3.009480479557268,59.06393688287631,66.78478470949891,38.15407917,2.0884181347412123,0.7154011681524746,0.0795386756810498,0.5443940375891121,0.9998914930555556,0.0564511913828822,0.0888152995723046,1.8548008682009116,-24.856596488151343,0.5819028975826859,0.146104972114119,False,False,False,False,pachytene,51,off_axis,24.90828403844496,18.11
54,1.9003215434083187,68.14097204869125,86.07725787781388,10.213517411999998,1.345949942042815,0.5029857602204869,0.2589041095890411,0.3442698706099815,0.8107843137254902,0.3088146098072094,0.0710948493431239,1.3307252674086938,-18.28426403434213,0.5827285769884191,0.7520382458398455,False,False,False,False,pachytene,52,off_axis,28.519172089956403,18.11
476,10.70292586164191,60.39987403917508,72.27258713736573,37.84209069599999,2.082710169653913,0.7102653111827424,0.1146050388331123,0.5691056910569106,1.0,0.1044208773970975,0.1880590855158209,1.859850946456772,-24.223187176737834,0.5841935146380426,0.2013774253781831,False,False,False,False,pachytene,52,off_axis,25.275228198429748,18.11
108,3.470993335449076,68.27742738813161,82.90595279276418,29.566185912,1.918236857452212,0.8244208187876865,0.1530807500956754,0.5246272028920018,0.999559277214632,0.1001363375693012,0.2637928845695446,1.058704861758338,-17.74907894248884,0.5842389677106633,0.2917895779170799,False,False,False,False,pachytene,52,off_axis,25.824208945604372,18.11
99,5.176258611552642,59.11834858902928,72.31464189189171,35.411864687999994,2.0371361811448057,0.6718335983041865,0.0800371402042711,0.6110213968510295,1.0,0.1066864309362836,0.1523268195358953,1.9050766924130629,-25.49978916276633,0.5843032951918787,0.1309890956630191,False,False,False,False,pachytene,52,off_axis,26.468816972306666,18.11
1,0.8732844563403667,66.71376205050615,80.27995132084371,60.47181106199999,2.4349392034290034,0.7385080879785872,0.2470680218921032,0.5258863670078623,0.9971579643093192,0.1216377005553954,0.1969045545070201,0.9682699641237842,-18.969197541048803,0.5846959089983572,0.4698125629265635,False,False,False,False,pachytene,52,off_axis,24.78742140983853,18.11
728,13.497395285529116,57.36075361009805,68.05248902431508,37.914809814,2.084043393535045,0.6207387242467364,0.0864381520119225,0.6269168026101142,0.9993347525279404,0.1020160613708358,0.1062178767723925,1.6415288067807936,-26.70601415386156,0.5849744254365435,0.1378781867897697,False,False,False,False,pachytene,52,off_axis,26.83684214646229,18.11
2,1.625638771361023,68.30049382933207,88.7377732018247,42.690813822,2.1681131400917337,0.7088301555030496,0.1053520175586696,0.668239290432157,0.999909329948318,0.0748689289473114,0.1282017886651089,1.1036721969342085,-18.46143643154219,0.5865401293929228,0.1576561256829682,False,False,False,False,pachytene,52,off_axis,30.713790894108055,18.11
218,6.748083213398104,57.02808348161774,64.8755754481226,35.857562507999994,2.045647117619749,0.6927253696192595,0.0781157998037291,0.5746220992122631,0.9993934247240084,0.1325875164797097,0.210131965148728,1.5606814417033357,-26.635504229439643,0.5889862565564928,0.1359429091063786,False,False,False,False,pachytene,52,off_axis,26.641116829461286,18.11
47,3.5880681818181785,56.31545058847588,67.46793317775993,34.679981952,2.0230040450862594,0.6816152597402597,0.1627534685165421,0.5298491608243042,1.0,0.0577944048952472,0.0829842610723256,1.7967243400535056,-27.669279370090237,0.5899795987285399,0.3071694371721588,False,False,False,False,pachytene,52,off_axis,27.736857246976875,18.11
237,6.008387648253038,66.13881810022417,90.53667658403585,43.908272604,2.188530386136524,0.824607329842932,0.2381062891622186,0.488577520560463,0.9991099243435692,0.1244471591860015,0.3430334066362007,0.9268028884618482,-20.832658475178587,0.5911147039166369,0.4873459771318976,False,False,False,False,pachytene,52,off_axis,33.362053196781375,18.11
529,11.366748135614127,54.87156563263751,65.72599200977507,37.431579546,2.075151689203986,0.6028075452779345,0.1526737967914438,0.5867781634585043,0.9970068841664173,0.1407392145950463,0.1365202189181189,1.4574634940335365,-28.88203019113825,0.5916369453778475,0.2601899768927591,False,False,False,False,pachytene,52,off_axis,28.88204094444869,18.11
601,11.819068911099745,62.43480757496231,85.9425303392949,17.837295912,1.6208648437705824,0.5700946870068385,0.1133713045836724,0.4958702967268277,0.9852472089314196,0.0820495152468265,0.0736771804270013,0.9282063205297052,-23.92791262198421,0.5932772051003754,0.2286309652584978,False,False,False,False,pachytene,52,off_axis,31.858446211455572,18.11
53,4.082460792484191,55.65007684673137,72.01744870823379,30.961923822,1.9479588403521209,0.6926282294113191,0.0198115486832568,0.5979788020704955,1.0,0.0684735273557997,0.1007579447328085,1.86187681887947,-28.902918808051307,0.5944769250848129,0.033130854496279,False,False,False,False,pachytene,53,off_axis,29.59532735663191,18.11
709,13.513921242373463,53.07229336522386,68.07468150998346,33.835501871999995,2.006448441653797,0.6424708818635607,0.0804208273894436,0.6391312778747333,0.9994378074490512,0.0818454418262263,0.0913374385298795,1.5876712844883143,-30.963054076510264,0.5976399091522742,0.1258283394561168,False,False,False,False,pachytene,53,off_axis,31.036095646584283,18.11
198,6.061925795052879,53.85184015017517,65.90857045052836,31.865048351999995,1.9667175391796408,0.6156507656065959,0.1205996294424793,0.6077379812296495,0.9991745088327556,0.1344855065025901,0.1428942385426506,1.6306091348534089,-29.91663750541182,0.5986793613480389,0.1984401718623336,False,False,False,False,pachytene,53,off_axis,29.916737846687727,18.11
297,7.859193150486557,55.35071397475001,75.04950328689796,32.329512396,1.9762270905250532,0.6694964446379336,0.0452735275623559,0.6553238199780461,1.0,0.0711172554630839,0.1173322029849348,1.8004747793392395,-29.582155727495376,0.6001724890416181,0.0690857346889551,False,False,False,False,pachytene,53,off_axis,31.019926995605214,18.11
46,3.435019747978129,53.03205422230464,68.60891566673064,37.417504878,2.0748915636369603,0.7412701398031472,0.1298756061564411,0.5081172764720135,0.9998933447098975,0.0448879556093786,0.080489695465974,1.7275943809180214,-31.07032508700719,0.6002552867063033,0.2556016340522806,False,False,False,False,pachytene,53,off_axis,31.1833791330196,18.11
40,1.800232828870759,61.40653226342911,86.01896352902074,14.105163113999998,1.4988672409445185,0.5641110926326294,0.0,0.6329645173597863,0.9779074614422676,0.0732473972474233,0.0622052010873692,1.0866017249738378,-24.957619407733198,0.602620512962861,0.0,False,False,False,False,pachytene,53,off_axis,32.60425415066732,18.11
107,4.4894976464232,52.71544912416081,73.00800597268335,30.398937102,1.936079841761396,0.661625125395478,0.0483940972222222,0.643557582668187,0.9989692239729052,0.1201851284517029,0.1580498890069311,1.8178227284489867,-31.93901407154009,0.6034315271519766,0.0751977733236868,False,False,False,False,pachytene,53,off_axis,32.69218850796127,18.11
331,8.239206031697124,57.76436044006788,81.47124543776111,15.245211221999998,1.53820757426221,0.5587013386674873,0.0,0.6094839609483961,0.9770959377700952,0.0794360119878533,0.0517120260458445,1.18117560945065,-27.997381646831723,0.6039118924637759,0.0,False,False,False,False,pachytene,53,off_axis,32.25134754682572,18.11
361,8.840537404579896,51.49953028396978,66.4857304488533,38.41211474999999,2.093115543365493,0.6367633587786259,0.105563909774436,0.5887693342299932,0.9983108108108107,0.0810459603955236,0.0886935551629946,1.4723382639772236,-32.322942733982046,0.604281031300975,0.1792958695997561,False,False,False,False,pachytene,53,off_axis,32.3248754188027,18.11
570,11.863093818638331,53.80361670536358,74.22701896454498,37.37997243,2.074197576399163,0.6626921870097271,0.0700692041522491,0.6416744186046511,1.0,0.1094421252324318,0.1547064663072074,1.6433065809335758,-31.01321475425054,0.60479841873423,0.1091974405098113,False,False,False,False,pachytene,53,off_axis,32.1107425419803,18.11
511,11.187632995369032,49.750320972587744,67.09231768681897,37.480840884,2.076061615518567,0.6139066216047064,0.1166953035509736,0.5767547414491814,0.998408795023868,0.1271415298286892,0.1246742530988234,1.5021311118878045,-34.13466963447433,0.6072996197029974,0.2023308958982452,False,False,False,False,pachytene,54,off_axis,34.142575223839195,18.11
398,9.229357798165092,59.11096066960506,88.25252544978072,19.688114754,1.6750913947177308,0.6178958656022876,0.0595307917888563,0.5544122232616152,0.9960042621204048,0.1219709346080914,0.1335246676358405,1.0750895050684952,-27.516468005184837,0.6073685994130423,0.1073764056619023,False,False,False,False,pachytene,54,off_axis,35.802927121538225,18.11
71,3.555195484005952,59.56821526238706,82.50503671336054,22.439712348,1.7497508992504385,0.4931005644992682,0.0,0.6170344400907404,0.9567238912732476,0.2034682459624182,0.0902264822339729,1.22335644801022,-26.338254045858797,0.6074791589117409,0.0,False,False,False,False,pachytene,54,off_axis,31.49107045382243,18.11
298,6.960844641172708,61.090261018792205,87.87027888397184,32.327166618,1.9761792920707957,0.761120383136202,0.0763187429854096,0.5880923450789793,0.9993258426966292,0.1774822671405533,0.3306640234911462,0.9758779523230916,-25.50476948055278,0.6076598480643038,0.1297733997458515,False,False,False,False,pachytene,54,off_axis,34.19449790293044,18.11
752,14.04953523633703,50.00989711912556,70.63513199287989,35.583106482,2.040414574429363,0.6368910277539719,0.1171662125340599,0.5713507625272332,0.9941091954022988,0.0564747112091106,0.0682070906919584,1.5464730703319662,-34.32382081688129,0.6080425264924323,0.2050687952455042,False,False,False,False,pachytene,54,off_axis,34.589881233998206,18.11
191,5.833187888404026,60.224566045218445,89.90602614042109,17.741119014,1.617946412329106,0.5737141346026708,0.0101320233343568,0.543424317617866,0.988660524450744,0.1848196427590032,0.1188295094526268,1.0698218843713885,-26.62021138932556,0.6086880573873263,0.0186447735330858,False,False,False,False,pachytene,54,off_axis,36.30534967404396,18.11
98,4.575472467708961,49.80185439157103,68.0224864038071,34.50639438,2.0196230753422157,0.7152277362338545,0.0580166404317517,0.5898782525662449,1.0,0.1160847934858037,0.1890184880612707,1.7217330914976252,-34.20081733166514,0.6095049535088497,0.0983535842851509,False,False,False,False,pachytene,54,off_axis,34.24127023617556,18.11
88,4.066808338393096,49.686641590771806,71.66403445658669,23.180978196,1.768809449566098,0.6802266747621939,0.013732833957553,0.6715189873417722,0.99945779866257,0.0884604952782926,0.119514194332364,1.5324127670965495,-34.77421470955862,0.6121198535482136,0.0204504030659131,False,False,False,False,pachytene,54,off_axis,35.170067089651624,18.11
253,7.13011363636345,51.02047869318309,75.03325175189573,29.725698816,1.9216803734577184,0.6714015151515151,0.0403318737036183,0.6784341978866475,0.9997144896502498,0.0966757534837174,0.1336160397224863,1.5893524516369082,-33.87579057351297,0.6131124889777795,0.0594484680006608,False,False,False,False,pachytene,54,off_axis,34.99320142813904,18.11
89,4.102236756049621,57.46052346631876,83.736653368214,17.933472809999998,1.623772803384976,0.5122302158273382,0.0,0.5945293644408689,0.9664162615996464,0.1066033614647901,0.0562087456693651,1.1895854012974671,-28.58440289659019,0.6148674913299927,0.0,False,False,False,False,pachytene,54,off_axis,33.896513367235656,18.11
510,11.397159183673674,46.52831456326479,68.29884244898025,28.7357805,1.90010731298478,0.6960816326530612,0.0233473242392444,0.6658608648939027,1.0,0.1142110506404683,0.1686693989164978,1.3973576161104129,-37.48307839823697,0.6174793563879363,0.0350633675444562,False,False,False,False,pachytene,55,off_axis,37.514103302005836,18.11
223,6.905481528763957,47.41512777467323,67.78664034149818,29.399635673999995,1.9146281788660864,0.7103646373573765,0.0239311642914762,0.6192837465564738,1.0,0.1271214097017355,0.210500845291566,1.53341847575755,-36.53876591471916,0.6181708183008444,0.0386432946521613,False,False,False,False,pachytene,55,off_axis,36.5562061489981,18.11
751,14.132517073770904,46.79064418261206,72.3864659509005,38.125929834,2.0879044103161464,0.642589060481142,0.1187803398058252,0.6367705284902737,0.9974934202280988,0.1492756837171238,0.182011728621378,1.4582302256897832,-37.73818425498553,0.618868649371992,0.186535548508256,False,False,False,False,pachytene,55,off_axis,38.153394053418054,18.11
87,4.106521580369563,47.38261432848811,72.69356527422718,32.120738153999994,1.97196394106419,0.6896224348207114,0.0822716475923126,0.5804705882352941,1.0,0.0928060279631553,0.1266234493228004,1.6701779604801923,-37.18965470525292,0.6192489704447967,0.1417326721797036,False,False,False,False,pachytene,55,off_axis,37.66939545058883,18.11
150,5.276622405086942,47.94115107536766,76.05437883860225,25.085749932,1.815987381438121,0.6830933233588928,0.0196702343072028,0.649749188551195,0.999832299178266,0.1159402310167671,0.1577828061249206,1.5444271981702264,-37.059285206182125,0.6203182179337152,0.0302735804119484,False,False,False,False,pachytene,55,off_axis,38.23214785857748,18.11
437,9.530513121817354,49.130657696827136,78.63667666274823,29.94385617,1.926370000144935,0.6497453975714845,0.0355910267471958,0.6725564750615075,1.0,0.1144220562114124,0.1507740164472434,1.7629286966524191,-36.20482997412051,0.621945175549474,0.0529190158253117,False,False,False,False,pachytene,55,off_axis,38.17607985671258,18.11
694,13.347101705712191,48.0158846273598,76.69076437115177,33.143497362,1.9926754712832755,0.6558142826810107,0.0602898550724637,0.6417849064363561,0.9998617638927288,0.0739527302692989,0.0809024045737474,1.6180584666992668,-37.065379518927394,0.6238857161251784,0.0939409052282573,False,False,False,False,pachytene,55,off_axis,38.40054002846717,18.11
527,11.270574896625044,44.490548639457096,70.00740532212963,35.17259533199999,2.032537663968166,0.7056155795651594,0.0341356673960612,0.6323062981422746,1.0,0.1556757673262682,0.2291635277309769,1.470716704870045,-39.719989756808076,0.6250613196116702,0.0539859677127245,False,False,False,False,pachytene,55,off_axis,39.83038193212812,18.11
178,6.408340584213695,44.90867821006945,69.78230065879504,37.74356802,2.0809011389399834,0.7535114978247359,0.0703234880450069,0.5453857791225416,1.0,0.125593677037764,0.2657588327579239,1.5763916575264694,-39.276816694567025,0.6257883407398932,0.128942650756587,False,False,False,False,pachytene,55,off_axis,39.375983769683664,18.11
86,4.460711731044413,44.895666228541806,73.18488701716691,26.235181152,1.8433104535240032,0.69241773962804,0.0146089945574333,0.6781976744186047,1.0,0.1226120324966341,0.1741330716754386,1.5391738486821114,-39.71870191378396,0.6268084221272098,0.0215409092488515,False,False,False,False,pachytene,55,off_axis,40.19455523368476,18.11
129,5.249924213717278,45.06057675255882,77.21239061197355,24.762032568,1.808142108977228,0.6631299734748011,0.02065546681355,0.6766029246344207,0.999822316986496,0.1206988279683679,0.1613537171097553,1.5355127017409935,-40.062869999129084,0.6294875275009632,0.0305281961716474,False,False,False,False,pachytene,56,off_axis,41.336692874293206,18.11
727,13.828324245728703,43.76922257361028,75.11056545256476,32.26617639,1.974935719808472,0.7111595783351509,0.0333333333333333,0.6486282406242134,1.0,0.1105841109438973,0.1725746018405571,1.5255601562273493,-41.07893515755224,0.6307321534533535,0.051390505756047,False,False,False,False,pachytene,56,off_axis,41.83827870065941,18.11
528,11.106775555401477,46.41769180566119,80.24156794241921,33.894146322,2.0076069797092573,0.7240639490622188,0.0502620295378751,0.6689240030097818,1.0,0.0611382172657533,0.1116051747519819,1.651234611091619,-39.09848351283743,0.6323534862774228,0.0751386245847425,False,False,False,False,pachytene,56,off_axis,41.317680067889896,18.11
600,12.66083365796717,42.3507592987913,71.83655020646495,30.10806063,1.9298848235260064,0.666926373198286,0.0404040404040404,0.6039766081871345,1.0,0.0842320155503959,0.1068163208249564,1.5008707661518286,-42.07331270821683,0.6327777906948838,0.066896697415675,False,False,False,False,pachytene,56,off_axis,42.31415027923388,18.11
263,7.276402059062768,45.99773779463591,79.62882446491389,25.974799794,1.8371919473275,0.6653120202293867,0.0135746606334841,0.6637884511602806,1.0,0.0652790639101073,0.0811950981926751,1.5405404557010227,-39.43783574184297,0.6332230142768953,0.0204502814258911,False,False,False,False,pachytene,56,off_axis,41.43167573351398,18.11
251,7.530164135394565,42.70135570387439,71.11813834366222,34.443058374,2.018386655219699,0.6698222434107471,0.0814702538840469,0.5769389438943895,0.9998660953401178,0.0799058392692827,0.0893435435264398,1.5331810180624212,-41.634940831735626,0.634097229249788,0.1412112230353448,False,False,False,False,pachytene,56,off_axis,41.81162030376903,18.11
106,4.739898329702103,42.6866219607836,74.57757431372731,32.30136306,1.9756533563977243,0.7358750907770515,0.0264989293361884,0.6233159197140501,1.0,0.1167895786040592,0.1790756950572344,1.3647637689717511,-42.085701322088624,0.6343089050085438,0.0425128389923764,False,False,False,False,pachytene,56,off_axis,42.708950218815325,18.11
70,4.470542552043947,41.93554494660637,77.35441103440789,21.747707838,1.7315762756057294,0.6467479236328335,0.0081768625075712,0.6595419847328244,1.0,0.0930451023984925,0.1144188013175177,1.602640898590477,-43.180871804068154,0.6386210128258983,0.0123977892186554,False,False,False,False,pachytene,56,off_axis,44.307853829508964,18.11
750,13.872078526903952,43.52153095937568,79.14735796374379,32.740023546,1.984556461878865,0.658809199684746,0.0366174388023468,0.6442671146577068,1.0,0.1376051905908691,0.1690598780793602,1.5401228380738672,-41.83358426115774,0.6390916638871662,0.0568358029911263,False,False,False,False,pachytene,57,off_axis,43.495463301071986,18.11
118,5.162403725595652,43.43946364857673,80.47477565824839,26.192957148,1.842321022065236,0.6748164069496687,0.0656201749871333,0.5890939135224456,1.0,0.0826591914459786,0.1107899466421103,1.6675086564249522,-42.082349365866236,0.6402494821007532,0.1113917042441707,False,False,False,False,pachytene,57,off_axis,44.10842727599092,18.11
668,13.292372583479844,39.824167360281415,74.8714177645012,33.36869205,1.997178389997438,0.6792267135325132,0.0529265255292652,0.6280955511724743,0.9997359038690083,0.1652462889798027,0.224494317907052,1.5189296865810946,-44.96236197042314,0.6408531054421993,0.0842650858304387,False,False,False,False,pachytene,57,off_axis,45.53524146433038,18.11
436,9.5771954674218,39.86053597733719,72.70514753009887,26.497908288,1.849443185574307,0.6759029745042493,0.0383504071447333,0.6550122917235728,0.9998370539351474,0.1090401462417229,0.1486131848344466,1.680517682798455,-44.65317357868553,0.6416584754286961,0.0585491411830145,False,False,False,False,pachytene,57,off_axis,44.938490903497836,18.11
475,10.169608145634236,43.99181253471246,83.39698139463084,30.410665992,1.936328810418243,0.6669237889540265,0.0677892918825561,0.6359425660027791,0.998396501457726,0.1263633484243734,0.1541068442759699,1.6064287408914348,-41.90282138913341,0.6427187675544237,0.1065965631277776,False,False,False,False,pachytene,57,off_axis,44.91930964881069,18.11
222,6.679447939160736,40.08557082903002,74.4056486527096,24.984881478,1.8135501158793923,0.6374049385034268,0.0195481086570195,0.6664940445365096,0.9994347088750708,0.0908122911141599,0.0882776197815919,1.4558708053778846,-44.644322984442766,0.6428626930780569,0.0293297574333369,False,False,False,False,pachytene,57,off_axis,45.15489650153301,18.11
105,4.513876672592923,40.32058554318293,80.46606902779128,25.069329486,1.815591063057023,0.7293908486946759,0.0265903736115785,0.6400414937759336,1.0,0.1116979322232779,0.1988385161797856,1.7099909500885608,-45.175243836045254,0.6466055360150187,0.0415447652537467,False,False,False,False,pachytene,57,off_axis,46.95713775846727,18.11
177,6.254140914709665,42.43296358277031,83.0697144622989,24.670547226,1.8059125850033115,0.7025767804506988,0.0063532401524777,0.6438618925831202,1.0,0.1409632367046819,0.2073164731713834,1.5947695275049547,-43.40797227853529,0.6481635611875984,0.0098673958276814,False,False,False,False,pachytene,57,off_axis,46.147076433270286,18.11
726,13.378810160427555,41.67840619150902,82.35849415107037,28.074271104,1.8854135621010528,0.6392881016042781,0.0281404772624943,0.689830901088719,0.9996735226901732,0.0964449653981461,0.1021887478082387,1.5117573747907271,-44.0668426907526,0.6490872358813349,0.0407932976300161,False,False,False,False,pachytene,57,off_axis,46.505352780468066,18.11
765,13.979058749210672,38.23699799431606,78.13280581174907,29.706932592,1.921275894310124,0.6507422615287428,0.0242664901831016,0.6766900293918156,0.9995489400090212,0.0476828365165152,0.0605396910270862,1.3959446917170502,-46.94804274541781,0.6493550131968913,0.0358605700233406,False,False,False,False,pachytene,57,off_axis,48.05086219110922,18.11
217,6.13243512974056,38.56785112275593,77.9726674151693,28.205634672,1.8883496947497715,0.70542248835662,0.01364522417154,0.6806888763410502,1.0,0.0688710077762612,0.1090052593687609,1.5557075097224478,-46.59964028008131,0.6498613138431432,0.0200461982644524,False,False,False,False,pachytene,57,off_axis,47.68551848252995,18.11
474,10.32698492462331,37.64830904522746,75.90574663316661,28.00858932,1.8839420602283496,0.6704355108877722,0.0495169082125603,0.6452350698856417,1.0,0.1176474401553511,0.161341186447669,1.5369334835128683,-47.25126060515674,0.6516897971602345,0.0767424315937082,False,False,False,False,pachytene,58,off_axis,47.91572529848636,18.11
252,7.473558997285713,43.378818848795206,86.37705735270615,29.383215228,1.9142716562665467,0.681542391825004,0.0736182071528099,0.6390072699924794,1.0,0.0805660498741241,0.128823061573268,1.6944106767578715,-42.88663347585836,0.6546088971408678,0.1152071511700898,False,False,False,False,pachytene,58,off_axis,46.93222456381797,18.11
670,12.658046191793524,42.495976149188095,86.3653199865459,31.384163862,1.9567739185969035,0.594513790268331,0.0267312522425546,0.7047004608294931,0.9983662800196046,0.0604116554262052,0.0459780307778995,1.4472705475448469,-43.76095207763561,0.654981609274266,0.0379327866638396,False,False,False,False,pachytene,58,off_axis,47.68353083151845,18.11
128,5.304705392462911,37.35614921923907,81.53977576514833,22.533543468,1.7521863549642642,0.6482406829065168,0.0231280716970222,0.6546315477952057,0.9991789819376026,0.1339853372641535,0.1581320615228542,1.301864448640435,-48.25139282570948,0.6562054979583906,0.035329906991066,False,False,False,False,pachytene,58,off_axis,50.10551649039077,18.11
117,4.517734463770607,39.2120591731497,84.591008679309,26.838046098,1.8573229640355375,0.7191679049034175,0.0231073274551535,0.6342981637099284,1.0,0.0894622425569788,0.1689268140321642,1.4299246198185187,-46.79497202337965,0.6577788876837457,0.036429756189111,False,False,False,False,pachytene,58,off_axis,49.70754442157412,18.11
329,8.079899594516139,36.35385709596387,78.59216405676649,24.297568524,1.7967655085342369,0.6704962347943618,0.0281890660592255,0.676530911221799,0.99858632267185,0.1574664562952969,0.198550386970622,1.388502900337896,-48.874070852698615,0.658589236494079,0.0416670777220168,False,False,False,False,pachytene,58,off_axis,49.97957067486474,18.11
651,12.24420118901583,35.91633524582325,79.77693589695086,24.858209466,1.8104800543253288,0.641879777295461,0.0044596012591815,0.6766798418972332,0.9990704591931586,0.166404031137197,0.1768296791537975,1.2267237915523166,-49.45747036828207,0.6591937865013632,0.006590415412225,False,False,False,False,pachytene,58,off_axis,50.79368775354587,18.11
749,13.952181624689649,37.54551430471895,82.52866269067069,26.450992728,1.8483510374606515,0.6050017736786094,0.0253829321663019,0.6984732824427481,0.9990526714664646,0.1468621237978674,0.1317824790631314,1.343842302398247,-48.18821146310163,0.6593714474204856,0.0363405914074924,False,False,False,False,pachytene,58,off_axis,50.325137727482236,18.11
236,7.58009049773782,42.62232703414209,89.78468273138517,28.51293159,1.895182718683213,0.6505141916906623,0.0371713508612874,0.6685499058380414,1.0,0.0741615823475963,0.086655538142242,1.477825837835415,-44.06670148897361,0.6634728575545538,0.0555999642460383,False,False,False,False,pachytene,59,off_axis,49.40928745264631,18.11
159,5.305069772111112,36.10754182310921,84.82782059030082,23.366294658,1.7735104286628338,0.6464210420640497,0.0170248395199553,0.702725724020443,1.0,0.1353692898786746,0.1532690819261268,1.4071802393282609,-49.9045737851915,0.6646669039960786,0.0242268625411243,False,False,False,False,pachytene,59,off_axis,52.59576831654371,18.11
669,12.887596264132382,40.958809790266166,89.75687683925857,28.632566268,1.897829625361282,0.6368998853023103,0.0487229019102811,0.6428249097472925,0.9989768076398364,0.1169688008569677,0.1348910758341235,1.5313270947352955,-45.71343970507849,0.665022700359237,0.0757949811394756,False,False,False,False,pachytene,59,off_axis,50.779640592645,18.11
85,3.8932307692309216,39.84391989230784,87.71431100769368,30.495114,1.9381194977615608,0.6360769230769231,0.0384146341463415,0.6639188332276474,0.9989252264701366,0.1096957834706126,0.1290602609434014,1.6445355218295097,-46.561919665128684,0.6653460604360759,0.0578604374868964,False,False,False,False,pachytene,59,off_axis,50.65317015600323,18.11
348,8.547450218552989,35.35467438562298,82.00579092763635,24.14978451,1.793115302516781,0.67178241864983,0.0309721823917407,0.6383545427641314,0.999096657633243,0.1055536080778928,0.135682491158884,1.3971417883183046,-50.29564992854023,0.6660393917921988,0.0485187780721798,False,False,False,False,pachytene,59,off_axis,52.13188244508291,18.11
723,13.821732694819785,36.61093522855872,86.01653712668768,26.94126033,1.859700893434805,0.6414453635176317,0.0504957343786027,0.6680427391937834,0.9994815966822188,0.1383128901039859,0.1629240633165337,1.3183476653517696,-49.555063060245985,0.6675913527238905,0.0755875805783665,False,False,False,False,pachytene,59,off_axis,52.67234595908595,18.11
623,12.27929328621918,34.59446416961057,83.64338109540618,26.55420696,1.8507520630002776,0.6409010600706714,0.0157384987893463,0.6856088560885609,0.9998265695456122,0.2132458934225137,0.2329537168578913,1.3050984980153737,-51.256251571765894,0.6694991403410738,0.0229555068456019,False,False,False,False,pachytene,59,off_axis,53.474764102333886,18.11
328,8.085820124052248,33.55594517574121,85.21860914886199,27.229791024,1.8663162308197796,0.6610957960027567,0.0509047044632087,0.65200813421454,1.0,0.1188763449877501,0.149780987809248,1.394354982930765,-52.48507909884892,0.6738539274818401,0.0780737260655996,False,False,False,False,pachytene,60,off_axis,55.07020929859711,18.11
158,5.208284858099889,35.458876599681204,88.47358791644656,26.615197188,1.8521679275446696,0.6886127269522299,0.012300810735253,0.6637418624398528,0.9989145603969608,0.1454688988225313,0.1960831085143844,1.4572586787184854,-51.0076990354315,0.673856935447239,0.0185325221013428,False,False,False,False,pachytene,60,off_axis,54.841126986236546,18.11
104,4.501879565926645,39.36619352436383,90.90190726292548,33.073124021999995,1.991264127606015,0.6743031420668133,0.0510436040504236,0.671602787456446,0.99987146529563,0.0957327588607019,0.1269973132556496,1.5318617234159186,-47.43770662711302,0.6745096471890136,0.0760026685471936,False,False,False,False,pachytene,60,off_axis,52.7391149039413,18.11
378,8.48176746657194,41.61691944567298,93.4438638271516,26.490870954,1.849279445583582,0.5758434428406978,0.0248371335504885,0.6993736951983298,0.9979554283377632,0.1602186093342131,0.1328127847411487,1.419485285066774,-45.52541373307941,0.674992142558918,0.0355133939423403,False,False,False,False,pachytene,60,off_axis,52.352794277513155,18.11
599,11.977286585365906,40.89309357850532,93.2060899104444,24.621285888,1.8047097884443444,0.596703506097561,0.0262249827467219,0.6640680368532955,0.995079161317929,0.1808874457833885,0.1610959844942879,1.4097016278856933,-46.213487028058026,0.6755599303944968,0.0394914094510401,False,False,False,False,pachytene,60,off_axis,52.79329567072272,18.11
738,13.97673884514479,36.30129480807045,89.97520829232155,28.599725376,1.8971037588618092,0.6532972440944882,0.0289455547898001,0.6818074284362432,0.9975058456742012,0.1567468337931305,0.1785481597505992,1.431631565093317,-50.36131761556377,0.6765113987578338,0.0424541499293841,False,False,False,False,pachytene,60,off_axis,54.8531218255265,18.11
707,12.755959815367383,33.4079476242197,87.11375981536996,25.918501122,1.8358636562563413,0.5815910942166712,0.0320351758793969,0.7081981397361021,0.9880560131795716,0.197842816005603,0.160000613501704,1.394465314328636,-52.8708246426819,0.6779500778317384,0.0452347642304374,False,False,False,False,pachytene,60,off_axis,56.02596428620568,18.11
722,13.501746478874134,36.6952432394366,94.05886523943744,24.9825357,1.813493357300365,0.5468544600938967,0.0,0.6953999171156237,0.982766990291262,0.1761582034732093,0.1120858999145155,1.3607534717978838,-50.48535478616493,0.6830021935270115,0.0,False,False,False,False,pachytene,60,off_axis,56.71406547142962,18.11
395,8.973095349929608,33.39722742132486,89.22102961014612,24.97080681,1.8132095110979989,0.6392672616251762,0.016141429669485,0.6888020833333334,0.9994490358126722,0.0765070450245215,0.0854492351188353,1.3080693887798618,-53.147130861640186,0.68336882652484,0.0234340604653393,False,False,False,False,pachytene,60,off_axis,57.00889281907536,18.11
351,8.017619047618926,40.55502760988959,96.4418541483514,25.61589576,1.828690937544764,0.6386446886446886,0.03308012741975,0.685250886974151,0.9992791493962876,0.1335655517437523,0.1488683748240053,1.225571286476658,-46.956800681840505,0.684100329402934,0.0482744758869577,False,False,False,False,pachytene,61,off_axis,55.02818139064254,18.11
52,4.387882165604945,39.28874806528723,95.43464118630564,29.462971679999995,1.9160020952688228,0.6830414012738854,0.0155786350148368,0.6779703592062296,0.9991500212494688,0.1392258919137373,0.1963370025606266,1.3986384441597972,-48.08599322165411,0.6850189777877927,0.0229783423468193,False,False,False,False,pachytene,61,off_axis,55.41002005076952,18.11
116,4.8925869638635815,33.51630800405295,91.7058504559265,27.783394632,1.878879376607707,0.6749408983451537,0.0348458260215592,0.6664935064935065,1.0,0.1454218423471938,0.1930585748305033,1.5158278551096225,-53.34227129675015,0.6850331407598005,0.0522823188554182,False,False,False,False,pachytene,61,off_axis,58.131279553100285,18.11
636,12.292770034843542,33.62013125435555,91.75629765679452,26.92953144,1.859430980384072,0.6338850174216029,0.0179906542056075,0.6933142993100166,0.998447204968944,0.1870173066095284,0.1988941693861465,1.3166614036011035,-53.24563653778212,0.6872320761671766,0.025948771319893,False,False,False,False,pachytene,61,off_axis,58.06777932169856,18.11
598,11.922765900348846,39.444140728151496,97.3427797119572,26.223452262,1.8430357180065464,0.6417389748635836,0.0019935210565661,0.6878901373283396,0.996695077404766,0.1639405690367333,0.1769264249760515,1.2762839840175082,-48.172406772342086,0.6885056880221674,0.0028980224433928,False,False,False,False,pachytene,61,off_axis,56.45844414039668,18.11
621,12.28180235931186,33.59885502804118,95.51674635466964,24.260036076,1.7958398773530826,0.6248307870818024,0.0012870012870013,0.6858247422680412,0.9946502872993858,0.1454302172697643,0.13633746372088,1.2001210980593788,-53.7408371326263,0.6937326875947516,0.0018765745935983,False,False,False,False,pachytene,61,off_axis,60.09554552503895,18.11
103,4.676530520241692,37.90960892615757,98.08765469299313,26.017023798,1.8381869066052976,0.6427734198900009,0.0219698839792643,0.668349318525997,0.9946091644204852,0.1450413298059918,0.1784816353594135,1.3396783075777423,-49.78860356890733,0.693890673633579,0.0328718581290956,False,False,False,False,pachytene,61,off_axis,58.12314234955294,18.11
313,7.616865261228253,39.90025019859455,99.94898799266916,23.033194182,1.765042578978129,0.6361136571952337,0.0200219418540866,0.6982927511894766,0.9998001598721024,0.1110904967952149,0.118100151903324,1.2457643722616074,-48.048511297245135,0.6947032726690141,0.0286727047072752,False,False,False,False,pachytene,61,off_axis,57.777659902819174,18.11
434,9.264373263605124,31.9065180421649,93.31871533747504,28.707631164,1.8994866670765136,0.6771531295963393,0.022755379668563,0.6664135661857757,1.0,0.1587613721739375,0.2086072589848651,1.298371059614282,-55.14255656099735,0.6952652604191041,0.0341460330689299,False,False,False,False,pachytene,62,off_axis,60.34118663368384,18.11
736,13.634775247608609,35.95077770253051,98.16068868195984,27.710675514,1.8772387104209527,0.6729027342757978,0.022761760242792,0.6545031055900621,0.9995297068506036,0.1399244296748822,0.1869909345261425,1.2478591709019815,-51.741012683009195,0.6953203878509195,0.0347771615571959,False,False,False,False,pachytene,62,off_axis,59.7167533720467,18.11
165,5.2358969674827645,32.44652370296061,95.36860607416853,25.681577544,1.830252587268278,0.5976434051881623,0.0098898628905371,0.695800227014756,1.0,0.1642462811716051,0.1483417508837203,1.2970441746446726,-54.86529723654675,0.6960788833261249,0.0142136528655191,False,False,False,False,pachytene,62,off_axis,60.975103277226026,18.11
584,11.757410431274431,39.423727797522346,101.21863010277578,24.421894758,1.7998248703697426,0.6080107578522717,0.014727184934814,0.699583435432492,0.9993904916700528,0.1227277472080098,0.1127108791291587,1.24250526651023,-48.6813000921876,0.6999629078892761,0.0210513631239846,False,False,False,False,pachytene,62,off_axis,58.97354944109283,18.11
665,12.891337664500776,32.85532081459339,99.88338693153597,28.163410668,1.8874069338867605,0.6440113276694985,0.0127050127050126,0.6403837154890033,0.9936856098371551,0.1639498131666726,0.1715019003947721,1.2757750210659498,-55.028957645053836,0.70368447023729,0.0198396873588688,False,False,False,False,pachytene,62,off_axis,63.22593072413295,18.11
84,4.702146633543582,34.873193273455826,100.05730003822084,36.826368822,2.0639068685709243,0.6738008790368814,0.1474945896454137,0.510837727006444,0.9992221934145707,0.0575686707149478,0.0811330441469887,1.5398747358771887,-53.04911195767867,0.7039213841913508,0.2887308079411941,False,False,False,False,pachytene,62,off_axis,61.72768110729837,18.11
235,6.66159742182727,37.134533368174246,102.34922581656552,26.931877218,1.8594849692630653,0.5960282205382806,0.1342169124509986,0.5948684777921518,0.9941763727121464,0.0661223247425501,0.0714063001223925,1.2550609612917691,-51.09476724574365,0.7046542069308097,0.2256245161100876,False,False,False,False,pachytene,62,off_axis,61.43967147983808,18.11
390,8.774567397284965,31.119330827935173,97.02291292039884,26.434572282,1.847968480539456,0.615493832638211,0.0201266395296245,0.695130394645742,0.9977920883164674,0.1575649515332282,0.1539395699546204,1.2916442829096328,-56.39046504174649,0.7057246445104224,0.0289537613153596,False,False,False,False,pachytene,62,off_axis,62.99393152962892,18.11
737,13.765389550870887,36.11556833180484,102.24763812098912,25.59243798,1.8281325585978243,0.6058661778185152,0.0175919579620744,0.6951162790697675,1.0,0.1200438059911462,0.1123285356025371,1.1584312822047085,-52.09279427113957,0.7068382758748936,0.0253079355091737,False,False,False,False,pachytene,63,off_axis,62.14681326929131,18.11
413,8.792762577229096,39.36823421594647,104.82437399235108,23.919898266,1.787407487900853,0.63332352652741,0.0365885081164648,0.6718373896763841,0.9978247973106584,0.1352100412762624,0.1499496804858257,1.3348899470738578,-49.190940791067376,0.7095978651445951,0.0544603629966011,False,False,False,False,pachytene,63,off_axis,61.46682117051111,18.11
540,10.74840676087544,31.79561765031992,101.86531753948422,25.397738406,1.8234847913594856,0.5246143899510483,0.1900865460267505,0.5612978434039246,0.9815366289458012,0.155245758679413,0.0755028319996283,1.3222343777119083,-56.33007485602134,0.7128555679917963,0.3386554006229439,False,False,False,False,pachytene,63,off_axis,65.26771816047399,18.11
586,12.131952157198162,39.2507003630935,105.67100709098897,32.94879778799999,1.9887658530680767,0.6210308984764346,0.2096510764662212,0.5123050911140334,0.9934842249657064,0.0384532424161766,0.0167034040889648,1.284010378458406,-49.414275094536016,0.7131685615357387,0.409230905768132,False,False,False,False,pachytene,63,off_axis,62.14250421275682,18.11
310,7.68927168868285,32.68573069439583,101.55345323991416,26.282096712,1.8444085774901189,0.6445019635844341,0.01944854751354,0.6711021842832036,0.9991299808595788,0.1916068068375394,0.2299843967106458,1.3376001703308664,-55.40774622250597,0.7144321684049341,0.0289800092579237,False,False,False,False,pachytene,63,off_axis,64.37278760973442,18.11
272,7.307804554499058,34.390920804775135,105.90869226177524,31.829861682,1.9659933629822104,0.6435993809418528,0.2356567093409198,0.5223325062034739,0.9985207100591716,0.0487013554439054,0.0519670124808402,1.3076794143085209,-54.26524368142859,0.7180633449903532,0.451162251137248,False,False,False,False,pachytene,64,off_axis,65.85115212081368,18.11
747,13.740745574679888,32.4551574190402,104.66227199608552,28.756892502,1.9005725314754955,0.585855289991027,0.2425779501715649,0.4945834154027969,0.985671365842385,0.1404905785869442,0.0982469791420154,1.222573633750471,-56.028420380112514,0.7180679146807004,0.4904692365675169,False,False,False,False,pachytene,64,off_axis,66.5024189563557,18.11
277,7.373258003766605,36.90990451977414,107.25845138552664,26.157770478,1.8414956832655696,0.6864855169939916,0.0973405628711593,0.5523455377574371,0.999829380651766,0.1089867860705725,0.1535871024629738,1.2662935264979531,-51.93652857329416,0.719319310063943,0.1762312831680854,False,False,False,False,pachytene,64,off_axis,64.92611961549517,18.11
526,10.491948565776129,39.547421454006255,108.36228053412307,23.71581558,1.782309622179985,0.6196834817012858,0.0178799489144316,0.6361508452535761,0.9868000851607408,0.1642811984839382,0.1515319180544811,1.177697682112522,-49.45922070720886,0.7212011373099712,0.0281064609877309,False,False,False,False,pachytene,64,off_axis,63.85521784979064,18.11
97,5.382713634196083,46.26318792962212,106.05884135987152,191.854145286,3.5778944622570794,0.5316492841160576,0.1885049679045823,0.6405952225558021,0.9945611782987636,0.0846442871363611,0.0702444241487342,1.0206603706097308,-42.50663687810064,0.7215783290475167,0.294265335218234,True,False,False,False,pachytene,64,off_axis,57.65386445554709,18.11
794,14.392458521869964,34.22320356667529,107.21468429598092,26.439263838,1.8480777986787,0.5169905066098838,0.1103121425069455,0.5878030859662013,0.9833518312985572,0.1604714775269362,0.0892994708777665,1.0743262589842053,-54.59627408604419,0.7226450005288598,0.1876685324399411,False,False,False,False,pachytene,64,off_axis,66.85147457205683,18.11
748,13.598829154064036,37.11295916674827,108.36611699677836,24.041878722,1.7904406559214483,0.529417504146746,0.1243645606390704,0.5776487663280117,0.9837721984078384,0.129263854071655,0.0864782403051216,1.1171470354630213,-51.874741762798905,0.7242130849828151,0.2152944278399987,False,False,False,False,pachytene,64,off_axis,65.55814144878131,18.11
472,9.85734455081739,32.13223611836512,106.31990400348276,24.257690298,1.7957819937147717,0.6386229571608162,0.2301194890811702,0.4541075729194541,0.995249406175772,0.0896829282249421,0.0827998041594261,1.3452485212935303,-56.557749047648926,0.72630881595717,0.5067510493201727,False,False,False,False,pachytene,64,off_axis,67.82065599175642,18.11
350,8.145459998500614,38.38313755717342,110.531173262352,31.285641186,1.9547241726252769,0.6492464572242633,0.1656857499554128,0.5243693886276186,0.9983716007164956,0.0517329847086352,0.0529685348612729,1.3004218147916742,-50.88765521550637,0.7268076659498339,0.3159714383576932,False,False,False,False,pachytene,64,off_axis,66.23285429914368,18.11
274,7.439706959706825,34.9394665445656,110.2126564590956,28.81788273,1.9019152182742416,0.6107448107448108,0.1782093143151744,0.4891258887494772,0.9934627170582226,0.064189648639205,0.0511037895112026,1.2282663046625713,-54.26369207351294,0.7298085523349813,0.3643424288393176,False,False,False,False,pachytene,65,off_axis,68.40136369168572,18.11
688,12.574167196151594,32.32054593809698,108.76387041844296,25.843436226,1.8340896060195908,0.5263683398384316,0.1613629058180649,0.55634342660023,0.9796794504865484,0.1887400045935447,0.1157259367322735,1.1649796975982616,-56.67906196117033,0.7306679719227988,0.290041902362612,False,False,False,False,pachytene,65,off_axis,69.3010505569694,18.11
391,8.914460760478503,32.53958440144016,109.5466137800232,24.121635174,1.7924183379912135,0.6700379266750949,0.0213441015286991,0.6622458001768347,1.0,0.1092530006971101,0.138053142583534,1.191486599194016,-56.56045468196368,0.7310187417395748,0.0322298782763133,False,False,False,False,pachytene,65,off_axis,69.67051932413717,18.11
544,11.934621373781455,39.05546966953212,111.91470534633076,40.673444742,2.133408963307827,0.655631812676625,0.33559586068766,0.4479986601909227,0.9979341510652032,0.03009421993289,0.0335910558944712,1.3529392410489125,-50.39511490920704,0.7316264511338111,0.7491001436134647,False,False,False,False,pachytene,65,off_axis,66.80259053868015,18.11
587,12.632332072797976,48.40572099105608,108.15650630098764,185.473629126,3.537782968497301,0.5132356103051843,0.2200741686424706,0.600358562631538,0.9950941604684286,0.0803341784131054,0.0456572033252695,1.020441521649602,-40.64566001586328,0.733581020577439,0.3665712165040581,True,False,False,False,pachytene,65,off_axis,57.94739410426454,18.11
311,7.669282056237304,37.907134814959385,114.4088462556763,24.276456522,1.7962449583819171,0.6545559957483815,0.1379310344827586,0.5048951048951049,0.9968467521547194,0.1111302720506226,0.1215195431005281,1.4681823786775543,-51.84873291567706,0.7384310466361445,0.2731875059700068,False,False,False,False,pachytene,65,off_axis,69.43295452945326,18.11
499,10.424044459566469,39.41373188159294,114.22406036066694,20.682724626,1.7028368770794418,0.5355563116706363,0.1603444740619233,0.5518925518925519,0.9820317899101588,0.2372366801219578,0.1306250163948116,1.3382252795547356,-50.33086053032415,0.7385185457127674,0.2905356731343256,False,False,False,False,pachytene,65,off_axis,68.31143447947872,18.11
785,14.172296601442408,35.18307487126563,112.8479029093722,27.333005256,1.8686713415596403,0.6618606247854446,0.0436893203883494,0.6304568527918781,0.997704541728152,0.151966748466931,0.1839118104540464,1.0412979165807412,-54.354263119307696,0.7387234218975106,0.0692978753341775,False,False,False,False,pachytene,65,off_axis,70.11326131933022,18.11
691,12.768555818315615,32.37242698361044,112.65120839109652,28.766275614,1.9007792221632371,0.61444997145886,0.1757322175732217,0.4968274111675126,0.9961862705740666,0.0972448213691431,0.0677891850613387,1.2201875703349991,-57.1176864317759,0.7402707465860844,0.3537087801984642,False,False,False,False,pachytene,66,off_axis,71.94125792574283,18.11
377,8.39590414683863,32.88126227906274,113.34869604860587,27.605115504,1.8748519829230252,0.6229605710401087,0.1675422138836773,0.5424836601307189,0.9938601703307586,0.2056026630532607,0.2122538281873748,1.3182046479895175,-56.70084613687293,0.741241113286223,0.3088428761952124,False,False,False,False,pachytene,66,off_axis,72.07504492080567,18.11
275,7.338556669934115,35.15246823768824,114.9807730940344,31.107362058,1.9510041426726117,0.6657868938994043,0.2064458370635631,0.4896209386281588,0.9993612264452252,0.0508662665245866,0.0610710539395707,1.3882611365823707,-54.65352463134644,0.7432211590102081,0.4216442165279777,False,False,False,False,pachytene,66,off_axis,71.69397710860036,18.11
725,11.687067649206584,36.87191520613504,115.92635687113788,70.66890802799999,2.564759165253125,0.8107282745800969,0.1868225898459783,0.5880392844615924,0.9969838223197148,0.2769315199637571,0.7300795164813983,1.1257563219440865,-53.06701072603935,0.7451353069238866,0.3177042670151412,True,False,False,False,pachytene,66,off_axis,71.25747832687036,18.11
463,9.418684264796688,38.93154954629906,117.17652395339296,22.749355044,1.7577623574291836,0.5684677253041864,0.2332356174422866,0.5197132616487455,0.9813193228254524,0.1243497941591372,0.0837587264602264,1.4363742526378491,-51.18142383177549,0.7478392203632591,0.4487774983889514,False,False,False,False,pachytene,66,off_axis,70.89401333375818,18.11
524,11.036168409155133,31.62339343741253,115.56758334981691,33.206833368,1.9939439734819628,0.6538570217575586,0.2322156063929802,0.4522448979591836,0.992339610596872,0.0941161274993208,0.1177574297080155,1.4248374382637363,-58.22842186967568,0.7500655461506005,0.5134731368797848,False,False,False,False,pachytene,66,off_axis,74.54072208296348,18.11
692,13.137885947311004,33.94551302349661,116.68456090361978,36.23992432199999,2.052892576517017,0.5875461194899346,0.1568082572449385,0.5795668549905838,0.9948602634115,0.1769768553816323,0.1053358962435656,1.1171734438332903,-56.06565242262964,0.7510149030168091,0.2705611197305032,False,False,False,False,pachytene,67,off_axis,73.76633658313777,18.11
296,7.50441646552263,36.66427297932067,118.82184414508454,35.958430961999994,2.047563478428822,0.6963924587383391,0.2849900138270087,0.4535883111302106,1.0,0.0059776412716845,0.0126869413960367,1.3513256835541032,-53.63804129007687,0.7519798406546556,0.6283010536953569,False,False,False,False,pachytene,67,off_axis,73.60275881641452,18.11
585,11.64064140498203,39.569379870192144,119.17649550443882,24.576716106,1.803620160737199,0.5284909802424358,0.178992853581519,0.5370445344129555,0.946306641837368,0.2348933332328451,0.1119030749785907,1.3580426878915728,-50.80082689820379,0.753586571244506,0.333292384731513,False,False,False,False,pachytene,67,off_axis,72.0690715113165,18.11
740,13.52735247208907,37.13430818181874,118.60092772727351,29.41605612,1.914984568739022,0.5740829346092504,0.1833333333333333,0.5326717843100542,0.9786361674579196,0.0448615031948138,0.0403706167614587,1.2278909624241776,-53.14390478623533,0.7547546418902563,0.3441769185705917,False,False,False,False,pachytene,67,off_axis,73.13350062530888,18.11
394,8.833143107989368,33.195439640035595,118.50540502634009,32.062093704,1.9707631053181511,0.6998829382499268,0.1246265471617584,0.5048756704046806,1.0,0.0455624680274274,0.0620594524434422,1.2971052545101402,-57.039301642722336,0.7559193538647123,0.2468460147066795,False,False,False,False,pachytene,67,off_axis,75.62172388944383,18.11
462,9.424498136795576,39.06993775694255,121.55657612693662,19.514527182,1.6701538331852643,0.6637817045317946,0.2910012674271229,0.444047193421523,0.9875449764738444,0.0725594158848134,0.0676638650192906,1.2000989775350372,-51.59634975157463,0.7607814075822609,0.655338603054479,False,False,False,False,pachytene,67,off_axis,74.26742626643288,18.11
664,12.840474913826592,31.876983010342087,119.6224062121796,30.62413179,1.9408488976646403,0.675526618153964,0.206444361183964,0.4652974504249292,0.9929066580686764,0.1280514722860419,0.1519613637746306,1.249328997759724,-58.48806273286365,0.7616625352043955,0.4436825540209394,False,False,False,False,pachytene,67,off_axis,77.33325166272311,18.11
189,5.674765369608711,36.22798883264701,122.71079794368794,22.245012774,1.744675584191703,0.7328904355161869,0.10399717014503,0.443742597710225,0.999807581296902,0.0506886612441726,0.1019360346246697,1.3067087702820137,-54.56113952906061,0.7647380467950639,0.2343637295172252,False,False,False,False,pachytene,68,off_axis,76.90938571760341,18.11
735,13.920067589314757,34.20443047956197,121.62986690537356,29.153328984,1.909266334001592,0.6380753138075315,0.1277874733372115,0.5449088483770564,0.999465811965812,0.1196339593100255,0.1397664525633856,1.0730208728536414,-56.43227452614522,0.7658213179156766,0.2345116503756742,False,False,False,False,pachytene,68,off_axis,77.33430312771348,18.11
216,6.458514766822117,32.94375156877012,121.78103127014296,35.662862934,2.041937907718038,0.6521739130434783,0.2130952380952381,0.5077534039334342,1.0,0.0527448982025021,0.0543539415714827,1.414653761409187,-57.701952175648515,0.7663552818274498,0.4196825396825397,False,False,False,False,pachytene,68,off_axis,78.25955840245251,18.11
693,13.381005951991977,37.11225448361666,123.35139785466568,35.864599842,2.0457809337460957,0.6012819674275622,0.2035536974131173,0.4929461942257218,0.9956582146578672,0.1409482802810378,0.1040716907302499,1.2421462790298687,-53.764692433494695,0.7687886398051803,0.4129328916573588,False,False,False,False,pachytene,68,off_axis,76.87856850184136,18.11
556,10.83483289001992,38.78465100034792,124.32025902625384,20.283942366,1.6918216809007298,0.4968197062565052,0.1377328577090765,0.5088485405653873,0.9744136460554372,0.2213582320305166,0.1210588830175229,1.1381665570461874,-52.227788227938504,0.7691367301996979,0.2706755482801228,False,False,False,False,pachytene,68,off_axis,76.66545052458046,18.11
453,9.779203762808546,30.74214569964713,122.31755480429844,27.928832868,1.8821521404660744,0.6299344868133714,0.2095443128812343,0.4782115297321834,0.9927565392354124,0.0543586905894853,0.0407639141735173,1.3734277328677216,-59.95363270074818,0.7695962076216134,0.4381833139794582,False,False,False,False,pachytene,68,off_axis,80.10290141775332,18.11
349,8.11592381445984,37.40184280254072,125.63818031225782,36.209429208,2.05231659333198,0.6439492096398031,0.2507157464212679,0.504730713245997,0.9950401167031364,0.0908181214290111,0.0879035521715358,1.2836242608154729,-53.765718180847834,0.7743649083443308,0.4967317023544659,False,False,False,False,pachytene,69,off_axis,78.54342388200003,18.11
620,12.529577285459478,32.415214533996554,124.45825244461408,36.847480824,2.0643011954564403,0.6108352431881844,0.2226602238046795,0.4598396859152625,0.992803289924606,0.0479400011891012,0.040078326120555,1.1858210078995333,-58.56379944280451,0.7760618562504487,0.4842127172244774,False,False,False,False,pachytene,69,off_axis,80.65507427104647,18.11
188,6.464790727623892,33.789439607211776,125.90537491951169,36.42993233999999,2.0564741358308902,0.6784932388924663,0.2254111076636673,0.4602443420789104,0.9998638900231388,0.0638323261754371,0.0854907099226108,1.451855222185921,-57.38298375958436,0.7768344250886372,0.4897639950237994,False,False,False,False,pachytene,69,off_axis,80.92811956047025,18.11
667,12.52509371095353,37.735445772596016,126.65889105580972,22.528851912,1.7520647429181375,0.5994377342773844,0.2347324447980903,0.4959708864049909,0.9823726916620034,0.1119744838000324,0.0867207011340952,1.1604148530358562,-53.56346197789372,0.7782044565702714,0.4732786766971977,False,False,False,False,pachytene,69,off_axis,79.17854590381455,18.11
376,8.828126782367967,30.836468222928303,125.68103373258526,28.789733393999995,1.901295752317787,0.6153344740487248,0.064592827422231,0.552001694556238,0.9957594448727832,0.1846086276568965,0.1641612943355022,1.5262747999355757,-60.28410942879759,0.7799229006761913,0.1170156324867048,False,False,False,False,pachytene,69,off_axis,82.60260561089144,18.11
764,13.92966252220214,34.78875026642913,126.58015310834809,25.092787266,1.816157179230737,0.5774516219500795,0.1988656504785537,0.5176991150442478,0.9857444561774024,0.0951675001909608,0.0673255686636048,1.072148795254016,-56.4767186017736,0.7805426485558504,0.3841336496423346,False,False,False,False,pachytene,69,off_axis,80.85533289598361,18.11
525,10.662160493827216,37.66675114197618,129.05672006172733,22.80096216,1.7590905201773883,0.5348765432098765,0.112833594976452,0.6109267861092679,0.9899823217442546,0.1293644894475445,0.093184618448203,1.0891643356180094,-53.93391194850584,0.7835184196086618,0.1846924992355321,False,False,False,False,pachytene,69,off_axis,81.18547240649228,18.11
330,7.856001805054436,37.087284499098,130.05415160198623,31.189464288,1.9527190751190264,0.5876203369434416,0.2420514238319049,0.5281780047419296,0.9984466019417476,0.2017958015594084,0.1573020758118175,1.216624849868338,-54.63450495245573,0.7874622700447814,0.4582762282010824,False,False,False,False,pachytene,70,off_axis,82.33590784622218,18.11
689,13.329102870813406,32.238778977274215,128.526482386362,39.22140816,2.107713242910701,0.6354665071770336,0.239171139682936,0.4840032813781788,0.9946739599827265,0.0564705059061432,0.0581935233807832,1.174667778406464,-59.251724487755034,0.7883175765386606,0.4941518970737271,False,False,False,False,pachytene,70,off_axis,83.94972847125965,18.11
739,13.67183346364338,36.435487969116046,129.90550071344768,24.002000496,1.7894501743932232,0.6504104769351056,0.197982062780269,0.5275370422141459,0.9963713980789756,0.186012633708381,0.2138561088300303,1.1367688515630894,-55.262359722892995,0.789073889703776,0.3752950919793442,False,False,False,False,pachytene,70,off_axis,82.58306872625214,18.11
273,7.116383900928896,34.17516141176439,130.5366254117659,18.94215735,1.6536627493845582,0.736594427244582,0.2395423668215945,0.3902209685002351,0.9983844911147012,0.0304386356527666,0.0503867191754851,1.1429316248391168,-57.584219125977626,0.7906936236117015,0.61386339063799,False,False,False,False,pachytene,70,off_axis,84.40356226535897,18.11
498,10.34497939491386,38.02978067142575,132.1265225047747,23.338145322,1.7727979608032325,0.6215700070358829,0.1820551814034325,0.4709163346613546,0.9967532467532468,0.061961039072597,0.0447577189902868,1.2546926823324458,-53.960800804008265,0.7926956537107163,0.3865977202390996,False,False,False,False,pachytene,70,off_axis,83.53847993873175,18.11
393,9.261857174119598,32.27908794222898,130.48426237508292,32.158270601999995,1.972731709071124,0.6518345612371435,0.1789093411319456,0.5177037502618898,0.996609074761828,0.0436207894853203,0.0501430841830009,1.2378783133841955,-59.458561956618965,0.7932966541803792,0.3455824707498084,False,False,False,False,pachytene,70,off_axis,85.48397949374146,18.11
774,14.093587480880307,34.25478411577814,131.74359230497834,19.936767222,1.6821138097422943,0.6710201200141193,0.184601924759405,0.4470672389127325,0.9921507064364208,0.0667171166073638,0.0666387472888038,1.0472602653325078,-57.6573986700119,0.7958809316252247,0.4129175853018372,False,False,False,False,pachytene,71,off_axis,85.33970080006972,18.11
309,7.454528189911081,32.52533729376952,133.76985902670364,19.76317965,1.6772175690926991,0.7249851632047477,0.1105566218809981,0.4743202416918429,0.9995658780117213,0.0794101580634891,0.1256357829490475,1.2586079880655912,-59.62850518527656,0.8014601308449734,0.2330843429465629,False,False,False,False,pachytene,71,off_axis,87.99295145721572,18.11
619,12.167811603928786,31.37248354584889,133.06504709291613,38.449647198,2.093797048647444,0.6503569031785736,0.1895064347334182,0.5058454021985692,0.9948193592365372,0.0398626473171576,0.0334575274142595,1.220447997643351,-60.68330182141097,0.8023878213725857,0.3746331070911416,False,False,False,False,pachytene,71,off_axis,88.09699305312978,18.11
724,13.592736270753337,36.95006163793153,134.58831218869628,29.387906784,1.9143735334171523,0.5348818646232439,0.1981560478877115,0.5308048738630513,0.9878139766227306,0.209301265883888,0.1247868429628883,1.1989274520745146,-55.34227184187654,0.8029889646125912,0.3733124122346251,False,False,False,False,pachytene,71,off_axis,86.19231536504773,18.11
276,7.428639912340559,36.09298865908709,135.37954649363166,34.253050356,2.0146682761866685,0.6703191343651554,0.1971314209472981,0.5031159119235563,0.9998590159311996,0.057480180428554,0.0710558077482997,1.20137995945627,-56.29226004943319,0.8035113859906015,0.3918210819324085,False,False,False,False,pachytene,71,off_axis,87.32168861607578,18.11
555,11.117477033385798,37.939846246920375,135.90134576518042,20.938414428,1.70982525431639,0.581223392336993,0.1829508196721311,0.4994649545211343,0.9962535123321886,0.199224217716564,0.1659129309047874,1.1591566713612604,-54.52592401986149,0.8040780836072687,0.366293606820796,False,False,False,False,pachytene,71,off_axis,86.77611860741011,18.11
397,8.44661861980459,38.37158064962131,137.46404915589122,23.760385362,1.783425437912531,0.6770658505281864,0.1288948069241011,0.5035157444206665,0.9992066640222134,0.1344029663533259,0.1708607458278436,1.3887172852825396,-54.294650472207145,0.809456861508901,0.2559896256519337,False,False,False,False,pachytene,72,off_axis,87.88714581178357,18.11
763,14.190872910586412,34.060278163968974,136.67386727248808,17.682474564,1.6161617011952636,0.5874237198195809,0.1463079879220422,0.4498392282958199,0.989409984871407,0.2194683451845933,0.1730701231821516,1.0035085613675307,-58.47193123379942,0.8104557986773706,0.3252450625000367,False,False,False,False,pachytene,72,off_axis,89.51811701244633,18.11
423,9.465981484387047,31.820037133219376,136.49013483446086,29.899286388,1.925413760307524,0.6923740781421622,0.1692796610169491,0.4919663351185921,0.999844623990056,0.1072439606731437,0.1476449886453119,1.0848852887215632,-60.671133223047335,0.8110958999846866,0.3440878957218546,False,False,False,False,pachytene,72,off_axis,90.62412003381064,18.11
234,6.781394596343698,33.19015660896343,138.08493547969596,28.998507636,1.9058805571608093,0.6106617052256916,0.1584193040741388,0.5535009349677955,0.9986407766990292,0.0337110785430341,0.0448723289875813,1.230560563916943,-59.51300872932367,0.8145066720342249,0.2862132546955069,False,False,False,False,pachytene,72,off_axis,91.175018236676,18.11
708,13.465999291283271,35.86748632175614,138.56813262756884,26.479142064,1.8490064811458944,0.6715095676824947,0.1821790913101014,0.5196871628910464,0.9992766726943942,0.09458103641605,0.1246428583048053,1.1403036746420177,-56.91796030879964,0.8151755055065923,0.3505553038805688,False,False,False,False,pachytene,72,off_axis,90.13465714148404,18.11
166,5.576971200517657,36.42589488188995,139.45100384532503,43.49541567599999,2.181649399134225,0.6861719339877036,0.1735548927709131,0.5011170304175975,0.9993562922433216,0.0164217473154524,0.0271395805771951,1.3956469034297587,-56.47531431482158,0.8167573955780206,0.3463360497372921,False,False,False,False,pachytene,72,off_axis,90.59372060503263,18.11
762,13.967064053343654,32.617480632451965,138.40500378864456,23.218510644,1.769763564483544,0.5891089108910892,0.2273936170212765,0.4674207032210474,0.9923382519863791,0.0688542269100188,0.0655604907668291,0.993191611245715,-60.121467480070415,0.8171440146835207,0.4864859760260557,False,False,False,False,pachytene,72,off_axis,91.75852048421311,18.11
389,8.93533383345832,30.87478517843729,139.69078575715176,21.888454518,1.7353037142432144,0.6689529525238452,0.0127836369447107,0.6516672062156037,1.0,0.0308735681116477,0.0366155475722013,1.0271030108580967,-62.012361172760635,0.8201326438103022,0.0196168179444667,False,False,False,False,pachytene,73,off_axis,93.79796128318185,18.11
543,10.80219183801273,36.09653355599527,141.37220434192722,22.474899018,1.750664989323326,0.600981108443795,0.2360111910471622,0.5137326706774784,0.9959903769045708,0.184667392492496,0.1573485865288722,1.1349960004176491,-57.04426070815178,0.8211531854048071,0.4594046758519864,False,False,False,False,pachytene,73,off_axis,92.40893315660159,18.11
637,12.928407045009784,38.7567000234844,141.97066922113785,29.96731395,1.926872903183092,0.606027397260274,0.1565275682922742,0.5257301808066759,0.9973994798959792,0.1126969324620798,0.1078251020491433,1.5081959482907452,-54.48077082831839,0.8229385788724423,0.29773365503213,False,False,False,False,pachytene,73,off_axis,91.59403954492689,18.11
666,13.324445038780167,34.796016635463346,141.16121497726672,17.541727883999997,1.6118622350165517,0.4633591869483819,0.0436129647283126,0.620732618988288,0.9946962391513984,0.1407820334032039,0.0692569356488099,1.0859714948909382,-58.30780039013109,0.8234722806479742,0.0702604686690962,False,False,False,False,pachytene,73,off_axis,92.90333021903686,18.11
176,5.512932553386401,32.33781212911516,142.4056918951324,33.284244042,1.995492176525679,0.6626964550003525,0.1886760467875911,0.5311324697033013,0.997379149679674,0.0561019326548326,0.0744938972283304,1.2096316012244337,-60.90328650454575,0.8280419360486786,0.3552335011508304,False,False,False,False,pachytene,73,off_axis,95.26303879972598,18.11
635,12.411517893871146,31.30568537227522,141.72131763060685,28.51293159,1.895182718683213,0.5038255861785274,0.1332279390629491,0.5937655446857901,0.9937853107344632,0.1356317650749883,0.0741176290978864,1.1154512426828644,-61.840896101901265,0.8282324257111501,0.2243780230350869,False,False,False,False,pachytene,73,off_axis,95.2484129982619,18.11
312,7.37603578154439,40.56349985875666,143.9012030367238,19.929729888,1.6819158674234815,0.6625470809792844,0.1423870774753215,0.4813393791419602,0.998219282625286,0.0553397877532931,0.0657663276186759,1.608343344705634,-52.93177747115476,0.8297871594929449,0.2958143124070629,False,False,False,False,pachytene,74,off_axis,92.42966741735518,18.11
433,9.26423699621095,30.016163871855817,142.8580935170546,34.04896767,2.0106591130488227,0.6459524629693421,0.2022663769015833,0.5382370110916521,1.0,0.0686325040119147,0.0628403763521677,1.205914583653645,-63.26344601219834,0.8298729101798222,0.3757942555666076,False,False,False,False,pachytene,74,off_axis,96.9071328459263,18.11
622,13.2343888664787,33.81478553852366,143.39780633319987,23.260734648,1.7708357155320311,0.5986284792254941,0.0950432014552069,0.5087939698492462,0.9920106524633822,0.1931612641183467,0.1448047947830868,1.1201300509398158,-59.56317772662702,0.8306890341859839,0.1868009589094932,False,False,False,False,pachytene,74,off_axis,95.32285708977929,18.11
69,4.0317417120238,35.38232940994439,143.90984782904758,37.926538704,2.0842582699536023,0.6679242949035131,0.1191140278917145,0.5332464146023468,1.0,0.0851989321348718,0.1045244662876422,1.4554278098036129,-58.07269653087383,0.8310308689810914,0.2233752063397189,False,False,False,False,pachytene,74,off_axis,94.9559525226036,18.11
454,9.85859229164396,38.03065035686967,144.46733619193992,21.363000246,1.7213051920202072,0.6715713187657846,0.0939109360799758,0.4857907054496824,0.9925146198830408,0.0747838319346478,0.0673956562102158,1.27965451976371,-55.51579158860111,0.8322864906585478,0.1933156296044099,False,False,False,False,pachytene,74,off_axis,94.12890092424522,18.11
392,8.289406779660927,33.15893032309333,144.9719115730932,8.857657728,1.2835420321440674,0.6191737288135593,0.0508250825082507,0.3484005563282336,0.9566744730679156,0.3397216693325026,0.3198469910958575,1.09113807762618,-60.412253244755256,0.8367532026807984,0.1458811749438416,False,False,False,False,pachytene,74,off_axis,97.00836262769656,18.11
435,9.501676753646068,33.98791181664844,146.2277044250405,23.643096462,1.7804860756317196,0.5433078678440322,0.0708518368994751,0.6313273951770585,0.9967021816336884,0.1163167251386736,0.090963692707686,1.105188590075395,-59.74820891118023,0.8372517925901317,0.1122267740014742,False,False,False,False,pachytene,74,off_axis,97.66079166167096,18.11
650,12.97406100525369,31.29288289814189,145.1309167254741,29.915706834,1.9257661696845176,0.6442405708460754,0.1264921062764729,0.4899713467048711,0.9976445008153652,0.123008275333481,0.1249167157891348,1.1480746262715915,-62.28345760789492,0.8384382857210564,0.2581622519911639,False,False,False,False,pachytene,74,off_axis,98.1246603376636,18.11
295,7.278744650499154,32.363710080838004,145.53410304327053,14.799513402,1.5230691061424195,0.6414645744174988,0.185451926539431,0.4394341290893015,0.997169143665959,0.1592956552865952,0.1876921640599061,1.0625061771746798,-61.2720059419527,0.8386010963428766,0.4220244042577393,False,False,False,False,pachytene,74,off_axis,97.90246103736055,18.11
396,9.068924436115394,37.3890147580492,147.680398132655,35.048269098,2.0301400010737023,0.6269995314905294,0.1387729871735434,0.5885519468867755,0.9997039668442864,0.0478319333836381,0.0526864857923211,1.3343789497409286,-56.557390483444486,0.8422401354984546,0.2357871516823652,False,False,False,False,pachytene,75,off_axis,97.25698111594578,18.11
523,10.950103558651865,28.798807286762507,146.8149751270947,24.916853916,1.811902672504284,0.6205987572961777,0.2241047362341163,0.4955334987593052,0.996933962264151,0.1309575593744307,0.118403253008076,1.2470441286481342,-64.96994832398016,0.8430743143612572,0.4522494176382017,False,False,False,False,pachytene,75,off_axis,100.88515619630925,18.11
115,4.6000804397370665,32.016704752648685,147.4417165974002,34.99431620399999,2.029097741514964,0.6156321222684006,0.1775674125071715,0.531217300313917,0.9992096111286752,0.0900384315092919,0.0692809878881121,1.4040222155731796,-61.85674259591069,0.8431870425357443,0.3342651159934739,False,False,False,False,pachytene,75,off_axis,99.7127221093407,18.11
327,7.928644752648167,30.73179556623353,147.71842065086972,21.480289146,1.7244495948880123,0.5891667576717265,0.1351724137931034,0.5215311004784688,0.9964932787843368,0.1024965324088075,0.0746201725677055,1.055093238227607,-63.16628445252775,0.8449084175437471,0.2591838025941157,False,False,False,False,pachytene,75,off_axis,100.61788884558483,18.11
690,13.313018358028566,32.97244011741762,148.77255068493434,25.172543718,1.818079339236383,0.5412356723511322,0.1019700839109813,0.5689620150314849,0.9983810037776578,0.0898971974523033,0.0659431046101284,1.1501911440593435,-61.07641651295282,0.8467578419445398,0.1792212506582511,False,False,False,False,pachytene,75,off_axis,100.36992705173478,18.11
278,7.601409461663679,39.49541641761888,150.13041388580763,35.94904785,2.047385363604756,0.626884176182708,0.2433505359269551,0.4851346624693949,0.9957620467744468,0.0713381025063039,0.0767557994013139,1.6107370843305675,-54.77667893871067,0.8484643855602428,0.5016144067881504,False,False,False,False,pachytene,75,off_axis,98.46096567482729,18.11
127,4.691564514664564,28.56340958866734,148.95991874148982,25.834053114,1.8338676083043448,0.6388813220739127,0.0027582748244734,0.7231581594166457,1.0,0.0625047997832275,0.0732297193288128,1.1886190086764248,-65.47388898790129,0.8505102533013585,0.0038142068765406,False,False,False,False,pachytene,75,off_axis,102.81936931783092,18.11
554,11.750825656179286,35.76357598644069,150.50784954806105,26.990521668,1.8608336735838704,0.6134190856944204,0.1200791295746785,0.5485611510791367,0.9920601755119096,0.1333470803290035,0.118572311638198,1.2923692863434997,-58.526327258166006,0.8521437304113998,0.2188983476836763,False,False,False,False,pachytene,76,off_axis,100.51715338308833,18.11
569,11.810879935045064,30.551624550897937,149.79314508271628,23.112950634,1.7670774879615967,0.6397036435603369,0.1837203954932168,0.4616901408450704,0.9944711538461538,0.1417567247421376,0.1572082237262775,1.1724778934564246,-63.60658629435876,0.8527972897566507,0.3979300817577302,False,False,False,False,pachytene,76,off_axis,102.48294269692875,18.11
432,9.538561460010513,27.213557729468945,150.31725505636436,43.70184414,2.185095309788337,0.7176596886741815,0.2047172664045963,0.4773764258555133,1.0,0.0674860806964464,0.1115711664554634,1.3376426660594214,-66.98409476863526,0.8551690512504729,0.4288382402581348,False,False,False,False,pachytene,76,off_axis,104.68886526870371,18.11
190,6.217673507032426,36.68442129352118,152.8197028014716,40.694556744,2.133778022644558,0.6511413419414342,0.1981981981981981,0.4953734302709848,0.9997432605905008,0.0721185966346142,0.0764495188808083,1.5055795531845917,-57.90429367464253,0.859721862364826,0.4000985642079704,False,False,False,False,pachytene,76,off_axis,102.13175356069347,18.11
473,10.286829268293058,36.70605158354572,153.5452404659602,32.21926083,1.973978058986812,0.5730615216599928,0.1783662603334734,0.5247271487039563,0.9975077881619938,0.1417017198235984,0.0959651568349354,1.4508368806508378,-57.974307281016955,0.8600450667056466,0.3399219208955114,False,False,False,False,pachytene,76,off_axis,102.76718829204681,18.11
541,11.632906022318467,32.82438861016395,153.40951192474202,25.435270854,1.8243825899678376,0.5243013926035229,0.098094072390278,0.615354788677782,0.9816433566433568,0.2136747519485743,0.1388831842877024,1.200715437844161,-61.80788611630035,0.8613300750315399,0.159410594010414,False,False,False,False,pachytene,76,off_axis,104.47381654308346,18.11
508,10.889766245386406,29.921360440665485,153.34217712783695,20.973601098,1.7107824962890077,0.5856168213846327,0.1892778993435449,0.4866396761133603,0.9971590909090908,0.2071893358595045,0.1392356690361328,1.1835638703999278,-64.67926146994995,0.8637848173256896,0.3889487615462195,False,False,False,False,pachytene,77,off_axis,105.85485356755852,18.11
539,11.431963869463944,27.789016346153883,154.4774222902117,16.101420192,1.5664812158204402,0.5460372960372961,0.1585201188225763,0.4788189987163029,0.9843821773082224,0.1059433964417065,0.0645403412526507,1.2413191138999884,-66.93771599279475,0.8687745959671264,0.3310648057983564,False,False,False,False,pachytene,77,off_axis,107.92090845518574,18.11
262,7.547545348643418,35.18770752204944,156.09560698951967,42.287340006,2.161261179649464,0.6780384978088423,0.2464294988314723,0.465368711233632,0.999534450651769,0.033743668335862,0.0528908459731,1.5645380366367916,-59.80207071809477,0.8701954826725247,0.5295360278481546,False,False,False,False,pachytene,77,off_axis,105.72939930814681,18.11
509,11.107178890182553,30.37065683352666,155.95298339930125,30.225349529999995,1.932387594873349,0.6463329452852153,0.1154891304347826,0.5020847048496818,0.9977582341783066,0.0412539552394202,0.0574165406550932,1.135277139866648,-64.56270439621365,0.8716350243412168,0.2300192165171784,False,False,False,False,pachytene,77,off_axis,107.8922842961859,18.11
164,5.665534366308957,30.2683332836704,155.8802840584032,23.617292904,1.7798381120056517,0.644616607071911,0.2013392857142857,0.509782001117943,0.9993373094764744,0.0743777252448948,0.0848966822415192,1.3054902927279208,-64.65504600874148,0.8717550834007198,0.3949517348057644,False,False,False,False,pachytene,77,off_axis,107.87949623939903,18.11
422,9.05368795089895,26.76261274900456,156.41529823409098,21.785240286,1.7325718279616658,0.5819963389684506,0.0697340043134435,0.6615146831530139,0.9917840375586856,0.1470756372222719,0.1595382077208336,1.0190546477424438,-68.20024519864687,0.8732844212135521,0.1054156560532663,False,False,False,False,pachytene,77,off_axis,110.11050500476198,18.11
542,11.456813116842566,33.19492404489074,157.68728252149,29.472354792,1.916205470930606,0.6265520534861508,0.0935085007727974,0.556692242114237,0.9934126258005488,0.1316706514058179,0.1302115100569902,1.3447433760663654,-61.979622117460174,0.8740216901698852,0.1679716254310742,False,False,False,False,pachytene,77,off_axis,108.06104956149734,18.11
649,12.488033866415986,25.76289914393336,157.6583821354659,24.93562014,1.8123574388338537,0.5129821260583255,0.1452864454350338,0.5049256326057562,0.976,0.1007944807472325,0.0586307478544356,1.0938630955560178,-69.34870228822365,0.8803412842385601,0.2877383045207232,False,False,False,False,pachytene,78,off_axis,111.69124122426261,18.11
51,3.304790471989399,31.372880961623984,157.28792612263047,26.58939363,1.851569172185024,0.6469342743714159,0.1198592478557291,0.5169915042478761,0.9990369799691834,0.0868845343093399,0.1062661247263115,1.6642951232113254,-63.73677848157128,0.8805034073301146,0.2318398791293513,False,False,False,False,pachytene,78,off_axis,108.57108241893752,18.11
260,7.02166525063724,27.6950336023788,157.9315574553937,11.043922824,1.3814810052195892,0.5773152081563296,0.0,0.6316582914572865,0.9950124688279302,0.108177699334883,0.0791778357124008,1.0020253182730694,-67.46642485244014,0.881262538124681,0.0,False,False,False,False,pachytene,78,off_axis,110.94044529484451,18.11
187,5.265262486037912,28.189192197223207,159.12211225466615,14.700990726,1.5196818086244956,0.6811871708951651,0.0719925685090571,0.56006006006006,0.9996968778417702,0.0589316281231482,0.0864112752256812,1.231039226568105,-67.12630700910194,0.883190403167484,0.1285443716542413,False,False,False,False,pachytene,78,off_axis,111.7253414738359,18.11
634,12.22847297006284,29.5357168856331,160.58576116735094,21.782894508,1.732509639453789,0.5857204393710962,0.0614784093681385,0.6295814920717442,0.9958246346555324,0.1443581832632925,0.1179475507394726,1.117753085131442,-65.97505423666226,0.8859265137100846,0.0976496452680548,False,False,False,False,pachytene,79,off_axis,112.34602101088403,18.11
618,12.190312063344152,26.30653407079716,160.13571172566495,20.145541464,1.6879650305116969,0.5228225430833722,0.0496289424860852,0.571254270375793,0.9606025492468134,0.119827824879303,0.0617569072043552,1.002782034598762,-69.1217315054466,0.8861939824957333,0.0868771492131471,False,False,False,False,pachytene,79,off_axis,113.54393825355798,18.11
261,7.696788260946269,30.87851974188217,160.43440354764584,39.805506882,2.118124659793585,0.6352171607048147,0.1955815464587394,0.5079159935379645,0.999587174900234,0.0475908649535537,0.0492282633821139,1.3583955752759214,-64.62388355556125,0.8865919301334577,0.3850667215583961,False,False,False,False,pachytene,79,off_axis,111.57351261442334,18.11
442,9.604025598678952,22.886133071840657,159.44404898843715,22.725897264,1.7571579830322683,0.6842485549132948,0.0307351077313055,0.6933638443935927,1.0,0.0707367499605565,0.0915287786927208,0.98810100522414,-72.42764009090652,0.8879036215610329,0.0443275316124769,False,False,False,False,pachytene,79,off_axis,114.71756106213233,18.11
186,6.2919104991393535,26.36030201721292,161.3519386574898,34.07242545,2.0111207498720804,0.6665748709122203,0.1797086720867209,0.5172413793103449,0.9998578737919273,0.0719178999860049,0.081982150211879,1.1474373430647338,-69.22172695686129,0.8900325873908093,0.3474367660343271,False,False,False,False,pachytene,79,off_axis,114.56928103050203,18.11
663,13.022338761615185,27.861338310792014,163.56252368203195,25.496261082,1.82583963089861,0.542184193578066,0.1591753970936127,0.5144694533762058,0.9818523153942428,0.05993506516458,0.034889991219076,1.1685790206393705,-68.01136453794197,0.8962820722429677,0.3093971781007097,False,False,False,False,pachytene,79,off_axis,115.7611719656257,18.11
648,12.902884255213351,24.394842065176373,162.91810102384875,18.787336002,1.649145083701192,0.4890747908602821,0.0139759036144578,0.6412512218963832,0.97444781290602,0.2230132531898571,0.1031069912505273,0.9648101856197518,-71.3689563070028,0.8963836050606929,0.0217947399353512,False,False,False,False,pachytene,79,off_axis,116.91082431902838,18.11
388,8.813072693952146,28.5634652616566,163.45961651395027,34.560347273999994,2.0206751293166643,0.5760537568723274,0.2260223048327138,0.5361831572206212,0.9924981245311328,0.1068401033730283,0.0761486558205726,1.2007471772122658,-67.30186605466987,0.8983153618478836,0.4215393598044581,False,False,False,False,pachytene,80,off_axis,115.33474298589701,18.11
538,11.371023773313611,20.889867629873244,162.72631107020047,29.305804554,1.9125891153901036,0.5450252141199072,0.1007751937984495,0.6191062631949331,1.0,0.1548427239637511,0.1123713683301496,1.08050481625422,-74.8217843773708,0.9003918958462128,0.1627752775079248,False,False,False,False,pachytene,80,off_axis,118.55901342868016,18.11
326,7.912643118148491,21.48529534713759,163.13863498172955,19.25883738,1.6628273236710074,0.6574908647990256,0.0091613812544044,0.6728307254623044,0.9997686256362796,0.0561974351602218,0.0644490464844381,0.934235024939058,-74.2830909105416,0.9005971127799234,0.0136161755218738,False,False,False,False,pachytene,80,off_axis,118.59677496094734,18.11
582,11.75994675343878,24.36842906374746,165.1568432480374,15.859805058,1.558606244347566,0.5269930483656264,0.0,0.6554096310193871,0.997355663287792,0.0350266642397891,0.0166990110768234,0.9444268084994352,-71.67740534097682,0.9021400893712974,0.0,False,False,False,False,pachytene,80,off_axis,118.86070600470498,18.11
294,7.652914397929186,25.3288788003222,165.77663610639846,26.279750934,1.8443537023427388,0.6048379898241543,0.1119358074222668,0.5760108425570364,0.998289136013687,0.1518744153215183,0.1366915210795723,1.0342889716349593,-70.80275881847673,0.9040396086836456,0.1943293409640687,False,False,False,False,pachytene,80,off_axis,118.92580540699595,18.11
507,11.15129887886215,26.67653033224024,166.6316252871252,34.314040584,2.0158633251797404,0.6240771123872026,0.1346970889063728,0.547372249499909,0.9992028061224488,0.0709798818869877,0.0685375486236487,1.2447621205817352,-69.57365213592253,0.9056530912682752,0.2460794989688187,False,False,False,False,pachytene,80,off_axis,119.02270732536898,18.11
617,12.614673681216775,20.942013962747534,166.46617761268467,32.995713347999995,1.98970933527852,0.607990900042656,0.1683257918552035,0.5513239027928908,0.9994806094182824,0.0702081863137277,0.0577678041810964,0.9841298296184672,-75.24155339075092,0.9110298185656712,0.3053119790426291,False,False,False,False,pachytene,81,off_axis,121.72367994835689,18.11
308,8.21710386387784,19.18853526231941,166.49497236795406,26.469758952,1.84878805155365,0.5585785182559376,0.0729573794900427,0.6115237904035334,0.9969893469198704,0.0832659838445186,0.0590643563560683,0.9841349723721214,-76.9846711084472,0.912641760052015,0.1193042374392327,False,False,False,False,pachytene,81,off_axis,122.65887986114487,18.11
185,5.982880242546785,20.71184143506856,167.35413483577636,23.21147331,1.769584746298586,0.5727134916624558,0.0311640696608616,0.6790444654683065,0.999281781182667,0.0481194582050068,0.0401065280859635,1.015484280202009,-75.58183749983085,0.9144785778770976,0.0458940043629825,False,False,False,False,pachytene,81,off_axis,122.60391353106239,18.11
250,7.031455469216954,24.129230289897627,169.55872493275504,31.395892752,1.9570176500924483,0.6923191870890615,0.1848772763262074,0.5080135988343856,0.999854418401514,0.0697794619425265,0.0838067925193385,1.1253059983836846,-72.46965755670126,0.915900645719324,0.3639219043553165,False,False,False,False,pachytene,81,off_axis,122.81384038017272,18.11
583,11.868160415651737,24.132929128104543,170.8722196785175,14.447646701999998,1.510901554067415,0.6354927748011041,0.0264527320034692,0.5763919821826281,0.995,0.1294052216951631,0.1164482134658242,1.0731053512533255,-72.6315855329524,0.9190368034700248,0.0458936501914902,False,False,False,False,pachytene,82,off_axis,123.96339515401102,18.11
552,11.867599164927295,16.9434860125253,168.10206169102432,33.708829859999994,2.0039414230807773,0.6704940848990953,0.0982669967625213,0.5717001055966209,0.9991767288693744,0.0696235982183774,0.0963592628944929,1.012591527494472,-79.41441869271148,0.9201415007951148,0.1718855669266859,False,False,False,False,pachytene,82,off_axis,125.20922914229374,18.11
687,13.393468692318471,21.162801050688568,170.5509107340591,16.521314454,1.579981478791932,0.5614084906999858,0.0539050535987748,0.5629653609582389,0.9921073401736386,0.0709828107890503,0.0495453755400982,1.0321357703402931,-75.53750590401982,0.9212890329122736,0.095751989975052,False,False,False,False,pachytene,82,off_axis,125.13471929368598,18.11
734,13.87488681757661,19.78152135818853,169.56370929427374,8.808396389999999,1.281158159789133,0.5848202396804261,0.0089001907183725,0.554842847979474,0.9972413793103448,0.0808793705339188,0.0593543392668482,1.0196011137502117,-76.78330391881303,0.9214837502381724,0.01604092176872,False,False,False,False,pachytene,82,off_axis,124.97856284819558,18.11
83,4.38567500502981,21.02304115082873,170.12501349339055,34.977895757999995,2.0287803194660587,0.6591777882100462,0.1704211557296767,0.4679260133805588,0.9983842538190364,0.0557741425705403,0.0617534477573315,1.1731405904591272,-75.622456148122,0.923968674832492,0.3642053462650199,False,False,False,False,pachytene,82,off_axis,124.8355598646543,18.11
197,6.339906289183474,16.969694456542367,169.335351356165,35.545574034,2.0396969239955687,0.5823269319606679,0.1882775426446069,0.5179333227998104,0.9954087939254812,0.0320797089168942,0.0170350057738962,1.0752458528029154,-79.54390490944633,0.9246436333694874,0.3635169516161431,False,False,False,False,pachytene,82,off_axis,126.24161032130499,18.11
259,7.260809518750812,15.184274386486786,167.34111471369562,22.080808314,1.7403721278728876,0.6178689047062573,0.0164068908941755,0.7003058103975535,0.998697351280938,0.0778207256959832,0.0784174112763715,1.1747540351342525,-81.0636578347109,0.9250543605007392,0.0234281804471415,False,False,False,False,pachytene,82,off_axis,125.51447928619112,18.11
773,14.283090495923034,18.41405457826502,171.28643166688792,17.548765218,1.6120777534353543,0.6206389520117631,0.1563614744351962,0.4982381959126145,0.9969758064516128,0.0899031282520828,0.0913573168407706,0.9982533677312246,-78.35704968468727,0.9278427891335862,0.313828758449142,False,False,False,False,pachytene,82,off_axis,127.1581594076419,18.11
387,9.121041905489877,23.07987355750753,172.8825551394735,36.833406156,2.0640383276074945,0.6166093491274998,0.2485332667582074,0.4872093023255814,0.9992035680152916,0.0479238195269912,0.0377085036066642,1.1258632853160233,-73.9296893006489,0.9279026971634384,0.5101160129166071,False,False,False,False,pachytene,82,off_axis,126.23251408423316,18.11
553,11.729767508201418,20.48062520325233,172.39569674796877,16.446249557999998,1.5775849539339812,0.6009128512337755,0.0728959575878065,0.5325232308791994,1.0,0.1230850817084331,0.1077546119386858,0.9466123840055988,-76.4468177975536,0.9288972156181586,0.1368878451883776,False,False,False,False,pachytene,82,off_axis,127.07450079234839,18.11
149,5.262936579293219,21.28659382391612,172.87559211563962,33.917604102,2.0080700207524336,0.6602807939691542,0.2024679331060237,0.5067182410423453,0.9995553579368608,0.0577396538796415,0.0627221852354173,1.132623887206491,-75.70778235376747,0.9298188804386004,0.3995670901634345,False,False,False,False,pachytene,82,off_axis,127.09481618153136,18.11
61,3.7244444444445,17.665726281309762,171.36216489402275,36.52376346,2.058238214873769,0.6583172768143866,0.1713395638629283,0.500375939849624,0.9984630431745144,0.056077797584683,0.0791950678487593,1.1991480294303831,-79.10895494460429,0.930773779811616,0.3424216678252362,False,False,False,False,pachytene,83,off_axis,127.60779215054352,18.11
686,13.1171700156425,14.316957682589402,170.56567179641198,19.495760958,1.669618291416797,0.6912525568523644,0.2116743471582181,0.4828526890101325,0.9958687727825032,0.1392985949852046,0.1697013418376841,1.2189575521268767,-82.33058633054739,0.9313988460799698,0.438382869094421,False,False,False,False,pachytene,83,off_axis,128.69553946417875,18.11
706,13.128450627386757,21.48295638297881,174.5042685761049,17.199244296,1.6013032507677605,0.6560283687943262,0.1937340153452685,0.4678826328310864,0.9955654101995566,0.0896459849807553,0.0625901572494479,1.3309493917919906,-75.71832006242226,0.9328268002052996,0.4140654124582774,False,False,False,False,pachytene,83,off_axis,128.42238245864854,18.11
441,9.695378151261062,14.51894112244958,171.52799722688616,39.08066148,2.105189033019135,0.5550420168067227,0.1777950310559006,0.568730608390665,0.9952718676122932,0.0772483780418663,0.0581165729293146,0.9647477739187276,-82.25153858798184,0.9340985809689096,0.312617306740368,False,False,False,False,pachytene,83,off_axis,129.40011029009494,18.11
113,5.2852422764227605,14.293021931707944,171.79291244877643,36.06633675,2.0496095754174704,0.647869918699187,0.1755748439165524,0.509420022164758,0.9989856542530068,0.0284173555081825,0.0357070574954692,1.1856382459123276,-82.50905401260658,0.9358181760593932,0.3446563469775978,False,False,False,False,pachytene,83,off_axis,129.74469764486958,18.11
732,13.914464373868697,14.953170083922736,173.15296982063785,14.255292906,1.5041662688031143,0.6009544182985025,0.0,0.5748453608247422,0.9995904995904996,0.0550226273699345,0.0256225957802441,0.9826979630048108,-82.02564090231485,0.9372765654013806,0.0,False,False,False,False,pachytene,83,off_axis,130.5490639886377,18.11
733,13.736393004344237,17.673457335412184,175.0924234822325,21.058049106,1.713075517011259,0.6076640302996547,0.1673758865248227,0.4929017603634298,0.9833858493268404,0.084822835408797,0.0526140340880015,0.98300271959146,-79.57157352963931,0.9382336232142444,0.3395725071085401,False,False,False,False,pachytene,83,off_axis,130.8132101094768,18.11
412,9.330220492866651,21.19083266320821,176.16904569822594,32.55470708399999,1.9808050181976995,0.6230004323389537,0.1718898385565052,0.5338302752293578,1.0,0.0244013754335852,0.0103466184554164,1.1229810894418428,-76.2179976990967,0.9391149358200104,0.3219934247503169,False,False,False,False,pachytene,83,off_axis,130.02230351388798,18.11
41,2.838955882353016,18.190410419117544,174.67433861029582,31.9025808,1.967489406424968,0.6014705882352941,0.1631928361895939,0.531180811808118,0.9954128440366972,0.0406177625243856,0.021667107121873,1.1827108807630946,-79.00603572850191,0.9404419054794704,0.3072265273176794,False,False,False,False,pachytene,83,off_axis,130.1919526523852,18.11
346,8.21773842808316,11.95989972040955,172.4638725302895,30.204237528,1.931937574457712,0.6655793724759242,0.0832446242282307,0.5949837436135624,0.9989301543634418,0.0829045756483151,0.1113032612480973,1.0933204942766312,-84.90815042206432,0.942947569117436,0.1399107540697742,False,False,False,False,pachytene,84,off_axis,131.5669526199853,18.11
175,5.543687086568896,19.79680860655835,177.08837090163735,32.625080424,1.982231289584944,0.593183779119931,0.2033230076034919,0.5042417815482503,0.9986551392891452,0.0225057306051321,0.0194258411579803,1.2232127452624717,-77.71680148696595,0.943041664237844,0.403225228538576,False,False,False,False,pachytene,84,off_axis,131.49970050783327,18.11
784,14.354960889254649,16.597379991765923,176.7965769452441,17.093684286,1.5980205370699283,0.6716069713187869,0.1348517715112075,0.513163393230255,0.9991462720546386,0.1496269000993223,0.1905433566719939,0.976092985979328,-80.85391384221799,0.9444599649819384,0.2627852518129638,False,False,False,False,pachytene,84,off_axis,132.8274036405079,18.11
452,10.238480238938765,13.850123442384488,175.10033065221734,33.772165865999995,2.0051957159743528,0.6398555254566924,0.2397360703812316,0.4948891031822565,0.9988762241130198,0.1237231869256743,0.1404912506573447,0.9633608959669908,-83.36539740320141,0.944951337092619,0.4844238210937983,False,False,False,False,pachytene,84,off_axis,132.78557170685377,18.11
616,12.004051839713954,18.85986502308996,177.7017149262607,15.747207713999998,1.5549090177247715,0.5659168776999851,0.142184280247277,0.4934797529169526,0.997872340425532,0.1583714404943507,0.1210319630948509,1.020663954294886,-78.72359569333086,0.9453023817758264,0.2881258641450384,False,False,False,False,pachytene,84,off_axis,132.49128003879642,18.11
68,4.148463811945931,14.78171804935074,175.38149938139824,34.128724121999994,2.0122278144319274,0.6632070932710152,0.2029928432010409,0.4691836734693878,0.9935667265110713,0.0770697073228756,0.0830227911958934,1.1532375180610344,-82.47668413355616,0.9454373754735432,0.4326511229600263,False,False,False,False,pachytene,84,off_axis,132.53947950544847,18.11
761,14.22530595312199,13.230975731176718,175.32822009956416,22.617991476,1.7543724911741243,0.6777639493880938,0.2475175587309276,0.4493080141615706,0.9975550122249388,0.1302580253501653,0.1511120516848139,1.0356002000229216,-84.0083357430269,0.9455217355703636,0.550886142533662,False,False,False,False,pachytene,84,off_axis,133.30505098152335,18.11
347,8.721008403361107,19.068904081633114,178.8574861144479,35.17259533199999,2.032537663968166,0.5562224889955982,0.1809453471196455,0.5527502254283138,0.9983186997945076,0.1084946797436063,0.0947273799913392,1.12975777699365,-78.66193707558482,0.9493887034287242,0.3273546328804027,False,False,False,False,pachytene,84,off_axis,133.4001369104739,18.11
568,11.819369715603276,18.030742966948477,179.3793669292862,12.207428712,1.4283847203594446,0.5124903920061491,0.1837194337194336,0.4091446590461174,0.6787838730998017,0.6460948887787871,0.0366902828172575,1.036600638328148,-79.75761006827268,0.9508559434911674,0.4490329512005811,False,False,False,False,pachytene,84,off_axis,134.36024949154262,18.11
581,12.07765912003462,14.57471190730471,178.2068866723622,21.965865192,1.7373469981748926,0.7052541648868005,0.1768565463763793,0.4300724637681159,0.9890782000873743,0.0878351296888023,0.1074328215090085,1.0000412503383085,-83.0382459155554,0.9521027825419214,0.4112249941017751,False,False,False,False,pachytene,84,off_axis,135.06869375938786,18.11
783,14.539077669902728,16.509283543689055,179.73449599514836,19.32921072,1.66485022995241,0.5815533980582523,0.0049062049062048,0.6879350348027842,1.0,0.0467449853653157,0.0430712550995464,0.9348694362365744,-81.3117020358257,0.9525651489676078,0.0071317852093568,False,False,False,False,pachytene,85,off_axis,135.41684949702636,18.11
451,10.504312504231832,9.593652596303423,175.62206906776711,34.649486837999994,2.022410909154156,0.5979960733870422,0.1976759897311174,0.5218928932300437,0.9964253798033958,0.1330205612921159,0.0966532649211639,1.2085944644241389,-87.65368283880544,0.953163955138436,0.3787673530246452,False,False,False,False,pachytene,85,off_axis,135.5044219625483,18.11
114,4.710990909773812,16.69578217263838,178.42476664413013,31.224650958,1.9534531249119151,0.6530688903914056,0.1549862763037511,0.5071459506279775,0.998688309558944,0.0673027674277977,0.0936698870474539,1.1226639607530071,-80.96156892185016,0.9533129989589788,0.305604877869651,False,False,False,False,pachytene,85,off_axis,134.18731312751416,18.11
615,11.830997679814338,18.11984638051066,180.45405835266843,10.11030318,1.3414006833816037,0.6535962877030163,0.1424468696151637,0.4266577361018084,0.984984984984985,0.1593669053465857,0.1933095830942011,1.126036612024783,-79.80470807679156,0.9537351325694564,0.3338668388311451,False,False,False,False,pachytene,85,off_axis,135.25654567032186,18.11
196,6.223879040667392,10.42388709965706,176.60050897511906,31.494415428,1.9590626021028,0.598987040071503,0.2070692194403535,0.5117013372956909,0.9965850882185544,0.0677570461314871,0.044151638724347,1.1884266200386124,-86.95342854799298,0.9542532289953742,0.4046681224925094,False,False,False,False,pachytene,85,off_axis,135.8770396992038,18.11
720,13.81448339483368,11.049996863467667,177.9832786043752,35.599526928,2.0407283878108764,0.5502767527675276,0.2120757330870468,0.5126739926739927,0.9853879399053304,0.04837762674056,0.0381480819939378,1.00842509828901,-86.50664565019018,0.955619700038284,0.4136658697682465,False,False,False,False,pachytene,85,off_axis,136.71176934337655,18.11
96,4.329635477449055,12.951726882680596,178.43035009954232,34.170948126,2.0130573141402124,0.5929154939246242,0.1790114910701924,0.5541315345699831,0.9968901174844506,0.0724713904518273,0.0742152991110395,1.1696640758073014,-84.67645380763784,0.9559527006565232,0.3230487346458433,False,False,False,False,pachytene,85,off_axis,136.0953325909843,18.11
307,8.244186649384739,17.664565236551738,181.21932349967696,36.19535454,2.052050645863235,0.6508749189889824,0.124492117666179,0.5357341748654167,0.9993078626799556,0.0116301314326067,0.0307303432974535,1.1016119950963297,-80.35283637077653,0.9576251484875862,0.2323766589978193,False,False,False,False,pachytene,85,off_axis,136.14654848648735,18.11
721,13.73406139708307,12.519997809150048,180.7616066058469,35.226548226,2.0335764013175472,0.6679762935339948,0.1204798024342918,0.5459286000802246,0.9997291440953412,0.1537632998555771,0.2006981750013416,0.9485923059131268,-85.39864847007448,0.9613565045240688,0.2206878379637689,False,False,False,False,pachytene,85,off_axis,138.3151174742296,18.11
174,5.747267819362357,14.823660275772026,181.54750048150612,32.153579046,1.9726357707507745,0.625884584518859,0.2102263976590174,0.4754290171606864,0.9978738483345144,0.0305712229444368,0.0413392398562399,1.1347949957728145,-83.21244788636001,0.9642502003119188,0.4421825132056773,False,False,False,False,pachytene,86,off_axis,137.82760921827116,18.11
614,12.36551377185306,8.288716186643311,179.23259079361222,37.302561756,2.072764759230037,0.5729467991447617,0.2119066960659161,0.5071418053305846,0.9899407221124484,0.1532871524253546,0.1036202514373864,1.1755160881294289,-89.4033992497986,0.9649169853440565,0.4178450560347377,False,False,False,False,pachytene,86,off_axis,139.24497153395924,18.11
195,6.133435668434068,9.445744341333937,180.59224492045723,33.619690295999995,2.002173457497362,0.636477811889478,0.1828732747804266,0.5059500959692899,0.9966517857142856,0.0338911488972312,0.0394617895304983,1.1518830280755556,-88.42701997222005,0.9663938404268702,0.3614452813376413,False,False,False,False,pachytene,86,off_axis,139.77441982447533,18.11
345,8.363864229764868,7.459700768370138,178.99594554270985,31.44515409,1.958040660027896,0.573218948153674,0.1864334470989761,0.5138961719979025,0.9957680914092256,0.0470171213754464,0.0314997825838921,1.293227046201545,-90.19596506920783,0.96654167706032,0.3627842689977015,False,False,False,False,pachytene,86,off_axis,139.4961808766558,18.11
112,4.523461367343787,11.980986637994498,181.9813982722795,31.635162108,1.961976577247107,0.6210885362598251,0.194006309148265,0.4939334637964775,0.9962073324905184,0.0819344538310861,0.0657754193152684,1.2306379435773116,-86.08714259272364,0.96683996219839,0.3927782249396331,False,False,False,False,pachytene,86,off_axis,139.63872026192408,18.11
360,9.100816411974078,15.121040820598834,184.1164461586811,33.617344518,2.0021268899090794,0.6131463261461167,0.2322393020357291,0.5183982683982684,0.99673707710802,0.078576956505569,0.083574085367671,1.0772939128786665,-83.24131697817383,0.9688418051356636,0.4479939772046216,False,False,False,False,pachytene,86,off_axis,139.9149515445451,18.11
685,13.4134582256671,13.096954069768111,184.72610783269056,43.575172128,2.1829820634895425,0.5964685615848406,0.2831596060055465,0.496931696905016,0.9906790945406124,0.1246257191920672,0.0854933202116811,1.0973942402468344,-85.32611563914561,0.9707292309080988,0.5698159480852556,False,False,False,False,pachytene,86,off_axis,141.44390905554334,18.11
760,14.188475887798743,8.890708698355612,182.98337022937392,33.95279077199999,2.008764182181049,0.6014232416747272,0.2347791484281735,0.5409949731322586,0.995072157690954,0.1098366122894478,0.1082159874271672,1.009835359464485,-89.27908521271941,0.971742617013967,0.4339765803531345,False,False,False,False,pachytene,86,off_axis,142.09853126551283,18.11
163,5.405397218780188,13.578610161090912,184.5006434531199,34.074771228,2.011166901899586,0.6514525678094452,0.2227509978507829,0.468694449930871,0.9970538067917508,0.0259487134372028,0.0234064766157272,1.3034643300100728,-84.81987759223347,0.973584787101376,0.4752584501131537,False,False,False,False,pachytene,86,off_axis,141.00889752711453,18.11
471,11.065544430537948,5.70997856695872,182.26002183979625,37.48553243999999,2.076148233576725,0.6351063829787233,0.2472243738703847,0.4541245069456354,0.9970800676194868,0.1225409020307053,0.1068532632852979,1.2958020735629197,-92.34324056616178,0.9772734499814076,0.5443977809811985,False,False,False,False,pachytene,87,off_axis,143.18674759103175,18.11
375,8.880580803749698,13.74612593037291,186.97879536957413,41.034694554,2.1397064635672334,0.6634082204310295,0.2520325203252033,0.4519361413043478,0.997946611909651,0.0335205974272757,0.026821553341979,1.3471596063464222,-84.9661285344004,0.978242449166441,0.5576728597049219,False,False,False,False,pachytene,87,off_axis,143.08423721455034,18.11
126,4.924186010878768,8.731653275109032,184.5006449781673,30.619440233999995,1.940749781207728,0.6185551214280243,0.2250583657587548,0.5167704358304881,0.9968989419919736,0.0394052006739226,0.0397076513205133,1.1936640841878805,-89.62816013534501,0.9786591419524338,0.4355093677080607,False,False,False,False,pachytene,87,off_axis,143.47476554611308,18.11
221,6.72237915881986,6.321103201506661,183.3207034133704,29.894594832,1.9253130482161007,0.5932203389830508,0.187078563587894,0.5090663580246914,0.9983447134285124,0.070001233489273,0.0648612516481556,1.2444268379052938,-91.8707163574704,0.9787677898429064,0.3674934723909217,False,False,False,False,pachytene,87,off_axis,143.74918385580423,18.11
705,13.704855144854882,6.029846833166896,185.46886025974356,35.221856669999994,2.0334861184520454,0.5485847485847486,0.1994803354198653,0.5168191206845677,0.989854153455929,0.0260436144824962,0.018030187307874,1.1417697986070894,-92.43047509206116,0.9830257439796612,0.3859770806382664,False,False,False,False,pachytene,87,off_axis,145.72052233102985,18.11
111,5.147149396587687,9.91375405742802,187.75113343320783,28.18452267,1.887878432016264,0.6098210570120682,0.1731922398589065,0.5010665529010239,0.997298981923956,0.0140249019447023,0.0239094955894368,1.23540845785013,-88.86529299593307,0.9850340503667891,0.3456471777175623,False,False,False,False,pachytene,87,off_axis,145.65761382599555,18.11
647,13.44076954988561,9.75340230242647,188.46149332606976,45.23598295199999,2.210370830986787,0.6167807508815599,0.1934955800502019,0.5211096075778079,0.9962039731747436,0.1103432875582711,0.0922580655552195,1.145070971263596,-89.11392306792848,0.9855351425173844,0.3713145511739787,False,False,False,False,pachytene,87,off_axis,146.35179688318186,18.11
551,11.774922371728993,12.246090958154689,189.76706963625423,31.728993228,1.9639144288473167,0.519148306964365,0.1211998378597486,0.5931734317343174,0.9854969091773657,0.0674022685349538,0.054127124279633,1.5647793539960533,-86.80572291106236,0.9865839598242604,0.2043244544945062,False,False,False,False,pachytene,88,off_axis,146.25001109464685,18.11
125,5.065428784489155,6.510905548098545,187.22974261744827,31.45688298,1.958284076323296,0.6243847874720359,0.2037622510275055,0.5016875124081794,0.996584576667266,0.0537908421197045,0.0460716501492605,1.2508464702041269,-92.17525597717126,0.9880581090343244,0.4061537231600892,False,False,False,False,pachytene,88,off_axis,146.96212129395832,18.11
431,9.74787592234402,4.606477928219195,186.65461940683528,32.744715101999994,1.984651251192499,0.5903718031377606,0.1832595343522354,0.5076949982511367,0.9988536492166604,0.1138407572722388,0.1070324716828944,1.32238201062838,-93.99197992686459,0.9912094090021956,0.3609638365229356,False,False,False,False,pachytene,88,off_axis,147.48275543570364,18.11
82,4.213242695601133,9.132551996862352,190.3167672200792,35.888057622,2.046226861116791,0.5777501797503104,0.1304347826086956,0.6131578947368421,0.9991867273910214,0.0767444871690814,0.0741519769761502,1.5708564035625725,-89.96372099163109,0.9934211497959574,0.2127262548983019,False,False,False,False,pachytene,88,off_axis,148.2676321999009,18.11
597,12.65994508202488,6.223151482081311,189.91882372738053,33.31708493399999,1.9961482647454087,0.619305780468915,0.1406547997457088,0.5213611984464583,0.9971098265895952,0.1014785012235587,0.0792306574088212,1.293790350832528,-92.79973674334637,0.994147594811556,0.2697837893668136,False,False,False,False,pachytene,88,off_axis,149.40776952940377,18.11
411,9.438433872813356,9.253550711132856,190.53961537518245,28.698248052,1.8992796949509767,0.6055255844368155,0.1360544217687075,0.4745130542892665,0.9896498568597224,0.0691805506712421,0.044143626177352,1.2697002161136464,-89.87178306105601,0.9952526495710527,0.2867242967055818,False,False,False,False,pachytene,88,off_axis,148.39985531303827,18.11
220,6.454851731097799,6.144700884955792,191.07182699115157,30.218312196,1.9322376113587083,0.6299487657196088,0.1698014629049111,0.5059786028949025,0.9977989728539984,0.0149285727307089,0.0170383697907125,1.462257500270553,-93.02292489898875,1.0,0.3355902046715222,False,False,False,False,pachytene,89,off_axis,150.43599441868088,18.11
