nucleus_id,cz,cy,cx,vol_env,r_eq,gap,gap_int,thick,void_big,void_off,offset,syp_io,s_um,s_norm,score,merged,mitotic,crescent,post,cls,row,zone,r_um,off_axis_cut_um
563,13.860756332500491,0.5980455048162762,84.75728776311004,13.150431468,1.4642564002877363,0.4309668212629326,0.0,0.377115987460815,0.4810379241516966,0.940516256640324,0.0886111717857627,0.928688550308476,-102.62376056837394,0.0,0.0,False,True,False,False,mitotic,0,off_axis,103.4975045225003,18.58
527,13.336599570859148,2.603095126187573,86.24511498416138,45.916258572,2.2213958756396317,0.47154388474507,0.191053413623211,0.580046403712297,0.9936599423631124,0.0684364218709263,0.0572708811549447,1.176389122067654,-100.95987569981769,0.0099935979835509,0.3293760850864158,False,False,False,False,pachytene,0,off_axis,101.6193639766133,18.58
378,10.642548773156694,2.680305153286783,83.6418554456525,42.92539162199999,2.1720770100791107,0.651073829170993,0.1964510445507173,0.4994518402505873,0.995896197948099,0.1121056422461891,0.1347554752935945,0.9313570811515824,-100.35936442732367,0.015637941424518,0.3933333080766166,False,False,False,False,pachytene,0,off_axis,101.3440014907643,18.58
583,13.831208823746945,2.3861274261602974,80.9663995780595,31.689115002,1.963091309367988,0.5291287289954845,0.173466735966736,0.5687784939474926,0.9925442684063374,0.1628875419323293,0.0990660577711456,0.9788418334691976,-100.10805678521942,0.0164191662249704,0.3049811795147616,False,False,False,False,pachytene,0,off_axis,101.50340409619766,18.58
597,13.618661544683656,4.618619475333745,83.37172562171428,46.408871952,2.229311729097029,0.7156793368378488,0.0654593786343246,0.6071111111111112,0.9959646910466584,0.2606585059401374,0.4232446056193365,0.9074641372120102,-98.40639298052504,0.0166854416196345,0.1078210848662008,False,False,True,False,TZ,0,off_axis,99.3925588796109,18.58
329,8.684655108816267,2.8192555330136817,86.27752856879461,25.437616632,1.8244386730477984,0.6452416082626338,0.2069676355390641,0.4471016376397193,0.999395526899053,0.1688152786076786,0.2193852854986619,1.2757888181638823,-100.75469015368593,0.0228535394043432,0.4629095894876627,False,False,False,False,pachytene,1,off_axis,101.40695467881565,18.58
357,9.78653620352331,5.336577114900635,86.08655884260381,41.95423953,2.1555714095872025,0.6181157394464636,0.1379527956582102,0.5427525622254759,1.0,0.0636315654268477,0.0831315158224141,1.0758057637002765,-98.2505636565335,0.0250273183255609,0.2541725369154508,False,False,False,False,pachytene,1,off_axis,98.8826470117559,18.58
377,10.34337056341538,1.2722467907668902,79.0615643633658,47.25569781,2.242789549426848,0.5854554480019856,0.0860238590346941,0.548317566758472,0.9928251121076234,0.1209353921783201,0.0957849039753386,1.175218798212991,-100.81499512859493,0.0263556084087555,0.1568869287614611,False,False,True,False,TZ,1,off_axis,102.56446742831294,18.58
413,11.158442797388131,5.699423600205489,78.95685927937241,63.93183361199999,2.4805206703797014,0.7082630072649887,0.1882593159775395,0.4910074204502578,0.996419965576592,0.154248469621138,0.2241164437354856,1.1980217974700793,-96.45763048239081,0.0320570372585083,0.3834144009573301,False,False,False,False,pachytene,1,off_axis,98.13612500180471,18.58
402,10.545014546416684,7.968872110553065,87.4508679648255,35.47754647199999,2.038394893908186,0.6445384818830997,0.1681881479189231,0.5016741071428571,0.9974739970282318,0.05992866457709,0.0726969824612278,1.2725194907694972,-95.94741095644981,0.0333720266110626,0.3352537942944497,False,False,False,False,pachytene,1,off_axis,96.39664980875685,18.58
346,9.294229772300977,7.7395696494802895,82.71873844957538,58.82507490599999,2.412633163211638,0.6645930533955418,0.2449730700179533,0.4667697063369397,0.9926791005752136,0.1161191427442633,0.1268432309943009,0.9722134112155322,-95.21787985392572,0.0341518520857887,0.5248264115947543,False,False,False,False,pachytene,1,off_axis,96.23822159436914,18.58
501,13.405030087949257,7.620653741705889,79.26799677518906,15.202987218,1.5367861587836995,0.3664557938589724,0.1386616320537025,0.3877252800779347,0.7505694760820045,0.7630219566550507,0.2039391477316111,1.2545173298308117,-94.63859143192617,0.0366203879278071,0.3576285560380041,False,False,False,False,pachytene,2,off_axis,96.22135714720434,18.58
215,6.484639592387167,4.698480188820738,80.76508610819832,15.653376594,1.5518145092865172,0.454967780608422,0.0943725099601593,0.5622766015947209,0.993899577663069,0.2984440101893046,0.1383534098229886,1.203586387493054,-97.80260396671234,0.0369632684841882,0.1678400091565278,False,False,True,False,TZ,2,off_axis,99.18525256768119,18.58
225,6.339957186093048,3.06059621318383,80.22404642356302,31.778254566,1.964930271857248,0.6302502399055141,0.1485636579976202,0.49211419444999,0.9995122744269224,0.1564162394804882,0.1753387331631614,1.2780689204454072,-99.29776164890568,0.0372141009767571,0.3018885853590588,False,False,False,False,pachytene,2,off_axis,100.80447374654587,18.58
453,12.25425079221356,8.80140225441371,79.55999413309121,25.90911801,1.8356420874576105,0.5726573110004527,0.227875020448225,0.4177966101694915,0.944203821656051,0.3836935001988694,0.2312604881758785,1.1362445414622904,-93.54096714118756,0.0394884519692875,0.5454209414379423,False,False,False,False,pachytene,2,off_axis,95.04765325857917,18.58
206,5.883191817831024,5.987274170204634,81.05818205326182,24.311643192,1.7971123744711426,0.5799884214588962,0.2065257017863653,0.4773719274063864,0.9974522292993632,0.1184779144997319,0.0997837136938599,1.166218744306675,-96.59937470485525,0.0404939137580804,0.4326305966679731,False,False,False,False,pachytene,2,off_axis,97.90837935745313,18.58
574,13.751739459256086,10.683281040838846,84.23085226885918,49.627279368,2.279697830801943,0.6462941955000945,0.012796833773087,0.7235066149939864,0.999912372940764,0.1479243666462705,0.1851536871200687,0.8408819142021738,-92.639507890247,0.0406849231566411,0.017687238109348,False,True,False,False,mitotic,2,off_axis,93.40096779508717,18.58
216,6.514609602327601,9.889104358632,85.90462225387786,38.695953888,2.0982584585025053,0.6494301648884577,0.2109428298540046,0.5057928410859416,0.9993299383543286,0.0609443312359028,0.0685266231619524,1.2100822896727794,-93.7548510281305,0.047000148444643,0.4170538068532337,False,False,False,False,pachytene,2,off_axis,94.33244199175167,18.58
575,13.692401671846158,11.83785969349466,79.95573932054431,21.888454518,1.7353037142432144,0.5593184010288286,0.1105342850962578,0.5797665369649806,0.9922504649721016,0.0832681797870657,0.0550080371352204,0.944538877819222,-90.64666404789241,0.0527405772477981,0.1906530957700554,False,False,True,False,TZ,3,off_axis,92.02311242172813,18.58
281,7.5578972606843635,10.199291907929622,78.77952199244616,39.134614374,2.106157362011144,0.6356170952466582,0.2440935090773439,0.5135713110708998,0.998351195383347,0.068429663068712,0.0845566621796141,1.1798899404244718,-92.01442264527405,0.0535737378845753,0.4752864963744951,False,False,False,False,pachytene,3,off_axis,93.63386344130751,18.58
181,5.180605996059211,10.769872421321033,82.39834131210364,44.051365062,2.190905205282553,0.6817721923425102,0.2116094986807387,0.5420013386880856,0.9998962009549512,0.0405207208549342,0.0518956805708417,1.1689175376033991,-92.18521152335745,0.0542053129665374,0.3904224649941633,False,False,False,False,pachytene,3,off_axis,93.19466255091712,18.58
310,8.955694746261077,13.492092355874384,86.67182688226823,55.053063882,2.3599218873026477,0.701137670970216,0.2763850201176107,0.4073282007413744,0.9978828510938604,0.0871268183874415,0.0988058461799366,1.2772892918129324,-90.38054873307668,0.0560915153905661,0.6785315124623456,False,False,False,False,pachytene,3,off_axis,90.82211772093679,18.58
403,10.42485297877792,12.47223616722079,77.7305873817427,18.348675516,1.636208723334878,0.6199181794937356,0.1296838407494145,0.5210225361587622,0.9975602317779813,0.0498071349046597,0.0303402566835281,1.1212816953071914,-89.57666581608282,0.0570804233234255,0.2489025555506839,False,False,False,False,pachytene,3,off_axis,91.3492472244366,18.58
541,13.24957675451732,15.29343980308587,85.86822677552811,39.07362414599999,2.1050626635468936,0.5413339737047487,0.1507336594041796,0.5696335078534032,0.9976618705035972,0.04187880989902,0.032692787020172,1.1066586301038852,-88.45416927355316,0.0599498261390297,0.2646151557554991,False,False,False,False,pachytene,3,off_axis,88.94895587467191,18.58
564,13.471730043151249,15.404415442961293,81.13430824231456,69.585158592,2.551580869470215,0.5621966019417476,0.1451984466530639,0.6344036344036345,0.9957200402819738,0.2447474474000615,0.1862510672792917,0.928473267069317,-87.39098784624244,0.0628288769706667,0.2288739199761307,False,False,False,False,pachytene,3,off_axis,88.50263153004863,18.58
448,11.785448944459294,15.331676868714212,78.3249306876856,25.890351786,1.8351987893240431,0.552233396756365,0.2154310207969518,0.5119384864427358,0.987898789878988,0.2189983254584089,0.1368034400642067,1.1882609686285863,-86.89578667209692,0.0655871659480266,0.420814270663453,False,False,False,False,pachytene,3,off_axis,88.49534677611693,18.58
182,6.062178962077983,14.013758030165288,79.33399004963178,48.68193083399999,2.2651296342129847,0.6242470968052811,0.1774261603375527,0.4907668632982816,0.9963499731615674,0.1304489462327609,0.1378913384642804,1.2334082971028717,-88.39009207583555,0.0697698129804413,0.3615284030081621,False,False,False,False,pachytene,3,off_axis,89.83135549726184,18.58
576,13.873831843615765,18.578199585786194,84.92651314584535,32.280251058,1.975222837021183,0.6083133493205435,0.2284569138276553,0.5120593692022264,0.9944903581267218,0.1757817320179457,0.1541336682530468,1.0227303318574816,-85.04699579339585,0.0735568430365862,0.4461531759170514,False,False,False,False,pachytene,4,off_axis,85.5903564251643,18.58
405,10.482354544216133,17.65293689194662,87.26732542580851,34.431329483999995,2.0181575222308057,0.5896579915519826,0.202251655629139,0.5273119707786817,0.9969863499379542,0.0467351885218855,0.0633337197060386,1.2960069767533633,-86.42522637231463,0.0736089645511821,0.3835521794251588,False,False,False,False,pachytene,4,off_axis,86.75201760989692,18.58
183,6.279833597464356,15.647719492868612,78.69767103803336,11.841487344,1.4139668096204423,0.6014263074484945,0.0419047619047618,0.3429423459244533,0.9919354838709676,0.2864425516370812,0.348200619310272,1.3079925915869224,-86.6613892529896,0.0754981194125727,0.1221918564527259,False,False,True,False,TZ,4,off_axis,88.18482984587351,18.58
226,7.173520080476551,15.951082364775834,77.626788439216,30.314489093999995,1.9342853742080623,0.6147953261626558,0.1136039886039885,0.536560867818401,0.999476622470342,0.1296265563343205,0.1368379257302238,1.3448165737029922,-86.14833806433606,0.0757373916062274,0.2117261906666623,False,False,False,False,pachytene,4,off_axis,87.86990610549708,18.58
404,10.362506367804151,17.371662058073554,77.26788461538433,23.02381107,1.7648028692574649,0.5404992358634743,0.2112626792584819,0.4895787139689578,0.9845906902086676,0.1640657928197605,0.1212070220214818,1.225186377714752,-84.68456900806851,0.0761735660154097,0.4315193312752508,False,False,False,False,pachytene,4,off_axis,86.44835732129452,18.58
421,10.519418348173817,17.736321346294968,83.38129007025516,57.429336996,2.393398774960826,0.7071726166162895,0.1089982600049713,0.6235179243967081,0.9989766680311092,0.2703926626321294,0.4076470884205027,0.9753895532193088,-85.56002546647935,0.0772948932019638,0.174811750777548,False,False,True,False,TZ,4,off_axis,86.30460330530221,18.58
207,6.1512741751990765,17.91931307167216,84.48700462457236,41.23877724,2.14324781733197,0.6511376564277589,0.192707647755693,0.4898092287624327,0.9998737373737374,0.0896612542407335,0.100208491223344,1.211859225989842,-85.60373366293429,0.0783331005115468,0.3934340891097422,False,False,False,False,pachytene,4,off_axis,86.20836856746936,18.58
189,6.112854757929911,17.48673190801805,80.81085412784984,43.55875168199999,2.182707824430566,0.5918466260972588,0.1637426900584795,0.5457184325108854,0.9978683719690914,0.0940921521862744,0.1040424271532734,1.133666092918843,-85.28622010523871,0.0814871333801474,0.3000497698146074,False,False,False,False,pachytene,4,off_axis,86.40832905392907,18.58
252,7.169975866608444,19.851226053094575,87.14504557371663,42.768224496,2.169422818858393,0.6468297498903028,0.1740636223704463,0.4943314179220376,0.9974077274410568,0.0576181601048372,0.0642231641790617,1.3789501539708673,-84.24742986183358,0.0820314909035938,0.3521192788071958,False,False,False,False,pachytene,4,off_axis,84.55448024024705,18.58
476,12.542540943370618,19.6801721897464,78.81378451961234,52.566539202,2.3238437590204013,0.607925387121246,0.1949051589846971,0.5174140678351924,0.9935366821635108,0.0457946773651173,0.0402521278340849,1.1132719813287042,-82.73516498568289,0.0822301341719958,0.3766908769994609,False,False,False,False,pachytene,4,off_axis,84.155111245393,18.58
565,13.96681024536765,20.94273845473443,81.09047259057174,60.99491955599999,2.441940163081032,0.7111376047996307,0.1444355849185556,0.5989881507122886,0.9958738959448132,0.4445918494707657,0.6398834914003297,1.0090473981128716,-81.9575701667687,0.0846109072623331,0.2411326246550948,False,False,False,False,pachytene,4,off_axis,82.96805740023404,18.58
429,11.34497162315589,21.861430624290232,87.51528772985273,41.33260836,2.1448721058031177,0.6087400681044268,0.2386526780784097,0.5413402959094865,0.986347642505278,0.1552247390975136,0.1309594292730413,1.2761041927293866,-82.35316078646558,0.0875040389095987,0.4408551882831074,False,False,False,False,pachytene,4,off_axis,82.60391061752514,18.58
584,13.804907810928292,22.109428662419838,84.01717222929867,34.98727887,2.028961715655368,0.577606436473349,0.1526563550773368,0.5322222222222223,0.9838410104011888,0.2403270817669978,0.1546494665489599,0.963880644630281,-81.40494211053233,0.0877020437330866,0.2868282245711966,False,False,False,False,pachytene,5,off_axis,81.99362817971351,18.58
246,7.19871366929861,20.201313710006836,77.78457712692176,57.62638234799999,2.3961329742252677,0.6843604982496133,0.1838753815387853,0.5143151921588858,0.9985381304312516,0.0447538710708925,0.0526886724203998,1.3126927096613816,-82.01721063546913,0.0923982565836357,0.3575149720290224,False,False,False,False,pachytene,5,off_axis,83.62066034024767,18.58
161,5.377417276720641,22.60201020790535,84.78186375988221,40.05415935,2.1225259273046904,0.6940556368960469,0.1859124201340189,0.4980857580398162,0.9993130295397298,0.0314562841714129,0.0512552740532755,1.194559877660242,-81.07665932470603,0.0969609054464948,0.3732538365795984,False,False,False,False,pachytene,5,off_axis,81.57018442217111,18.58
144,4.530992208982605,21.13533191452833,81.35245227429175,40.947900768,2.1381968116578043,0.697467919340055,0.2326358616681197,0.5042605567127438,0.9997802439292386,0.0582933713264758,0.0856529139131739,1.081831846805558,-81.82175424296864,0.0970349206870589,0.4613405878593092,False,False,False,False,pachytene,5,off_axis,82.78837024153454,18.58
550,13.340869995668935,25.10175671059991,86.62030482643296,37.910118258,2.0839574305595714,0.5313408823711404,0.1271176673965656,0.5784261948772115,0.9917895129688374,0.1270368921755358,0.075411599928436,1.0774159015254638,-78.99893060983534,0.1000407971599877,0.2197647141889039,False,False,False,False,pachytene,5,off_axis,79.27872137904072,18.58
282,7.526397159871522,24.470069972514604,87.88856926820999,40.96666699199999,2.1385234035082568,0.6965185524507558,0.15832936318882,0.5186792452830189,0.9991146525011066,0.0433667593765004,0.0637955814440655,1.429123661656522,-79.87336015971317,0.1004105656991878,0.3052548653694966,False,False,False,False,pachytene,5,off_axis,80.06524362657485,18.58
393,10.36525591329829,23.64938386994589,80.21528519895621,29.652979698,1.9201120670725784,0.5498773831184242,0.195418552036199,0.5557117750439368,0.9957736557877436,0.1611631493892894,0.1064900487147214,0.9820271087489788,-79.13005145565843,0.1007943883330816,0.3516545101473664,False,False,False,False,pachytene,5,off_axis,80.22692459392643,18.58
385,10.42769230769268,23.71823729391065,77.22960106740106,46.80999999,2.235716218120946,0.6685041343021799,0.2215815485996705,0.4952380952380952,0.9943945002644105,0.1753318140969283,0.1653166775609529,1.1327671482299306,-78.46061810573723,0.1010362791658503,0.4474242808262577,False,False,False,False,pachytene,5,off_axis,80.10176510430023,18.58
577,13.77589018755074,26.615519808372827,82.70983450665963,34.520469047999995,2.0198976298691624,0.6217722207121501,0.0452830188679245,0.5707869205892921,0.9979690673332292,0.2333770334947645,0.2068900766423392,0.9853875980163675,-76.72780083826459,0.1060816397410789,0.0793343667040818,False,False,True,False,TZ,6,off_axis,77.40012881940181,18.58
152,4.642597791502928,24.557415188096503,82.52265412689518,25.066983708,1.8155344320194609,0.600318173310874,0.1404709197021533,0.5904940295012877,0.9975336322869957,0.0583089742620299,0.0421847834697311,1.1320485124471364,-78.70589637598705,0.1060871640555076,0.237887112628032,False,False,False,False,pachytene,6,off_axis,79.44042827764846,18.58
542,13.191363602696107,26.08701618398752,78.85629345974141,31.670348778,1.962703720067089,0.5579586697281682,0.0822697216669229,0.5888069705093834,0.9928948436865612,0.145072762453572,0.1090752283648864,1.0233062984483563,-76.46847303243405,0.1067896084354756,0.1397227373102436,False,False,True,False,TZ,6,off_axis,77.75041514420386,18.58
422,10.794153147666009,26.90098604728477,87.98032718011278,42.367096458,2.162619082253922,0.6315264935496374,0.156313387423935,0.5753568745304283,0.9991654744873628,0.0240700701373393,0.0356738742365214,1.188750762870984,-77.51087008502383,0.1074460435826798,0.2716807504064476,False,False,False,False,pachytene,6,off_axis,77.66939329636016,18.58
162,5.114263625821582,24.213408678004857,78.20475427135608,36.411166116,2.0561209566326983,0.6076536528797836,0.2165187186414512,0.5579638752052545,0.993262300219367,0.091779207710756,0.0590469032423091,1.185777726596975,-78.17223338910934,0.1101853760316279,0.3880514998606351,False,False,False,False,pachytene,6,off_axis,79.61280624351545,18.58
592,13.913102194520029,28.324675964160026,86.5486038566429,18.064836378,1.6277279004319356,0.5722633424230619,0.0390898483080512,0.5555555555555556,0.9907209136331192,0.2186152972998467,0.163213619598783,0.991932362651972,-75.82774549320577,0.1128662174397947,0.0703617269544923,False,False,True,False,TZ,6,off_axis,76.07071363716645,18.58
163,4.951828698006429,26.76283051439914,86.15358026581166,47.65448007,2.249080717162312,0.6467634752645828,0.1946127946127945,0.5335841694537347,0.9993628544122332,0.0496013067964175,0.049371889425245,1.3087770464684456,-77.27786705840418,0.114203431850711,0.3647274521131924,False,False,False,False,pachytene,6,off_axis,77.57444809409624,18.58
297,7.878828624991881,26.745570288965872,79.86145196198925,36.286839882,2.053778073888465,0.6663649880405973,0.1964813949867663,0.5179228831621778,0.9994701986754968,0.0821583994586308,0.1001198934604875,1.0319971117472888,-76.02611095431791,0.1164112357460885,0.3793641898715679,False,False,False,False,pachytene,6,off_axis,77.1200227748143,18.58
135,4.037520144089408,27.65475251682632,83.33982211583987,24.745612122,1.8077423428556472,0.6501090150725187,0.2046972635207929,0.5285830398266053,0.9997969955339018,0.0717992245857147,0.1163608307080919,1.1671811238390095,-75.83693385993836,0.1182025907049292,0.3872565861892603,False,False,False,False,pachytene,6,off_axis,76.41151512268902,18.58
270,7.237756052141346,26.85887898044758,76.1852013500943,30.232386863999995,1.9325375551094688,0.5888423339540658,0.1379534732389783,0.542177769390451,0.9883162945962862,0.1660190928243628,0.1189226156818692,1.2953481050901996,-75.17389861448129,0.1190427663877573,0.25444324911011,False,False,False,False,pachytene,6,off_axis,76.96794372242927,18.58
578,13.831695030633082,29.89634401633673,83.53742985704527,17.229739409999997,1.6022490887022602,0.4976174268209666,0.0457719162141194,0.5441734417344174,0.9639008620689656,0.2784775702386301,0.1079187527606589,0.9617479813304504,-73.68122225599568,0.1193377416602415,0.0841127344771418,False,False,True,False,TZ,6,off_axis,74.19395718376815,18.58
111,3.7463358727162728,27.54249414818319,80.01463633789584,34.794925074,2.025236591169652,0.5985977212971079,0.1753462603878116,0.5713805844810211,0.9965139442231076,0.1546155972460865,0.1268946374871024,1.3179229130073362,-75.27644006521427,0.1217580800843199,0.306881726733989,False,False,False,False,pachytene,6,off_axis,76.32905006589425,18.58
449,11.574121109718403,29.292585201939016,77.26663411456852,43.03798896599999,2.173974539417659,0.6074562598789993,0.2198028382623768,0.5410996945292974,0.9951232728257924,0.1278534433236798,0.1233797707949443,1.151987715409592,-73.00822069327411,0.1221709633674216,0.4062150477715262,False,False,False,False,pachytene,6,off_axis,74.52743631646784,18.58
551,13.493405523786858,30.08494016911944,80.3463785314524,38.559898764,2.0957964090919576,0.5863243703613579,0.152753550959382,0.5558823529411765,0.9939238887112248,0.2079705967054386,0.1601535790270345,1.0397393336611898,-72.8530978685493,0.1225631422210634,0.2747947477576185,False,False,False,False,pachytene,6,off_axis,73.80173384518882,18.58
260,7.242147922999215,30.1582356159476,88.81863145002708,39.359809062,2.110189500814976,0.6562369628702545,0.168396770472895,0.5563453536754508,0.9993731979440892,0.145422120800871,0.1592406983889933,1.3346990106122052,-74.48954118134806,0.1230157050721909,0.3026838803638699,False,False,False,False,pachytene,7,off_axis,74.5708780712297,18.58
454,11.5564412951478,31.06193430764723,88.82059134927701,23.835450258,1.7853015566572354,0.7046550536364531,0.2435089488278295,0.4245251582805731,0.996187800963082,0.1221182032436073,0.130007128272536,1.1951553210927714,-73.60479744594016,0.1243404120112246,0.5736031047349424,False,False,False,False,pachytene,7,off_axis,73.67863974567274,18.58
593,14.115971563980889,31.96986486966952,86.72723026066441,19.79836632,1.678212360292183,0.5609004739336493,0.1999136442141623,0.4662709120345386,0.9746376811594204,0.0852428347959869,0.0630590842443491,1.004531363437553,-72.29343583653137,0.1271187330082736,0.4287499800102348,False,False,False,False,pachytene,7,off_axis,72.47771788681854,18.58
579,13.90284029178915,33.23048423094889,83.11688821201224,30.227695308,1.932437584204779,0.4815303430079155,0.1529098516546215,0.5559048046699596,0.9676415681393902,0.2368846038090374,0.0951152286959759,1.036965559708945,-70.33076475073767,0.1325047437486713,0.2750648139215204,False,False,False,False,pachytene,7,off_axis,70.83622706538176,18.58
112,3.652933151432376,31.46978046740615,82.6807128536681,39.547471302,2.1135378841619907,0.7430452577258437,0.1216545012165449,0.4903047091412742,0.9995135713590816,0.0670103794730507,0.1585432487320238,1.3640435028349192,-71.96736326015578,0.1334429389889484,0.2481201973964561,False,False,False,False,pachytene,7,off_axis,72.55675685655893,18.58
303,8.219910673830306,30.46984643018888,75.40568887954073,36.23992432199999,2.052892576517017,0.6320150171532137,0.1798903635314483,0.5222515391380826,0.9965697240865026,0.0659256252878065,0.0742297666306434,1.3465202640717608,-71.47992108929914,0.1340162723870049,0.3444515718007019,False,False,False,False,pachytene,7,off_axis,73.37234197798436,18.58
386,10.260188168578097,32.6791306869451,85.3241482536392,54.60267450599999,2.353468746746748,0.6077243631052112,0.1631381174961048,0.6266564450772095,0.999427972161312,0.0775867375687992,0.0877361903312595,1.0996615770039522,-71.3158376568371,0.1356415414331686,0.2603310295101246,False,False,False,False,pachytene,7,off_axis,71.60211371530306,18.58
113,5.054824300178283,32.25870682698048,85.28397090529975,94.525470288,2.8258780267758743,0.6284742902521342,0.1908004972704178,0.5677643443991718,0.99978369024443,0.0309165342442481,0.0487623539969997,1.247876205418897,-71.71952619520789,0.136003572424578,0.3360557934865206,False,False,False,False,pachytene,7,off_axis,72.01532952625071,18.58
347,9.314093300596822,33.31313318134048,89.46102696597686,33.43906539,1.9985813960015373,0.5145562960364785,0.183480825958702,0.5920520231213873,0.9971149578339992,0.0382864189200375,0.0414717401787438,1.3762003356450947,-71.5289617581921,0.1370373988941594,0.3099065940039586,False,False,False,False,pachytene,7,off_axis,71.5633001635984,18.58
387,9.929478609625628,33.00538782754091,76.54373249999983,35.092838879999995,2.031000191623545,0.5362967914438503,0.1804111531190926,0.5856998702609197,0.997580157289776,0.1131680799111185,0.0970762687970038,1.1264371088062806,-69.22591370783363,0.1383279473415214,0.3080266229847761,False,False,False,False,pachytene,7,off_axis,70.81774643066063,18.58
114,4.251143171537013,31.38075588702808,77.63852083384153,38.372236524,2.092390957410446,0.672881770387578,0.1610222640326121,0.555783965613904,1.0,0.0809009771178403,0.1063674029617098,1.34108374634959,-71.03791832768877,0.1395515053237248,0.2897209599322486,False,False,False,False,pachytene,7,off_axis,72.44051157856198,18.58
528,13.07652202881638,33.51825920712952,77.53554813025644,28.165756446,1.887459334201452,0.57208295161156,0.1686084142394822,0.5657843518878941,0.995049504950495,0.2021422400809667,0.1508874420026036,1.1661185714571771,-68.92355210295584,0.1397705203847829,0.2980082670665496,False,False,False,False,pachytene,7,off_axis,70.30249455099771,18.58
585,13.649196945760956,35.28991714059935,86.49305503554446,35.637059376,2.0414453133530124,0.6032122169562928,0.1411882034477846,0.5814532183145322,0.98749413787713,0.2709573432249914,0.2293551386230001,1.0600560782168953,-68.99435341197506,0.1402840194020449,0.2428195407655479,False,False,False,False,pachytene,8,off_axis,69.15596407765034,18.58
477,12.131108192022731,35.514194082874766,89.13934517554367,39.287089944,2.1088891411940374,0.5313470265106282,0.1789748953974895,0.5700089183335457,0.996858832224686,0.2277229650696777,0.1337492119085201,1.359633625535866,-69.30824565264656,0.1419698573222862,0.313986131867433,False,False,False,False,pachytene,8,off_axis,69.33968847857082,18.58
196,5.70731707317072,34.73426319650911,89.44127553043867,35.489275361999994,2.038619500527223,0.6547028884922996,0.177711317487801,0.5377105666156202,0.9971894322653176,0.0725747133076567,0.0860291128185935,1.4369740041038217,-70.13303590124369,0.142079110589758,0.3304962344450952,False,False,False,False,pachytene,8,off_axis,70.16012493420119,18.58
566,13.562685402030088,35.57266100702498,80.38083489461447,36.059299416,2.0494762588062305,0.5552953421805881,0.1340258424119584,0.5412521942656524,0.982373678025852,0.2130032755274243,0.1200136320990179,1.0351507162469575,-67.48502888684429,0.1440619043880541,0.2476217996562562,False,False,False,False,pachytene,8,off_axis,68.32095925520187,18.58
567,13.653997585663758,37.36844284056176,83.59060929984196,50.52336656399999,2.2933370679316543,0.6456959791995542,0.1525818989450305,0.5879963307561263,0.9980011422044546,0.2841194073938602,0.2858295743233199,0.9866699318327908,-66.37330469316052,0.1488490179272565,0.2594946447179692,False,False,False,False,pachytene,8,off_axis,66.75718406247613,18.58
430,10.896144018583229,36.01543543553923,75.10808770035034,20.19714858,1.6894051627029754,0.6537746806039488,0.2626762305218897,0.4048976853404897,0.9889979185251264,0.0875801281521393,0.0826135567431276,1.3204545580386098,-65.98822070486018,0.1499572172531999,0.6487471774529853,False,False,False,False,pachytene,8,off_axis,67.837135929309,18.58
311,8.113628988642933,37.19684012304037,88.14593522174236,34.698748175999995,2.023368879006718,0.5976203353163873,0.1288056206088993,0.5856854838709677,0.9993577392421324,0.0756838433268656,0.0695990744177884,1.0985072969581071,-67.45985900339001,0.1509227091415964,0.2199228496454873,False,False,False,False,pachytene,8,off_axis,67.51473995480592,18.58
253,6.738625330039988,34.62006295886166,81.23010091985473,27.541779498,1.8734170246409871,0.5861510944553274,0.1293674968643612,0.6219386705083351,0.998990103009493,0.1302495025524572,0.1031546832515376,1.1178519081889344,-68.58929768373494,0.1516274836406078,0.2080068389357813,False,False,False,False,pachytene,8,off_axis,69.31661054829011,18.58
236,6.5231407817364575,34.67623647872633,75.56432270494787,33.90822099,2.0078848299625744,0.6576271186440679,0.1794064002652959,0.5265710244493838,1.0,0.0618672019878047,0.0789909964753385,1.2529189210265856,-67.39190496523126,0.1517945571314666,0.3407069358837105,False,False,False,False,pachytene,8,off_axis,69.16334497148951,18.58
115,3.9270011864052665,34.591000348942075,79.14297047944491,33.612652962,2.002033748233249,0.6317956591527671,0.1147651006711409,0.6021607278241091,0.9998529411764706,0.1769925560502634,0.1746976703621965,1.468208338142394,-68.19694193585256,0.1519547693501929,0.1905888168526723,False,False,True,False,TZ,8,off_axis,69.25598001299659,18.58
116,3.882441812984979,36.36001139240494,86.43169902000749,34.468861932,2.0188905647551025,0.592486729277256,0.1106490420317837,0.6503006012024048,0.9981030667088208,0.0489346392031099,0.0668654508845063,1.3144973693899251,-67.93386529249015,0.1533070856322623,0.1701506070072729,False,False,True,False,TZ,8,off_axis,68.0873688414559,18.58
117,3.648338842512034,37.04976432293151,82.65689722673459,41.86979152199999,2.154124150330714,0.6058042467365119,0.1332840601133283,0.6347356452529846,0.9964126669965364,0.1477706963522635,0.1328319267804447,1.3443199080841672,-66.49717692403789,0.1553011857690947,0.2099835752255661,False,False,False,False,pachytene,8,off_axis,66.99203730123362,18.58
502,12.75546209540082,37.89010183134714,77.50935983815944,44.063093952,2.1910996344132894,0.549776405451448,0.1559880239520957,0.5334042804777108,0.9852161336975735,0.1349999487241083,0.0979391369653683,1.1958367352759751,-64.63621630286282,0.1569424267771332,0.2924386429977552,False,False,False,False,pachytene,8,off_axis,65.93057779848162,18.58
169,4.9426283855630855,38.64351563145169,88.9457460874464,37.501952886,2.076451339878298,0.6433352098580096,0.137758959624981,0.5859347597334269,0.9997350642469202,0.1097634252218663,0.1247895960715573,1.4372057698317675,-66.20415803979962,0.1578030172344427,0.235109723969363,False,False,False,False,pachytene,9,off_axis,66.22463175339395,18.58
450,11.408422332204932,39.75491107059147,89.71313592081195,27.016325226,1.8614264846063189,0.5889554571502995,0.1434774742174778,0.5699197296155472,0.999778024417314,0.0369804213037752,0.051918752632193,1.3200511475123868,-65.27031435302422,0.1589704200400228,0.2517503198463824,False,False,False,False,pachytene,9,off_axis,65.27376216664182,18.58
594,13.807885888944954,40.28456561385601,87.20751848191739,23.02381107,1.7648028692574649,0.6330106979113601,0.0,0.7037756801776791,1.0,0.1917422990741818,0.209207401306867,0.9557575421129983,-64.24633794817592,0.1600581020045277,0.0,False,True,False,False,mitotic,9,off_axis,64.31719675508478,18.58
298,7.9726683291772,39.71526645885304,90.4768538403972,28.21970934,1.8886637392748948,0.6517871986699917,0.1301910299003322,0.5383146335640965,0.9976942178077332,0.0584289859120617,0.0752776935454251,1.5040351163788548,-65.46313077877664,0.1629677086921817,0.2418493233935662,False,False,False,False,pachytene,9,off_axis,65.46316730195625,18.58
557,13.79787591877523,40.39904025476519,80.32647900523327,75.31824002399999,2.619814357959405,0.7035941198455213,0.1876227059325651,0.5896816223599874,0.9941317684715923,0.2055384853839392,0.2799356972565821,1.1071437854503938,-62.74681220425511,0.162991539136096,0.3181762816037459,False,False,False,False,pachytene,9,off_axis,63.49748480370504,18.58
261,7.013875717494246,38.39319236336546,74.79015472922616,28.198597337999995,1.888192633308912,0.5967889526661676,0.1506921324688979,0.562409737982257,0.9951862704060276,0.1219552717773381,0.102731239350566,1.326248806688389,-63.59519334508299,0.163289053539564,0.2679401196172957,False,False,False,False,pachytene,9,off_axis,65.47154197554588,18.58
283,7.239748953975297,38.084332630006855,81.46518907352174,39.24486594,2.1081333571819245,0.5700537955768081,0.2402028097602196,0.500486584179063,0.9954150974291796,0.1320645403269238,0.1105504940025167,1.267629091381412,-65.24357582066327,0.1653699342349228,0.4799385585014611,False,False,False,False,pachytene,9,off_axis,65.87324645582454,18.58
598,14.237552721681109,41.77407701582708,84.37852210092613,47.274464034,2.2430863963173886,0.7436609934004863,0.057127212995072,0.6211769260549749,0.9926790208190346,0.3735672782310508,0.6727084294723654,0.8185993861655739,-62.21701595669091,0.1665290879804205,0.0919660898512129,False,False,True,False,TZ,9,off_axis,62.458660472903055,18.58
118,4.088099688473589,38.62177430945059,77.69806748701897,67.76952641999999,2.529192860219819,0.6438560055382485,0.1611772378933638,0.5827582855476723,0.9999283872815812,0.1178231572713842,0.1274173106310764,1.4193386621080466,-63.957619133839096,0.167924336547441,0.2765764844370947,False,False,False,False,pachytene,9,off_axis,65.20005247749194,18.58
94,3.6690368554135393,40.30163228105124,85.57519383572136,61.229497356,2.4450666102552905,0.6887977932725462,0.2134972889233152,0.5579219500184661,0.9996410366860506,0.0906104306069747,0.1357785667567377,1.35683634400952,-63.90050135492483,0.1691297171246699,0.3826651539991371,False,False,False,False,pachytene,9,off_axis,64.06683623832834,18.58
358,10.500039894099189,40.95598613861282,75.20392377325871,64.68013679399999,2.4901610749355267,0.5471657055815471,0.1548666576418031,0.6313471087618132,0.997410568715834,0.1271025559645537,0.0953242009059276,1.2754843151419093,-61.16846010117095,0.1693761850296706,0.2452955838279277,False,False,False,False,pachytene,9,off_axis,62.89601402785534,18.58
455,11.357510824098872,42.218983114404175,83.99306757173169,31.965916806,1.9687905607948009,0.6658839069494387,0.0285897162363985,0.6920711618712937,1.0,0.105985081650018,0.1364175466397184,0.8246217684773474,-61.703529182080075,0.1699306528481941,0.0413103706836948,False,True,False,False,mitotic,9,off_axis,61.97334335843225,18.58
388,9.798087532180965,43.0577538801031,90.7552406767181,25.512681528,1.826231514071749,0.6035307098197866,0.1586341463414634,0.5656307977736549,0.9988854213107444,0.0784549828526971,0.0716468163891997,1.3133146613837456,-62.24542022824842,0.1739319198574719,0.2804552845528456,False,False,False,False,pachytene,9,off_axis,62.25370750826929,18.58
95,3.83882641030274,41.984926986212926,81.48937536731495,51.72909645599999,2.311437178664348,0.6024850353709414,0.1212030075187969,0.6293634496919918,0.9998980216194168,0.1527613287534953,0.1535459949068242,1.4163389742307375,-61.427966855331995,0.1751809367330939,0.1925803088471586,False,False,True,False,TZ,9,off_axis,61.98297595432765,18.58
529,13.188788583166492,43.72047406886856,88.93328572355274,43.39454722199999,2.1799616355804967,0.6039785934374831,0.1432580984680154,0.5645645645645646,0.9942948122595195,0.1342085742288468,0.1231547865411758,1.240889441452115,-61.228955720501155,0.1753136714463533,0.2537497169672826,False,False,False,False,pachytene,10,off_axis,61.23225004279032,18.58
153,5.450639513224725,43.02759582764123,90.03272757978294,56.671650702,2.382826480569541,0.6258537191108904,0.2522954752254115,0.5165394402035624,0.9982371951816668,0.0947109632828731,0.0947617732242068,1.7022780069218588,-62.12928088612339,0.1756079750785633,0.48843409735757,False,False,False,False,pachytene,10,off_axis,62.13001486914959,18.58
503,12.94624306606193,42.72581366111841,77.6506412405435,46.51677774,2.231038190939599,0.5389309127584467,0.2270037199864727,0.5236793175106639,0.9850957012864764,0.1459730503358392,0.0926676380581794,1.2921219498083394,-59.92830443272967,0.1759078005785345,0.4334784903584628,False,False,False,False,pachytene,10,off_axis,61.095775378604145,18.58
568,13.058610811065874,43.9881458460534,80.97052322829225,49.948650954,2.2846081297998166,0.7326351383083642,0.0814778960955147,0.6288424380818549,0.9974495536718926,0.2565092569431832,0.4558837130211197,0.9905895085334104,-59.36127476270217,0.1775660218942307,0.1295680621429511,False,False,True,False,TZ,10,off_axis,59.94991498283932,18.58
304,8.591930107526702,40.79477879838658,80.23600556451663,87.26294159999999,2.75156903327016,0.5628763440860215,0.1876405055702652,0.6214869934198389,0.9978682437078806,0.071417657623555,0.0681473841711798,1.2164595654735786,-62.34095930181082,0.1781750022583626,0.3019218544506316,False,False,False,False,pachytene,10,off_axis,63.097822602596885,18.58
595,13.980334649370056,45.33203034405039,84.9553604812921,37.431579546,2.075151689203986,0.4900043867894967,0.1788092835519676,0.5532071762103711,0.9826216484607746,0.1949515656123853,0.0808672294117431,1.022792459995498,-58.84844048535779,0.1806842726595303,0.3232230007876306,False,False,False,False,pachytene,10,off_axis,58.99858645307058,18.58
170,5.694661563818091,43.03358905215582,76.08279365310153,83.97181506599999,2.716532949788095,0.5625611084727771,0.1065784218634107,0.6645379653873172,1.0,0.1155429242240339,0.1054776491540649,1.4248852066827864,-59.31072987512707,0.1828534240872019,0.1603797336112962,False,False,True,False,TZ,10,off_axis,60.796861350473336,18.58
119,3.6650080728019936,44.87877765301752,87.02679933949936,31.963571028,1.9687424005560143,0.6133127843827976,0.1843653250773993,0.5667109508445626,0.999671052631579,0.109591378985043,0.1054755392072917,1.3322832957938788,-59.71004209917394,0.1838439071447221,0.3253251499775006,False,False,False,False,pachytene,10,off_axis,59.753135825899726,18.58
414,10.42420845011996,45.77260769230792,82.37286982248625,45.193758948,2.2096828848387164,0.5989826637599918,0.2270908363345338,0.5128138752265079,0.9947254530700568,0.138818392097318,0.1085681984382489,1.2403845533999245,-57.89621214193558,0.1856603107082397,0.4428328625746109,False,False,False,False,pachytene,10,off_axis,58.27653883448337,18.58
120,3.948149920255204,44.56352409091053,84.63796136363383,29.41605612,1.914984568739022,0.5787878787878789,0.120253164556962,0.6277925028398333,1.0,0.0382844862720217,0.036362135596463,1.3389668097075318,-59.53716730052779,0.1862583448810127,0.1915492205035806,False,False,True,False,TZ,10,off_axis,59.72021891440232,18.58
379,10.27169713872554,46.02112348930908,74.37559832662194,45.418953636,2.21334699416743,0.5932238405123438,0.1644387863356673,0.5328847130523108,0.9979765277215702,0.039226899132149,0.0282667412593777,1.6335298037199195,-56.04033580657144,0.1895009073766839,0.3085822923944998,False,False,False,False,pachytene,10,off_axis,57.86833295286936,18.58
456,12.503565631708618,47.01348987381369,90.488525755275,44.802014022,2.2032797491907523,0.6218650191109483,0.1710284664830119,0.5544170589864303,0.9971727105101412,0.083727103575202,0.0831056901690898,1.3404504769649692,-58.317148613309584,0.1898297467212061,0.3084834128222558,False,False,False,False,pachytene,10,off_axis,58.33779940098879,18.58
569,13.171183068017903,46.816808737335954,77.47110120748859,51.86984313599999,2.313531631766302,0.6500090448625181,0.1903964849879694,0.57707714174958,0.9979529170931424,0.3636336388985647,0.3825912387162161,1.1545153943577169,-55.885128425967864,0.1906166208527026,0.3299324669328024,False,False,False,False,pachytene,10,off_axis,57.00378924219345,18.58
318,8.038247667825063,47.20422001097396,91.72145303640012,25.648736652,1.829472095665206,0.6440460947503202,0.1356873195647346,0.5580678314491264,0.9996082272282076,0.0627673982534334,0.0782786796522384,1.4348617667073629,-58.378926824345925,0.1919782828490646,0.2431376831242851,False,False,False,False,pachytene,10,off_axis,58.44594778933307,18.58
76,3.6347228701072174,46.64399847334687,79.48849370679919,55.31579101799999,2.363669979242443,0.7422501166193122,0.124585913870085,0.5500164527805199,1.0,0.0371397991723951,0.0656271556202708,1.4761355951854,-56.46115002702318,0.1950594949166899,0.2265130674550932,False,False,False,False,pachytene,11,off_axis,57.22138310236623,18.58
586,13.831961210163607,48.59597516036094,81.60760274761493,46.44405862199999,2.2298749995563654,0.5732107682206172,0.1556754596322941,0.6055621301775148,0.9955151364146008,0.3208574129270008,0.2683446363407694,1.2555762492156273,-54.97653145133921,0.196037724433281,0.2570759495588988,False,False,False,False,pachytene,11,off_axis,55.398843213689055,18.58
423,11.690855079880956,48.56288002728677,85.77250708681692,165.03955696799997,3.402774319968104,0.7547899255216328,0.0885942205082148,0.7309877115696731,0.9847725011674416,0.3554414076321989,0.7907574168212831,0.9995458819055087,-55.84870332456255,0.1965225667147414,0.121197961478687,True,False,False,False,pachytene,11,off_axis,55.916597136186795,18.58
121,4.3534487951805785,48.30035246611461,89.43929811370442,62.30386367999999,2.459284599163178,0.6772590361445783,0.182217134134707,0.561945870275315,0.9996328658491812,0.0755481728576335,0.0916258898185504,1.6185430714541351,-56.845162632897946,0.1968326541576718,0.3242610076401721,False,False,False,False,pachytene,11,off_axis,56.850567232356795,18.58
406,10.417893617021042,49.30786091489333,91.67830034042548,22.0503132,1.7395705675787407,0.6222340425531915,0.1545238095238095,0.5285834976063081,0.9927391086629944,0.0446153842903088,0.0513958958832473,1.409027742461773,-56.30978888171628,0.1987993553679621,0.2923356673516503,False,False,False,False,pachytene,11,off_axis,56.399512607599455,18.58
587,13.475860556895912,49.788045943872206,86.5781210699401,42.79637383199999,2.1698986738459864,0.5516334137250603,0.1804428413986574,0.5506112469437653,0.920734506503443,0.6609487027005339,0.3195261750859051,1.249481450204325,-54.8111327450251,0.199365738467657,0.3277136861991602,False,False,False,False,pachytene,11,off_axis,54.83806845161999,18.58
262,6.925115076612897,47.49588383252263,85.68754182482994,37.201693302,2.0708947776294147,0.6552115518002396,0.1901658767772511,0.555596196049744,0.9966925327566468,0.253542103843107,0.2683989766248751,1.1977275042656177,-56.876654719140795,0.200696652978704,0.3422735399005955,False,False,False,False,pachytene,11,off_axis,56.95853559774185,18.58
190,5.64866231864772,47.59774188739352,75.15320871822365,35.247660227999994,2.033982575043658,0.5859842938905897,0.1502526977188908,0.5794888281626748,0.9993303197723088,0.0344672498796459,0.0411970767462127,1.4117422391785568,-54.652884455269344,0.2011001724112452,0.2592848911259972,False,False,False,False,pachytene,11,off_axis,56.25986755812118,18.58
96,3.567017367228631,48.376484203371625,84.18412236093538,46.59887996999999,2.2323500154616567,0.5806695192549711,0.1631504922644163,0.6073229291716686,0.9986554210976654,0.1720434105864071,0.1509062768637908,1.4636881781930626,-55.71101006094638,0.2013739007151525,0.2686387824792624,False,False,False,False,pachytene,11,off_axis,55.88042435948637,18.58
319,7.81492758393704,49.33260175279767,82.79645510204111,28.505894256,1.895026787900982,0.5088874259381172,0.0978080120937263,0.6387399463806971,0.9880124670342844,0.3453138886612173,0.2070195173827232,1.0249812228004822,-54.494737914060146,0.2030297065675884,0.1531264995213428,False,False,True,False,TZ,11,off_axis,54.77303212673503,18.58
468,11.669593241007178,50.07782189704791,75.09992799843413,53.863754436,2.3428042547376573,0.6823882937026391,0.2272727272727273,0.5065130947483889,0.99826056705514,0.2151401082112381,0.225204549603971,1.32970106652194,-52.21299647548388,0.2065467101482856,0.4487005955603682,False,False,False,False,pachytene,11,off_axis,53.78358588920243,18.58
271,8.026840260390465,51.42023983976048,74.06260815223001,70.26777999,2.5598972934591155,0.6072775830412285,0.2275264298378094,0.5316218973138388,0.9989390353382844,0.0904292082217431,0.0702349307247088,1.5881317107528352,-50.688997048311755,0.2124385143234345,0.4279854366184827,False,False,False,False,pachytene,12,off_axis,52.49419911089256,18.58
478,12.800567800547965,52.760793810973375,89.61203363702172,90.889514388,2.7891704661237062,0.4993547721055077,0.1381730940110183,0.673677698731828,0.9979976896418944,0.0793412799620523,0.0418299596806829,1.2030363063853886,-52.51115609297731,0.212633216620427,0.2051026689337108,False,False,False,False,pachytene,12,off_axis,52.54381956983478,18.58
72,3.0457936416848344,52.23456416274548,86.53287460690892,40.87752742799999,2.1369712027617043,0.5647882474463446,0.1440180586907449,0.6259229957805907,0.9997127674852794,0.1600845825111292,0.1252697377690799,1.448864960680904,-52.40573719958801,0.2128247341691821,0.2300890998758393,False,False,False,False,pachytene,12,off_axis,52.42111388987885,18.58
336,8.576999322263848,50.99510191036985,87.53571825228755,55.37912702399999,2.3645717610091688,0.6638851236868858,0.1532387151851456,0.6510396975425331,0.9996088555112258,0.2278696953846337,0.2649809956510218,1.0644932115058914,-53.82194407071251,0.2134713876229154,0.235375378434791,False,False,False,False,pachytene,12,off_axis,53.82462555007174,18.58
370,9.514974093263987,53.39700637305589,92.1882146113998,27.16410924,1.8648144238008544,0.6648531951640759,0.1826032013479359,0.5127544447307395,0.9989228007181328,0.1002400011349018,0.1013838747632579,1.5548714251772833,-52.407436987946674,0.215324459239628,0.3561221228298188,False,False,False,False,pachytene,12,off_axis,52.60061976106362,18.58
570,13.648600405679936,53.18618272210834,78.5395026937119,57.8234277,2.3988609477643297,0.6881541582150101,0.1775970899753931,0.4866657994015871,0.9957206297941058,0.0708811482795073,0.0746343323984918,1.2665302909497498,-49.86198439455904,0.2159844828701228,0.3649261776639527,False,False,False,False,pachytene,12,off_axis,50.65126878513021,18.58
164,5.0135683502009165,52.923274766354425,91.2473728487701,48.442661478,2.261412536576098,0.7147837877100383,0.1913783635365183,0.5066213921901528,0.9999109448748776,0.0577014127630426,0.0958312873888599,1.681172645218203,-52.681740355358386,0.216448635114348,0.3777542095275111,False,False,False,False,pachytene,12,off_axis,52.79701199883003,18.58
330,8.748531396619102,52.65557972234692,82.57951218587316,36.497959902,2.057753394616351,0.5452792595925188,0.1663720985035937,0.5930742049469965,0.9989536100453436,0.1697434847354504,0.132107497589973,1.150434545321769,-51.19626437339075,0.2165772182986571,0.280524927767618,False,False,False,False,pachytene,12,off_axis,51.445403715614454,18.58
136,4.013316122019267,51.16599249269756,76.08102591888142,34.527506382,2.020034879147962,0.6191996738908894,0.1304685076016134,0.5967885816235504,0.998634708737864,0.1156461957983834,0.1195135304457695,1.5694184814128287,-51.3449899328827,0.2168995585496546,0.2186176338137648,False,False,False,False,pachytene,12,off_axis,52.66610949229968,18.58
247,6.365453237409813,51.65624056834603,85.53124174100645,32.6063142,1.9818511512517984,0.5125899280575539,0.1151887162073919,0.6596309963099631,0.9907786885245902,0.3003865576200358,0.1838791293874611,1.0541918155703611,-52.77022737085579,0.2171518889772272,0.1746259906701902,False,False,True,False,TZ,12,off_axis,52.8232984785666,18.58
571,12.670542085899545,53.98393775985044,84.5089559239392,105.846194916,2.9344646372346466,0.6805992642170117,0.2235750457924792,0.5950596724951429,0.9961348684210526,0.3687073159012778,0.4570675699123186,1.1562204188001428,-50.284215214035044,0.2179614065621633,0.3757186986895068,False,False,False,False,pachytene,12,off_axis,50.36772634518722,18.58
97,4.235075253536528,52.23959387636501,82.58205545507411,36.314989218,2.054309006006446,0.7182352561204057,0.1584024696121937,0.5314076111875287,0.9976854403174252,0.1435593997502933,0.2212686580085094,1.4238628733698533,-51.60421966629953,0.2179639458328281,0.2980809199518503,False,False,False,False,pachytene,12,off_axis,51.859399106541076,18.58
77,3.3640673083219315,52.77700872127234,79.68854826163835,35.827067394,2.0450670453336803,0.6472860603679695,0.2108116026955757,0.5064043066641916,0.9990257480862909,0.2228337680933489,0.2264295656597942,1.5846844397858069,-50.494433358381805,0.2191200110439412,0.4162910937393939,False,False,False,False,pachytene,12,off_axis,51.10313258661878,18.58
263,6.930806762736897,51.79299114376539,78.88602475887838,41.346683028,2.1451155369828045,0.578350164529672,0.1272898074213245,0.6245963401506996,0.9997275575534668,0.196451180300041,0.1619941700731472,1.3344935134398996,-51.296431326915155,0.2191238922220487,0.2037953142514615,False,False,False,False,pachytene,12,off_axis,52.05399801666618,18.58
98,3.203923107100837,52.72310819929386,81.11725233425,5.979388122,1.1259593500836844,0.6516280894468419,0.1800554016620498,0.2274774774774774,0.9984114376489276,0.2971326730400459,0.3596435448927383,1.539895937920354,-50.83529195846412,0.2197703160198323,0.7915306766133674,False,False,False,False,pachytene,12,off_axis,51.24606299508843,18.58
424,11.654339652199996,55.09559320852206,74.45463389864041,59.89240389599999,2.42713748976888,0.6265862447125177,0.1765417170495767,0.5388084749318229,0.9989124524197932,0.0477176178923325,0.0463870428423628,1.3981740573562036,-47.16816946524356,0.22636439937294,0.3276520791027185,False,False,False,False,pachytene,12,off_axis,48.802252607169095,18.58
264,6.89436847522438,54.5228714380232,88.38168566387304,31.907272356,1.967585847256769,0.6096162329069255,0.1988533494266747,0.5638418079096045,0.9989672977624784,0.0960464158289209,0.0905367734281995,1.1883226376904124,-50.53719612941635,0.2291363932955952,0.352675780045305,False,False,False,False,pachytene,13,off_axis,50.54714081952069,18.58
348,9.615934725221724,55.16898682505371,86.63546042716642,29.324570778,1.9129972759094205,0.6651467882569395,0.0416666666666666,0.6476349737219302,1.0,0.1177102959533153,0.152974399393916,1.3370182220521794,-49.552264543102226,0.2306854166325509,0.0643366531415221,False,True,False,False,mitotic,13,off_axis,49.555629218211706,18.58
80,4.28755231376295,56.6852080772446,85.59213631172743,78.47096565599999,2.655869893691048,0.7996532344852325,0.1885216127860516,0.5843031930766935,0.9997036535286398,0.1988087312191642,0.4810105347612604,1.3286356006962332,-47.85682068482931,0.2312960845874562,0.3226434752022773,False,False,False,False,pachytene,13,off_axis,47.874302279509266,18.58
78,3.719275605920827,56.13019353684473,89.40635065336464,43.263183654,2.1777596923495075,0.6612807027056335,0.2136203423967774,0.5173683368016648,0.9996602491506228,0.0481788318681729,0.04376015987064,1.6766260719349215,-49.169484491148765,0.2317953946295048,0.4128979823492167,False,False,False,False,pachytene,13,off_axis,49.224674805965286,18.58
217,6.5407727272732,56.121321519885534,82.78871662500187,82.57138559999999,2.70134666540584,0.677159090909091,0.039066463723998,0.7225448785638859,1.0,0.1475699628221183,0.2332550212303955,1.3264060175417998,-47.84388176668949,0.2326947368383683,0.0540678716063224,False,True,False,False,mitotic,13,off_axis,48.023806678890075,18.58
469,11.26029693826786,57.57137064005182,91.01732951623114,33.021516905999995,1.9902278693276307,0.6316686794061235,0.0414124607136254,0.6916104146576664,1.0,0.1360372951092238,0.1494708159150785,1.3973804336479738,-48.08272223581169,0.2331711754272067,0.0598783069715973,False,True,False,False,mitotic,13,off_axis,48.26570279239336,18.58
299,7.63440218742219,55.412988516032605,77.82713797539077,37.748259576,2.080987354598805,0.7700720855083272,0.0566037735849056,0.6464864864864864,1.0,0.0783207515575489,0.1573450594594814,1.2149522419067,-47.53727997657401,0.2339895545239321,0.087556004291033,False,False,True,False,TZ,13,off_axis,48.41094525094114,18.58
79,3.632354148343466,56.59813880387139,79.4093128759895,40.00724379,2.121696896490036,0.6856640281442392,0.0272182906913446,0.7332587203879873,1.0,0.0700565917809153,0.1104260993519486,1.541549467828894,-46.69547871287956,0.2341648933731276,0.0371196276764941,False,True,False,False,mitotic,13,off_axis,47.273048896310144,18.58
543,13.36103972176571,58.00559101592575,87.73007726524072,64.07492606999999,2.4823699281304203,0.5249496613582281,0.1535551206784083,0.6172934648581998,0.9976027024081944,0.1149118818187344,0.078200893300242,1.2054270887324614,-46.994621466398186,0.2345709888253055,0.2487554614136113,False,False,False,False,pachytene,13,off_axis,47.006723946970155,18.58
248,7.0763845480687815,57.74565748218593,91.49168159144712,37.527756444,2.076927471070227,0.6569571196399551,0.0588235294117647,0.6650874635568513,1.0,0.121292118504652,0.1475639740898297,1.6422163241934262,-48.00765692677414,0.2350443379049178,0.0884448025785656,False,False,True,False,TZ,13,off_axis,48.23703419084063,18.58
145,5.992980874009107,56.90376749520732,73.99951032577928,124.856379828,3.100564067987949,0.5968323751549994,0.0558757534427383,0.7121021482827719,0.999880606518884,0.0266576394446381,0.0274536563399326,1.4357795958803574,-45.30536558980651,0.2353499623179564,0.078465924555181,False,False,True,False,TZ,13,off_axis,47.02595152032591,18.58
580,13.506032028470084,58.58698548042699,79.09941979537155,26.36654472,1.8463819119953813,0.6362099644128114,0.0187185025197984,0.6991929567131328,1.0,0.1362704613915632,0.1468234093226764,1.1716123211324714,-44.68499538490434,0.2372613515803382,0.0267715833520307,False,True,False,False,mitotic,13,off_axis,45.27245862211422,18.58
552,13.097722138554037,58.65936367658083,75.98704766566361,24.921545472,1.8120163854876687,0.6166227409638554,0.0325415676959619,0.6908912349619445,1.0,0.126116345198568,0.1303123415751923,1.1839739255171058,-43.98656595439172,0.239739202885769,0.0471008547354843,False,True,False,False,mitotic,13,off_axis,45.177192094553476,18.58
588,13.913166742390247,61.04216082689583,83.5739930486142,25.81528689,1.8334234515594616,0.6022716946842344,0.0188298587760591,0.6856294265478639,0.9953334629593622,0.2166319207604916,0.1996191011671274,1.196242569002924,-43.182437402865126,0.2462731423933043,0.0274636094177976,False,True,False,False,mitotic,14,off_axis,43.24862924813658,18.58
440,11.406159281161576,60.93284372167863,73.57613887566244,30.544375338,1.9391625391318383,0.6523308501651179,0.0339308578745198,0.68389662027833,1.0,0.1432471895546548,0.1799432894199756,1.2532947853248395,-41.27367381497981,0.2495081398562293,0.0496140160200101,False,True,False,False,mitotic,14,off_axis,43.04083085062522,18.58
81,3.633075999313672,60.99092213072375,83.01672183908055,41.020619886,2.1394617998565,0.7501572596786183,0.0483554781093443,0.6555275806820783,1.0,0.1156401361506683,0.2425150243789345,1.5969442503990003,-43.12026295590452,0.2511159441751026,0.0737657415711332,False,False,True,False,TZ,14,off_axis,43.22092004630377,18.58
544,12.837387704086002,61.94523112256866,90.48182849777228,30.028304178,1.9281792240307432,0.6379189125849543,0.0413650465356774,0.6735706580366775,1.0,0.1192180998715895,0.138657399107404,1.246587292719878,-43.690718911908284,0.251504712530272,0.0614115921501809,False,False,False,False,pachytene,14,off_axis,43.927641641824714,18.58
415,10.732522269878496,61.21983096750172,84.67573599471876,56.88042494399999,2.3857489479690126,0.5269712966017817,0.1572992432591287,0.6480383609415867,0.9970203988081596,0.1138105603195315,0.0762013759088004,1.2515920492910435,-43.230557108845595,0.25476253168392,0.2427313763194142,False,False,False,False,pachytene,14,off_axis,43.249411736349245,18.58
545,13.646618964739602,63.45309775672114,79.02096619609203,36.390054114,2.055723484951302,0.6792367691613486,0.0279351435827309,0.6471061093247589,1.0,0.1635098486107804,0.2267154368782575,1.281993266218291,-39.903002949470434,0.2563334276156473,0.0431693398967917,False,False,False,False,pachytene,14,off_axis,40.40750419515933,18.58
82,3.181275279562274,62.10596588151462,77.64327962169777,19.718609868,1.675955803736318,0.7464906019509874,0.0152495378927911,0.6438291881745659,1.0,0.0899397506706287,0.1632705310116801,1.5397098339766768,-40.94468942179319,0.2568910339587366,0.0236856889573891,False,False,False,False,pachytene,14,off_axis,41.71628427447416,18.58
63,3.131133177570172,63.14639623247771,88.00560321991861,32.127775488,1.9721079431050892,0.7005695093457944,0.0113307618129219,0.7029992684711046,1.0,0.1109475853082473,0.1690322829325465,1.465534777604032,-42.01494939334407,0.2586911932245709,0.0161177433904935,False,False,False,False,pachytene,14,off_axis,42.081909323595575,18.58
320,8.486558385134531,63.71054968919322,91.5387490074186,35.095184657999994,2.0310454446302137,0.7025599893055277,0.0483319076133447,0.662247191011236,1.0,0.1213537762610064,0.1833917046770502,1.437068354993118,-42.17475924969438,0.2590549472063671,0.0729816725074258,False,False,True,False,TZ,14,off_axis,42.5920303854216,18.58
146,4.642226487523835,63.26874359309172,90.41509271401009,30.55375845,1.939361086504576,0.6895969289827255,0.0271896053897978,0.6737571110561464,1.0,0.1003518782528574,0.1436569105951597,1.592793184713683,-42.38093246614582,0.2590606677459049,0.0403552035943292,False,False,False,False,pachytene,14,off_axis,42.64714374684923,18.58
558,13.609780159553642,64.28990324584329,87.76737589367374,77.040041076,2.639627426276939,0.5753608184641618,0.1615463235736187,0.6003155026530905,0.9973001349932504,0.0784135482643168,0.0623501332289,1.1998605972958631,-40.846894232438665,0.2592077494016093,0.269102368437373,False,False,False,False,pachytene,14,off_axis,40.9156050322284,18.58
485,12.3509614707329,63.62594867929957,75.85838676480992,33.303010265999994,1.9958671368965053,0.6819046277382546,0.0544388609715242,0.6184676705048716,0.9997404619776796,0.1142591542209186,0.1501071954656977,1.2014325585702812,-39.09604112085978,0.2594195627443654,0.0880221611698545,False,False,True,False,TZ,14,off_axis,40.21677038137996,18.58
589,13.891214953270916,64.61838427570085,85.44247528037212,10.03992984,1.3382811356478002,0.5593457943925233,0.0,0.54135737009544,0.9976608187134502,0.3532888583579083,0.3002983591258408,1.1084982774981007,-40.056397082604036,0.2620595244274963,0.0,False,False,False,False,pachytene,14,off_axis,40.05671385220655,18.58
312,8.352184615384411,63.8582785846165,72.86224061538377,45.742671,2.2185929928579697,0.6790769230769231,0.13503800967519,0.6203259827420902,0.9991457858769932,0.1458005933924829,0.1968918813140302,1.3727938588313486,-38.26437927816136,0.2644600810018006,0.2176887853032816,False,False,False,False,pachytene,15,off_axis,40.19753960315529,18.58
441,11.665261977247589,65.66004625861147,73.08605804358184,29.280000996,1.9120276100661373,0.6425252363403301,0.047801963294921,0.6373823397579561,0.9993491701919948,0.1023699206043351,0.1031107100307355,1.3273358249063776,-36.544743156802745,0.2681525393907012,0.0749973137207938,False,False,True,False,TZ,15,off_axis,38.382143853683026,18.58
572,13.678142931663842,67.01711985244741,82.59704211938335,31.477994981999995,1.9587220732236816,0.6261271331693867,0.0158885837583365,0.6665337851305561,1.0,0.1712373411502477,0.1985067202661048,1.312713943316471,-37.133210088700494,0.2700070537770493,0.0238376270082459,False,False,False,False,pachytene,15,off_axis,37.19505625686202,18.58
416,10.29994416527051,64.92993921691765,80.37523653685108,33.610307184,2.001987174145199,0.717964824120603,0.0262650602409638,0.7094778520168276,1.0,0.1228512759621132,0.2068596957490712,1.33085348458204,-38.72954947287113,0.2705479930350333,0.0370202680271137,False,False,False,False,pachytene,15,off_axis,39.018656435685436,18.58
197,6.0451013996002105,64.24251236789544,80.10731265352887,49.275412668,2.2742972187241164,0.7585927830143768,0.0259316173645793,0.6442516268980477,1.0,0.0947961856526888,0.2233965744066529,1.377413586676978,-39.34883759338417,0.2706453204588385,0.0402507596130339,False,False,False,False,pachytene,15,off_axis,39.683396375331675,18.58
431,11.076226205363133,66.82351519382948,90.60498834931067,33.765128532,2.005056427580186,0.6843129081561762,0.0288523188715537,0.6883802816901409,1.0,0.1176062034334773,0.1634429234419018,1.3925728505080657,-38.937455340539316,0.2718269512187569,0.0419133430154539,False,False,False,False,pachytene,15,off_axis,39.34673558113017,18.58
83,2.97514169500554,65.68809871974281,80.13061178235745,35.179632666,2.0326732116620634,0.7191438287657532,0.0385756676557863,0.6415004748338081,1.0,0.0507509782657845,0.0969961512061313,1.5514064587609409,-37.937637822397605,0.2728648144425551,0.0601334982110185,False,False,False,False,pachytene,15,off_axis,38.243585977658064,18.58
553,13.180205259781951,67.2134183130209,76.87682099422668,36.57067901999999,2.059119121557341,0.7082103912764592,0.0370448772226926,0.6687183996482744,1.0,0.2845544773796218,0.4388843553385019,1.1993426353750376,-35.78759310618167,0.2733879340549572,0.0553968265897531,False,False,False,False,pachytene,15,off_axis,36.60809788906495,18.58
254,6.9764634791147815,67.38255193745759,91.05516988443117,31.055754942,1.949924640147485,0.683435304781328,0.0479327578373466,0.6726318301121451,1.0,0.1408733940226909,0.1940515723564284,1.5056211864313314,-38.480668534296356,0.2747227789331973,0.0712615069515146,False,False,True,False,TZ,15,off_axis,38.97917842180919,18.58
99,2.428941186898941,66.47270452067376,85.3233507778207,52.92778901399999,2.329154947392765,0.8089349820502593,0.0030064754856614,0.694270470888425,0.9997020439783088,0.1554848460468285,0.4594569874421623,1.1802507035386811,-38.21614140080419,0.2748855852794005,0.0043304095618732,False,False,False,False,pachytene,15,off_axis,38.21841101437978,18.58
313,8.121998590335838,66.29464614300097,75.83859530503655,59.906478564,2.42732760001402,0.7097658391416712,0.1606839542520666,0.502563410685375,0.9979625991413812,0.136510612386136,0.1995403955704399,1.205863341885623,-36.47816176701919,0.2756842604080052,0.3197287164876021,False,False,False,False,pachytene,15,off_axis,37.550405229908755,18.58
147,4.511766428242635,64.7057595934245,73.71327358514395,56.080514646,2.3745125012681148,0.6790479775797884,0.1503709445244159,0.6154046657109344,0.9995362498067708,0.0827841583702686,0.1367766680271056,1.657175411769657,-37.60589455680794,0.2760710633464922,0.2443448236628215,False,False,False,False,pachytene,15,off_axis,39.27022915904279,18.58
84,3.440403538415731,68.31987253752177,88.66948128913741,47.201744916,2.2419356766098177,0.6710565550144121,0.2300802605560079,0.5375434355642846,0.999803362501229,0.0541428105325388,0.0700162766902597,1.638722218305927,-37.08157942048458,0.2791589129205991,0.4280217101237258,False,False,False,False,pachytene,15,off_axis,37.303870593656775,18.58
85,3.429944659237382,67.77628448942477,76.62842813281804,30.943157598,1.9475652039595093,0.6757637783337124,0.0248518011855904,0.6862286649520692,0.9998646087191984,0.1087237728615181,0.1545343223668259,1.493729341203894,-35.186204177551936,0.2794768975304652,0.0362150438401262,False,False,False,False,pachytene,15,off_axis,36.04840708885732,18.58
208,5.9511588192243625,67.87217012686067,86.24034816418526,38.461376088,2.0940099280918174,0.5792266406440596,0.1987224157955865,0.5693578779533266,0.9993955877908732,0.1455306578312535,0.1185180804619816,1.4203186700463624,-37.03030870807113,0.2813304399848611,0.3490290088018716,False,False,False,False,pachytene,16,off_axis,37.064722588393565,18.58
530,13.160593420431711,70.27056495356602,86.89820762238183,59.61091053599999,2.423329014204982,0.6510310089721392,0.081797473597018,0.672192151556157,0.9998498836598364,0.061062386862018,0.0789314185172172,1.2877913821222189,-34.81381323042245,0.2829467458306492,0.1216876356078436,False,False,True,False,TZ,16,off_axis,34.92028005141525,18.58
470,11.990500851788893,69.72644029983061,73.10322322998293,34.42429215,2.0180200174594987,0.7062350936967632,0.021117166212534,0.6599396891672465,1.0,0.1238258027477507,0.1969935380635694,1.4430741148368949,-32.56532398787587,0.2841325212510681,0.0319986304190629,False,False,False,False,pachytene,16,off_axis,34.34001206272015,18.58
425,10.575291484003907,69.53039304635885,77.49995376830503,50.298171876,2.289924676293301,0.7447999253800952,0.1129842762198086,0.6410818713450293,0.997875924705193,0.2327254061999972,0.3905188281090656,1.2292487278624478,-33.64384371884474,0.28441322793806,0.1762400112527916,False,False,True,False,TZ,16,off_axis,34.29083285986138,18.58
341,9.051969763046944,68.72984223724542,71.51467464020875,32.273213723999994,1.9750792888493824,0.6001599069632214,0.0523686477174849,0.6900563533902927,0.9963739555415418,0.1155650824266503,0.1036774074576191,1.4382752152345897,-33.221160326825455,0.2844485779078396,0.0758903928066082,False,False,True,False,TZ,16,off_axis,35.54934461799382,18.58
349,9.286832996827654,70.92797219498128,90.05971228727859,32.531249304,1.9803291376733805,0.6563311220074992,0.0243602865916069,0.6972303818715905,0.9994679436020218,0.1748735655191712,0.2143273748215349,1.4734131692623,-34.80735169031098,0.2880844962047011,0.0349386475761657,False,False,False,False,pachytene,16,off_axis,35.312895647227265,18.58
479,12.29508984019184,71.61005479837597,88.97239119814591,28.329960906,1.8911201494856311,0.6253208578289311,0.0306341045415595,0.6788950276243094,0.9985059760956176,0.1641237028251137,0.1734096703935513,1.26414010956971,-33.92004431797419,0.2887211294212458,0.0451234775555198,False,False,False,False,pachytene,16,off_axis,34.29044205882804,18.58
100,4.042137771296125,70.07163758685866,74.85196725572717,54.689468292,2.354715073533056,0.7248005490263361,0.1303876389265383,0.5637468827930174,0.9998530276308054,0.0448984722937521,0.0710757341764171,1.5534775762787496,-32.579809923141504,0.2910967562816323,0.2312875563595992,False,False,False,False,pachytene,16,off_axis,33.83064119983234,18.58
590,13.831088335773206,71.45139629087238,79.38319526598178,28.838994732,1.9023795530627767,0.615828859606312,0.0,0.7086597501587973,0.9993319973279892,0.1454882234979613,0.1503617597028494,1.2581540177015058,-32.142005242365016,0.2914679342719404,0.0,False,False,False,False,pachytene,16,off_axis,32.441474746728694,18.58
209,5.933379975124083,70.33337406716454,71.59972805503638,30.176088192,1.9313372209154955,0.6608364427860697,0.1375765961652501,0.5856062342424937,0.9998467667790376,0.0555526161440041,0.0716151945148153,1.5310270886506778,-31.667710216887475,0.2919843674197785,0.2349302109859045,False,False,False,False,pachytene,16,off_axis,33.95333956567592,18.58
101,3.819578386237339,70.24766341514108,82.24570191422475,67.767180642,2.5291636780109505,0.7327356433244487,0.0184337655733536,0.6960238311099598,1.0,0.0682476317735204,0.1423199644307795,1.6692772906514104,-33.89817447693172,0.29282970837591,0.0264843885358882,False,False,False,False,pachytene,16,off_axis,33.94790240259306,18.58
581,14.002027847196912,73.78333233845116,82.3120752659772,32.85262089,1.9868289109685355,0.5224562656194216,0.0193548387096774,0.7188995215311005,0.9992558139534884,0.1421568999624618,0.098745920891292,1.202660383414735,-30.448502300178838,0.29656563376602,0.0269228704846761,False,False,False,False,pachytene,16,off_axis,30.466909528700636,18.58
210,6.003580677851731,72.77591105168297,89.51138286229069,41.66570883599999,2.150618554890459,0.6412566152460308,0.0226993865030674,0.7071563088512242,0.9991422751152568,0.1451547021450739,0.1755952341160714,1.5349140997004027,-32.886807113121165,0.2970262301634153,0.0320995319124602,False,False,False,False,pachytene,16,off_axis,33.39250632934998,18.58
546,12.113619631902525,74.71106371090976,87.21960837648109,78.38417186999999,2.6548903464968,0.7778243303905432,0.1498912172220313,0.6041217672413793,0.9996574609291372,0.3033789815778062,0.7370098280970802,1.0516949869300374,-30.52931460376911,0.3008624127359642,0.2481142467461228,False,False,False,False,pachytene,17,off_axis,30.781852311594815,18.58
554,13.485405133366624,74.3118863361867,79.56075729743202,27.966365316,1.8829948795457048,0.5960409327294078,0.0141248720573182,0.717607973421927,0.9982260067411745,0.152377052921916,0.1374995393623203,1.2513845740776002,-29.37606402086109,0.3027760471550272,0.0196832707835777,False,False,False,False,pachytene,17,off_axis,29.601601846318292,18.58
123,4.01276718326904,74.36216683182771,78.24265373048244,40.715668746,2.1341469543600504,0.7424670161894337,0.0875688916105327,0.6078299776286353,1.0,0.080442064912668,0.1546774242389768,1.7163847501600575,-29.061051129211243,0.3061368303822628,0.1440680697457053,False,False,True,False,TZ,17,off_axis,29.475927613748656,18.58
148,4.293421944934309,73.63099313034083,72.9337044690083,34.590842388,2.021269284256386,0.6505493015054931,0.0668236146323796,0.6838734717640209,0.999617737003058,0.1026395400895932,0.1294971037244304,1.6431850745016965,-28.706781710751834,0.3068061430859304,0.0977134183316266,False,False,True,False,TZ,17,off_axis,30.49037289448438,18.58
442,12.50622103074196,75.29404396311848,74.60776499135558,93.627037314,2.8168965024854327,0.6688297046075213,0.0504992457438402,0.697911938266001,0.9995027574360366,0.1213910036339179,0.1979975447803411,1.420390574529067,-27.41542143091596,0.3068145012003159,0.072357618454426,False,False,True,False,TZ,17,off_axis,28.64440250482302,18.58
122,4.465621425848087,75.62231234273868,87.8283736704177,98.447611104,2.864434247896384,0.658763820053374,0.0325609673714787,0.7150338663501152,0.9997844641779464,0.1154646575471748,0.1688395854630976,1.668152415757638,-29.759524230288473,0.3082320334378094,0.0455376575905221,False,False,False,False,pachytene,17,off_axis,30.130706075714308,18.58
350,10.027447005420468,74.89499362743219,70.21453977347898,53.228048598,2.3335510802303325,0.6641399673879511,0.0333587011669203,0.7117176223592704,0.999601593625498,0.1161362875490941,0.1578259304185035,1.357704553674999,-26.920484188850722,0.3085679602419902,0.0468706971963679,False,False,False,False,pachytene,17,off_axis,29.758905514718208,18.58
512,12.826677077233532,76.41245354284642,83.97174985360185,36.052262082,2.04934292484848,0.5647081788014835,0.186032364034554,0.5816143497757847,0.9958219508275752,0.2749492581048424,0.2346220505027544,1.2449439120272574,-28.2080118100594,0.3095860532572221,0.3198551825729032,False,False,False,False,pachytene,17,off_axis,28.229326309420067,18.58
342,10.20256811775706,76.5131642342625,89.49006466228086,67.41062238599999,2.5247201286742995,0.6494066882416397,0.1322883472569115,0.6462531017369727,0.99986546481905,0.085901328860576,0.1055247730602971,1.4422959935906747,-29.22200976173534,0.3097019136663877,0.2047005219802463,False,False,False,False,pachytene,17,off_axis,29.94099643710542,18.58
513,10.958717842480098,76.8989393875474,85.83337732494287,62.27806012199999,2.4589450426112616,0.7952465252928547,0.1087063453025085,0.5653053715967623,0.999897066392177,0.3003073930287715,0.8157684380095088,1.1481912620626205,-28.106871243930314,0.310622824126636,0.1922966785110434,False,False,True,False,TZ,17,off_axis,28.26846548696419,18.58
171,5.109702113496512,75.09273102845944,70.5246572141789,28.191560004,1.8880355457347,0.6940422699284406,0.0643765903307888,0.6339407125373946,0.9998540359071668,0.1221713077398327,0.1848929042587635,1.66301516745891,-26.78933583099886,0.3113679724833718,0.1015498595651267,False,False,True,False,TZ,17,off_axis,29.49491126833859,18.58
389,9.720153994225248,74.95419025986692,82.19505112608371,24.37263342,1.7986139151701994,0.7165543792107796,0.1203703703703703,0.5154499151103565,0.9996654399464704,0.1002277710993718,0.1479146543786146,1.2913053650181767,-29.2780957663264,0.3139605057320749,0.2335248621480505,False,False,False,False,pachytene,17,off_axis,29.293099984181087,18.58
407,9.71919681831404,75.7938427199547,80.6940684159485,24.182625402,1.7939277436207044,0.7078281113590067,0.036468330134357,0.6593625498007968,0.9992213050926648,0.5064508264215484,0.8455080074581892,1.1771389372188492,-28.153049362646883,0.3154504513954347,0.0553084644333753,False,False,False,False,pachytene,18,off_axis,28.24188776645155,18.58
390,10.298596147567288,78.07028075416173,82.23944182174316,43.110708084,2.175198268807438,0.7184133202742409,0.0700808625336927,0.65256038647343,0.9989296226919988,0.0943404140789978,0.1455092460743758,1.4183121878134632,-26.234952598115857,0.3187589082178076,0.1073936818513058,False,False,True,False,TZ,18,off_axis,26.2362978767545,18.58
394,10.28822292323894,78.9920289957925,88.43652542061037,26.770018536,1.855752357175869,0.6892744479495267,0.0252886201209455,0.6280315848843767,0.9997033521210325,0.1685812296771899,0.2614964373955658,1.2989171537824538,-26.581633122854193,0.3197056895720829,0.0402664781988652,False,False,False,False,pachytene,18,off_axis,27.248174566480213,18.58
86,3.309216867469744,77.36969615060231,82.88041769277113,38.9399148,2.1026587553007383,0.7216265060240964,0.0456422965716646,0.7130491235663277,1.0,0.1220072940984473,0.2131099745959057,1.66816625163029,-27.050386815489865,0.3209101267010376,0.0640100310948899,False,False,False,False,pachytene,18,off_axis,27.05128851895883,18.58
237,7.002333648691168,77.16585896404905,84.75345908230632,29.753848152,1.922286773110924,0.7251655629139073,0.0415177343964806,0.6480206540447504,1.0,0.0514670671236461,0.0910553033791362,1.3586938746232702,-27.627693065265873,0.3226853821071341,0.0640685356822184,False,False,False,False,pachytene,18,off_axis,27.70102902945654,18.58
531,13.009649610678524,80.10016776974453,78.98807494438054,33.741670752,2.00459199310893,0.6668520578420467,0.0578057412504915,0.6469115191986644,0.999868073878628,0.1428695250829654,0.1922355132607037,1.2888977306555465,-23.59119178097783,0.3256368303059397,0.0893564877652759,False,False,True,False,TZ,18,off_axis,23.786382481144535,18.58
486,12.301765812707774,81.02769617889864,86.66640488493292,32.413960403999994,1.977946297212454,0.6160804747430888,0.0494535029564594,0.6706880301602262,0.999711566195558,0.1416802135173041,0.1666534753969964,1.2823287125854754,-24.230869844326023,0.3257117131515948,0.0737354786914045,False,False,True,False,TZ,18,off_axis,24.67615664606575,18.58
238,8.190306765653526,78.45064062994003,73.77788777940269,117.22556399399998,3.036066225265507,0.650231124807396,0.0698206588260337,0.6793294810915956,1.0,0.0633363636078321,0.0911475066052183,1.4566711275363953,-24.15632812756137,0.3280109537322282,0.102778785213091,False,False,True,False,TZ,18,off_axis,25.600464627463754,18.58
87,3.222233496099815,79.14408647980007,75.3378315048532,36.99057328199999,2.0669698934141465,0.723634980024098,0.0345591493132476,0.6636071592473611,1.0,0.0722680184820497,0.1369076274322595,1.6815017208727094,-23.791650479278168,0.3282716322465145,0.0520777222362148,False,False,False,False,pachytene,18,off_axis,24.746832583799605,18.58
305,8.092185570647242,79.1440505556517,68.29432578056199,26.596430964,1.8517325075045183,0.6284177103545598,0.1074152542372881,0.5748872537384286,0.9996067636649626,0.0818815587484169,0.1044539844483737,1.9693053494683632,-22.371525976521436,0.3283439011971671,0.186845774608462,False,False,True,False,TZ,18,off_axis,26.23722027515842,18.58
471,11.51112393594016,80.14114060020269,69.87335994805998,32.517174636,1.9800434995419596,0.6382917327946905,0.0366954851104707,0.7092142002393299,0.999722106433236,0.0486981759176824,0.0472742834722906,1.1961054514473832,-21.713289396981263,0.329966095829511,0.0517410467783746,False,False,False,False,pachytene,18,off_axis,24.789406401265428,18.58
504,12.538959764475,82.08247242394513,85.44710578998962,4.780695563999999,1.0450429980528453,0.576054955839058,0.0248306997742663,0.3356481481481481,0.9746707193515703,0.3858303385006342,0.3821997557059676,1.321804794846594,-22.951912751256494,0.3319043373732761,0.0739783607067796,False,False,True,False,TZ,18,off_axis,23.245860210265956,18.58
443,11.827361052440796,81.8525825206699,75.5545267636224,77.743774476,2.647640429792739,0.6990223885100477,0.079542308757036,0.6610526315789473,0.9999486046153055,0.1574888372216712,0.2473596536815086,1.348654301262041,-21.182471980882465,0.3329079211611961,0.120326740954115,False,False,True,False,TZ,19,off_axis,22.029707722698905,18.58
559,13.248321297352406,82.20964087799382,82.30060437096202,37.030451508,2.0677124023147133,0.7270999619916382,0.0323450134770889,0.6659702878365831,1.0,0.1108916944119258,0.192158626227992,1.2059817361416991,-22.19293694217607,0.3332772836802408,0.0485682530705121,False,False,False,False,pachytene,19,off_axis,22.201843937919506,18.58
124,4.924620601949988,81.7035790313726,85.47917687791326,110.67380604,2.978416382780809,0.6561254768969902,0.1130063965884861,0.6681459566074951,0.9999207355738744,0.0629533269896644,0.0854503730478218,1.7301572287833815,-23.329490980452476,0.3338325789134203,0.1691342968866788,False,False,True,False,TZ,19,off_axis,23.61176322725088,18.58
88,3.4255556428179115,80.60907724024219,70.61990132726042,29.868791274,1.9247589432816408,0.6271891934343832,0.0609297725024727,0.6368232567937645,1.0,0.0844822221464662,0.0925251117699792,2.085738627339001,-21.405485812399927,0.3339644399426569,0.0956776811343824,False,False,True,False,TZ,19,off_axis,24.12833056545535,18.58
102,3.647734247250153,81.8927032323139,80.12490702237814,104.72256725399998,2.9240439117432904,0.8040230271263131,0.1311817279046673,0.612184249628529,1.0,0.1226661846936899,0.3094176388276159,1.5696812943369334,-22.064686507841607,0.3365767283586443,0.2142847157277696,False,False,False,False,pachytene,19,off_axis,22.120194992071976,18.58
300,9.72915028484311,83.66324028725157,85.34606280189385,87.70629364199999,2.756221078976454,0.6393859156436386,0.0969189551239115,0.6682489060298153,0.9995890270214732,0.1621023898285949,0.2165891279810037,1.4743843818269888,-21.383237064366906,0.3376218627182453,0.1450342144212763,False,False,True,False,TZ,19,off_axis,21.736846138155343,18.58
272,7.256602775941541,82.15980150694044,69.91302085922229,53.23743171,2.3336881926815627,0.7753690240141,0.0559259259259259,0.6722244017261672,0.9996175664478296,0.1821655338538464,0.3895989029801286,1.3458173952648045,-19.74408361227243,0.3390483656230126,0.0831953225475256,False,False,True,False,TZ,19,off_axis,22.8562924233062,18.58
343,11.180001017242882,85.52261677432328,84.67253806520458,46.120341258,2.2246821366361504,0.5572453079700931,0.0532898314301251,0.6770821367030442,0.999523639395022,0.091040548811709,0.0792961481232186,1.5268232858001112,-19.426247025024846,0.3454687237155497,0.0787051209024837,False,False,True,False,TZ,19,off_axis,19.76066059831763,18.58
359,10.534515531783883,83.83117344167823,71.51158391688884,57.01413429,2.3876168858488227,0.7163958033326476,0.0362136465324385,0.6743072682431452,0.9997988871757056,0.096434219877586,0.166323810201312,1.513410026121588,-18.429350811784456,0.346237375811908,0.053704962467319,False,False,False,False,pachytene,19,off_axis,20.785214288886447,18.58
149,4.760976412506848,83.56334730115209,74.60366394404994,42.76353294,2.1693434893955352,0.7044432254525508,0.0982426778242677,0.5660727542687454,0.999713384924047,0.064692313101849,0.1214384563661728,1.630542560741843,-19.315122725853403,0.3468264538350358,0.1735513272515261,False,False,True,False,TZ,19,off_axis,20.423637437985604,18.58
532,12.9394023170087,86.35033742101007,77.05847259083674,35.637059376,2.0414453133530124,0.6908241179568193,0.0656455142231947,0.6304023845007451,0.9992932862190812,0.1398512003291537,0.215154936160878,1.4060814500936918,-17.080325921439172,0.3512618521106451,0.1041327187795831,False,False,True,False,TZ,20,pre,17.470319721730586,18.58
191,5.564838643790764,85.24953616727876,72.23548063725458,45.939716352,2.2217741014651726,0.704656862745098,0.0264265275206194,0.7078146611341632,0.9998344781925018,0.1333564707977751,0.2329621924861009,1.6672525617987757,-17.186074826819866,0.3549574242904734,0.0373353774253207,False,False,False,False,pachytene,20,off_axis,19.225191022529174,18.58
408,10.680290498285046,87.75207954408035,74.9305240367173,23.256043092,1.7707166517439006,0.8101674399838612,0.0514112903225806,0.594048884165781,0.9993141289437586,0.2223094101180876,0.6356927451137783,1.2794592222959444,-15.27832068670743,0.3565769004449612,0.0865438715448092,False,False,True,False,TZ,20,pre,16.228803974567708,18.58
154,5.397906137184205,86.04970635379,76.38023664259926,32.489025299999994,1.9794719759138644,0.7054873646209386,0.0706311232627021,0.6501593527825448,0.9997597886139804,0.0390372686797035,0.0599537349390143,1.7335370722255208,-17.238032192608724,0.3569257213531518,0.1086366334044351,False,False,True,False,TZ,20,pre,17.789655519481432,18.58
457,12.19268076624942,87.22723159672127,70.57489240394209,42.369442236,2.162658994757295,0.6743439264754734,0.0627788400254939,0.6234274056443386,0.9997928534438116,0.0234857708819935,0.0375048991755414,1.5298362290334928,-14.914177352432233,0.3579870708508392,0.1006995192336938,False,False,True,False,TZ,20,pre,17.870215893942362,18.58
432,10.72719255267009,88.8452748897607,86.04744529642366,28.726397387999995,1.8999004760688716,0.8033643638739181,0.0163398692810458,0.6266611295681063,1.0,0.050144774782337,0.1302708128563666,1.3828839187483704,-16.44904645895961,0.3584758814818098,0.0260744898798928,False,False,False,False,pachytene,20,pre,17.38800826703599,18.58
533,12.852064881016462,88.38432226016432,80.32999081741653,43.964571276,2.189465355976262,0.724148970227297,0.1038308198994626,0.618568665377176,0.9999118476727784,0.1089064207525832,0.184795959024114,1.4823538036708892,-15.747740047039589,0.3587142181511374,0.1678565787617954,False,False,True,False,TZ,20,pre,15.74784080402205,18.58
184,5.336394176931736,88.77840957446932,84.55179893616847,33.516476063999995,2.000122430914365,0.760498320268757,0.106527415143603,0.5832846288720047,0.9998908177748662,0.0659537963667357,0.1588123610269819,1.7568355088438827,-16.21297609673818,0.3618298491078043,0.1826336746600249,False,False,True,False,TZ,20,pre,16.737725477153116,18.58
505,11.888720059090415,89.30001804368506,77.0839106046212,22.230938106,1.744307547985405,0.693573915796138,0.0754536771728748,0.5513085399449036,0.9969862497645507,0.1496588641515046,0.2230606871306275,1.361879865849253,-14.196353599034603,0.3635279498529157,0.1368628847657892,False,False,True,False,TZ,20,pre,14.520529416909644,18.58
64,3.2999137683241067,87.58670200632397,74.79241581489043,40.80480831,2.135703261581578,0.7713710836447255,0.0435305435305435,0.633392004023133,1.0,0.1321419094046943,0.3104785452497273,1.9033406275755933,-15.412455447209549,0.3636101490467959,0.0687260705124937,False,False,False,False,pachytene,20,pre,16.41233307740181,18.58
198,5.396496472142593,89.04407103680909,79.6707589239161,67.490378838,2.525715438469268,0.8442528935386326,0.0635318704284221,0.5795581343450122,1.0,0.1470889722810731,0.4870508017072584,1.3144048207306174,-14.968622083513727,0.3654704576290986,0.1096212211743394,False,False,True,False,TZ,20,pre,14.979432940098121,18.58
395,10.23758435956277,89.68637735337134,72.76652360676262,33.715867194,2.004080866503612,0.7306059973561538,0.0870077811836831,0.5883264462809917,0.9996613230977648,0.1147185137830283,0.2080877566686922,1.4333235857202675,-12.947428147811928,0.3680780659415617,0.1478903111252067,False,False,True,False,TZ,21,pre,14.815659673958232,18.58
371,8.947578947368465,91.08428999999892,84.86519099999913,4.456978199999999,1.020901793685568,0.5778947368421052,0.0074257425742574,0.4788029925187032,0.9926650366748166,0.2999860819128309,0.2648291749716945,1.3400087965547398,-14.01764113125322,0.3689567239984894,0.0155089727722772,False,False,False,False,pachytene,21,pre,14.859349193373014,18.58
265,7.443616015132231,88.75202924810908,73.78790208858814,29.763231264,1.922488821333256,0.6659047919293821,0.0196577243293246,0.698277895730125,1.0,0.1269506919465086,0.1768161658397029,1.4144209961049024,-14.068524299536124,0.3699295830082083,0.0281517207540565,False,False,False,False,pachytene,21,pre,15.451682649314582,18.58
487,11.967468214483214,90.1436307213922,69.26216044776265,16.974049607999998,1.594283749136324,0.6520176893311221,0.0483749055177626,0.6108022239872914,0.999729070712544,0.0732530650118949,0.0911674883806053,1.5208480158696802,-11.79299204542793,0.3705462577484621,0.0791989675511875,False,False,True,False,TZ,21,pre,15.818066575689816,18.58
380,11.140557018151592,91.93547533601192,85.10633274213438,16.929479825999998,1.5928871238083837,0.722183732852986,0.044327931363203,0.4653366583541147,0.9965500246426812,0.0181874741225603,0.0593063608780956,1.5374889806182113,-13.232557729407196,0.3706472014904287,0.0952599168094555,False,False,True,False,TZ,21,pre,14.268636839707025,18.58
273,7.764740967962043,90.56539514314892,87.175566385483,27.530050608,1.873151050274212,0.6781697341513293,0.1070921985815602,0.6105374635954461,0.9988899460830954,0.1014764687783282,0.1390853266757283,1.5720609918312842,-14.991712792510311,0.3712626072603693,0.1754064328024948,False,False,True,False,TZ,21,pre,16.58303540654511,18.58
360,9.32301047748566,90.99007742941671,76.45133730304781,29.329262334,1.9130992888292728,0.6347276653603136,0.0499271895152901,0.668053426757171,0.9998397435897436,0.1175595040623172,0.1246012334253389,1.4272298827038377,-12.413460204597603,0.3715649303674285,0.0747353243252475,False,False,True,False,TZ,21,pre,12.852333727961977,18.58
514,12.784979116945294,91.7736445480306,76.25929799373593,31.452191423999995,1.958186717067079,0.6917511933174224,0.0401764979098931,0.6869102346963465,1.0,0.0907588852234671,0.1411212527893327,1.5536073544080853,-11.607265385686917,0.3727440918034384,0.0584887164007004,False,False,False,False,pachytene,21,pre,12.083812063248384,18.58
582,13.288180883863934,92.2943539715172,81.9526500660702,15.977093957999998,1.5624389609164409,0.736896197327852,0.1633986928104575,0.4815848214285714,0.998965873836608,0.1019838421449631,0.1644707934849316,1.6782009528287338,-12.245182572198098,0.3753850130087009,0.3392936935299418,False,False,False,False,pachytene,21,pre,12.463275894526168,18.58
125,4.961521644075206,92.74662201574267,84.11710012024415,64.377531432,2.4862716052475085,0.869698294709226,0.0127001656543346,0.6459731543624161,1.0,0.1445512817323216,0.6482385898184255,1.3599395358827913,-12.238614211200067,0.3775360089545509,0.0196605161817751,False,False,False,False,pachytene,21,pre,13.050966709531961,18.58
396,10.03008576329351,93.2802761063476,73.20981545454605,41.02765722,2.139584138706255,0.7171526586620927,0.0533869115958668,0.6187588437436831,0.9996155694377704,0.0237906055025759,0.0458503254685626,1.356236132277479,-9.516718920693027,0.3793994091167099,0.0862806441243885,False,False,True,False,TZ,21,pre,11.273298370579738,18.58
255,6.646447789128932,92.036013928097,81.66059859627424,30.079911293999995,1.929283191556999,0.719410434375731,0.0335750738651624,0.6370205669816564,1.0,0.0766681914770222,0.1349420666681569,1.3712147873089833,-12.439331524904183,0.3796466541984978,0.0527064204916468,False,False,False,False,pachytene,21,pre,12.596434241798823,18.58
362,10.183168501585786,92.800314442993,82.11226241836258,37.713072906,2.080340562938259,0.6710829134788829,0.0658894188305952,0.6915658093797277,0.9983210208193418,0.0698088080276063,0.1003706397307741,1.4122886960205705,-11.781795438205824,0.3800982680745086,0.0952757032475219,False,False,True,False,TZ,21,pre,12.06091400325028,18.58
172,5.859374796906559,92.73001861961518,88.12978485084919,36.094486086,2.050142668510088,0.7579775134854098,0.0399587522557359,0.6001611170784104,0.9991902834008096,0.111865928413518,0.2403491263528141,1.7078305047712796,-13.063941491679952,0.382811946430585,0.0665800417898705,False,False,False,False,pachytene,21,pre,15.563720255970853,18.58
351,9.533930182524353,92.84240917135396,69.1095378513446,67.60063040399999,2.527090017545714,0.7585883822610868,0.1475309398358044,0.5407503234152652,0.9997816117056124,0.0609073202015559,0.1142792913802828,1.7177165720927243,-9.118867175905278,0.3829918546249976,0.2728263552465953,False,False,False,False,pachytene,21,pre,13.642763188700894,18.58
547,13.001174629295909,94.29605528824996,78.0843803814332,145.384283106,3.2619423655116124,0.8178195136905626,0.1094021138980911,0.6686741652643698,0.9997640396413404,0.1385126775075547,0.4263846178492173,1.207780180708146,-9.504644433989164,0.3834931182174228,0.16361049907594,True,False,False,False,pachytene,21,pre,9.56399832308155,18.58
361,9.965202428182415,91.80720570718329,66.00467505855157,49.07602153799999,2.271225451942734,0.73361693991683,0.0364799446749654,0.6400502422393683,1.0,0.1139542169738632,0.2185464499722939,1.6236995381228037,-9.506786437790938,0.3842702114139097,0.0569954392132274,False,False,False,False,pachytene,21,pre,16.42761497494313,18.58
480,12.351879350347524,95.43057495194265,84.58362458402354,70.77212225999999,2.5660071958328614,0.7567119655286709,0.1314637321027097,0.5659400544959128,0.9999477615838688,0.1120934556518396,0.2161964089685253,1.4338108489421884,-9.703847030545978,0.3852811863784082,0.2322926802200023,False,False,False,False,pachytene,21,pre,11.169278944635971,18.58
126,3.933907107879306,93.72589056239887,77.73731359251998,47.42459382599999,2.24545834807664,0.7364594153435228,0.0574915973819211,0.6203078078078078,0.9999215747784488,0.1345428159739717,0.2747300842014711,1.9861017307247024,-9.993121379369235,0.3861231073385722,0.0926823693951212,False,False,True,False,TZ,22,pre,10.107873414478652,18.58
192,6.159698011293783,94.96286696538267,85.95709577706658,38.217415176,2.0895730915461748,0.7504910385465259,0.0477863668306395,0.5943419434194342,1.0,0.0643577798508012,0.1278440254886889,1.5178308957344473,-10.438878059448076,0.3868817684174719,0.0804021445225785,False,False,True,False,TZ,22,pre,12.448312742138413,18.58
227,6.9949119373776725,94.34965204361303,76.87568168856566,41.95423953,2.1555714095872025,0.7171931786413195,0.1074642668078348,0.5850138394622381,1.0,0.157826299777504,0.2888155888869044,1.9746107768329677,-9.208442347873492,0.3876622154485889,0.1836952556654371,False,False,True,False,TZ,22,pre,9.476247102540276,18.58
288,8.142284901635373,95.32313667930823,82.50650293908487,39.587349528,2.1142480503226952,0.7415264280635221,0.0328159645232816,0.6801925722145805,1.0,0.0548065973942309,0.0940450866371933,1.579429760173746,-9.390275340244195,0.3882188400271263,0.0482451086115788,False,False,False,False,pachytene,22,pre,10.01247370404795,18.58
289,8.231238897296128,96.8556848345271,72.28914198960321,35.653479821999994,2.0417588099947017,0.7170208566353049,0.0299954894000902,0.6528714252499419,0.9996719160104988,0.1005224988750615,0.1641068215782927,1.786025425364807,-5.829107983858965,0.3954872470171579,0.0459439458368191,False,False,False,False,pachytene,22,pre,8.527398740678306,18.58
141,4.944279311158417,93.73105682944232,65.55347392073534,39.775011768,2.117583621129397,0.7238145789101202,0.0502940580004056,0.5739910313901345,1.0,0.0511372262936657,0.1004403645118848,1.969019564957983,-7.5314723176586735,0.3973233259283929,0.0876216791725817,False,False,True,False,TZ,22,pre,15.416269799640872,18.58
409,11.70960127891703,99.02609195975236,80.30938430035887,49.89000650399999,2.283713664158153,0.7169456460410006,0.0688321732405259,0.6179401993355482,0.999920678987864,0.1084928855439184,0.1799094096788475,1.6537106156535673,-5.3203717627930125,0.4045851176124295,0.1113896997064424,False,False,True,False,TZ,23,pre,5.708567012802947,18.58
211,6.556691541176931,98.82958868582146,79.95572825863647,52.49616586199999,2.3228062823170323,0.6808168372134591,0.1923337856173677,0.508189836203276,0.9998248226329158,0.040684303734093,0.0509939216109598,1.7537946151792707,-5.441532789691608,0.4063042653075315,0.3784683831032664,False,False,False,False,pachytene,23,pre,5.695895781609419,18.58
397,10.716756892862012,100.60206017877717,85.74126316253196,55.89754396199999,2.371927292363716,0.7363716479919427,0.1387441732931176,0.4923591212989494,1.0,0.064007837790914,0.1059679149384301,1.714634726147561,-4.871982607270895,0.4070060675944687,0.2817946642830148,False,False,False,False,pachytene,23,pre,9.117981566190327,18.58
433,11.276132589761312,100.24323054702828,73.78246438999982,37.436271102,2.075238383235762,0.6290494391879191,0.0821705426356589,0.625,0.999738014147236,0.0660912447793924,0.0668924750451293,1.6282892092228425,-2.8122281296986813,0.407198804056301,0.1314728682170542,False,False,True,False,TZ,23,pre,4.953915630845048,18.58
239,6.776606260296489,99.7422184514016,74.56470462932622,42.71661738,2.1685498754635857,0.6763866007688084,0.076187490202226,0.6156456813168165,0.9990849938999592,0.0764569766956529,0.1140388183712328,1.78254857647236,-3.460671262264798,0.4082322855129478,0.1237521719299112,False,False,True,False,TZ,23,pre,4.860647071758826,18.58
127,3.765890271657415,98.39941548593109,72.12820381095285,48.442661478,2.261412536576098,0.7743934918405888,0.0570734669095325,0.6361880231809401,1.0,0.1415231582049327,0.3338643974356126,1.942175996853733,-4.2846323769662416,0.4113711516298809,0.089711633715085,False,False,True,False,TZ,23,pre,7.430167493480727,18.58
150,4.751363140676189,100.85130011684106,82.04163666459121,30.115097964,1.9300351729207812,0.6916186321856987,0.0695652173913043,0.5958575397827734,0.9998630887185104,0.081943022548523,0.1108287290070611,1.855649348912647,-3.8819175146210405,0.413688333250638,0.1167480693735371,False,False,True,False,TZ,23,pre,5.670792877093113,18.58
228,6.493700945864402,102.23007814449548,82.77982097001437,11.656170882,1.4065519120943608,0.6991346347353593,0.0828220858895705,0.4688963210702341,0.9916955017301038,0.1319704693118824,0.2026324381996301,1.597266610054694,-2.6802940139308524,0.4160554900444836,0.1766319806061454,False,False,True,False,TZ,23,pre,5.792301541237542,18.58
363,10.218325123152356,102.1111751600971,81.19905868226708,38.09543471999999,2.0873475900925125,0.6895320197044335,0.0434452665528363,0.6511305037683459,1.0,0.0697031206270455,0.1025756078602969,1.5892211896961927,-2.4780309386690025,0.4184529515060572,0.0667228248429487,False,False,False,False,pachytene,23,pre,4.339662602557893,18.58
515,12.557085690630576,102.29814461156188,71.41031810404253,16.999853165999998,1.5950912045550227,0.5624396301918035,0.0358771663119489,0.5830968148848944,0.993550577053632,0.1041403041611459,0.0939709064644108,1.5426848689365011,-0.3212287141889195,0.4204773174667329,0.0615286611006977,False,False,False,False,pachytene,24,pre,5.99602817852075,18.58
458,11.904537574433146,104.08832018165016,78.00519128665043,62.24287345199999,2.4584818597637668,0.7378834702645662,0.1781874039938555,0.493745506829619,0.9977167460369236,0.0514575612157332,0.0865013313690267,1.5823796171263813,0.10247763969908324,0.4263859533239257,0.3608891656311198,False,False,False,False,pachytene,24,early,0.8329605246392239,18.58
506,12.9783930857877,104.716757218311,70.84713689980806,29.312841888,1.91274219599868,0.6679737516005122,0.0818765213542819,0.5174740901422029,0.9899436233429834,0.1234685960092902,0.1743295531619228,1.484639543832396,2.161263869899568,0.4291933316269987,0.1582234220302355,False,False,True,False,TZ,24,early,6.051374953268372,18.58
534,11.278512396694108,103.8142226417769,69.44599385865057,16.462670004,1.5781098158870377,0.7799943003704759,0.0209258084971464,0.5356217616580311,0.9916530944625408,0.3114157694470273,0.7053209627580752,1.3363936328277262,1.5597731946599744,0.4292040337750694,0.0390682567346965,False,False,False,False,pachytene,24,early,7.605717081380292,18.58
89,3.643401617511617,104.7110788754912,81.84716511695592,48.43796992199999,2.261339530085867,0.7729187854133373,0.1022400919012062,0.5308168052889742,1.0,0.0641518365715232,0.118211567324685,1.975167390913355,-0.06219860695870524,0.4294369771122758,0.1926089959520915,False,False,True,False,TZ,24,pre,4.722004011461611,18.58
398,10.247349042709924,106.12989289396457,71.7762702687763,38.226798288,2.089744087708276,0.6913966617574865,0.0976134936300018,0.5760588586200039,0.9983236477425124,0.1349817822096523,0.1830357207928155,1.6218838659522703,3.3580389422670343,0.4318916061217394,0.1694505555627474,False,False,True,False,TZ,24,early,4.856397680976147,18.58
560,12.674109041863725,106.41576989158304,83.92102785184346,45.219562506,2.2101033472635963,0.7365253929553354,0.0680733944954128,0.6540657609765702,1.0,0.1507829857487635,0.2736422564925801,1.7562337950708735,1.1893358170696762,0.4320713064508314,0.1040772939922341,False,False,True,False,TZ,24,early,7.096576390943953,18.58
249,6.718021564264864,102.64143157624338,66.28213311654748,41.11914256199999,2.1411732722278587,0.6958754064692795,0.0756025663256458,0.6415306696679798,0.9997010463378176,0.081049598303885,0.1360079020714746,1.8750929247172343,1.0489876175109243,0.4330263752203388,0.1178471582111164,False,False,True,False,TZ,24,early,10.941065904665907,18.58
155,4.39796749748105,105.65329392439529,75.51258653905299,53.551765962,2.33827217986113,0.7760742914713741,0.181031720602371,0.5205399061032864,1.0,0.0656644139849982,0.167170891553333,1.768187546560268,2.1378865811097802,0.4334663819769938,0.3477768341673509,False,False,False,False,pachytene,24,early,1.2929114575018321,18.58
240,7.827919668717354,106.45283652727689,83.79632202408261,97.999567506,2.860082209650994,0.7439739569619648,0.0851082028911128,0.5972326103216156,0.9972838388411046,0.1041720510799934,0.1997635253055061,1.5190573184754177,1.2507852335969527,0.4336776554235956,0.1425042796060337,False,False,True,False,TZ,24,early,6.981905347660843,18.58
352,10.19685047242911,103.15214685797083,67.07108388241653,46.922597334,2.2375073890583383,0.6790981352797081,0.0808991981672394,0.6108428104066054,0.9996279761904762,0.066286078052695,0.0966275741192658,1.6761268805806169,1.3901404038794742,0.4361622296724131,0.1324386516285412,False,False,True,False,TZ,24,early,10.065344381401642,18.58
229,5.787159479808507,107.36555112936416,86.69375712525851,17.13590829,1.5993352398735896,0.6819986310746065,0.0169276343630977,0.6693930262591476,0.999755082047514,0.0774022817351903,0.1008862141366564,2.17915429450688,1.560554245398944,0.4400022439343139,0.0252880351289235,False,False,False,False,pachytene,25,early,10.00386187774474,18.58
591,13.889761273209135,107.03308287987905,78.73083335354129,30.95254071,1.9477620420439747,0.6311481621826449,0.0757690846942651,0.6652968974727759,1.0,0.144413704978413,0.1496273700653293,1.626784062474233,2.840453120556027,0.4405851685681298,0.1138876266852959,False,False,True,False,TZ,25,early,2.1374428067527416,18.58
1,2.852973665252625,105.33920040422755,69.36338463539671,58.611609108,2.409711286279806,0.745057232049948,0.1121951219512195,0.5185243328100471,0.9981046990392785,0.0902646788439396,0.1672298257662448,1.861607337703066,3.0700878331315584,0.4408515411653443,0.216373880360057,False,False,False,False,pachytene,25,early,7.379153287816358,18.58
555,12.656547033026134,106.5186089411984,68.11448678063239,26.209377594,1.8427059272295307,0.7139532802291237,0.0459701492537313,0.6473717146433041,1.0,0.0274162917877357,0.0353444394595929,1.5124842972990526,4.477085475865396,0.4414572243153217,0.0710104383832408,False,False,True,False,TZ,25,early,8.364601400126725,18.58
218,5.816672250887927,109.53131649802258,84.61933376666707,35.006045093999994,2.0293244107611925,0.6299001541245057,0.0389768574908647,0.7162773854789064,0.9976473663573387,0.0856178439773826,0.0942936545096985,1.895368989600928,4.100099418753428,0.4456688286389695,0.0544158705566345,False,False,False,False,pachytene,25,early,8.408718556521897,18.58
142,4.696400832529628,109.09045420579513,79.77550409157942,46.209480822,2.226114473339136,0.7562312807756739,0.0781339988481474,0.5660141607663474,1.0,0.0667062449758946,0.1364636693812743,1.8762641243041864,4.644937366452041,0.4462259819986243,0.1380424806728491,False,False,True,False,TZ,25,early,3.575479777740601,18.58
284,7.504224589276685,106.28744129355591,68.7701529472844,51.97305736799999,2.3150651572499585,0.7569507131251129,0.0676939058171745,0.6334261838440112,1.0,0.1381815688419039,0.2933392421976595,1.612700496642561,4.1184655664704595,0.4470773991576565,0.1068694467386351,False,False,True,False,TZ,25,early,7.7690106312306,18.58
173,5.695460540015533,107.91875122509948,72.85663186298324,67.59124729199999,2.526973090303556,0.7318317484556118,0.1937604340567612,0.4492040895561019,0.999510104102878,0.0415453468834065,0.0666684113146174,1.755915344842601,4.892328567662707,0.4480550161811771,0.4313416519609894,False,False,False,False,pachytene,25,early,3.43754228012962,18.58
103,3.5288943631358256,105.11247880741983,66.54725840457706,32.37642795599999,1.977182574448289,0.7167077235183307,0.0528100775193798,0.570843989769821,0.9998771347831428,0.1646044016670742,0.282741591064482,2.013691768337341,3.415829138164209,0.4488642154647614,0.0925122773748992,False,False,True,False,TZ,25,early,10.183156244370412,18.58
535,12.469413551516483,108.99391907794625,74.42909143109392,47.87967475799999,2.2526178824216783,0.7310763803831267,0.0570348737330355,0.6520313353980689,1.0,0.1398456712230245,0.2243554310197764,1.530222105685534,5.628365041525209,0.4494876023483507,0.0874725962337613,False,False,True,False,TZ,25,early,1.680594553450751,18.58
472,12.576795410306508,109.78703633336816,79.97284851449764,45.794278116,2.2194270219485768,0.7165249462145272,0.1201907790143084,0.5887242500903506,0.999478759447485,0.1699957704353772,0.256681083795116,1.6281285128755356,5.28742345065305,0.4501486715953763,0.2041546258640831,False,False,False,False,pachytene,25,early,3.9092208649911195,18.58
536,12.643454941051516,111.10665946465856,83.11114508424838,46.359610614,2.2285226719393587,0.7282801194150685,0.1027568922305764,0.5482309124767225,0.9979104997388124,0.078648137158511,0.1377628355329959,1.5555074952877106,5.947179940515693,0.4507188074695368,0.1874335975809088,False,False,True,False,TZ,25,early,7.249135825350148,18.58
314,8.689232435626328,110.44000074836345,86.60231281571478,47.645096958,2.248933093675752,0.692334203141155,0.0837243401759531,0.5962554008641383,0.9999121033664412,0.0830728723915699,0.1179140888657028,1.769252630856213,4.590299721988165,0.4530720320925581,0.1404169086847909,False,False,True,False,TZ,25,early,10.534187125682184,18.58
230,6.866207189959303,107.90725872367618,64.53143388640814,55.13751188999999,2.361127929105687,0.7030419059774515,0.0688367129135538,0.6273638968481375,1.0,0.1194988901169152,0.2014080081274059,1.7870513534782813,6.559655321756405,0.4547716700977074,0.1097237396977862,False,False,True,False,TZ,25,early,11.594077998303261,18.58
39,3.1874203821656257,110.38719596398828,69.06116823248571,38.301863184,2.09111105070656,0.7156418422341989,0.0493447993447992,0.5991815636441956,1.0,0.094974850202678,0.1837053336568775,1.9161391743252183,8.075344692200092,0.460704345243442,0.0823536676340413,False,False,True,False,TZ,26,early,6.657351583537537,18.58
418,11.323274186209966,113.19751440625409,70.03430460354967,56.71387470599999,2.383418119695175,0.7379327459982628,0.2154531946508172,0.4502840909090909,0.999339207048458,0.0620397300726862,0.0981137601336489,1.86976140265349,10.631735586817836,0.46071537545862,0.4784828045242125,False,False,False,False,pachytene,26,early,5.137565500714581,18.58
301,9.67379119394964,112.29017263978972,78.42952270563501,138.94512249599998,3.2130555364206934,0.673335359265262,0.093086477618936,0.6509380329732802,0.9999386559519062,0.0990835019041825,0.1543368896851388,1.7344333723206775,8.050327265514753,0.4655697847756256,0.1430035931281297,True,False,False,False,pachytene,26,early,2.9022906635124395,18.58
2,2.8448903247748083,111.46710284390628,66.42618527461129,55.182081672,2.3617639547503813,0.7218160176840673,0.1285124517245971,0.5229217603911981,0.9999266270452712,0.06045087657611,0.1117202602045819,1.831097658010488,9.664356138699821,0.4674709061422999,0.2457584699257053,False,False,False,False,pachytene,26,early,9.020480162450616,18.58
165,5.239872169715449,115.57752141157178,84.71460611953327,68.99871409199999,2.544392631688694,0.7735772081321819,0.1894852135815991,0.4223723723723723,0.9998885918003564,0.0179476658883624,0.0197704240610875,2.1572353997233824,10.002920427484856,0.4694636179970426,0.4486212308757376,False,False,False,False,pachytene,26,early,9.72111133946688,18.58
417,11.007162359515153,113.3039427392214,64.8873305733693,36.943657722,2.0660956699954616,0.736935678455775,0.0592643051771116,0.5570842384745354,0.9987321711568938,0.0971151158498378,0.1702471036492338,1.7935994066400405,11.773746165914021,0.4715907680553038,0.1063830226814444,False,False,True,False,TZ,26,early,10.157374311281147,18.58
40,2.686108764673186,116.62522929713772,79.69092297631963,80.532904518,2.678931349447205,0.7620809181206489,0.2227614425730326,0.4397649363369246,0.9995189301005436,0.0584183503158417,0.0955632078547907,1.9013287863015056,12.042020201082718,0.47677561517653,0.5065466210847802,False,False,False,False,pachytene,27,early,5.011848525586231,18.58
434,10.244695259593756,114.05563772573332,63.07656027088135,8.313437231999998,1.2566972679884514,0.5866252821670429,0.0298013245033113,0.5242320819112628,0.9885496183206108,0.1679669919033006,0.1652442921379911,1.818200271488139,12.875103018407819,0.4782049788652636,0.0568475786423841,False,False,False,False,pachytene,27,early,11.779393893340632,18.58
459,12.725011658636248,116.3526849681333,74.18524747396243,90.542339244,2.7856146243065614,0.7468003523498628,0.0720660843144701,0.674204440806303,1.0,0.12781780629009,0.2725295684456013,1.9368157789379463,12.885165139790383,0.4783467233779507,0.1068905512225401,False,False,True,False,TZ,27,early,0.43570594966780823,18.58
353,10.158041237112524,118.10616625184316,85.11406655743544,63.71133048,2.4776655845557536,0.7141384388807069,0.1728986896772131,0.4536321483771252,0.9993054108494824,0.0281592936187469,0.0337848496861242,2.0342613840707844,12.399091071860653,0.4808539575639537,0.3811429377211478,False,False,False,False,pachytene,27,early,10.62221045316734,18.58
488,12.683843171046773,119.99037356245168,81.54730134557434,70.77915959399999,2.5660922446279866,0.7346634408245782,0.2127052807552365,0.4567824131901074,0.9978314382839056,0.0687994797986401,0.1031876705938583,1.717216994689066,14.963756857725025,0.4860537241720848,0.4656599610955492,False,False,False,False,pachytene,27,early,7.508604718217939,18.58
516,12.509608268469742,117.41519242056953,65.24575440857417,18.383862186,1.6372539572484677,0.6390200331759601,0.0104931794333683,0.6507599858607281,1.0,0.0597264977342986,0.0656929310480172,2.50666211234718,15.728292850955539,0.4861400558085802,0.0161245000635519,False,False,False,False,pachytene,27,early,8.977373419817418,18.58
174,5.541172932330636,115.63308664285552,62.72735185714373,62.3976948,2.460518560533888,0.7640601503759399,0.2378870673952641,0.4216061185468451,1.0,0.0322960037328225,0.0560159514048319,2.1046647992975323,14.49056472885223,0.4862800840728213,0.5642400736858192,False,False,False,False,pachytene,27,early,11.803374394652291,18.58
3,2.338471423522962,117.03199237318417,67.81341566806965,73.01703180599999,2.592856739303524,0.7604973174414495,0.177878253198059,0.4244131455399061,0.9996756055363322,0.0232739119455552,0.0425566109645075,1.97865399981167,14.835253421938932,0.4873963949377763,0.4191157956989665,False,False,False,False,pachytene,27,early,6.5397091283179245,18.58
473,12.70289928617369,121.69109586927628,67.95859257079073,69.33885190199999,2.548566747712507,0.7306404140870801,0.1720910886970988,0.4527756845013815,0.998847646773411,0.0863616497186293,0.1324186033256756,1.818767319433101,19.369398629566785,0.4953895187427465,0.3800802352860752,False,False,False,False,pachytene,28,early,5.4581135678024175,18.58
4,2.536156414536917,119.15608059265304,73.36451242776394,73.06629314399999,2.593439703194663,0.8127648645177861,0.1805536040466488,0.4403292181069959,1.0,0.0520660050451433,0.1251995700826901,1.8328834611329967,15.79646799116612,0.4990523871970573,0.4100422970405203,False,False,False,False,pachytene,28,early,0.6743453244707822,18.58
73,3.825960758877861,122.94817208123835,82.86397482973824,57.865651704,2.399444706940788,0.6873682503648452,0.1984201226483734,0.4894968879668049,0.9999221123140432,0.091232615448583,0.1031506761575506,2.266663440071704,17.595332647319623,0.4997431356935989,0.4053552280435114,False,False,False,False,pachytene,28,early,9.394608431166704,18.58
231,6.520380497220049,123.60230575800712,84.1947521253608,51.04647505799999,2.301224820178731,0.7136620559716924,0.0465187452180566,0.6048788316482105,0.9996122227392584,0.1005447034258288,0.1650059360600915,2.271288032027949,17.96771159899576,0.5013612424902456,0.0769058905422422,False,False,False,False,pachytene,28,early,10.829945671670165,18.58
331,10.018671764759551,120.50575606309198,62.592980547589406,103.068793764,2.908570051578837,0.6872411124766717,0.2280642624424221,0.504511715907437,0.9990585914735284,0.042031946325398,0.0368612850393926,1.886336023286129,19.29025415066101,0.5014510235087956,0.4520494871605027,False,False,False,False,pachytene,28,early,10.95252518244383,18.58
41,3.102844798936675,122.98721481555462,77.57463494516422,70.58446002,2.563737145154773,0.7511465603190428,0.1492842535787321,0.4819711538461538,0.9983415335286638,0.0526372194644702,0.0973408905267624,2.0489939232567727,18.700046340244636,0.5030902587104693,0.3097369051808107,False,False,False,False,pachytene,28,early,4.22177087269724,18.58
517,12.841388542962994,122.68952631071092,75.75256256226737,75.34638935999999,2.620140692586343,0.7582814445828144,0.2066217044757817,0.4265842349304482,0.9982532288799492,0.0158885057069226,0.043040030498639,1.7630205350438906,18.775850305840002,0.503921592626771,0.4843631985356188,False,False,False,False,pachytene,28,early,2.3770974671233747,18.58
399,10.66763049070372,123.97182918823972,84.25687103643584,72.041188158,2.5812540626502942,0.7280127641561656,0.2310595599742244,0.4220040703938704,0.9983727097396335,0.0340726195575174,0.0397456944374244,1.8942032016652544,18.317121071890973,0.504160764336285,0.5475292211247367,False,False,False,False,pachytene,28,early,10.965294646010967,18.58
57,3.630397672905425,121.16158149041036,62.8802724537843,61.28814180599999,2.4458469739606783,0.7256477972978146,0.162910195025108,0.4845145089285714,0.9999320606019432,0.0768640294186451,0.1130716326798484,2.2352713556098367,19.8746847533921,0.5092012616735067,0.3362338836567735,False,False,False,False,pachytene,29,early,10.538901559963438,18.58
5,2.022206953414902,123.04658459529944,67.82200809399528,51.21067951799999,2.303689678112605,0.7600201548257066,0.0245764289703965,0.5831265508684863,1.0,0.095765056824722,0.1895354320982369,1.967442987163528,20.724587985925332,0.5109894664620184,0.0421459611705098,False,False,False,False,pachytene,29,early,5.3185900425822625,18.58
444,11.332612404777256,124.62913790641912,64.32926568379895,97.614859914,2.8563347840550404,0.74661764352486,0.261417764079574,0.4760053110773899,0.9981484463049428,0.2134547862324216,0.2934693416827264,1.5291595265710096,22.978870034329876,0.5144522686348126,0.5491908556395754,False,False,False,False,pachytene,29,early,8.420514763261497,18.58
490,12.496832810800258,127.34942534710886,81.56828030264313,73.324328724,2.596489050417937,0.735651673171668,0.2460078474313349,0.4694420912501513,0.9981402164111812,0.0721482282920013,0.1189098983352937,1.7331791419252895,22.167441575762343,0.5148901936370464,0.5240430119425421,False,False,False,False,pachytene,29,early,9.012935057279604,18.58
193,5.538459794437527,123.88298023730508,66.31420083509565,62.07866899199999,2.456318028612796,0.7468636638452237,0.1855319148936169,0.4400656814449918,0.999738373994375,0.0557733733560245,0.1172107683366258,1.961565798486024,21.847820470791202,0.5175929763484617,0.4216005080978087,False,False,False,False,pachytene,29,early,6.626790785931131,18.58
489,12.610730426285864,127.64856819347928,69.5559230304144,76.81953794399999,2.637106649202429,0.7421827287162575,0.2335693536673928,0.453867108847566,0.998196764783877,0.0534426669749791,0.10151498064269,1.671191673935294,24.882454196433446,0.5195532393885736,0.5146205775088198,False,False,False,False,pachytene,29,early,2.6924021932141926,18.58
364,9.654345824183189,125.41322584118473,61.15518492597448,33.115348026,1.9921111737745087,0.6612594743925764,0.0849598163030999,0.5970305311585111,0.9992998179526676,0.0503224927672421,0.0524889221195076,2.14376337307648,24.386834519426944,0.5215335249397648,0.1423039725258927,False,False,False,False,pachytene,29,early,11.371314410025382,18.58
290,7.943928486670685,128.95778592279143,84.85749217624988,59.30595939599999,2.4191896114618983,0.7270390000791076,0.2272116461366181,0.4047239530502826,0.9995581412475144,0.0229485297064414,0.0511385708270739,2.000756597484684,23.079576967011082,0.5232230246161409,0.5613990583561768,False,False,False,False,pachytene,29,early,12.558883099611453,18.58
42,2.9491955518748583,126.27729392523172,73.34961502720894,79.31544573599999,2.665363134994425,0.7732166094877558,0.1952985622835554,0.4213615023474178,0.99985588701542,0.0545171379180314,0.1157574513078581,1.9423222535779352,22.774432520420717,0.5240753966305374,0.4634940809626442,False,False,False,False,pachytene,29,early,0.7468908589640038,18.58
43,2.743987019357759,128.5035589109827,80.16107234066834,62.16546277799999,2.457462242693333,0.7310290177729142,0.184346035015448,0.4576318742985409,0.9996727534524512,0.0540988327478565,0.0865822134659773,2.2187639414689406,23.581602896415024,0.5243121722423079,0.4028260385009544,False,False,False,False,pachytene,29,early,7.867332032372968,18.58
128,4.695384144709118,129.77102894565556,82.21837884049233,61.33974892199999,2.4465332823449395,0.6808290948028606,0.2058991436726926,0.4509944883776659,0.998918584891086,0.0565856218370136,0.0994939226197247,2.154346784486543,24.40823398286606,0.5268043327041211,0.4565447006090046,False,False,False,False,pachytene,30,early,10.137942384222104,18.58
507,12.7973217964566,129.2609027503097,76.58536909765357,68.318438472,2.536003064423097,0.7014833127317677,0.2692889561270801,0.4466298596733379,0.9960932237639768,0.0608570014653828,0.0789329379797268,1.750582079982964,25.04435041132848,0.5298696082496669,0.6029354067908408,False,False,False,False,pachytene,30,early,4.517765929026537,18.58
90,3.1682074805927427,126.42870920959793,61.94255568101674,13.295869704,1.4696346415101624,0.8043401552575864,0.004488330341113,0.4075743913435528,0.996268656716418,0.0737956957924837,0.1864832116475495,1.8880263931881176,25.222707247931766,0.5302362621833221,0.0110122972307398,False,False,False,False,pachytene,30,early,10.395365661800584,18.58
156,6.108662961752223,126.58052399068212,60.74135077639632,57.405879216,2.3930728586793637,0.7289146779993462,0.2327975020238233,0.4520651190835092,0.9996368654223255,0.0868970064555413,0.1552891150671647,2.099102136345853,25.613599250064915,0.5306650788272539,0.5149645309856765,False,False,False,False,pachytene,30,early,11.541290787325002,18.58
321,9.744760254188131,131.0521094627383,83.96037896013841,40.60541718,2.1322189026635674,0.7005199306759099,0.091164095371669,0.5945216049382716,1.0,0.0991884227539513,0.164405752570049,2.398359766073632,25.31177024932405,0.5321545132635457,0.1533402564590306,False,False,False,False,pachytene,30,early,12.102466225586992,18.58
65,2.521009045738302,127.7277009173123,62.37231426933454,18.412011522,1.6380891845109242,0.6388074914001783,0.0180117769310703,0.6250440917107584,0.99926326129666,0.1432043046860884,0.1617751789785763,2.1794492790977062,26.408369944734886,0.5353625303253613,0.028816810157779,False,False,False,False,pachytene,30,early,9.712521704257458,18.58
44,2.9783508377092502,129.90071800450107,67.45338825018749,75.04612977599999,2.616655589871176,0.7696924231057765,0.1454418928322894,0.4421824104234527,1.0,0.0467530159092034,0.0777362276149852,2.171666407396408,27.512277701049985,0.538137046434442,0.3289183138085663,False,False,False,False,pachytene,30,early,4.297662174623971,18.58
537,12.753134328358383,133.39199552238625,82.712061940298,29.86175394,1.92460776837187,0.745247446975648,0.0333830104321907,0.6401480111008325,1.0,0.1424498177220664,0.2612419840721712,1.884423184044541,27.855294897924868,0.5390015137215611,0.0521488934641592,False,False,False,False,pachytene,30,early,11.351570416490814,18.58
491,12.532884621728954,132.08905672572732,72.10065085618069,71.098185402,2.5699418841238333,0.7428156653139332,0.189456171363211,0.4727389352148813,0.999434644957033,0.0216420332068754,0.039057885886711,1.7175787851852975,28.718660431786365,0.5396037725651825,0.4007627831143093,False,False,False,False,pachytene,30,early,0.6953846702255639,18.58
344,9.640404515522432,130.50368196142978,60.57472175446613,59.845488336,2.4265035737638234,0.6895970523675133,0.2139950372208436,0.4825104179820684,0.9997654600891251,0.0675197713169819,0.0854222977847311,1.8675268619901797,29.48978191388525,0.5416032721591431,0.4435034545280976,False,False,False,False,pachytene,30,early,10.913483769931208,18.58
157,4.495067986161235,132.85882215785537,76.13835925657824,29.155674762,1.9093175413593744,0.746721377423767,0.0608591885441527,0.5946632782719187,1.0,0.1032087260020939,0.196795755909776,2.337963544925376,28.658506420423244,0.5425454258521882,0.1023422679150602,False,False,False,False,pachytene,30,early,4.8053736534294265,18.58
129,4.743551165728745,129.68637054094415,60.90157275180704,40.849378092,2.136480565342839,0.6287469851843344,0.0530247546506518,0.6612529002320185,0.9998843796970748,0.1077326244076838,0.1324930115342046,2.3164623661917427,28.623354167048774,0.5439695063488434,0.0801883131734418,False,False,False,False,pachytene,31,early,10.758137408432642,18.58
548,13.637261665230284,134.67382053751157,80.53306603909364,48.965769972,2.269523372150916,0.7904570278815751,0.072322375397667,0.6138545953360768,0.9998619070634536,0.1123534611021136,0.3029866835818522,1.9440702679387536,29.55013834688789,0.5442089807486559,0.1178167858433503,False,False,False,False,pachytene,31,early,9.475776133960455,18.58
492,12.67710260848864,132.26423393123284,63.350321924432855,78.59763766799999,2.6572982076229765,0.7076941443323583,0.3447514551414999,0.4188278537880335,0.9955566088038392,0.1038369553492909,0.1248940390434858,1.7486223687054394,30.654540952254496,0.5450619694013839,0.8231340203939177,False,False,False,False,pachytene,31,early,7.839913220157873,18.58
58,3.281504638967353,132.26657374949323,73.18740926785006,69.78220394399999,2.5539870498110844,0.7449576442113756,0.2029624960605105,0.4383814419401608,0.9990151778472948,0.0646348436618002,0.0966146268546227,2.204542693316496,28.67341203770341,0.547581414568845,0.4629814965757947,False,False,False,False,pachytene,31,early,1.7956158831502602,18.58
137,4.613406128696025,135.1785445450797,81.94501881213162,74.330667486,2.608313611935501,0.7496765234954398,0.1848730860137704,0.4138930912758446,0.9995031741650566,0.0560228487810045,0.088513061462445,2.3736892569180483,29.75980898933548,0.5480162558005671,0.4466686927387227,False,False,False,False,pachytene,31,early,10.960496706593876,18.58
337,9.545560795570696,135.82856685462485,83.90767338527854,68.64215583599999,2.5400022531174025,0.724557446517668,0.3165437123717459,0.4126550868486352,0.9970898273297548,0.0470012786456454,0.0681248656047474,2.1005525884022496,30.000757602705267,0.5508823634796766,0.7670902951642431,False,False,False,False,pachytene,31,early,13.013905029874005,18.58
493,12.566897121608967,137.06733180553775,67.78472389753573,85.16347028999999,2.7293228652100074,0.7451866134141303,0.3125510886527458,0.3971462544589774,0.9982221344263914,0.0322551530110847,0.0614141194854167,1.7579246266541757,34.54130279211645,0.5570957233269674,0.7869924118471834,False,False,False,False,pachytene,31,mid,2.464894087587249,18.58
104,4.375139664804418,133.79420975055515,61.77209265297998,72.22181306399999,2.583409540962648,0.7116733792386645,0.1756129271916791,0.4515038864481244,0.9995675542101686,0.0426527014804274,0.0672919598012953,2.4367647735747595,32.7490223671461,0.5594809848751564,0.3889510864971395,False,False,False,False,pachytene,31,mid,9.071920146873659,18.58
518,12.829097267500098,136.61976313496328,74.7133204730018,79.151241276,2.6635225229668564,0.7610692904984886,0.2146127618119824,0.4600595385760357,0.9997546253128528,0.0449556578999676,0.1001277566829018,1.729301011781669,32.501919426312305,0.5596143073661806,0.4664891037282831,False,False,False,False,pachytene,31,mid,4.171873477102759,18.58
45,2.8947593649217103,135.48399517799524,67.31948888923272,75.64664894399999,2.623616548670681,0.7738464400893079,0.1617241379310344,0.4361716714657891,1.0,0.0227716820404283,0.0336879862087898,2.191367971852288,33.10867991062882,0.5600167263597744,0.3707809298745785,False,False,False,False,pachytene,31,mid,3.284033983152414,18.58
332,9.884450123792032,136.04968235963386,60.78524112291247,117.485945352,3.038312465843649,0.7312115645715198,0.2204979733642154,0.4662754419848462,0.9992460687872478,0.0904974800988426,0.1549640952511169,2.046338414966238,35.17168116196488,0.5633648455682029,0.4728921009127079,False,False,False,False,pachytene,32,mid,9.509820816647215,18.58
435,11.400824081492331,139.73374961657538,80.9811173743857,61.485187158,2.4484653554390645,0.6923429094654916,0.2164026819551063,0.4527529761904761,0.9945648013473168,0.1002430067415676,0.1173153240907419,2.022995370261604,34.08031627125121,0.5652915244101437,0.4779707552139079,False,False,False,False,pachytene,32,mid,10.990293617028684,18.58
59,3.134665502836809,138.54266189912255,76.16576472348717,75.24786668399999,2.618998165508939,0.7521665939273022,0.2145820983995258,0.4348427672955975,0.9997876068602984,0.0446155533003485,0.0756536101729221,2.3326842102175958,34.036340823064535,0.5654394002167715,0.4934705473752473,False,False,False,False,pachytene,32,mid,6.030013658887274,18.58
46,2.9251411791282496,138.83493844267423,72.50809239730111,72.69331444199999,2.58901929571077,0.7694343154022395,0.2170721016874862,0.4257522743177047,1.0,0.0407664294788681,0.0799135326912856,2.163829581841385,35.167430280264774,0.5706178621521916,0.5098554130693916,False,False,False,False,pachytene,32,mid,2.539364856233494,18.58
266,7.519528900162801,140.74729616597276,83.24018847254959,64.73174390999999,2.490823183759813,0.6943649211813734,0.2391520072169598,0.4179511501067109,0.998885255648038,0.0297291741540316,0.0263211639686452,2.439993758929975,34.543353733228756,0.5718840267153248,0.5722008592532878,False,False,False,False,pachytene,32,mid,13.422633055339075,18.58
519,12.936328949805468,141.80907912946788,78.49055638822053,63.32427710999999,2.472638025744025,0.6803111687349509,0.2772799598023616,0.4505214368482039,0.9995475795505956,0.0760955215009895,0.1046372312729547,1.9517141788552756,36.67583495598743,0.5734113628465431,0.6154645198288017,False,False,False,False,pachytene,32,mid,9.047828850275918,18.58
74,3.9244973025995007,141.71571536292268,80.4350413959049,76.528661472,2.6337739792789887,0.7577856792545365,0.2363003769208466,0.4147051379397621,0.9996869129618032,0.0265219793036134,0.0313560316928078,2.5416955114277138,36.134858347322655,0.5744362409962012,0.5698033501460268,False,False,False,False,pachytene,32,mid,10.91787779265427,18.58
91,4.117767755050217,138.60039236119897,60.82300542497571,73.854474552,2.6027316970565577,0.7429170372252573,0.1983757551748044,0.4360019767729182,0.9986564406874544,0.0651809614969714,0.1072566549556212,2.338139081342846,37.64435817712672,0.5786979069187048,0.4549882012991972,False,False,False,False,pachytene,33,mid,8.882591964245712,18.58
47,2.726560291888208,140.06395395050953,65.74301981808293,91.295333982,2.7933154970964216,0.7586268917495311,0.220220801859384,0.4345326804343197,0.999053559905356,0.0351253912659965,0.0634010073983397,2.0706457187370937,37.92917645448803,0.5790019533801515,0.5067991701781123,False,False,False,False,pachytene,33,mid,3.7574156060148685,18.58
520,12.82673213623088,142.15973266722028,71.85731125067906,82.17025756199999,2.696965223007836,0.7744725798623997,0.2730284347105917,0.4218987341772152,0.9993916705662144,0.0263728946994583,0.0397361026531977,1.799560012362334,38.55256192688533,0.5790811539435866,0.6471421044745498,False,False,False,False,pachytene,33,mid,2.6759535505733285,18.58
474,12.35603849736117,140.9756392396496,63.25213953882233,83.11326031799999,2.707242981792717,0.7188902373627615,0.2480181200453001,0.4112449799196787,0.9974108635848752,0.0296297239015543,0.0386605159136051,1.888446033033541,39.39273545429923,0.579211819579903,0.6030909364382786,False,False,False,False,pachytene,33,mid,5.969575113400228,18.58
372,10.444585900995497,145.8911155481837,80.91059850680692,69.280207452,2.5478480479418177,0.759903839642446,0.1996613995485326,0.3969820899732055,0.9995289407054112,0.0647831485309036,0.1187794343139194,2.2072613710601825,40.08674130328126,0.589701990095184,0.502948129377849,False,False,False,False,pachytene,33,mid,12.347123179287085,18.58
302,8.603907067606524,142.25962487964938,58.40709747436045,67.24407214799999,2.5226391533973485,0.7215167794599875,0.2254026780516204,0.4291619691845171,0.9992139394733396,0.0486761513905154,0.0503869190812263,2.1405814119927453,41.763470624543466,0.5898919200533326,0.5252158724127513,False,False,False,False,pachytene,33,mid,10.385757455955588,18.58
494,12.69573425522348,146.55869643769788,65.95687804599332,78.03230516999999,2.650911784644157,0.670735006763866,0.3020454979927356,0.4470008216926869,0.9974711451173648,0.0505718403007726,0.068688771298457,1.8889360828483803,44.197979726409145,0.5949620442899234,0.675715755619778,False,False,False,False,pachytene,33,mid,2.0458312947740604,18.58
6,2.8254082989533638,145.1224615738719,70.1395539431967,68.79932296199999,2.5419393550595117,0.7498380442565379,0.1998909487459106,0.438053700422516,0.9998837749883775,0.037045161735676,0.0543708045730749,2.150590850661505,41.83246925508347,0.5969399873812269,0.456316083058104,False,False,False,False,pachytene,34,mid,1.690732428108747,18.58
50,2.8926036410268763,146.91172324570172,75.94724924308076,84.140711082,2.718353022100412,0.7918815690429062,0.2291408508880628,0.4207635632953784,0.9996530789245448,0.0366489784324825,0.0858307933188786,2.2396678732735995,42.22864141000781,0.5982477565981265,0.5445833976056634,False,False,False,False,pachytene,34,mid,7.7548753725187165,18.58
495,12.725705178324434,147.8221983641063,76.29473808564536,78.006501612,2.6506195531254035,0.7076441931797679,0.1918536990856193,0.4756222999382843,0.9975715818602812,0.1185873822796141,0.1738403321940022,1.931860176891066,43.033939482797976,0.5985010401666367,0.4033740619615897,False,False,False,False,pachytene,34,mid,8.30369998102418,18.58
436,11.671498407292049,145.41056432018584,60.36063457280553,74.377583046,2.60886226280978,0.6807014223988394,0.1773118803835527,0.471750296325563,0.9964451913133402,0.0920567355947157,0.1119190410295201,2.0341748242268864,44.376569530666416,0.6001233173452308,0.3758596057376649,False,False,False,False,pachytene,34,mid,7.755844784449461,18.58
151,5.551149892252603,148.1625415338979,80.80167467057704,66.401937846,2.512064087267295,0.7301020948881902,0.2459534149230161,0.4339005235602094,0.9997406975236612,0.0449911302076915,0.0614932751484242,2.5961589961413987,42.32167947231741,0.6005209412996885,0.5668428627486707,False,False,False,False,pachytene,34,mid,12.766994339599421,18.58
49,2.210515009935109,145.81393120670353,66.16418701465943,43.680732138,2.1847433859120966,0.7467375543740937,0.0,0.6410093299406276,1.0,0.0850503332079933,0.177569153678863,2.4292431231713163,43.42545407583844,0.6016765240477947,0.0,False,False,False,False,pachytene,34,mid,2.0165673750472255,18.58
48,3.229391236913447,144.69222843017965,60.05309687586458,84.69666046799999,2.7243269449728467,0.7413172325929209,0.2024592263683716,0.4245182012847965,0.9997568093385214,0.0944853051453732,0.1389716797018506,2.1641767752045777,43.74894247984422,0.6030012486232639,0.4769153024667317,False,False,False,False,pachytene,34,mid,8.22132321680369,18.58
521,12.832112676056909,148.99867305547053,69.07034064386396,81.60961662,2.6908174955957667,0.7161540672607071,0.2815569297926519,0.4294683544303797,0.9982649243615463,0.0518959870002666,0.0812585973602066,1.8349515746740976,45.85090601857412,0.6080098751570524,0.6555941244287756,False,False,False,False,pachytene,34,mid,1.5479090848702948,18.58
373,10.547991663509348,150.35856559303232,79.45440888120615,49.524065136,2.2781163043017187,0.6538935202728307,0.1957957296940348,0.4989735869713972,0.9976378761425492,0.1648030256106486,0.1566833485515468,2.2832631058321278,44.76994069939942,0.6081126420007739,0.3923969821377708,False,False,False,False,pachytene,34,mid,11.964707770178402,18.58
138,3.1344080338265883,148.21622029598535,69.42367721987424,8.876423952,1.28444784898116,0.742600422832981,0.0,0.4753593429158111,0.9977638640429338,0.2362676408364406,0.3512876261607028,2.9468658604860742,45.007911176813614,0.6093103999526758,0.0,False,False,False,False,pachytene,34,mid,1.7105090649988954,18.58
256,7.599671815360176,147.693948253845,58.11029607248676,65.759194674,2.503932548337291,0.7044911354475083,0.166934835076428,0.4472477064220183,0.9969150950010516,0.0534806487426907,0.0782141104355041,2.164861712523954,47.118879191975736,0.6115709971397274,0.3732491697093468,False,False,False,False,pachytene,34,mid,9.416448071209825,18.58
291,7.569295737473967,152.11423159723162,79.59375417674865,53.326571274,2.3349899581603646,0.6900980952799894,0.2852794968043015,0.439318665720369,0.9973357015985792,0.1498910705378134,0.2101249224049607,2.319917242546243,46.445655200292975,0.6170464912838826,0.6493680306902437,False,False,False,False,pachytene,35,mid,12.506705132889705,18.58
522,12.97211893859953,153.59814338279546,76.3260306504113,42.521917806,2.165250153797859,0.6416395432228168,0.1565827057907036,0.5601908866995073,0.9989476145930776,0.1373141837996341,0.1444767627775034,2.154303942402563,48.64573558653428,0.6211476163321903,0.2795166960198986,False,False,False,False,pachytene,35,mid,9.671276148416599,18.58
460,12.276519440213749,150.93774018793627,59.26651288830067,81.63072862199999,2.6910495092918203,0.6749044512773356,0.2616017231251224,0.4329532396358172,0.9941147317556684,0.1003733890472807,0.0999884158380487,2.0115731188207158,50.006888212201915,0.6223215061678856,0.6042262747477561,False,False,False,False,pachytene,35,mid,7.540700930484672,18.58
354,10.62153329511038,154.3123048243115,79.24980013514723,57.279207204,2.3913113747903885,0.6229830452944549,0.234810073975563,0.4594829459048447,0.9966047533453164,0.131515700326444,0.1349352783306615,2.4199649662648017,48.66364284287193,0.62333220734991,0.5110310971676203,False,False,False,False,pachytene,35,mid,12.68094953511352,18.58
56,3.0671092791290127,152.58899210848966,72.66362959315242,74.55117061799999,2.6108902672763,0.7671250117995029,0.1961550993809058,0.446831509255506,0.999845995893224,0.072704154496684,0.1231140429343942,2.2981510622448265,48.5118454696408,0.623947841052818,0.4389911976165963,False,False,False,False,pachytene,35,mid,5.874745991122685,18.58
549,13.081570367934896,153.66121808170075,72.99603956603853,85.62324277799999,2.7342256562332747,0.7508835374373305,0.2768411006839509,0.4561750797316617,0.9995462794918332,0.0605211933005688,0.0718478412465203,1.6843970495439071,49.477991168306716,0.6248083935345249,0.6068746693633477,False,False,False,False,pachytene,35,mid,6.446346740467847,18.58
7,2.544408483679895,150.0712548133862,61.45120759881424,68.13077623199999,2.533678906896561,0.7304778956066658,0.175131717597471,0.4575881451200818,0.999637330754352,0.0531496762869116,0.0902247174453712,2.2700323552489245,48.6581833488429,0.6249369410602739,0.3827278295234514,False,False,False,False,pachytene,35,mid,5.615945602135921,18.58
199,6.166394527801908,149.9164695167718,54.46254538834828,63.786395376,2.4786382671896043,0.7052809649897028,0.2056695410843493,0.4452208634888944,0.9972464091687132,0.0622880732762218,0.0817918710988954,1.1637606914793863,50.125481029939465,0.6249566945199821,0.4619494681193877,False,False,False,False,pachytene,35,mid,12.450592300765752,18.58
51,2.7642404306218067,151.81243329544984,66.46370352272585,78.44281631999999,2.655552281885378,0.7789772727272728,0.2834012022493698,0.399810580435665,0.9997566554728184,0.0556881339168063,0.1007115485494872,2.251069625259056,49.19166748910824,0.6253030449049573,0.7088386754061227,False,False,False,False,pachytene,35,mid,0.33653156592723066,18.58
130,4.266749423656506,153.5860089448486,77.38771148075895,66.13921070999999,2.508746615004767,0.7569781876219188,0.2134986225895316,0.4318447168709866,0.9987312711454808,0.0517828545954155,0.109610209582098,2.495497455591755,48.38815122969558,0.6255306717985204,0.4943874829278374,False,False,False,False,pachytene,35,mid,10.701307084468516,18.58
523,12.99933657383126,155.10488542433166,65.63525981673584,71.424248544,2.5738645608232247,0.7246781397792958,0.2244425941345175,0.4816891327686985,0.9990012337700488,0.0235620537204881,0.0427130684881168,1.987690481794268,52.586464575700376,0.6284841715434,0.4659490506759931,False,False,False,False,pachytene,35,mid,0.38026640145326657,18.58
105,4.368938139030202,151.38442724053417,59.28006837265004,41.067535446,2.1402771280731723,0.67453018792483,0.1332522056586552,0.5412425412425412,0.9985622649856226,0.0999341611697438,0.1284053711383528,2.8668516653302043,50.438302823617754,0.6297652749929422,0.2461968443070744,False,False,False,False,pachytene,35,mid,7.424105445274212,18.58
292,8.338259570788491,152.6823207530827,56.402965214998815,59.681283876,2.424282255202596,0.6834761418127506,0.2173194673923607,0.4523779957779709,0.9981701010422468,0.1136948844760708,0.1395497432738195,2.060926292253801,52.36698938189764,0.6324260615860515,0.4803935412875874,False,False,False,False,pachytene,36,mid,9.9225886470574,18.58
451,12.26692439862565,157.39162706185576,75.63311592080822,60.07068302399999,2.429543355925906,0.6806076226179318,0.2128765277644114,0.4808656314952928,0.99888570518943,0.0711668993110928,0.1061171734256812,2.0642516196819254,52.49657858916791,0.636503903646428,0.4426944115395681,False,False,False,False,pachytene,36,mid,9.875377630198225,18.58
481,12.60642580019427,156.2647937196936,59.176509202229646,77.391907776,2.6436399999872746,0.7376939864209505,0.1816548463356974,0.4317078807487867,0.9981568818778122,0.058149806136107,0.0701586513577824,2.0244404888605563,55.21006718627642,0.6432317130208901,0.4207818630056545,False,False,False,False,pachytene,36,mid,6.3950445433145395,18.58
293,8.392505384063396,158.92262701722794,77.53569402727875,65.35337507999999,2.498771078003598,0.7289303661162958,0.1745545961307246,0.454051906779661,0.9991478762454116,0.0749900818389499,0.1141698246188185,2.4903539907802315,53.5455410100719,0.6444858621376661,0.3844375357186447,False,False,False,False,pachytene,36,mid,12.080698956921808,18.58
338,9.453329008190998,155.3902777349786,55.12062480739491,57.851577036,2.399250152110864,0.6713567431676264,0.2692273014155621,0.4697100555212831,0.998888603915534,0.0371618648914665,0.0532797658894892,2.09294906615991,55.29824652117573,0.6447190514063316,0.5731776406548809,False,False,False,False,pachytene,36,mid,10.543200861087861,18.58
60,3.4594756412682144,155.3551555398056,56.31682247116552,74.440919052,2.60960257563692,0.7467700258397933,0.2345937708353176,0.4225983076157292,0.9996676452667148,0.0487715251999002,0.0647867388250714,2.433616302358886,54.98715817120238,0.6463994634754358,0.5551223623182016,False,False,False,False,pachytene,36,mid,9.38762894298197,18.58
9,2.707168557984883,158.06042118276602,68.46323867515507,76.27766322599999,2.630891413524857,0.7825445151766768,0.1752012131109296,0.4242681374628765,0.9997567620159564,0.0471669232230217,0.0923803136009707,2.274404794556819,54.807034348173005,0.6480915525226877,0.412949259302461,False,False,False,False,pachytene,36,mid,3.0550976154496343,18.58
66,3.5769991337336324,158.73072301281294,73.823189801954,78.52961010599999,2.656531341077381,0.7323834274277863,0.2539140572951366,0.4417903783904454,0.9995180722891568,0.0478803741636645,0.0724722999681398,2.421848129489903,54.21829638577414,0.648512740902046,0.5747387668790118,False,False,False,False,pachytene,37,mid,8.424619776374918,18.58
8,2.4667603467931616,156.41744277382094,61.85755051833343,88.47570882599999,2.764257397302881,0.800010605297346,0.1848049281314168,0.4195943258650404,0.9998798894983384,0.0574660109948348,0.1514393845579619,2.1597689266538804,54.73790732064097,0.6498491373555286,0.4404371478342107,False,False,False,False,pachytene,37,mid,3.7514959181395486,18.58
524,13.005806309043466,160.05931384729732,70.04236835534019,84.92185515599999,2.726739322741127,0.7445997458703939,0.2114285714285714,0.4515466147523253,0.9989044488901592,0.0448996254851092,0.0969183513982939,1.9700196267611416,56.38605752656589,0.652414545525054,0.468231993156544,False,False,False,False,pachytene,37,mid,5.0540744120274725,18.58
525,12.895990762373756,161.24956812212258,63.44402977523589,87.35442694199999,2.7525302672567302,0.7491071188807433,0.2194001169688362,0.4294123943058974,0.9986131656804734,0.0510050794442191,0.093989216356452,1.9680508203847844,59.40436871666586,0.6540421504927991,0.5109310301196004,False,False,False,False,pachytene,37,mid,0.9102588297159735,18.58
381,10.668191469547224,162.6950859862212,74.99729211026518,62.97241041,2.4680497093454776,0.6674241013224065,0.1577358490566037,0.4700940860215054,0.9996139592340952,0.0979171930315504,0.131371984725937,2.470060743181496,57.80316149352145,0.6582741264005384,0.335541019865942,False,False,False,False,pachytene,37,mid,10.484579041643954,18.58
212,6.533118113551626,159.20928078110475,52.33605290546738,66.849981444,2.517701433936782,0.7293494280300372,0.2691870380898238,0.4008816284195514,0.9982703565726452,0.0786993854230636,0.1161017898604717,2.5035145645069417,63.61295780874492,0.6633695234267805,0.6714875888702494,False,False,False,False,pachytene,37,late,11.390607126755677,18.58
410,11.001449333068605,160.1487964085223,53.27357853075813,58.91421446999999,2.413851195546017,0.6130599243479993,0.2970196759259259,0.4385676065033957,0.9913629660838424,0.1340637629363661,0.1131051387086878,2.101796044155478,63.90642285072575,0.6656135917180428,0.6772494628456471,False,False,False,False,pachytene,37,late,10.096187495656945,18.58
482,12.496795117698012,161.2979297157824,55.85365814123743,67.26518415,2.5229031290335917,0.6640627724498692,0.2281868440028843,0.4724384926814076,0.9978805817437696,0.0973126096111001,0.1273725647390654,2.043548044993645,63.49971182487692,0.6668606584481471,0.4829979934695199,False,False,False,False,pachytene,38,late,7.301209088635056,18.58
426,12.028114459797102,165.14138049178817,73.21801921444913,64.68013679399999,2.4901610749355267,0.703042831755703,0.2523739956172388,0.4406448461162677,0.9996529223934472,0.032185055660684,0.0293790435764356,2.24344052032887,58.699612168377385,0.6683151300859259,0.5727378814063059,False,False,False,False,pachytene,38,mid,9.510718238123046,18.58
10,2.5039487455991467,161.81013039106958,55.91767143899201,73.96003456199999,2.603971132637265,0.7846109930540137,0.1534530042383445,0.4550139891032249,0.9998031592933418,0.0430824718919937,0.1059367755924544,2.313908950132016,63.898525142895565,0.672008352010067,0.3372489811594167,False,False,False,False,pachytene,38,late,6.973497063489492,18.58
175,5.93657606434576,165.0923337678557,74.26129197753589,67.661620632,2.527849781010272,0.7107544029954236,0.2402331299517348,0.4376123696512046,0.9997335287455864,0.0425987686118094,0.0592054022033888,3.013063269565029,58.699612168377385,0.6734888116426768,0.5489632985996504,False,False,False,False,pachytene,38,mid,10.447718924592229,18.58
61,3.3559245283017614,165.27292409660762,69.0118071124544,77.70389624999999,2.647187655011944,0.763833962264151,0.2600264850548619,0.4247731049469513,0.9997975913369092,0.0256829280960259,0.0500434314485705,2.59510571785279,59.83157803396251,0.6765398720815324,0.6121538346627098,False,False,False,False,pachytene,38,mid,5.945762609390207,18.58
11,2.286859651072302,163.29154539670907,62.27224426325096,84.43862488799999,2.721557499363389,0.7516112901433493,0.1876249318553516,0.4728777541662006,1.0,0.0348803939783438,0.0663045432989036,2.285323836304659,61.756543576218576,0.6768346868762276,0.3967725912295883,False,False,False,False,pachytene,38,mid,0.8101293829304185,18.58
508,12.998630636697204,166.56254640121674,68.28709307180746,83.59649058599999,2.712479589122119,0.7142576535623089,0.2815212022860368,0.4604733379161347,0.9981666753967838,0.044875413175587,0.0712382481164365,1.95299666325534,61.30891674121576,0.6788007785308192,0.6113735130899366,False,False,False,False,pachytene,38,mid,6.021962827942412,18.58
538,13.046089643697112,166.6934743826158,60.07087292992701,88.813500858,2.767770822375831,0.7336309130767809,0.2238128222889248,0.4419434804164601,0.9972172436562587,0.0681525234897878,0.1220876531737212,1.8483720956662104,65.80836228783551,0.6791358789219109,0.5064286095543655,False,False,False,False,pachytene,38,late,0.8539665877190828,18.58
274,7.98481095176013,163.6331339634945,50.64164401347304,64.77162213599999,2.491334572317018,0.7101260321599305,0.1820968730839975,0.4227886056971514,0.9973510882016036,0.0581106596320424,0.0702365027945148,2.069415617659269,68.2578973335223,0.6827781315603321,0.430704306195129,False,False,False,False,pachytene,38,late,10.459996959300861,18.58
200,4.750206060605943,165.0630361454531,52.12314909090911,9.676334249999998,1.3219268309970924,0.5920000000000001,0.0344234079173838,0.5335710041592394,0.9888378200919238,0.0965204672691661,0.0774423967860765,2.240865995836953,68.6753565335927,0.6873544954468361,0.0645151397828029,False,False,False,False,pachytene,39,late,8.443761516522542,18.58
12,3.0502517263199493,166.5398959146143,55.60209119095293,85.26668452199999,2.730425024913402,0.678175465624914,0.1522574099572432,0.5031629338348436,0.9986895271377088,0.0607033871949021,0.0882075926983083,2.628175382411076,68.06556566355313,0.6906999996497061,0.3026006085082962,False,False,False,False,pachytene,39,late,4.713840872857244,18.58
496,12.641571346042824,167.10910645869987,54.045754211437526,60.90812576999999,2.440781346120422,0.7192374350086654,0.3228053878309336,0.3908093278463649,0.9967686180205908,0.0789151635025679,0.0881810994390261,1.9728352849748136,69.37809757099653,0.6907072659632794,0.8259920243199389,False,False,False,False,pachytene,39,late,5.7254956703293525,18.58
345,9.961712575253388,170.45365155886998,70.64813344768474,69.74701727399999,2.553557707260244,0.7484613056200182,0.2031749414020882,0.4054017916833801,0.9996400719856028,0.0138133485403366,0.0280254841145274,2.6632348371162315,63.3372279820531,0.6928078157209635,0.5011693228054809,False,False,False,False,pachytene,39,late,10.096415492378615,18.58
437,12.030375465103363,166.98598596234672,50.42039254707577,62.414115246,2.4607343765652145,0.6368624797985493,0.2089405600130996,0.4390395363278824,0.9951241134751772,0.1042722878801173,0.1197131523141295,2.0838397518326857,71.21052992859366,0.6949134027503522,0.4759037460741558,False,False,False,False,pachytene,39,late,8.856086270979192,18.58
241,7.246372598010407,167.8918326988673,48.791469695179295,51.637611114,2.310073746099587,0.5669831463226276,0.165031534688157,0.5033571128829207,0.990823381521056,0.1265767723889256,0.0986006228679694,2.310994075411445,72.84642121232173,0.7002121465979426,0.3278617316897692,False,False,False,False,pachytene,39,late,9.749287074448393,18.58
13,3.495126419933925,168.33759006439013,52.40115881013448,89.62279426799999,2.7761523156222028,0.7081871957284196,0.1482160592864236,0.5134092743743833,0.9998098045742,0.0198550504572386,0.0373812152515162,2.387227753307396,71.29511270322985,0.7011346695007135,0.2886898750846152,False,False,False,False,pachytene,40,late,6.459606687972687,18.58
14,2.72290375304514,170.093744999535,63.95432114904351,76.06654320599999,2.628461925197325,0.7621734973941469,0.1865836937031958,0.4101400414937759,0.999948299038362,0.0396099717825776,0.0659138933934172,2.395353453229386,66.6085230095742,0.7040216943969951,0.4549267928672293,False,False,False,False,pachytene,40,late,4.245322888103017,18.58
497,13.004941373533685,173.02537708542275,58.968524597989,84.02576796,2.7171146268483914,0.7499720826353993,0.1917696958758235,0.434457347029924,0.9968872713341634,0.0586735002421162,0.0861695330570804,1.9346924158124064,71.75008343987037,0.7043129452920336,0.4414005130464855,False,False,False,False,pachytene,40,late,1.5963626624434766,18.58
509,12.800129916144977,172.6142786081194,65.56142659147228,79.446809304,2.6668337963849384,0.7073048305184835,0.2863724713843496,0.4311510138202361,0.9961564938044974,0.040706963971497,0.0771010966155685,2.105912899694438,67.88089472034727,0.7048118824882691,0.6642045645374491,False,False,False,False,pachytene,40,late,6.950308619065763,18.58
158,5.127819063004571,172.41879979966822,68.07687261712556,72.60182909999999,2.5879327366070406,0.7684006462035541,0.2107465316009689,0.3966238839285714,0.9992975630842384,0.0318765774956813,0.0762842930832859,2.781998283377749,66.37199392694909,0.7056111693978333,0.5313510863579828,False,False,False,False,pachytene,40,late,8.972411254495203,18.58
15,2.192531781771802,171.24576579125025,58.69389130434861,58.86260735399999,2.413146168803553,0.7558283186546049,0.0466780768632332,0.5718948914640117,1.0,0.0902739503427353,0.2149570037670191,3.005307915181735,70.39232514093838,0.7105558138474016,0.081620027665819,False,False,False,False,pachytene,40,late,0.4135980172145895,18.58
219,6.806623896017105,170.32030681969033,47.00689672971049,56.30805511199999,2.377719608017769,0.6924262622896185,0.2068965517241379,0.4351889475822836,0.998303647158609,0.0397409140698024,0.0675749046679119,2.278502105554179,75.8526599589904,0.7121423677157629,0.4754177533082198,False,False,False,False,pachytene,40,late,9.960748235462265,18.58
16,2.2171532206164977,173.5183797490138,53.13901414614092,80.192766708,2.6751544596606465,0.7723044521149008,0.1748993004027984,0.4501541623843782,0.9997163791065942,0.0406986933071476,0.0947242187186744,2.256370098402093,75.28074087101066,0.7198721445561865,0.3885320075158057,False,False,False,False,pachytene,41,late,3.0684740805141733,18.58
306,8.673602159608867,176.40989009954376,65.46926311118378,69.51713102999999,2.5507491096323336,0.718474776446769,0.2647395787432801,0.4298214071676854,0.9983864721827804,0.0375860090830127,0.0644768032679507,2.4159059220571946,71.13887595365927,0.7241349967487285,0.6159292541704368,False,False,False,False,pachytene,41,late,8.89985189489175,18.58
67,3.904497457958525,174.29697346322197,47.31267257794854,65.97969780599999,2.506728147199812,0.7286948483663385,0.231675392670157,0.4264185558904468,0.9986921266021448,0.071097014694348,0.1142139073621498,2.449366263098714,82.05254830686728,0.7290990553855221,0.5433051387418464,False,False,False,False,pachytene,41,late,7.021922060239382,18.58
106,4.040240182384691,176.3307090742709,62.2161609093529,73.054564254,2.593300926040148,0.7775423048518126,0.1945122660155795,0.4689665127020785,1.0,0.0402506860427757,0.0973286839300066,2.8213495010487044,72.80960863134698,0.7299039265381102,0.4147679221163236,False,False,False,False,pachytene,41,late,6.107434324035501,18.58
438,11.48038585208982,178.84863897742446,61.86827209639173,66.38786317799999,2.511886587596168,0.6910003180099643,0.2550472783030922,0.4295025728987993,0.9975908891809024,0.0868838605922075,0.1129484362630904,2.284486127482601,75.12405534860085,0.7304860872754407,0.5938201407775671,False,False,False,False,pachytene,41,late,7.158307302264133,18.58
315,8.763033244006731,175.22816067212258,43.4835834359384,64.77631369199999,2.491394721875754,0.6759252553052799,0.2050279825886115,0.4570343055089954,0.9945101677878296,0.0542031606843188,0.0559780724609737,2.37135726798692,85.73613022391386,0.7361772070894208,0.4486052362311698,False,False,False,False,pachytene,42,late,8.42201403432091,18.58
539,13.152101296024265,180.9179483813226,56.07446709777019,86.516984196,2.7437060929663897,0.7450789002765577,0.2440299107501808,0.4358647096362476,0.9983474976392824,0.0631372034676705,0.0924704469409385,1.9542222345706108,79.19915850482104,0.7372478933879156,0.5598753589246463,False,False,False,False,pachytene,42,late,3.4524022546258264,18.58
17,2.757505061799379,177.983242751807,56.22192683206893,77.62413979799999,2.646281640503329,0.668761899005772,0.166527260284389,0.4852659428884225,0.9990761271249076,0.0181472087566469,0.0325854624160654,3.086068608919556,77.40850414984729,0.738755302066289,0.3431670050718534,False,False,False,False,pachytene,42,late,1.9227157267363886,18.58
143,3.867278032513525,175.3131643393082,41.76048451437991,11.255042843999998,1.3902284797719289,0.8803668195081283,0.0,0.4599303135888501,1.0,0.1152517276790966,0.4799602030012118,1.206136672357165,87.20465043001661,0.7427602248832248,0.0,False,False,False,True,post,42,late,9.327411141218738,18.58
52,3.6080404572690994,179.98203994305482,58.10229415239544,55.19850211799999,2.36199819365702,0.7236836513535336,0.1142896063206647,0.5061519532451554,0.9992659472950158,0.086531228232993,0.1692820505114567,3.138206335784661,78.09384288545496,0.7453014123195945,0.2258009785162449,False,False,False,False,pachytene,42,late,4.580023064732434,18.58
18,2.484829833453876,179.8813365767582,50.50193619659765,77.748466032,2.6476936872339127,0.7659003137822834,0.1991949633605119,0.4482536409331099,0.9997003446037056,0.0637940710959274,0.1485041730779438,2.6599744859075214,82.58492754310943,0.7468734484527445,0.4443800232070764,False,False,False,False,pachytene,42,late,0.6130932934613906,18.58
62,3.215788776253831,178.4810118863094,44.58446510634156,70.809654708,2.566460724277599,0.73189558073279,0.2393796992481203,0.4354380328679105,0.9995805369127516,0.0361692897461932,0.0476026595161701,2.710510066017616,86.67012276538591,0.7483336443656466,0.5497445817295793,False,False,False,False,pachytene,42,late,5.1173749607848915,18.58
308,9.164955865603442,183.80288145999063,57.99769516657253,65.906978688,2.505806883660253,0.6926608769931664,0.2143572013465562,0.4409959467284308,0.998270893371758,0.1256086554875128,0.1649252328425574,2.539361436969091,79.19915850482104,0.7567306327375417,0.4860752189147881,False,False,False,False,pachytene,43,late,6.88688113960749,18.58
267,7.588843417025904,179.79231861520034,40.447544441986125,63.62453669399999,2.4765399673849062,0.6715702540279467,0.2156379325526107,0.4610462505612932,0.9976184805906168,0.0986476748463328,0.1017150855148929,2.174221459171205,90.82264925087071,0.7581373527531156,0.4677143177936831,False,False,False,False,pachytene,43,late,6.378391101741439,18.58
68,3.6137443193044874,183.2029505868335,54.66915951392863,59.35991229,2.419922998806824,0.7413949812290062,0.1370170117367796,0.488080684596577,0.9994551893217108,0.0296873357135594,0.0556739001094246,2.721987356698239,81.03017652083393,0.7586670358022802,0.2807261505339655,False,False,False,False,pachytene,43,late,4.484123502709714,18.58
540,13.190969285998452,181.4300149102468,49.46453391304498,88.21298168999999,2.761518545833744,0.7036298364579179,0.2110851560840942,0.4599371915657245,0.9964565932675272,0.0714015747567185,0.0938709820319824,1.822027617851884,84.31681352703227,0.7632185017598743,0.4589434382671148,False,False,False,False,pachytene,43,late,0.07623900465681849,18.58
445,11.64925237453391,187.54131512805785,52.31058725431765,74.83266397799999,2.614172242092824,0.7059966772201498,0.1747470303563572,0.4796886661691011,0.999230222643297,0.0465576363338631,0.0572933095703983,2.2696172183666743,85.43041631122102,0.7676649039637365,0.3642925978466935,False,False,False,False,pachytene,43,late,6.725141080385833,18.58
166,3.8356625258799326,178.44846614906714,36.06919728260811,9.064086192,1.2934365798333682,0.8338509316770186,0.0,0.4065420560747663,0.998933522929257,0.0643395610131933,0.0916744543724016,1.090043578590192,93.67107127365185,0.7682136949548745,0.0,False,False,False,True,post,43,late,9.96480369358042,18.58
19,2.725259627866561,183.84941337623675,43.13551861207322,86.73748732799999,2.746035048145837,0.7809660320207702,0.1495327102803738,0.4694406716878627,0.9999161038634172,0.0661528757230205,0.1569683981647632,2.1296202035803105,90.90364952659692,0.7701997264170504,0.3185337771069826,False,False,False,False,pachytene,43,late,1.5123185586717458,18.58
483,12.575357879602509,183.1610362286586,42.04192189160388,75.050821332,2.6167101160248905,0.7009751828467838,0.2542095416276894,0.4747569771088115,0.9971066907775769,0.1236619770758847,0.1532040649727456,2.0683569249996308,91.4154328685012,0.7711136354026696,0.5354519341153906,False,False,False,False,pachytene,44,late,2.6988659430093667,18.58
186,5.779267751478927,187.78954456730835,53.20691687130133,63.42983712,2.474011205233474,0.7228550295857988,0.1565559932470456,0.5090739258073125,0.9999337879891412,0.0674672699632547,0.1239257116569338,2.7950395015239926,84.83207258974501,0.7782947730084526,0.3075309602603827,False,False,False,False,pachytene,44,late,7.437187025366186,18.58
307,7.393014853472386,178.65791453231694,33.383268486551074,5.843332997999999,1.1173537109682532,0.7450822962665596,0.0093603744149766,0.4787401574803149,0.9979166666666668,0.0320915756367501,0.0463995422835973,1.3368749547945378,96.00372875405301,0.778304480129613,0.0195520978733886,False,False,False,True,post,44,post,11.41265679018253,18.58
139,4.713665254236976,183.9339753832201,37.915288095090936,75.29009068799999,2.6194879420130963,0.7043556829511466,0.2142916287157407,0.4492570344609548,0.9990923942639316,0.0811802338241655,0.1122248407399756,2.215959125298048,95.25470293648961,0.7798851431217303,0.4769911482251146,False,False,False,False,pachytene,44,post,4.462734991196029,18.58
391,10.585624843476026,184.04251252817124,37.51346688580159,74.93353243199999,2.615346279875306,0.6607187578261958,0.2085006937851456,0.4896659900350618,0.9973589760953476,0.0848363612673366,0.0993596902413781,2.05279134612302,95.6473796252409,0.7815273585143498,0.425801869086755,False,False,False,False,pachytene,44,post,4.679592293347088,18.58
309,8.746063443219185,191.3417150391205,49.938893105706754,71.656480566,2.5766511359632225,0.7062231970406259,0.175789860396767,0.4560953866726097,0.998740157480315,0.078027650441464,0.1234290776652917,2.410086231996295,89.53692428784656,0.7885758594575869,0.3854234564379641,False,False,False,False,pachytene,45,late,8.51527092385277,18.58
498,12.75332724053311,187.82829587594424,46.45326121836935,82.13507089199999,2.696580206267935,0.6896098703375793,0.2322690025430912,0.4760765550239234,0.9990351872871736,0.0639414645571485,0.0950630851566125,2.0325713046978136,90.42123714747439,0.790972044515026,0.4878816234322218,False,False,False,False,pachytene,45,late,3.645801277526363,18.58
510,12.85199684293596,188.41248290766205,40.31465534017319,74.30251815,2.607984310589081,0.6739700078926598,0.2274835427887492,0.4814563764888157,0.9973830552829572,0.0347280054195095,0.0370235575864416,2.0542379324016773,95.8121770334343,0.792795975604737,0.4724904558285224,False,False,False,False,pachytene,45,post,1.4684959621286204,18.58
275,7.836557996692923,186.72985324238795,33.98876083451432,79.43742619199999,2.6667288029282794,0.7571462319867706,0.228010888951469,0.4437013618677042,0.9992924647495832,0.080978442789083,0.1773668438298883,2.0742149645887977,100.0742306803058,0.7952801109569331,0.5138836806623408,False,False,False,False,pachytene,45,post,7.052599975413101,18.58
20,2.1366178428760785,189.2817181377252,36.15897065816965,73.990529676,2.604328972226593,0.7398389448988649,0.1765178123432011,0.4783085547160614,1.0,0.0740139300999277,0.1279287107839403,2.129291592423651,99.72990897887269,0.8041353081021898,0.3690459026976583,False,False,False,False,pachytene,45,post,5.325111998182556,18.58
365,10.175482450460342,193.90317583213945,45.1100954830985,72.44700775199999,2.58609186298386,0.7078098691879291,0.1808278867102396,0.457668439716312,0.9988733099649474,0.087698918992497,0.1191020558186282,2.380746558039508,94.96751223357248,0.8057431212088167,0.3951067432622766,False,False,False,False,pachytene,45,post,7.907154355662901,18.58
355,10.477638477319202,190.43167790875748,31.76139340258631,72.03649660199999,2.58119802821968,0.6776840665602918,0.0759032770049481,0.5312184279652455,0.9998711091061416,0.0458136445407495,0.0732268141127999,2.2313926628260456,104.00596142630887,0.8151153345645875,0.1428852483444231,False,False,False,False,pachytene,46,post,9.839113032727989,18.58
461,12.472042914082532,193.69234466420437,37.58593545806106,78.27626608199999,2.6536715222260767,0.7366118253468789,0.1627929129357973,0.4685402207304585,0.9979906937394248,0.0426740744499473,0.0825553418462007,2.1827625075326766,101.05053327822424,0.8161247454157239,0.347447040260496,False,False,False,False,pachytene,46,post,7.411204224743285,18.58
69,4.335047720042257,190.75099432993372,31.46351511466069,70.786196928,2.566177287785888,0.7141105514316013,0.2047382005899705,0.4285383099571114,0.9994904783134833,0.0733694796099529,0.1028784759022932,2.5390790909323755,104.43227986555586,0.816682124562641,0.4777593877440291,False,False,False,False,pachytene,46,post,10.228843189668988,18.58
107,3.3872901222833107,196.1688958753089,38.738195685231744,37.023414174,2.0675814100810834,0.7286320724830514,0.1143507030603805,0.493579266869017,0.995130729332063,0.2095565581830664,0.4194169182434358,1.0485218220320367,101.5026998306166,0.8282005146122925,0.2316764717159933,False,False,False,False,pachytene,47,post,9.324913171813803,18.58
356,10.32109093336875,198.19189224195995,40.61840378888981,70.27012576799999,2.559925779174444,0.6851048204032582,0.1241411327762302,0.5243294816071239,0.9990168447270106,0.0971999006920676,0.1380267810994322,2.418731311738704,101.09803550973494,0.8300771115424448,0.2367616873186778,False,False,False,False,pachytene,47,post,11.069547028389827,18.58
322,7.905799903334961,193.4604932334456,27.0696085548574,9.706829364,1.3233140655315616,0.7274045432576124,0.0191304347826086,0.449468085106383,0.9971416904859126,0.2464348362078497,0.3896329362475151,2.515486196375668,109.58818120269675,0.8330931785009801,0.0425623874453305,False,False,False,False,pachytene,47,post,15.32865531872614,18.58
159,4.464516129032229,197.69014438816544,39.13709656091729,8.799013277999999,1.280703081814682,0.7003465742468675,0.0846905537459283,0.4217081850533807,0.99750499001996,0.0875080064382143,0.1436863222067773,1.0340214526727538,102.03507264395734,0.8356676649420944,0.2008273890515263,False,False,False,True,post,47,post,10.728454358787811,18.58
323,10.065253878104915,195.4285434390052,27.7082662795623,55.346286132,2.36410425634151,0.7450199203187251,0.0668527997518225,0.613031914893617,0.9948289578361176,0.1712733394982447,0.337656076667535,2.259950564795598,110.1758558161872,0.8382052435305529,0.1090527232394155,False,False,False,False,pachytene,47,post,15.69504420278272,18.58
419,11.532869273872295,200.40644109237536,34.99753819825508,81.21552591599999,2.6864792091591543,0.7192247703772168,0.1878863826232247,0.4750540067894249,0.9986150322271348,0.0599933462488302,0.1177526124992832,2.3959523207382865,106.98515597999858,0.8445511921163292,0.3955053108446011,False,False,False,False,pachytene,48,post,14.58267751370868,18.58
324,8.574064295698033,196.6904603509857,26.081950054356994,15.104464542,1.533459257049275,0.795931045193353,0.0817610062893081,0.3485540334855403,0.9978422440661712,0.159491821538586,0.3448764438537399,1.6533510370547615,112.23086075517753,0.8451805589735342,0.2345719700090631,False,False,False,False,pachytene,48,post,17.74391724789674,18.58
339,9.620937136956131,195.954751568349,21.323161417323163,36.345484332,2.0548838729444534,0.6092681037821093,0.0318247241324164,0.696399074991741,0.9997271487039564,0.1151319271234563,0.1088772764097257,1.22265847618417,115.73716911136458,0.8585354354189658,0.0456989753077915,False,False,False,True,post,49,off_axis,21.592492379685087,18.58
462,11.646646190428136,202.24449324284248,23.985386525314627,71.027812062,2.5690936904307136,0.7134978037583803,0.1897823853553749,0.5077809798270894,0.9990434626651522,0.0339833238288413,0.0635292048179522,2.2699001353793404,117.10332459800307,0.8692522452171528,0.3737485114546828,False,False,False,False,pachytene,49,off_axis,22.780841830129045,18.58
167,6.081812853399982,187.79782708936008,15.919795681629516,136.073890224,3.1907692442410767,0.8067852709971038,0.126150007796663,0.5365810135617416,0.9999754269566286,0.0311464650307291,0.0706724779182376,1.7752728023823527,115.5735766872861,0.8790360934473812,0.2350996487171599,True,False,False,False,pachytene,50,off_axis,25.119083461217187,18.58
556,12.881200086336904,198.33018972588133,10.614568789122137,10.867989473999998,1.3741058860451691,0.6406216274552126,0.0831497797356828,0.5423423423423424,0.9868189806678384,0.1909389204529687,0.183450102289532,2.201645991784714,125.90932651923372,0.9033608546350884,0.1533160390475215,False,False,False,False,pachytene,51,off_axis,32.41207654007039,18.58
325,8.329055926953062,202.67211319908853,11.471368033588018,57.546625896,2.395027026507296,0.7448638512962661,0.2660647279549718,0.5154177983703467,0.9995134834584376,0.0711486849442856,0.1197987751005064,1.0554447010920722,127.66106054423445,0.905517577737972,0.5162117582982544,False,False,False,False,pachytene,51,off_axis,33.39565849656321,18.58
499,12.04024186285891,196.58003512157296,8.650986723272887,18.233732394,1.6327849516424884,0.6242120159526566,0.1217678893565844,0.4166381376241013,0.9915584415584416,0.097281838805754,0.0495089307561729,2.565346874455304,126.53717748376556,0.908041310537296,0.2922629456126402,False,False,False,False,pachytene,51,off_axis,33.72986309746059,18.58
194,7.038560732113584,211.91531321131063,19.285026950915967,112.78500624,2.997235856716517,0.7743552412645591,0.0771520925484858,0.6486312102497926,0.9999697144068568,0.0766608159223863,0.1776683565592566,1.8708878671213007,126.45273525210635,0.9107694322750222,0.118946007113617,False,False,False,False,pachytene,51,off_axis,32.97204276183325,18.58
475,11.925818459483118,199.0568213276653,7.856132857688519,49.15343221199999,2.272419006527572,0.7391906079984729,0.0865786394785225,0.596523330283623,0.9976236105787658,0.25405128529251,0.4303288540806019,1.6647431205773284,128.5945375905382,0.9134179745758336,0.1451387315184434,False,False,False,False,pachytene,52,off_axis,35.2527236984291,18.58
185,6.312771864877076,186.4390438708986,5.7517598773716845,101.38452516,2.8926397777686104,0.7353540027764924,0.1142259738248276,0.6020283266305299,0.999553754044104,0.1093151396599383,0.1967484461220944,1.9324155861690635,123.18614825292852,0.9192308059196328,0.1897352147267468,False,False,False,False,pachytene,52,off_axis,35.28500597310656,18.58
21,1.1450768383641192,217.9641723231732,12.46679535966367,46.861607106,2.236537527607529,0.7374480652750663,0.1870737755734656,0.507721639656816,0.999141925519135,0.0822845094551284,0.1299700080697232,0.9967176875195406,135.49752928941004,0.9532871162039172,0.3684573612027139,False,False,False,False,pachytene,54,off_axis,42.0309747945592,18.58
411,9.802565084226718,223.31146958269517,15.64922561255765,12.254344272,1.430212236068434,0.8600689127105666,0.0592020592020592,0.4062927496580027,0.9997543601080816,0.0895158468224908,0.3261118649411341,1.1247538617906003,135.90133549384683,0.9582956154570116,0.1457128123794791,False,False,False,True,post,54,off_axis,44.1959551279271,18.58
366,9.084204909284717,225.4429550586972,17.501557395943717,21.97993986,1.737717988363016,0.6345784418356457,0.1336032388663968,0.5236565420560748,0.980143956316704,0.2172837133259113,0.1939031596640381,1.7972617929967871,135.58106745354988,0.964140836224976,0.2551352425424108,False,False,False,False,pachytene,55,off_axis,44.960762189959844,18.58
420,10.854005768306775,224.6407674250962,14.098457038136042,58.560001992,2.4090038339025126,0.8319179618650857,0.0816371197198512,0.6127264061010487,1.0,0.1025062698856166,0.3148471656406069,1.417498410809564,137.93220958802817,0.9652020383684156,0.1332358437745996,False,False,False,False,pachytene,55,off_axis,46.177545182982406,18.58
439,10.689948523435357,227.45843205093743,16.127838824167426,8.658266597999999,1.2738377498257194,0.698184773774045,0.0583262890955198,0.5062836624775583,0.995047052996533,0.2454758881601991,0.3211320198103153,2.0531340135572487,137.85444894613238,0.9727736353951892,0.1152047625042714,False,False,False,False,pachytene,55,off_axis,47.39725796830679,18.58
232,6.254847401166376,236.9994533630525,20.579912687993623,47.884366314,2.2526914553092108,0.6667809729094205,0.1258193034314355,0.4976477506615701,0.9954918032786884,0.0562922280233034,0.0603466482193316,1.672543840158882,139.5857724766946,1.0,0.2528280360238182,False,False,False,False,pachytene,57,off_axis,53.89961456075872,18.58
