nucleus_id,cz,cy,cx,vol_env,r_eq,gap,gap_int,thick,void_big,void_off,offset,syp_io,s_um,s_norm,score,merged,mitotic,crescent,post,cls,row,zone,r_um,off_axis_cut_um
303,7.104432375613025,2.651860590399522,58.35212727750544,26.779401648,1.8559691506775111,0.5604414856341976,0.1292729481173,0.4832602630530092,0.9664168748265336,0.1253862268917978,0.0712450510371594,1.332149784476018,-114.87410319315129,0.0,0.2675017128464378,False,False,True,False,TZ,0,off_axis,120.61238485196894,10.13
236,5.814531358711871,4.465133326707634,55.41335647549926,23.600872458,1.779425525747731,0.3696451644965709,0.1014451686030036,0.5463576158940397,0.7480190174326465,0.3129919412002834,0.053593714216756,1.2905781858008822,-112.84952420066278,0.0101275726786776,0.1856753995036794,False,False,True,False,TZ,0,off_axis,117.84933040773812,10.13
444,9.833230038899892,5.0958481044375326,60.184395740751405,35.578414925999994,2.040324895731327,0.5016812817300719,0.1457956600361664,0.5295051600952633,0.958120531154239,0.164389496024891,0.074183139475711,0.9825052860304831,-112.57154932777524,0.0112532250668849,0.2753432280243242,False,False,True,False,TZ,1,off_axis,119.0597871931976,10.13
445,9.798817465130153,5.35453687841148,55.5544766297761,30.945503376,1.9476144172107548,0.4990903577926016,0.2041430808141635,0.4674636803874092,0.929718875502008,0.2378749951489805,0.0943261985703396,1.2586815184278046,-111.97291418041803,0.0130005495562459,0.4367036186532835,False,False,False,False,pachytene,1,off_axis,117.07019288333107,10.13
183,4.7200130378095215,6.74259279661036,59.06737067796513,35.984234519999994,2.0480531344817225,0.5764667535853977,0.1811192336778422,0.4808373095274742,0.9857410881801124,0.0711798958760109,0.063943570986561,1.204691571264009,-110.84708245089084,0.0131564100322871,0.3766746674791744,False,False,False,False,pachytene,1,off_axis,117.10662645041405,10.13
127,2.724916021615214,5.98574590331524,56.79383598656503,32.123083932,1.9720119440812751,0.4206951949759019,0.1160017829284599,0.6213286272532459,0.869379717755169,0.4432025002059411,0.1151933600014609,1.5437102647509224,-111.43460212968822,0.0157163914948836,0.1866995625829728,False,False,True,False,TZ,1,off_axis,116.93780550526168,10.13
534,11.519739696312442,6.7656443036875125,57.72149437744118,27.03509145,1.861857382850156,0.4395661605206074,0.0725157955198162,0.5324353615110698,0.8988145639288738,0.5275655853849397,0.1429404312976716,1.078782943545041,-110.72507022127806,0.0166702538423577,0.1361964301432082,False,False,True,False,TZ,1,off_axis,116.56521576552689,10.13
320,7.499627827082815,6.634152705410607,53.23225594045155,24.581407662,1.8037349203952404,0.4663612940166046,0.0778364116094987,0.532725321888412,0.9734337827121332,0.3097872276595552,0.1553747961823374,1.2783676245959952,-110.52590854492202,0.0178535500505423,0.1461098401209522,False,False,True,False,TZ,1,off_axis,115.05033231039427,10.13
184,4.332380861060529,7.598923655191831,54.04125346629414,24.464118762,1.8008615365509786,0.4706107968165691,0.1225365543547362,0.5595000905633037,0.9415558242644096,0.4655678412788274,0.206681384444048,1.291838500793433,-109.62327464908394,0.0195706714591188,0.219010785559242,False,False,True,False,TZ,1,off_axis,114.43216562499454,10.13
274,6.672768759371674,10.015162350869982,59.4428544885576,35.981888741999995,2.0480086299697797,0.4493122107047396,0.1943729136862184,0.5378240795548715,0.8121460037759597,0.5760831462904866,0.1230105120283122,1.175082417933197,-107.61100896737094,0.0204851735335558,0.3614061197242983,False,False,False,False,pachytene,1,off_axis,114.2535551228445,10.13
503,10.842709823108214,8.798305043281953,61.16453026721741,31.16366073,1.9521804209846607,0.4840045163718479,0.078381285291745,0.5489423778264041,0.5817799158147925,0.7319031649635152,0.0815495156550286,1.072446680954268,-108.9512409314977,0.0212215800785645,0.1427859980533915,False,False,True,False,TZ,1,off_axis,116.06775198975659,10.13
518,11.20492366133337,8.726302761341213,54.11045851413391,32.111355042,1.971771905621363,0.4493388852363211,0.1962038814246107,0.5031838684001061,0.9084593379648548,0.3443327163163344,0.119453202442739,1.10671247061335,-108.50404289455136,0.0237930883342743,0.3899248241968668,False,False,False,False,pachytene,2,off_axis,113.40451922492228,10.13
159,4.293732539778979,10.359171899671477,56.518531391961,38.625580548,2.09698570648665,0.5273290416616057,0.2330508474576271,0.4760375176667095,0.9710376282782212,0.0898049294671352,0.0264086885143546,1.1907356957169333,-107.0527739643873,0.0253686582603612,0.4895640339440519,False,False,False,False,pachytene,2,off_axis,112.78486721820944,10.13
529,11.445014935012946,10.064144926131997,57.534263526278224,29.057152086,1.907164462966078,0.4160006458383789,0.1595213198559312,0.5374619850705005,0.7657470067673087,0.5566257228994961,0.0985350614913724,1.0342207198029705,-107.42173407340769,0.0257495236692652,0.2968048425508761,False,False,True,False,TZ,2,off_axis,113.45007017823664,10.13
421,9.394188508432856,9.104324063663562,51.55703059064087,32.130121266,1.972155939112388,0.3551872672848069,0.0936890713186249,0.5871829710144928,0.5787486515641855,0.684659328621508,0.1275286517046676,1.4190661457658091,-107.93917703028781,0.0275661638558321,0.1595568603714028,False,False,True,False,TZ,2,off_axis,112.15414104205017,10.13
273,6.233704764936936,9.710003533906304,51.71954250238833,22.104266094,1.740988210662806,0.3436272949166932,0.0711818591380086,0.5899757477768796,0.6921259842519685,0.914645335965758,0.1009973934671764,1.1524859987253078,-107.34709600905364,0.0277899960896478,0.1206521783416233,False,False,True,False,TZ,2,off_axis,111.64100702916632,10.13
143,3.6359834841430927,8.823229447421761,51.04596767987479,26.701990974,1.8541790872558064,0.4540103663357638,0.0841438255231358,0.6127111826226871,0.9666322669418644,0.2264021875831956,0.1099386670800682,1.7947778476689338,-108.18190819973707,0.0281044149776714,0.1373303244816935,False,False,True,False,TZ,2,off_axis,112.24519883738928,10.13
128,3.452173011098519,10.796783207136055,53.11049523908233,22.615645698,1.7543118387111143,0.4983922829581994,0.2366219415943172,0.5045492142266336,0.9186046511627908,0.1915875664747444,0.0654607924325964,1.2699919454529478,-106.36560158036775,0.029035271116635,0.4689769301434911,False,False,False,False,pachytene,2,off_axis,111.11295031693328,10.13
387,9.380134991119256,12.191140561278749,59.85209695204159,33.01682535,1.990133610506806,0.5288809946714033,0.1749408983451537,0.5451666415321973,0.9792418772563176,0.2066985433593554,0.129631483961234,1.0674394902685584,-105.47103850228807,0.0300941456319274,0.3208943559963247,False,False,True,False,TZ,2,off_axis,112.43592210280184,10.13
237,5.9542038733620055,14.230328621130363,57.45549861417207,40.455287388,2.1295878505605126,0.5639568595616375,0.2199979255263976,0.5247340425531914,0.9830774598743894,0.1931363242413208,0.1210227348981005,1.211491719932573,-103.26104697232284,0.0334399266672567,0.4192560567558313,False,False,False,False,pachytene,2,off_axis,109.59481196459045,10.13
525,11.324374501413562,12.794393451302092,53.86201420697489,32.345932842,1.9765616149827203,0.4000290086300674,0.1707928234940362,0.5271364680285265,0.8134810710987996,0.5732403901527074,0.1162839763217825,1.0560573091923584,-104.42869872810999,0.0349954668306751,0.3240011531222567,False,False,True,False,TZ,3,off_axis,109.52722334561935,10.13
504,10.78178803554886,13.701372164744171,56.88843567449389,35.369640684,2.036326186553992,0.5125348189415042,0.1699604743083004,0.518095238095238,0.9709623230141587,0.1820239789580704,0.1014039409405596,1.0593528628722997,-103.74684797719736,0.0360610882061315,0.3280487096024181,False,False,True,False,TZ,3,off_axis,109.85247099113222,10.13
79,3.0582457916719865,13.993097443361703,54.406049107706046,18.533991978,1.6416986981773227,0.6907986330844197,0.0097284150790433,0.6643471142038477,1.0,0.1102642378494574,0.1436975407445229,1.1076110761572142,-103.27327113207069,0.0374054935715603,0.0146435724202728,False,True,False,False,mitotic,3,off_axis,108.6199396921154,10.13
495,10.49475671141012,12.703414345637787,50.97583481543803,33.554008512,2.000868745323518,0.432815995525727,0.1824869004433695,0.5200295821521016,0.5411499436302142,0.526939480342869,0.0302335668974565,1.2163896066659945,-104.30707984877326,0.0378419409515756,0.3509163838106321,False,False,False,False,pachytene,3,off_axis,108.57520026146402,10.13
365,8.052380468987726,12.02518081413037,49.493803603694914,23.108259078,1.7669579171328011,0.3081920617196223,0.0405462480641982,0.6036683785766691,0.8633776091081594,0.5386342155391612,0.0811196509799589,1.2897254286249151,-104.87443430904928,0.0379299947348824,0.0671664269707124,False,True,False,False,mitotic,3,off_axis,108.70821698149445,10.13
185,4.624651272755806,12.322822767751708,49.58993756009136,29.765577042,1.922539326753516,0.3912837891086768,0.1430156440696771,0.5895908855515277,0.891768985902683,0.498445225312602,0.1202229277076006,1.334890505933702,-104.58467214498465,0.0380519231283462,0.2425675965731634,False,False,True,False,TZ,3,off_axis,108.45984119164783,10.13
98,3.1339378502292345,13.911060519613306,51.577447427407606,23.02381107,1.7648028692574649,0.4518593988792664,0.1621242797072106,0.5278810408921933,0.8969813128893148,0.3153963708055413,0.1169829310983678,1.2740578058700525,-103.14697060222313,0.0386119973248062,0.3071227552199976,False,False,True,False,TZ,3,off_axis,107.65642804694826,10.13
352,8.979356131779813,16.66290396467399,57.46141867718977,37.452691548,2.0755417553201663,0.525554302893649,0.1726736566186107,0.5258085808580858,0.974587039390089,0.1977918957731559,0.1283915923377319,1.0753561171060106,-100.83550028685055,0.0440689296229603,0.3283964220150582,False,False,True,False,TZ,3,off_axis,107.37591942502574,10.13
116,3.109608960502975,15.436687021025664,49.14984496954162,23.875328484,1.7862966429768197,0.3775790921595598,0.1312397147558969,0.5248618784530387,0.5776587605202754,0.9118900143283444,0.0781969966731354,1.3238126506592436,-101.44686757192635,0.0464896565151795,0.2500461933770246,False,False,True,False,TZ,4,off_axis,105.38044557870458,10.13
265,6.479367666232121,18.73849454041732,55.349595469360615,14.393693807999998,1.5090184516639684,0.5335723598435462,0.0383064516129032,0.5733752620545073,0.9926686217008798,0.2978125833105178,0.1866589477616928,1.1527389342236856,-98.61015730836895,0.0471864067770065,0.0668086925753376,False,True,False,False,mitotic,4,off_axis,104.62026232326161,10.13
508,10.891523087525671,16.616638428669017,50.65585835975353,34.03723878,2.0104282151238424,0.4558235699517574,0.1777569509528273,0.5094984802431611,0.9676247109349192,0.2060880857656867,0.1035373306992052,1.1259821688469895,-100.38091955278969,0.0486840245247458,0.3488861259566304,False,False,False,False,pachytene,4,off_axis,104.80007965899873,10.13
144,3.583123877917412,18.47747228456013,54.74613608617428,20.905573536,1.7089308604317628,0.6641606822262118,0.0112322431450281,0.6879385232208487,0.9997944078947368,0.1239871037180609,0.1498395194095811,1.1951440329487442,-98.82607242565021,0.0487371249097338,0.0163273937508835,False,True,False,False,mitotic,4,off_axis,104.61838133053267,10.13
238,5.774078046365788,15.25430651761407,47.00884757033167,28.433175138,1.893413998366217,0.5061463575612573,0.0861068702290076,0.5434346809221516,0.9589442815249268,0.2710876620928426,0.16002908701128,1.3435402507105596,-101.47122932157363,0.049237932682472,0.1584493468155056,False,False,True,False,TZ,4,off_axis,104.84287174098984,10.13
377,8.943019592777592,15.90126087591219,48.30140890510785,30.530300669999995,1.938864641817199,0.3816365731847868,0.1832758270752993,0.554920477137177,0.6166204986149585,0.5973888023859732,0.0368233753536566,1.2522558969491255,-100.92112896194169,0.0493372540828015,0.3302740385808349,False,False,True,False,TZ,4,off_axis,104.65651353859245,10.13
459,9.834609746085745,17.8639240075056,53.93621339940044,40.00255223399999,2.1216139577687465,0.4764557555855274,0.1877729257641921,0.545586917562724,0.8972075108329322,0.2072842127926719,0.0662731038613115,1.0549256450399884,-99.37836751001193,0.0495139657619413,0.3441668407355178,False,False,False,False,pachytene,4,off_axis,104.86489302810804,10.13
1,2.479624064957489,17.989785633910543,51.16788288472725,36.690313698,2.0613620287617924,0.500287705389681,0.0645122681029324,0.5441402251791198,0.9625366734371472,0.1605439341778076,0.0807709252989036,1.2002961131292522,-99.049166370926,0.0500168836601713,0.1185581677621725,False,False,True,False,TZ,4,off_axis,103.7047543818192,10.13
227,5.520108499095903,21.06495710669066,56.95064191681851,12.97215234,1.4576093438581623,0.6159132007233272,0.0547396528704939,0.5343691148775894,0.998232434821034,0.166104291016998,0.1392723497547607,1.5797764137687422,-96.40779763896921,0.0553808809548126,0.1024379054598495,False,True,False,False,mitotic,4,off_axis,103.16295971962396,10.13
99,3.1315872390704835,18.538750492320123,47.24914873966045,35.735582052,2.0433248510703983,0.5105028226335828,0.1415908829285138,0.5242054445487462,0.4060501721593704,0.8863042992042368,0.0645697296586751,1.3042869638794885,-98.21336750315099,0.0560206786306147,0.2701057083647807,False,False,True,False,TZ,5,off_axis,101.81897136615403,10.13
378,9.156057038200188,21.53496762166407,55.78628775510293,35.862254064,2.04573633031579,0.4418498168498168,0.1845374617737003,0.5400210945740068,0.9436232382261944,0.3508728702632551,0.1015617028492727,1.1995025965207118,-95.85339334766257,0.0578892241020801,0.3417226912575922,False,False,False,False,pachytene,5,off_axis,102.24746083640727,10.13
2,1.6675286450120683,20.818953106276023,49.55745613371208,22.315386114,1.746513440374351,0.5591296121097445,0.0880626223091977,0.4403910348116356,0.9031339031339032,0.2223459672624558,0.1086633357514578,1.3899463854200371,-96.1091793148011,0.0592349373823472,0.1999646117838522,False,False,True,False,TZ,5,off_axis,100.48367971002101,10.13
291,7.047796193095505,18.68865934718149,46.61326998624834,32.411614625999995,1.9778985818167532,0.2779185061880292,0.0562807415815361,0.6141124586549063,0.337360594795539,0.932639786768336,0.0446724870662662,1.2354544611785478,-98.0170800060193,0.0593600788633839,0.0916456599900418,False,True,False,False,mitotic,5,off_axis,101.46676536718077,10.13
479,10.344604405069273,20.834923772610416,51.77906020671847,38.128275612,2.0879472303409803,0.4305401747262212,0.1768054073283529,0.5258210890233362,0.6723309937199852,0.7159690727273217,0.0761450005604678,1.1398202063288485,-96.25670703329442,0.0596980504593766,0.3362463222172251,False,False,True,False,TZ,5,off_axis,101.2930356333757,10.13
186,4.584010114532068,22.931530276661025,54.95412307005747,31.541330987999995,1.9600348900196805,0.5565967573999703,0.1319161327897495,0.5471318349547132,0.9779090113735784,0.2418130322749142,0.1709030645174704,1.4629142812047198,-94.39938910803728,0.0598752940585576,0.2411048386549622,False,False,True,False,TZ,5,off_axis,100.63142739906066,10.13
3,2.24152970518649,21.7296258809234,52.62260777642765,36.680930586,2.0611862908271603,0.4737481614120356,0.1737122201024199,0.5215700571150809,0.6761721963257472,0.603487944402014,0.0697444323470332,1.2601353815812495,-95.42649409755711,0.0600268914720813,0.3330563511702734,False,False,True,False,TZ,5,off_axis,100.79279546151977,10.13
478,10.28683856776235,20.04029098130338,47.78810622021129,19.195501374,1.661002490365877,0.6163998533545154,0.0199812675616609,0.6763300414144632,1.0,0.0694968402076353,0.0607637495119912,1.1758005508307123,-96.75555062525889,0.0610660270051343,0.0295436640961157,False,True,False,False,mitotic,5,off_axis,100.58875466711083,10.13
175,4.680752472508352,18.438541261498216,43.43313863337739,33.917604102,2.0080700207524336,0.507227332457293,0.1521894336030461,0.5402105263157895,0.9613217213114754,0.1515327559465017,0.0737710848488418,1.7388511033399892,-98.0325411949491,0.0627311988422806,0.2817224511358025,False,False,True,False,TZ,5,off_axis,100.70427401395631,10.13
304,7.245954801310394,24.070769100225903,57.617310526758864,27.921795534,1.881994042847484,0.508443249600941,0.1680648371960756,0.480088873696804,0.5732231404958678,0.6296354269269405,0.0548635914574831,1.9102758767712165,-93.45918271204657,0.0632449053308948,0.350070260745546,False,False,False,False,pachytene,5,off_axis,100.74026094531936,10.13
526,11.346015424164666,22.33501315874023,49.17127986825151,14.600122271999998,1.5161981458160776,0.5228149100257069,0.1107784431137725,0.5481481481481482,0.9476849067949488,0.241850476246031,0.1132536618541059,1.1575594096263515,-94.56881526965664,0.0649635722284254,0.2020958083832336,False,False,True,False,TZ,5,off_axis,98.93070843856839,10.13
4,2.358560595982464,22.64893445523398,46.61879177863446,35.266426452,2.034343482219763,0.5468937075961156,0.0700341296928327,0.5278919553728714,0.964787299002646,0.0461316341922769,0.0234109949157574,1.191819926514644,-94.06794482741832,0.0676408393244843,0.1326675449019957,False,False,True,False,TZ,6,off_axis,97.73739869477413,10.13
275,6.662453969657083,21.571074038886486,44.66779182501267,31.850973684,1.9664279327052463,0.5402857563705995,0.2247888723298559,0.4879846203140019,0.9711111111111111,0.1320817001938147,0.0900955193924058,1.2258257993928665,-94.99933855334098,0.068972779972507,0.460647452752121,False,False,False,False,pachytene,6,off_axis,98.10886839527645,10.13
496,10.708835765290624,25.287051393977745,55.26535214529618,37.77875469,2.0815475823301046,0.4407326917106489,0.1689426093375161,0.5657821694237815,0.6458783575177524,0.6800385004953983,0.1073800578112884,1.3780281619958858,-92.07315099641355,0.0691370847426628,0.2986000946434474,False,False,True,False,TZ,6,off_axis,98.62486897780417,10.13
239,5.748975109809521,26.10472000366137,55.51240171120068,25.634661984,1.829137395310927,0.4781295754026354,0.0994789199431549,0.5421707873049272,0.9576512455516014,0.3851100793140516,0.1498661017784883,1.631623705654245,-91.27587527673222,0.0692881396595147,0.1834826262729019,False,False,True,False,TZ,6,off_axis,97.99208885243826,10.13
5,2.5051749813849296,24.586982892777197,50.05090951228651,37.804558248,2.082021385752619,0.4483742864234301,0.1209334519924849,0.5498312710911136,0.7529704338214976,0.6744262687255759,0.0875371955943076,1.208460170104221,-92.38766810271272,0.0699263121260188,0.2199464787670194,False,False,True,False,TZ,6,off_axis,97.16579678460745,10.13
399,9.113480437604396,22.475613665863207,45.69494891526092,12.650780754,1.4454716334147333,0.5792694233265344,0.0510246758678377,0.5504627589246364,0.9965870307167236,0.2830831098096044,0.2252453570196652,1.222477815214892,-94.17282388024063,0.070459173731397,0.0926941469528614,False,True,False,False,mitotic,6,off_axis,97.5892001042807,10.13
117,3.367839787954677,26.185994308644958,53.07863375791402,31.860356796,1.966621013165293,0.518038580474157,0.1832813474734872,0.526886648334861,0.9545102093564228,0.052506467898922,0.0180385326405311,1.540534437034863,-91.01575614030342,0.0707225754128712,0.3478572631375609,False,False,False,False,pachytene,6,off_axis,96.89296528161229,10.13
535,11.635834170133997,24.7862206426626,51.94463230526488,16.352418437999997,1.574579020954581,0.5518576961698465,0.1452804377564979,0.4628681177976952,0.9416094210009812,0.2551697441500066,0.155619906454221,1.22482903693732,-92.32830150169701,0.0711279164513088,0.3138700467159747,False,False,True,False,TZ,6,off_axis,97.71594109483836,10.13
480,10.20461596670462,24.031229114641675,47.619444438137535,12.399782508,1.4358480613367364,0.5196746121831253,0.0151280062063615,0.5466719180779834,0.987146529562982,0.0717816357591025,0.0643643974233608,1.1298663471877808,-92.76301992645081,0.0720154699922137,0.0276729162521268,False,True,False,False,mitotic,6,off_axis,96.7902587081993,10.13
309,7.145750000000088,24.759200041666737,50.382227958334965,16.8896016,1.591635432384867,0.5301388888888889,0.1387474541751527,0.5326633165829145,0.944944944944945,0.2140258030053444,0.0799901148851096,1.23380249872936,-92.2402945606182,0.0741275565305425,0.2604787111401453,False,False,True,False,TZ,6,off_axis,97.13264739967542,10.13
482,10.388662075749997,26.215498598131703,50.42656822430071,19.075866696,1.65754460106805,0.5041810132808657,0.2343334599316369,0.402281746031746,0.9517781796262808,0.1475295849576642,0.0561095131173955,1.2726481631338586,-90.79120540401921,0.0749410877037064,0.5825107955883847,False,False,False,False,pachytene,6,off_axis,95.80584446736584,10.13
481,10.564664586583236,26.16193680772349,47.09318213728473,24.058299168,1.790848182910597,0.3646645865834633,0.1464500916950484,0.5343769183548189,0.4821583986074848,0.9076581642771212,0.074074081820079,1.1342114592298205,-90.59936727354945,0.0771189479262235,0.274057667284588,False,False,True,False,TZ,6,off_axis,94.61193482138846,10.13
340,8.213602294808682,27.32027088923881,53.76499234755129,25.350822846,1.8223612983968684,0.3733691126121958,0.0951362907536077,0.5860897814530419,0.8278221208665907,0.6989832266324022,0.1385118414848111,1.444492959559459,-89.93505283855178,0.0773442636277853,0.1623237493029558,False,False,True,False,TZ,6,off_axis,96.1474069706355,10.13
213,5.241637139344861,29.248024737868416,53.922302950320095,32.439763961999994,1.978471014692015,0.4734977221780316,0.0945156075115035,0.565581650872133,0.9811218985976268,0.3896726773611812,0.1925334229456447,1.8525271716382683,-88.02409801235551,0.0775519423307131,0.1671122239658226,False,False,True,False,TZ,6,off_axis,94.47038794745136,10.13
129,3.512873045141068,25.128876439254608,44.10786900225469,34.349227254,2.016552132492684,0.5100730724578297,0.1470693139935798,0.5379146919431279,0.9615480649188516,0.3001680253354344,0.1421997860270995,1.3046653476629435,-91.40998251257083,0.0778423413216266,0.2734063898911484,False,False,True,False,TZ,6,off_axis,94.56114733716798,10.13
6,2.1633781856514376,27.206797346066057,47.73831362931543,37.830361806,2.08249497362733,0.4047870031623984,0.1051552158105714,0.5889155120325034,0.745417515274949,0.5969142486765717,0.0691139535896116,1.229440106074435,-89.60480437239079,0.079572979448651,0.1785573883894702,False,False,True,False,TZ,7,off_axis,93.87216220424706,10.13
276,6.455555555555646,25.263304032258603,46.5318540919949,23.560994232,1.778422733188418,0.3914774990043808,0.1688876801740549,0.53157722513089,0.6759388038942976,0.66417217620975,0.1184028582349051,1.1032044251272772,-91.45426459812916,0.0803505741918058,0.3177105266924666,False,False,True,False,TZ,7,off_axis,95.25397781741793,10.13
152,3.943335316870127,28.750613024396657,50.67317849598508,31.536639432,1.9599377046322728,0.4589407914311216,0.1465446439047284,0.5493538630739621,0.7556515957446809,0.5647411612352545,0.098527417395851,1.3799293884456914,-88.28110639569776,0.0805115149446472,0.2667581931338825,False,False,True,False,TZ,7,off_axis,93.5730479718576,10.13
379,8.540110006346845,26.35526436429121,44.87282313306645,22.176985212,1.7428953017469202,0.4069177067907764,0.1859756097560976,0.5247012662743,0.8761609907120743,0.4865157092614466,0.1280372331855256,1.191771547926545,-90.24320020618006,0.0814681763734541,0.3544409394637794,False,False,False,False,pachytene,7,off_axis,93.65838411145886,10.13
530,11.43537750385195,28.52242644067756,49.51957704160261,22.83614883,1.7599949370566146,0.3858243451463791,0.0,0.5666499414617829,0.84,0.6333483585317127,0.1356088673045373,1.1415662642371285,-88.42379799007655,0.0823337169987764,0.0,False,True,False,False,mitotic,7,off_axis,93.32775855519871,10.13
400,9.179930208431545,29.955843327359077,53.02882994435474,24.872284134,1.8108216865731448,0.3992266339715175,0.090129981431224,0.5781789638932496,0.9153919694072656,0.6538008520326585,0.200303630938277,1.6226986584121044,-87.25246033714653,0.083967342544617,0.1558859575663582,False,False,True,False,TZ,7,off_axis,93.44814818369751,10.13
519,11.127929373997024,28.648536998394185,45.80226613162146,26.305554492,1.84495714946271,0.3303014089530943,0.006087877183695,0.5969374167776298,0.797145003756574,0.7817241142511636,0.1070802017557573,1.0892024194693506,-88.02452711430942,0.084970467424445,0.0101985183246821,False,True,False,False,mitotic,7,off_axis,91.82860123296372,10.13
277,6.369992280972677,30.945889029332378,51.51817624469389,24.311643192,1.7971123744711426,0.4216518718641451,0.1564874753729243,0.5388722055388722,0.9061676331049024,0.2069028855884714,0.0673681120955484,1.414632437923686,-86.15395124827161,0.0862120878092855,0.290398119933532,False,False,True,False,TZ,7,off_axis,91.9139783653058,10.13
80,2.852240352240277,28.96060790598178,44.93985777000903,36.228195432,2.052671082775654,0.4803807303807303,0.127906976744186,0.5841744548286605,0.9461872586872588,0.2743649543473911,0.1143175346780683,1.3700736723929148,-87.64985010252835,0.0887668470428064,0.2189533891578696,False,False,True,False,TZ,7,off_axis,91.2336531675394,10.13
240,5.999123812091306,28.32591354047251,43.33937239334103,34.80430818599999,2.02541862263738,0.3552604974051357,0.1300472899236086,0.585406648546937,0.5187713310580204,0.5861381669281617,0.0502770758737736,1.1949315720307665,-88.16506810634631,0.0891679298943886,0.2221486384659357,False,False,True,False,TZ,7,off_axis,91.28893129693397,10.13
483,10.567740353171912,31.662689641923777,51.05704868378159,28.693556496,1.8991761919701209,0.2957815565729235,0.0598122680637415,0.5951938704434642,0.7942955920484011,0.8978396706833226,0.128509485660037,1.3838404999158198,-85.40516582309564,0.0900147435284735,0.1004920766727266,False,True,False,False,mitotic,8,off_axis,91.0703354815327,10.13
100,3.243148875861598,31.690772093024005,48.5417162790684,36.413511894,2.0561651106679006,0.512723056110288,0.149921330636098,0.5526176626123744,0.9764732242885952,0.1322605229834936,0.075342602893077,1.4754027555457014,-85.19209324715877,0.0906724793316738,0.2712930490266615,False,False,True,False,TZ,8,off_axis,90.0290824309316,10.13
538,11.653255036954551,31.65058453984097,48.155660240962334,23.169249306,1.7685110774661144,0.3639769160676318,0.0997420464316423,0.5230818210760905,0.7100085543199316,0.7655752809315852,0.0958605785906414,1.1045278929082971,-85.20376770503452,0.0917285669433176,0.1906815385525188,False,False,True,False,TZ,8,off_axis,89.91543838775162,10.13
366,8.664256795835605,29.726658791207814,42.49827609890026,16.223400648,1.5704270290032134,0.4441873915558126,0.1344291826165278,0.5234131113423517,0.9359236537150648,0.2990043001648551,0.1028254579042068,1.268023704152579,-86.70623546171723,0.0928027956113279,0.2568318976033464,False,False,True,False,TZ,8,off_axis,89.68980804308792,10.13
292,7.058208418275652,33.13864414198382,50.09518514210434,19.561442742,1.6714911871883966,0.6341287924211536,0.0100584036340038,0.6673221894460832,1.0,0.0435423327576511,0.0459795473110631,1.3094018026078809,-83.8624422895022,0.0933546568061128,0.0150727846205038,False,True,False,False,mitotic,8,off_axis,89.32861929992366,10.13
520,11.159579095053791,31.823888523326147,44.40673029112687,33.43906539,1.9985813960015373,0.3842862153630305,0.1481948757763975,0.5533781474307851,0.7045341305430991,0.5707919461248617,0.060174046911299,1.049636222619197,-84.75510493426938,0.0945002389435173,0.267800375682405,False,False,True,False,TZ,8,off_axis,88.36491446367603,10.13
446,9.525650071867302,31.00026295570421,40.97454719717687,17.952239033999998,1.6243389971469009,0.5727165817326538,0.2559726962457338,0.4305810397553516,0.9780614280015956,0.0815333860947172,0.0495165440692799,1.3720400052759745,-85.32397443662023,0.0983472230765218,0.5944820431275211,False,False,False,False,pachytene,8,off_axis,87.99477989880913,10.13
484,10.351931959821046,33.71991448053388,46.968723000219306,31.994066142,1.9693682999698583,0.4089742649754381,0.1546770134228188,0.533432576603399,0.897002954833263,0.2138883970422601,0.0749943674147069,1.0975929283062664,-83.05271711941744,0.0985165918184404,0.2899654430700796,False,False,True,False,TZ,8,off_axis,87.54807064389352,10.13
7,2.2030383730783147,32.90023164265921,43.422387483355614,38.75694411599999,2.0993602626376355,0.4989105435177339,0.0866063548102382,0.5685469259572412,0.9813863928112966,0.1468629529519136,0.0828333250591581,1.4326328026053097,-83.60925578384534,0.0992019293950877,0.15232929922965,False,False,True,False,TZ,8,off_axis,87.01224514707252,10.13
193,4.855093812994308,36.73321381609555,49.161046053651305,30.255844644,1.9330372545564452,0.4670491549077377,0.1197336406710206,0.5413151003782368,0.9659841479524438,0.145273232594865,0.061918146708245,1.6732920805624445,-80.20888556718843,0.1038778180323832,0.2211902837873141,False,False,True,False,TZ,9,off_axis,85.67117379075256,10.13
278,6.935700664168123,33.79302554744528,43.60310974551241,35.672246046,2.042116974029676,0.5098967580719406,0.1736334405144695,0.5475647390312626,0.9808612440191388,0.2228874356421029,0.1427077887625803,1.2099713915292074,-82.7321783349169,0.1044244023992228,0.3171012085651412,False,False,True,False,TZ,9,off_axis,86.23890304376792,10.13
527,11.372253890001025,35.98563235248737,44.37420231089325,30.452889996,1.937224567898556,0.3326914188876906,0.0796770423881865,0.5940205471545654,0.5761092150170648,0.4309216638112514,0.090627003023508,1.1271005815129544,-80.60224755982922,0.1059495586695196,0.1341317952213097,False,False,True,False,TZ,9,off_axis,84.47138490623531,10.13
8,1.9202752779248344,37.37288332451121,47.12444121228067,26.587047852,1.851514720674224,0.5333509793541557,0.1447283311772316,0.4808092266969181,0.9791053560918188,0.1208874014495717,0.0807768231491697,1.6177115315892636,-79.42110604349725,0.107167300167593,0.3010098873756893,False,False,True,False,TZ,9,off_axis,84.25135088101838,10.13
485,10.23903709691922,37.3942205066029,47.08707537051926,26.115546474,1.8405042991260407,0.4392347076259768,0.1017266187050359,0.5407656575364408,0.5015562472209871,0.8341259552653769,0.0565433397062447,1.2597672828369595,-79.39707749071084,0.108243096750447,0.1881159006444134,False,False,True,False,TZ,9,off_axis,84.21679142553376,10.13
521,11.244613791061884,35.30035134655116,40.30513184374039,31.705535448,1.963430324501919,0.4165433560224918,0.1513129573826948,0.5532589398934821,0.9384878257155062,0.1352443276754429,0.0387054644754218,1.1588528865400476,-80.98628830568084,0.1092741301686994,0.273493922053617,False,False,True,False,TZ,9,off_axis,83.70597231692528,10.13
176,4.45003050640627,35.65671541009224,42.48604374618608,26.913110994,1.8590529704162693,0.4288329120543885,0.085287548855388,0.5750038150465435,0.5990136570561456,0.7127302352144205,0.1083604795211119,1.1736616547877512,-80.79135126917718,0.1093055263073801,0.1483251878050312,False,False,True,False,TZ,9,off_axis,84.1021495885855,10.13
187,4.704239401496302,33.78221075311724,39.48367370573601,23.51642445,1.777300625098841,0.5776558603491272,0.1332650972364381,0.4792158715162966,0.9855286473715298,0.071121099201543,0.0657454332368374,1.430884457589299,-82.43987523668027,0.1104413635276524,0.2780899071952089,False,False,True,False,TZ,9,off_axis,84.88643216829331,10.13
331,7.930711610486981,36.89709190595102,44.67855732417935,33.821427203999995,2.006170193357114,0.3829241226244971,0.1741390513320337,0.5447903787793639,0.7556043956043956,0.4457596913497075,0.0887162217129668,1.1246518207595504,-79.7156513642413,0.1110388907731413,0.3196441385807931,False,False,True,False,TZ,9,off_axis,83.73855975260742,10.13
101,3.1216391557855028,37.25323446661824,44.540249371768034,28.564538706,1.8963254278649309,0.4843557526484355,0.1561618062088429,0.5578913839783405,0.9591136079900124,0.2006299759418882,0.083927027381747,1.2955142243641409,-79.35029802464709,0.1118047882818601,0.2799143537497358,False,False,True,False,TZ,9,off_axis,83.35654402273879,10.13
294,6.753141895950963,39.25005138772125,47.502867920219984,19.523910294,1.670421475324886,0.5659017181304817,0.1931665922286735,0.4641572100747301,0.9910481163744872,0.1106068215540288,0.0563866481141246,1.476968861150306,-77.5768685735245,0.1136636469427996,0.4161663075266531,False,False,False,False,pachytene,10,off_axis,82.69222444245455,10.13
401,9.185957363582933,37.14753543907749,41.78879304713313,23.987925828,1.7891003307529505,0.382260903579112,0.1176141919262466,0.6104163368687668,0.6418798334324807,0.8090994062146036,0.078702043104845,1.1569229947467117,-79.25327145608472,0.1154094085495253,0.1926786437754409,False,False,True,False,TZ,10,off_axis,82.46201857454152,10.13
293,6.710282423910107,39.45233587880474,45.40365398958093,17.110104732,1.5985320673664118,0.5174115711543734,0.1823461091753774,0.4769886363636363,0.9790732436472348,0.2621369273462084,0.1315852825481607,1.2101450301760488,-77.22068212828995,0.1176020851466792,0.3822860656922742,False,False,False,False,pachytene,10,off_axis,81.65876304042114,10.13
422,9.301897356142918,38.36314998444934,39.06931763608162,22.62502881,1.754554423405147,0.4999481596682219,0.1705932932072227,0.5067385444743935,0.9484887186036612,0.2682253429726483,0.1001061542081926,1.113938934502336,-77.84086551771995,0.1198014824208156,0.3366495307440406,False,False,True,False,TZ,10,off_axis,80.40831062045989,10.13
153,4.091075931633621,39.51164218268462,39.7892880008407,33.488326728,1.999562329392244,0.5795741103950687,0.1097597152180361,0.5604798400533155,0.9827258921791951,0.1604935668734059,0.1300727935004546,1.2356890293394918,-76.74845812249643,0.1222685083989743,0.1958316916583392,False,False,True,False,TZ,10,off_axis,79.55889873952289,10.13
388,9.244778384942588,41.16854849726647,42.22966821493522,30.907970928,1.946826706541535,0.4095324833029751,0.1142987249544627,0.5984575835475578,0.9209039548022598,0.4052666273975102,0.1201214240049262,1.1464081468072085,-75.27559418551041,0.1224312743457304,0.190988848828548,False,False,True,False,TZ,10,off_axis,78.86297846099804,10.13
188,4.972520078141943,40.53989253310137,43.245746993705225,32.420997738,1.9780894295884663,0.4758700528181753,0.1448471254869554,0.5590833793484263,0.9637967751749316,0.2439198242867408,0.1007078142625683,1.1848501875527535,-75.97730454413285,0.1227613110310794,0.2590796486487667,False,False,True,False,TZ,10,off_axis,79.82431741840819,10.13
509,10.705055137023775,40.11988221421532,36.95406711431412,21.484980702,1.7245751326597138,0.464461185718965,0.1068827385287691,0.4899082568807339,0.941327843540916,0.2154629877646493,0.0957610510080695,1.2230797213164648,-75.93326450757685,0.1254696040851014,0.2181688857609707,False,False,True,False,TZ,11,off_axis,78.07846440142835,10.13
536,11.589735810896446,41.26394277588072,39.54490102389121,18.557449758,1.6423910183783832,0.278978637340412,0.00557880055788,0.5362903225806451,0.4848484848484848,1.0150057213696977,0.0766015472776433,1.1021153581564056,-74.98292601090111,0.1258183982630621,0.0104025754763478,False,True,False,False,mitotic,11,off_axis,77.8262983621582,10.13
305,7.215989450259471,39.13292366273891,36.48035469380997,28.461324474,1.8940386298336709,0.4294074013022335,0.1548040532291539,0.5410949010544561,0.62056151940545,0.5434788085485219,0.0722526672753944,1.162439382219339,-76.88269455839284,0.1286571696394756,0.2860940898306013,False,False,True,False,TZ,11,off_axis,78.8784997540355,10.13
102,3.165223894549778,43.56746909413948,42.39224653641126,25.092787266,1.816157179230737,0.5291203141067589,0.1417617992843755,0.5431804645622395,0.9732620320855616,0.2387737861010541,0.1322546210125966,1.374835276731303,-72.89513720337551,0.1301293419737899,0.2609847160070904,False,False,True,False,TZ,11,off_axis,76.69873642667575,10.13
460,9.723693143245065,44.73227464358576,42.927054073319766,20.731985964,1.7041877228566902,0.5279474994342612,0.2084993359893758,0.4616490891658676,0.9783567134268536,0.2012072217290456,0.1272769721832981,1.3507140452124466,-71.77283726820099,0.132494422880303,0.4516403062033625,False,False,False,False,pachytene,11,off_axis,75.830416954329,10.13
505,10.737397185157906,43.15284861999692,37.96865173643004,25.667502876,1.829918172390148,0.4018460976055565,0.1513226141078838,0.5611917494270435,0.67439293598234,0.795463797767123,0.090569297034989,1.0343730256283747,-72.98316677721648,0.1329717216656679,0.269645115528478,False,False,True,False,TZ,11,off_axis,75.52052217622916,10.13
65,2.887865913984647,43.13300397485849,38.476784670897246,40.30750337399999,2.126991543495017,0.5900017459116569,0.1675528772302965,0.4863023420865862,0.9843900869005472,0.1321174622938102,0.088563464540968,1.3067829880336426,-73.04034364993156,0.1333555038118317,0.3445446643571042,False,False,False,False,pachytene,11,off_axis,75.70713877897053,10.13
531,11.474461464815636,44.18255065821136,40.88901753231138,19.601320968,1.6726262578488973,0.4097654380086165,0.1985700357491062,0.4908759124087591,0.6794258373205742,0.421569240521252,0.0815967747900342,1.225801782754922,-72.1711222488435,0.1333703608267654,0.4045218572137927,False,False,False,False,pachytene,11,off_axis,75.56730974054793,10.13
497,10.32789915966362,42.405638571427936,35.13866306722589,22.33180656,1.7469417173509032,0.4505252100840335,0.1612954946288279,0.5243739246797935,0.9269776876267748,0.1480043980014582,0.046718520909271,1.2506885421348382,-73.52013448381392,0.1335558962060673,0.3075963297132334,False,False,True,False,TZ,11,off_axis,75.35642229534278,10.13
295,7.261759501733858,44.63320552763985,40.51634149621286,33.143497362,1.9926754712832755,0.4116356430037511,0.1330691417248931,0.5674245158185974,0.7515605493133583,0.4132773389669301,0.0659246278888404,1.0714026995641326,-71.69426906739051,0.1343664907803507,0.2345142622766666,False,False,True,False,TZ,12,off_axis,75.01176715123093,10.13
228,5.358064134421925,42.91677440539587,35.73533489527721,19.824169878,1.6789411249790671,0.4664536741214057,0.0942145439935717,0.5178531825238412,0.8323187603763144,0.5191375564366443,0.1273658485522456,1.20005948453536,-73.05428428322979,0.1372248438002047,0.1819329245683148,False,False,True,False,TZ,12,off_axis,75.04418727050455,10.13
332,7.676787264833474,41.95968303907267,33.88887238784366,16.20932598,1.5699727544540028,0.4995658465991317,0.1834710743801653,0.4598033545401966,0.93196405648267,0.2714720597476673,0.1360941621737361,1.4621122404945948,-73.87292765326754,0.1376941259587943,0.3990207391236551,False,False,False,False,pachytene,12,off_axis,75.43158769388639,10.13
522,11.203429865717553,46.117849288141045,38.95392080569583,28.998507636,1.9058805571608093,0.3967804562368549,0.1014580069887938,0.5657771221670913,0.5607707509881423,0.6408555113653484,0.1091313214299716,1.083440272960186,-70.09869367530365,0.1392944493171119,0.1793250434025682,False,False,True,False,TZ,12,off_axis,73.06635342067665,10.13
486,10.32868904369851,45.14714729937667,35.67460593503883,25.927884234,1.836085171586084,0.3851443047136523,0.0822417285617825,0.5713655091230135,0.5418660287081339,0.8085871562771765,0.0358558933567769,1.1161473394487793,-70.82548829219323,0.1397593663306556,0.1439389099422803,False,False,True,False,TZ,12,off_axis,72.90073304315156,10.13
118,3.2525005187798794,45.43708633533993,35.466474590162534,22.608608364,1.7541298561539258,0.5909939821539738,0.18604170968408,0.4677828513444951,0.966549295774648,0.1354943188794898,0.1243284791056407,1.2940410625646892,-70.52102176943276,0.1438187030019669,0.3977095550838632,False,False,False,False,pachytene,12,off_axis,72.56089563141242,10.13
310,7.653230616302029,47.71275726888481,38.84356187251575,37.757642688,2.0811597644881275,0.4377485089463221,0.1615712432833055,0.5475138121546961,0.7332704995287465,0.52247424478131,0.0976451975512882,1.100735744521063,-68.49998873812737,0.1440548241680042,0.2950998489836357,False,False,True,False,TZ,12,off_axis,71.5361028924505,10.13
9,1.9559334254642071,47.03451495523564,37.673914883135446,39.040783254,2.104472738634812,0.5228624646998739,0.1475955345641906,0.5349452210049113,0.9905082064465098,0.1765323128994977,0.1074662028158747,1.361490361572141,-69.09033570736526,0.1445947234456999,0.2759077542312235,False,False,True,False,TZ,12,off_axis,71.76320281692092,10.13
245,6.039432148840504,44.64505876025199,33.16834322370224,26.603468298,1.8518958140145376,0.5915704082532405,0.2191503708698584,0.4788428324697755,0.9863760217983653,0.0987632551656467,0.0748837440856957,1.3285798029741664,-71.14181707189769,0.1459305948385924,0.4576665995803355,False,False,False,False,pachytene,13,off_axis,72.65155798794079,10.13
506,10.640613820372591,47.908220956503634,36.231743588777285,24.916853916,1.811902672504284,0.4356994916211636,0.130043541364296,0.541041041041041,0.8932140978432404,0.2599923376309771,0.0888650364099794,1.093497726502457,-68.1128896107583,0.146883477660072,0.2403579978222604,False,False,True,False,TZ,13,off_axis,70.45862079980557,10.13
423,9.577718004338204,47.30237659002047,32.94490698481633,27.03509145,1.861857382850156,0.4005206073752712,0.1053994561698822,0.5750470400926327,0.6275040606388739,0.8166777147462742,0.0888310537590599,1.1009643943775602,-68.47526207733068,0.1484410677170616,0.1832884074195107,False,False,True,False,TZ,13,off_axis,70.03676180191295,10.13
532,11.532515959063602,49.672915969196886,34.02293497821443,23.150483082,1.7680334725878872,0.2529131624278042,0.0094048098884857,0.614810796148108,0.3774733637747336,0.9580317592686892,0.0544491472190704,1.068429963513722,-66.19046383869606,0.1534026697819916,0.0152970799267164,False,True,False,False,mitotic,13,off_axis,68.08654677633544,10.13
229,5.718812605103487,50.11156687870238,36.92831248080754,32.083205705999994,1.9711955747429,0.3989178913504423,0.153434249819792,0.5158739812674857,0.8321318228630278,0.4236901358117192,0.0988821538896271,1.135969638673706,-65.96676572639092,0.1540232363538652,0.2974258353615917,False,False,True,False,TZ,13,off_axis,68.6170120062556,10.13
462,9.974446810480892,51.45467259513086,36.87646584575536,25.336748178,1.8220239802404548,0.3455235626330895,0.0457613390928726,0.5549582684962512,0.8795472918350848,0.5421450313445881,0.1019435566662464,1.145146181876122,-64.62348564327529,0.1553868877499672,0.082459063483945,False,True,False,False,mitotic,13,off_axis,67.3398606459265,10.13
103,3.058974358974301,50.22256970781272,34.59115131186577,23.603218236,1.779484478355969,0.635261379447426,0.162673967602099,0.5100817438692098,0.9871645274212368,0.1795339018847924,0.1861791094047725,1.3752363891461754,-65.6841065093699,0.1571501013109542,0.318917447168645,False,False,True,False,TZ,14,off_axis,67.74027868200001,10.13
461,9.935799601858015,50.590580723292696,31.87793791473239,28.280699568,1.890023393560564,0.3188453881884538,0.0629849383842994,0.6014369215781783,0.66190833959429,0.8957661553795723,0.0939245434118817,1.1747740532870492,-65.11746754285213,0.157989653292625,0.1047240967831275,False,True,False,False,mitotic,14,off_axis,66.58126531078334,10.13
241,5.99790146733357,50.01128695794814,32.678066825150694,28.616145822,1.897466761530703,0.3822444462660873,0.1211661807580174,0.5951433121019108,0.8885941644562334,0.1648959865631425,0.0468161045041424,1.1411560867468449,-65.75406092274477,0.1603571010320211,0.2035916027184881,False,False,True,False,TZ,14,off_axis,67.36410339327597,10.13
10,1.9059154929577231,50.68714563380426,31.89352630986064,20.81877975,1.70656258735606,0.5620281690140845,0.1105263157894737,0.4792899408284023,0.954561717352415,0.2924826354099768,0.1470993692841781,1.715143187646485,-65.02231127558771,0.1616541613243071,0.2306042884990253,False,False,True,False,TZ,14,off_axis,66.4929378448666,10.13
510,10.854800142755062,53.26490259635857,34.375345690577745,26.291479824,1.844628045433348,0.4112241256245539,0.107398890842689,0.5290195484164267,0.5601851851851852,0.8250530475294234,0.0564850252844273,1.1094886060719438,-62.63414139951278,0.1624703558104404,0.203014975843857,False,False,True,False,TZ,14,off_axis,64.78938796934071,10.13
367,8.54474090407939,50.9280570893066,29.35904341785983,21.27620646,1.7189709166118812,0.4146637265711136,0.1563642142062609,0.5032962893200226,0.5367931835786213,0.5928366603238014,0.0311050720999131,1.2747756293940196,-64.59557753050952,0.1627358345347313,0.3106802444689517,False,False,True,False,TZ,14,off_axis,65.59334588969773,10.13
266,6.62832020258901,53.82366016460144,36.64723902644915,33.347580048,1.9967571035856997,0.4209341586944288,0.1353849385568742,0.5824829931972789,0.905894519131334,0.3348482844063835,0.1337200481339114,1.1764931481255323,-62.24405339468089,0.1645519234382705,0.2324272813764732,False,False,True,False,TZ,14,off_axis,65.04406722721762,10.13
67,2.801372450264318,53.4716659090893,35.327727272726136,37.260337752,2.071982386951675,0.5403550742885923,0.1556609228634208,0.5148609779482263,0.9676201827572508,0.2928615598553041,0.1569093578691519,1.4389343062382072,-62.49801020736285,0.1663305610725692,0.3023358334200147,False,False,True,False,TZ,14,off_axis,64.91183193122777,10.13
402,9.357440125638451,56.02882995681335,35.940923301923,35.848179396,2.04546866888001,0.5193037560528726,0.2084904643896131,0.4974135583991287,0.9580436346199952,0.2196050357449235,0.123016668296814,1.231418959329642,-59.99289298209264,0.1683256972037471,0.4191491383158452,False,False,False,False,pachytene,15,off_axis,62.732600523012785,10.13
11,1.713158855751658,53.45446747413151,32.18587672550344,19.27056627,1.6631648165407724,0.4861838101034692,0.1669626998223801,0.4742951907131011,0.894767107533065,0.3200625101717541,0.1047603081764191,1.531531694054158,-62.283999555513134,0.1688199130313454,0.3520227552199133,False,False,False,False,pachytene,15,off_axis,63.92749249669784,10.13
380,8.98244886282355,54.66002158489408,31.41623284222623,32.798667996,1.9857406781124147,0.4387069088828493,0.1372031662269129,0.5953109072375128,0.8934169278996865,0.1877361198033936,0.0565685200944339,1.216332336958108,-61.02508614776056,0.1695426689408259,0.2304731268297973,False,False,True,False,TZ,15,off_axis,62.54914353229361,10.13
194,4.591460521857011,51.39715174517183,29.593167671974268,20.767172634,1.7051513031382528,0.4931661583643962,0.1667595171773445,0.5288611544461779,0.9540983606557376,0.2247766053930731,0.1016501738275645,1.2852313752802635,-64.14498003016271,0.1704200431760061,0.3153181430993446,False,False,True,False,TZ,15,off_axis,65.19706824501138,10.13
282,6.9404186547637305,53.06463296906178,27.835091973218365,30.481039332,1.93782127964672,0.4085731876250577,0.1093985398076254,0.5703318152244632,0.8440325497287523,0.1598413739562693,0.0311029752993727,1.3211144248471849,-62.35266735674389,0.1711866511925496,0.1918156008262838,False,False,True,False,TZ,15,off_axis,63.15496686147031,10.13
66,2.3613649735241613,53.512731280642,29.130023828200443,23.922244044,1.7874659151854102,0.5537360266718965,0.1641873278236915,0.4895627334651725,0.960693283813061,0.3135578274462428,0.1628496297236021,1.4374634527072871,-62.00105848947589,0.1725847138071667,0.3353754618158079,False,False,True,False,TZ,15,off_axis,63.03300443801127,10.13
523,11.118223736969131,57.5959179731364,33.34081070569401,23.401481328,1.7744002092800293,0.409683239775461,0.1000916870415647,0.5270843946340635,0.6593406593406593,0.6470122360877317,0.0607150996559038,1.216466692279187,-58.238748332957876,0.1747256117631344,0.1898968894934842,False,False,True,False,TZ,15,off_axis,60.359384721737364,10.13
166,4.360480912919462,56.74405792012113,34.89376418285455,34.534543715999995,2.020172109778761,0.4787393017253091,0.1903355138214812,0.5413083137868127,0.94211123723042,0.2350773530813205,0.0864077966093791,1.3711861169015718,-59.20255851908359,0.1757950397601317,0.351621264580175,False,False,False,False,pachytene,15,off_axis,61.691081751437906,10.13
12,1.7397680198839822,56.228034289561656,31.80620483637244,22.650832368,1.7552211856698896,0.5076636288318144,0.1378309756982226,0.506310475389146,0.9262767710049424,0.1805333731812563,0.0822326122131092,1.3763741080033949,-59.49001556997328,0.176511473055419,0.2722261979515374,False,False,True,False,TZ,15,off_axis,61.16773241749976,10.13
447,9.765474060823228,55.79944925462157,28.384179308288232,23.603218236,1.779484478355969,0.3842178493341284,0.1042359404366054,0.5482569399612653,0.4888888888888889,0.8132642857456155,0.0608379623775818,1.2220961814820726,-59.66566257637459,0.1767909698143039,0.1901224277142205,False,False,True,False,TZ,15,off_axis,60.6322928458692,10.13
296,7.311620490332775,58.55217085907911,33.86768594777743,35.306304678,2.035109985078209,0.4234934555843466,0.1154042206137221,0.5461565057047366,0.936463113307448,0.3023644724145467,0.0914740118438132,1.3220102733318924,-57.32385219357518,0.1789134003689935,0.211302473573595,False,False,True,False,TZ,15,off_axis,59.63874637955286,10.13
279,7.031006289308116,56.3349354716994,26.53827643868026,29.838296159999995,1.92410368040529,0.3914308176100629,0.1703108252947481,0.5615553546053481,0.8871845620979713,0.3588959585538619,0.0885543977540168,1.2853419766622285,-58.995814919968886,0.1799992547083534,0.3032841266635946,False,False,True,False,TZ,16,off_axis,59.67564234351816,10.13
13,2.2372937636192893,56.559503621460266,28.703523181487267,22.606262586,1.7540691869097256,0.5493410812493514,0.1563714063714063,0.4968915496200783,0.9757983193277312,0.1145012247972535,0.0678834044726998,1.3691275498216533,-58.93116401829802,0.1800373501353123,0.3146992668540397,False,False,True,False,TZ,16,off_axis,59.97816752538828,10.13
177,4.130657748048982,54.69830144927388,26.763823634337214,18.937465794,1.6535262128071813,0.4729344729344729,0.1599210266535045,0.4940070505287897,0.8938666666666667,0.5254042758179702,0.1686639516986565,1.3912629336729676,-60.644607813832216,0.1805887824710351,0.3237221543342824,False,False,True,False,TZ,16,off_axis,61.32155484995135,10.13
424,9.534486515935694,59.20869565513394,30.730272507490724,34.445404151999995,2.018432475575111,0.5683737401253064,0.150629857946931,0.4760176711896497,0.9789562289562288,0.1518478997896647,0.1032483958715682,1.2744727907303586,-56.43827078594815,0.1822717642729569,0.3164375338639871,False,False,True,False,TZ,16,off_axis,58.00124045768149,10.13
68,2.835926801941938,59.35318606996044,32.55997773559192,37.687269348,2.079865993320128,0.4345201045686543,0.1144361048835169,0.5646670335718217,0.7954545454545454,0.6058294146812284,0.1055865757926493,1.4220067404850372,-56.428793027482456,0.1853491083802848,0.2026612110851367,False,False,True,False,TZ,16,off_axis,58.442584325274105,10.13
403,9.051174711661586,58.697142738146106,27.23986720418656,21.965865192,1.7373469981748926,0.4043143955574541,0.1070914038738594,0.5374686267479384,0.6053299492385786,0.7871789158574525,0.0739206365878165,1.2034399907196247,-56.69162974406051,0.1855025680430904,0.1992514512369538,False,False,True,False,TZ,16,off_axis,57.54190922681429,10.13
104,3.08841673856776,57.03111639344404,25.394481147541825,21.750053616,1.7316385311704483,0.4627911993097497,0.1253731343283581,0.5358361774744027,0.886396879570941,0.5178406338607244,0.1671098561005978,1.6238169802333888,-58.21736584314773,0.1868241660100462,0.2339766137465538,False,False,True,False,TZ,16,off_axis,58.74992317120047,10.13
14,2.3805355976485867,59.336457054212055,28.708896374917668,21.548316708,1.726268106717388,0.484323971260614,0.0994296577946768,0.4963056786995989,0.9329432943294328,0.1890672452003275,0.051413760677737,1.339257386418306,-56.16213238665535,0.1876769602011106,0.2003395529448677,False,False,True,False,TZ,16,off_axis,57.30101741024018,10.13
255,6.241229706390126,61.847260704662986,32.897634466322096,33.95513655,2.00881044255419,0.4938860103626943,0.1687280154317485,0.5177450177450178,0.9198493813878428,0.2755173007637864,0.1188452151338908,1.3659134766844476,-53.96632134621162,0.1887981337530277,0.325890176918795,False,False,True,False,TZ,16,off_axis,56.21198006564231,10.13
448,9.882263406383814,62.99629596927762,32.1235841096481,33.288935597999995,1.9955859298287613,0.4686773307025579,0.1395640762296017,0.5496021220159151,0.908498759305211,0.4671647780961732,0.121563657792711,1.3761292597955177,-52.76344939231496,0.1903093887791845,0.2539365672710418,False,False,True,False,TZ,17,off_axis,54.86575846364486,10.13
242,5.90112292704676,59.37061249349191,24.63098140849244,31.543676766,1.9600834790995,0.463746560571131,0.114671577655003,0.5369574261544862,0.9564793764209158,0.2138752687560088,0.0775749248346809,1.3915901636279082,-55.82803586289378,0.1903266773947344,0.2135580440264015,False,False,True,False,TZ,17,off_axis,56.30369891971114,10.13
524,11.057777320859866,60.75088889688398,28.325465847640206,22.817382606,1.7595126970935615,0.3557109077824611,0.0941023417172592,0.5653422690282431,0.5757347400150716,0.689559671325385,0.0843131361135115,1.2091669098365267,-54.72332312347119,0.1908512701384561,0.166451982935948,False,False,True,False,TZ,17,off_axis,55.83559175326695,10.13
130,3.4029333921482965,61.4766478716363,30.46465384869827,21.271514904,1.7188445588551329,0.4943758270842523,0.1319575918212798,0.5291166848418757,0.9395719681074276,0.1608901694098813,0.0651302074183975,1.326423052095565,-54.15692251184587,0.1920808338005875,0.249392233512188,False,False,True,False,TZ,17,off_axis,55.76042627328538,10.13
15,2.3270999619915806,60.48818443557427,26.2361689566716,24.686967672,1.806313161355096,0.4971493728620296,0.055842997323818,0.5085034013605442,0.9483985765124556,0.3545546998075567,0.1297587431429826,1.4175402218276418,-54.83159500476308,0.1927856180227912,0.1098183358742642,False,True,False,False,mitotic,17,off_axis,55.563089946718996,10.13
389,9.133641120345027,61.53924166666626,26.05758333333469,30.485730888,1.9379206958832809,0.4462911665127731,0.2058271713938858,0.5154252362423568,0.8548585485854858,0.1476110100387428,0.0530465443141082,1.2601334623093416,-53.7702470043836,0.1938951608027513,0.3993346792532765,False,False,False,False,pachytene,17,off_axis,54.49946495990053,10.13
17,2.078061413244505,63.013130965595366,28.43472993895617,25.362551736,1.82264230150044,0.5098964113947466,0.1116512992455993,0.5234949990564257,0.7645908053472449,0.6466817342519501,0.1412504953387249,1.3995166068884064,-52.47525161686069,0.1978403985499866,0.2132805460354834,False,False,True,False,TZ,17,off_axis,53.69178091909817,10.13
511,10.9751779230204,64.31571281045724,28.63113808278785,32.30136306,1.9756533563977243,0.4001452432824982,0.122396940076498,0.5457627118644067,0.5279596977329974,0.4802959838121998,0.0269988265557945,1.2384750440687329,-51.190650982242836,0.1979497714924834,0.2242676852333349,False,False,True,False,TZ,17,off_axis,52.50098663786938,10.13
205,5.22506641236969,64.68217315577905,31.178847803283237,34.438366818,2.018295008267217,0.5445814317825761,0.1632040050062578,0.5008973975471134,0.970705725699068,0.1760720409115899,0.0992003568213716,1.4746778724981089,-51.01263227335366,0.1983248017063946,0.3258232240883368,False,False,True,False,TZ,17,off_axis,52.9586120336157,10.13
246,6.3126599697259165,62.6906777900102,23.54236636851393,34.093537452,2.0115360418889523,0.3889500481629283,0.0946992864424056,0.5705438576736854,0.7497875955819882,0.4632746074699019,0.1074436233024447,1.4123339723622372,-52.43687391163406,0.1999924677151476,0.1659807307864623,False,False,True,False,TZ,17,off_axis,52.83352067668622,10.13
16,2.3905852907199985,62.880514632269445,24.36626979206728,24.367941864,1.7984985010326155,0.4128802464381979,0.0250959079283887,0.5820626332185604,0.7591522157996147,0.8517923815822998,0.1622735016147202,1.5656035622837068,-52.30817049957081,0.2011297208680562,0.0431154767479558,False,True,False,False,mitotic,17,off_axis,52.81474830785974,10.13
342,8.615108115697662,66.78484793597167,31.83664170177024,33.413261832,1.9980671892296251,0.4310586913788261,0.1250269920103649,0.551949654491609,0.955661664392906,0.2837221476692408,0.1077981554892216,1.4048213423169231,-48.964053798467916,0.2013131828545611,0.2265188337250162,False,False,True,False,TZ,17,off_axis,51.22035944933077,10.13
487,10.234170477547073,64.66840712197279,25.40270315615941,31.290332742,1.954821877080123,0.4722992728090561,0.1739232484450181,0.5230856655774968,0.6452050152490681,0.6827274527679411,0.0734386021365584,1.1616084011940024,-50.60137964793968,0.2029720543996761,0.3324947707236509,False,False,True,False,TZ,18,off_axis,51.30414923457813,10.13
160,4.175969456505402,65.28136392424003,27.25467843988662,31.334902524,1.955749582676084,0.5467884413834406,0.1265329678257105,0.5574826560951437,0.9921100090171324,0.1453882819541932,0.0987617715216183,1.302930974284487,-50.12634372683511,0.2059212218172585,0.2269720258420301,False,False,True,False,TZ,18,off_axis,51.18466393025395,10.13
488,10.442748600373744,67.65351730205278,28.80355577179324,35.196053111999994,2.032989419331541,0.4219541455611837,0.1568970545348498,0.5330335524040124,0.9274823354406844,0.0924186395775849,0.0283358795686939,1.1801895848171016,-47.874578726904005,0.206098426997648,0.2943474267749843,False,False,True,False,TZ,18,off_axis,49.37361885749055,10.13
195,4.92396803284698,67.72385938851828,30.04285196128648,31.994066142,1.9693682999698583,0.531563897646455,0.1120222376650451,0.5193300986069808,0.9739706578324656,0.3328629007151201,0.1760200780975983,1.34708957866384,-47.89560883119874,0.207283661201419,0.2157052671615351,False,False,True,False,TZ,18,off_axis,49.711958192674814,10.13
341,8.374326872313043,65.4321090052036,22.820522837317117,31.102670501999995,1.9509060554377025,0.4331397541292706,0.1088451505809817,0.5484300159659393,0.917924181082076,0.1021004860302062,0.030543279857713,1.2586944431498912,-49.649763060375705,0.2079606368763597,0.1984668005256329,False,False,True,False,TZ,18,off_axis,50.00425784204254,10.13
131,3.5159371805594,65.32702093671544,23.434384945635763,25.242917058,1.8197719939141,0.4059102313911347,0.0806729939603105,0.6059752854684811,0.5758293838862559,0.820142530747111,0.0675979474801245,1.4655904699453506,-49.79973136996177,0.2084910648099617,0.1331291818245394,False,False,True,False,TZ,18,off_axis,50.22838753094999,10.13
343,8.312419293581387,69.84855595898264,30.77326607671825,30.88216737,1.94628478547267,0.41473604253703,0.1468275938434281,0.5489941596365996,0.9555110220440882,0.2456406424010249,0.087559090063843,1.3604697133999055,-45.83041130381335,0.2102617966029205,0.2674483712916344,False,False,True,False,TZ,18,off_axis,47.9797874437343,10.13
512,10.869290712467668,67.84880465171756,25.188223854962388,29.500504128,1.9168153390401892,0.405852417302799,0.0418055911772249,0.5703961456102784,0.7763215377894277,0.6799932596328062,0.116762636636161,1.163838282955407,-47.41382168230745,0.2115064386553108,0.0732922048982226,False,True,False,False,mitotic,18,off_axis,48.16666071691983,10.13
214,5.3796115602638,66.19979152494926,20.910927516030497,25.242917058,1.8197719939141,0.4624105566397175,0.1465033933313662,0.5548833189282627,0.5996070726915521,0.7855566138221722,0.1017693525416505,1.485113456299061,-48.74366224173438,0.2123127100195943,0.2640255858012316,False,False,True,False,TZ,18,off_axis,48.91543081542938,10.13
498,10.611740151317306,70.71149895643127,28.264378685102617,26.974101222,1.8604562334612316,0.3329854769979998,0.0393286573146293,0.6422425032594524,0.4967532467532468,0.8721770617429926,0.0746381791028035,1.2387940461260285,-44.78521512467754,0.2146422006653377,0.0612364599275693,False,True,False,False,mitotic,19,off_axis,46.30378654642466,10.13
196,4.693498790291026,70.81790503395017,29.65535970498586,30.056453514,1.928781544795896,0.5214235542027628,0.1898533491874752,0.531474233529028,0.9895941727367326,0.1917443014004411,0.0807923415551873,1.4438700376490057,-44.78143923427584,0.2158740717958668,0.3572202323466087,False,False,False,False,pachytene,19,off_axis,46.67400986380312,10.13
353,8.468179311431292,68.38164216497397,22.5925762231143,29.774960154,1.9227413219037253,0.3847002284723864,0.1495154089077643,0.5702944942381563,0.4875,0.6238623098219481,0.0245460537434189,1.3074543384229782,-46.691452884457995,0.2160924907929799,0.2621722818970902,False,False,True,False,TZ,19,off_axis,47.06693190091501,10.13
81,2.959801804090947,68.82547556219295,25.38363634226982,36.927237276,2.0657895169492786,0.6477575911574133,0.147316623097032,0.5193868349864743,0.9991727561009236,0.019349322652832,0.0514437956482718,1.47738522591661,-46.454175399406346,0.217427818019783,0.2836356510670287,False,False,True,False,TZ,19,off_axis,47.27096018404837,10.13
390,9.120813744764702,72.80156689460583,30.119526933924902,27.443256822,1.8711804881627565,0.369433284896145,0.0945133177856879,0.6067507116714111,0.8072837632776935,0.4725795946915836,0.1253578770478933,1.3613365683480712,-42.83730498164405,0.2185596899857786,0.1557696035087176,False,False,True,False,TZ,19,off_axis,44.994575468829986,10.13
513,10.76652367879182,70.55046290322615,24.06302239190024,27.342388368,1.8688851483511584,0.3796328071379546,0.0623703319502074,0.5986723827962938,0.5810955961331902,0.9210588201171276,0.0806061635811174,1.1704294649842817,-44.63669883175672,0.2195520111706354,0.1041810742277547,False,True,False,False,mitotic,19,off_axis,45.272273142158554,10.13
178,4.555058692006575,69.39783334963843,22.053919305477557,33.572774736,2.001241693840137,0.7163219675796535,0.1359863800808682,0.4916256157635468,0.9994875080076874,0.1365169976578835,0.2051053345431332,1.5119780755783,-45.63838409255293,0.2206410456434972,0.2766055626895417,False,False,True,False,TZ,19,off_axis,45.965125404087225,10.13
467,10.010203221182357,73.14333966607623,26.59686906147321,27.818581302,1.879672219716662,0.4451471456277932,0.1288229842446709,0.5623100303951368,0.9307341352136044,0.1476438175967837,0.0431346902920125,1.1276889091635702,-42.23727805641643,0.2223975216915621,0.2290960098189013,False,False,True,False,TZ,19,off_axis,43.469604763645634,10.13
105,3.0959887715151715,71.97154622885246,26.9848206692774,31.754796786,1.964446668118424,0.5788579448917781,0.0797417271993543,0.5570952464479916,0.993020550601008,0.1548325431359752,0.1023377240031525,1.3998951266482311,-43.43443918457511,0.2225153408224174,0.143138408930579,False,False,True,False,TZ,19,off_axis,44.703916433246114,10.13
247,6.083065742775156,73.46459209058641,28.847646053742544,27.759936852,1.8783504425736184,0.4540307588304884,0.1748403575989783,0.5677139761646804,0.9760647659274904,0.1713258802119963,0.0760115074833849,1.3035106502122653,-42.08249783693195,0.2230760059893357,0.3079726146256812,False,False,True,False,TZ,19,off_axis,43.91268752637508,10.13
404,9.428437590083815,70.8018820697611,20.299740761027188,32.550015528,1.98070986038538,0.4037907177861055,0.120361509835194,0.5586848785204883,0.5218543046357615,0.8795946702665746,0.0663023322245306,1.320640530337612,-44.10907666738233,0.2245136789606812,0.2154372070243531,False,False,True,False,TZ,20,off_axis,44.27459217899788,10.13
206,5.282642728904858,71.453151274685,18.84404445242421,32.66495865,1.9830385997990871,0.6211849192100538,0.1490562994031296,0.5433175355450237,0.9981279782164738,0.0463881028016143,0.0648412437091082,1.5675075535980616,-43.35246938300217,0.2278250911789323,0.2743447241282304,False,False,True,False,TZ,20,off_axis,43.42001308589631,10.13
463,10.11811318233412,73.38487450390852,22.75613319302365,35.10925932599999,2.031316920332789,0.6510322709961915,0.0561980484279002,0.5795519816197587,0.9871475953565506,0.2645173098178039,0.280402738548304,1.18130232053559,-41.71381471519998,0.2282470787578076,0.0969680895074076,False,True,False,False,mitotic,20,off_axis,42.211760659994276,10.13
381,8.783666032953061,75.97357383555243,28.526592324143728,29.613101472,1.9192509392954955,0.7158586818757922,0.078839239856189,0.6007805965988291,0.998236092265943,0.1542119914361041,0.2368855337184368,1.282442344541356,-39.556694654727735,0.2283555893589927,0.1312280062014617,False,False,True,False,TZ,20,off_axis,41.45764159250366,10.13
132,3.579339824269791,75.3794575635253,27.934670363333957,29.634213474,1.919706926706166,0.6742658117628433,0.1311233108108108,0.5421628189550425,0.9995316890415236,0.1108953346855545,0.1467586055776457,1.4944017176060267,-40.105649861518,0.2296138781995124,0.2418522743103929,False,False,True,False,TZ,20,off_axis,41.79871634942624,10.13
18,2.835213339872536,72.83915185314909,23.4419003503104,33.481289393999994,1.999422254972914,0.7333426749807328,0.0842155919153031,0.568313189700473,0.9997641787525056,0.1269541888814858,0.2254133565062847,1.4376751021939167,-42.308513773579286,0.229682491755701,0.1481851793017308,False,False,True,False,TZ,20,off_axis,42.9014959650077,10.13
344,8.581703516841936,73.68165349458384,18.461019847158436,31.616395884,1.9615885472587928,0.5811693129544443,0.0963662558027853,0.620903454384411,0.9932910920611256,0.2410307179260576,0.1946084587005188,1.3909086922842535,-41.101826009769034,0.2341848006395381,0.1552032850233162,False,False,True,False,TZ,20,off_axis,41.16081785643661,10.13
468,10.350325510976823,77.41009355790945,25.90313005299123,30.987727379999995,1.9484998307668229,0.6130961392884179,0.1769726247987118,0.5629035413813344,0.997825693060337,0.110450630046991,0.102438340214789,1.2232795889587311,-37.93104645765339,0.2343107231702001,0.3143924523274994,False,False,True,False,TZ,20,off_axis,39.201504062355085,10.13
119,3.4936847962164577,74.34276021700066,20.56646978717565,33.727596084,2.0043132290957253,0.7557379329531229,0.0711451996826236,0.5660592255125285,1.0,0.129652552576079,0.2553292590467523,1.444314459294491,-40.59742013474259,0.2351247411141384,0.1256850811294639,False,False,True,False,TZ,21,off_axis,40.82994380754599,10.13
230,5.649421229784,77.88846913225414,28.500192792052516,28.573921818,1.8965330452666571,0.6036450209342419,0.1264700560882938,0.5555095277547639,0.9937813440320964,0.2213681380357665,0.2158962414254266,1.26401313032176,-37.64504700842928,0.2353257514452255,0.2276649630105454,False,False,True,False,TZ,21,off_axis,39.67379496781061,10.13
514,11.005151057401251,76.08904427492563,21.45725651057412,31.058100719999995,1.9499737343778327,0.602416918429003,0.1239806956232317,0.5636398176291794,0.9900319729170584,0.1109840452069265,0.1041866331528328,1.2282821613305712,-38.921408952636796,0.2363815666164768,0.2199644023460371,False,False,True,False,TZ,21,off_axis,39.28986056718321,10.13
69,2.678217478688815,76.96580546122335,25.32550728394282,33.847230761999995,2.006680256296622,0.6044077898676277,0.1528643514395963,0.5261037140854941,0.9976331360946744,0.0860785102269475,0.0597018203407688,1.3318252421365195,-38.33163164003093,0.2370196482376474,0.2905593466590795,False,False,True,False,TZ,21,off_axis,39.441425302285175,10.13
333,8.274943763152137,79.89207148247607,27.421495559103377,32.327166618,1.9761792920707957,0.650243088309992,0.1110291405385466,0.5856846473029046,0.996012994683993,0.1684183531029758,0.1845986888352985,1.299643849623994,-35.567509656461716,0.2396282638652002,0.1895715399914256,False,False,True,False,TZ,21,off_axis,37.41010279506414,10.13
405,9.44653201816184,76.93803597933294,18.717383701268677,29.964968171999995,1.926822624691701,0.5544073900109598,0.0648923936257598,0.609451862262825,0.9876857749469214,0.1622586015642742,0.1092020229320536,1.3248143778815586,-37.87313144155807,0.2419238510163969,0.1064766516338498,False,True,False,False,mitotic,21,off_axis,37.969121830524664,10.13
222,5.627491578341992,76.5062308109452,17.770356248458874,28.550464038,1.8960139164954064,0.5803138608166954,0.0668615272195835,0.6194205168363351,0.9940215225189318,0.268861706922639,0.2372504716923347,1.2839497833938496,-38.234088482583275,0.2420495397162311,0.1079420610106297,False,True,False,False,mitotic,21,off_axis,38.27284416283825,10.13
499,10.679469142069516,79.35338687359332,23.21393888606744,32.345932842,1.9765616149827203,0.6146203495539924,0.0675557115283382,0.5573955589010162,0.9945624468988956,0.2613570541819949,0.2397869502142426,1.1345572999187254,-35.79516217152015,0.2434709936846504,0.1211988693658303,False,False,True,False,TZ,21,off_axis,36.544040600662086,10.13
167,4.313066626102701,80.15100303468255,26.3375830924867,30.842289143999995,1.9454466770212744,0.7141770611499848,0.1096896470030798,0.5409792442788718,0.9998610725201444,0.1154508242091732,0.2136295009521617,1.3796879889732327,-35.22953075245385,0.2435843552010325,0.2027612855079065,False,False,True,False,TZ,21,off_axis,36.77074047836524,10.13
82,3.1877708160338374,77.76393736695027,22.213795855664927,31.074521166,1.9503173247929952,0.6277647769306258,0.1483592400690846,0.5526262421415534,0.9994887525562371,0.0917966260365522,0.0882798821841971,1.2761277709492336,-37.30671795731234,0.2436608983954897,0.2684621698277638,False,False,True,False,TZ,21,off_axis,37.82594521080951,10.13
83,3.0521358944954806,78.87653871846126,18.81732682052803,32.728294656,1.9843194489709264,0.7102924311926606,0.0761142857142856,0.6125680356259278,0.9998759151259462,0.1292164789510728,0.2033563241182422,1.5619991345579325,-35.94723603037054,0.2485307948853642,0.1242544195707361,False,False,True,False,TZ,22,off_axis,36.06730011195601,10.13
489,10.506826279037442,82.59225470286431,26.024264664387665,32.920648451999995,1.9881993337800357,0.5879293145218755,0.1114013521819299,0.5925989970603494,0.9953941541186891,0.1949001811273378,0.1588601500023852,1.2110506005504236,-32.77184320283396,0.2485586658161609,0.1879877501220019,False,False,True,False,TZ,22,off_axis,34.382842928733204,10.13
84,3.111566858080459,80.8157069281827,23.231492848085715,31.454537202,1.9582353979053109,0.6728316802147811,0.1413192405558817,0.543651698199225,0.9996973823573916,0.1199684380850956,0.1409743042541328,1.2685902482808344,-34.33809702776033,0.2491190328760208,0.2599444479323493,False,False,True,False,TZ,22,off_axis,35.14449195738734,10.13
469,10.293453503807989,80.55778937329742,20.02543649130281,33.575120514,2.001288302631962,0.6858799692587159,0.1293570875290473,0.5295818505338078,0.997828447339848,0.1278273227246598,0.1593265350897047,1.2848129409460052,-34.35942910781426,0.2494213313733572,0.2442626902690452,False,False,True,False,TZ,22,off_axis,34.623615565354804,10.13
280,6.790818111834437,83.22449130799941,27.385135607810568,33.518821841999994,2.000169091883259,0.6600181958149626,0.130948121645796,0.5646356525319062,0.9985863726321742,0.1936507808012314,0.2190808752091426,1.4163416172557628,-32.24144660363075,0.2496512481488259,0.2319161410700974,False,False,True,False,TZ,22,off_axis,34.33464599323248,10.13
283,6.982038872243931,79.46570947222699,17.856770569255104,30.534992226,1.9389639510929544,0.5096412383805793,0.083955223880597,0.599874667084443,0.9914131501472032,0.2094812957569877,0.116244355701759,1.365587138325748,-35.28898894853997,0.2507559347900605,0.1399546079994387,False,False,True,False,TZ,22,off_axis,35.34709138082088,10.13
120,3.435417851051745,83.92757447413243,25.536850625356124,33.009788015999995,1.989992205531873,0.6108584422967596,0.0932273555224374,0.5743243243243243,0.99800299550674,0.064829910714191,0.0784735109763499,1.4972918321724535,-31.40428097704557,0.2544614710495825,0.1623252778508322,False,False,True,False,TZ,22,off_axis,32.9620582844512,10.13
515,10.979077284748213,83.74120872024697,22.417057735820663,31.930730136,1.9680679096651348,0.660079341757273,0.0624113475177304,0.5997406526907283,0.9982363315696648,0.2053171394356696,0.2437557410503197,1.21737597643313,-31.360602042365954,0.2557509898465935,0.1040638936809149,False,False,False,False,pachytene,22,off_axis,32.10820620189786,10.13
133,3.975094651338999,82.93748489708805,20.72355203414404,34.077117005999995,2.0112130518090057,0.6788738211605976,0.0936467845346804,0.6040728831725616,0.9994725738396624,0.1748514411263431,0.2373676795005848,1.5029255274001343,-32.0375473831395,0.2584511149444238,0.1550256386991782,False,False,True,False,TZ,23,off_axis,32.447299748536004,10.13
325,7.532603668876034,82.64932780946508,18.345205287498032,30.434123772,1.9368265557515691,0.5998920918760597,0.1102159753171065,0.6100943941437103,0.9925676871350204,0.1973175053456176,0.1730530823124621,1.2181847732976958,-32.149935987156894,0.2585043535194932,0.1806539715412378,False,False,True,False,TZ,23,off_axis,32.26709707209844,10.13
490,10.552870333199388,84.07103356884689,18.924127226014413,29.21666499,1.9106479696856595,0.6200722601364914,0.0717928599450764,0.6092561284868977,0.9966448878686208,0.200167348209071,0.2088803184310495,1.2285199503545374,-30.77467785562456,0.2595618969321245,0.1178369106001046,False,False,True,False,TZ,23,off_axis,30.965141364417907,10.13
248,6.299184521906233,86.27082930124745,25.366400391750048,29.340991224,1.9133542735431772,0.5390949792133035,0.1481973995271868,0.5552471812662619,0.994688556253018,0.1216356595547135,0.0811959336541119,1.2537521035280217,-29.054836229140495,0.2597821720446644,0.2669034702512439,False,False,True,False,TZ,23,off_axis,30.732724386463378,10.13
427,9.719603601088236,87.64915737316095,25.756678588876724,33.612652962,2.002033748233249,0.6266313071393677,0.0915265749702836,0.6072897196261682,0.9988023952095808,0.2360147265107855,0.2477963706452896,1.422715281901344,-27.708958704656002,0.2626386379410478,0.1507131967039142,False,False,True,False,TZ,23,off_axis,29.633968845246823,10.13
121,3.320803357314172,86.75480903777054,23.64503738758865,31.302061632,1.955066095497171,0.6308453237410072,0.08693234476367,0.6047503045066992,0.9972981563890656,0.2443696467926286,0.2445000043599549,1.4355526106018113,-28.44551850668114,0.2638129293447177,0.1437491541812147,False,False,True,False,TZ,23,off_axis,29.64144781192278,10.13
161,4.252041463930611,83.75432164163395,16.388315548973395,33.265477817999994,1.9951170751889864,0.645441083139412,0.1232781168265039,0.5192919649960223,0.9919166796207056,0.0928858257045838,0.0992136492318774,1.4374017436421134,-30.903958382806678,0.2638604619159948,0.2373965420925552,False,False,True,False,TZ,23,off_axis,30.916397624548267,10.13
425,9.679384816753776,87.42022778795949,21.86600389397889,35.843487839999995,2.0453794328329167,0.5908376963350785,0.1746534653465347,0.5529430582213691,0.9928607853136155,0.0581125674522074,0.049991818628013,1.217072444712307,-27.65101040930215,0.266211788295402,0.3158615751653268,False,False,True,False,TZ,23,off_axis,28.429978925056933,10.13
345,8.921511590981282,84.90086501746381,15.555319187043432,36.93427461,2.0659207365086067,0.6505557319784059,0.0889220069547938,0.5670665212649946,0.9966469957081544,0.1647181664770911,0.1841665492171574,1.324105522561903,-29.69923459613933,0.266954613199893,0.1568105391875882,False,False,True,False,TZ,23,off_axis,29.699521500386833,10.13
85,2.792572357723559,86.49495900487686,19.41009303414751,36.06633675,2.0496095754174704,0.6043577235772357,0.1272596843615495,0.5697846457340128,0.9989330894680688,0.0056150207538471,0.0407418691304958,1.3413186841675429,-28.393077124422163,0.2693646804085349,0.2233469878740063,False,False,True,False,TZ,24,off_axis,28.68645272612956,10.13
426,9.69220077220064,87.52023229343813,18.50588585328212,30.377825099999995,1.935631536749593,0.6756756756756757,0.1732283464566929,0.490952380952381,0.9939238887112248,0.1083425849260233,0.1321299492441848,1.158384100992799,-27.30405538819742,0.2693962151461395,0.3528414428312853,False,False,False,False,pachytene,24,off_axis,27.498674780322908,10.13
215,5.27922798552485,89.99943377563228,24.710071145959034,29.16974943,1.90962472784064,0.6616807398472055,0.2063761554423693,0.487045400522938,0.9928057553956836,0.1318064267691642,0.1708273338870544,1.3349330270257285,-25.28804791704226,0.2705545641879466,0.4237308374553673,False,False,False,False,pachytene,24,off_axis,27.06160358760134,10.13
106,2.967338405250078,90.1650112201629,21.73424830129496,40.391951382,2.128475923070845,0.6866833149427958,0.0788799726822605,0.5742354031510658,0.9996755002704164,0.1991688732666593,0.2389648901943829,1.3682722040595248,-24.903972300613187,0.2745965132026395,0.137365220342413,False,False,True,False,TZ,24,off_axis,25.784311759177267,10.13
197,5.057472600465036,87.17704894553562,14.379171919628549,28.252550232,1.889396103971324,0.7335602789770841,0.0418035234398327,0.6135867871611094,1.0,0.117772941468904,0.2034901785632817,1.4506457128766796,-27.34268454131919,0.2749868069677074,0.0681297647122515,False,False,False,False,pachytene,24,off_axis,27.356679732895515,10.13
311,7.63071272272584,91.30746255079684,23.15878194748238,30.016575288,1.9279281459477928,0.6684901531728665,0.0904802744425385,0.5763790664780764,0.9989468933353391,0.212767604067402,0.2642165694763388,1.3356748246532038,-23.869427827395793,0.2753273697116135,0.1569805006892632,False,False,True,False,TZ,24,off_axis,25.233707206896447,10.13
449,10.081702898550333,89.02747686335478,14.982838334627674,36.256344768,2.053202587481638,0.6052018633540373,0.1014578118097482,0.5871845296624058,0.992832658148956,0.1525369918002456,0.1510658372613951,1.3544204267959052,-25.541686812237593,0.2770079134929608,0.1727869292947484,False,False,True,False,TZ,24,off_axis,25.542052988558048,10.13
470,10.513760624856484,91.35000091890537,21.27577923271328,30.633514902,1.9410471002137133,0.6281491691553718,0.07151051625239,0.6091433278418451,0.9996745850959974,0.1741628182665232,0.1786223229595255,1.2215911660049807,-23.68846233662565,0.277367681717516,0.117395222083031,False,False,False,False,pachytene,24,off_axis,24.514471344763088,10.13
145,4.041222593291741,90.21211518077456,17.775785196746927,32.310746171999995,1.9758446381297032,0.6471613184260201,0.0927758073548628,0.5847736625514404,0.9978880675818372,0.1324025789113523,0.1544241325181587,1.296843524809975,-24.565751052205147,0.2810363067083218,0.1586525065955781,False,False,True,False,TZ,25,off_axis,24.717616269360903,10.13
179,4.681540157046299,93.82591163383567,23.96898762914911,34.056005004,2.0107976263527223,0.7080176332828213,0.0772747061384414,0.5734843123378155,1.0,0.116850753012758,0.1858653466318788,1.5667960459544226,-21.417415672941548,0.2813880243126389,0.1347459807983765,False,False,True,False,TZ,25,off_axis,23.301130596727045,10.13
107,2.6712835677749536,92.4863476822262,19.999526950128956,58.700748672,2.41093227199301,0.7900815217391304,0.0701009028146574,0.598705501618123,1.0,0.1999059074118494,0.4505517912079674,1.1018018642661522,-22.461294856304917,0.2825997145622669,0.1170874538904278,False,False,False,False,pachytene,25,off_axis,23.037631518967036,10.13
450,9.495229060878897,92.34710965347868,17.000718983314716,42.038687538,2.1570167280576267,0.7328274091847553,0.0981352420418157,0.6038011695906432,0.9997240364271917,0.1403205976531633,0.2336997866825283,1.2637651488468364,-22.379517425529283,0.2832980076744475,0.1625290691443147,False,False,True,False,TZ,25,off_axis,22.479695633691122,10.13
198,5.287444917469566,91.02352520725888,14.046871566211829,31.407621641999995,1.9572613208933445,0.6410486220031368,0.0653442240373395,0.6215147732001665,1.0,0.1527797557236728,0.1780806804760052,1.3821482661841258,-23.48218442386811,0.2856128499027742,0.1051370407510725,False,False,False,False,pachytene,25,off_axis,23.500330634151197,10.13
516,9.216787643484002,94.15163973666536,20.503878304356327,55.585555488,2.367506137820857,0.7334149223497637,0.0670506572145916,0.6556909925597594,0.9977508764966594,0.431180616482096,0.7483318476579326,1.1241469063672789,-20.83762407936985,0.2861108412130661,0.1022595368480385,False,False,False,False,pachytene,25,off_axis,21.615428763552707,10.13
334,8.334151785714097,95.35329906250055,22.153111495535185,31.52725632,1.9597433049380173,0.7140625,0.0993672369346144,0.6005724694249285,0.9993572438616788,0.1650639829042896,0.26260854616661,1.3570594278506285,-19.760564411920903,0.2869431319831736,0.1654541991073324,False,False,True,False,TZ,25,off_axis,21.128718544687793,10.13
86,2.703846897351667,93.09231846124236,16.579013976415148,36.404128782,2.0559884831475927,0.7410271280366003,0.0867984548966144,0.5635730281164468,1.0,0.0994253569729652,0.1859212331999213,1.4238086873886937,-21.605301325526224,0.2903598987726059,0.1540145652227343,False,False,True,False,TZ,25,off_axis,21.67639492236511,10.13
243,5.914108277927776,97.48902193321894,23.32343007963637,32.106663485999995,1.971675873871272,0.7196609921823629,0.116915995397008,0.5618973156111545,0.999359056531214,0.0985520514982192,0.1692727256807063,1.404825776776583,-17.716736555219764,0.2921536788043909,0.2080735966318737,False,False,True,False,TZ,26,off_axis,19.78356025898164,10.13
491,10.313702945346098,94.67262242873106,14.908555142542433,29.786689044,1.9229937561732344,0.5333910852102693,0.1828713280926769,0.5652320675105486,0.9971133028626412,0.1781330730695299,0.1219517812456423,1.248636244995201,-19.90637606284388,0.2921815876609634,0.3235331797399554,False,False,True,False,TZ,26,off_axis,19.907426382352618,10.13
108,3.6830509676047702,96.8763345147777,20.229583242362924,33.091890246,1.9916406815216416,0.7381441837385695,0.1047018904507998,0.5506226312939903,0.999880354151711,0.1150910890444249,0.2167515599077434,1.2525853214417997,-18.100132799215583,0.2935950885693287,0.1901518108777062,False,False,True,False,TZ,26,off_axis,18.96840616252829,10.13
267,6.621475834292485,93.4430766757776,12.081595619965317,32.615697311999995,1.982041238645181,0.7023878020713463,0.1304895986551796,0.5181246979217013,0.9998636301650076,0.076407563139441,0.1473522736712196,1.6846328605667928,-20.924595053967348,0.2938197662080218,0.2518497944193718,False,False,True,False,TZ,26,off_axis,21.098747807781137,10.13
87,3.0265513400170705,96.04495480636837,16.429672754078346,35.798918058,2.0445313017646423,0.7510648057139113,0.0469141996989462,0.5851539878915504,1.0,0.095645458211391,0.1737625138209617,1.2803942103441803,-18.649679787121784,0.2964826772128222,0.0801741091571286,False,False,False,False,pachytene,26,off_axis,18.738513982730023,10.13
464,10.081415354650458,97.2191222853403,15.9052375344909,28.904676516,1.903822702559224,0.6659633176432398,0.1464122770634591,0.5128765792031098,0.9976786602553472,0.1586002526628988,0.2171940331213398,1.2741026916172051,-17.440109234328713,0.2971118673820038,0.285472729698341,False,False,True,False,TZ,26,off_axis,17.495083402446948,10.13
391,9.26712749616003,96.07880248847856,12.285803202764765,30.54202956,1.9391128959353816,0.5483870967741935,0.1566265060240963,0.535374149659864,0.9795253606328524,0.1663721581949221,0.1200486823074998,1.3659750872622185,-18.311037560623095,0.2998300688182408,0.2925552272622892,False,False,True,False,TZ,26,off_axis,18.455880722321773,10.13
134,3.98522153268881,100.1876672896544,21.27046229614682,32.507791524,1.9798530283273224,0.6919468898831,0.0920884729902169,0.571562426797845,1.0,0.0448056500919867,0.0792874830130029,1.3650547215962612,-14.874357784830227,0.3004699929786441,0.1611170865554246,False,False,True,False,TZ,26,off_axis,16.42003468192657,10.13
471,10.355452098640194,99.13937355786692,18.639251684004225,32.247410165999995,1.974552766948241,0.6602167745689969,0.0996530454895914,0.5698993791479341,0.9964544245826562,0.1038323896773061,0.1248644126699837,1.2008012343955703,-15.726218285154173,0.3010712533207914,0.1748607721569803,False,False,True,False,TZ,26,off_axis,16.291349728332005,10.13
392,9.591219638914277,101.23404745421536,21.442654461618478,36.120289644,2.0506310937506416,0.6283932978308872,0.1852484693151075,0.5078643830828382,0.9980091883614088,0.1243020835113662,0.1063836188626201,1.4537839522494225,-13.843482741862607,0.3035799168156525,0.3647597183141931,False,False,False,False,pachytene,27,off_axis,15.60559054360441,10.13
231,5.701870187018629,97.44408663366038,12.640259264497884,29.852370828,1.924406164875044,0.601995913877102,0.0814290895901341,0.5956564659427444,0.9959176099461868,0.292438234116627,0.2812095614345094,1.360647184009865,-16.975532986539257,0.3037070377095235,0.1367047858051142,False,False,True,False,TZ,27,off_axis,17.076448342006902,10.13
354,8.89823986901378,98.91291241915668,14.104029136308585,28.65367827,1.8982959607782064,0.4881702824396234,0.1347910323830611,0.5882917466410749,0.9911377930245856,0.1256685207342807,0.0918829888727182,1.2566361749090005,-15.618385457267506,0.3046425908998453,0.2291227663020386,False,False,True,False,TZ,27,off_axis,15.621001483672138,10.13
19,2.436376571022014,99.58936833649554,14.219890158881526,39.56858330399999,2.113913913920398,0.6638012805311833,0.0900192554557124,0.5861400105801446,0.9997656707674284,0.1325625318203316,0.1602754717498403,1.5489974241453524,-14.95228746530207,0.3080721955679942,0.1535797826983589,False,False,True,False,TZ,27,off_axis,14.952773453826046,10.13
268,6.615330286664165,103.31245579559489,21.90828311175717,33.877725876,2.007282723846258,0.6699903060517933,0.1434219985621855,0.5532941670163659,0.9986101459346768,0.0649895226881836,0.1005449272313185,1.5336340126788113,-11.804966327414066,0.3087310494079964,0.2592147308105332,False,False,True,False,TZ,27,off_axis,14.160654233303674,10.13
451,9.831667384747794,101.60547975010762,15.840791986212553,32.667304427999994,1.9830860681684992,0.6303317535545023,0.0441886372075751,0.6227661227661228,0.9966396822972354,0.1342006582926101,0.1387419672584851,1.2948088413438117,-13.060898658515567,0.3091838428204954,0.0709554286789135,False,False,False,False,pachytene,27,off_axis,13.163994904109849,10.13
88,3.066767719638561,103.6314380343167,19.59742771478924,38.688916554,2.0981312527757003,0.6802279755047596,0.1403422982885085,0.5307167235494881,0.999410168691754,0.1796714521154992,0.2209715812891195,1.566019798202282,-11.316826848157298,0.311287342773905,0.2644391858426559,False,False,True,False,TZ,27,off_axis,12.599999904364353,10.13
256,6.240574642748694,100.60921001064332,13.608723137732508,30.861055367999995,1.9458411709339472,0.5640772271207054,0.0673280208163928,0.649694856146469,0.9969913501316284,0.2472156957604517,0.1954633876759514,1.267361197431183,-13.89024312817898,0.3125362978757366,0.1036302199092896,False,False,False,False,pachytene,27,off_axis,13.90567938219842,10.13
20,2.5078577939836,102.77257334548536,15.996196298996823,38.59977699,2.096518643422801,0.6775448192038893,0.0392902408111534,0.6096871466264606,1.0,0.087103138541719,0.1162767870426807,1.4559951086922307,-11.908402187620538,0.3150593282131487,0.0644432821465162,False,False,False,False,pachytene,28,off_axis,12.056691192392496,10.13
500,10.721104693620688,104.27490392352144,18.189755387372983,35.334454013999995,2.0356506984839458,0.7108809666069176,0.092140921409214,0.5545350172215844,0.9998805542283804,0.1422340511059533,0.2116866847073335,1.4338242572769755,-10.571535106855796,0.3152702289896843,0.1661588872617503,False,False,True,False,TZ,28,off_axis,11.369136734579934,10.13
382,8.972547720042416,103.22222443663637,12.534691383881237,35.393098464,2.0367762630841093,0.6261930010604454,0.1317733990147783,0.5336879432624113,0.98846453624318,0.1377565298953366,0.1408944920832023,1.3578017333426078,-11.205288673606024,0.3172443825921304,0.2469109536356644,False,False,True,False,TZ,28,off_axis,11.309789450420404,10.13
199,5.0150804661488975,106.27987745560806,20.496391023863268,33.816735648,2.006077426770773,0.7196170921198668,0.1407312925170067,0.5378525482434439,0.9995092024539878,0.0918456509651705,0.1516968448645685,1.5680807038563822,-8.741707038064845,0.317578010130365,0.2616540406410954,False,False,True,False,TZ,28,off_axis,10.97224351656998,10.13
223,5.547409774936794,102.22862325209591,10.920249999999282,35.228894004,2.0336215397442983,0.6672659475296311,0.1391903531438415,0.5311186712027216,0.99672131147541,0.1604594723440194,0.2049152169970595,1.5005099408943583,-12.07741392278683,0.3176822122951368,0.262070156239554,False,False,True,False,TZ,28,off_axis,12.498538109973605,10.13
368,8.846624950073135,106.96906783384438,19.992971594995197,35.238277116,2.033802073416492,0.6238183996804687,0.1186837180286961,0.5885683949743408,0.998664490280457,0.1269270602625112,0.1201470075494755,1.5767058937321792,-8.017345379116293,0.3199602586302933,0.2016481330667955,False,False,True,False,TZ,28,pre,10.12266186817344,10.13
492,10.354443815454667,105.67206969289816,14.726546943108223,33.150534695999994,1.9928164957332355,0.6243985281630342,0.1132642833277648,0.622268274302939,0.9924682253255924,0.2454165266002676,0.2324821654674081,1.3596812813759862,-8.92334965679354,0.3208569731134955,0.1820184123232745,False,False,True,False,TZ,28,pre,8.962077545260009,10.13
90,2.9270963594926727,107.08810066031766,16.600821159351607,40.143298914,2.124099304102245,0.6558172149827617,0.1083863154707841,0.5784380305602717,0.9986994561362024,0.0623955005945354,0.0703933498760112,1.6610655592955952,-7.649056818281282,0.3238618998779578,0.1873775750287404,False,False,True,False,TZ,28,pre,8.147374342297194,10.13
89,3.135018315018243,105.41675382784136,12.15272780219763,38.42384364,2.093328561435697,0.6105006105006106,0.0305424707491263,0.6053291536050157,0.9991848933568808,0.2418654383657219,0.2266956159871315,1.518003847846957,-8.988604116493454,0.325168044479896,0.0504559718745276,False,False,False,False,pachytene,29,pre,9.158017622804174,10.13
224,5.6433088337262935,109.07911119123428,17.98207282623737,33.830810316,2.0063557007966435,0.5597697961447787,0.1614053625676925,0.572531107260986,0.9930273097036608,0.1422134011718414,0.0992453991324398,1.4797298415194955,-5.765068539403577,0.3280586730717781,0.2819154462014525,False,False,True,False,TZ,29,pre,7.209841048352989,10.13
249,6.310322449807149,106.35912167917516,10.034613993104514,34.701093953999994,2.0234144739969087,0.6887041168120056,0.1245247148288973,0.5172638436482084,0.9992104224240032,0.1496298560162738,0.222298728299168,1.5460334320250024,-7.892949619469775,0.3294760965023702,0.2407373265268986,False,False,True,False,TZ,29,pre,8.758499691961736,10.13
472,10.07827956989202,107.85505603127872,11.4283777908106,35.995963409999995,2.0482756280342045,0.6333007494297818,0.0909531502423263,0.5539363781766483,0.99256993006993,0.0944787933282181,0.0969382200416857,1.4990576079658733,-6.50361628166037,0.3306785839756552,0.1641942176495252,False,False,True,False,TZ,29,pre,6.897119272250414,10.13
406,9.663298139769005,109.3892889140258,15.81049321266937,37.326019536,2.0731991554115936,0.7143665158371041,0.1889721627408993,0.4781078107810781,0.9988175475937092,0.1198695959595092,0.1877158064551403,1.3854313268798717,-5.295956964995302,0.3310378193713759,0.3952501056867867,False,False,False,False,pachytene,29,pre,5.729669919148784,10.13
335,8.195204147764398,110.99113918989222,19.23158130913892,36.19535454,2.052050645863235,0.6194426441996111,0.1156626506024096,0.5861716621253406,0.9973837209302324,0.1335683141336248,0.146109095477276,1.5758219160659577,-3.9501556847472616,0.3313483395082882,0.1973187345547209,False,False,True,False,TZ,29,pre,6.948483862320993,10.13
91,3.283080808080804,109.24347714646338,11.309080339104495,39.014979696,2.104008994076246,0.6421957671957672,0.0889467238211879,0.6074609309359772,0.999624295554164,0.2087195423790807,0.2355261760890364,1.5576144156874547,-5.110180908159447,0.3359418043753589,0.1464237768907025,False,False,True,False,TZ,30,pre,5.609341646187759,10.13
21,2.874637347455578,111.78781234745858,15.679673002532637,40.75085541599999,2.1347615572492167,0.7207575408703661,0.1798816568047337,0.4726860441146155,0.999893639651138,0.0847474258440101,0.1468593919019394,1.617637972968383,-2.8943091963809495,0.3370204432132324,0.3805520790055663,False,False,False,False,pachytene,30,pre,3.655449353353919,10.13
493,10.452567305023289,111.97508820982668,11.363233971689644,42.25919067,2.160781512279852,0.6384679433805163,0.1679867143587122,0.4624596959926301,0.9942219304005252,0.0890303889913082,0.0588420258248208,1.5172043567878506,-2.389957786541717,0.3404869919387062,0.3632461721840282,False,False,False,False,pachytene,30,pre,3.1540495413007643,10.13
306,7.427907554671898,110.260878615805,9.234532958499043,37.757642688,2.0811597644881275,0.6609095427435387,0.1297831632653061,0.5144741663613045,0.9913367986138878,0.1482348681973218,0.1632245466190364,1.543374918476628,-3.9429015705147448,0.3408415230447217,0.252263712643177,False,False,True,False,TZ,30,pre,5.839417672865482,10.13
428,9.799868152942851,113.3523838727062,15.82636461704391,39.141651708,2.106283600165487,0.5718566462903032,0.1826086956521738,0.5225363941769317,0.992619292825266,0.1001447287680364,0.0885091894158351,1.4222244700190665,-1.3447710539000752,0.3419326491798606,0.3494659849287785,False,False,False,False,pachytene,30,pre,2.83361201127949,10.13
154,3.965873214733191,113.95721643698332,18.3849697381609,37.44799999199999,2.0754550866314347,0.7247557003257329,0.1153613851419368,0.5141101502048248,0.9998886042107608,0.1128547560316809,0.1801052794778084,1.7733302986908537,-0.9298278259578373,0.3422742799890518,0.2243904056280081,False,False,True,False,TZ,30,pre,5.174580492574531,10.13
312,7.990935345081517,115.61810425532008,19.135602127660604,39.800815326,2.1180414410660737,0.5660988978605528,0.1754955762123418,0.5383048084759576,0.9953879097348048,0.0743003471629516,0.0522033517125878,1.6532765022059583,0.671330460424506,0.3440756618105981,0.3260152490727379,False,False,True,False,TZ,30,early,5.961152145453169,10.13
135,3.853701476216495,113.1500162493162,9.704722143247372,42.90427962,2.1717208540260367,0.6245489338436304,0.2060353798126951,0.5010921799912625,0.999606402519024,0.1414198228146747,0.1250199364994005,1.7129130012868694,-1.0961887523664477,0.3476500041980206,0.4111726106288223,False,False,False,False,pachytene,31,pre,3.7878417768657475,10.13
92,3.443744164332421,115.08107405462124,13.3291729166675,40.197251808,2.1250504798844174,0.7378034547152195,0.156244131455399,0.5223681281994214,0.9993058310194368,0.0958735779350563,0.1806007725556296,1.6987055451643924,0.5629653334816017,0.3482460276952521,0.2991073211031563,False,False,True,False,TZ,31,early,0.13094815090895653,10.13
321,8.042868242868305,113.61109378954302,7.487474192474519,42.266228004,2.1609014490869525,0.5368520368520369,0.1864885942678884,0.508328340323547,0.9948661532819948,0.0283051032942648,0.0184972708543523,1.7395681692019145,-0.47322628937572875,0.3506433733802102,0.366866411873062,False,False,False,False,pachytene,31,pre,5.822335059187579,10.13
465,10.17953392969025,115.86164903424492,10.866708831404807,41.17074967799999,2.1420686668842785,0.5987123240840977,0.1394183773216031,0.5137015476359506,0.9911966577141152,0.0881483569939656,0.0722337079208891,1.5748754428025664,1.522601132633023,0.3512778909729829,0.2713995664665701,False,False,True,False,TZ,31,early,2.2674108303551384,10.13
162,4.44632705384023,117.60191488685938,16.019406186600783,42.087948876,2.15785893681659,0.6873815628135103,0.1318681318681318,0.50829024781601,0.9995647916439996,0.0775733928954069,0.1199690107192052,1.821157490279541,2.879039234626874,0.353593870191675,0.2594347076984747,False,False,True,False,TZ,31,early,2.9993615159190794,10.13
393,9.50125054848593,117.8015607887255,14.809644833260649,42.768224496,2.169422818858393,0.6345985081175954,0.1977360308285164,0.4740318222755929,0.9989631933644376,0.0802884150698904,0.0907597888485397,1.485907507942374,3.1671525367753763,0.3544983163477498,0.4171366172829564,False,False,False,False,pachytene,31,early,1.8075680173244728,10.13
337,8.559052063761284,119.88729918783012,17.920207164070217,38.702991222,2.09838564880763,0.7247105885205164,0.1931071238230591,0.487450462351387,0.9992303463441452,0.0945359994970034,0.1606199468542922,1.6853312252284511,5.01837745676508,0.3563704634438241,0.39615743288362,False,False,False,False,pachytene,31,early,5.063158436735382,10.13
146,3.94146807494291,117.02318821187995,7.765261175097383,44.19680329799999,2.1933136918178584,0.6413672310386922,0.1572711399351459,0.5043658428296581,0.999170616113744,0.1297202131005894,0.12105222378012,1.9234017655148177,2.909181973038798,0.3595532307558132,0.3118195694077997,False,False,True,False,TZ,32,early,5.274991984541257,10.13
336,8.597837483617894,117.69663956422124,6.951562434469448,42.955886736,2.172591251604991,0.6787352555701179,0.2191398991239713,0.4693183749787523,0.99688113665242,0.0941434679240376,0.1148039042989816,1.6301958647203312,3.6406761453610703,0.3609804151483888,0.4669322805310842,False,False,False,False,pachytene,32,early,6.036935972199373,10.13
109,3.578190434207589,119.90241627176422,11.577346385275986,42.571179144,2.166085973395407,0.6909852325325105,0.1125178034499129,0.5504636233951498,0.9998977714168882,0.0613322373387677,0.0894092310789153,1.8302985790552784,5.500131204241779,0.3623444099521135,0.2044055204882124,False,False,True,False,TZ,32,early,1.2613988372708393,10.13
494,10.545448299553136,119.98510247337782,9.693352250085647,40.971358548,2.138605035886223,0.6589373640215275,0.1786846822004687,0.4869900956857478,0.997879241516966,0.0936563143348535,0.1019259046367817,1.5703888151913137,5.721208658557075,0.3630993032580372,0.3669164604854161,False,False,False,False,pachytene,32,early,3.134203063174428,10.13
189,5.3437208457020615,121.37047224207754,14.598914793724392,38.721757446,2.098724747595281,0.6777730659720118,0.1245885450954575,0.5873284451964655,0.999535477877134,0.1221960625624946,0.1743663884773278,1.6100887869475673,6.741895571215999,0.3649301373832366,0.2121275516526052,False,False,True,False,TZ,32,early,1.8599927171194652,10.13
383,9.484063811922622,122.2519013266146,13.032403106633623,41.90732396999999,2.154767616687252,0.6452840750069969,0.1739017077304132,0.5242228183683131,0.998881153654898,0.0865747821143765,0.098175837524552,1.541797886849151,7.736192195789132,0.3676642744043238,0.331732426817468,False,False,True,False,TZ,32,early,0.3625781722380955,10.13
307,7.54392350400971,123.69780136952384,16.46340388648903,38.02506138,2.086061485275175,0.6378161628624306,0.1492537313432835,0.5159257366717765,0.998617065412806,0.112986930632992,0.1142718074829167,1.6905157466934897,8.925736591791875,0.3679203067538956,0.2892930527290914,False,False,True,False,TZ,32,early,3.890662272056555,10.13
407,9.790337335621029,121.80750542023829,6.583178662092729,41.02765722,2.139584138706255,0.6108633504859919,0.1390259329538267,0.5717014399059653,0.9960533478497552,0.1952167446242745,0.1820673857593057,1.6827407973301856,7.76750412036871,0.3714397693929789,0.243179259749099,False,False,True,False,TZ,33,early,6.101863274712055,10.13
200,5.164911064911045,121.00581779279143,6.088403846153822,40.619491848,2.1324652310972128,0.6137676137676138,0.1673306772908366,0.5254186602870813,0.9952447552447552,0.1166635330487404,0.091496619751204,1.746607524371122,7.004392519021499,0.3718921677280515,0.3184711353788034,False,False,True,False,TZ,33,early,6.654281462662125,10.13
297,7.493792180944779,126.2494985833298,18.60565948805301,38.581010766,2.096178830439006,0.6663221256156138,0.1625209827559895,0.5,0.9989817996690848,0.0831798251165038,0.1124763803668601,2.0682993412072337,11.312900843302408,0.3741931849611964,0.3250419655119791,False,False,True,False,TZ,33,early,6.214853436674357,10.13
136,3.8429402432574418,124.18184278159578,8.655500941301165,44.35866198,2.195987900091624,0.6395029085140138,0.1266974122469895,0.5276514595863283,0.9987216734456712,0.1893690910897941,0.1971454036350307,1.9951826244931368,9.982934586023468,0.3765994510499277,0.2401157240166047,False,False,True,False,TZ,33,early,3.8604651872919646,10.13
137,4.039682194166232,125.06986248911626,12.80319818241218,43.106016528,2.175119360069474,0.634033521985198,0.1393652418735602,0.5256505576208178,0.99926226484692,0.0953774877609288,0.1092494503723904,1.837238420668152,10.563379558779614,0.3767825020028637,0.2651290669306061,False,False,True,False,TZ,33,early,0.3413266969482348,10.13
473,10.267353221021729,126.19210316225522,13.927324234623455,41.912015526,2.15484802296442,0.5948956176190743,0.216412255061167,0.5100856590218292,0.9972103949493466,0.0770473870551153,0.0868788231343919,1.569735287760104,11.59987071916876,0.377404271274163,0.4242664957022554,False,False,False,False,pachytene,33,early,1.5449751440218216,10.13
338,8.407000174713618,124.8562387222653,8.562152210121974,40.279354038,2.126496289610534,0.5765534913516976,0.1925596890616324,0.5195984046210975,0.9979066022544284,0.1364818272613935,0.088297780659093,1.7046839493667112,10.662370846730385,0.3780419608495091,0.3705933031146452,False,False,False,False,pachytene,33,early,3.903942055174816,10.13
257,6.633475849318086,125.05661550728082,5.129539270857413,40.600725624,2.1321367805365927,0.6237000231107003,0.1451634072712954,0.5023798556732688,0.9954022988505749,0.1035366343959278,0.0837815072806745,1.7943283327148194,11.114759936192735,0.3824995115542836,0.2889514888624532,False,False,True,False,TZ,34,early,7.3125086979903955,10.13
168,4.5915555077453325,128.7130820783113,14.469775898236474,43.612704576,2.1836086370209338,0.7200408777969018,0.1710463449593884,0.5048991354466859,0.999901642569096,0.121837498736168,0.1840744197617357,1.775500862911131,14.074105921653851,0.3848217463386161,0.3387732973796106,False,False,True,False,TZ,34,early,2.271438264447984,10.13
322,8.138589772471565,130.10281010362766,17.85177529849028,41.651634168,2.150376368114212,0.5845911241270556,0.2224330592452035,0.4890184381778741,0.9948884758364313,0.1150771155997896,0.0807870478753463,1.9149923693338256,20.811455334763483,0.3851250496321104,0.454856181034827,False,False,False,False,pachytene,34,early,5.1130485707889415,10.13
369,9.100043749315954,129.50918037296125,13.909152717927132,42.894896508,2.17156252494342,0.5693973531663568,0.1195348317119534,0.5608331216662433,0.9973676513600468,0.2533149043423019,0.1760807507729489,1.8084510131728235,14.909294521950674,0.385877125419854,0.2131379675950909,False,False,True,False,TZ,34,early,1.7709076989687378,10.13
474,10.41868045949328,128.80559898959245,9.401048361099344,39.003250806,2.1037981334993723,0.5083298249834607,0.1179326715580492,0.5891131498470948,0.9814814814814816,0.1827298959211741,0.0970872882304716,1.6315781439556474,14.53930503169561,0.388408864850688,0.2001867919408331,False,False,True,False,TZ,34,early,2.7767443800907032,10.13
225,5.642388268156677,129.0422293470656,6.971673847765622,40.309849152,2.127032804242719,0.6230796089385475,0.1468651211801896,0.5189130770418403,0.9988956377691884,0.1105979382418199,0.1111840445663449,1.7993040887379352,14.95403590557333,0.3915714045211948,0.2830245135031504,False,False,True,False,TZ,34,early,5.182124340588822,10.13
163,4.2514580555394685,131.60651285871762,17.21157545944615,40.462324722,2.129711326402997,0.6405588729781437,0.1875245708295112,0.5208064516129032,0.9977806788511748,0.0895442908929537,0.0917705034278942,1.9879413067316776,21.2782972592037,0.3918182109204723,0.360065760031889,False,False,False,False,pachytene,35,early,3.54683133580454,10.13
22,2.819806856591065,132.5695645871553,12.65484715596348,48.58106237999999,2.263564110789764,0.6762916465475616,0.1170815224548926,0.543854415274463,1.0,0.0813025355439929,0.1227719259185339,1.8923910183429813,18.384941864184707,0.397503251927724,0.2152810001474494,False,False,True,False,TZ,35,early,0.10279001736641723,10.13
346,8.77426004519633,131.21169681419778,5.22915354682239,42.559450254,2.16588702723681,0.555200352753128,0.1575321014719699,0.5205700123915737,0.994484372388434,0.1187599543829499,0.0819376578017675,1.8802761445321836,17.245829780179264,0.397784337101748,0.3026146295831463,False,False,True,False,TZ,35,early,6.760302697576079,10.13
429,9.840337152931514,132.29887906566725,9.72720983362688,42.58056225599999,2.1662451040140662,0.6046165711767298,0.2071365444100751,0.5050856903998885,0.9948549378304988,0.0871338697876054,0.0823629918813427,1.706890852832852,17.39715206578365,0.3978011487236561,0.4101017873740991,False,False,False,False,pachytene,35,early,2.2755146146165393,10.13
347,8.440338590828985,134.51699570671528,16.109217745569076,38.520020538,2.0950736766380618,0.5695755435113574,0.1893565775891731,0.5254668930390493,0.9979075850043592,0.0634606815059519,0.0640769914578477,1.6044319500216682,22.287188347410982,0.3981897654980577,0.3603587211632406,False,False,False,False,pachytene,35,early,0.6026435513776158,10.13
507,11.066123873219,134.08787071823173,14.157231712707864,40.33565271,2.127486566854601,0.5527769700494329,0.1619442022667829,0.5035110533159948,0.9866573033707864,0.1625098735904895,0.1127562958420974,1.7199838678529111,20.51057324371387,0.3995843526218314,0.3216298851837709,False,False,True,False,TZ,35,early,0.3127997846850823,10.13
164,4.528973192259215,135.4787521243358,17.086867594977424,42.789336498,2.169779729665852,0.5228331780055918,0.1794871794871795,0.5205652573529411,0.9935993975903614,0.1145082273927609,0.0479324481015201,1.6748743819962124,23.653648889907135,0.4024896600394742,0.3447928515242575,False,False,False,False,pachytene,35,early,0.48619519078986917,10.13
357,8.37164984510851,137.4224078744872,18.74055905366314,46.948400892,2.237917462064515,0.6247626661337065,0.2236121161997312,0.4980026631158455,0.9972592945662536,0.0711724405634055,0.0401280234023614,1.610361134482875,26.167232485231146,0.4053928725308826,0.4490179124759308,False,False,False,False,pachytene,36,early,0.04529766874575951,10.13
356,8.883027111807852,136.465753047278,10.789699927178182,41.876828856,2.1542448295550747,0.6011091194263948,0.1277560019598236,0.5325094790057576,0.9927119831814996,0.1107755691652166,0.0931227725667443,1.5997188420495247,19.435700705171442,0.4068318386630576,0.2399131038913249,False,False,True,False,TZ,36,early,4.292654521133454,10.13
110,3.5359868486598223,134.1120970509128,5.761550288930673,47.089147572,2.2401515830071226,0.6750523064660755,0.1904939190866219,0.4930246818948336,0.999690594059406,0.115073913731389,0.1589734927640394,2.080152030984614,17.39715206578365,0.4070169013620978,0.3863780578986427,False,False,False,False,pachytene,36,early,6.594901056678982,10.13
355,8.857978331755726,135.57451259072369,6.994451893342061,44.60262289199999,2.200006326578796,0.6120753129273167,0.1889157686386628,0.4879338394793926,0.9979876576334854,0.0603644264082053,0.0457980504851703,1.7109453065857725,17.39715206578365,0.4086067225538819,0.3871749679018553,False,False,False,False,pachytene,36,early,6.201150843688527,10.13
70,2.8882718343508564,136.7352273002384,13.591440127423173,44.18272862999999,2.193080843608474,0.6725776479957526,0.1546264564770391,0.5315388357386087,0.9994694397283532,0.0539646793440066,0.0804670655166247,1.656253777061094,21.764606289886117,0.4092352875308199,0.2909034036284015,False,False,True,False,TZ,36,early,2.7119700807209646,10.13
207,5.294480144998972,136.75684661394044,21.17817890921108,42.70958004599999,2.168430783263035,0.5899928598890536,0.2281844499586435,0.4936369725385131,0.9957926371149513,0.0591608229237026,0.055865493265949,1.8307163740889705,27.61905733175096,0.4099069455879197,0.4622515383829779,False,False,False,False,pachytene,36,early,2.113428942802106,10.13
23,2.4161060142712283,138.72195574923597,18.186953685015222,46.02416435999999,2.223134649326002,0.6520897043832823,0.1479216077892897,0.5159683562847934,0.9972245943637916,0.1260125256631371,0.1347479552296272,1.886710769306386,26.570442539058163,0.4121842365267122,0.2866873636484077,False,False,True,False,TZ,36,early,1.308484158378778,10.13
453,9.996567846138037,139.29096965253467,14.80679418234025,44.152233516,2.1925761694603905,0.6446711295292742,0.1599045346062052,0.4727870813397129,0.9917017587317316,0.089112228175531,0.0978386036464677,1.726162369817824,24.331384380058623,0.4124416872203718,0.3382168018489249,False,False,True,False,TZ,36,early,3.903840327826187,10.13
147,3.927758180930136,137.56165851739246,8.431754772887963,43.225651206,2.1771297471825206,0.6745536441091876,0.1483953422323203,0.5010838752709689,0.9994505494505496,0.0684657484062674,0.089864149209353,1.9786521342142769,18.319869673919985,0.4157240558784382,0.2961487079425041,False,False,True,False,TZ,37,early,6.641236063205997,10.13
452,9.849042774314292,139.470543222844,23.07875251066485,42.88551339599999,2.171404172769821,0.6335193086095613,0.1448627951499681,0.5295522388059701,0.9987686245536264,0.0994540320255055,0.1011780731133,1.6183689617175985,30.81416216823701,0.4191841105528177,0.2735571385300976,False,False,True,False,TZ,37,early,1.237281476001573,10.13
287,7.218780421110514,140.74195353568453,9.844277506152228,42.89255073,2.1715229390651283,0.6674870112113754,0.1709844559585492,0.5037828947368421,0.9978243444406276,0.0897780783450596,0.1072495333318938,1.909768329487564,21.437042949299098,0.4197035536429183,0.3394010748377341,False,False,False,False,pachytene,37,early,8.188080478984125,10.13
394,9.296362329259344,142.67827135873324,18.326789158878587,48.94465797,2.269197150589407,0.6649892163910855,0.1908785739090173,0.46552217453505,0.9924435930183056,0.0851235984713942,0.0999061412770368,1.714587504248546,29.203112519566538,0.4200987221817273,0.4100311099028982,False,False,False,False,pachytene,37,early,4.265008458199824,10.13
71,2.969855416914211,138.12060555555777,23.83522341057528,47.375332488,2.2446806039057408,0.6383442265795207,0.1604597701149425,0.5024644030668127,0.9975314183123878,0.1127695796329388,0.1165762331443433,2.041588727953001,30.53496820211008,0.4203049723995853,0.3193455479344795,False,False,True,False,TZ,37,early,2.7593296543611707,10.13
72,3.0025481340622946,142.40599972426816,20.006951224151603,49.34344022999999,2.27534333715392,0.6232469693368197,0.1655259555649152,0.4893375394321766,0.9985463490998546,0.0377092452573186,0.0332001664040902,1.8715115373733069,30.322815344896362,0.4235880033598946,0.3382653939793587,False,False,True,False,TZ,37,early,2.9830794463332646,10.13
358,8.856403622251605,143.54017767937182,14.173154935815424,47.14544624399999,2.241043984887398,0.6202109662653,0.1746323529411765,0.4750425782785274,0.9932322346158666,0.0351880569057518,0.0286953826560599,1.8416887108805136,26.555525741474227,0.4246537193704157,0.3676141064533922,False,False,False,False,pachytene,37,early,7.57949846678772,10.13
148,4.038329026701132,142.60645291415256,12.608264441573528,49.022068644,2.2703928381385308,0.6316393913293138,0.1666125365378369,0.4828526890101325,0.9991979835013748,0.1265431349573517,0.104694216703617,2.0637471329670123,24.75486830480345,0.4258930174360183,0.3450587318451086,False,False,False,False,pachytene,38,early,7.859421656099817,10.13
396,9.600832824385126,143.83395697074135,22.74980670701129,42.24980755799999,2.160621575822705,0.6429404252956527,0.2031966299095526,0.4963458249105893,0.997296949414339,0.1118557347987184,0.1385958419308257,1.7537792585028535,32.97160871762226,0.4264412020906719,0.409385190146721,False,False,False,False,pachytene,38,early,2.361661470101585,10.13
284,7.066895278290689,135.80927414402646,27.91947717752552,44.46422199,2.197728446051546,0.7012925349512003,0.2247021771874572,0.4334157541504768,0.9991529910005292,0.0662412307035821,0.076921773681093,1.995402731509988,34.51436920254115,0.4292337102708995,0.5184448766240354,False,False,False,False,pachytene,38,early,7.0189340665445,10.13
24,2.6992477600499045,142.4072301854226,25.80506561736478,48.958732638,2.269414642050996,0.6830530401034929,0.1586110404477232,0.4832955404383975,0.9998077662437524,0.0771224280833011,0.0857048953666815,1.871331386849509,34.92084256845415,0.4312007923215045,0.3281864349583013,False,False,True,False,TZ,38,early,0.10239305439538451,10.13
370,9.040800953516491,147.05598758045107,18.66936068653199,49.20269354999999,2.2731778889391063,0.6209773539928487,0.1940389294403892,0.4758490566037736,0.9967845659163987,0.0438468624831116,0.0490042310405109,1.8079861033694091,32.26080711046051,0.4321833237965139,0.4077741181736967,False,False,False,False,pachytene,38,early,7.416557023313182,10.13
430,9.755691923657029,139.012216272299,27.93800383275253,45.106965162,2.208267426499846,0.6408029538717561,0.1387780548628429,0.4919646735196177,0.999168448562604,0.0935701587433776,0.0864494945276803,1.7368739605334504,35.68637413492519,0.4325962122047833,0.2820894717297398,False,False,True,False,TZ,38,early,4.038064067285132,10.13
122,3.628213612991887,137.9167557348687,29.461475930355427,46.078117254,2.224003017142424,0.5956829404877055,0.2097512437810945,0.4758247292873331,0.997949699289229,0.1360880997364296,0.0952119791579875,2.035184691489235,36.712459839499004,0.4333382265504769,0.4408161889678362,False,False,False,False,pachytene,38,early,5.609098487057955,10.13
180,4.835247446196542,145.76606438560088,15.371398259446591,47.304959148,2.2435686050098487,0.6224833878805911,0.1484340044742729,0.4840404571128333,0.9966203983101992,0.1031726639368119,0.0792320218221618,2.1880344581810043,28.898609171350834,0.4340601502871197,0.3066561943182197,False,False,True,False,TZ,38,early,8.528349736603813,10.13
258,6.276363847853771,145.8913117017556,22.14214096777893,40.333306932,2.1274453237061945,0.5283238338955449,0.2038091498134694,0.5252774352651048,0.98241885625966,0.0865663962973196,0.0444973661682507,1.755499267060501,32.97160871762226,0.4361190045908935,0.3880028650204781,False,False,False,False,pachytene,38,early,4.472939270916329,10.13
93,3.401170250987933,147.3621529538578,19.81129015038882,45.702792774,2.217948086081582,0.6089924549607351,0.2013000629062696,0.4934365975321607,0.9941573617242276,0.1406825263293266,0.1139820509158477,2.0825980624951312,32.97160871762226,0.4372591736137807,0.4079552751316739,False,False,False,False,pachytene,39,early,6.932998247611012,10.13
328,8.43431107483523,147.4765126052148,24.99811283987173,45.984286134,2.222492375969072,0.5898076824975769,0.2540816326530613,0.46822534510633,0.9836877366734634,0.1668596082017988,0.1151372232053766,1.8407100213494276,35.99573297578871,0.4386305358346352,0.5426481827790878,False,False,False,False,pachytene,39,early,4.916910447978019,10.13
326,7.988114407722318,143.4797237889802,29.785636128284636,52.73543521799999,2.3263299308543584,0.6393398870157021,0.264713884102657,0.4636161815490873,0.9909699351960056,0.0663617836976327,0.0682434005122381,1.784148102289363,39.020381087975196,0.4412523739550347,0.5709763693281041,False,False,False,False,pachytene,39,early,0.5370976081326834,10.13
285,7.237240294294521,137.7770640322088,32.179322173894064,50.694608358,2.295925126552666,0.6666512424228402,0.2479381981417684,0.4181010549694614,0.9977971257736284,0.0212012861316616,0.0250432135222555,1.907342641112382,39.19717349885265,0.4421341464442155,0.5930102189287183,False,False,False,False,pachytene,39,early,6.719233616819447,10.13
25,2.6616453900710506,145.6062469361707,28.301841858155285,49.6132047,2.2794822973005355,0.6259101654846335,0.1838250464204662,0.5024014155712841,0.9972157255819134,0.0924161813874946,0.0786763145138234,1.932412542525068,38.40302345981772,0.4423503740333726,0.3658927716424475,False,False,False,False,pachytene,39,early,1.9813574124228592,10.13
201,5.103208474833833,148.01820845455933,26.776602732019725,46.27985416199999,2.2272439648685376,0.5608495108723199,0.2025036818851251,0.467797783933518,0.9939990767810432,0.141264701326466,0.0882077858814585,1.958848408309248,37.849914272443854,0.446621484115197,0.4328872193073585,False,False,False,False,pachytene,39,early,4.780997207990302,10.13
454,9.951111961356322,149.80225994069698,28.62889703955156,49.04787220199999,2.2707911209187213,0.6059113300492611,0.2134402443680794,0.4531553398058252,0.9902622695403792,0.0772325450039425,0.044873259029603,1.7499188932715817,40.22083060033214,0.4494781098291286,0.4710090020334693,False,False,False,False,pachytene,40,early,5.777285154849833,10.13
216,5.56952026647045,139.36024510966308,35.67145831638959,54.227350026,2.3480639682167337,0.7036380153134056,0.2731805643963505,0.4078236753758575,0.9972619678502032,0.0240572905564582,0.0224696984887565,2.1434574344670136,43.025237069069725,0.4516485303165937,0.669849694588188,False,False,False,False,pachytene,40,mid,6.5015033614352,10.13
501,10.755926105979192,145.27827421487655,32.65484028682682,48.25265346,2.258451995056615,0.6370442391832767,0.1851124208688059,0.4677203321725154,0.9915145879344416,0.1188051136243973,0.0940297100111111,1.6541578416546607,42.34504880818156,0.4532683319035593,0.3957758689022065,False,False,False,False,pachytene,40,mid,0.10609807601443426,10.13
123,3.583457951776849,144.28153995631567,33.87259239267411,55.843591068,2.371163910360299,0.6925144921448374,0.3234125150198724,0.3963114754098361,0.9980367660182046,0.0371051758918072,0.0440111690637723,1.9849934262037332,43.12156649913707,0.4546143920318601,0.8160563977750659,False,False,False,False,pachytene,40,mid,1.2626311335509466,10.13
74,2.9829697118936456,148.383128746613,31.966138419109395,47.63102229,2.2487116221007635,0.6201920709184929,0.1735962280325761,0.5137448132780082,0.999057714958775,0.1133526782698321,0.1133301007178964,1.9261805976214093,42.8220227174501,0.45501278071697,0.3379036119604309,False,False,True,False,TZ,40,mid,3.250446627895896,10.13
208,5.360904815229455,151.8061207659595,30.652970042552614,52.36949385,2.320936485297641,0.6980963045912654,0.2726095402546946,0.4031157270029674,0.99823698617426,0.0558534618964943,0.0770940465442003,2.157721264409087,42.83121939877274,0.4599418508130665,0.6762562757882377,False,False,False,False,pachytene,41,mid,6.916670976016335,10.13
408,9.402136286349789,142.30425941055836,36.52577917338818,53.80510998599999,2.341953699103613,0.6060077603871474,0.2099833901564822,0.47714949651433,0.9907618613138686,0.0333097482540449,0.0363301185505816,1.909211053197968,44.88348171887043,0.4603737679179464,0.4400788257987315,False,False,False,False,pachytene,41,mid,4.0634690811049,10.13
410,9.980554209863548,149.18742628136923,34.643733485126724,48.421549476,2.261083970240123,0.5786745470400155,0.2062608378205713,0.4918937564677475,0.9909315746084087,0.1000321563871475,0.0790584197964169,1.8564869782335096,45.609518872351636,0.4625601557816368,0.4193198939984827,False,False,False,False,pachytene,41,mid,3.035330267791834,10.13
286,7.294121191254598,139.39984393613628,41.61565927870423,54.506497608,2.3520861383383136,0.6775692890342572,0.2690731707317073,0.401494927923118,0.9976280834914611,0.0662182604087916,0.0639825507101194,2.0187248542726133,48.583975876270536,0.4684407455097935,0.6701782563570318,False,False,False,False,pachytene,41,mid,8.607569842047829,10.13
259,6.504153498871248,151.6017576839752,34.865324586906226,51.95898269999999,2.314856159762387,0.6713318284424379,0.282263630089717,0.4211538461538461,0.9979987992795676,0.0896228385690703,0.1092762259198407,1.9566626540584249,46.68662267313495,0.4696698103888195,0.6702150120851728,False,False,False,False,pachytene,41,mid,5.207413631830923,10.13
372,9.472870310026597,148.18114982776171,38.48641300158421,50.392002996,2.2913477414305987,0.6267572851689787,0.2040897359539408,0.4447493140434023,0.9926744186046512,0.0945683347068845,0.0674554317142328,1.7876202371579255,48.831001516424365,0.4715092358733563,0.458887129242484,False,False,False,False,pachytene,42,mid,0.7113621653375292,10.13
73,3.0526440470732266,143.44855147868117,41.35421348005373,61.393701816,2.4472503751028887,0.6633807122115238,0.2687583001328021,0.4318955732122588,0.9987236215112322,0.0325390740278945,0.0400931754608124,2.1648723752649497,49.799751276304164,0.4720872948940333,0.6222761167332422,False,False,False,False,pachytene,42,mid,4.73687522126401,10.13
138,3.758306249419482,149.98844023586403,37.99231681214819,50.52336656399999,2.2933370679316543,0.6376172346550284,0.2422330097087378,0.4463805253042921,0.997890997890998,0.0371230936303394,0.0402341334422193,2.048915321596256,49.02169657008676,0.4722785061153315,0.5426603446546208,False,False,False,False,pachytene,42,mid,2.575246566297686,10.13
409,9.719400947220189,142.55358904723226,41.77333441566636,54.977998986,2.358848814324952,0.6286640781670009,0.2477310052727115,0.4460530851430541,0.9931264096230266,0.0603809603914103,0.0428408024249157,1.9231742414079285,49.868035269800856,0.4737395238112235,0.5553845798269985,False,False,False,False,pachytene,42,mid,5.722754224289156,10.13
313,7.9134495024541405,152.9974907604999,39.54609927056657,52.097383602,2.3169096650781524,0.6424872799315593,0.2142503711034141,0.4545340050377833,0.9915318640755618,0.0366660364336075,0.0327206765955826,1.982116103206012,51.55581195948257,0.4805390021003392,0.4713626895431168,False,False,False,False,pachytene,42,mid,4.821773704154528,10.13
94,3.1236679170246706,151.04792422832122,41.59960748858751,51.905029806,2.314054652906281,0.6318976815655082,0.2315312765355222,0.461755678330264,0.9962608600021996,0.0635847496907068,0.0444198698841168,2.111787407127958,52.768367523593426,0.482753997294231,0.5014151149645913,False,False,False,False,pachytene,43,mid,2.262982061833004,10.13
190,4.954114871608752,142.38910782143176,45.26164182469918,51.70563867599999,2.3110877339188023,0.6824244623899828,0.2288200947449598,0.4298571428571429,0.9964610234337636,0.0829273262669255,0.1043730305749218,2.15168216252325,53.06246065859384,0.4829018035694317,0.5323166045911327,False,False,False,False,pachytene,43,mid,7.133778352002423,10.13
395,9.36713674824868,143.37608989628126,46.07757557092141,51.56489199599999,2.308988842805115,0.6747338731689565,0.2425045025956139,0.4376223776223776,0.9990087232355274,0.0587226631801739,0.0625582821130067,1.9742290724204936,54.17935073714262,0.4858178849188717,0.5541410014568999,False,False,False,False,pachytene,43,mid,6.507329593732644,10.13
431,9.868646133392188,150.9637495147353,42.92737950365489,52.93248057,2.329223764663858,0.6495900731220917,0.2840456356392611,0.4393575313013785,0.9971819225550568,0.0859854896053616,0.067643319654838,1.885868938281936,53.97650227124574,0.4859486591515637,0.6465022570522849,False,False,False,False,pachytene,43,mid,1.7057798203457302,10.13
27,2.759121008899636,146.69694300898334,46.168277666708256,55.616050602,2.367939009095207,0.6532118604749251,0.2722605770932909,0.4495256628557528,0.9993301435406698,0.0540049121840314,0.0626108083464703,2.086991623800861,55.46118667197753,0.4880633412250574,0.6056619223108868,False,False,False,False,pachytene,43,mid,3.4424986191943696,10.13
232,6.135081323612156,154.5553572069563,42.848462731349976,50.190266088,2.2882859617462405,0.6971863899794354,0.250462748727441,0.3979009106343572,0.999126213592233,0.0328343545324408,0.0405606276630195,2.080094602089076,55.19773834062643,0.4916974260234275,0.6294601043464275,False,False,False,False,pachytene,43,mid,5.084308514114046,10.13
475,10.374574627523591,147.75539522612917,48.22267788944569,53.21631970799999,2.3333796670046887,0.6978312615710129,0.3153899930090882,0.4189642596644785,0.9969186151894144,0.0319845995770155,0.0443386108174834,1.7493399087867043,57.75902467660129,0.4965748623526086,0.752784958940564,False,False,False,False,pachytene,44,mid,3.195877704284,10.13
149,3.983463270963055,151.93184564708997,46.80337324584135,54.15932246399999,2.3470816846267546,0.630024255024255,0.2452730164339989,0.4726059470849918,0.9984273432585448,0.0973065233446862,0.0925299062598668,2.0025844008857594,57.9408592888809,0.4974468405599275,0.5189799619467967,False,False,False,False,pachytene,44,mid,1.211400363171884,10.13
329,8.48399157451258,154.21615839915847,46.00108559768291,53.455589064,2.336871525588943,0.6512638230647709,0.2846340804752902,0.4069460173650434,0.9957618139436322,0.0860109887140507,0.0676664682638555,1.971014209035238,58.01606429907518,0.498654786722592,0.6994394055464229,False,False,False,False,pachytene,44,mid,3.631337227243351,10.13
250,6.4091092626992925,142.79864009124992,50.90912490511265,58.09553794799999,2.402617979663264,0.7049987886618752,0.2983770287141073,0.4044620859567479,0.999103869653768,0.0382985203398421,0.0526280477601089,2.2040891186140894,58.4778037461285,0.4989639331130868,0.737713222262358,False,False,False,False,pachytene,44,mid,8.787816159269639,10.13
26,2.011029473862045,146.88856314922648,51.17463562199228,55.552714596,2.3670397916635157,0.6434000506713959,0.1910919540229885,0.4528123149792776,0.999113475177305,0.11989586576288,0.100225448143183,2.200350735432751,60.199957662165495,0.5019805752183214,0.4220113890491992,False,False,False,False,pachytene,44,mid,5.06865597847282,10.13
432,9.803843474697697,152.56171076828386,49.89682979717367,57.24871208999999,2.390886926072795,0.6849006351157549,0.3016709044678533,0.4024707412223667,0.9957409050576752,0.0708836133089992,0.0818793847627075,1.87987238570462,61.0533645427845,0.505594316715434,0.7495474169168955,False,False,False,False,pachytene,45,mid,0.6836555855568109,10.13
327,7.992357211340943,147.02036752499583,52.41837185317067,51.379575534,2.306219469771249,0.6671232251289778,0.2467197024486001,0.4343711425044576,0.9994001799460162,0.0376381127086384,0.0396393446273337,1.7112424304894398,61.407572647923715,0.5062629000138746,0.5679928482957824,False,False,False,False,pachytene,45,mid,5.394106823286519,10.13
30,2.026441031887608,154.12295165528244,49.60948469134759,53.922398886,2.3436541932308823,0.6502370905294297,0.2975098296199213,0.3925373134328358,0.9977525684931506,0.0610329673668589,0.0544592112547121,2.123297535925285,61.34820125695055,0.5086086454123147,0.7579147750773662,False,False,False,False,pachytene,45,mid,2.243499048554959,10.13
251,6.599095957639096,156.23659462740824,49.35711540746516,54.49007716199999,2.351849920736284,0.6836282233415127,0.3071556519279721,0.4310790583752891,0.9981409183863172,0.0574653172283039,0.0781190674528809,1.9665379541558488,61.874813631468754,0.5102103017589432,0.7125274261422561,False,False,False,False,pachytene,45,mid,4.305986933626872,10.13
411,9.815743101211794,151.401787052196,54.40608573728576,52.449250302,2.3221141159747223,0.6676058857730668,0.1930510314875135,0.4351453175457481,0.9956140350877192,0.0257651947016069,0.0325845825063601,1.86623769021932,64.84120449174569,0.5163568458821985,0.4436472684029687,False,False,False,False,pachytene,46,mid,2.0239412606580895,10.13
155,4.04555881568399,155.9133915844265,52.68007810082703,52.765930332,2.326778257020301,0.6894282919889748,0.2811278040749125,0.423704551961065,0.9993472584856395,0.0282911473774216,0.0385336021419152,1.949668577444181,64.85779111762353,0.5169500705202572,0.6634996078605876,False,False,False,False,pachytene,46,mid,2.806524834885747,10.13
169,4.714969088098896,146.8324244165371,56.09539942812996,60.70873464,2.438115023288347,0.7315687789799072,0.2919172357557843,0.377717000143947,0.9980844323288882,0.0281923638700556,0.0371262942126186,2.0767363204944758,64.76956858943066,0.517407361106098,0.7728464317055769,False,False,False,False,pachytene,46,mid,6.895052421340944,10.13
371,9.210765705391871,147.8604649314691,57.96954981624844,54.255499362,2.348470190095556,0.6829521380085607,0.2930685433336547,0.3713350606845765,0.9959068316928176,0.0514860500843817,0.0634101547306877,1.906529323367853,66.88831426007039,0.5220470174597409,0.7892293897413478,False,False,False,False,pachytene,46,mid,6.611814428176633,10.13
348,8.78779497010366,157.46755244420024,54.25791937559781,51.393650202,2.3064300353482943,0.6679903236113013,0.2807988926240854,0.4171020071487489,0.9973961045724404,0.071725693207714,0.0708414750713623,1.9307976060671863,66.88983082397932,0.5230495036945262,0.6732139568054045,False,False,False,False,pachytene,46,mid,3.6873277062573036,10.13
28,1.6055187637969233,152.24213511373193,56.995205960266055,48.881321964,2.268217922698572,0.6660907956617718,0.2361400812383357,0.4541534923828686,0.9966022510087068,0.1292272690261694,0.1199654762980606,2.182773562986498,67.55917252985961,0.5237362787600742,0.5199565459671962,False,False,False,False,pachytene,46,mid,2.1735345003580573,10.13
359,8.790457690906608,152.97619333495044,58.25066110234373,57.966520158,2.400838094189259,0.6827323863866295,0.2754158964879852,0.4400510204081632,0.9985627324991544,0.0659640432240862,0.0964706417403296,1.84479568287319,68.99484280459049,0.5281133323940596,0.6258726459321172,False,False,False,False,pachytene,47,mid,1.9414570388029138,10.13
95,3.3308237048079445,156.54416849608896,57.3370241846822,50.349778992,2.2907075809182094,0.697027581065971,0.2788866711022399,0.429032754113486,0.9988545246277204,0.0432610244540174,0.0397816998453105,1.961757670110548,69.73990409459147,0.5300099550796512,0.650035850242963,False,False,False,False,pachytene,47,mid,1.6178359415816348,10.13
217,5.483110997092424,148.2772816957414,60.897310415595896,54.863055864,2.357203776759963,0.702539763981529,0.2287994679082141,0.4080781946241196,0.9991363675619656,0.0422887627382391,0.0636575466191896,1.9070358848571407,69.05838884553059,0.5308009826763083,0.560675554151971,False,False,False,False,pachytene,47,mid,7.313194801950824,10.13
281,7.167222357229972,159.39882449088637,59.4596792369372,48.26438235,2.258634969374442,0.6744592952612394,0.3043207312006647,0.3919080322484323,0.996175281390012,0.0672268683052963,0.0819264201812663,1.909411122605265,73.047956174538,0.5389310007022617,0.7765105743169723,False,False,False,False,pachytene,48,mid,2.9260854421960634,10.13
288,7.377613127380507,150.7385035539401,63.60261930177177,56.03829064199999,2.373916414258942,0.6594667001548831,0.2759234534935469,0.4190534726490473,0.9981707904110908,0.0759350134244815,0.0819878455192741,1.903819354051756,72.00726107456894,0.5401414370044444,0.6584444981431518,False,False,False,False,pachytene,48,mid,6.61760696800983,10.13
29,2.492635272538804,152.37248613979585,63.81301233302885,58.829766462,2.412697300841783,0.6523784839905897,0.2346589412694232,0.4579031888047717,0.9988226770512588,0.0505145476753824,0.0659264620183504,2.1295128742911498,73.04686054207652,0.5426289400438302,0.5124640906780641,False,False,False,False,pachytene,48,mid,5.33956265514764,10.13
33,2.448781530568645,160.44811686618357,60.972677751173705,54.86774741999999,2.357270966104604,0.6941427960666952,0.2144504227517294,0.409281520827509,0.9990324566804468,0.0304718709336887,0.0549407832506458,2.0942520485226197,74.88675483420049,0.5432852804764836,0.5239680069555576,False,False,False,False,pachytene,48,mid,3.0209457719558834,10.13
476,10.39337314898105,153.97755623414787,63.4514929804477,57.344888988,2.3922250606205995,0.6605988709809376,0.2651669471260296,0.4162950464023141,0.9967954759660698,0.0246559958916423,0.0269174134802444,1.812507179343299,73.58510640619578,0.543316443277931,0.6369687783163486,False,False,False,False,pachytene,48,mid,3.784815846232326,10.13
349,8.78642586658873,160.8079825392236,61.97378380425212,56.37139111799999,2.37861077024139,0.675668927635138,0.2777314428690576,0.3879907621247113,0.9981763472234888,0.0399364696107864,0.047363259348312,1.889203863111636,75.9272639663361,0.5461495635395259,0.7158197307279877,False,False,False,False,pachytene,48,mid,2.799456769779306,10.13
32,1.7173838556887795,157.07472164164344,65.19992878161753,46.554310188,2.2316380735190924,0.6085357250831402,0.2128672745694022,0.4694297850431201,0.9960416941549016,0.1684754349455976,0.1024034573333551,2.070763998640972,76.70282555975773,0.5521108718696609,0.453459242152368,False,False,False,False,pachytene,49,mid,2.0732993865648925,10.13
34,2.7950399467377496,161.93769755742886,64.6126218125836,56.373736896,2.3786437634276547,0.6965712383488682,0.2955950540958268,0.4155238617663193,0.998281196287384,0.0284467718816918,0.0301596065010442,1.8915696220897416,78.76538666776344,0.5541325172038121,0.7113792522992638,False,False,False,False,pachytene,49,mid,2.369594479951295,10.13
202,5.614330883258775,152.1571996632826,68.73130334250551,57.126731634,2.389187622298484,0.653102287192543,0.2036949759638043,0.4586884469696969,0.9987066974595844,0.0366285951673734,0.0448078221721463,1.980865431680616,77.11397342013726,0.5548220341329937,0.4440813308237985,False,False,False,False,pachytene,49,mid,8.113463799381334,10.13
397,9.458821068485344,161.4216008158049,67.05291899761468,56.071131534,2.374380063352073,0.711291469689997,0.2945205479452054,0.3816838139400087,0.998490819149828,0.0263643114540831,0.0358839995079395,1.9220684689525371,80.56775272578541,0.5603264166329796,0.7716348904213601,False,False,False,False,pachytene,50,mid,0.6453895063835223,10.13
384,9.257980372998258,155.60255433111547,69.61173321296698,55.217268342,2.362265838388837,0.6517269212795787,0.3165485619007919,0.4079043669187607,0.9968084011119118,0.0243559662756823,0.0381542359658882,1.8805341222745,79.67731447450466,0.5610959323542737,0.776036217243628,False,False,False,False,pachytene,50,mid,5.64873091670352,10.13
203,5.002633142857135,166.71535156114652,65.43978115199869,51.31389374999999,2.305236321631318,0.7320685714285714,0.3092516205067767,0.408803958368879,0.998796423658872,0.0896074501394296,0.1350037008208434,2.192955398538407,81.98529057679568,0.5655640138695994,0.7564790266236303,False,False,False,False,pachytene,50,mid,5.994837805387523,10.13
31,1.8541912260967808,156.4641018492712,71.68771460517291,52.13491605,2.317465920889949,0.6988076490438695,0.2155162311027774,0.3988646549148491,0.9978534764349044,0.1092680694292522,0.11511654059368,2.4069570750591773,81.89574368094924,0.5670732230853771,0.5403242138584239,False,False,False,False,pachytene,50,mid,6.010026810423935,10.13
314,7.591488152735638,167.0441870447223,68.34882599011337,41.283347022,2.1440196612268414,0.7361781919427239,0.2682427107959023,0.3896187809605858,0.9882723422738624,0.2205372965340275,0.3013477493089865,1.667106700685643,84.63119210519146,0.5708701126235024,0.6884747961444857,False,False,False,False,pachytene,51,late,4.7418893836825236,10.13
289,7.12652320226677,155.98118978480886,76.0305466392142,52.97705035199999,2.329877326022678,0.6818986893375841,0.2725799918995545,0.3871102449888641,0.9996151996151996,0.0446302171552862,0.0665618992774065,2.061859332469338,85.33273659325624,0.5778395262697743,0.7041404752989571,False,False,False,False,pachytene,51,late,8.708262133491559,10.13
373,8.850704816244122,159.87363132656748,74.00165443447074,55.91396440799999,2.372159528511541,0.6695754321194831,0.2791506498261028,0.4057897409852717,0.9927563499529634,0.0456282995193032,0.0516418328120477,1.8437847935424052,85.65868894730093,0.5779605560674833,0.6879194361797203,False,False,False,False,pachytene,51,late,4.330904506181493,10.13
385,9.225579406134266,166.96996673455877,72.25621960001453,57.59119567799999,2.395645181985449,0.6924361533135106,0.3060380479735318,0.4105416501125679,0.996459107004059,0.0351133543912751,0.0510469098770333,1.7287421516900427,87.91335935651288,0.581234450626343,0.7454494516929481,False,False,False,False,pachytene,51,late,2.6204248868100426,10.13
170,4.490590882573454,157.98702279773,78.016791886823,56.29398044399999,2.3775214812267493,0.6980165013751146,0.3220132846851904,0.3760176624810266,0.997563098346388,0.0516934492340475,0.0717852876474064,2.135602650787527,88.07768916435175,0.5851022637557313,0.8563780822435137,False,False,False,False,pachytene,52,late,8.04964870984384,10.13
124,3.690030551535618,169.04492405933556,72.65151121562891,58.35357352799999,2.40616986067798,0.6820630326419038,0.2425780501819574,0.4427866986976861,0.9994939698068652,0.0475032877896718,0.0642576508897942,2.232639105524773,89.3424230083423,0.5866957298956151,0.5478440316645065,False,False,False,False,pachytene,52,late,4.175892803560467,10.13
35,2.347523089840497,164.98076458438098,73.83678945843955,55.87643195999999,2.3716286361917898,0.6402183039462637,0.2333840236157079,0.4518086347724621,0.9988170347003156,0.0462082220410348,0.0390147674041886,2.0823238111043376,88.20894347340257,0.5902247748897281,0.516555031608114,False,False,False,False,pachytene,52,late,0.09698352599420211,10.13
209,5.398254697285918,171.36777470980596,75.85971399582567,56.18138309999999,2.375935276782102,0.6429227557411273,0.3028450313850167,0.433465855940131,0.9985916909767628,0.0503507039112423,0.0497739605455627,1.9607088474238048,93.29303547302753,0.5954310363688454,0.6986594843282069,False,False,False,False,pachytene,53,late,4.460254153125818,10.13
323,7.494380710024336,162.1773637520378,79.79472706603975,56.23064443799999,2.376629501763692,0.685453256017688,0.2675344861084127,0.4377984084880637,0.9975088050854738,0.067846168218022,0.092551569866019,1.7291157908118011,91.79635707226836,0.5954895342384817,0.6110905862639902,False,False,False,False,pachytene,53,late,5.424478276238252,10.13
455,10.058553679515564,164.67657589200115,80.34868946320684,58.907177136,2.4137550797859597,0.5909525326537114,0.2419188191881919,0.4723520249221183,0.994052125013518,0.0590705572777124,0.0544031048537712,1.749663367404672,93.58378350606819,0.6000788990431284,0.5121578958576066,False,False,False,False,pachytene,53,late,3.5919820547499532,10.13
361,9.16064814814848,171.4156288060834,78.04282935363148,52.69555699199999,2.325743397313873,0.645610754985755,0.2964206805125938,0.436000502449441,0.997880008479966,0.0942350566512023,0.082383837864992,1.8200703762616,95.17388212186111,0.600402682213273,0.6798631626507518,False,False,False,False,pachytene,53,late,3.350885610399996,10.13
171,4.55663874079722,162.26527504443104,83.30411805026625,55.44011725199999,2.365439493843392,0.695988829652196,0.2463023182628763,0.4256089074460682,0.9974380871050385,0.0211287519259708,0.0260441025777992,2.0123985458124234,94.82563338125757,0.603789479401646,0.5787057412422387,False,False,False,False,pachytene,53,late,7.198467712310837,10.13
36,2.720686152804457,164.84104546890845,79.60198294775006,62.35781657399999,2.4599942782081383,0.7127863672271753,0.245478802253187,0.4302554027504912,0.9997139997139998,0.0722114860966155,0.0953353111561161,1.9294875409299648,93.03572755479611,0.6045433023574266,0.5705420563784119,False,False,False,False,pachytene,54,late,3.0588258522830585,10.13
111,3.507061935025532,172.00852132001248,81.0308654205996,59.425594074,2.420815218630982,0.6913906761931078,0.2403808783521182,0.4493476592478895,0.999683067902702,0.0187845419016871,0.0342423838828893,2.0108251307726697,98.0260285339599,0.6106607500218781,0.5349552254360547,False,False,False,False,pachytene,54,late,2.2807725721991576,10.13
261,6.802378950907572,176.03411197040384,80.36518667199273,55.81075017599999,2.370699002293581,0.6886348352387357,0.3275236020334059,0.4026727861771058,0.9987507807620236,0.0178490471466655,0.0363938618853971,1.887644289133675,100.09491995610102,0.6136647785467723,0.8133740676712943,False,False,False,False,pachytene,54,late,5.987637786423819,10.13
360,9.142740570337708,165.01817051521095,88.00229826815513,54.04437934199999,2.345420093338937,0.6216415643040063,0.2179958733291468,0.4644946655959619,0.9977297297297296,0.0317157637112924,0.0292850842532135,1.8679365498840943,99.63984630343512,0.619777628157664,0.4693183570783336,False,False,False,False,pachytene,55,late,7.408979236060795,10.13
433,9.720008376963362,169.21727802722532,86.33270923978854,56.00544975,2.3734525839846263,0.6818010471204188,0.2476728064963359,0.4374095037514808,0.9974370304904994,0.0289478217800011,0.0357423368864263,1.7962033032346971,100.809047632742,0.6207377819825731,0.5662263951106422,False,False,False,False,pachytene,55,late,3.0440050468307422,10.13
413,9.526974936548465,175.602115034101,85.46082877537894,59.15113804799999,2.4170826360708446,0.6648159898477157,0.2241600881219019,0.4337434926644581,0.9977347970029622,0.0750777541942695,0.0883957188336067,1.775863982079175,103.9235952775697,0.6238263487788234,0.5168033455554596,False,False,False,False,pachytene,55,late,2.5974408774590905,10.13
39,2.5792357661444645,177.59322855177845,84.90541638135142,61.38901025999999,2.4471880358926548,0.7085212074894918,0.219562103540004,0.4581803880440482,0.9998536513976292,0.0366076693920726,0.0725057727578522,2.0231305356630145,104.66748737859362,0.6265785541677221,0.4792044995144923,False,False,False,False,pachytene,55,late,4.526077833900487,10.13
37,2.7165306044229944,168.5411496378083,89.18799503277123,61.203693798,2.4447230923669614,0.7229696063776782,0.2095363079615048,0.4127006087437742,0.999566442662042,0.0241004419924992,0.0430399320684266,1.9754795955864688,102.6951273947375,0.6279593608776751,0.5077198906958621,False,False,False,False,pachytene,56,late,5.291783881586396,10.13
269,6.997082976902955,167.81893775877364,93.32592690333732,54.84428963999999,2.356934981070677,0.6637724550898203,0.2146853146853147,0.4547767459610736,0.9982134461683122,0.0348080254999241,0.0324607341043954,2.004356464688606,105.5823654978221,0.6359748234961135,0.4720674849625899,False,False,False,False,pachytene,56,late,8.342673309238895,10.13
252,6.642035398229849,182.21921027909693,86.3285499531977,55.13516611199999,2.3610944445787925,0.6218941456773315,0.2006655873358518,0.486103296950602,0.997112211221122,0.070167350397,0.0581031459656351,2.093652298950341,108.5720400130212,0.6372738557524665,0.4128044154291007,False,False,False,False,pachytene,56,late,7.386057699176643,10.13
434,9.85602885193349,177.81780688840055,92.56113053496236,58.53888999,2.408714301769533,0.7230214385894611,0.3127858421157288,0.4037905092592592,0.9988365779880556,0.0041022058208433,0.0249517078066426,1.6520472713648684,110.94153237281405,0.644281583784706,0.7746240561461546,False,False,False,False,pachytene,57,late,0.1332707539598711,10.13
40,2.602548245287285,179.73406188063663,91.64645618433504,62.96537307599999,2.467957768885352,0.6913791818791446,0.2953385505273902,0.4200869145340415,0.997778799019608,0.0290927063507723,0.0515032053621185,1.827141849647374,111.35258101817371,0.6460106549184889,0.7030415380945116,False,False,False,False,pachytene,57,late,2.216465745820502,10.13
412,9.752522497954466,172.52717176165785,96.13713031087966,51.611807556,2.309688897070731,0.6756203981456231,0.2136403702071396,0.4427630657138854,0.997106202372914,0.0870292411840994,0.1176378554890639,1.875026149176681,110.64928421674932,0.6491683345146483,0.4825162411925176,False,False,False,False,pachytene,58,late,6.2458503028128405,10.13
38,2.4090069472824145,175.21192683285892,94.04919380057498,57.40118765999999,2.393007664769214,0.6973436861463016,0.2283005105762217,0.4431541992978666,0.9993467254613752,0.0308014862631792,0.0419910331753192,1.816852198062444,110.57841531726767,0.650652618646233,0.5151717188688293,False,False,False,False,pachytene,58,late,2.8455023408405125,10.13
262,6.532784850852362,185.93831226731905,94.36402449326708,51.037091946,2.301083811595515,0.660247276738521,0.2706462752836704,0.4343885281385281,0.9981201044386424,0.0386505593840936,0.0446484393509048,1.9584599804083256,117.55572848752644,0.6616024741883666,0.6230511575511966,False,False,False,False,pachytene,59,late,5.372942703501858,10.13
436,9.669208717848452,181.1635510308272,98.03905026114168,59.73523676999999,2.425012565949856,0.7418810131553112,0.2733804996683617,0.4069678989806785,0.9984260981542424,0.0127111605705318,0.0256030596027235,1.6420207392397204,117.30130656664329,0.6619243114800771,0.6717495418019221,False,False,False,False,pachytene,59,late,0.6469766270391761,10.13
113,3.587421868310537,190.32858433085548,93.94154723863568,54.79268252399999,2.3561954766212185,0.6465022690298827,0.2127943559919916,0.4877073997820031,0.9989326605860664,0.0469167393619982,0.05110338500664,2.1937537223989847,120.05440506780734,0.6689646243219664,0.4363156189286999,False,False,False,False,pachytene,59,late,9.007442830026145,10.13
435,9.86937837722819,179.51642667745105,103.32215359740944,55.132820334,2.3610609591021308,0.7064204569629409,0.2879991744917964,0.4271014492753623,0.9972851446508866,0.0316472682938072,0.0277038628081314,1.5890808127718434,120.28926236460042,0.6742126982561082,0.6743109277208672,False,False,False,False,pachytene,60,late,5.3049074602120605,10.13
260,6.809547716562814,176.15996823886508,104.03129542872053,53.265581046,2.334099433395425,0.6722596556128067,0.2625842251288148,0.4328137597420048,0.99776460297405,0.0248417130373072,0.0328609302795338,1.988187435976352,118.67475640914579,0.6743752275196463,0.6066910286894257,False,False,False,False,pachytene,60,late,8.33179792844373,10.13
375,8.869288881589465,190.1922526810656,96.39193121612522,57.13376896799999,2.389285724771383,0.7302923304319264,0.2858230050010871,0.3957984472522454,0.9968538618845368,0.0436206613117193,0.0767299340440324,1.7225951266362065,121.84373696198419,0.6760539113833363,0.7221428153277467,False,False,False,False,pachytene,60,late,7.327782349942955,10.13
41,2.5533045578743296,183.28288785886883,102.30464100106806,59.237931834,2.4182642714250124,0.7093018651249356,0.2263673727473917,0.4624710529900558,0.9998493181646952,0.0349169230020287,0.0614440193431061,1.866072205820476,121.93112964014713,0.6768740190209434,0.4894736033397945,False,False,False,False,pachytene,60,late,1.7657220222434205,10.13
112,3.493976105638297,179.10724368895907,103.14348084258778,55.95853419,2.372789654661969,0.7021169566128694,0.2889733840304183,0.4158457641429777,0.9985489928303176,0.0623393168577241,0.0666852781557819,1.7953008432318651,119.88935692268284,0.6777393654889753,0.6949052003113882,False,False,False,False,pachytene,60,late,5.50347812499286,10.13
44,2.6208976102584085,193.0177013017268,98.31095675927573,60.36859683,2.43355308375318,0.6988148435982126,0.1362825941609092,0.4791639788414398,0.9991792882190554,0.0273632554768501,0.0255649943040757,1.8763842761396905,125.13003612008066,0.6833084787125033,0.2844174440875626,False,False,False,False,pachytene,61,post,8.296696117722563,10.13
298,7.59955344937646,193.22808424313843,99.31571407545935,51.480443988,2.3077276743196364,0.6911054406269935,0.2378864530635188,0.4484437232630181,0.9991655850176154,0.0726736137165834,0.0874700949284156,1.677020146621217,126.03491635832714,0.6859908218671126,0.5304711399071034,False,False,False,False,pachytene,61,post,7.957590086868965,10.13
308,7.772731854839393,180.77670904738127,107.38402618447618,55.84828262399999,2.3712303109178907,0.7240003360215054,0.2822501365374112,0.4077005022066656,0.9982282354836112,0.0423661110305378,0.0560518208709363,1.7759063435377052,124.21079514589027,0.6872399367907875,0.6922977406447665,False,False,False,False,pachytene,61,late,6.950720697122719,10.13
139,4.406823826746445,197.3339542986673,100.51954942699116,53.833259322,2.342362042897966,0.7052159135474312,0.180695167736466,0.4694752402069475,0.9996608157381498,0.0321368431084745,0.0394265718408319,1.883564659047782,129.59650615947731,0.695462151006678,0.3848875345520127,False,False,False,False,pachytene,62,off_axis,11.428606238442137,10.13
374,9.210713680285208,186.51591139599805,111.07290868367672,55.35097768799999,2.3641710540431826,0.673673503983726,0.2672249714503235,0.4114285714285714,0.9959813084112148,0.0574596240800089,0.0821174990466767,1.8057869641552091,130.72589864174392,0.7029624093326649,0.6495051389417587,False,False,False,False,pachytene,62,post,8.069902905690418,10.13
43,2.026003455341726,192.99742722085944,106.83305694081837,58.384068642,2.4065889361033004,0.7179476877335369,0.2280624587640202,0.4508547008547008,0.99946519978608,0.059513120007061,0.0873304989215089,1.7355849057598467,131.64485755301885,0.7053875339021702,0.5058446952680637,False,False,False,False,pachytene,63,post,7.816206131138979,10.13
456,9.980732710871758,190.7184980495369,107.17463291660091,59.29188472799999,2.4189982198779147,0.7350846652951417,0.2998013175781658,0.4074074074074074,0.9960865391715276,0.0462776285373891,0.0753884673701342,1.567399948003567,130.44149004081333,0.7058705390128935,0.7358759613282253,False,False,False,False,pachytene,63,post,6.159718489970616,10.13
315,8.13921985815641,190.23547872340825,116.4295919858156,59.53584563999999,2.422311396526478,0.7520488573680063,0.2794824822532631,0.3850309868107421,0.99887482419128,0.0436794428770568,0.0785838924124268,1.7211145061047215,137.22019879814366,0.7211197754503301,0.7258701035162133,False,False,False,False,pachytene,64,off_axis,14.018999848126942,10.13
363,9.180778721091142,204.9337968173604,107.88618538747778,56.08989775799999,2.374644924412413,0.6927355610388524,0.2455329636475662,0.4332380563495304,0.9979376127868008,0.0580873408656996,0.0632523289571168,1.8259806612427665,140.12485109681114,0.7273624546278853,0.5667391404080017,False,False,False,False,pachytene,64,off_axis,19.377359959496243,10.13
437,9.954271095654727,197.06907315026191,112.68342918815392,58.68432822599999,2.410707446495085,0.7084782348003358,0.246590909090909,0.4888249005896065,0.9973414356247626,0.0548034353452562,0.0810436457559743,1.5383246600441258,138.7436532062582,0.7289680338846687,0.5044565217391304,False,False,False,False,pachytene,65,off_axis,14.565271927773368,10.13
42,2.453365123185695,191.58489707617213,116.44290789308654,56.080514646,2.3745125012681148,0.6639896264692349,0.2199456205088367,0.4914726752147392,0.9956359669060824,0.0801635129244401,0.1072486593206239,1.9709497068854245,138.09787351195723,0.730463128288465,0.4475235991761614,False,False,False,False,pachytene,65,off_axis,14.479500228535532,10.13
45,2.8159864347963026,195.8942263929976,115.86418635987374,59.486584302,2.421643119987,0.7424977325604322,0.2096344710723795,0.4436447166921899,0.9988208365124506,0.0267478528402504,0.0443346643555686,1.6330418414942969,140.42483421319668,0.7315352226682278,0.4725278205393988,False,False,False,False,pachytene,65,off_axis,16.111992471099757,10.13
46,2.006730321378597,203.5656805309729,112.94550000000216,60.43662439199999,2.434466839949426,0.7598199037416551,0.2461013645224171,0.3873626373626374,0.9985707479752264,0.0727140985642718,0.1091932730625335,1.730539750041403,143.12074727375332,0.7342191680902994,0.6353255084124811,False,False,False,False,pachytene,65,off_axis,20.024386327053648,10.13
438,10.08497576736706,198.5870081237045,118.77064295407416,50.82128037,2.297835833074071,0.623447957535195,0.2403389514852407,0.4954645746506497,0.9923507249686038,0.0639176636161634,0.0599917107974149,1.4109616640929523,144.3822119375556,0.7455416084454234,0.4850779728393354,False,False,False,False,pachytene,66,off_axis,20.058208217771508,10.13
140,3.593509594882717,200.4726659872069,120.61693359914533,55.00849409999999,2.359284867952231,0.7699786780383795,0.2251113345783651,0.4575454208379681,0.9992979992979992,0.065346622079148,0.1554258998832657,1.5039973923952106,147.00865143275973,0.7497916583344555,0.4919977871619537,False,False,False,False,pachytene,67,off_axis,22.677839663128708,10.13
386,9.21593458519939,208.8749708345261,115.36240422402038,57.089199186,2.388664272994927,0.7418334223610141,0.2919765607392383,0.4146108546872513,0.9990223358652328,0.0795202720714247,0.1292511367897067,1.4967706112478794,148.385157111385,0.7505822737103114,0.7042183228885351,False,False,False,False,pachytene,67,off_axis,25.838800113271247,10.13
362,9.35540318414461,199.039383623722,122.9440337481796,49.948650954,2.2846081297998166,0.6852956370638238,0.2244212962962962,0.479032980152216,0.9978807436663134,0.0505574620517108,0.0677250656074267,1.5096611939567426,147.8698030122304,0.751394503920504,0.4684881951655705,False,False,False,False,pachytene,67,off_axis,23.72191916046449,10.13
210,5.452614536384588,212.3428664683034,111.68026037719504,53.608064634,2.339091297038035,0.7269942677110226,0.2872158117216954,0.4200993748998237,0.9980892248899228,0.027132046217636,0.051065821085889,1.752220575150054,147.79400687605482,0.7524210367911349,0.6836854060784654,False,False,False,False,pachytene,67,off_axis,27.5620934772131,10.13
114,3.7199356213839767,204.29380537648427,121.30518163904496,53.927090442,2.343722161683373,0.7565357344817086,0.2565090329436769,0.4034304091477577,0.9998466610442382,0.0114320122375158,0.0555474804711266,1.3937045887221131,149.992266461977,0.7577492480689046,0.6358197774073336,False,False,False,False,pachytene,67,off_axis,25.745361066079415,10.13
48,1.896954357546646,211.54485331561784,118.91947605669404,55.60901326799999,2.3678391297712698,0.759554543153632,0.1454272863568215,0.4508771929824561,0.9999290226417772,0.0824417707448769,0.1699164359837816,1.6404295449030526,152.82617964778146,0.761606344845564,0.3225430086513163,False,False,False,False,pachytene,68,off_axis,29.941396295452385,10.13
141,4.07166591827556,215.96008524308743,113.81248635751152,57.46452366599999,2.393887483018465,0.692452136996367,0.1937071917808219,0.4478364746482612,0.9989144050104384,0.0429795395886869,0.0613984166894554,1.5972389589976916,151.7526058962289,0.7645088411218214,0.4325400067802942,False,False,False,False,pachytene,68,off_axis,31.678812928987348,10.13
398,9.756828304899535,210.5351317379624,122.28687355239978,55.82482484399999,2.370898270933865,0.7547693083452391,0.2607043324043577,0.4455106237148732,0.999273994482358,0.0470089232886276,0.0897830424296276,1.284488599890829,154.7564763956435,0.7702021827728222,0.5851809553507046,False,False,False,False,pachytene,68,off_axis,31.060751696131124,10.13
226,6.225987198424371,203.63227211226,127.72457282126967,47.64275118,2.248896184775764,0.7396848842934516,0.1984536082474226,0.4550784944202761,0.9994747899159664,0.0687965408632847,0.1380494157037952,1.509382513380867,154.48419702003935,0.771535426483635,0.4360865448063689,False,False,False,False,pachytene,68,off_axis,30.255444330206252,10.13
316,7.88827483934713,217.4116504152241,117.29612713791693,47.45508894,2.24593953888863,0.6938210578348987,0.1953754221875812,0.4827252179528576,0.9991094399366712,0.035711972144735,0.0553282402133985,1.3884463357143124,155.354184468498,0.7742561805226913,0.4047342357959458,False,False,False,False,pachytene,69,off_axis,34.34398660987821,10.13
156,4.484899182824885,220.0541264107134,117.47407461921864,48.513034818,2.262507068733139,0.7767516077559112,0.1892888498683055,0.4214858132986788,0.9997624515005148,0.0354367390125714,0.0800468581264577,1.3918814460950373,157.18920884633775,0.7790537512416672,0.4490989824470537,False,False,False,False,pachytene,69,off_axis,36.83294577792163,10.13
414,9.720528187886458,207.08328327730385,129.39057408273658,48.142401894,2.2567305853799056,0.7074014520294304,0.1926593170207045,0.4298084929225645,0.9967332820906994,0.0326701005360584,0.0494435113882687,1.5458807444148757,157.97882524241888,0.7797336298011485,0.448244555873433,False,False,False,False,pachytene,69,off_axis,33.65831161401241,10.13
47,2.1142908632185797,210.9360846774242,128.0032469589114,52.066888488,2.3164575104798573,0.7376103802486935,0.2126537785588752,0.429429945054945,0.9993517543148852,0.0843055349769658,0.1290084817297375,1.5948668522976832,159.39292169521093,0.7840387603531214,0.4952001624657695,False,False,False,False,pachytene,70,off_axis,35.17848948014867,10.13
49,1.553262823902673,217.0018840613428,127.57333946588965,44.35866198,2.195987900091624,0.7691168693812798,0.1928267701978184,0.4051763628034814,0.9973340442548654,0.0858556821108512,0.1495987940274268,1.5297939273960477,162.96302107560132,0.7897303894957072,0.4759082412004948,False,False,False,False,pachytene,70,off_axis,39.41251302324413,10.13
75,3.0925463780917544,226.70719675904908,120.33318118926682,42.486731136,2.164652744498748,0.6963891342756183,0.1832763998217733,0.4920894708128751,0.9990480220012692,0.056704940498371,0.0733609124904597,1.3891957388405638,163.65619208943562,0.7991501293618859,0.372445278130056,False,False,False,False,pachytene,71,off_axis,44.07432680895813,10.13
415,9.738211065074022,222.1773787326391,126.39976749695224,48.12363566999999,2.2564373178097505,0.7739702656592737,0.1889102676228791,0.4459780030191934,0.9989499192245558,0.0456052763404548,0.1530394995893574,1.3751662041287132,165.39114671960243,0.8029414767990184,0.4235865140073938,False,False,False,False,pachytene,71,off_axis,42.92892380647972,10.13
270,7.014092793154141,231.21037809867676,120.25725254713188,35.088147324,2.030909679559981,0.6941436020858404,0.1747835497835498,0.5147540983606558,0.9981027068049584,0.0930915848767866,0.119590913756374,1.268185797907279,166.49290572713767,0.811399260634082,0.339547660407533,False,False,False,False,pachytene,72,off_axis,48.22035537129868,10.13
50,2.0376868223111986,224.7948410569564,131.46260563641658,48.027458772,2.254933123652504,0.691706554654684,0.1302190988011574,0.4988910012674271,0.9986521613555406,0.0949397668454975,0.1189100946403682,1.3200099311430826,170.9518748087045,0.8136961988653502,0.2610171329415388,False,False,False,True,post,72,off_axis,47.96516149618855,10.13
439,9.831429187324597,219.17802558740956,135.54835003664505,54.41032070999999,2.3507019025603224,0.7408924337141625,0.3056839186691312,0.3767054908485857,0.998549907355192,0.0273682256299069,0.0518285857668134,1.5457475989905065,170.47074444144303,0.8170230185918309,0.8114665862197344,False,False,False,False,pachytene,73,off_axis,46.34235552682421,10.13
416,9.397327567087784,231.99867356952308,126.30611195941394,42.308452008,2.1616207905013,0.6823020625415834,0.2350820985182218,0.4933682373472949,0.998211091234347,0.0751949582044881,0.0895138616040071,1.3527500612308918,171.63303592335012,0.8270909670435258,0.4764840553623668,False,False,False,False,pachytene,73,off_axis,51.40096964159393,10.13
51,2.379116793154469,226.72507638669072,138.27915333876737,46.054659474,2.2236255492526333,0.7133907197066165,0.0795026991657124,0.5301226230673538,0.9996372540128776,0.0879426598183474,0.1286699003745022,1.378150566762033,177.41414466216844,0.8295288035812428,0.1499703949733368,False,False,False,True,post,74,off_axis,53.73840708874864,10.13
52,1.989113860767468,232.01978946381263,130.7060598987645,37.53713955599999,2.077100555572138,0.6749781277340332,0.1444316499424247,0.5621995770044222,0.9996324880558618,0.0826251737101922,0.1037852412789079,1.220100804225864,175.0169321623893,0.8313122736164547,0.2569045866451953,False,False,False,True,post,74,off_axis,53.55705398920498,10.13
218,6.094966718337095,224.1934475380722,140.46612207075856,51.45229465199999,2.3073069783529143,0.7529406401021246,0.1452681388012618,0.4380882081564864,0.9985742574257426,0.0520147265394555,0.0989709625202914,1.5281938344751358,177.46188373381972,0.8321661746435491,0.331595637811305,False,False,False,False,pachytene,74,off_axis,53.36649955083557,10.13
440,9.89380847261688,225.41801983601155,137.88737671081734,44.630772228,2.2004690474519597,0.71759697256386,0.1851683348498635,0.4732923878652522,0.9937205651491364,0.0564360847196675,0.0930938540675381,1.352128176600128,176.27380465071155,0.8328898212410849,0.3912345509824289,False,False,False,False,pachytene,74,off_axis,52.498129556008934,10.13
211,5.347965565447837,239.85035494077084,121.08719320138285,31.881468798,1.9670553056372315,0.7222426605842102,0.112599905970851,0.584635761589404,0.999505684626792,0.0988328013534355,0.1639711991044934,1.1276735184355615,172.68285021073837,0.8356815240344833,0.1925983892342376,False,False,False,True,post,74,off_axis,56.6329578382451,10.13
441,9.808791061751023,240.33738629825092,122.65329672174774,35.062343766,2.030411718938297,0.5876095537566066,0.10459035444509,0.6364373783257625,0.9987562189054726,0.1157138995525602,0.0947771956558533,1.1955056336601302,174.1955604527091,0.8384377711359164,0.1643372278357213,False,False,False,True,post,74,off_axis,57.60973526025441,10.13
150,3.572518203446059,237.1138985220965,128.91097111239063,32.538286637999995,1.980471925844448,0.7015355778242376,0.1291543962978544,0.5471014492753623,0.9998674794593162,0.0207319364638509,0.0331989584233048,1.1853288613777957,176.91666251082688,0.8416935598346864,0.2360702872728994,False,False,False,True,post,75,off_axis,57.14124887700754,10.13
96,2.9401267511675058,241.28673755003464,116.0232837308196,28.130569776,1.8866730237729272,0.6872915276851235,0.0259740259740259,0.7109333333333333,1.0,0.0446843344786147,0.0635057581948043,1.199225824652168,169.72731948171673,0.8434460675240687,0.0365351078029247,False,False,False,True,post,75,off_axis,56.62241673460442,10.13
53,2.030914826498452,234.1380548895922,139.17206908517608,42.385862682,2.16293834104061,0.7401627096131496,0.2151454363089268,0.4781682641107561,0.999904461641349,0.0444926900615423,0.0873343562298104,1.372648493160637,182.86355049393381,0.8469764414554763,0.4499366696972878,False,False,False,False,pachytene,75,off_axis,60.063884900280854,10.13
317,7.625278647920064,246.84464679828443,120.69287464121788,32.200494606,1.9735947343547044,0.6796823777955854,0.0922791081750619,0.6272458494428019,0.9994719471947194,0.0514641186123834,0.0621713247981328,1.1568283945530382,176.87709265551203,0.85591971640153,0.1471179255423303,False,False,False,True,post,76,off_axis,63.18926670517412,10.13
417,9.448129762179434,235.7642863888311,140.89821873123898,40.63825807199999,2.132793580510532,0.7357423227891942,0.199930094372597,0.437308868501529,1.0,0.0140704484878013,0.0349645075301861,1.3336040749021283,185.23119054861095,0.8583596372944728,0.4571828032156589,False,False,False,False,pachytene,76,off_axis,62.40287313350106,10.13
97,2.736038081288886,247.42953218601264,126.49146547052489,32.031598589999994,1.9701380919716287,0.6854632002929331,0.0483048969643252,0.6987194412107102,1.0,0.0549110545726971,0.0733086148110317,1.1156762047928246,181.69475693175258,0.862243851805772,0.069133466331815,False,False,False,True,post,77,off_axis,65.59637500387387,10.13
220,5.516204235757774,249.03588556066427,114.9422429404026,28.576267596,1.896584942515076,0.7227056312592349,0.023417172593235,0.6918294849023091,1.0,0.0364085881318664,0.0624451770685505,1.2321545234692433,173.88079864967298,0.8660479775695146,0.0338481852888096,False,False,False,True,post,77,off_axis,63.978439893483724,10.13
442,9.607416005675448,249.14293828593097,130.30681561230537,36.375979446,2.0554584184168765,0.6624105242793576,0.1701014584654406,0.5113658070678128,0.9967488485505284,0.1190219896444428,0.1295041423927594,1.24779602523263,185.71874667507234,0.8704961101228271,0.3326414400696981,False,False,False,True,post,77,off_axis,68.6254161384115,10.13
54,1.9933639251676476,252.3208799152855,111.53210321214468,6.645589073999999,1.1663125747257184,0.7034945287680904,0.0,0.3916666666666666,0.9835125448028674,0.251588091261336,0.2463915363181978,1.2595284085184393,173.38042294664044,0.8762796537272732,0.0,False,False,False,True,post,78,off_axis,66.68764682553031,10.13
157,3.497047772410092,251.44161561996512,109.19912834138395,4.370184414,1.01423139902932,0.6892109500805152,0.0,0.4732297063903281,0.5186813186813187,1.0944230740736611,0.1096627562446153,1.1959547623941027,171.02814860840803,0.8770950221192835,0.0,False,False,False,True,post,78,off_axis,65.55443373986382,10.13
172,4.448012798922066,255.1265121421254,120.15495608790766,27.858459528,1.8805699674436227,0.7182553048164365,0.0256260920209667,0.7068141063956963,0.9990536704069216,0.1016005079927122,0.1663256167165895,1.240518967806948,181.78905656868955,0.8803352339463015,0.03625577332015,False,False,False,True,post,78,off_axis,71.0462599706735,10.13
115,3.3077358350086,246.5483729283025,140.7985391780214,31.506144318,1.95930576455622,0.7053086143995235,0.091576773008951,0.617988883274381,1.0,0.0979094291440457,0.1428908911384083,1.1534638608326695,192.08739695125837,0.8815428143414894,0.1481851461853754,False,False,False,True,post,78,off_axis,71.22018073003932,10.13
330,7.840907288445067,256.58801208660367,124.57856621460898,29.577914801999995,1.91849047842688,0.6381156316916488,0.0477879799666109,0.6969099276791585,0.9993803253292022,0.114689951224222,0.1230952193170486,1.0843067678467868,186.11703006542342,0.884745130892465,0.0685712429520899,False,False,False,True,post,79,off_axis,73.63756659845095,10.13
76,1.180556274926147,258.6500286631748,128.6180829543695,90.57987169199998,2.7859994773810457,0.7043300357383333,0.1179015684153597,0.6487693789962337,0.9976549268250314,0.0696701549632689,0.1121617237230195,1.0411175879272951,190.53683404334004,0.8939097472712177,0.1817310931008723,False,False,False,True,post,79,off_axis,76.86142704269317,10.13
364,8.399970071080944,257.230626980919,134.17365196408292,31.35132297,1.9560911471918665,0.6265619154508044,0.0833792470156106,0.6403526347425366,0.9973511997507012,0.1518641987553884,0.1520259880951332,1.169932181952063,193.87988790941617,0.8953478799884603,0.1302083297418374,False,False,False,True,post,80,off_axis,77.58456546324264,10.13
457,9.87331679356646,254.7354235606119,138.32679344682958,27.419799042,1.8706471907621505,0.63007956198135,0.1245191334278194,0.5825624421831638,0.9970210389126792,0.1253307032000157,0.1203437300142497,1.1646927667768876,195.45711433400572,0.8973684224150332,0.213743839992811,False,False,False,True,post,80,off_axis,77.11758553625059,10.13
324,7.940853323567083,249.7508858267676,102.58740802050713,25.620587316,1.8288025724231043,0.5014649331624245,0.0,0.6978879706152433,0.9884488448844884,0.0719358114034921,0.0303391206839724,2.464186120740873,164.8767411054905,0.8994693359214908,0.0,False,False,False,False,pachytene,80,off_axis,63.572290416352395,10.13
158,3.60530044607714,258.3466803463679,104.5405037522963,8.939759958,1.2874955879686265,0.8475465757019155,0.0169204737732656,0.4629948364888124,1.0,0.0386067706191259,0.110970801694155,1.2795074190781168,171.8986099661943,0.8999819265504136,0.0365457072946741,False,False,False,True,post,80,off_axis,72.18290790727842,10.13
299,7.799733033581578,252.4819112617704,142.84456528031922,33.389804051999995,1.997599498751132,0.6803428410847268,0.0889066880256307,0.6138461538461538,0.9998715478484264,0.0624157911593947,0.0810042903423896,1.2541354121413382,197.46901579952097,0.9027480317953788,0.1448354566833583,False,False,False,True,post,80,off_axis,77.34814818750148,10.13
191,5.485900013403104,256.16558548451576,100.89838230800346,35.003699315999995,2.029279080962868,0.6672698029754724,0.1154462854088722,0.6092648539778449,0.9970094916135744,0.0344627445698809,0.0414712384143231,2.5441662604296984,167.70665774292553,0.903898028212912,0.1894845643157192,False,False,False,False,pachytene,80,off_axis,70.01743429237902,10.13
318,7.574371821149178,258.5022836939229,138.91968127988866,30.900933594,1.946678939808023,0.6821528884840203,0.0749005744586831,0.6546453307857655,0.9995913363302004,0.0705923522948045,0.098017723222769,1.176579961150809,198.33279080363937,0.905884741764678,0.1144139749210165,False,False,False,True,post,80,off_axis,80.7466279687731,10.13
142,3.4103942882869203,263.2331601048362,111.8580349938901,72.939621132,2.591940123205406,0.5757702450633563,0.2615875503806538,0.4730498066863771,0.9820053887605852,0.1746204833501609,0.1358746871510803,1.19686461547238,180.6450533387678,0.90652523064553,0.5529809899152571,False,False,False,False,pachytene,81,off_axis,77.55950751129498,10.13
125,3.259773556657594,262.8989644334257,128.02384488630824,25.069329486,1.815591063057023,0.6731542996163563,0.0448455017774132,0.6899513312338964,0.9998312805803948,0.0589298218603026,0.0699392589608259,1.1851643989840552,192.81308516613979,0.907008254629327,0.0649980654392134,False,False,False,True,post,81,off_axis,80.69381599437175,10.13
233,5.571736636843288,262.59267538426,133.76083558155318,30.675738906,1.9419385111772345,0.6744666207845836,0.0453016371383718,0.6967347897580456,1.0,0.0686040358384202,0.0887272616050642,1.1834039456203649,197.01067195866793,0.9120418961393132,0.0650199154747299,False,False,False,True,post,81,off_axis,82.36814219310772,10.13
271,6.493207861212213,250.0526643556647,96.19303616285654,36.643398138,2.0604830392392928,0.5979130657448306,0.1221523410202655,0.6148702435917848,0.997791844545856,0.0535105828202732,0.0444483374459857,2.1262153801366632,160.17270646592516,0.9139621192405996,0.1986636079617523,False,False,False,False,pachytene,81,off_axis,64.23541272420003,10.13
339,8.097670405522232,266.5646114754073,129.16801430700284,29.906323722,1.9255648086928852,0.5972233116322849,0.0680580762250453,0.6849074975657254,0.9970593322954506,0.1695455380137931,0.14599457091129,1.1842573373303311,196.04597360884372,0.9149244288460388,0.0993682744997463,False,False,False,True,post,81,off_axis,84.53358784848507,10.13
234,5.924033654432364,266.8187095598198,115.1935461285188,57.713176134,2.397335346706791,0.536723163841808,0.2531288906362623,0.451394981575715,0.951552074267479,0.2445488302081548,0.1228547056222689,1.2425193387290252,185.5049996736059,0.9154658628474855,0.5607702809469617,False,False,False,False,pachytene,81,off_axis,81.55391024186835,10.13
418,9.502923282385774,264.9356190414059,113.08442690606888,79.04098970999999,2.6622852545950386,0.4140673690458525,0.258283868059208,0.4650762295497138,0.6348660391020999,0.4553004678484479,0.0693077740965362,1.3420679156162991,182.67888619344143,0.9163424620627254,0.5553581362549492,False,False,False,False,pachytene,81,off_axis,79.39736524646634,10.13
204,4.486766304347671,252.5636832608679,93.8247877853276,51.79477823999999,2.3124150622725232,0.6880434782608695,0.2224856078564172,0.5557491289198606,0.9986564782937274,0.1512712162394239,0.2362939236736032,2.022673505896874,159.9728596405897,0.9195343133510664,0.4003346047322367,False,False,False,False,pachytene,82,off_axis,67.01612885498385,10.13
212,5.29350547730837,258.46885344287864,93.66082856025189,17.987425704,1.6253995478511492,0.6215440792905582,0.0122532334921715,0.5864920744314266,0.9924528301886792,0.056178317616599,0.0418168362397248,1.3984102248261234,163.6434124499518,0.9247719428475156,0.0208924110424687,False,False,False,True,post,82,off_axis,72.8909139652933,10.13
55,1.97101167315175,260.9394000875459,96.01535611867638,24.11459784,1.7922440121451433,0.66284046692607,0.1759391345696623,0.4042123485285632,0.990978800180424,0.1881349405745405,0.1820169319390787,1.5708041225659326,167.03515329958586,0.9248716614220256,0.4352641259232332,False,False,False,False,pachytene,82,off_axis,75.0859037667943,10.13
219,6.287699297811355,243.50271308550376,93.1470764436186,56.79128537999999,2.384502029192887,0.6533250722841801,0.153675506705657,0.5222208983676874,0.998595382319375,0.0902622661231259,0.1136841394101329,3.17851518170364,153.62888553054626,0.9268894506021478,0.294272992877157,False,False,False,False,pachytene,82,off_axis,58.16502984235464,10.13
165,4.254175504752795,265.54020761253366,141.5830173697876,29.859408162,1.9245573714573332,0.6800219970146908,0.0418725005880968,0.6940829855143629,0.9991649269311064,0.0961421172772093,0.1245392597121065,1.19125892694895,204.89721903706243,0.9279873289224162,0.060327801519391,False,False,False,True,post,82,off_axis,88.23786160891694,10.13
58,1.01659841659841,269.6959154791137,122.96977162162122,17.185169627999997,1.6008663330787414,0.5492765492765492,0.0415094339622641,0.7086614173228346,0.9933087989294078,0.1406271560443503,0.1038842210105145,0.9618097524129118,193.311135296277,0.9279978811384524,0.0585744234800838,False,False,False,True,post,82,off_axis,85.86792545241639,10.13
59,1.2647966339411276,271.4757033059491,131.11374977960563,23.415555996,1.7747558717889091,0.6665998797836106,0.0118764845605701,0.6802884615384616,0.9992653810835628,0.2103149709015523,0.2558240567336555,1.1162793822574344,200.6934900202429,0.9298088833629142,0.0174580126402726,False,False,False,True,post,83,off_axis,89.80633471048229,10.13
300,6.742834167262389,273.11795937277026,130.26837244460353,26.253947376,1.8437498600849915,0.6536812008577555,0.0436713545521835,0.6896284829721362,0.997462358315006,0.1691407149829666,0.1873417826012841,1.0832608700725763,201.10166417344348,0.9335568551018552,0.063325914793963,False,False,False,True,post,83,off_axis,91.11107313729858,10.13
235,6.055693712679585,272.9062693572101,111.77939331928658,66.78429965999999,2.5168765954607166,0.6536705303828592,0.2553432520202401,0.4531440162271805,0.9944948186528496,0.1249742818343994,0.136274432071584,1.2439372219804112,186.8031817899985,0.9340779918280168,0.5634924943866534,False,False,False,False,pachytene,83,off_axis,87.1685038061782,10.13
376,9.2190487402875,265.0538586060752,93.90139132328852,19.925038332,1.6817838799892566,0.7076760065928891,0.0755770662695457,0.4591220298026581,0.986762656758012,0.202414301115205,0.2782153601472217,1.8694799317357111,168.06085813584093,0.9366252672126464,0.1646121539888439,False,False,False,False,pachytene,83,off_axis,79.39806246651493,10.13
182,3.943524451939399,273.9093465935942,126.04046228499207,27.82092708,1.8797250521473972,0.6283305227655986,0.0481537464910386,0.7084845735027223,0.9960199004975124,0.0955022929196094,0.0967127640475674,1.1175382757379415,198.3718657620555,0.9378026142757264,0.0679672476889203,False,False,False,True,post,83,off_axis,90.70193188019435,10.13
302,6.461013111970704,273.0641322516755,124.1311491368754,24.867592578,1.8107078234806588,0.6040939534006227,0.029146426092991,0.7083631165117942,0.9948196851962542,0.1638245547697927,0.1446087451109266,1.1526744186609543,196.36600166414405,0.9379589427630952,0.0411461655944444,False,False,False,True,post,83,off_axis,89.41451435862508,10.13
319,7.23524483166826,275.55461290184417,116.1863447830973,77.27227309799999,2.64227709208841,0.5991621383685983,0.3505803659256344,0.3788245986064829,0.97782621055624,0.0709245823800791,0.0645972639341606,1.2372472819082114,191.88135840931295,0.9398886852044128,0.9254424533550736,False,False,False,False,pachytene,83,off_axis,90.34067463328765,10.13
181,4.692326812428271,270.1885698089785,95.36949844418795,50.96202705,2.299955120263878,0.7127272727272727,0.1706312292358803,0.5100144207659029,0.9972826086956522,0.148052425106684,0.2427610953456244,1.3402412714812562,172.48626930426786,0.9412407317223216,0.3345615776503705,False,False,False,True,post,84,off_axis,84.35530253264687,10.13
173,4.725755258126239,266.0672985086041,90.13731347036205,24.53683788,1.802644113474183,0.7300191204588911,0.2018089315997738,0.4791076487252124,0.9926905673512008,0.202324714333646,0.3144300326080291,1.745335967438594,165.82909801184402,0.9441289328431048,0.4212183465171925,False,False,False,False,pachytene,84,off_axis,80.91777630096578,10.13
192,5.097299599625273,280.8421318681314,133.6739178124176,27.537087942,1.87331064395738,0.6463071811909021,0.0474879559532003,0.6919556840077071,0.9985253154186464,0.1489750758948911,0.1643634222079271,1.132544716563916,208.67577379728243,0.9568757134910976,0.0686286088122825,False,False,False,True,post,85,off_axis,99.50474895916373,10.13
443,9.281793896219872,282.2728113980415,112.73635480450169,28.977395634,1.9054179273447964,0.6192018133246985,0.0763793441979187,0.6970663265306123,0.9968264573242024,0.1583123617000044,0.156204343807839,1.1357550922604571,193.55749624031756,0.9594367111076998,0.109572563314123,False,False,False,True,post,85,off_axis,96.58379978113629,10.13
420,9.053758197410886,282.10912571884865,120.00120766773108,27.900683532,1.8815195905476696,0.5681015638136876,0.0676950998185118,0.6978781389916293,0.9896124650419496,0.1873488194291438,0.1380337212648727,1.1439881716129632,199.01708487888635,0.9613153434159096,0.0970013187636528,False,False,False,True,post,85,off_axis,97.42226798422746,10.13
61,0.741243013938429,282.10925599622726,113.4135014342472,34.837149078,2.026055475250195,0.4904720220860548,0.2274629913221031,0.5307255186996167,0.986857825567503,0.2680829839321987,0.1739218256444062,1.2172763274404128,193.9710429289791,0.9636186359243768,0.428588758798395,False,False,False,False,pachytene,86,off_axis,96.49173538745215,10.13
221,5.437496661621766,284.075119647468,111.88881499154324,79.05037282199999,2.662390598806867,0.5613519689011544,0.322641250057279,0.4431741306994994,0.9746748127709892,0.0940025525876684,0.0530924883083203,1.1804989762092792,194.06690364882922,0.9648119339521112,0.7280236541515339,False,False,False,False,pachytene,86,off_axis,98.29693691283634,10.13
350,8.135471667077907,281.2335896373064,139.93462684431083,28.522314702,1.895390586486979,0.6493132658935767,0.058303886925795,0.6892589118198874,0.9982750509644032,0.1671802556818079,0.185999286592387,1.240666979880216,213.72307147417206,0.964916895188532,0.084589239146509,False,False,False,True,post,86,off_axis,101.9735895736197,10.13
351,8.162674094707983,285.548950809312,128.4517412933807,31.158969174,1.9520824519271611,0.6580591733795076,0.0715453802125919,0.6941875825627477,0.9995812979762736,0.0896129931236228,0.1119125691048986,1.1650712304200392,207.70141492648156,0.9682924850680722,0.1030634687363122,False,False,False,True,post,86,off_axis,102.57421988483644,10.13
77,0.8201729106628362,277.2365656536568,89.59130977207218,8.953834625999999,1.2881709070475944,0.3109772072308095,0.0237564959168522,0.2885931558935361,0.9644970414201184,0.6378280054545424,0.0860621055284197,1.2879083396538862,172.59103771084492,0.968446455459264,0.0823182928344155,False,False,False,True,post,86,off_axis,92.03998802733405,10.13
419,8.557510116638504,278.7649630754476,86.87214766246119,98.54613378,2.865389468763497,0.6509164484646512,0.4778537349569181,0.2665530173883396,0.9690744260856852,0.1339429567771758,0.0851854930975908,1.3015082270006562,171.49071488210797,0.9760689732079504,1.7927155341885914,False,False,False,False,pachytene,87,off_axis,93.98087925610295,10.13
466,9.093798737467392,281.0710342369092,89.4701166728554,6.317180153999999,1.146775002725396,0.5792796138135907,0.1416666666666667,0.147396293027361,0.9571619812583668,0.2867511763269763,0.2035211721995637,1.2488810733786075,174.9631965498448,0.9773359622825024,0.9611277445109784,False,False,False,False,pachytene,87,off_axis,95.85216126443349,10.13
272,6.342632945692529,286.381962329229,103.63681500507988,41.55311149199999,2.148679531136676,0.5976064130066614,0.3608894467856182,0.329685746352413,0.9731837200456448,0.16093423311664,0.0856410259794657,1.187249673231069,189.22889937124634,0.9773424775338588,1.09464679859059,False,False,False,False,pachytene,87,off_axis,100.20392283577934,10.13
290,6.811428571428406,290.3591918181841,119.759285287569,25.28748684,1.8208423819970967,0.688961038961039,0.0195906432748538,0.6865493587831792,0.998066698888352,0.1342662881293667,0.1792767165141623,1.2527672695335097,204.13533711325178,0.981747031959222,0.0285349378369178,False,False,False,True,post,87,off_axis,105.51702500324,10.13
62,3.3347220315719426,285.3598037954605,94.08973921070884,68.35597091999999,2.5364673850384847,0.6292381606039807,0.2156236387396544,0.4867641614216956,0.994658997534922,0.0563235610083155,0.0642922612756953,1.2940648624001796,181.25882675340208,0.983236456769088,0.4429735297477137,False,False,False,False,pachytene,87,off_axis,99.58014126046922,10.13
264,6.377827566177241,292.0955516554667,131.11811172516963,28.268970678,1.8897620735072431,0.6942992282798108,0.0539291217257319,0.6525515743756786,0.9986845951476176,0.112084244246003,0.1494554735795334,1.0917989606229552,213.95231994477496,0.9857581124690794,0.0826434627444245,False,False,False,True,post,88,off_axis,109.58179605772325,10.13
254,6.863296656941501,285.46686099763724,86.36577223257234,66.730346766,2.5161986449003733,0.6881569234014131,0.228340292275574,0.4392965843760568,0.9883875739644972,0.2591995347016468,0.2730248441941601,1.3454067674629029,175.41115702534523,0.9903270612916116,0.5197861772585624,False,False,False,False,pachytene,88,off_axis,100.67229551737731,10.13
244,5.465096890491081,293.55791167192604,110.5786803177094,20.821125528,1.7066266811962525,0.5961018476791348,0.120892594409024,0.3905160390516039,0.9611072179397336,0.146550342224116,0.1428978163877175,1.1702612818370002,199.1593735625308,0.9911127149225398,0.3095713935402507,False,False,False,True,post,88,off_axis,107.64432561345549,10.13
502,9.8100637579679,282.2926726247038,79.96559109263535,75.055512888,2.616764639906304,0.5587573446680836,0.338084298373107,0.3637909052273693,0.935432893103059,0.4213867876105533,0.2401079799152227,1.3268872989224223,168.46814396648477,0.9968704153962544,0.9293368622335524,False,False,False,False,pachytene,89,off_axis,98.83668661460337,10.13
458,9.016131278574612,290.27182177784283,97.5918092191734,77.478701562,2.644627897426034,0.5607799206757698,0.3865702566704723,0.3528641345557317,0.957940446650124,0.2159747882821359,0.1436848798729133,1.25886824043487,187.09907726548394,0.998413705919374,1.0955215302829735,False,False,False,False,pachytene,89,off_axis,104.23274030921199,10.13
539,11.194065988588209,277.49488423716383,74.57764218308253,47.27915559,2.243160595764899,0.6376085338625651,0.375886524822695,0.276013143483023,0.9880197322057788,0.0813759367134522,0.0604347847404459,1.6394110861271451,161.2567592141251,1.0000000000000009,1.3618428458853988,False,False,False,False,pachytene,89,off_axis,95.63894109762957,10.13
