nucleus_id,cz,cy,cx,vol_env,r_eq,gap,gap_int,thick,void_big,void_off,offset,syp_io,s_um,s_norm,score,merged,mitotic,crescent,post,cls,row,zone,r_um,off_axis_cut_um
345,5.201581027667978,78.61632553359605,0.7420476284585021,17.80445502,1.6198694883218845,0.5516469038208169,0.0760249796361661,0.3543931824860417,0.4913665515540207,0.7163538386328228,0.1073970596072833,1.2124012473650632,270.3507450459059,0.0,0.2145215636002267,False,False,True,False,TZ,0,off_axis,107.7947236485332,13.8
162,2.757168703940638,77.67750472618087,6.613846255681654,53.157675258,2.332522222868351,0.6615771589956312,0.3094723572843508,0.4829834398226627,0.9972255251684504,0.0835950032645961,0.095197889133039,1.22703038412495,264.4758007098849,0.0153434355761452,0.6407514870447318,False,False,False,False,pachytene,1,off_axis,101.8864054421095,13.8
36,1.5890931625697098,86.45992132823858,0.6787038628382588,22.711822596,1.7567951587429886,0.6443916546168147,0.0764484978540772,0.3592796979378449,0.9953051643192488,0.1646078810492858,0.1249226714854926,1.1995271617815897,272.831393834322,0.0206094187634005,0.2127826823860856,False,False,True,False,TZ,2,off_axis,108.52121917357539,13.8
277,5.299782064209491,68.42456916371319,8.876675652994603,72.116253054,2.5821502828710066,0.624434830693166,0.3842790102389078,0.3369998267798372,0.9746934771947032,0.1311628288005563,0.0917038433278305,1.2587086637991038,259.46810892148864,0.0311213939395483,1.140294385047142,False,False,False,False,pachytene,3,off_axis,99.65710290268387,13.8
581,7.876992753624564,70.03312466555177,10.710580988712362,67.333211712,2.523753341647536,0.5787346711259755,0.4259127379765465,0.3212041018855441,0.8577562326869806,0.71684787278968,0.2972002334321922,1.2259015052942426,258.2200746646095,0.0320364484272066,1.3259878546890835,False,False,False,False,pachytene,3,off_axis,97.75707180124708,13.8
121,0.709685569904549,77.11285325659682,14.418516851488238,33.422644944,1.998254204130496,0.4969820325659742,0.1804459691252143,0.3599832565927166,0.7747048903878584,0.865835347556569,0.2528672636556479,1.4232171397960958,256.87777533392875,0.034541464701299,0.501262116558299,False,False,False,False,pachytene,3,off_axis,94.06518240468746,13.8
223,3.5699023095600286,94.44238234795952,1.526987802812083,41.541382602,2.148477348143299,0.737252244621379,0.2548046124279308,0.4104878572963679,0.9986257928118392,0.1626826936018273,0.3286042325515435,1.1342373453296868,274.48775592883493,0.0380156706157638,0.6207360532079383,False,False,False,False,pachytene,3,off_axis,108.93659210232757,13.8
252,4.214138725364762,86.85331246992502,15.504579482978974,45.82477323,2.2199195628289696,0.6458663936524187,0.195487847424119,0.5588320323793003,0.9989974378968476,0.1278661843531202,0.1376106158225129,1.4596402943506823,258.85045037834607,0.0404130603051147,0.3498150358199834,False,False,True,False,TZ,4,off_axis,93.87586454519261,13.8
298,5.307198220664377,73.93161142751366,17.885032951404895,69.60861637199999,2.551867557509916,0.6350677360652424,0.3544560357675111,0.4111182934712346,0.9893171904210808,0.0585723908435414,0.0737470815559103,1.3997901427133146,252.59875805625546,0.042413030274506,0.8621752945477041,False,False,False,False,pachytene,4,off_axis,90.52658726632548,13.8
44,2.1375447836605104,94.39533723244914,12.0645642863707,76.60607214599999,2.634661722988687,0.6174480203325474,0.3314603735216995,0.3892579844713039,0.9932683179425218,0.0575841347145574,0.0501141368557047,1.320229494588655,264.44992133383465,0.046922073463113,0.8515184960737389,False,False,False,False,pachytene,4,off_axis,98.60865669452144,13.8
585,8.68317920763102,86.92867173659012,19.04346335539805,48.196354788,2.257573305348215,0.6744378467828287,0.299287659752776,0.4638959485722828,0.9978862819699852,0.1289839555576314,0.1610345302689557,1.3437892216771932,255.50752713809828,0.0486850179693252,0.6451611846878244,False,False,False,False,pachytene,5,off_axis,90.38624621170041,13.8
314,5.196534653465375,92.1519964108905,19.655109653464702,5.686165871999999,1.1072447719616991,0.7392739273927393,0.0,0.4636075949367088,0.5388563049853372,1.0071287274422027,0.0677291288523879,1.1588731071259664,256.537557211434,0.0566463521447837,0.0,False,True,False,False,mitotic,5,off_axis,90.71627786537414,13.8
583,8.660099626401152,59.61097692403383,13.983741855542034,18.83659734,1.6505852061378328,0.5457036114570362,0.2483000206058108,0.4122807017543859,0.96398891966759,0.4133006378709504,0.2843088866508234,1.7431001080106148,251.89055961290154,0.0567199493801586,0.6022596244481369,False,False,False,False,pachytene,5,off_axis,95.42630509504087,13.8
315,5.059997093446071,98.3975837552683,9.813786836215336,80.70649209,2.6808547680774435,0.6390059584362737,0.4289392615752448,0.314573268921095,0.9675391768555192,0.1313162337515448,0.1040838985959561,1.1787126405089972,267.8258786205789,0.0574272960331951,1.3635591576054624,False,False,False,False,pachytene,5,off_axis,101.71820139736656,13.8
584,8.61202815099162,63.10529443378258,19.310953598848748,14.665804056,1.5184683924197706,0.5303902751119642,0.0907401672344379,0.5354223433242506,0.9656113537117904,0.1235856281398243,0.049936960668547,1.5354743249303435,247.90161388310594,0.0584506029724514,0.1694740019085939,False,False,True,False,TZ,6,off_axis,89.6906641639936,13.8
409,6.240695047784548,55.743280243266696,9.475167940921272,13.49995239,1.4771157963282815,0.8625543006081668,0.0318237454100367,0.4981036662452591,0.9993279569892471,0.1357628364287265,0.475440761962065,1.212969785037212,254.98560074183507,0.0615023907894998,0.0638898036023834,False,True,False,False,mitotic,6,off_axis,100.49630696065799,13.8
575,7.890636316606332,54.320041645110784,12.821027987583802,4.534388873999999,1.0267783855666095,0.669943093636834,0.0,0.4733542319749216,0.4953488372093023,1.1152613062239167,0.0379780577618452,1.13484133927278,251.36384023186366,0.0666163407230003,0.0,False,True,False,False,mitotic,6,off_axis,97.47263658097945,13.8
576,7.796230725299826,58.93060074243319,22.429666019417517,4.107457277999999,0.9934853832622816,0.6710451170759566,0.0,0.4375,0.9961489088575096,0.0719372399586121,0.0687352551512815,1.140870528294598,243.64686477180894,0.0705630864745417,0.0,False,True,False,False,mitotic,7,off_axis,87.18768295064523,13.8
447,7.024248120300749,52.66245267857166,14.777402678571784,4.991815583999999,1.0602053084563048,0.7218045112781954,0.0,0.4408783783783784,0.9857270294380018,0.1901036017046536,0.1954201902083845,1.1976753418571937,248.99143841455611,0.073075686263096,0.0,False,True,False,False,mitotic,7,off_axis,95.89939780373376,13.8
145,2.365446808510635,85.70981821276624,30.171058893616483,24.80660235,1.8092262983388792,0.5080851063829788,0.1403073872087258,0.5344098423683199,0.9539918809201624,0.1803117205094535,0.0760339063920898,1.5220655173592073,244.54686828256422,0.0757973358549187,0.2625464130430905,False,False,True,False,TZ,7,off_axis,79.20296601923286,13.8
499,7.2613113330438255,50.18733920972704,11.901196569691905,5.402326734,1.0885057959360054,0.6821537125488493,0.0,0.5109289617486339,0.9963931469792606,0.1244171034206944,0.1135406436515989,1.1772659075767649,250.96350203043886,0.0761743287643851,0.0,False,True,False,False,mitotic,7,off_axis,99.25881626988263,13.8
368,5.802546419098109,53.58752944297091,19.048160212201196,4.421791529999999,1.0182081088882171,0.73368700265252,0.0,0.4541832669322709,0.99304865938431,0.2310613171190506,0.2699410678928505,1.1445454804966138,245.2145666602994,0.0767007172233556,0.0,False,True,False,False,mitotic,7,off_axis,91.52964683872774,13.8
50,3.522093572778895,99.55140981805742,23.90248218336408,59.563994976,2.4226931033396872,0.5105545053560177,0.1898833192099602,0.4587222401029932,0.9803680981595092,0.0740857994636318,0.0509372371977561,1.2549201293969807,254.78079616390824,0.0767827431945394,0.4139396406141705,False,False,False,False,pachytene,7,off_axis,88.46434271048075,13.8
586,9.221900406504334,85.13799786585372,31.21792900152511,18.465964416,1.6396876603339765,0.5796493902439024,0.3119151590767312,0.2834693260803868,0.9375578168362628,0.2143666670560153,0.098921910307501,1.2179199791593214,243.37463421608484,0.0780804133543453,1.1003488927344387,False,False,False,False,pachytene,8,off_axis,78.08092775377155,13.8
54,1.3233371610281683,107.41562015281362,16.473084334422026,53.113105476,2.331870143465374,0.5269852486529458,0.256817708694747,0.4915032679738562,0.8658812868146806,0.3716820270632555,0.2112630183820595,1.315869445340281,264.27437908867637,0.0797856356250814,0.5225147530624509,False,False,False,False,pachytene,8,off_axis,98.03131789832855,13.8
533,7.42627075993958,51.318611776547264,19.239737544035712,4.661060886,1.0362520170501697,0.6919979869149472,0.0,0.4591503267973856,0.6251342642320086,0.8774869235184033,0.1452143004532383,1.1655560031438608,244.3321904930509,0.0803346281552978,0.0,False,True,False,False,mitotic,8,off_axis,91.86120990154616,13.8
1,2.0358766233766348,50.62143011363731,13.78096988636303,8.669995488,1.2744126902133277,0.7943722943722944,0.0293742017879948,0.5118421052631579,0.9983719983719984,0.1002200720777417,0.2074232227610944,1.18956298270353,249.30941904623438,0.08036254911694,0.0573891860125349,False,True,False,False,mitotic,8,off_axis,97.3296517764129,13.8
313,5.111361502347455,58.03837676056305,27.35739352112625,4.996507139999999,1.0605373489754943,0.6741784037558686,0.0,0.4755043227665706,0.5035677879714577,1.1393935106029534,0.0351450556631318,1.0421818081457712,238.68429757445492,0.0826327690389998,0.0,False,True,False,False,mitotic,8,off_axis,82.49362007515967,13.8
563,8.179386892177558,65.09923303382679,32.31530042283208,4.438211976,1.0194669333354922,0.6818181818181819,0.0,0.4551495016611295,0.6633109619686801,0.9791090072406088,0.1762955190164119,1.1148490908076074,236.14720514416558,0.0833677034193658,0.0,False,True,False,False,mitotic,8,off_axis,76.54502022095774,13.8
261,3.739543057996493,51.37423356766194,19.88786432337422,4.004243045999999,0.985093092000714,0.6391329818394844,0.0,0.4707792207792208,0.9788838612368024,0.1936100454373142,0.1320726856938937,1.198434721644562,243.73285777721804,0.0841944680877511,0.0,False,True,False,False,mitotic,8,off_axis,91.21876164668213,13.8
179,2.948706659328544,47.37013390203667,13.296224050632608,4.262278626,1.0058141528600049,0.7165657677490369,0.0,0.4388349514563107,0.9861554845580404,0.1529925972465315,0.1704405645722878,1.0561330063576944,248.7672150207652,0.0848302586218402,0.0,False,True,False,False,mitotic,8,off_axis,98.60863961693418,13.8
172,2.913039760581458,55.91173864899631,26.037375801623785,5.486774742,1.0941482594070735,0.7101325352714836,0.0,0.4793510324483775,0.9901153212520593,0.1206738118922993,0.127546468460407,1.127357212523719,239.28365194840515,0.0856056988526869,0.0,False,True,False,False,mitotic,8,off_axis,84.2065249085895,13.8
287,4.437110187110243,52.51345415800398,24.24912427234856,13.539830615999998,1.478568810141984,0.8613998613998615,0.0255785627283799,0.52,0.9997760358342666,0.056735679337513,0.1952264254114349,1.2800615260698895,239.93598137997458,0.0883861126657321,0.049189543708423,False,True,False,False,mitotic,9,off_axis,86.71149387213988,13.8
574,8.056982097186694,48.32069017902786,21.062826598465296,4.58599599,1.0306590485436622,0.7498721227621483,0.0,0.3885480572597137,0.9972477064220184,0.1528038105275419,0.1987119029754892,1.085576730998743,241.67296646532043,0.0888425090798758,0.0,False,True,False,False,mitotic,9,off_axis,90.87353297928755,13.8
253,5.194740796393469,104.57210407212088,27.03117009767152,93.66691554,2.817296375904598,0.6105434510393188,0.2388527238020654,0.5048549932480226,0.9977601549730614,0.0435202266824194,0.0381073372948442,1.1038334855849496,253.35409413177968,0.0907271482385233,0.4731115409305719,False,False,False,False,pachytene,9,off_axis,87.14836527805149,13.8
389,6.522475570032608,45.225001535597634,17.282996789204674,5.041076921999999,1.0636814163058728,0.7287110283852956,0.0,0.4476843910806174,0.9939024390243902,0.1753875593231316,0.2063714573815674,1.1442570265180183,244.31305612711958,0.0918437677922092,0.0,False,True,False,False,mitotic,9,off_axis,95.38028020864738,13.8
350,5.641127348642982,45.81338705636692,23.6879118475998,4.494510647999999,1.0237594763139732,0.7228601252609603,0.0,0.4500941619585687,0.6364541832669323,0.9144830438503836,0.1777628787004552,1.0723365460493393,238.40228186707185,0.0977547058749084,0.0,False,True,False,False,mitotic,10,off_axis,89.09714811567216,13.8
331,6.517010513555122,101.7513100356664,35.50894360444718,100.626838866,2.8854158083099515,0.5736298575657972,0.2668163232582378,0.5219792236194641,0.9958473916428756,0.1296597030286904,0.1164422371685345,1.0313800459680678,244.4196087929858,0.1001919678342854,0.5111627267616182,False,False,False,False,pachytene,10,off_axis,78.22357656440137,13.8
500,7.297732181425477,63.72057392008627,39.68054692224559,4.344380856,1.012231296063638,0.6965442764578833,0.0,0.4733096085409252,0.9955106621773288,0.0685200089663091,0.0637084289301055,1.0326073297067395,228.7159703982981,0.101373693683271,0.0,False,True,False,False,mitotic,10,off_axis,69.40630750214393,13.8
276,4.734246575342486,41.66093850837176,18.719470928462496,4.623528437999999,1.0334630999022911,0.7605276509386099,0.0,0.4110169491525424,0.9955908289241624,0.1270767120175387,0.1756707167298008,1.2175559395676043,241.84687793848158,0.1014961147643971,0.0,False,True,False,False,mitotic,10,off_axis,95.13739721198935,13.8
579,8.184326802834587,80.83127826177763,40.78661967486399,11.255042843999998,1.3902284797719289,0.8651521467278033,0.0241327300150829,0.4791344667697063,0.9994663820704376,0.082698545419923,0.2979376323243232,1.191141247892883,232.94394048631472,0.103244871521086,0.0503673429669635,False,True,False,False,mitotic,10,off_axis,68.03156759010625,13.8
344,5.355732335049185,68.21876293870024,39.745542536265305,5.012927585999999,1.0616978566143551,0.7243799719232569,0.0,0.4617996604414261,0.9938650306748468,0.1002659702145129,0.1133751558135998,1.141237079780868,230.04220911271688,0.103746026014414,0.0,False,True,False,False,mitotic,10,off_axis,68.8589094564617,13.8
207,2.615490722656212,59.8657664978021,37.82552006836104,38.433226752,2.0934989446825374,0.7359619140625,0.0,0.6752196024040684,0.9967551059362474,0.2491829643898685,0.4302599784540536,0.9981155081755926,229.29094137266162,0.1058452508818263,0.0,False,True,False,False,mitotic,10,off_axis,71.86844717288606,13.8
180,3.071512948659671,47.84837678328011,30.5920191276694,5.163057378,1.0721925388030649,0.7146751476601545,0.0,0.4856687898089172,0.9834782608695652,0.1750561088061302,0.1777869923476127,1.237335752071076,232.4630739052878,0.1074574363685568,0.0,False,True,False,False,mitotic,11,off_axis,81.90245822679131,13.8
378,6.372919081845634,69.9505004405292,43.28328898678498,10.117340514,1.3417118410553437,0.5752376536053792,0.0,0.5933406113537117,0.9266337854500616,0.3329107502502439,0.1620690900814725,0.9909767238526,227.21149711210626,0.1123121186131122,0.0,False,True,False,False,mitotic,11,off_axis,65.21747192753197,13.8
351,5.364471057884255,56.0676773952104,40.82537110778512,4.700939112,1.039198885422687,0.6846307385229541,0.0,0.4810126582278481,0.9970501474926252,0.0962231335110811,0.117829403461025,1.0889729939840622,225.2654665031993,0.1137351481465539,0.0,False,True,False,False,mitotic,11,off_axis,69.76922618836196,13.8
466,7.536172706847772,41.15617932988093,30.954947738595223,24.013729386,1.789741606301961,0.5480121129237081,0.380506091846298,0.2863626539874648,0.9546610169491524,0.2498818489059992,0.1615486381238118,1.4983208060496114,230.052762107344,0.1188441598450007,1.328755990168167,False,False,False,False,pachytene,12,off_axis,83.89460242357872,13.8
434,7.759841219657417,38.702639182212415,29.37894392454332,66.777262326,2.5167881878384777,0.3696209646257069,0.2221836938147458,0.407745890220117,0.6348812477844736,0.7421916277966896,0.0743023408111131,1.8550498755232347,230.79473359048725,0.1200708874671924,0.5449072550916514,False,False,False,False,pachytene,12,off_axis,86.30828943331784,13.8
342,5.1442421919908,46.11583744012241,35.697394041003164,12.242615382,1.429755795035308,0.8288944242191991,0.0397849462365591,0.5363941769316909,0.9974086550919928,0.0763850171192227,0.2187533753570701,1.0894213405083142,227.07222230927076,0.1212421235147656,0.07417110018632,False,True,False,False,mitotic,12,off_axis,77.6595326324526,13.8
498,8.422335191866118,39.3881132666452,32.05598304362187,14.304554243999998,1.5058969021312754,0.3945555919973762,0.2956886684471576,0.1738894907908992,0.4673913043478261,0.9431165756328944,0.1205165425340578,1.3333257530449938,228.4598657497322,0.1242461582098233,1.700440130696115,False,False,False,False,pachytene,12,off_axis,83.5826788683084,13.8
177,3.1938914644123257,42.29512227979191,34.94726113989625,8.601967925999999,1.2710707842845372,0.8415598581947096,0.018581081081081,0.4526678141135972,0.9992556754745068,0.1396729928781961,0.3779867249552017,1.124884940573911,226.6067411000203,0.1243026082717518,0.0410479395745554,False,True,False,False,mitotic,12,off_axis,79.77258564984896,13.8
120,1.7462527716186302,58.248302527716056,45.37942895787103,5.28972939,1.080890289573476,0.6687361419068736,0.0,0.4926372155287818,0.97953216374269,0.1015891868646473,0.079026196945764,1.0114187256835228,221.6065604189489,0.1243978238487685,0.0,False,True,False,False,mitotic,12,off_axis,64.82379106654467,13.8
297,4.81839956450738,62.498827544910704,49.20115574305954,4.309194185999999,1.0094910788245053,0.6135002721829069,0.0,0.4830985915492958,0.5619047619047619,1.0365621470263662,0.0896421149485433,1.0057715738286033,219.28298074313656,0.1250330221101479,0.0,False,True,False,False,mitotic,12,off_axis,60.20219992399885,13.8
182,3.127358490565983,70.29127635613217,48.52150766509312,23.870636928,1.786179631536489,0.663620283018868,0.0528500276701715,0.6955886649138183,1.0,0.042934373527695,0.0539077442220565,1.110698527497496,222.33407364097258,0.1259135576866964,0.0759788512032747,False,True,False,False,mitotic,13,off_axis,59.96860513943329,13.8
191,3.1397468354430096,54.68864855696158,45.55267989873344,4.632911549999999,1.0341617400338838,0.7407594936708861,0.0,0.451171875,0.995417048579285,0.050413190256797,0.0657402744687192,1.1195219111695855,220.3433176427451,0.1266309023612353,0.0,False,True,False,False,mitotic,13,off_axis,65.5803570904362,13.8
408,7.240366132723239,39.59148130434836,34.72325291925378,71.75734901999999,2.577859591256294,0.4756129454069957,0.2866227875122298,0.4772769777445296,0.8658973959145486,0.4721206134717183,0.1073773630360428,1.6880802600178977,225.98552090351282,0.1286073238665105,0.6005376351206476,False,False,False,False,pachytene,13,off_axis,81.06834500199307,13.8
324,5.03054626532888,47.97840919732462,40.070939632107134,4.208325732,1.0015521773598894,0.7073578595317725,0.0,0.4419047619047619,1.0,0.1154224349425414,0.1195178596687322,1.193841679672065,223.48687334595792,0.1305592757554562,0.0,False,True,False,False,mitotic,13,off_axis,72.91074076628986,13.8
236,3.848993288590621,51.94026812080502,47.63861392617477,4.194251064,1.000434372661759,0.75,0.0,0.407158836689038,0.5862422997946611,0.931185755421172,0.0683855849307767,1.158756533957637,217.51108014553859,0.1330869752667889,0.0,False,True,False,False,mitotic,13,off_axis,64.44573192247313,13.8
178,2.9533366287691343,45.67588635689496,40.939916114681786,4.745508893999999,1.0424727884674898,0.754325259515571,0.0,0.4386317907444668,0.6566780821917808,0.824782162412066,0.1954266674017278,1.2574980678217855,221.94978677449006,0.1348427325796105,0.0,False,True,False,False,mitotic,13,off_axis,72.9402790953998,13.8
341,5.414198161389147,43.16247272727303,41.16821506639483,4.593033323999999,1.0311859704394135,0.7048008171603677,0.0,0.4809688581314879,0.9990215264187868,0.1256884149364528,0.1391992641915838,1.1247337655509548,220.95703391704416,0.1360933519154137,0.0,False,True,False,False,mitotic,14,off_axis,73.72354471999203,13.8
161,2.264114344053108,42.11233614088837,39.99399035222046,4.595379102,1.0313614914590483,0.5747830525778459,0.0,0.5138055222088835,0.6790923824959482,0.9185857097309224,0.1435775541162634,1.028632384549495,221.74989986185744,0.1365572156892356,0.0,False,True,False,False,mitotic,14,off_axis,75.22660854118467,13.8
352,6.263435742103049,74.17700611207405,54.02683276719869,21.684371832,1.729893680454011,0.5943314582431848,0.0499113250570053,0.68,0.9937991891247316,0.261117440072881,0.2135287049963551,0.9778925116528542,218.29648988162864,0.1389050492219248,0.0733990074367725,False,True,False,False,mitotic,14,off_axis,54.38886151493958,13.8
388,6.8722455648926655,31.167831179971703,32.22682139355779,40.197251808,2.1250504798844174,0.5809407096171801,0.2051140137259243,0.4457596435036903,0.8128714552555613,0.2708846832974321,0.1198634031907866,1.8039640423829,225.76072957696704,0.139410806811361,0.4601448711545962,False,False,False,False,pachytene,14,off_axis,87.10102319977672,13.8
325,5.235959203496981,57.267114900437946,53.52554188440867,24.14978451,1.793115302516781,0.7084021369596891,0.0325491459877538,0.654230512991339,1.0,0.0542072904616146,0.0794932744459427,1.0813492219993597,213.55522015646375,0.1412623549286528,0.0497518005372897,False,True,False,False,mitotic,14,off_axis,57.2035940005152,13.8
192,3.478558338423995,65.94268136835508,55.2078160048863,23.040231516,1.7652223185495324,0.6720627163510486,0.0215674362089914,0.6848804719031357,1.0,0.1145506906645801,0.1435150713107919,1.0543560966788192,214.63217301367123,0.1418635688703983,0.0314908032770451,False,True,False,False,mitotic,14,off_axis,53.720898509343435,13.8
2,1.584897269412164,53.03883410121783,51.72178935337596,26.373582054,1.8465461662362617,0.6505381126033977,0.1023532099611606,0.6352761516925426,0.9968231556653724,0.1102001689702769,0.1107388091208202,1.0580086807766544,213.96617177272617,0.1421929947737202,0.1611160905197916,False,False,True,False,TZ,14,off_axis,60.230583425331126,13.8
176,2.725947187141214,34.620749655569256,36.80571148105639,4.086345275999999,0.99178031346396,0.6859931113662456,0.0,0.4387568555758683,0.9793438639125152,0.1204109042878799,0.1028900246043661,1.161195923283611,222.4708105812793,0.1427191380874851,0.0,False,True,False,False,mitotic,14,off_axis,81.42621756273137,13.8
206,3.4366486486486534,48.40588508108094,50.43952491891898,4.3396893,1.0118667907040466,0.7508108108108108,0.0,0.4099783080260303,0.997067448680352,0.0893857206973111,0.111740937310142,1.185982563923604,213.75621164244637,0.1438942696491187,0.0,False,True,False,False,mitotic,14,off_axis,63.12512953973235,13.8
222,3.34953367875646,36.220570259067806,41.65672523316094,4.52735154,1.0262469266799623,0.5886010362694301,0.0,0.5025188916876574,0.9224806201550388,0.1598313670303195,0.0639324489130094,1.03097910758141,218.35021465033572,0.1459057763597451,0.0,False,True,False,False,mitotic,15,off_axis,76.40396717031915,13.8
221,3.7420913884006928,32.45664398066712,39.0126482425303,5.338990728,1.0842352410583398,0.7091388400702987,0.0,0.4743202416918429,0.9880239520958084,0.1339090333595113,0.1391574574824054,1.1969414977683934,219.70377253872252,0.1501578876122293,0.0,False,True,False,False,mitotic,15,off_axis,80.57004447035783,13.8
173,3.107110633727167,78.06125571428505,60.75934775510123,21.83919318,1.7340009331872603,0.6819548872180451,0.0237388724035608,0.6835528537656197,0.9965896172792724,0.1557579371546545,0.2011577936512686,1.0877978527608752,213.09114931786192,0.1528685831033109,0.0347286567129168,False,True,False,False,mitotic,15,off_axis,47.879069428222145,13.8
144,2.3489228780697826,47.28258548039537,55.34409965532041,21.778202952,1.7323852490427172,0.557302886686773,0.0,0.6678832116788321,0.99622030237581,0.1056994247548989,0.0574848564212987,0.9617133333577408,208.74436140878626,0.1548709587076602,0.0,False,True,False,False,mitotic,16,off_axis,59.14039966292017,13.8
274,4.349955869373324,35.09417052074191,46.55265463371593,5.315532948,1.0826449846823345,0.6875551632833186,0.0,0.5042372881355932,0.5716862037871957,0.878356061612469,0.0918194086991573,1.109283545643615,213.345631191044,0.1581306897220971,0.0,False,True,False,False,mitotic,16,off_axis,72.75233144902063,13.8
449,7.071861010445269,76.43879104668567,62.18785238755155,22.008089196,1.738459493888622,0.6837561287571946,0.0357491062723431,0.6781260532524436,0.997003745318352,0.099287957895949,0.1282912725694171,1.0481990210598864,211.2316949688432,0.1592075557104555,0.0527174941898818,False,True,False,False,mitotic,16,off_axis,46.322586896171124,13.8
573,7.931823461091757,33.782807665505366,45.44945975609666,4.039429716,0.9879701325543788,0.68931475029036,0.0,0.4355140186915888,0.6151930261519303,1.0100018035141909,0.1534703709848046,1.1287098322865818,213.9903238733917,0.1612474200501985,0.0,False,True,False,False,mitotic,16,off_axis,74.38252020754487,13.8
237,4.126921935292251,55.12910400712347,62.46695138023264,23.708778246,1.7821333129868098,0.7233600474918374,0.0230607966457022,0.6680972818311874,0.9996784048882456,0.0539251936688796,0.0830267418903709,1.0660562183001532,204.39042030998888,0.1633618669676131,0.0345171238872502,False,True,False,False,mitotic,16,off_axis,49.43909423665608,13.8
205,3.0926803013993243,28.83076566200289,44.04889747039812,4.358455523999999,1.0133232400560106,0.6932185145317546,0.0,0.4491228070175438,0.982837528604119,0.0792222533421074,0.0662710530839403,1.1502425848691715,213.79442186484727,0.1644528794225559,0.0,False,True,False,False,mitotic,17,off_axis,78.28075678999575,13.8
9,1.9502045587376065,63.88650336060866,65.58652641729908,24.081756948,1.7914300427809342,0.6971556594584064,0.0139549635267999,0.6815696365390801,0.9993294216261526,0.0732921576910306,0.1008975161295461,1.0348533113624891,204.12546820328433,0.1673761081048044,0.0204747435605573,False,True,False,False,mitotic,17,off_axis,43.86532044865517,13.8
295,4.968475991649305,25.863351356993004,43.35843632567869,4.494510647999999,1.0237594763139732,0.7108559498956158,0.0,0.4566787003610108,0.9927685950413224,0.1746773330822602,0.1806864333739054,1.0839699206892202,213.53549473106287,0.1691873989680472,0.0,False,True,False,False,mitotic,17,off_axis,80.563566627292,13.8
468,6.981511807285935,61.49662630829498,65.39622310430694,19.767871206,1.6773502761050894,0.6578853684585262,0.0302724520686175,0.6850502948317725,0.9924276169265034,0.0730885019858977,0.0780901277757833,1.048427575607786,203.56901003393966,0.1696787939217515,0.0441901161082654,False,True,False,False,mitotic,17,off_axis,44.627764234868394,13.8
340,5.341054706752124,31.884715623458995,50.65226761951716,4.759583562,1.0435023918907604,0.6510596352883193,0.0,0.4929378531073446,0.9930232558139536,0.0955905445365698,0.0747684289799799,1.0850207713631117,208.4557076259198,0.1707792053946544,0.0,False,True,False,False,mitotic,17,off_axis,71.12414696088112,13.8
246,3.966650740563776,29.14977548972856,48.92179550883878,4.909713353999999,1.0543606180034637,0.6789297658862876,0.0,0.4851190476190476,0.9775739041794088,0.1781131334539298,0.13929432480129,1.0617452022833975,209.2577738701841,0.1734297077286349,0.0,False,True,False,False,mitotic,17,off_axis,74.13530831055763,13.8
235,3.870024174053224,35.002804351329964,54.15091631748518,5.822220996,1.1160064182094247,0.7163577759871071,0.0,0.4872159090909091,1.0,0.1424741710089911,0.1552766095147391,1.1530504523153715,206.0899890318641,0.1763015758140087,0.0,False,True,False,False,mitotic,18,off_axis,66.46521610463188,13.8
473,7.252005038841323,77.7751800125963,69.89995326474987,22.345881228,1.7473086448385582,0.6792987612849044,0.0338393421884882,0.6926350245499182,0.9973968017850502,0.2060391536838062,0.2672379260321169,1.079871078304482,204.308349484229,0.1768306078544626,0.0488559500878221,False,True,False,False,mitotic,18,off_axis,38.75891514598961,13.8
286,4.378047493403683,40.33343461741456,62.27872939314065,4.44524931,1.0200054790951052,0.7197889182058048,0.0,0.4651600753295669,0.9969574036511156,0.0356113997851021,0.0386066022243291,1.2045332258968546,200.00377205000558,0.1781654203506993,0.0,False,True,False,False,mitotic,18,off_axis,56.7523624415445,13.8
294,4.6957541637344296,23.45831857846562,47.01292076002763,10.000051613999998,1.336506916979664,0.8285245132535772,0.0201072386058981,0.5088919288645691,0.9993519118600128,0.0611092060966779,0.1693066350845199,1.1701624979413972,209.31720695236592,0.1795877509539147,0.0395118048949234,False,True,False,False,mitotic,18,off_axis,79.13769107562494,13.8
16,1.810751018824054,72.2610785658825,70.29004168445591,24.175588068,1.7937537110484425,0.6942557733359208,0.0313556716876729,0.70739447794351,1.0,0.0429994584409818,0.0688916800551886,1.0400986614775318,202.23574314559716,0.1796739151534103,0.044325581645517,False,True,False,False,mitotic,18,off_axis,38.13667113924901,13.8
220,4.357919999999949,28.81377815999959,53.078977979999664,11.728889999999998,1.4094708593653744,0.887,0.0292096219931271,0.4194690265486726,0.9937733499377336,0.1917689701990784,0.7502042043278275,1.174958548135592,205.1997890520102,0.1797463736025079,0.0696347528528136,False,True,False,False,mitotic,18,off_axis,71.05323040725658,13.8
42,4.18278105877748,88.16494222210129,65.66048179676162,241.894281582,3.865262536879863,0.6453611846507433,0.3007380779379708,0.5110473065354115,0.9985178184005328,0.1148937157176151,0.1157182291898857,1.2860043855157657,211.54702323724314,0.1797911511128439,0.5884740494510992,True,False,False,False,pachytene,18,off_axis,45.23074423747017,13.8
376,5.692469545957901,51.81381428571387,68.47900149501749,4.236475068,1.0037803319279408,0.7320044296788483,0.0,0.4214876033057851,0.9989626556016598,0.0503079897332673,0.0626889094438926,1.1450791592487632,197.6487323936066,0.1801672788296407,0.0,False,True,False,False,mitotic,18,off_axis,45.38740388678649,13.8
260,4.105991232342912,23.816029858743832,49.94064856307904,4.815882233999999,1.0476006269465372,0.6838772528007793,0.0,0.4499229583975346,0.9798515376458112,0.1950425364926495,0.1516377203924852,1.0802250490495071,206.64274277747649,0.1830749789233827,0.0,False,True,False,False,mitotic,18,off_axis,76.65666033046527,13.8
284,4.393221870763649,31.23263357433321,57.221697288748544,5.191206714,1.0741375635448982,0.6692272932670582,0.0,0.476775956284153,0.9918781725888324,0.0523954985391941,0.0453463034905332,1.1152878788333096,202.00566088911702,0.1852092634865882,0.0,False,True,False,False,mitotic,19,off_axis,66.31354219468788,13.8
446,6.829715489989439,48.45706043203344,69.10686907270865,4.452286644,1.0205434567682106,0.6343519494204426,0.0,0.4927953890489913,0.5823389021479713,0.8779259093489463,0.1044611096111888,1.1064126010866702,196.0156707947942,0.1867339485778587,0.0,False,True,False,False,mitotic,19,off_axis,46.5444688033678,13.8
251,4.792577554003574,82.9787581695626,74.60677415949502,28.885910292,1.903410597410236,0.7419197661198635,0.0325722983257229,0.6910006293266205,0.9998746238716149,0.0909140294771832,0.1676199209486821,1.1082721102235622,201.43696594419998,0.1881676870942839,0.0471378707099943,False,True,False,False,mitotic,19,off_axis,35.13690880624727,13.8
249,4.32495748724613,54.12349103730948,72.84818945683625,23.450742666,1.7756444049661786,0.7099129738921677,0.0297758447641351,0.6803448275862068,0.9996664999166248,0.1009508855066634,0.153683844184145,1.0657378097974697,194.2054971709552,0.1882574038761095,0.043765813388744,False,True,False,False,mitotic,19,off_axis,40.445528018772436,13.8
367,5.519404517453765,49.65999763860413,73.18756108829447,4.569575543999999,1.0294274643490997,0.5497946611909651,0.0,0.4891676168757126,0.9126559714795008,0.2059535575181907,0.0517979262259917,1.0865188085936306,192.50533177037207,0.1922754421242528,0.0,False,True,False,False,mitotic,19,off_axis,42.47038044285312,13.8
285,4.48615992970115,35.63069999999906,66.0657360500868,10.677981456,1.3660508032472445,0.8345782073813708,0.0182529335071708,0.4621513944223107,0.9966309341500764,0.0834698757160829,0.2111460776548525,1.1222161290626296,194.95039888958505,0.1925775061498161,0.0394955716405161,False,True,False,False,mitotic,19,off_axis,56.73448180736288,13.8
275,4.856663560111714,37.13062976700875,67.52253679403498,12.58509897,1.4429657027044875,0.8436160298229264,0.0198598130841121,0.4862932061978546,0.9984856133266028,0.1433573830635845,0.3999308091183191,1.0943439980380574,194.02754560928273,0.1928739568612922,0.0408391744548285,False,True,False,False,mitotic,20,off_axis,54.64912238190359,13.8
339,5.339473684210549,30.290735156250104,60.39417187499912,5.704932095999999,1.1084615254373775,0.655016447368421,0.0,0.5005959475566151,0.9923664122137404,0.1458737043741974,0.11853132692051,1.1221644812414104,198.69735736343722,0.1934236116970742,0.0,False,True,False,False,mitotic,20,off_axis,64.52182871401989,13.8
248,3.953475177304958,40.13311248226953,68.77684950354713,4.96132047,1.058041957756817,0.7531914893617021,0.0,0.4616858237547893,0.9934102141680397,0.1144265965722027,0.154682416190468,1.1790326587092783,193.7609599942044,0.1937137642315783,0.0,False,True,False,False,mitotic,20,off_axis,51.7378699372274,13.8
4,1.8002056266941542,60.14791090756013,76.7140656042625,25.097478822,1.8162703601227648,0.7130572950743059,0.0275578080456129,0.6775244299674267,0.9996889580093312,0.054847417344572,0.0901346074378684,1.006299905549437,192.38731562613202,0.1953933115302159,0.0406742647596306,False,True,False,False,mitotic,20,off_axis,34.35091237144962,13.8
310,4.91475121092026,19.74586545574645,53.06037133421357,10.654523675999998,1.3650497397176458,0.8425803610744166,0.0350877192982456,0.4951048951048951,0.9997005091344714,0.0624919709158588,0.1739700259810891,1.2194513303314758,202.41928853164885,0.1954649286594273,0.0708692635543661,False,True,False,False,mitotic,20,off_axis,77.07966375408252,13.8
343,5.345502367175152,50.38730136770141,75.59448243030022,4.459323978,1.0210808678505607,0.5591793792740662,0.0,0.4916467780429594,0.4611211573236889,0.9571295640331704,0.057190732887655,0.9403163719281812,190.44030720272534,0.196798921404949,0.0,False,True,False,False,mitotic,20,off_axis,40.07470945291589,13.8
565,7.761555529603963,68.6076263108733,76.26392914866345,20.086897014,1.686325528110041,0.6760481139787458,0.0304089479203075,0.6687094448449892,0.998521022607226,0.0630953592079175,0.0764560207138822,0.9953248796099172,195.426004412289,0.1984987846069307,0.0454740816878346,False,True,False,False,mitotic,20,off_axis,32.49986106557381,13.8
14,1.873434502005996,70.10265800628,78.35556949241123,26.896690548,1.858674806660837,0.7208267922553637,0.0219981668194316,0.668853483286473,1.0,0.0649508558354915,0.1131622330800275,1.0176046642033707,193.89778177906504,0.1996003906253939,0.0328893657118172,False,True,False,False,mitotic,20,off_axis,30.233680069074573,13.8
366,5.768210679712781,22.242229457686964,58.78452303528688,22.535889246,1.752247154657396,0.7894243780576663,0.045754716981132,0.5912011863568957,0.9992455107891958,0.0735290480558027,0.1687701684707233,1.037271684506197,197.74482349064766,0.2007867302061428,0.0773928030542058,False,True,False,False,mitotic,20,off_axis,71.26557651085395,13.8
421,7.006677673821475,15.24180941111678,51.322716345625246,12.786835877999998,1.450635029771452,0.880022014309301,0.0150602409638553,0.4541284403669725,1.0,0.0618634720922646,0.2335481076841983,1.2919989586874978,202.68226891221892,0.2024069393613491,0.0331629548497017,False,True,False,False,mitotic,21,off_axis,81.48723841066239,13.8
181,2.8088888888889123,50.36700650793666,77.94803682539658,4.43352042,1.0191075864839612,0.6624338624338624,0.0,0.5203761755485894,0.976798143851508,0.1264485321236043,0.1012754205772698,1.1611062773243226,188.19534930906357,0.2038006419637841,0.0,False,True,False,False,mitotic,21,off_axis,38.18362777142168,13.8
465,6.9645569620252905,19.16461346375096,57.856626697352816,4.076962163999999,0.9910206193225904,0.6231300345224395,0.0,0.4931297709923664,0.5958083832335329,0.9308527327754385,0.0628221182116497,1.155122775943725,197.67773782708315,0.2060240915513362,0.0,False,True,False,False,mitotic,21,off_axis,74.13525542737692,13.8
269,4.393009911319764,12.56652863849749,49.35095978090813,4.496856426,1.023937552413636,0.7198748043818466,0.0,0.4376163873370577,0.5885262116716122,0.9729774345605354,0.1397456041361177,1.126196840789934,203.73225418074006,0.2061832313605162,0.0,False,True,False,False,mitotic,21,off_axis,84.77891778068312,13.8
471,7.658431906207605,73.94104559824206,82.01987642625492,22.409217234,1.7489579145962435,0.6612582434837224,0.0397626112759643,0.684487021013597,0.998253105590062,0.1148521633925848,0.1293176378157911,1.006533385454282,191.59676109106448,0.2071834439017342,0.0580911106496707,False,True,False,False,mitotic,21,off_axis,26.395876069736296,13.8
296,4.739383362420015,51.14525776614281,81.75849877835995,4.032392381999999,0.9873960649454324,0.6980802792321117,0.0,0.4315992292870905,0.9828641370869032,0.1016668920431322,0.079535305258519,1.0846383343872354,184.81100181834606,0.2107002868763617,0.0,False,True,False,False,mitotic,21,off_axis,34.714997831165576,13.8
24,2.0825665049356035,77.84002252802324,83.57853638949253,28.041430212,1.8846780983911728,0.6606156934917182,0.0,0.6872072960315504,0.9992237230243752,0.0384893488107022,0.044122827972705,1.0459326069112524,191.31732352394027,0.2117286648651457,0.0,False,True,False,False,mitotic,21,off_axis,25.227054634655055,13.8
272,4.52771864877357,21.26178074965311,63.952277602962106,20.276905032,1.691626004091108,0.7494215640906987,0.0537352555701179,0.6246537396121884,0.9985385458531238,0.1547960258974482,0.267667160002302,1.0507442882082692,192.52671852194618,0.2136840788395252,0.0860240676754437,False,True,False,False,mitotic,22,off_axis,68.5116072132622,13.8
234,3.6843762298307934,16.074430696576318,59.867396103895615,5.960621897999999,1.1247801798532575,0.7245179063360881,0.0,0.5,0.9927745664739884,0.1546906225999409,0.1841566554089653,1.2602418796493575,194.81152251997128,0.2141544578831314,0.0,False,True,False,False,mitotic,22,off_axis,75.10964570273016,13.8
502,7.989724149056687,83.4999376754313,85.23612696402569,29.082955644,1.9077288342755905,0.6778512663332796,0.0604563632086567,0.6745117676514772,0.999711066165848,0.1219924646764445,0.1510045012457607,0.9775999588574684,191.48717810516104,0.2146867493129468,0.0896298124184763,False,True,False,False,mitotic,22,off_axis,25.283180798478707,13.8
262,4.598927457098345,54.567550565521344,83.94945883385247,24.058299168,1.790848182910597,0.7107059282371295,0.0227272727272727,0.6730704415234243,0.9988610478359908,0.0635687811644305,0.091246874442246,1.033402384437804,183.78302555312322,0.2147801077783671,0.033766558929303,False,True,False,False,mitotic,22,off_axis,30.86426213040421,13.8
219,3.570282186948848,26.4718530423271,68.57619986772605,5.320224504,1.0829634096961902,0.7491181657848325,0.0,0.4710017574692443,0.9992343032159264,0.1553584283144597,0.2127923608749717,1.1484835604408774,189.73619193509262,0.2153467225433196,0.0,False,True,False,False,mitotic,22,off_axis,61.54708885820465,13.8
190,3.026273959794308,9.123275035063168,51.50809263674654,10.035238283999998,1.3380726481641885,0.863487611033193,0.0184873949579832,0.4606164383561644,0.999083129584352,0.0459146365259223,0.1532087373919622,1.3728539058532792,200.61786683504113,0.2164139341862089,0.0401362031801569,False,True,False,False,mitotic,22,off_axis,85.83728210570925,13.8
247,4.041766218055378,29.976041418417463,74.71694462422622,15.512629913999998,1.547149474346954,0.8879479812490549,0.0185430463576159,0.5128205128205128,1.0,0.0609832423866006,0.2708131852847086,1.254806939385673,184.97646154492162,0.2171663539351521,0.0361589403973511,False,True,False,False,mitotic,22,off_axis,54.95447006639517,13.8
338,5.307114361702106,26.40442569813773,72.73421519281763,7.056100224,1.1898495312425508,0.699468085106383,0.0,0.5033185840707964,0.99281045751634,0.1087497432839717,0.1103664241399666,1.013071410498949,185.76029090420036,0.2198159765038092,0.0,False,True,False,False,mitotic,22,off_axis,58.99496431123765,13.8
387,5.954368294284995,24.38296126560099,69.8879795708349,10.713168126,1.3675496532571396,0.822640683161813,0.0380047505938242,0.4765432098765432,0.9990657116163189,0.1070054371203061,0.2592480488065796,1.021854545642262,187.84383481633134,0.2211438019140022,0.0797509015051752,False,True,False,False,mitotic,22,off_axis,62.334869081918335,13.8
582,8.080552603613166,16.149647662061163,65.41412072263569,4.414754196,1.0176676586227282,0.5882040382571732,0.0,0.4967741935483871,0.4984375,1.0210491539584698,0.0644595509192093,1.1136071538813015,189.55870210043605,0.2229721777855736,0.0,False,True,False,False,mitotic,23,off_axis,71.58982868121048,13.8
204,3.1205929062996,20.74240259396497,68.71895860243598,4.431174641999999,1.0189278179872905,0.6903123345685548,0.0,0.4427350427350427,0.9762443438914028,0.3300115663980148,0.2739230256762499,1.2209266759642774,187.8323920633731,0.2256097816966783,0.0,False,True,False,False,mitotic,23,off_axis,65.93290741239224,13.8
232,3.474889380530972,9.210711338495576,58.18842793141568,4.241166624,1.0041507306080255,0.6814159292035398,0.0,0.4861111111111111,0.6508515815085159,0.7992194071972121,0.1615112636387553,1.2442128298890982,194.29052935276118,0.2257882674351611,0.0,False,True,False,False,mitotic,23,off_axis,81.49348068487883,13.8
203,3.008320332813306,6.117739157566267,54.40461482059234,4.510931093999999,1.0250047106142577,0.640145605824233,0.0,0.4956647398843931,0.9847715736040608,0.3587189751182564,0.2460598504796424,1.2458625095674396,196.9352461741576,0.226013470248235,0.0,False,True,False,False,mitotic,23,off_axis,86.2678312421764,13.8
3,1.7782104138037216,57.76128160787992,89.89475483279851,30.725000244,1.9429774573841645,0.6801801801801801,0.0539747064137308,0.6731916925280497,0.9997280021759826,0.1091727584162969,0.1366327210818173,1.0075251212986271,179.11340385070218,0.2273609047459827,0.0801773209812476,False,True,False,False,mitotic,23,off_axis,24.22955101073419,13.8
283,4.4752973467520425,10.007891033851555,62.18282799634151,5.127870708,1.0697512905138202,0.6838975297346752,0.0,0.5021707670043415,0.988593155893536,0.1565086742489771,0.1456489098336677,1.194617432221183,190.73706135861903,0.2297656303634076,0.0,False,True,False,False,mitotic,23,off_axis,78.44898449599295,13.8
433,6.772410256410246,25.52331092307624,76.74782246153839,4.574267099999999,1.0297796461981108,0.6543589743589744,0.0,0.4747774480712166,0.5754504504504504,1.0045251989548387,0.1207245218162454,1.0010770539451008,181.6706607710007,0.2302274903998871,0.0,False,True,False,False,mitotic,23,off_axis,57.39088263534509,13.8
12,1.8567594936709653,67.01216496202443,91.09070045569558,27.7974693,1.879196594134688,0.6209282700421941,0.054514838981267,0.649154051647373,0.9985734664764622,0.1052166017857183,0.0868562424343951,1.0386057797883057,180.83048391954634,0.2308752502567275,0.0839782773332824,False,True,False,False,mitotic,23,off_axis,18.45629747476378,13.8
311,5.269387755102072,22.04536486880515,74.85066618075918,4.827611124,1.0484504007024558,0.7779397473275025,0.0,0.4048140043763676,0.9967266775777414,0.096801151171114,0.1383807822890864,1.1769252502693692,182.4019979752578,0.2313807029783716,0.0,False,True,False,False,mitotic,24,off_axis,61.33922434418916,13.8
445,7.039369277721244,13.044916785350644,67.39757990844284,4.611799548,1.0325884692374436,0.7192268565615463,0.0,0.4293478260869565,0.9959839357429718,0.0601590164322941,0.061829140246019,1.12071115602994,186.71397491739333,0.2321090242963389,0.0,False,True,False,False,mitotic,24,off_axis,72.96264571648507,13.8
337,5.363419117647101,18.685781387867447,71.39642660845578,5.104412928,1.068117581052758,0.7403492647058824,0.0,0.4672566371681416,0.9941812136325852,0.0848451381941804,0.1016214510560185,1.187110459192036,184.65095366309,0.232588839873547,0.0,False,True,False,False,mitotic,24,off_axis,66.04964912227179,13.8
273,4.257222480260104,24.498134045518,78.42987408267464,5.050460033999999,1.0643409616097694,0.7575476079888528,0.0,0.4789272030651341,0.9882445141065832,0.1423118228252946,0.1858932835486636,1.216936181529933,179.75434569466407,0.2329679131712576,0.0,False,True,False,False,mitotic,24,off_axis,57.351743709583225,13.8
27,2.164783537177262,81.28140318384895,91.9080699864094,36.249307434,2.05306973710356,0.7064647641234711,0.0774862721171446,0.5767195767195767,1.0,0.0260898881165858,0.048584309718998,1.052134866998896,184.4562411131843,0.2332379934402811,0.1343569305517462,False,True,False,False,mitotic,24,off_axis,18.29174508852295,13.8
577,8.411149169378145,58.9514421990057,91.49302334303788,27.393995484,1.8700602122007264,0.6680938516869327,0.0669234472797304,0.6751805985552115,0.9987445072190836,0.0889151984186295,0.1083580017388914,0.9545066219501924,177.9603974280097,0.2341369623171595,0.0991193281070826,False,True,False,False,mitotic,24,off_axis,22.240864429802514,13.8
532,7.833979475484594,30.096841676169355,80.99358129988693,4.114494612,0.9940524412525648,0.7200684150513113,0.0,0.4276985743380855,0.5116279069767442,1.0932296656743377,0.1082749893722067,1.2747074858693623,179.04341674607355,0.2346697927427347,0.0,False,True,False,False,mitotic,24,off_axis,51.244097923489456,13.8
464,7.527353815659095,6.049343904856283,60.010865411298,4.733780004,1.0416132293801257,0.722001982160555,0.0,0.4385026737967914,0.990521327014218,0.1188273594150779,0.1247938530792039,1.1425615592920575,191.58148857743612,0.236925100105734,0.0,False,True,False,False,mitotic,24,off_axis,82.92912752621787,13.8
244,3.941261864879965,10.103464824120522,67.65774924623106,4.201288398,1.0009935870725994,0.6817420435510888,0.0,0.4701754385964912,0.6211031175059952,0.8956740488113968,0.1296907079844273,1.180716492186978,185.55882188984177,0.237587170939663,0.0,False,True,False,False,mitotic,24,off_axis,75.27238189446307,13.8
534,7.90064814814813,68.68642711111252,93.70918222222345,25.3344024,1.821967748403488,0.6730555555555555,0.0724980299448384,0.6476918719909374,1.0,0.0545592509688627,0.0583900480099423,1.0034380103579787,178.8564383780278,0.2377747055295613,0.1119329006275577,False,True,False,False,mitotic,24,off_axis,15.434948696269396,13.8
217,3.550804455445532,4.077970823019801,59.41173137376192,7.581554495999999,1.218680561245484,0.8125,0.0098039215686274,0.4834983498349835,0.998639455782313,0.1039011609665147,0.2299290138114169,1.3589721079756982,191.54305220460384,0.2383820795979664,0.0202770528006423,False,True,False,False,mitotic,24,off_axis,84.88219905845713,13.8
259,4.184488788315177,6.125221641637488,63.06669257354581,11.402826858,1.3962868252557044,0.8642254680106973,0.0294117647058823,0.4818181818181818,0.9997326203208556,0.0863857920589108,0.2919879731423325,1.2539461553610125,188.69820770380258,0.2391244406390114,0.0610432852386237,False,True,False,False,mitotic,24,off_axis,81.12068747224453,13.8
475,8.017542422469038,80.91310360444824,95.64927991808072,40.08934602,2.123147275679558,0.7847279110590989,0.1723284589426321,0.5256863278064692,0.999911378943637,0.1006964305838493,0.2252453136227735,1.054275993474458,180.78396046096069,0.2402934212744778,0.3278161326007981,False,False,True,False,TZ,24,off_axis,14.81327326597197,13.8
365,5.596763005780314,19.0297498265892,78.55474768786074,4.058195939999999,0.9894977269973272,0.6710982658959538,0.0,0.4745166959578207,0.9922178988326849,0.1436100006592697,0.1203290867154026,1.1570844387668449,177.94811858309882,0.2422478307461227,0.0,False,True,False,False,mitotic,25,off_axis,62.01913325367669,13.8
271,4.286583378598585,16.730673438348607,74.82977028788791,4.318577297999999,1.0102232575608436,0.7235198261814231,0.0,0.4577603143418468,0.9855670103092784,0.1507792035161775,0.1528659303594936,1.1631099801683096,180.78185336207835,0.2423619061110132,0.0,False,True,False,False,mitotic,25,off_axis,65.86282042198064,13.8
233,3.9630205441421658,14.0498353692395,72.22491521376978,4.224746177999999,1.0028531373009688,0.7623542476401999,0.0,0.4042056074766355,0.9833496571988248,0.1053729298980611,0.1471088655526744,1.208067808013123,182.43232551897898,0.2426157868192135,0.0,False,True,False,False,mitotic,25,off_axis,69.5026294422911,13.8
323,5.036174242424262,5.57555269886366,67.33424303977206,4.954283135999999,1.0575414647976735,0.6661931818181819,0.0,0.5063829787234042,0.9775880469583778,0.0849408368479858,0.0729450195260567,1.2077532865801843,184.46930579610205,0.2460390853747736,0.0,False,True,False,False,mitotic,25,off_axis,79.28440623864387,13.8
231,3.852546191978365,7.78002992338892,71.53930004506526,5.205281381999999,1.0751074399756926,0.7728706624605678,0.0,0.4484126984126984,1.0,0.1241213878058835,0.189560828684636,1.2368259332024398,181.14972881039063,0.2483854136013166,0.0,False,True,False,False,mitotic,25,off_axis,75.26032612619098,13.8
561,7.735915119363419,16.02690620689616,78.43706498673681,4.421791529999999,1.0182081088882171,0.6816976127320955,0.0,0.455,0.5772833723653396,0.9344135682621584,0.0502707151936758,1.1369455909360937,177.1334331111233,0.2491066334644964,0.0,False,True,False,False,mitotic,25,off_axis,64.72172249581841,13.8
377,6.640043149946504,55.63865963322544,98.52052947141227,32.61804308999999,1.9820887547969657,0.6740021574973032,0.097011952191235,0.5678358702845797,0.9983395599833956,0.1099183997539086,0.1309778021906992,1.097681492265163,170.25358386883707,0.2499867728858431,0.1708450579964524,False,False,True,False,TZ,25,off_axis,20.32022913632829,13.8
245,3.8665647298674894,10.78291544342519,74.662859021408,4.602416436,1.031887696392923,0.7426095820591234,0.0,0.4514851485148515,0.9925994449583718,0.1826342415795366,0.231037863644799,1.204433138518353,179.1052449602739,0.251784127041585,0.0,False,False,False,False,pachytene,26,off_axis,71.12324908848774,13.8
327,6.009661835748576,86.31507725267664,100.65205463138264,33.504747173999995,1.9998890934066,0.676048449205349,0.1445738583841744,0.5517614004754701,0.9994481236203092,0.0809309196376961,0.1057306868586934,1.272124543401658,177.6922877391203,0.2523830032264781,0.2620224217561987,False,False,True,False,TZ,26,off_axis,15.07459247641908,13.8
270,5.184562841530031,14.7142453381142,80.07248160860725,13.736875967999998,1.485706839174194,0.8898565573770492,0.0137614678899082,0.4682170542635659,0.9997900482888936,0.0506973952698314,0.2208608811231702,1.249702607011982,175.17276460646133,0.2528620612197861,0.0293912145330822,False,False,False,False,pachytene,26,off_axis,65.16025731781863,13.8
5,1.81058103975534,61.55893878899049,100.0878593944976,38.3534703,2.0920498020695586,0.738776758409786,0.0443052136943388,0.5380472957152892,0.999481004774756,0.0580737188735998,0.1076838754441402,1.1381894879978944,170.5896379387003,0.253320617589204,0.0823444593944826,False,False,False,False,pachytene,26,off_axis,14.464855119786222,13.8
564,8.109438006564728,66.40520884854809,101.21443495880573,35.02011976199999,2.029596347033897,0.682631120637685,0.1298438934802571,0.5907555930772478,0.9983538052424972,0.0325809786125947,0.0590207493774133,1.0470856633906718,171.01351608452296,0.2565019127619672,0.2197929143656514,False,False,True,False,TZ,26,post,10.028133609573523,13.8
218,2.763816604708772,10.790544981413529,78.20605841741789,13.251299922,1.467990656729711,0.863338644007789,0.0264817150063051,0.483160621761658,0.9995413895895436,0.1224970332191282,0.4222699958097127,1.1975820493490537,175.7373165958241,0.2582330223596079,0.0548093404420042,False,False,False,False,pachytene,26,off_axis,69.50517862539498,13.8
18,2.0168921077857087,73.10970346682322,101.08616341463564,44.049019284,2.190866315315113,0.7655234849291724,0.0966352072219942,0.5017033840563252,0.999323238304712,0.0631211721529274,0.1471555397987326,1.1374657255005334,173.20441733722657,0.2588205197545995,0.192614222452893,False,False,True,False,TZ,26,post,7.329198351500144,13.8
364,6.211057692307701,6.145452259615373,76.70540149038433,4.879218239999999,1.052173141558011,0.7259615384615384,0.0,0.4350877192982456,0.991869918699187,0.1554871666303272,0.1864566176888242,1.1272644869800663,175.73134354317648,0.2598301582553042,0.0,False,False,False,False,pachytene,26,off_axis,74.34386839185053,13.8
501,7.831996982433488,78.14296104105922,105.31168331716916,43.532948124,2.182276738056443,0.697704494018752,0.1553748870822041,0.5354723707664885,0.9988810904282373,0.0442103599683675,0.0804626938474982,1.165926995470724,170.7382881881443,0.2642860287281543,0.2901641533059804,False,False,True,False,TZ,27,post,5.673641240414719,13.8
312,5.566611062921252,56.28887983585931,105.34648188430155,35.156174885999995,2.032221315688509,0.7019416827917528,0.2145243537893441,0.4922766957689725,0.9992232004142932,0.0605349774151567,0.0782239165571465,1.437050542903294,163.96140099461897,0.2654912568511668,0.4357800310945884,False,False,False,False,pachytene,27,off_axis,17.211892249888248,13.8
33,2.4143352384521988,83.34516047502996,106.39284745151502,50.072977188,2.2865020841002184,0.7475405228145788,0.1477146923928515,0.4806086472443867,0.9988151658767772,0.0569017384503532,0.0881750082722715,1.3690327384022098,171.31519515046253,0.268160458274654,0.3073492190367092,False,False,True,False,TZ,27,post,10.157466440380597,13.8
6,1.6148993658670718,62.946295004136175,107.53865129859324,42.54068403,2.1655686373419614,0.7352633030052385,0.2059212702613297,0.4832326598625286,0.9973778770515684,0.087014462875886,0.1545179449209628,1.2666910242353104,163.930576518944,0.2714137742136599,0.4261327666054501,False,False,False,False,pachytene,28,late,10.20290991894618,13.8
436,7.430537586437757,86.10119360918937,109.23729748494124,42.064491096,2.157457967033163,0.7448137407985724,0.2955665024630541,0.4600087412587412,0.9996048992493086,0.0759474657917997,0.1360661240048433,1.4250784916924286,169.46002472775206,0.2731568810063906,0.642523665211846,False,False,False,False,pachytene,28,post,12.738087144421907,13.8
562,8.2401331316191,62.92256870196748,109.83458314674698,38.76398145,2.0994873194837145,0.7189107413010589,0.2348871685060122,0.483745963401507,0.9994380759721284,0.0470539149172094,0.0824914290101332,1.158319266342598,161.7393701696827,0.2786918236252936,0.485558921989509,False,False,False,False,pachytene,28,late,9.516993944691187,13.8
15,1.918940285163069,72.96486609571257,110.73975422803812,49.85012827799999,2.283105027067064,0.7753988047621289,0.1791917454858125,0.4309658495705007,0.9997696206419904,0.0593515739644484,0.1237339914448501,1.2863957622844315,163.9772507981488,0.281862833811543,0.4157910555195834,False,False,False,False,pachytene,29,late,0.31453502711992964,13.8
30,2.543537737884649,82.41451003322885,113.59209985327664,54.358713594,2.349958469337125,0.7851810296465714,0.1418720910187898,0.4337083165930092,0.9991792627043294,0.0380360834069687,0.1085532479924243,1.6038821397280736,164.18010122257857,0.2854873589670829,0.3271140662767651,False,False,True,False,TZ,29,late,10.183197439877004,13.8
250,5.0243773838903,57.80510677585914,114.01663992035002,41.820530184,2.15327901690397,0.713372223468701,0.2029324598346591,0.4929549902152642,0.9994798168955472,0.107814665779136,0.1702352911327727,1.6124871451245535,156.18224870539473,0.2865366457799518,0.4116652916852354,False,False,False,False,pachytene,29,late,13.094201857848796,13.8
566,8.101258612770204,77.84160751033467,115.28600169039818,51.06758706,2.301542026324108,0.768259072117593,0.210855623338026,0.4761149653121903,0.9983545250560958,0.0529111306160153,0.1113189384082244,1.4459700493709209,161.15774822205742,0.2881095184429699,0.442867035695396,False,False,False,False,pachytene,29,late,6.356172060037401,13.8
7,1.5880703356930073,63.97113566567779,116.27514868691487,51.36080930999999,2.3059386558423816,0.753185658826216,0.26013143483023,0.4550333086602516,0.9999222938845288,0.0723133235985857,0.1337053060699877,1.7117399130346775,155.93668919480857,0.2924067043025658,0.5716755891917703,False,False,False,False,pachytene,30,late,6.53215380518344,13.8
423,7.021295036533205,86.37838823885025,118.0294930007581,46.55196441,2.2316005903057303,0.7493575207860922,0.2760879056905836,0.4742661841576196,0.9999134423959144,0.0481951660085189,0.1027927984385486,1.798994809019558,161.18244700220734,0.2941728070568162,0.5821370253942191,False,False,False,False,pachytene,30,off_axis,15.322930657603989,13.8
17,2.1049650172806302,73.24728494900206,117.64519540588482,55.65592882799999,2.3685048328426315,0.7626232824749221,0.1756440281030444,0.4568536931818182,0.9996518348304436,0.0547373685678877,0.1075855606120985,1.747468752641677,157.49596134507513,0.2983625920761242,0.3844645030222878,False,False,True,False,TZ,30,late,2.71406941838633,13.8
470,7.919807712187975,66.64090416106596,117.31438235294458,45.381421188,2.212737151672179,0.7515765532926704,0.1523809523809524,0.5033291718684977,0.9996573288786088,0.0534409611970633,0.105632153397792,1.2365456283617453,155.7720164626029,0.2986412342499674,0.3027461170495483,False,False,True,False,TZ,30,late,3.671987145206318,13.8
26,2.1876625700990187,81.04500396134192,120.95932367259074,58.979896254,2.41474790709647,0.7534900369884262,0.179181565355582,0.462729912875121,0.9993236388231316,0.0269411301850766,0.0384714670516967,2.047589712017205,149.77464800214568,0.303390779171541,0.3872271067203269,False,False,True,False,TZ,31,late,10.844042274504032,13.8
411,7.040583162608653,86.5593722521312,123.45805787793358,49.235534442,2.2736835291859294,0.690361617990376,0.1732603994402748,0.5096168641329435,0.999907646841522,0.0516817997177862,0.059709440881973,2.0745944718945166,145.75607303368085,0.3071254416801831,0.3399816835635103,False,False,True,False,TZ,31,off_axis,15.372064524696762,13.8
472,7.487433628318432,74.48032567733307,122.7227732471067,51.68921823,2.3108430597062712,0.7371000680735194,0.2061121008633685,0.4517521146210944,0.9988816104809076,0.0099303723639176,0.0147157041923333,1.6541461802535802,150.03270870112945,0.3076412340584041,0.4562504395496728,False,False,False,False,pachytene,31,late,4.051534633725268,13.8
8,1.7244267515922356,64.48617873009597,124.15219693471342,58.92594335999999,2.414011371471872,0.7646894904458599,0.2887739140897606,0.437996954829978,0.9995329285380664,0.033478520951727,0.0571734109022078,1.901668945584776,151.62464172015683,0.3112484286180443,0.6593057575065951,False,False,False,False,pachytene,32,late,5.918017740608804,13.8
448,7.532846655790876,64.8466876468188,123.5050814926592,57.51847656,2.3946364480550817,0.7801794453507341,0.1495739981066582,0.5003710575139146,1.0,0.0446079441855799,0.1123467722663091,1.4752465713009653,152.1360998819439,0.3116815940025936,0.2989261586187943,False,False,True,False,TZ,32,late,5.382167366788773,13.8
20,1.9721567884869156,74.55330574891275,127.13968015148572,61.94026809,2.4544912627380024,0.78015527362242,0.1446883748342419,0.4534022394487511,0.9994633913665634,0.0455478309771729,0.093557913469284,2.1272526527202302,145.79201046085691,0.3212369785972402,0.3191170273224826,False,False,True,False,TZ,33,late,2.8142508636271235,13.8
32,2.377983333333333,83.10459162499941,129.9970205499972,56.298672,2.377587527159369,0.7667916666666666,0.154403988517903,0.4936573164195104,0.9985386914646296,0.0189689039323023,0.0470025703374468,2.1552087149143677,140.53224243378924,0.3255171075515545,0.312775651007855,False,False,True,False,TZ,33,late,10.137073037417881,13.8
391,6.927718351780794,87.86787177471885,131.21095012091882,50.438918556,2.2920586116221524,0.6999813970793415,0.2976592270005443,0.4574484576034723,0.9996338337605272,0.0368899989130118,0.0409766918360361,2.4961020438647514,137.96318676643688,0.3258316711447087,0.650694569088618,False,False,False,False,pachytene,33,off_axis,14.327826640997305,13.8
10,2.0818605021286443,66.30231313810361,130.92424187323374,58.956438474,2.4144277294309746,0.7605538534993833,0.1049970255800119,0.4918577600531738,1.0,0.0357539830130517,0.0701050082445044,2.189668692578869,144.61846417062654,0.328002903906423,0.2134703040339566,False,False,True,False,TZ,34,late,6.1871143436086005,13.8
474,7.59422152286036,79.28169240755385,130.4078937319681,53.666709084,2.3399439344987405,0.7480986100183582,0.2464696652719665,0.4565330557001562,0.9991704374057316,0.0296568741256157,0.0477963805315287,1.982266631066504,141.27099380326104,0.3292686815041478,0.5398725507268504,False,False,False,False,pachytene,34,late,6.363795733466793,13.8
578,8.27988993527866,65.03538607138663,130.835012626437,60.52810973399999,2.435694604013682,0.7743285664457621,0.2034199726402188,0.4619611883908638,0.9996861859034708,0.0281093326075999,0.0747676721828493,1.6626638086537433,145.07859055608373,0.3292710391951443,0.4403399630795517,False,False,False,False,pachytene,34,late,7.370900540634953,13.8
19,2.012828236294567,74.29645194727138,134.83075594457742,66.195509382,2.509458240505475,0.7465537403876821,0.1447022243482421,0.4704977628635347,0.9993957338812012,0.0477455248556991,0.087079308094147,2.360109418977207,138.5213719651464,0.3396024123197556,0.3075513546920141,False,False,True,False,TZ,35,late,0.29305341098861115,13.8
328,6.093200440845538,88.65984767358337,137.04959439359712,48.954041082,2.26934214952912,0.6870956921749964,0.3058360795152546,0.4744257274119449,0.9989424093837131,0.0468637719000883,0.0581050845109693,2.599157456964531,132.1516651554105,0.340024828245449,0.6446448028517148,False,False,False,False,pachytene,35,late,13.356636993279128,13.8
31,1.972345615611792,82.70320902554852,136.30475691359703,54.813794526,2.3564980572687757,0.7046261822227928,0.1606469658275569,0.4910170964937699,0.9992760035395384,0.035759027592823,0.0451743805710478,2.6159919199406825,134.62575990009756,0.3406321568876794,0.3271718377520796,False,False,True,False,TZ,35,late,7.8871596828602195,13.8
536,7.997188755019598,77.31806227710776,136.15211991566258,58.4098722,2.4069434244222165,0.7484738955823294,0.2288845112041369,0.4453137474053967,0.998904634764154,0.0240937575743911,0.0364375466695637,2.1196938384405075,136.3650662041515,0.3437881628771929,0.5139848310044852,False,False,False,False,pachytene,35,late,2.788344414971131,13.8
11,2.1167251629538177,67.30114260081606,138.47689010816012,65.498813316,2.500623303722312,0.7258076069049495,0.300374668738006,0.4230668756530825,0.9998660953401178,0.0270168192157017,0.0551843589159614,2.694355117280018,137.10848797839276,0.3461846174730127,0.7099933509904829,False,False,False,False,pachytene,35,late,7.467900527247663,13.8
467,7.903417815569952,61.5631721043491,138.27344435317514,56.82881782799999,2.3850272065419595,0.7227771815404938,0.2952780692549842,0.427933293627159,0.998909062573054,0.0710180115798373,0.1052699843804169,2.7341664779673964,139.00073081843243,0.3477981101209294,0.6900095731094203,False,False,False,False,pachytene,36,late,12.888704215619464,13.8
476,7.5552831382471,82.24184569361043,141.14447607560714,59.32003406399999,2.419380972767194,0.7617051565960139,0.231769505354411,0.4664785927646863,0.9994763026970412,0.0310748149359731,0.073219708863,2.02454431348365,130.13930054361148,0.3531175891003694,0.4968491779671578,False,False,False,False,pachytene,36,late,6.01434892525995,13.8
412,6.8037506941776185,88.57650615148128,145.17957124183226,54.912317202,2.3579090739355126,0.7016104916912298,0.2824858757062146,0.4438081603435934,0.9994908782350446,0.0354805595622564,0.0431144052863719,2.571147214015676,122.94253480908012,0.3592123145363827,0.6365044650993256,False,False,False,False,pachytene,37,late,10.338402309933144,13.8
34,2.4896692029133165,84.36623760019336,144.01473307970736,57.65218590599999,2.396490562350297,0.7499287952150384,0.1675470675877014,0.4637162382037097,0.9998625712911428,0.0368861775158225,0.0618457310444826,2.5030313093967798,125.78511233052612,0.3594958244310547,0.3613137815417589,False,False,True,False,TZ,37,late,7.021330973275371,13.8
22,2.132010321013756,77.398793135766,142.91223453745084,61.82063341199999,2.452909999928561,0.7519162176519694,0.2479871175523349,0.430406852248394,0.9999344949561116,0.0349514745544534,0.0593024024263306,2.3169734840808247,129.88380348672436,0.3602632993574639,0.5761690741141314,False,False,False,False,pachytene,37,late,0.8650917641360782,13.8
469,7.892836554764182,67.85429265005219,143.7172032044781,55.34159457599999,2.364037454864889,0.746057985757884,0.2324151185137732,0.4693707227507928,0.998975634740616,0.0291666803546305,0.0518512146587082,2.3559290531155117,131.93917259493912,0.3607557058315627,0.4951632201337183,False,False,False,False,pachytene,37,late,8.490169958856134,13.8
13,2.395655497003121,70.22930653284538,147.25479857194594,58.31369530199999,2.405621618608481,0.7277444788607748,0.1400254129606098,0.4858156028368794,0.99886989687809,0.0310846743604953,0.0798284273409042,2.609779303877652,127.85721845426525,0.3682781708673144,0.2882274923714744,False,False,True,False,TZ,38,late,7.268317954386733,13.8
535,7.967480175532776,76.49136700284971,147.06809822157254,60.938620884,2.441188623397319,0.759065362999461,0.3215176151761517,0.4251477871864515,0.9980251464683036,0.0617501201261352,0.1188941321997965,2.374836639659308,126.36502225560449,0.3699141143902638,0.7562490617766005,False,False,False,False,pachytene,38,late,1.404838387309565,13.8
37,2.770756247971529,86.9905074488795,149.9566098953311,57.81873614399999,2.398796068093509,0.7391674780915287,0.2128076405044692,0.4499922227407061,0.9997875805423776,0.0402688377248384,0.0562922482297424,2.622688201619076,119.29119691086734,0.3720804321891809,0.4729140410657562,False,False,False,False,pachytene,38,late,6.8738357086464,13.8
503,7.765889928492247,85.68044943967897,150.16479845601344,65.937473802,2.506193302445368,0.7559144757906721,0.30961964177903,0.4607200116601078,0.9992772825825104,0.0261596727695738,0.0486194434238135,2.2112482184638824,119.65906325954717,0.3731618227252879,0.672034281001558,False,False,False,False,pachytene,38,late,5.5993676573487585,13.8
329,5.871795753459821,91.95243478896018,150.91036175965277,54.57687094799999,2.353097962492342,0.7201065933121293,0.2927888792354474,0.4201474201474201,0.9997518405161716,0.043794858508743,0.0687097915010282,2.721936236751671,116.32051473038885,0.3752407026132566,0.6968717768937257,False,False,False,False,pachytene,38,late,10.961061287143975,13.8
25,2.2718935974757315,79.53546030674744,149.87066756400887,58.73124378599999,2.411349693850402,0.7486120541598434,0.1616941928609483,0.4690181124880839,0.9997956264050684,0.0347495831660309,0.0568933952721032,2.6943392541939426,122.53497720811541,0.3776201898166078,0.3447504233966154,False,False,True,False,TZ,39,late,0.16093742557153634,13.8
390,7.042186922792403,70.0630186922807,151.41789267639612,50.800168368,2.297517602643484,0.74533616549686,0.2850661135597615,0.4366273798730734,0.9996705921106812,0.0489038052226961,0.0835093980642214,3.00934288806503,125.15691333446269,0.3799820778439656,0.6528819004493708,False,False,False,False,pachytene,39,late,9.07196605260033,13.8
40,2.69205937080802,88.5573069453472,155.5707215760132,54.20858380199999,2.347793075525151,0.6734605564931412,0.1686680621350667,0.4830373707924728,0.9991989319092124,0.0452675462621113,0.0561078719204776,2.87642920364713,113.54310359955014,0.3858819182259444,0.3491822213638445,False,False,True,False,TZ,40,late,5.908157755241121,13.8
478,7.486405035171909,87.6524746871533,156.43009578304788,63.35946377999999,2.4730959216851867,0.7449463161791929,0.2422175778242217,0.4600087095369429,0.9994923535757344,0.0468470342081577,0.0787599625277064,2.176568091602885,113.14933245856713,0.38620159619798,0.5265499822123898,False,False,False,False,pachytene,40,late,4.7240168296272484,13.8
21,2.47826624876281,74.6279274744333,154.77489405311783,56.88042494399999,2.3857489479690126,0.6845513032002639,0.2405679110405083,0.4753562557197019,0.9992532979341244,0.0310812485878947,0.049439189848162,2.690633014294383,120.17906311630993,0.3890706148299296,0.5060791945953929,False,False,False,False,pachytene,40,late,6.364779757141159,13.8
422,6.963100279664543,81.26946227726867,156.09229674391273,58.71482334,2.411124946194422,0.7406711945665202,0.2085111571759541,0.48929286704668,0.9986275989844232,0.0337197031824431,0.0643755922797334,2.300442550592153,116.1658637370468,0.3908987797776311,0.426147960084735,False,False,False,False,pachytene,40,late,0.9113620095933737,13.8
29,2.4514826284308557,82.0555970941345,156.28745296738134,55.297024794,2.363402652459447,0.7393628303567641,0.2254160363086232,0.4401041666666667,0.9998502433545488,0.0489489861797792,0.0836868948432165,2.596475347902989,115.65532799492684,0.3912522428675832,0.5121879168195937,False,False,False,False,pachytene,40,late,0.2825161160191124,13.8
278,4.9446353264972975,93.60417989079929,157.65021438274007,52.843341006,2.3279155405085348,0.6688418342433524,0.2746013224426293,0.4591152815013404,0.999324650265316,0.0356347419163418,0.0613472191208694,3.06176005733144,109.51716226808243,0.3919486787136613,0.5981097417290555,False,False,False,False,pachytene,40,mid,9.59421435496192,13.8
479,7.385590985375114,90.5176818029234,162.05048958283996,58.70544022799999,2.4109965001485145,0.719691520818349,0.3126592200666275,0.4477548111190306,0.9991040095572314,0.0147049571344658,0.0236540201431682,2.3006998916159103,106.66757154283346,0.4012591127946237,0.6982822122786985,False,False,False,False,pachytene,41,mid,4.909989842148606,13.8
326,5.888532675709119,74.02299350279935,160.42409251636306,49.463074908,2.2771807328189677,0.7155932846438395,0.240886075949367,0.4333833583458396,0.99881473377097,0.0344608420213479,0.0476524899100146,3.331133955973308,115.32148522408794,0.4020306334674893,0.5558267785565042,False,False,False,False,pachytene,41,late,9.311528034168784,13.8
435,7.236064106735874,81.02519742515592,161.19549709974663,57.66860635199999,2.396718062879701,0.7057028961926457,0.2845841985563136,0.469937802349689,0.999375195251484,0.0384356471266827,0.0700752475058296,2.280512307679952,111.64943576671877,0.4031090280063643,0.6055784342808616,False,False,False,False,pachytene,41,late,3.2997082111729426,13.8
35,2.232421829929549,85.59839400022884,162.39546055152218,60.99257377799999,2.4419088581625856,0.759701549940387,0.2021453198825181,0.4463828425096031,0.9997454013111832,0.0418667986888107,0.0924663608454505,2.6587266620844154,108.62093122200342,0.4036680939949206,0.4528519034155516,False,False,False,False,pachytene,41,mid,0.33102166345202516,13.8
23,2.345620814013395,77.95928445388867,160.8606840159726,54.637861176,2.353974173432407,0.6901940580456809,0.235836069045854,0.478519955654102,0.9986251933321876,0.0482430443390121,0.0682943026278198,2.849053733716886,113.2545742426443,0.4056311676300512,0.4928447941601167,False,False,False,False,pachytene,42,late,5.93323296358264,13.8
43,2.729563210946137,91.91121084888276,164.41858474679063,57.94775393399999,2.400578981812832,0.7146095615917095,0.2575039494470774,0.428936170212766,0.9996929454210486,0.0335171879251693,0.0476229891436406,2.716813352009763,103.92440818822102,0.4084638878096382,0.6003316281752301,False,False,False,False,pachytene,42,mid,5.067637288592711,13.8
279,5.272066485811439,96.29519939284064,164.33237646298937,54.47600249399999,2.3516474107322054,0.6546527149808379,0.2373526055534424,0.4675810473815461,0.9990326949119752,0.02725912443477,0.0282769503088013,2.931771046843944,101.9981350471286,0.4091581693210559,0.5076181057436288,False,False,False,False,pachytene,42,mid,9.006705605803756,13.8
477,7.791901870692372,82.47686553987616,165.4196885420115,57.18068452799999,2.389939535477389,0.704668526419429,0.3186636380844218,0.4735379913876927,0.9981053130180784,0.0505527897537106,0.0611821041541897,2.302818442200011,107.34426429794003,0.4134315406236459,0.672942074089103,False,False,False,False,pachytene,42,mid,3.7818635112941483,13.8
538,7.891416408668554,91.20812249999838,167.56078764706496,60.61490351999999,2.43685826274439,0.700657894736842,0.2380811662726556,0.4668390433096315,0.9977771191464138,0.0391670714525099,0.0277378700794075,2.260058208263106,101.45055727728248,0.4145672696686044,0.5099855500191058,False,False,False,False,pachytene,43,mid,3.006609883806946,13.8
263,5.23283091257869,77.20167528089827,166.257669512196,51.358463532,2.305903549291985,0.6896866721476204,0.2638422364286488,0.4202237268177804,0.9998083924123397,0.0357193272079214,0.0414537003106283,2.96076115261347,108.69017366248076,0.4173532260637983,0.627861350016196,False,False,False,False,pachytene,43,mid,8.911096534877961,13.8
28,2.1645074901665504,82.06212936228994,168.4188988953077,56.059402644,2.374214495177979,0.6841158255920998,0.2437387297134843,0.4568817061862498,0.9996545470247864,0.0206128586525108,0.026612245485248,2.748702957832844,104.86586687444475,0.4203382038810797,0.5334832329971276,False,False,False,False,pachytene,43,mid,5.5210630546271995,13.8
46,2.024029529874616,94.92736833245596,169.5475487648546,57.83046503399999,2.398958260690799,0.7146391919847483,0.2964296429642964,0.405685856432125,0.9989663671781824,0.0332910686578911,0.0547788341498267,2.8885668566521714,97.98402721357786,0.4227633860552921,0.7306876447981168,False,False,False,False,pachytene,43,mid,5.407272004732316,13.8
38,2.079390383408854,87.393444127089,170.9608477582126,63.568238022,2.4758092898673327,0.7413557695855936,0.309322033898305,0.4228848623198744,0.9996025700470292,0.0349721182776041,0.0484448005816427,2.5946936573375514,100.16895917470404,0.4245568660273942,0.7314568608614103,False,False,False,False,pachytene,44,mid,1.9400744756026258,13.8
410,7.167926033697841,78.90193018256997,170.61218678837344,49.981491846,2.2851087247764315,0.6598770357159619,0.2757345592644413,0.4556368152338899,0.9986441385064664,0.0624800572913852,0.0634985320768846,2.966603236374665,104.35870806888002,0.4261469620950784,0.6051630378526367,False,False,False,False,pachytene,44,mid,9.334219304154558,13.8
346,5.845718687149267,97.11040266164235,173.19051543925676,54.81848608199999,2.3565652868611906,0.730112542256836,0.2857304643261608,0.3889329316632313,0.9983674802056977,0.0144643925281159,0.0385913378289235,2.62804827915475,93.74612031275032,0.4304317683255099,0.7346522782328153,False,False,False,False,pachytene,44,mid,5.684743035885727,13.8
537,7.842392078643275,88.39146589614099,174.5526561511633,65.860063128,2.505212160401656,0.7538110842000285,0.3016771064861588,0.4142071759259259,0.9993160905247452,0.0309096103615125,0.0618715671298793,2.213746527896288,96.51796785873366,0.4325570117484655,0.7283241914189068,False,False,False,False,pachytene,44,mid,2.6933323291173266,13.8
41,1.9984462399004648,90.23166206753577,175.57381209861137,67.938422436,2.5312922119703454,0.7216697741868656,0.31483212919677,0.4587520158789232,0.999049007798136,0.0391258695573882,0.0612572512684039,2.4369798209275246,94.76887153169694,0.437484139498313,0.6862795547472048,False,False,False,False,pachytene,45,mid,1.5229719329267941,13.8
183,3.696481652531708,82.2068023847513,176.05505904777587,55.87174040399999,2.371562257937782,0.7163489797632043,0.3210732589689479,0.4251036116044997,0.999756216479766,0.0210629554444128,0.0370597225290118,3.353732897877388,98.00718880354759,0.4389284240059043,0.755282359886564,False,False,False,False,pachytene,45,mid,8.881183183040065,13.8
146,3.090555962275539,99.51149767452252,178.9683174669468,54.471310938,2.351579899646268,0.7118125834374058,0.2815888352120236,0.4055588762701733,0.9991448606122798,0.0310509465093968,0.0404482612831818,2.854067254427925,87.53806795086378,0.4467474980194237,0.6943229496090132,False,False,False,False,pachytene,46,mid,5.180899327454989,13.8
424,6.903310963956825,96.8000378427606,180.5935397671199,52.782350778,2.3270195918736247,0.6913026087729435,0.3358194683495888,0.4213936078318456,0.9964876605970976,0.0716658569750702,0.0897671519612958,2.4886283682675168,87.314554948299,0.448294010351662,0.7969258719358538,False,False,False,False,pachytene,46,mid,2.0277085006875732,13.8
393,6.7794265969363945,102.53944229080966,181.46577782498792,50.237181648,2.288998734643617,0.6857956667911842,0.2814735718099306,0.4170010402734433,0.9988966900702106,0.04687607402725,0.0531462197066651,2.8081823479887085,83.94399062350608,0.4541565451774144,0.6749948912006497,False,False,False,False,pachytene,47,mid,6.754320266034079,13.8
379,6.487605089242017,88.34312863372901,183.98129910983303,52.17714005399999,2.318091389658808,0.6629501416175876,0.2868829068771996,0.4697879151660664,0.9998066511987626,0.0577770392268568,0.0708291578471183,2.69499887769864,88.15300836718107,0.4552900984745521,0.6106647225605808,False,False,False,False,pachytene,47,mid,7.044090566217422,13.8
39,2.154664082240011,88.16236640130325,184.4620321657221,67.771872198,2.529222041755286,0.7161745872417016,0.2528473804100227,0.4484146341463415,0.9982450438739032,0.0405527018313442,0.0606533482510668,2.944673210923291,87.8079694519712,0.4592665692469551,0.5638696000441084,False,False,False,False,pachytene,47,mid,7.424521115315118,13.8
539,8.017671564913938,100.10211164975394,185.07313744508255,61.93792231199999,2.4544602771639497,0.7253825178003332,0.3648388227049755,0.4046338436077782,0.9990773598296664,0.0269987896626317,0.0458874418317904,2.2926006552546565,81.8264673638836,0.4618389400449481,0.9016517734948116,False,False,False,False,pachytene,47,mid,2.9504118381830566,13.8
47,1.863156651177328,96.17324887768632,184.20500239426664,59.568686532,2.422756709449179,0.7070567850673388,0.2958826313298627,0.4348702782632074,0.9985251882325544,0.0153533675144772,0.0298353317375668,2.709654953556297,84.37558670927514,0.4618550272110447,0.6803928576392113,False,False,False,False,pachytene,47,mid,0.1627235124152132,13.8
480,7.71684936724918,92.81229784568482,186.70612889490565,55.423696806,2.365205936095109,0.6802810344097854,0.2899041173152848,0.427852793222134,0.9992957126507616,0.0390027798940599,0.0446998311197391,2.4970958397619976,83.66220316568524,0.4658195649911743,0.6775791157795983,False,False,False,False,pachytene,48,mid,4.2910051805485345,13.8
51,2.9097124167364607,104.14164890510624,186.1620195524699,58.81100023799999,2.412440729857824,0.7145706194407881,0.2312815554839402,0.4355785354946898,0.9997725722083238,0.0531770064541499,0.0914156153868817,3.2098985370233186,79.03041245517099,0.4671687278586602,0.530975556959601,False,False,False,False,pachytene,48,mid,6.062581889551028,13.8
369,6.633853269247891,90.38687357395382,191.45010689671,51.733788012,2.3115070549357006,0.6942504761041082,0.2954759168320969,0.4357111078155123,0.9994398805078416,0.0509549969362428,0.052697790803695,3.049118542230553,80.5252334887816,0.4737731713658566,0.6781463945537202,False,False,False,False,pachytene,49,mid,8.597678075683787,13.8
45,3.017876615292272,92.4992564289684,192.8659989739349,54.64020695399999,2.3540078608284563,0.7060919589576268,0.3191447041272999,0.4326614081215308,0.9983774551665244,0.0277381888541559,0.0335696811879066,3.17203168118652,78.30788264062335,0.4801203172025818,0.7376315477567505,False,False,False,False,pachytene,49,mid,7.35258092418131,13.8
380,6.660416467666017,107.19802241379344,191.45833965517244,49.115899764,2.271840470014894,0.6594708186073168,0.2842802650070267,0.4333800841514726,0.9990254466702762,0.0278190602356521,0.0291322389321173,2.871760015933565,72.92463895403392,0.4804698442235293,0.6559606114887057,False,False,False,False,pachytene,49,mid,6.397179569919801,13.8
504,7.789080530071189,96.96449401834624,193.0889862996888,57.53020545,2.3947992045599027,0.6808154943934761,0.3067658519305702,0.4618037812979049,0.9974960353893664,0.0479822931317544,0.0496182571899912,2.487338384106319,76.09208195183884,0.4823895018243566,0.6642774796438462,False,False,False,False,pachytene,50,mid,3.4695025854631827,13.8
49,1.9770711942889223,99.6099687169623,194.74557402276184,60.79083686999999,2.4392136269235336,0.7166505884622805,0.2159940209267563,0.4635707476508239,0.9996432648401826,0.0356922712316621,0.0657150165723455,2.731210276126967,73.4192005864804,0.4890795398819884,0.4659353982565135,False,False,False,False,pachytene,50,mid,1.8575086425547076,13.8
53,2.000330923347956,107.0895884644438,196.44486786446595,65.21497417799999,2.4970059226215366,0.7204776806589691,0.2865405802423797,0.4191223780723201,0.9996577920744644,0.0410432745176281,0.0541179264197473,2.74403490754909,68.52473398230568,0.492789636793535,0.6836680531358713,False,False,False,False,pachytene,51,mid,4.048124921084958,13.8
540,7.978843926578015,104.95199708349328,196.5700075527342,66.838252554,2.5175541809896376,0.7279682729091356,0.3155245496291063,0.4434266546252096,0.9990300678952472,0.0508646726772517,0.0919344310290825,2.3265286516050048,69.37859278274844,0.4941611008581357,0.711559727720455,False,False,False,False,pachytene,51,mid,2.084484933103379,13.8
330,6.001600231359004,95.51057231889028,199.5535685159292,48.66785616599999,2.2649113189849723,0.6769171446474189,0.3023522064945878,0.433984782933015,0.998518988680842,0.0738140870790747,0.094320102300656,2.993992467678209,70.9812153621521,0.496703456889002,0.6966884978113518,False,False,False,False,pachytene,51,mid,7.686581460834663,13.8
347,6.17782617504081,111.1359910605776,199.19854205834693,46.315040832,2.227808281292014,0.6576175040518639,0.2171395483497394,0.4687869822485207,0.9994461674789544,0.0663520963913819,0.0639182086979254,2.849894305658276,64.24028339812298,0.5012272922105336,0.4631944925352599,False,False,False,False,pachytene,52,mid,6.414467822640205,13.8
48,2.402821365076928,98.28478651541964,201.04374765015217,60.694659972,2.4379265917995925,0.6916982298832806,0.2257594875279045,0.4581923028707534,0.9988433957899608,0.0534537587548205,0.0651849013228531,2.977353579069816,68.39865148774649,0.5040720676477992,0.4927177652558398,False,False,False,False,pachytene,52,mid,5.884565341341374,13.8
567,8.079182387632772,101.1791292061973,202.97883220997107,64.037393622,2.4818851435015343,0.7251547675739038,0.3431097881281737,0.4110355857656937,0.997250481165796,0.0425882359349215,0.064527246208899,2.3932708026397984,65.36489218190209,0.5080550616369303,0.8347447277320647,False,False,False,False,pachytene,52,mid,4.176327553587532,13.8
481,7.768865175088861,109.21321524009936,203.7642624400277,52.31788673399999,2.3201738517135966,0.643187015199749,0.2781859410430839,0.4704699673284745,0.9977479782987,0.0655965913846566,0.0528976864730751,2.554973691016858,61.03531571729243,0.5103467534752375,0.5912937283175379,False,False,False,False,pachytene,52,mid,2.636763278298161,13.8
52,2.073241461953215,105.0390344397851,204.25258873576607,58.72655223,2.4112854845094445,0.6805272618334333,0.2791347453808022,0.4632408102025506,0.9989310968590692,0.0632732427946149,0.0755042793793942,2.723499517177702,62.48503203650288,0.5120556483265033,0.6025694179637398,False,False,False,False,pachytene,53,mid,1.3079256218100106,13.8
56,2.067784621498071,112.0740645658656,207.50476243989436,59.03150337,2.415451999248552,0.7117424995032784,0.2404983771332844,0.4205955334987593,0.9988412514484356,0.068146730897475,0.1015968762336295,2.843678463857921,56.46690216397212,0.5217415210952389,0.571804401089756,False,False,False,False,pachytene,54,mid,3.5425115640607387,13.8
394,6.621102486515091,115.1576986712253,208.5510488225224,53.490775734,2.337384154817335,0.672674648072622,0.2869016910289481,0.4316720257234727,0.9972216899789232,0.0401597465628077,0.0421990403685934,2.740909321121664,54.180415301776975,0.5255464392033371,0.6646288708380101,False,False,False,False,pachytene,54,early,5.861022361796949,13.8
541,7.908583435752849,108.1740400110988,210.5179779685246,59.16755849399999,2.417306277317941,0.698291242120287,0.3601278062725973,0.409724047306176,0.9945577126147348,0.0476619343616066,0.0482619422655906,2.441133112095852,55.45645427588058,0.5266577532499221,0.8789520865088087,False,False,False,False,pachytene,54,mid,1.2812478013319737,13.8
238,4.6065937035539,102.0185122010522,210.2343715443884,52.083308934,2.316701000271775,0.6829257307571048,0.2810457516339869,0.4295454545454545,0.9993285371702638,0.0681972773525175,0.1122904048594851,3.3251280504778182,58.396477086699576,0.5267375560812227,0.6542864059203928,False,False,False,False,pachytene,54,mid,6.696709101713716,13.8
55,1.9888449679815805,107.59211578780877,213.48504575855983,59.34349184399999,2.4196998410225627,0.7089097952407305,0.2333957942952321,0.4462248777838131,0.9993909866017052,0.0556579815977906,0.0723332250707337,2.7444497207357337,53.04030005161211,0.5349169642090761,0.5230452310377631,False,False,False,False,pachytene,55,early,3.0990282712638706,13.8
506,8.052565497614426,113.85824118606968,214.09837606093689,56.05001953199999,2.374082024010446,0.6883317987779358,0.2452619843924192,0.4822076003759903,0.9977630488815245,0.0512950371984201,0.0822409247313967,2.30637516575341,49.75533081315406,0.5373946902994893,0.5086232241075873,False,False,False,False,pachytene,55,early,2.2721427992689596,13.8
505,7.83857745629901,107.07269792043353,216.7432715835679,54.483039828,2.351748670093799,0.6764832515284596,0.3111477814448111,0.4508916688847484,0.9972980275601188,0.0724977516130057,0.0990706432603413,2.6925354132949697,50.334879176956946,0.541746204254557,0.6900721457427128,False,False,False,False,pachytene,56,early,4.987553711568599,13.8
58,2.5225172934722577,117.42013097718332,215.90847561024165,59.005699812,2.415100004489823,0.6968275423391905,0.2475579674395658,0.4386309992132179,0.9980269907663168,0.0071549520740266,0.0055651031561839,2.890466241464248,46.57291571637881,0.5455362164703405,0.5643877607456289,False,False,False,False,pachytene,56,early,4.687873209362338,13.8
542,7.921452120201306,115.10805179051675,221.0550907537266,61.902735642,2.4539953996428565,0.7298874531054607,0.282102930808742,0.4356060606060606,0.9977294619512866,0.0515797582870566,0.085758803150761,2.2804409155092045,42.95008735617028,0.5542657670348036,0.6476102063783296,False,False,False,False,pachytene,57,early,0.36254405737469275,13.8
224,4.644460074084618,107.70670876353654,222.8894944436676,50.02840740599999,2.285823480214663,0.6640408871383692,0.242440262211884,0.4640614096301465,0.9986740106079152,0.0464846886477673,0.0599581006877293,3.3205878386616234,44.5275602346096,0.5572134118296475,0.5224314221798946,False,False,False,False,pachytene,57,early,7.097784006355883,13.8
57,2.0404914004912933,115.47777439425282,224.0908434738301,62.05755699,2.456039545027558,0.7178605178605179,0.2078955746577523,0.4603429796355841,0.9997210405188648,0.0362048647471562,0.0550066430500685,2.533030891741804,40.054416132395815,0.5654926471262148,0.4516101773124166,False,False,False,False,pachytene,58,early,0.624360065190118,13.8
482,7.7633341541491,111.40997366412516,226.226681482391,57.15722674799999,2.389612674845906,0.728679307231388,0.375967528789881,0.3842081379518983,0.9984338292873924,0.0321193924808641,0.0350354765229971,2.4625179094505487,39.887350420448364,0.5666339737167488,0.9785517058385448,False,False,False,False,pachytene,58,early,5.215753734516671,13.8
381,6.654796371356464,122.66330056456344,223.0903807469647,48.613903272,2.2640740538031383,0.6522872032426172,0.2561164447197275,0.4744657230086039,0.9992533333333332,0.0418175719124834,0.0470534755216609,2.8196941024913147,37.84969890064899,0.5676140692328145,0.5397996784587178,False,False,False,False,pachytene,58,early,6.28736431734313,13.8
543,7.942752028854428,120.34480373669795,228.20417410279416,65.03669504999999,2.4947284788708743,0.6775473399458972,0.2536316580397395,0.4719239373601789,0.9968181145478764,0.0588091080494097,0.0749723882778934,2.2298795777640112,34.2410743592389,0.5754149321452867,0.5374418162776182,False,False,False,False,pachytene,59,early,1.985720568021182,13.8
122,2.762417967635483,114.38489904618082,229.5837498675237,57.54897167399999,2.395059568961836,0.705131863204663,0.2864470309725784,0.4574232789604645,0.9989057370642488,0.0532717325718885,0.0647663419069613,2.5169785696842384,35.57402143805686,0.5781162883057657,0.6262187434438296,False,False,False,False,pachytene,59,early,3.98478571668768,13.8
60,1.8124775616366928,121.49488128365527,231.5254714034504,64.032702066,2.4818245321053687,0.7380298201267539,0.296576824709817,0.4448328905048245,0.9996734587251828,0.0704934184948126,0.1213776082955366,2.42080771251844,30.749015338087638,0.5883250014565226,0.6667151441370329,False,False,False,False,pachytene,61,early,1.586699370391328,13.8
299,5.84200923160499,127.4189638338308,230.74957290252485,43.19750187,2.1766570489649424,0.6210154765137117,0.2655230477794148,0.430577446625591,0.992717086834734,0.0591567580899494,0.0451466882228319,3.1046808735925238,26.921613974385238,0.5892170877523655,0.616667337920977,False,False,False,False,pachytene,61,early,7.128644046620085,13.8
265,5.101755363611047,114.03169225410966,235.37745171357497,50.513983452,2.2931950876144405,0.6476734466425188,0.2505186209621654,0.4601291683142217,0.998469443533399,0.0238914496171383,0.0285112492286059,3.123260190976922,30.50258818286428,0.5902224527373737,0.5444528150214691,False,False,False,False,pachytene,61,early,6.808312032667384,13.8
483,7.659622710791364,119.34122153577653,236.0487055767232,51.10746528599999,2.302140955039856,0.6888970486987653,0.228720983158853,0.4973443493655946,0.9991943424939576,0.0532499440682406,0.0726343925316895,2.464866572483808,28.25051229112865,0.5943007774686738,0.4598845517207671,False,False,False,False,pachytene,61,early,2.440303491969952,13.8
450,7.71741306084681,125.85011951557873,235.8498343004977,55.78494661799999,2.3703335894239914,0.6341196753710946,0.2778653830193377,0.4718997816342949,0.9967278135845314,0.0537395922774966,0.0342380424757477,2.286184811412802,24.115262837259472,0.5979060020864426,0.5888228684002088,False,False,False,False,pachytene,62,early,2.59010550236196,13.8
59,2.5350790875452747,119.32472245760708,239.5984669865341,57.68971835399999,2.3970105001131983,0.6721018175903712,0.2227469879518072,0.4821428571428571,0.9989973262032086,0.0614220434578478,0.0596754771882968,2.489606039537876,25.589337546308247,0.6047715496410304,0.4619937527889335,False,False,False,False,pachytene,62,early,4.789607061901531,13.8
62,2.0403217245743552,125.7266121177459,238.47033006980837,57.455140554,2.39375718038057,0.7182868574694811,0.2144808743169398,0.4636231884057971,0.9997752303888514,0.0656417024748705,0.0891767624879144,2.3713739507350104,22.224026514065997,0.6077411854347964,0.4626189536689231,False,False,False,False,pachytene,63,early,0.7720083311061807,13.8
254,4.802792887029325,129.89749526673623,238.10653346233423,44.85127536,2.204086980407346,0.648744769874477,0.2408726121849214,0.4734961286480048,0.9995261786306564,0.0179511332250344,0.0212270039365192,2.791054698044128,19.75208777562975,0.6079095293832608,0.5087108375578403,False,False,False,False,pachytene,63,early,4.151081145882369,13.8
353,6.256428040624322,117.35400876888916,242.71774818429788,47.34952893,2.2442729989205845,0.6651473866732722,0.3042717447246525,0.4432608374019825,0.9992204899777284,0.0287663712523078,0.0450348006690235,2.700220267176811,24.53870255750357,0.6096475063380552,0.6864394935226725,False,False,False,False,pachytene,63,early,8.32652574260684,13.8
507,7.807402456345613,121.94162869913548,242.34631852285125,56.15323376399999,2.375538394576977,0.7139276464199181,0.2331466965285554,0.4577978971962617,0.9999215440138084,0.040068816097323,0.0644369974675078,2.224753174696726,21.798162735349276,0.6105648855095925,0.5092786532145288,False,False,False,False,pachytene,63,early,4.628734766769759,13.8
437,7.301315649867674,129.03739890715983,242.14630959151,44.2179153,2.1936628714605364,0.6722546419098143,0.2194567277321542,0.5203949498219489,0.9997861420017108,0.0724497736781305,0.1112285970147748,2.248615027268904,17.27741905587976,0.6147774824871086,0.4217118705845252,False,False,False,False,pachytene,63,early,0.8441835591545847,13.8
123,2.728061555576283,121.10475567349344,245.25513886623008,50.607814572,2.294614100437569,0.6952813571892092,0.1943627450980392,0.4838758746577426,0.9982285208148804,0.0701025951118253,0.0955808829467722,2.49116521214544,20.159517762382556,0.6189314474250324,0.4016789331262212,False,False,False,False,pachytene,64,early,7.173618831648298,13.8
134,2.917357717168619,127.4145203058469,244.113162825162,44.637809562,2.200584697268089,0.6609911188186453,0.2419506462984724,0.5330956440861881,0.99868044864746,0.016288515272214,0.0149731215631709,2.583197640958561,16.86527183241872,0.6210159543268322,0.4538597322685215,False,False,False,False,pachytene,64,early,1.672238755068524,13.8
208,3.983773122234584,132.53227943387307,243.0342235566928,44.00444950199999,2.190127143457696,0.6552588091049629,0.1707911270675727,0.4855419823720426,0.9998865698729582,0.058565409263218,0.0496143267984024,2.6343571356169537,14.308298597759904,0.6213875884538577,0.3517535728490423,False,False,False,False,pachytene,64,early,2.89037631907245,13.8
355,6.045333077917992,119.90195323020852,248.35029663330403,48.982190418,2.2697770352101587,0.6724773717733825,0.2647027201376196,0.4516742213773944,0.9992740095415888,0.035866204302342,0.0374704475090776,2.518945924648605,18.621508920044352,0.6244096986302571,0.5860478805507221,False,False,False,False,pachytene,64,early,10.11662140071612,13.8
508,7.709393402791995,124.68362738953,248.5022864102436,56.962527174,2.386896273791711,0.6666803936910596,0.2353330184222957,0.4735606622189276,0.9986107493270816,0.0388246475703755,0.0534302241083547,2.0826990687608795,15.359221903249068,0.6266494446076255,0.4969437649647955,False,False,False,False,pachytene,65,early,6.617336891239106,13.8
426,7.1643104643104,131.7643030888018,246.3204802643311,47.389407156,2.244902871518234,0.6342441342441343,0.2041146057733736,0.4920828258221681,0.9967693550248068,0.0301036554338156,0.0286947141193181,2.2525257795807185,12.353063959894655,0.6266810703109459,0.41479725579193,False,False,False,False,pachytene,65,early,0.19324444094096593,13.8
61,2.554565849605361,123.04112829247887,249.41232185707813,56.46287646,2.37989682688911,0.7464063149148317,0.1423352536180975,0.4939384010484928,0.99924341426508,0.0894696046097506,0.1270453062070255,2.2276683306048914,15.755497030547865,0.6298839616532923,0.2881639761475513,False,False,False,False,pachytene,65,early,8.452802451197508,13.8
184,3.9519919373963073,134.94983839221945,246.9934563315189,39.56858330399999,2.113913913920398,0.7667180460042684,0.1402665501420144,0.5435832274459974,1.0,0.0834522740812139,0.2002679652278991,2.471899472784421,9.903693530764777,0.6323906032550497,0.2580406146838834,False,False,False,False,pachytene,65,early,2.3382657595370904,13.8
64,2.7182772923838168,130.01044633306748,249.0418236563386,53.160021036,2.332556532738661,0.6776983496602242,0.2270899470899471,0.4901423877327491,0.9988559359324122,0.0832592543967788,0.0829802902361546,2.324985949936321,11.22783394220677,0.6343185913890725,0.4633142384203838,False,False,False,False,pachytene,65,early,2.8424730663630284,13.8
451,7.588646424665574,134.80141779594925,250.1510083485153,45.041283378,2.2071950614282154,0.6703296703296704,0.2857142857142857,0.4687203791469194,0.9997783933518004,0.0823918092480901,0.081239026613983,2.228623171616958,7.466393038183498,0.6383913648009599,0.6095623284703163,False,False,False,False,pachytene,66,early,0.32537487270338017,13.8
370,6.357807357925276,123.66023703521869,253.2868204921677,47.757694302,2.250703298051985,0.6939437103983497,0.2023809523809523,0.4901299951853635,0.999904452512899,0.0732255140176802,0.1069495787551618,2.4903918838400587,11.640782831865929,0.6387634694925134,0.4129128075591728,False,False,False,False,pachytene,66,early,10.469702542208994,13.8
509,7.620414975192041,129.62469499323524,252.50155746955144,52.00589826,2.3155526713614414,0.7164185836716284,0.2145177411294353,0.4806744075075552,0.9997506441692297,0.0261397820256803,0.0611124671673898,2.1276694125114006,8.691129073819207,0.6418214821256986,0.4462849233887359,False,False,False,False,pachytene,66,early,5.226522261570498,13.8
163,3.4707031460794284,136.9753807349843,251.2028113809285,43.46961211799999,2.1812178942521534,0.6727105930602774,0.174829931972789,0.5004122011541632,0.9991127869579682,0.0921014814927846,0.1066461092675964,2.6344147065492947,5.320744193049322,0.6435979060197994,0.3493718409933989,False,False,False,False,pachytene,66,early,1.4337951506962892,13.8
371,6.136193975018752,139.42373833945743,249.3545830271819,47.88905787,2.252765023391277,0.6321822189566495,0.2207347447073474,0.4906112664802237,0.9972432804962096,0.0972880536963056,0.0843331332816252,2.245821139633984,5.330786590159185,0.6442872952643232,0.4499178061909533,False,False,False,False,pachytene,66,early,4.501416730558208,13.8
174,3.300303461356121,126.5541627027028,254.7770645945972,49.47245802,2.2773247169319504,0.6688952110004742,0.2594909862142099,0.4725762566232278,0.9992919995954284,0.0497872791738842,0.0356876762011235,2.6864438603912277,8.712451880483682,0.6452910089161246,0.5490986535557055,False,False,False,False,pachytene,66,early,9.04825571136163,13.8
65,2.412678093902092,132.52121832449376,253.62189281048992,53.50954195799999,2.33765746515554,0.7466134759545833,0.2099507927829415,0.4994809688581315,1.0,0.0568596566526886,0.1399000474393141,2.159806128591783,6.057201165497084,0.6468050213859081,0.4203379225096646,False,False,False,False,pachytene,67,early,3.5810975569903887,13.8
425,6.945694444444455,128.10241201922983,257.0653520032059,43.91296416,2.18860833080452,0.7019764957264958,0.2257840688315292,0.5061839039254347,0.999795793342863,0.1276887130843363,0.2059859300332819,2.358523666200956,5.952851621617316,0.6487293042805569,0.4460514589274439,False,False,False,False,pachytene,67,early,9.182202050573087,13.8
510,7.72101205246406,134.00462205335094,255.8212471419741,52.93951790399999,2.3293269829465717,0.7156593406593407,0.272366481460483,0.4791958859280037,0.9992622346093942,0.0479584035012441,0.0830642785487701,2.10703008519114,3.407654948957667,0.6520601356033608,0.5683823452136324,False,False,False,False,pachytene,67,early,3.7135775352033678,13.8
135,3.3553905817173133,141.15549000000098,252.4597380000027,42.34129289999999,2.162179947450726,0.7710249307479224,0.1957579295582798,0.4582627631260585,1.0,0.0838699291996564,0.1667136326749514,2.4403624807447715,1.8075378030694165,0.6521780874981858,0.4271739825049475,False,False,False,False,pachytene,67,early,4.0242697895646,13.8
357,6.517354544442904,143.12054033819246,251.39210089553652,42.172396884,2.159301195641976,0.611858938702859,0.272442915233031,0.4879621668099742,0.998019521855991,0.1054989216437839,0.1055930313092826,2.12349516203972,1.4829593751969048,0.6544020816117856,0.55832794786963,False,False,False,False,pachytene,67,early,6.23694253143564,13.8
484,7.614566316609014,139.93594224037207,255.1188474329093,48.24796190399999,2.258378797027295,0.6805231427460132,0.2837366470459995,0.497336782833663,0.9997039960532808,0.0518678731462118,0.0785466411188982,2.137978640366501,0.4115814177850999,0.6554418185132682,0.5705120892715003,False,False,False,False,pachytene,68,early,1.4533817164325287,13.8
124,2.7699336373076684,136.47182168299508,257.39205964968147,51.96132847799999,2.3148909952977457,0.6658390140399981,0.2117145899893503,0.5206700891650905,0.9997275699237196,0.0494537281214602,0.0490043874589782,2.214045064765467,0.670844639922503,0.6585115759489486,0.4066194590298835,False,False,False,False,pachytene,68,early,2.681882192941448,13.8
193,3.528316711997405,144.83021075854165,250.08983581142064,46.57307641199999,2.231937893906742,0.6804170444242974,0.2522979024275277,0.4937746256895193,0.9992799835424808,0.0910338580815539,0.1072836095540289,2.4157969988513104,1.499301455914505,0.6587196684255847,0.5109576096082551,False,False,False,False,pachytene,68,early,8.386035417264974,13.8
225,4.0208329269480885,131.14943567248557,259.6614077391982,48.102523668,2.256107300646628,0.6950648590656393,0.1964790542277049,0.4954421877498801,1.0,0.0469523320797718,0.0648196645392664,2.8703766668122395,2.04792893971755,0.660560951154496,0.3965731201051772,False,False,False,False,pachytene,68,early,8.30161282950392,13.8
383,6.443817615406153,146.87808557349305,248.76060360237773,41.41471059,2.1462913428880603,0.6883035967148117,0.187149187592319,0.5146283845175359,0.9992298382660358,0.0681740185887121,0.0885099072815972,2.292690996444303,1.3343389346618504,0.6621487623878178,0.3636588910030126,False,False,False,False,pachytene,68,early,10.821900128173871,13.8
438,7.4615516551368355,145.70096631410536,253.61925695500796,41.03000299799999,2.139624915214025,0.6380424218169345,0.1669736842105262,0.5626283367556468,0.9997553217518964,0.0509089587214641,0.0375719736942944,1.913752924421952,-1.8469084567288587,0.6626724626602319,0.2967743949289281,False,False,False,True,post,68,pre,7.206200377819316,13.8
67,2.557470283796806,144.35753122334145,256.0596159187802,41.24581457399999,2.143369724380599,0.7266109310129102,0.0746871992300288,0.5918452257125026,1.0,0.0522582990405687,0.1040569036945982,2.1291843672282544,-2.993527101861754,0.6638327538424492,0.1261938020030751,False,False,False,False,pachytene,68,pre,5.343878687797608,13.8
427,7.285631959367188,135.03345514260752,260.7920858028896,48.03215032799999,2.255006545543792,0.6248779058409846,0.2050300144897536,0.5335242806926181,0.9988898756660746,0.1575360886415038,0.1568486635070087,2.341817171989221,-1.186649643094979,0.6642190739731346,0.3842936899208877,False,False,False,False,pachytene,68,pre,5.991000861993681,13.8
485,7.368706706869606,142.21406424496746,259.8289189145124,57.570083676,2.3953524112661437,0.7327846141308777,0.2254635644265974,0.4745349191826776,0.999081596608972,0.1165542732757159,0.1641391735992312,1.9294224906292736,-4.72350406430604,0.6679420754052785,0.4751253391740443,False,False,False,False,pachytene,69,pre,4.744950826889843,13.8
147,3.3681914710438883,148.9627432933488,249.67416608505644,40.870490094,2.136848564528852,0.6732480055099581,0.1771932360167654,0.5703495520815036,1.0,0.0990883765411391,0.1407466544249566,2.403052734603647,-0.6471325631315485,0.6686391888621996,0.3106748052489823,False,False,False,False,pachytene,69,pre,11.959316561678866,13.8
226,4.126226513570063,136.8449916231758,261.81366026226004,35.956085184,2.047518952627946,0.6797364300626305,0.1879239040529363,0.5371766143817478,0.9993661257606492,0.0558628737480422,0.0760027824713595,2.623615998323077,-3.090701780487817,0.6692860760229179,0.3498363462252046,False,False,False,False,pachytene,69,pre,5.908550119647857,13.8
66,2.403495183230949,140.75667168030202,259.7816117151549,48.456736146,2.26163152776873,0.6336834971196205,0.1659869943789265,0.5238535747323907,0.999461555029076,0.064375846784124,0.042791677365128,2.2215718828397115,-3.8113986473196326,0.6698246597274334,0.3168576151527085,False,False,False,False,pachytene,69,pre,3.8728263828450493,13.8
512,7.69823360769496,149.64770906778995,252.0346672847471,50.729795028,2.296456197335521,0.6845926199944512,0.2806369964142585,0.4814543322093534,0.9986821048667984,0.1019509610340406,0.1529809363244109,1.9979574279494967,-2.946647209926513,0.6703063140986922,0.5828943217240127,False,False,False,False,pachytene,69,pre,11.459156884780018,13.8
300,5.743351108616626,150.4522202189183,245.71571486388095,41.79003507,2.152755506434315,0.7080550098231827,0.1597738287560581,0.4939434724091521,0.999165623696287,0.0434915492773373,0.0722540732613509,2.3916126363072614,1.6264936617623698,0.6734782072143788,0.323465816800412,False,False,False,False,pachytene,69,off_axis,15.508095974367935,13.8
68,2.4528898480015595,148.41142197410605,256.1417139801109,50.00260384799999,2.285430420049303,0.7252298742728467,0.1688661841918547,0.5024756701382961,0.9997536743575006,0.0489060486214985,0.062195391052226,2.1499003370336798,-5.491046178436556,0.6735126671497352,0.3360683794806976,False,False,False,False,pachytene,69,pre,9.393114105588712,13.8
356,6.1627713800262365,141.56239824429056,263.06525935434826,37.276758198,2.072286713037351,0.6608142974010447,0.2544951590594744,0.4953617810760667,0.9987741759738492,0.0527009986512044,0.0607704392854189,2.399528777238262,-6.9219576084581025,0.6751069188192279,0.5137561450676281,False,False,False,False,pachytene,70,pre,7.208488925565082,13.8
511,7.752342503051773,148.69802512440165,258.6984805276537,49.969762956,2.2849299660357327,0.7607266923293587,0.3095367109184502,0.4153423582499509,0.9998386836586546,0.0473235846075029,0.0998150315678012,1.9389310468634668,-7.708623008253209,0.6767641666181337,0.7452567858060184,False,False,False,False,pachytene,70,pre,9.966009227819196,13.8
486,7.49292485673015,153.2396450323971,249.355167077284,43.798021038,2.1866970859014714,0.759948583364576,0.1312269819732506,0.5626952253458277,0.9996598928662528,0.1110172866230028,0.2339339980754115,1.858831039443167,-2.957515788809342,0.6776011328336075,0.2332114723251822,False,False,False,True,post,70,off_axis,15.8337362138165,13.8
164,3.3357941716985526,144.7954054134976,262.00981753216035,44.67534201,2.20120129108976,0.6138619060120767,0.1917793164083965,0.5431057927658417,0.9980273702379484,0.1644658864335204,0.1433577805184821,2.5265645731831903,-8.016910654539904,0.678192104053509,0.3531159471375433,False,False,False,False,pachytene,70,pre,8.107362779568751,13.8
148,3.3043720930232108,152.78616096743858,247.7735287069777,37.82567025,2.0824088827624507,0.7241550387596899,0.1082598235765838,0.5798111510791367,0.9997883821817796,0.0767722251459892,0.1335757676426337,2.272305821666829,-1.4200240418210124,0.6782884108738847,0.1867156631518591,False,False,False,False,pachytene,70,off_axis,16.203374936842124,13.8
358,6.402052839355998,146.99111395080553,262.0793632128781,38.62323477,2.096943254805231,0.6474946856969329,0.1707386769538506,0.5203308063404548,0.9992105263157894,0.1316092805532008,0.118962495709137,2.4130471781598906,-9.389707178403057,0.6807537636154897,0.3281348612715725,False,False,False,False,pachytene,70,pre,9.83406946460009,13.8
70,2.986591961023268,150.50782099878444,260.6656210962235,48.14709344999999,2.256803890363972,0.6875030450669914,0.2032298136645962,0.4766136576239476,0.999904104334484,0.1009083500014735,0.1082179568537853,2.672728809712048,-10.368171590405506,0.6821989967347588,0.4264036718497613,False,False,False,False,pachytene,70,pre,12.28228211742652,13.8
69,2.435969176052111,152.10813962062903,254.9289235625365,39.57327486,2.1139974579237237,0.7356253704801423,0.1783345615327929,0.4338565022421524,1.0,0.0886558730966806,0.1313431960233558,2.169904715157949,-6.738274682015148,0.6827977117744347,0.4110450358843703,False,False,False,False,pachytene,70,pre,13.161857482283619,13.8
568,7.850104935872716,153.88488004663628,255.75637219587617,30.17843397,1.9313872646338328,0.6387874076952973,0.1976864640883977,0.4497525285130191,0.966202024059576,0.2308367963238682,0.2004350542553526,1.5828896723765469,-8.46613482377009,0.6837701585915742,0.4395449754156862,False,False,False,False,pachytene,70,off_axis,14.875561673512253,13.8
414,7.175866995713738,154.2096205351297,243.82879190803573,36.120289644,2.0506310937506416,0.6730744252500325,0.1758349705304518,0.5458879618593564,0.999739175795514,0.1387764003637261,0.1730297248382631,2.1645830086200326,0.8822316220488603,0.6840789557990747,0.3221081665394085,False,False,False,False,pachytene,70,off_axis,19.646285118643785,13.8
194,3.83992740471864,153.72597801723822,242.33862640086065,41.36075769599999,2.1453589129251,0.7329287658802177,0.2167332002661344,0.4913994478657889,0.9998011335388288,0.0864779690053983,0.1644221301561194,2.436879700666712,2.3646279353536346,0.6855873789523259,0.4410529991586979,False,False,False,False,pachytene,71,off_axis,20.15324122540961,13.8
359,6.402904318829405,152.6317630290944,260.2666846501337,43.615050354,2.1836477859288617,0.6875168074006346,0.2575079872204473,0.4590361445783132,0.9971248479486896,0.1704957715512335,0.2323247458791116,2.317359276082089,-11.323087931665466,0.6873713348436303,0.5609754052308957,False,False,False,False,pachytene,71,off_axis,14.17238203294781,13.8
569,7.942865718230329,157.23326070592398,247.47645416891743,39.078315702,2.105146911547445,0.7131880665105949,0.171780204541515,0.5598576810380913,1.0,0.0612196088764114,0.1010113382135543,1.8805829052574108,-3.8500466242285523,0.6881885319675753,0.306828342915648,False,False,False,True,post,71,off_axis,20.24675698496952,13.8
72,2.900152607483084,156.85163145292884,245.04182088617557,44.57681933399999,2.199581994720813,0.7138346576856286,0.0877369568864284,0.5546156675248253,1.0,0.122216263612571,0.178928353084239,2.297764261469901,-1.6731838271458679,0.6900173182166823,0.1581941550226784,False,False,False,False,pachytene,71,off_axis,21.098919507799117,13.8
71,2.6250940057510097,156.05877886529996,252.33723931652528,42.421049352,2.163536697367759,0.6838641893386419,0.1941076966450521,0.5270246632849397,0.9997839005942734,0.0755858662214709,0.1076228300509284,2.2497730698603804,-7.0345817743635575,0.6917884029042097,0.3683085634649063,False,False,False,False,pachytene,71,off_axis,17.498067547087135,13.8
209,4.075876504447908,155.89790667190078,258.52201758241915,8.965563516,1.2887331325497775,0.6049188906331764,0.1802388707926167,0.3019867549668874,0.909382518043304,0.3788601588518355,0.2226526846355917,1.5750623342289962,-11.886474637774647,0.6926566117007203,0.5968436291597614,False,False,False,False,pachytene,71,off_axis,17.020946362017472,13.8
428,7.119009655416458,158.1933898086653,243.11990613871785,52.96297568399999,2.329670977839328,0.7861635220125787,0.1433640880056778,0.5834714167357083,0.999934576382074,0.1414169919550486,0.3069178900198993,1.7227638353442674,-0.9403628096464112,0.6937366208931282,0.2457088451868698,False,False,False,True,post,71,off_axis,23.27791560045032,13.8
453,7.616260075801861,158.7867220039466,253.54860341109708,43.943459274,2.1891148358748604,0.6812042918913148,0.2386537480877103,0.5040187541862022,0.996952546800174,0.1564858627484041,0.2142713382544082,1.7013286024172207,-9.640213865571532,0.6941990978154563,0.4735017221195369,False,False,False,False,pachytene,72,off_axis,19.960058562897288,13.8
266,6.107333333333349,157.87366704838493,257.5491441451615,43.6314708,2.183921788988086,0.7147311827956989,0.2697495183044316,0.4059555220505088,0.9955602536997886,0.1237601604027125,0.1883699489191797,2.105489701487977,-12.293297487419252,0.6950050162119623,0.6644804754518636,False,False,False,False,pachytene,72,off_axis,18.893690917894794,13.8
332,5.767593480345232,156.72564757430746,239.278089223388,36.69969681,2.0615377367370518,0.7454777884308086,0.1205830388692579,0.5720743345052738,1.0,0.1007251416956729,0.2050051457699095,2.2258662471879247,3.013910860802038,0.6968017106905797,0.2107821162323902,False,False,False,False,pachytene,72,off_axis,24.38919884429833,13.8
185,2.615641609719063,156.96144316628715,258.3753064920282,6.178779251999999,1.1383383224898938,0.6788154897494305,0.1028632025450689,0.3853427895981087,0.9822380106571936,0.208279810607172,0.2120897349685118,2.4592363100934325,-12.407082501905906,0.6969820326184735,0.2669394765433385,False,False,False,False,pachytene,72,off_axis,18.058783670703985,13.8
175,3.342616854510998,159.29649285427766,255.0744563819456,41.001853662,2.139135494503817,0.7139996567309342,0.1981071543150465,0.5117023404680936,0.9990496304118268,0.0778555289304007,0.1299851857522643,2.4093114778243034,-11.166837227570914,0.7006569115452965,0.3871531135343697,False,False,False,False,pachytene,72,off_axis,20.31471243641043,13.8
73,2.681639589422883,159.09950233838498,238.90615589014675,34.508740157999995,2.0196688396139524,0.646319080959826,0.042686292548298,0.6559677109359985,0.9997336529497935,0.031964757968023,0.0190374294161167,1.583230412974126,1.8874727967916016,0.7010535057747385,0.0650737709137986,False,False,False,True,post,72,off_axis,26.51161683641437,13.8
456,7.384710363851207,161.82661706292055,250.26550239721016,35.716815827999994,2.0429671104667606,0.6997241560488638,0.1460590212924916,0.5542432195975503,1.0,0.0867719164146342,0.1501526778482558,1.8258573390514576,-8.836989552653517,0.7010822286102274,0.2635287471780866,False,False,False,True,post,72,off_axis,23.596582868646177,13.8
75,2.5130597198330005,161.5876456131765,246.162663509462,47.72485341,2.250187276119276,0.6838043745391988,0.0750539180445722,0.5666096688947614,1.0,0.1213302438157393,0.1517734274817252,2.1657304158077317,-5.41098457363977,0.701668830477759,0.1324614142059625,False,False,False,False,pachytene,72,off_axis,24.748133527681215,13.8
74,2.6979453921195558,159.67352655185755,250.0419173960381,43.042680522,2.174053531280069,0.6853234508692572,0.1437045825300311,0.5493591963976446,1.0,0.0649806231015321,0.0997730452836641,2.255092185819735,-7.366512828733189,0.7020088087615816,0.2615858321337956,False,False,False,False,pachytene,72,off_axis,21.58662734681945,13.8
372,6.068258706467854,162.3621117661709,253.73078072138975,28.29008268,1.8902323975867683,0.6418739635157545,0.0806726266496381,0.6369529983792545,0.996138996138996,0.0394427285343351,0.0546345632146506,1.769077167461938,-11.930764218250406,0.7035074350703143,0.1266539711013403,False,False,False,True,post,72,off_axis,23.4852770513175,13.8
454,7.319724698889179,160.18815966682263,237.8525832942265,29.993117508,1.9274257934976329,0.6897387767871109,0.0739962651727357,0.6062515754978574,1.0,0.0554143893047067,0.0821176307804466,1.5706418505300086,2.077368859696608,0.7042558485660358,0.1220553779377308,False,False,False,True,post,73,off_axis,28.014656915363805,13.8
545,7.763628312052577,162.82548103181227,242.8823453539005,31.782946121999995,1.965026964044096,0.7148129013211307,0.0780243378668575,0.6343167701863354,1.0,0.0567291942941729,0.0934780778830462,1.4866375586115104,-3.528973923479338,0.7049121435209648,0.1230053208965882,False,False,False,True,post,73,off_axis,27.336266927724658,13.8
76,2.152565343659297,162.7414127840134,241.4282853254441,41.194207458,2.1424754171108837,0.6993337509253459,0.0799790904338735,0.6257575757575757,1.0,0.0465585085048136,0.0726646761993727,2.0375239389164004,-2.3151604796189114,0.7066042761559297,0.1278116215166017,False,False,False,False,pachytene,73,off_axis,28.008366436083637,13.8
195,3.315699735948763,163.01213051678587,251.1091515729929,31.09328739,1.9507098513727743,0.6461712561297623,0.0949440370513315,0.6266524520255864,0.9995466908431552,0.097988678289828,0.1011432996251749,2.1866524788656414,-10.223148578398408,0.7097206535109236,0.1515098787923597,False,False,False,False,pachytene,73,off_axis,24.5514819932266,13.8
255,4.897342512399176,160.0415054852295,234.9812974683601,31.689115002,1.963091309367988,0.704197201865423,0.0899567296743338,0.6213713713713713,1.0,0.0255098094480294,0.043881127687819,1.8241394131368032,4.462638214837278,0.7099199305713484,0.1447712814251462,False,False,False,True,post,73,off_axis,29.619736304748237,13.8
290,5.854614759732594,165.24588330312864,251.05825420233668,37.539485334,2.0771438221906764,0.5798287821033556,0.1517598082502838,0.5612730517549078,0.9952099632763852,0.1179607137589072,0.0971044924418417,2.264822040251721,-11.522401333102659,0.7102201667774393,0.2703849895799968,False,False,False,False,pachytene,73,off_axis,26.74851255431876,13.8
489,7.278545261481552,165.1351442580292,247.5077045128752,44.18272862999999,2.193080843608474,0.7253517387841784,0.1589985368232808,0.5520974289580515,1.0,0.0811098520201551,0.1100893066445074,1.7932514097403154,-8.615202521536181,0.7113645437181102,0.2879899968441287,False,False,False,True,post,73,off_axis,27.561881491837134,13.8
80,2.6288967323237595,165.6227966526244,247.8848157007885,41.205936348,2.142678734320682,0.7246954343618354,0.0678488820354664,0.5727874276261373,1.0,0.1045458407686843,0.1750735403956836,2.284707126615736,-9.209457568311489,0.7121428397019868,0.1184538604778035,False,False,False,False,pachytene,73,off_axis,27.908083486734586,13.8
125,2.776904432132876,163.57472499999903,236.3363375000008,40.647641184,2.1329577173112804,0.7108148661126501,0.100359066427289,0.5619636799042107,1.0,0.0420851672967884,0.0680066851203033,1.982561376082336,1.2589858287221811,0.7133714566617098,0.1785863927085034,False,False,False,False,pachytene,74,off_axis,31.633783229682265,13.8
490,7.701560169782755,164.42028474245623,238.54088177124737,40.896293652,2.1372981692515656,0.7341975450269589,0.1354477611940299,0.5770392749244713,1.0,0.0903411712151337,0.1624747626370553,1.7645785563809293,-1.0120853260200553,0.7145291207827627,0.2347288426975073,False,False,False,True,post,74,off_axis,31.004378884116,13.8
440,7.308723439121951,167.07545768285493,244.21376099852247,42.944157846,2.172393495213917,0.7573059485442727,0.0677717163239614,0.6416835471528247,1.0,0.1627062481575824,0.3179101021346891,1.5973921587262558,-7.143690232621815,0.7155961835732008,0.1056154807531955,False,False,False,True,post,74,off_axis,30.556009696217842,13.8
429,7.538907249841564,163.95439597777937,234.5589897194327,33.359308938,1.9969911735364505,0.747345475001758,0.0596702433917822,0.6225994990258836,1.0,0.1465494307969693,0.2657949179605377,1.7797139530608983,2.453273286719934,0.7162076302414131,0.0958404937446015,False,False,False,True,post,74,off_axis,33.00374405106671,13.8
84,2.585326514555503,167.6276801337574,244.93058981116403,35.777806056,2.0441293097562934,0.6944662995017047,0.0538071065989848,0.5817596566523605,0.9995228438506502,0.0637630302029177,0.0886681935934222,2.3061174063943835,-8.048484936545385,0.7163813735918121,0.0924902680749794,False,False,False,False,pachytene,74,off_axis,30.791525247784293,13.8
82,2.4238272345530048,166.9673703599312,240.32673691061584,39.10411926,2.1056101550613784,0.6775644871025794,0.0412058508740634,0.6288372093023256,0.9998898557109814,0.0632852601256582,0.0901786877079939,1.942287356716343,-3.968871397984246,0.7170467094716004,0.0655270557538731,False,False,False,True,post,74,off_axis,32.199999600643146,13.8
318,5.850117666152747,168.06197540371898,247.76727760286107,28.907022294,1.9038742031598532,0.6583624117503855,0.0650677326226959,0.6294536817102138,1.0,0.0574642829809665,0.0805466641924511,2.0966448678481435,-10.578621729046056,0.7175260255430601,0.1033717563553018,False,False,False,False,pachytene,74,off_axis,30.275161366254334,13.8
516,7.770489025799185,169.158678321139,239.5578234963401,30.45992733,1.9373737802975053,0.6543704274162495,0.1016813450760608,0.6541889483065954,1.0,0.0969704034375925,0.1190322899094921,1.7066912056488823,-4.668183073393949,0.721982367888058,0.1554311569146325,False,False,False,True,post,74,off_axis,34.486381255286005,13.8
385,6.3519927808694,163.89739879680928,231.2498594149493,31.194155844,1.9528169803122275,0.7086779966912318,0.1481970096745822,0.6006711409395973,1.0,0.1663767482780505,0.2580344737872824,1.896188157198173,5.135075726508495,0.7224766067454549,0.2467190440392487,False,False,False,True,post,74,off_axis,34.94320988593803,13.8
256,5.593904671903822,170.0676202527889,244.8433747622642,39.716367318,2.116542384399396,0.7442560982812592,0.0822382365409071,0.5956120092378753,0.999809795530195,0.0522164842277858,0.0874803958831251,1.7523370392229225,-9.442367075697142,0.7235517922229854,0.1380735029942333,False,False,False,True,post,75,off_axis,33.10087083762029,13.8
150,2.8117961466748027,164.73576943442995,231.22885303293637,37.74356802,2.0809011389399834,0.6960223741454319,0.1015797207935341,0.5998773257002658,1.0,0.1215133263418909,0.174301833378741,1.8960687879189169,4.6489640985751155,0.7251013916369949,0.1693341562376195,False,False,False,True,post,75,off_axis,35.62658538981398,13.8
91,2.820825525991666,170.95540853899834,241.83657285722217,43.816787262,2.1870093541031284,0.6213394721344826,0.1425627348769548,0.55733069418917,0.9990403071017274,0.0388107630554169,0.0176131035716477,2.031950402724992,-7.569209814828549,0.727239977430071,0.2557955920306193,False,False,False,False,pachytene,75,off_axis,35.06622278422472,13.8
86,2.1688609637999123,168.86881639382057,233.7526274152644,40.694556744,2.133778022644558,0.7187572054415494,0.0562862669245648,0.6279975404796064,1.0,0.0863720028966201,0.1388412509036027,1.644845561465316,0.15039355385846312,0.7275049801781543,0.0896281645969164,False,False,False,True,post,75,off_axis,37.41945386118352,13.8
514,7.651017313281703,167.0283472576796,230.8192096992308,37.124282628,2.0694573817515223,0.7351826108934665,0.103721129170231,0.6062992125984252,1.0,0.1057085448809245,0.2185465871217935,1.6704340363159396,3.601453643827745,0.7277638582411812,0.1710725117483031,False,False,False,True,post,75,off_axis,37.70659562625524,13.8
153,2.950245593759101,170.58737912452924,237.4476639482776,32.474950631999995,1.979186090298116,0.7159058075700664,0.1075561606535058,0.5860666158148996,1.0,0.1616278259691272,0.2523868829143607,2.09751109620157,-3.8369034692182673,0.7281563973333007,0.1835220736877389,False,False,False,False,pachytene,75,off_axis,36.77858742313119,13.8
491,7.074595662801177,169.57417889645933,234.47265398617503,45.106965162,2.208267426499846,0.7636902595038744,0.0978757196744093,0.6126760563380281,1.0,0.1325955098259581,0.2629462290001761,1.5657945712460724,-0.8488247419760511,0.7296666575378329,0.1597511746409899,False,False,False,True,post,75,off_axis,37.561474623404145,13.8
306,6.160260997684568,172.5255700273642,240.9486787623705,33.434373834,1.9984879235417516,0.7363362099207185,0.0905130687318489,0.6314529004789782,1.0,0.1418860028516681,0.2482183429383582,2.0036715106152245,-7.800714857516553,0.7310042386237402,0.1433409659900077,False,False,False,False,pachytene,75,off_axis,36.86327087290283,13.8
403,6.465828888726886,172.08401573025566,237.2355375465736,32.106663485999995,1.971675873871272,0.6446262877182728,0.1164396003633061,0.6225328947368421,0.9997046226554424,0.0797872029463225,0.0904702303812462,1.619775946931595,-4.56497951206263,0.7314243090798805,0.1870416830142407,False,False,False,True,post,75,off_axis,38.17650905133725,13.8
333,5.977798165137497,165.9849943250356,227.5577883224108,35.79657228,2.044486643792024,0.7229357798165137,0.088006902502157,0.5761589403973509,1.0,0.0730304485354062,0.1275430106476496,1.913387308184605,6.836775961947733,0.7326381221912951,0.1527476123888013,False,False,False,True,post,76,off_axis,38.82826591520387,13.8
88,2.4729660424274047,167.6773495687388,228.98919515890515,90.563451246,2.7858311172447383,0.8585230657652757,0.0160331471806881,0.6321860124496521,1.0,0.1884479308131328,0.7736056599314862,1.2007503178025452,4.676313909162463,0.7339617225077281,0.0253614392994262,False,False,False,True,post,76,off_axis,39.323640037385665,13.8
213,3.711829062339431,174.27785659006008,237.4005263014878,31.947150581999995,1.9684052128905936,0.6794184595051032,0.1145812208476982,0.6154374713696747,0.9998615916955016,0.1457495388813603,0.1963317868398184,2.009380956769286,-6.01301897260428,0.7371500998999458,0.1861784928251026,False,False,False,False,pachytene,76,off_axis,40.01328449845048,13.8
90,2.170282086602384,170.57943374258446,229.93243894113212,39.167455266,2.10674634398596,0.7598370964843983,0.0311669485382942,0.6296758104738155,1.0,0.0901665124082746,0.194486317786258,1.7318695241309812,2.1807398561895583,0.7374942489012386,0.049496817282598,False,False,False,True,post,76,off_axis,41.07974696206983,13.8
97,2.288002417648915,173.6536530009097,233.47484190389667,38.81089701,2.1003339723910863,0.7191900876397703,0.0719137035557331,0.5817907877744296,0.9995880111236995,0.0786614071451371,0.1285493119062173,1.902599356743868,-2.4976623845264307,0.7389468730617361,0.1236074978616115,False,False,False,True,post,76,off_axis,41.48965134371915,13.8
348,6.241411631044317,174.37192054250235,234.65720820848512,33.035591573999994,1.990510592233533,0.7206561102037918,0.0891410048622366,0.6456532791052364,1.0,0.0986362384433511,0.1636361506527589,1.7020260334662127,-3.874536778649375,0.7396682429320712,0.1380632728850547,False,False,False,True,post,76,off_axis,41.46124496739001,13.8
493,7.444840436343679,172.5036946812149,231.38614565349744,34.621337502,2.02186309009596,0.7241005488176706,0.0920847268673356,0.6046168958742633,1.0,0.1079421375163511,0.1957418559221363,1.6257731536915223,-0.13667889755684767,0.7398606892003562,0.1523026026822869,False,False,False,True,post,76,off_axis,41.74751372330361,13.8
520,7.688740431454375,170.13933768266986,226.7057541127304,33.708829859999994,2.0039414230807773,0.7213639526791928,0.0774193548387096,0.6426073926073926,1.0,0.0671673175027263,0.110471653968711,1.496797847445063,5.026390208611997,0.7400724520932555,0.1204769128543309,False,False,False,True,post,76,off_axis,42.66324107179937,13.8
211,4.2111999999999234,167.4852959529414,223.61490952941705,29.9086695,1.9256151528889105,0.6999215686274509,0.1262845398492806,0.5823314166231051,0.9998571020291512,0.0702155865133205,0.114115178707219,1.8966614491974272,9.091449317416744,0.7435531980134908,0.2168602555939622,False,False,False,True,post,77,off_axis,42.39388594699004,13.8
442,7.063476210292819,168.5902674781533,222.52544769038568,33.821427203999995,2.006170193357114,0.6914967401858787,0.1339563862928349,0.554181654676259,1.0,0.0726022605653887,0.1229104301859259,1.9209660273624365,9.300273603598308,0.7464078949463704,0.2417192723044745,False,False,False,True,post,77,off_axis,43.93150800319744,13.8
94,2.296579344757337,172.67463350403855,225.63712339964272,35.728544717999995,2.0431907130242526,0.7124942551375484,0.0631151048352588,0.6375884905229504,1.0,0.0769142041672129,0.1231191484125429,1.6117725187702725,4.360530005271187,0.748328591642263,0.0989903452985667,False,False,False,True,post,77,off_axis,45.332759135497525,13.8
431,7.127077621993987,174.735598825097,227.8454878984888,29.948547726,1.926470601758829,0.6872405420224015,0.1325222680860308,0.5434510393188079,0.9971552627638868,0.0691945498553405,0.0979274845801418,1.4164694317060778,1.357309304115444,0.7498780197797755,0.2438531873122217,False,False,False,True,post,77,off_axis,45.65697701674232,13.8
320,5.377727244015182,176.44739361379197,230.97475046427587,37.136011518,2.0696752973631147,0.723580317099362,0.1433046202036022,0.5770109689213894,1.0,0.1052343713159762,0.1845578774680028,2.0520394178150143,-2.1732561388590423,0.7499646625590322,0.2483568388162231,False,False,False,False,pachytene,77,off_axis,45.20167548609055,13.8
106,2.466585330845433,175.89547531218597,228.4997092722868,32.686070652,1.9834657333418344,0.6396583895507393,0.04032874617737,0.6403106950806612,0.9997069597069596,0.0663039557593071,0.0797533012932002,1.565074990809873,0.13808909925155727,0.7506528142658924,0.0629830900642534,False,False,False,True,post,77,off_axis,46.19253388887417,13.8
92,2.4970055161543385,171.16230401890897,221.41136333726976,35.721507384,2.04305655736313,0.6613475177304964,0.0657608695652174,0.6486329261198371,1.0,0.0291184810167401,0.0379149268199797,1.7104338546205895,8.64874064126199,0.7545712093985877,0.1013837980113083,False,False,False,True,post,78,off_axis,46.65768861200335,13.8
496,7.600976598489013,175.41204524599002,223.04012824765255,25.461074412,1.8249993143076733,0.6829740187949143,0.0546703296703297,0.6503923278116827,1.0,0.0676341519040415,0.0885668111315072,1.3784858692045427,4.796258564191104,0.7553994356179202,0.0840574639837374,False,False,False,True,post,78,off_axis,49.08081829823439,13.8
196,3.67485506686257,168.7396541392923,218.57941124681165,30.347329986,1.93498361822196,0.6612815954239777,0.0646744930629669,0.6236878137836604,1.0,0.0231737137404094,0.0421334985451751,2.045656283885247,12.367855253743791,0.7560037522860104,0.1036969003300113,False,False,False,False,pachytene,78,off_axis,46.41816495746985,13.8
553,7.793341082697153,172.35777748256515,220.03382216871668,28.252550232,1.889396103971324,0.6945366987711723,0.0784068136272545,0.6431095406360424,1.0,0.1086338083083981,0.1623500287371386,1.5424956997957229,9.033765143196494,0.7573273960195549,0.121918287123698,False,False,False,True,post,78,off_axis,48.44053257777119,13.8
307,5.372727272727331,177.54388260429403,226.2868230308212,30.138555744,1.9305361684715048,0.6530977584059776,0.0975906053857056,0.6389948395781916,0.9993857493857494,0.1002205703392369,0.1219290258053341,1.6688663252763525,0.919762869470921,0.7576719436086895,0.1527251854649192,False,False,False,True,post,78,off_axis,48.83887064660053,13.8
402,6.884216309551876,169.6420091123136,216.93163209324493,29.887557498,1.9251619603203052,0.6231065065536456,0.1009174311926605,0.6076634735526864,0.9993121238177128,0.0284302193827955,0.039238120744681,1.7115775734610592,12.936000154607303,0.7599983253257995,0.1660745389263727,False,False,False,True,post,78,off_axis,48.12904979516827,13.8
109,2.719576719576792,177.28897821869154,224.06139885362003,31.921347024,1.9678751130426568,0.6435185185185186,0.0227639000805801,0.6258503401360545,0.9995551601423488,0.0839933503414094,0.078104778248564,1.7128739950963716,2.8532197315133563,0.7600089215369966,0.0363727533896226,False,False,False,True,post,78,off_axis,49.96990273142039,13.8
101,2.2604123848041446,175.05580263210163,220.6188038387569,35.381369574,2.0365512496857074,0.6940926871312073,0.1181192660550458,0.5749891634156914,1.0,0.0776175637613324,0.1270961481013103,1.6018170369890374,6.947244184420374,0.7615850462025084,0.2054286820874412,False,False,False,True,post,79,off_axis,50.24828630834469,13.8
375,6.335698603670878,178.2077118204975,221.4859782295579,26.711374086,1.8543962487472367,0.6689206990427681,0.0498991935483871,0.6458885941644562,0.9995042961004628,0.1572420017076475,0.2155957287435363,1.5192530795501151,4.36266859326791,0.763608548037674,0.0772566569517123,False,False,False,True,post,79,off_axis,52.24990864274604,13.8
229,4.105951811073961,169.99493456198945,214.54944569172036,29.401981452,1.9146790998283143,0.6427317695867241,0.0746021905352345,0.6496203662349264,0.9998417220639444,0.1473774638436054,0.1626656467998286,1.710447919755972,12.936000154607303,0.7661295376911759,0.1148396731580543,False,False,False,True,post,79,off_axis,49.87631089566625,13.8
93,2.618710201869572,172.66330185611932,216.56855617125368,34.628374836,2.02200007269056,0.674027909497358,0.0701449275362319,0.5812551953449709,1.0,0.0555988910989448,0.0809247818553497,1.8324111393498443,11.62302252837303,0.7666745825869149,0.1206783665728809,False,False,False,True,post,79,off_axis,50.76371138477631,13.8
525,7.674373107677952,175.8902645757291,218.1729185622287,30.215966418,1.9321876116792616,0.7276608958931761,0.0790233657127854,0.5974914481185861,1.0,0.0890861568338595,0.1614942317548693,1.589571433959742,8.403605324212707,0.7668602356451187,0.1322585720040321,False,False,False,True,post,79,off_axis,52.38316189062172,13.8
492,7.344714487965908,171.99693376592708,215.2376636857005,39.765628656,2.1174170920613045,0.6339075035394054,0.2186831172101221,0.5457621656461489,0.9993446920052425,0.1168456879871684,0.1082963926250062,1.4416143976544822,12.936000154607303,0.7670080726600664,0.4006930692075636,False,False,False,True,post,79,off_axis,51.02915115877141,13.8
188,3.550425411230887,179.13596313811928,219.7378204977317,33.084852911999995,1.9914994904902936,0.688953488372093,0.0868026644462948,0.5821746067927969,1.0,0.1177593937221901,0.1725042194920627,1.78732210921602,5.204520956401782,0.7707141152488973,0.1491007395951039,False,False,False,True,post,79,off_axis,54.041274200831886,13.8
401,6.780783595752736,170.00779342364905,211.7829540021959,32.031598589999994,1.9701380919716287,0.7006224826071037,0.0909495219034912,0.5851272015655578,0.999866950505588,0.097039642752184,0.1529501698326699,1.7370649004173009,13.161347751629766,0.7723192171976726,0.1554354705440937,False,False,False,True,post,80,off_axis,51.672960315026174,13.8
108,2.569331268098747,177.00752131456187,216.27927183648745,34.832457522,2.02596452081694,0.6969492895144453,0.0181104080296748,0.6693333333333333,1.0,0.0877149993320327,0.1317471126929223,1.5731636291563893,9.24848250320585,0.772964585460232,0.0270573825144545,False,False,False,True,post,80,off_axis,54.41302471721723,13.8
386,6.737669917825083,178.9274445203948,216.84197618462767,30.544375338,1.9391625391318383,0.7001766377390369,0.1062271062271061,0.5758196721311475,1.0,0.1252783727615769,0.1933786894187294,1.568731675138641,7.646550388731171,0.7748648406217303,0.1844798143730527,False,False,False,True,post,80,off_axis,55.61158835771631,13.8
241,3.992895047169952,170.881787175705,210.03666719486984,31.827515903999995,1.9659450655969657,0.6267688679245282,0.1796533290134456,0.5333728278041074,0.9971481295084718,0.1619745511490412,0.1497862888757788,1.6497560936278453,13.900473449842536,0.7771087091417258,0.3368250492869636,False,False,False,True,post,80,off_axis,53.48046574913014,13.8
526,7.601718845917411,176.60548147329342,213.0603251933703,38.21272362,2.089487582969268,0.748987108655617,0.1741062411634013,0.4883834678405478,0.9997930035189402,0.0952901869477311,0.1824347564722027,1.538144270036617,12.065112565747143,0.7791815995332175,0.356494952487305,False,False,False,True,post,80,off_axis,56.02232537774995,13.8
103,2.476066024759187,174.46540897837124,211.6382430161307,37.518373332,2.076754357714887,0.7365887207702888,0.0390054744525547,0.6047946831236648,1.0,0.0472504887445698,0.0920842918717659,1.6582601037855966,12.936000154607303,0.7792068896200216,0.0644937456313238,False,False,False,True,post,80,off_axis,55.18493365573416,13.8
557,7.675066755674564,172.95166592123104,210.07091255006677,28.111803552,1.8862533900794207,0.6126502002670227,0.2491103202846974,0.4282636794485135,0.9872330547818012,0.0771374923534732,0.0634878984734376,1.4766630836365815,12.936000154607303,0.779572160652809,0.5816751040048117,False,False,False,False,pachytene,80,off_axis,55.01762887498417,13.8
200,3.684567947098667,179.92374111004003,214.58072280258588,31.571826102,1.960666360251723,0.6770190950293484,0.138183980967486,0.576029445594663,0.9998559700417688,0.0460607853563412,0.0670844469315223,1.7626386544013664,8.858108117640404,0.7814470483929852,0.239890481336127,False,False,False,True,post,81,off_axis,57.76519036873284,13.8
114,2.5222650026552653,178.33680623340413,211.60239786245376,35.336799791999994,2.035695744969875,0.6267923526287839,0.1895632117630099,0.5010672358591248,0.9976819656930924,0.1532605230826801,0.1105252290352295,1.608949019764819,12.193008956961839,0.7845686845206576,0.3783189125067951,False,False,False,True,post,81,off_axis,58.28212183768169,13.8
334,6.011152658104425,170.31291277027864,206.6175430173944,28.857760956,1.902792104889874,0.6398959518777434,0.0858439950474618,0.5927765237020316,0.9998286791159844,0.1017475217644374,0.1119833996203569,1.976860517591141,16.84867665265308,0.7848039365512781,0.1448167928637685,False,False,False,False,pachytene,81,off_axis,55.3031357974614,13.8
139,2.5789636504254,172.70274341067454,207.50720570765876,30.33090954,1.9346345592171812,0.5844547563805105,0.1638655462184873,0.5196352131025498,0.9977541853817884,0.239713967249947,0.1581256583177111,1.647337966067312,14.605717916291162,0.7852765045968856,0.3153472707134429,False,False,False,True,post,81,off_axis,56.516365495087214,13.8
407,6.623093784249368,179.99338762330092,212.23186608736748,29.964968171999995,1.926822624691701,0.5713167371222796,0.211405529953917,0.4886778670562454,0.9852534562211982,0.0961133510517302,0.0566205522927269,1.7226897761837527,10.695632064417717,0.7861605628609286,0.4326071308025597,False,False,False,False,pachytene,81,off_axis,59.22993753137077,13.8
555,7.604208705678769,173.09774130873478,205.8403762683793,32.550015528,1.98070986038538,0.699264917843759,0.1378099173553718,0.5439731607955907,0.9997324772605672,0.1279136632646641,0.1849628000123724,1.4555763765448404,15.600366369341575,0.7884242891369789,0.253339552918047,False,False,False,True,post,81,off_axis,57.911004578852285,13.8
560,7.763458923286389,176.57807763378827,208.85266450684043,29.324570778,1.9129972759094205,0.6324294056475481,0.2206580732700135,0.4944504896626768,0.9923150816522576,0.1090220175121862,0.0990655867389033,1.325958965855803,12.936000154607303,0.7887044170257357,0.4462692987129015,False,False,False,False,pachytene,81,off_axis,58.57836421865862,13.8
110,2.331098572850961,177.09239004314105,207.19602308662704,35.33914557,2.0357407894622885,0.7101228011948224,0.0539428076256499,0.6391115182047172,1.0,0.0573405789477298,0.0910710055090657,1.4557146327512516,12.936000154607303,0.7915282392180639,0.0844028093519216,False,False,False,True,post,82,off_axis,60.033567799568566,13.8
155,3.1890139640923456,173.1519396480492,204.3260205756632,32.925340008,1.9882937760818007,0.6964947278426903,0.0757214146235626,0.6140845070422535,1.0,0.112181118944712,0.1581894096585314,1.4662451854665282,16.704597867440352,0.7918996395277025,0.1233078082172694,False,False,False,True,post,82,off_axis,58.94873451609637,13.8
215,3.8058005752638295,180.44255323585696,209.3878741610744,29.359757448,1.913762107782012,0.5758229466283158,0.2397250465416009,0.4831418346204558,0.9960308195190288,0.1698100876557814,0.1045146324193079,1.909934104118033,12.701645590511886,0.7924787635087002,0.4961794433096918,False,False,False,False,pachytene,82,off_axis,61.29535505755049,13.8
419,6.731430745814323,179.95537627854176,208.01971408675908,30.82352292,1.94505202305426,0.5727549467275495,0.2229757785467128,0.482899893124332,0.9952477936184656,0.0989602062185861,0.085826531108877,1.6104212186170024,12.936000154607303,0.7937739764363484,0.4617432758248785,False,False,False,False,pachytene,82,off_axis,61.73705428513334,13.8
361,5.993972643919864,171.4002551480502,202.1844935217181,31.212922068,1.9532085029492157,0.697880655343454,0.1291161178509532,0.5798507462686567,1.0,0.1035677760161273,0.1597027794148127,1.706387420180149,19.469775821990147,0.7956971973318739,0.2226712971946941,False,False,False,True,post,82,off_axis,59.039990145989634,13.8
530,7.403548996889876,178.6630297396189,204.7923083602633,38.468413422,2.094137634985352,0.6977864503933167,0.2186662462557149,0.4919289749798224,0.9978622327790974,0.1370002853123287,0.1905812120935095,1.5306234652173625,12.936000154607303,0.7996312232262605,0.4445077590005428,False,False,False,False,pachytene,82,off_axis,62.79052091894474,13.8
111,2.336440869107616,177.07189232388257,202.9745149011349,31.201193178,1.9529638196977204,0.6377715961205924,0.2099048868481469,0.4562058945620589,0.9998260264439806,0.1021972108736466,0.0806229427969017,1.3887917997318002,15.141337116904806,0.8003122871127787,0.460109984001079,False,False,False,False,pachytene,83,off_axis,62.78915277390248,13.8
230,4.012287793047815,180.7026138035558,205.32503175020256,34.820728632,2.025737098997327,0.7402991107518189,0.1139967823488853,0.5966277561608301,0.9996689107162564,0.1411588216423033,0.2620237446446151,1.8484286778017185,12.936000154607303,0.8009685635740977,0.1910685199804143,False,False,False,True,post,83,off_axis,64.0045740846278,13.8
524,7.623355025306939,175.53254342009876,200.90545321764367,38.930531688,2.102489853480163,0.7190889370932755,0.169576059850374,0.4950664950664951,0.999890590809628,0.0662851437392337,0.1008435350396431,1.5742864341121767,17.712182633109954,0.801557137420999,0.3425318851917001,False,False,False,True,post,83,off_axis,62.99253573651213,13.8
156,2.894321675076826,173.20838418305317,200.0186299112582,40.443558498,2.1293820256650084,0.6697987355721826,0.2412368385978941,0.4702265940628842,0.999633072407045,0.0674071302236413,0.0586582236034056,1.6876430595782457,19.90977116645487,0.8022042452392871,0.5130225334844271,False,False,False,False,pachytene,83,off_axis,61.82687010091854,13.8
360,6.038837042354522,171.4173877171538,198.24524913854856,32.67668754,1.983275918925312,0.6281407035175879,0.2156268927922471,0.5081081081081081,0.9963967055593684,0.1047220958102194,0.0993099826989722,1.8177649026163452,39.172460715107306,0.8050990009523228,0.4243720762400608,False,False,False,False,pachytene,83,off_axis,60.99103768489775,13.8
201,3.3479403541473243,180.49092285181845,201.34887707362364,25.17019794,1.8180228631137312,0.5251630941286114,0.1109753969638807,0.569774288518155,0.9962198313463216,0.2570772312391204,0.163069945888033,1.6468480381620958,14.114193555144269,0.8078498906468006,0.1947708052121847,False,False,False,True,post,83,off_axis,66.43297551941671,13.8
432,6.744657097288705,180.59299636363565,201.21985409090783,29.41605612,1.914984568739022,0.6008771929824561,0.2409766454352441,0.4829170829170829,0.997180043383948,0.1933286496691451,0.1576495355199182,1.806611598422023,14.144116733669703,0.8094483261787379,0.4990021143580458,False,False,False,False,pachytene,83,off_axis,66.5947486175218,13.8
523,7.560215557638073,173.90560927835477,196.70456089503276,30.035341511999995,1.9283298394995665,0.5396751015307717,0.1615931721194878,0.5083135391923991,0.9818268770923004,0.1133243081426506,0.0677163732419466,1.432140028905242,39.48585077678954,0.8105550312141852,0.3179005862724504,False,False,False,True,post,84,off_axis,63.900806313254996,13.8
116,2.4310437643306595,177.94231985843933,198.69251780480377,47.060998236,2.239705115315576,0.7044661549197488,0.2773918342474101,0.4498229043683589,0.99834871296746,0.0801724183005682,0.0885181355002765,1.5160995670304196,17.791533265326446,0.8107428190337094,0.6166689858466046,False,False,False,False,pachytene,84,off_axis,66.26328627749643,13.8
154,2.858112918241194,172.9080816329881,196.1546016099909,42.83625205799999,2.1705724446879398,0.6657904824489349,0.2617636385629611,0.4471571358348353,0.995121356262959,0.1488837672006397,0.1379541401642466,1.8517784969998148,40.41305042114171,0.8114540561900355,0.5853951946316422,False,False,False,False,pachytene,84,off_axis,63.239128568436755,13.8
497,7.499986504723032,178.84019653846343,197.45992615384543,34.764429959999994,2.024644762792537,0.6027665317139002,0.2266158696794534,0.5170715135043316,0.9974363356691164,0.075529303272979,0.0539406476472442,1.4318535769314635,18.128259013871205,0.8129594945379384,0.43826794507324,False,False,False,False,pachytene,84,off_axis,67.7505927290424,13.8
362,6.225301979843956,171.86236995211,194.36578784218293,32.819779997999994,1.986166650383925,0.5854477878636266,0.261240606292192,0.5022413793103448,0.9946439198571712,0.0539952997929069,0.0522006017487187,1.5354096152345988,42.21278220477735,0.8144287564458769,0.5201495078938255,False,False,False,False,pachytene,84,off_axis,63.0748068215679,13.8
113,2.3087586525150097,176.6755723304097,194.6855374803875,25.41650463,1.8239338011449664,0.6751269035532995,0.2155114776019612,0.4525568181818182,0.9954572387912304,0.1342032705511984,0.1328712416172399,1.394138158827572,40.10873566120235,0.8174492935249749,0.4762086636276857,False,False,False,False,pachytene,84,off_axis,67.27143908462084,13.8
243,4.630013989571356,181.49472647844,197.4523933422348,36.889704828,2.0650893975931552,0.663360040696935,0.192125743934076,0.5011333585190783,0.996336499321574,0.0587648665156533,0.0589725177447414,2.0101311088976668,16.386395220386895,0.81792823949338,0.3833824682951369,False,False,False,False,pachytene,84,off_axis,69.75371441042651,13.8
559,7.660122440363254,175.82057465167503,193.5501957251372,44.447801544,2.197457875520085,0.6482478361832383,0.3138062390610522,0.4466616654163541,0.9922403003754692,0.0818672681115051,0.0792636570110521,1.418973938467289,41.22028397122702,0.8193648625888931,0.7025591479146499,False,False,False,False,pachytene,85,off_axis,66.9923981991168,13.8
141,2.603637887678128,173.00665370494775,192.58806533109868,27.98513154,1.8834159663556371,0.6184409052808046,0.2201473359602536,0.4947275922671353,0.9955680902497984,0.1621310490201836,0.1377688154202717,1.4830846650547735,43.313402637899166,0.819990564551123,0.4449869774827151,False,False,False,False,pachytene,85,off_axis,64.87988778806745,13.8
143,2.7326393618055294,179.9570284658067,194.3475055452868,24.112252062,1.7921858959930823,0.6364432337776048,0.2290076335877863,0.4669521006154669,0.9981365012811554,0.0669032707559983,0.0639811361004964,1.6115593120716427,38.994723468804,0.8221954392856223,0.4904306743367091,False,False,False,False,pachytene,85,off_axis,70.37646674840587,13.8
305,5.342349505111228,171.24595273405598,191.11473258964728,28.914059628,1.9040286882467992,0.5169560279084862,0.1890493053663852,0.4768223043332213,0.9797979797979798,0.1292966877367493,0.0770171682367142,1.7146631077958463,45.407159955922175,0.8222020368341308,0.3964774794475017,False,False,False,True,post,85,off_axis,63.93810354039869,13.8
363,6.231190134099553,181.07404057111984,193.82732512571536,39.183875712,2.107040711517594,0.6118295019157088,0.26183970856102,0.4713140037014189,0.997308423052565,0.0555743851672047,0.053127392331882,1.8518757864072115,38.98080127335048,0.8235777053011485,0.5555525753631065,False,False,False,False,pachytene,85,off_axis,71.60858276761647,13.8
115,2.4049972585572363,177.768898002663,191.29561635466456,29.948547726,1.926470601758829,0.6707135583927313,0.2153788727136991,0.4726450999048525,0.9983462874152472,0.0860532053390634,0.096076057853348,1.4955479745065576,42.3993199699426,0.825952890216698,0.4556883648154963,False,False,False,False,pachytene,85,off_axis,69.72899574561474,13.8
521,7.640962305415809,174.10403718641695,189.84643072172835,36.467464788,2.0571801305259534,0.6406149491830696,0.2631231864943286,0.4666189368176123,0.9944100317268468,0.0459562741328717,0.0407909727685183,1.3586923469576555,45.30187250005596,0.8269332715644042,0.5638930736263192,False,False,False,False,pachytene,85,off_axis,67.06318768592683,13.8
142,2.630868835424845,174.20581740868246,189.2724413875769,29.348028558,1.9135072317558,0.6400767324754216,0.1967534784159829,0.5289806795469687,0.9982363315696648,0.114739635964282,0.0958628717872857,1.4159769282547443,45.77399411392535,0.8284052556742741,0.3719483263254286,False,False,False,True,post,85,off_axis,67.40512942231099,13.8
257,4.799518310380887,171.10791385166107,187.6314387389588,37.985183154,2.085331988059587,0.6257642191070216,0.2648307654979983,0.4485148514851485,0.9931886583240932,0.0876954976956082,0.0799919769296149,1.9034722923112823,48.601870678968254,0.8306217890322956,0.5904615301390249,False,False,False,False,pachytene,86,off_axis,65.33317134497,13.8
463,7.318583653921363,179.80240299913925,190.752334811964,29.878174386,1.924960472895268,0.615137002433854,0.1877381938690969,0.5016319869441045,0.9957115009746588,0.0925465535737771,0.0844703517365,1.5628495617373763,42.00126141803663,0.8310074925737232,0.3742548297463657,False,False,False,True,post,86,off_axis,71.79584039255545,13.8
189,3.689049456331142,181.2379569344076,190.78098370396376,33.43906539,1.9985813960015373,0.5482988425113995,0.1831789927692503,0.5257027488740488,0.9968152866242038,0.190559575638207,0.1213802701343108,1.8678533321824928,41.349345439845216,0.8315229289851087,0.3484459481362489,False,False,False,True,post,86,off_axis,73.07515326181613,13.8
528,7.46285286035449,178.30794856982206,187.7128417749157,37.560597336,2.077533140672027,0.6601299025730702,0.218328066647515,0.5170893054024256,0.998681608437706,0.0754938951833252,0.0986548489751893,1.4096102497239271,45.388228689838826,0.8345151886783689,0.4222250670560685,False,False,False,False,pachytene,86,off_axis,71.77674423294845,13.8
132,2.534923088246147,178.49788873923728,187.65684691984663,31.872085686,1.9668623104381089,0.6654890704349746,0.1931475235221018,0.5038503850385039,0.9995382484223488,0.0975635109642878,0.1015054219563285,1.4673829139988888,45.35577173695318,0.8348148871871774,0.3833430106584947,False,False,False,True,post,86,off_axis,71.97208812960527,13.8
461,7.43339754234446,173.36707161740603,186.13211314513487,35.31568779,2.035290254803454,0.6018598472268349,0.2774831243972999,0.4839839839839839,0.99659559218778,0.1077345602216082,0.0731696725015177,1.4233111803963414,48.96570375466264,0.8359839472612816,0.5733312125602951,False,False,False,False,pachytene,86,off_axis,68.02006481882638,13.8
242,4.829548499854258,170.87033919603527,184.19899338770892,40.26527937,2.1262485761375483,0.6410719487328866,0.2078940601697094,0.4549586106151598,0.9987377279102384,0.065993162364179,0.0847065432866047,1.8903725200344563,51.794238324660334,0.8387761904611121,0.4569515892634962,False,False,False,False,pachytene,87,off_axis,66.61649188990451,13.8
309,5.21914831981464,181.3171337485516,187.42816203649983,32.390502624,1.977469039618112,0.5723493626882966,0.2645410387345871,0.4541913632514818,0.980186999109528,0.0385073364395356,0.0295070466707765,1.8079659723146344,44.33190698487367,0.8390501580412335,0.5824440095927431,False,False,False,False,pachytene,87,off_axis,74.60877926962607,13.8
105,2.477990833411328,175.37228893929574,184.92932581611157,50.15742519599999,2.287786756390785,0.7067159292863157,0.2684321045263649,0.43948333599107,0.9999086507719008,0.0788254079881868,0.0768192548359072,1.5228488722629558,49.17345112785243,0.8391437376673787,0.6107901768812897,False,False,False,False,pachytene,87,off_axis,70.34910644486021,13.8
462,7.01055478287746,178.83888117756203,184.1883672925393,30.359058875999995,1.9352328689999412,0.5672229949003245,0.2101255112113947,0.4983038743081592,0.9859187442289936,0.0387586301961613,0.0394113117041153,1.4638719015205752,48.32821579656486,0.8430895524976346,0.4216814719795851,False,False,False,False,pachytene,87,off_axis,73.79175927586215,13.8
160,3.0399656824194445,180.31953871452075,184.1956984628606,32.810396886,1.985977351933887,0.5605919782655322,0.1856366768252285,0.5387243735763098,0.9981847519160952,0.1289900747082263,0.0750458931446079,1.6809014750263374,47.67581041489917,0.8442267029853386,0.3445856284409105,False,False,False,True,post,87,off_axis,75.1209574197762,13.8
494,7.474958157788276,174.07050186991663,182.5266586252617,40.645295406,2.132916685479377,0.6392912795059733,0.2720708129513161,0.45584,0.994041019955654,0.067478571480904,0.0619894560610481,1.356782885618908,51.90332505142584,0.8447512499283057,0.5968559427678923,False,False,False,False,pachytene,87,off_axis,70.22562541237724,13.8
140,2.713881692573538,172.72025710816007,180.97030537564817,43.462574784,2.181100181467561,0.6478842832469776,0.2520064205457464,0.493868792152054,0.9958927277120078,0.1059996459772969,0.0791127739535736,1.577468339594499,53.89276394888168,0.8477184094943702,0.5102699837493636,False,False,False,False,pachytene,87,off_axis,69.68940789352571,13.8
374,6.407740700218517,170.88582499315802,180.6288629786651,34.304657471999995,2.015679563708788,0.5995623632385121,0.2093965168084244,0.5087090163934426,0.9942238267148016,0.1098788695210988,0.0837110212038324,1.573327304339585,55.00012863990813,0.8477768651303578,0.4116233643605684,False,False,False,False,pachytene,87,off_axis,68.18758648734045,13.8
336,5.586846625766841,180.85728812269943,181.84705710429176,28.67713605,1.898813842664704,0.5286707566462168,0.209493757717108,0.4998264491496008,0.980715483510341,0.2158187651458651,0.1139779722862249,1.778249838079657,49.55473016405711,0.8504220464129788,0.4191329972104084,False,False,False,False,pachytene,88,off_axis,76.62925156661922,13.8
117,2.367003367003477,178.91471975309014,180.8753948532962,43.89185215799999,2.1882575360668546,0.655176099620544,0.2236794609553604,0.4956602603843769,0.9993044284720612,0.1233745654957302,0.1313486463901066,1.6569647941923422,51.27637432937071,0.85103448704994,0.4512757605015589,False,False,False,False,pachytene,88,off_axis,75.30500054484956,13.8
529,7.341420544589885,178.55047777697814,180.38149827834505,32.564090195999995,1.9809953063988988,0.6076934159343035,0.220440881763527,0.4832904884318766,0.991602644273718,0.1620447853327196,0.119937324980157,1.4345885114136327,51.87968478875255,0.8522349267327833,0.4561250159894257,False,False,False,False,pachytene,88,off_axis,75.1926504958468,13.8
558,7.801759379042769,174.19200835705135,178.71725777490474,27.19929591,1.8656192639628424,0.6420871065114273,0.2144614802195722,0.4732530120481927,0.9925373134328358,0.0831561598254892,0.1099525952762701,1.3093077874854882,55.27828476097972,0.8538804792370382,0.4531645330505218,False,False,False,False,pachytene,88,off_axis,71.99648554914808,13.8
212,3.6358858178523294,170.38250356657184,177.12263457828422,36.23992432199999,2.052892576517017,0.6367402420868664,0.2552090245520902,0.4939415538132573,0.9957595032560956,0.1581097443238047,0.1478977999532377,1.8499376126830835,58.37480021682572,0.855942202206529,0.5166785879460066,False,False,False,False,pachytene,88,off_axis,69.26395157505125,13.8
158,2.7075610396430205,175.77658653189738,178.6065317799948,17.870136803999998,1.6218589782445123,0.6779994749278025,0.1031078610603291,0.5421932327761925,1.0,0.0780303043074308,0.0963464607557159,1.2071909776485827,54.68678884032033,0.856939361047916,0.1901681076548776,False,False,False,True,post,88,off_axis,73.47069069565602,13.8
417,6.874463073299521,171.53343928224794,176.63761513093783,33.858959652,2.0069120173926835,0.5348482749064709,0.2590221829820108,0.501787310098302,0.993389560063825,0.148757427539859,0.0831387507138112,1.4538112163550934,58.30925771719813,0.8574907233808153,0.516199150056759,False,False,False,False,pachytene,88,off_axis,70.51118894887615,13.8
321,5.536910919540215,180.3058846982775,178.0513618965529,32.653229759999995,1.982801223857174,0.5730603448275862,0.2132644956314535,0.4957092377587077,0.975223818446804,0.0659483086434197,0.0280474820936494,1.705810685041706,53.210855136560056,0.8585535272076559,0.4302209428166084,False,False,False,False,pachytene,89,off_axis,77.78860398584142,13.8
133,2.630724958494822,179.03886898174088,176.31120732152635,42.38820846,2.162978241762672,0.6482567791920311,0.2051025512756378,0.487728130899937,0.9993856739157144,0.0923467702279959,0.090800353969317,1.6625314898821966,55.329389444896215,0.861949224401992,0.4205263922283722,False,False,False,False,pachytene,89,off_axis,77.4074489578813,13.8
527,7.505637254901724,177.3282848575351,176.21182267922617,30.626477568,1.9408984520970185,0.5362285539215687,0.1430795358052646,0.5137902559867877,0.9870410367170628,0.0431364312706498,0.0321767984829572,1.3590082478698895,56.16491627395787,0.8626120348488386,0.2784784922214328,False,False,False,True,post,89,off_axis,75.91149766488137,13.8
102,2.662316476345895,174.56456928096495,174.37184719538325,18.693504882,1.6463950138407732,0.7230518258250722,0.1501732768579129,0.4775713638423199,0.9997733454215776,0.0893810595086259,0.1252890533576076,1.2965758070972924,58.911567990163036,0.8640698148694214,0.3144520133068442,False,False,False,True,post,89,off_axis,74.22713747748573,13.8
522,7.775822433610431,173.47360441651446,174.12053456769155,41.428785258,2.1465344522907044,0.6573806692712757,0.2978649338593641,0.4528177160799868,0.9964552474996836,0.0443285503115678,0.0607236805895392,1.2817525718638951,58.911567990163036,0.8648077915506395,0.6578031805777417,False,False,False,False,pachytene,89,off_axis,73.35948255246107,13.8
304,5.565687699912764,169.44649019336956,173.26259295580434,32.268522168,1.9749835784747003,0.6307066007560338,0.2368934955685744,0.4582677165354331,0.9974720115565184,0.0605845254175956,0.0681919004310134,1.6022901764829347,61.04217626544015,0.8664808590604968,0.5169325418764424,False,False,False,False,pachytene,89,off_axis,70.15268144471229,13.8
152,2.816889709275533,171.8976007268087,172.83979698315702,40.666407408,2.13328591514956,0.6676280572219658,0.2643003064351379,0.4972231863936133,0.9953207733037804,0.1361687966531795,0.1371557317749756,1.4978437186493772,60.31227040602177,0.8669587932525767,0.5315526581777538,False,False,False,False,pachytene,89,off_axis,72.53048226017388,13.8
308,4.971337579617948,179.68986676658102,173.50520232297012,25.043525928,1.814967927229807,0.5052454102660172,0.1666140738403282,0.4912911775842484,0.9664764621968616,0.1857407189094007,0.0917407184449451,1.6537322834931598,57.57048113881508,0.8695850869937738,0.3391350820904099,False,False,False,True,post,90,off_axis,79.21713682799515,13.8
418,6.696788990825735,177.49770031757168,172.25114044636604,26.591739408,1.8516236204933596,0.5346683133380381,0.1649517175874624,0.4765876777251185,0.99302933488237,0.0591850410943546,0.0435583242682608,1.3663750687352456,58.911567990163036,0.8722678631578198,0.3461099086212665,False,False,False,True,post,90,off_axis,77.79500629190422,13.8
112,2.3290438104333138,177.4645597051426,172.1646728960237,39.301164612,2.1091409488550803,0.6501730929927181,0.207008523880395,0.5058863675140761,0.9996031221060988,0.1014741560316967,0.0860617217231053,1.5943290792429547,58.911567990163036,0.8725587193640354,0.409199648722764,False,False,False,False,pachytene,90,off_axis,77.80383417822675,13.8
495,7.556535237503587,174.94415508227416,170.2608206022946,37.77875469,2.0815475823301046,0.6291213908723998,0.2741523878964637,0.4784865226854177,0.9963844531485389,0.0484433960887231,0.0443881587918905,1.286094382014108,61.23711657958136,0.874678892093586,0.572957387300762,False,False,False,False,pachytene,90,off_axis,76.41342858598163,13.8
430,7.115148269629899,170.36530982662646,169.90597544681464,35.043577541999994,2.030049412287028,0.6472320771135953,0.2228284913729538,0.4939278937381404,0.996078431372549,0.1577650857250645,0.1727912696795139,1.370884373105092,63.621872470808086,0.8755722157455176,0.4511356702018695,False,False,False,False,pachytene,90,off_axis,72.48854918671414,13.8
100,2.407657068062892,174.26695580824816,169.4394017997393,43.01218540799999,2.173539981529768,0.6644851657940662,0.1825671007175126,0.5099154746423927,1.0,0.1149718727273284,0.1017977014080473,1.3562623783425132,62.275847226752326,0.8758782773413996,0.3580340464182778,False,False,False,True,post,90,off_axis,76.18026266102584,13.8
197,3.600503881247505,169.25603481546946,169.22028386899018,34.450095708,2.018524110045459,0.586476916791502,0.2274519781198321,0.5083154948131072,0.999271137026239,0.2119404455678027,0.1583703172491889,1.6803215756306882,64.73466966346624,0.8772171670782063,0.4474622167546939,False,False,False,False,pachytene,91,off_axis,71.80858860087928,13.8
292,5.0209637469037744,178.9462408804332,170.27201078585617,20.835200196,1.7070111431784398,0.6555955865795993,0.2915701713756369,0.4174566851912389,0.9943760042849492,0.0462366383666581,0.04522328319476,1.5770696342276582,59.41947325155344,0.8774513006458499,0.6984441301786009,False,False,False,False,pachytene,91,off_axis,79.97895641340217,13.8
95,2.661892097264369,171.86225548062214,166.8158746105629,24.696350784,1.8065419823812776,0.7148556231003039,0.2417277090174286,0.4520319786808794,1.0,0.1016398029040557,0.1402699657735898,1.4649670712513214,65.70266013725276,0.8813400398091105,0.5347579826605166,False,False,False,False,pachytene,91,off_axis,75.2198295012172,13.8
171,3.016455082856773,177.90542488613227,168.2998372516744,24.206083182,1.7945076084649223,0.6845624576024809,0.2359154929577465,0.4184331797235023,0.9987595617118048,0.1243904130715084,0.1276427555958331,1.7243853410639431,61.64912280553094,0.8819859010239095,0.5638068499100329,False,False,False,False,pachytene,91,off_axis,79.941150998875,13.8
416,6.904213241616504,168.20912022356254,166.8487120550301,27.28139814,1.86749452870147,0.68134135855546,0.0455833118722637,0.642471667566109,1.0,0.1206793562332268,0.1458261870214373,1.4218554057171262,67.32340911480094,0.8823939174130484,0.070949917597064,False,False,False,True,post,91,off_axis,71.94574210838425,13.8
406,6.690868902439173,177.6613788567063,167.4315275990873,30.77660736,1.9440646868322984,0.5982469512195122,0.198936170212766,0.4947827736672358,0.9903964037597056,0.0453504979168047,0.037272920528146,1.444055878055602,62.53404215376872,0.8837766292033807,0.4020676967758779,False,False,False,True,post,91,off_axis,80.11561550635125,13.8
554,7.564562855665357,173.13703055354506,166.51177105018508,45.34388874,2.212126972839636,0.6644076564924988,0.2935090394249618,0.460767689224603,0.9977588525324966,0.0558915617982154,0.0476915409920812,1.2776264300502789,65.39818572463476,0.8846112912905406,0.6370000464201163,False,False,False,False,pachytene,91,off_axis,76.49451604858524,13.8
104,2.228771820448897,175.58781459632073,165.39939419419807,30.101023296,1.9297344507013736,0.6423004987531172,0.2062943109112917,0.4686274509803921,0.9983689742660384,0.1633519250006619,0.1501999959955087,1.4776505601820722,65.2836578300028,0.8860310631240647,0.4402096174257688,False,False,False,False,pachytene,91,off_axis,79.18349504727796,13.8
187,3.331017274472125,168.1754114971226,165.01861200575564,24.44300676,1.800343352692557,0.7162188099808061,0.2924144532184733,0.4068312478863713,0.9992406985573272,0.0472129042818412,0.0509699311960209,1.5658296659106332,68.97141390602945,0.887590844016864,0.7187610458578768,False,False,False,False,pachytene,92,off_axis,72.74228631725178,13.8
99,2.3545155993431788,172.78103160919724,163.45008065134084,25.714418436,1.831032413773916,0.745666849115125,0.1925861569649579,0.4619799139167862,1.0,0.0943566509495781,0.1537721314390666,1.3183459776958513,68.29056304112707,0.8896987387340712,0.4168712776539618,False,False,False,False,pachytene,92,off_axis,77.55980324262843,13.8
282,4.688262164846103,177.88988037735825,164.94640641509056,23.62198446,1.7799559586663949,0.5762661370407149,0.2092290585618976,0.460042184204359,0.9869086581374592,0.1374349535864015,0.0872231807460786,1.6827336997055649,64.64800894888249,0.8904329105152134,0.4548040717695452,False,False,False,False,pachytene,92,off_axis,81.44195808398571,13.8
552,7.678627882343582,170.87376866291646,163.3814435345882,28.789733393999995,1.901295752317787,0.551454412124175,0.2100731812311665,0.4103542234332425,0.9806201550387597,0.0590361862979367,0.0407221846323937,1.2694327491057844,69.21327108764115,0.8929923509530003,0.5119313247798017,False,False,False,False,pachytene,92,off_axis,75.88918274085373,13.8
316,5.187991104521883,167.10654676056677,162.73133915493014,31.64454522,1.962170534697557,0.549592290585619,0.1860683188211654,0.5232060566161949,0.9948649252065191,0.1271615034892853,0.0911458830374181,1.5058728378577508,71.49485790906579,0.8933599531583233,0.3556310491215481,False,False,False,True,post,92,off_axis,72.82178023347144,13.8
444,7.088716327652499,175.8326113523893,163.32755597168892,34.135761456,2.012366111876654,0.5970313358988455,0.1774442418291485,0.4839699863574352,0.9874843554443054,0.0310742746089873,0.012435089544367,1.330851995354691,67.02154147680608,0.8945412209122275,0.3666430705025112,False,False,False,True,post,92,off_axis,80.33770451795702,13.8
214,3.710608901608522,177.15460270403457,162.1171375505783,23.769768474,1.7836601686497238,0.6608112108950952,0.2197502837684449,0.440791387838231,0.994050343249428,0.0859036657346179,0.0762584840941189,1.663409414970887,67.50433673006323,0.8954037201489108,0.4985357922852445,False,False,False,False,pachytene,92,off_axis,82.06388024233193,13.8
517,7.7823599760812625,168.72789217660088,160.94608277855374,23.537536452,1.7778323265541045,0.6572652979868447,0.1396047035276457,0.4204710671706891,0.9848066298342542,0.1259934830085172,0.1148622584569572,1.2497360329380265,72.35530021452216,0.8966894406145539,0.3320197617092488,False,False,False,True,post,93,off_axis,75.07467622007808,13.8
87,2.6409063157180093,169.4006324333486,160.70364505122106,34.579113498,2.021040804467374,0.7051082016145445,0.1128571428571428,0.5629169542213021,1.0,0.0783943876499335,0.0977666734185426,1.3942032858873088,72.26773547670537,0.8984216608025964,0.2004863097670617,False,False,False,True,post,93,off_axis,75.78438596453302,13.8
107,2.348275264343903,175.3711342693702,160.01398213728464,27.065586564,1.862557167407115,0.7482232622638239,0.1800733841377364,0.4144578313253012,0.999381857518158,0.0879592661341112,0.1221982629795136,1.4798406758849616,70.18628653954495,0.8988970434686413,0.4344793861462827,False,False,False,False,pachytene,93,off_axis,81.42265674827429,13.8
303,5.3424217797643525,166.20579353921272,159.38711082893002,34.637757947999994,2.0221826872838027,0.5730055532981173,0.2263803680981595,0.5118160190325138,0.9941176470588236,0.0856245223721267,0.0570840254241985,1.4617260771519425,74.88536428362767,0.9016336838611329,0.4423080944713033,False,False,False,False,pachytene,93,off_axis,73.5286649385377,13.8
556,7.703746827884665,173.7051490371724,160.11822776533714,31.428733644,1.9576997755049856,0.6172563069114794,0.2473212975194481,0.4746489859594384,0.994729907773386,0.0589489767983301,0.0504571348663877,1.2528854470628217,70.84577183246495,0.9033031118063378,0.5210614682332497,False,False,False,False,pachytene,93,off_axis,79.88921190306743,13.8
349,5.981631395109985,176.86478117937034,159.55662987466485,22.833803052,1.7599346715129072,0.6514279843846311,0.3121832556253801,0.3793103448275862,0.9950196592398428,0.0554279903996484,0.051195329365989,1.5789413889913462,69.9196777061399,0.9036009172192389,0.8230285830123657,False,False,False,False,pachytene,93,off_axis,82.96183572221683,13.8
518,7.572580389672066,170.44359675273046,157.47121071598406,29.617793028,1.9193522885558247,0.6393156977665135,0.2508636288863299,0.4538866930171278,0.9980657640232108,0.0451009997925789,0.054994660528558,1.2419255131708558,74.6805643019955,0.9059516129895708,0.5527009994912175,False,False,False,False,pachytene,94,off_axis,78.17492217278668,13.8
98,2.556443624356739,173.05511736913493,157.07968413616118,48.308952132,2.25933000155776,0.6975818199475575,0.2255657796568018,0.4874759152215799,0.9990503323836656,0.0879676693049287,0.1035287583097431,1.3944898892764437,73.85030657736755,0.9078321409781088,0.462721895817708,False,False,False,False,pachytene,94,off_axis,80.68171396775273,13.8
258,4.194483335074767,176.8673766795534,156.7899416884352,22.451441238,1.7500557020471226,0.6738062898338731,0.3192324465765372,0.4183215887251761,0.9954039671020803,0.0800773776657902,0.0810610632689737,1.658051277378206,72.38689013364234,0.908187933373406,0.7631268745880163,False,False,False,False,pachytene,94,off_axis,84.21380740481253,13.8
441,7.233793959453664,166.8383679768316,156.3054245262722,28.34872713,1.8915376268356503,0.6714935870914356,0.1997581132836121,0.4596977329974811,0.9972294372294372,0.1314394929059166,0.1723884123240267,1.324747054831164,77.34906333130343,0.9087187895120944,0.4345423067046248,False,False,False,False,pachytene,94,off_axis,75.48496959006802,13.8
127,2.554788008149861,167.44314276220345,156.7292550305634,48.355867692,2.2600611527047367,0.6672649655573881,0.3112070696927094,0.4493366379938766,0.9985380116959064,0.1854108227125002,0.191006221870056,1.4582593460427995,76.69776578951345,0.90899667527381,0.6925922423823146,False,False,False,False,pachytene,94,off_axis,75.83310225077027,13.8
291,4.848585558852726,165.1104735905013,155.8546049851635,23.71581558,1.782309622179985,0.5451038575667656,0.2120952544115127,0.4744509676016525,0.9844179651695693,0.2214302988241853,0.1522280048877225,1.6693434294527976,78.53172993538163,0.9105383958118696,0.4470330316400308,False,False,False,False,pachytene,94,off_axis,74.14700211192988,13.8
443,7.330508609061114,174.90083930016635,156.28767586289052,29.563840134,1.918186125208728,0.6207252241529795,0.2163934426229508,0.4675732217573222,0.9947453516572352,0.1276382516887272,0.081107690060029,1.3309525296091316,73.72324622161686,0.9129211655924288,0.4628011882495323,False,False,False,False,pachytene,94,off_axis,82.6861645701912,13.8
159,2.903641732283376,176.057031584644,153.47186604330508,23.83310448,1.785242987614589,0.6699803149606299,0.2565410199556541,0.4020280345958842,0.997971145175834,0.1060838782542786,0.1061028138758045,1.7474491740247862,75.71322811364422,0.9146513929114388,0.6381172402902882,False,False,False,False,pachytene,94,off_axis,84.98953983448547,13.8
551,7.704374491519847,170.78079738406464,153.8085763376918,37.483186662,2.076104925451103,0.6117404092871894,0.2154779969650986,0.4967762733720181,0.9978434996919284,0.0507062908606525,0.0541708232304623,1.1913634109814024,77.79598805204763,0.9147351805659664,0.4337525935014509,False,False,False,False,pachytene,94,off_axis,80.13010239783799,13.8
400,6.530807516505944,166.00263601828158,153.45100153377132,23.09418441,1.766599107514421,0.5007618080243779,0.1662425784563189,0.5023397761953204,0.9767179872324446,0.2135788600000447,0.1155616853609464,1.352490039098855,80.27320626066751,0.9160124909891054,0.3309365221194036,False,False,False,True,post,95,off_axis,76.02863001285931,13.8
96,2.544497253907944,172.45913678707407,153.00906646070842,44.419652208,2.196993885245414,0.6727397549640896,0.2070377479206654,0.4778118444408585,0.9997821113411048,0.0705920296552693,0.060517716338564,1.3922574002092158,77.75122371744452,0.9176503823199093,0.4333039256549691,False,False,False,False,pachytene,95,off_axis,81.98860592203039,13.8
228,3.7840157615214647,164.62169609388127,153.08822849922808,27.384612372,1.869846674064448,0.5429158814459483,0.155428933206711,0.5084332833583208,0.9884199691199176,0.2929403109232639,0.1922503428513935,1.6801601168919018,81.2206073247851,0.9177079279496784,0.3057017278256579,False,False,False,True,post,95,off_axis,74.96043968660499,13.8
405,6.548489532106384,175.1516406913018,153.31399643107736,33.389804051999995,1.997599498751132,0.6744414781509063,0.3258655804480651,0.4290030211480362,0.9980873445967484,0.0833648897867358,0.1165210065756579,1.3599033784899994,76.26302268052515,0.9190111044144296,0.7595880783683772,False,False,False,False,pachytene,95,off_axis,84.25307434416014,13.8
515,8.030902860786,166.9895901027987,151.38565637102565,29.437168122,1.9154425894617588,0.6316837995059368,0.2575100401606426,0.4569450454348767,0.9961232797053692,0.1042022255695024,0.112518641265273,1.285362986685849,81.67007975895106,0.9206185230701364,0.5635470670561032,False,False,False,False,pachytene,95,off_axis,77.84204486777116,13.8
89,2.575572356511564,168.31100087318063,151.5684217069573,44.058402396,2.191021866901799,0.6748482589713556,0.1317884560705146,0.4861634190273456,1.0,0.0868575075057159,0.0844444674859175,1.3401272980095278,80.9101661135317,0.9214861632751112,0.2710785116950598,False,False,False,True,post,95,off_axis,78.93843022137868,13.8
399,6.28317775184765,164.1742804842459,150.60903150525044,24.123980952,1.7924764390719023,0.5735122520420071,0.1933051315063454,0.5186958504331965,0.9629834254143648,0.3203553780457425,0.222100735474592,1.4422160037328322,83.63458651028252,0.923707722607202,0.3726752996865191,False,False,False,True,post,95,off_axis,75.68106646565111,13.8
335,5.55232067510552,174.89715345667085,150.48857960077888,28.909368072,1.903925700974408,0.5516877637130801,0.2251051893408134,0.5058823529411764,0.9927409261576972,0.1769754379211197,0.1289893874231772,1.387421059033331,78.89875062118097,0.9242740084197923,0.4449753742783522,False,False,False,False,pachytene,95,off_axis,85.30220838725013,13.8
459,7.3291701828408575,171.6893151898704,149.4242441561185,33.35696316,1.996944363936004,0.6018987341772152,0.2267449801939626,0.4566331036919272,0.9967401725790987,0.0854897715063899,0.0488436251264218,1.265957048101553,81.29724418974907,0.9254582362266458,0.4965583492758307,False,False,False,False,pachytene,96,off_axis,82.9209765870578,13.8
137,2.891325667906701,163.95958919512907,149.96765587588763,27.745862184,1.8780329391120976,0.6091477849171458,0.2030684364764695,0.4512221501189704,0.9973718791064388,0.25269435895379,0.1828300439445724,1.6216276432669865,84.30378085707677,0.9255965117774708,0.4500409308872093,False,False,False,False,pachytene,96,off_axis,75.77921927397468,13.8
157,2.9512187033659987,174.72951585972632,149.06452583319708,28.294774236,1.89033688226984,0.5520643342729232,0.2036845983787767,0.5260040718119563,0.998085666427375,0.1798406082447403,0.0984700421179941,1.6859872768833375,80.24498181973607,0.9256369821181156,0.3872300791838602,False,False,False,True,post,96,off_axis,85.7958611568262,13.8
513,7.541254586755509,166.0048533548824,148.10229375327867,26.849774988,1.8575934899896132,0.6169840992486458,0.2339681984972916,0.4390967153284671,0.9918181818181818,0.1059235165554014,0.0969386675909084,1.2228012281786462,85.04421657415432,0.9288822192036146,0.5328397829673385,False,False,False,False,pachytene,96,off_axis,78.4465093370371,13.8
131,2.610667062843696,171.36075216163658,148.16347997325664,47.368295154,2.2445694535909317,0.6845441489625117,0.2064283044724056,0.4569858712715856,0.9978098556495768,0.1201982085412462,0.1278413925347454,1.3590953084059505,82.57047833417442,0.9295089226655542,0.4517170386428114,False,False,False,False,pachytene,96,off_axis,83.19730031347113,13.8
373,6.04790570816292,163.0604085914679,147.80816914085491,24.081756948,1.7914300427809342,0.5719851938437561,0.2244969996470173,0.4519799726900319,0.9902998236331568,0.167300377636035,0.1019253461767613,1.461212665556125,86.63657377656575,0.930923120820011,0.496696785724569,False,False,False,False,pachytene,96,off_axis,75.9523836801463,13.8
138,2.6825114678898654,167.11683577981884,147.61533737098893,32.728294656,1.9843194489709264,0.6412700688073394,0.2422407267221802,0.4901098901098901,0.998691955526488,0.1384079520849309,0.1084174561076645,1.3300611586516504,84.97640993508169,0.9313446612852524,0.4942579850161076,False,False,False,False,pachytene,96,off_axis,79.65854633784109,13.8
404,6.470276933190925,173.78854454762302,146.79926610239042,28.545772482,1.895910056621928,0.554195085873942,0.1706161137440758,0.4729953917050691,0.9819277108433736,0.0962574605786722,0.0554174906394741,1.315747898195908,82.69101932646673,0.9337249761283736,0.3607141142095134,False,False,False,True,post,96,off_axis,85.97951619727574,13.8
550,7.602614601018998,169.76906661290178,145.9766138709675,27.633264839999995,1.8754890376723317,0.6688455008488965,0.2825087364355343,0.4460394770571648,0.9942572741194488,0.1106697818942608,0.1198015734989058,1.241259044022236,85.24048879659682,0.9348988297346736,0.6333715981810456,False,False,False,False,pachytene,97,off_axis,82.76499212947806,13.8
165,3.276350123864556,162.56319183319707,145.95739454169944,28.40737158,1.8928410572555876,0.6496284062758051,0.19548729616989,0.462880037709168,0.996813495782568,0.2021619795762434,0.2041872205363288,1.6666251279762485,88.06666186119968,0.9357722818070984,0.4223282065421809,False,False,False,False,pachytene,97,off_axis,76.34912045374791,13.8
170,3.59742980561549,174.37415162527043,144.7254945194394,43.44380856,2.1807862185754354,0.612634989200864,0.2295962199312714,0.469891274045163,0.9929127292940524,0.0361933943170133,0.0083979130168664,1.695945457224045,84.27669088173559,0.9361406923414872,0.4886156279403564,False,False,False,False,pachytene,97,off_axis,87.43866319002775,13.8
547,7.709231401562152,166.19109062885278,144.50650167694062,28.53638937,1.8957023027308173,0.6644471845458282,0.2282094913972395,0.485546300832925,0.9985714285714286,0.0745025119424619,0.0795884673393093,1.209578122661094,87.69975662718332,0.9374845149182984,0.4700056225446679,False,False,False,False,pachytene,97,off_axis,80.23912306631512,13.8
488,7.406578810833285,162.49450223098674,145.11367268859607,22.606262586,1.7540691869097256,0.704264812701048,0.1482367005379558,0.4435087719298246,0.996456118407338,0.1269542489926347,0.1637110250582159,1.5475131805418696,88.84855916902242,0.9376811580859462,0.3342362314344731,False,False,False,True,post,97,off_axis,76.6734989778144,13.8
126,2.527882855399646,165.96892403904704,144.4581173657701,30.757841136,1.94366947139412,0.6278218425869433,0.2077922077922077,0.5079918032786885,0.998731884057971,0.0979301530227899,0.1090066370801605,1.3899459719557348,87.84429936665731,0.9393705023143404,0.4090463791956328,False,False,False,False,pachytene,97,off_axis,80.06360545563543,13.8
130,2.4853608847497872,170.97314591094005,143.71637463620635,48.360559248,2.260134241804869,0.6389697322467986,0.2721494230393115,0.4565363428724976,0.9973459496884376,0.1368091331384668,0.0850388044522598,1.368367768803504,86.71317196743644,0.94016648316498,0.5961177621193631,False,False,False,False,pachytene,97,off_axis,84.8601514629522,13.8
460,7.422840773970558,172.15109747054302,143.00427316506395,43.401584556,2.180079471344812,0.6350664792995352,0.27421261958508,0.4489040284360189,0.9970013037809649,0.0635413064955113,0.0356910690920206,1.3884157008890177,86.8164384481927,0.9408208674785878,0.6108490951628045,False,False,False,False,pachytene,97,off_axis,86.2327382237533,13.8
301,4.904990833163745,161.72237798940867,143.00941093909393,23.030848404,1.764982657652072,0.6268079038500713,0.1825078090138331,0.4426855895196506,0.9936580416032472,0.1367868628585643,0.115057861829964,1.6265222267266757,91.0731276697168,0.9431211960657474,0.4122741135799534,False,False,False,False,pachytene,97,off_axis,76.94806835077628,13.8
128,2.693683862433875,167.12058970734344,141.42551041666815,28.374530688,1.8921113574696096,0.6317791005291005,0.1719650492656628,0.4856308935788055,0.999808355691836,0.0731621126195974,0.0634211164774593,1.285917225255986,90.01571546416625,0.9461168645486298,0.3541064860976708,False,False,False,True,post,98,off_axis,82.47358281045707,13.8
548,7.853891891892079,166.1593189054084,140.82487064864944,52.07627159999999,2.3165966537713065,0.6902702702702703,0.3175863437872172,0.4403723094822571,0.99781121751026,0.0199939326185337,0.0199586197898386,1.2021352172396045,90.98918713521158,0.9462779261255364,0.7211769154164152,False,False,False,False,pachytene,98,off_axis,81.89292577635639,13.8
268,4.680176052092083,173.71052939226186,140.48608614493943,38.907073908,2.1020674801606134,0.6357168696491017,0.2324695121951219,0.4597815292949354,0.998117033603708,0.0434977847334665,0.0313177670128094,1.645087726051606,87.84054646960386,0.946702330519563,0.5056086366749196,False,False,False,False,pachytene,98,off_axis,88.76472442849986,13.8
149,2.8850205033368925,163.3281382326924,141.34902897805074,29.174440986,1.909727101375445,0.5895312374366808,0.2097523219814241,0.4765915768854065,0.9935008665511266,0.2177114045160522,0.1447204490132806,1.4721150436367347,91.81644408971083,0.946959794332916,0.4401091671661201,False,False,False,False,pachytene,98,off_axis,79.13503312306582,13.8
455,7.456417851500808,161.2853900473928,140.71820633886264,23.758039584,1.7833667455726638,0.6572867298578199,0.3363288718929255,0.3851915874387784,0.9815679528139593,0.1515827629907251,0.0957331933914532,1.63669698193125,93.3108699477482,0.948561346191774,0.8731469815559793,False,False,False,False,pachytene,98,off_axis,77.60616141311557,13.8
129,2.465941803872916,170.85510389872317,139.207016682202,45.306356292,2.2115164572056805,0.6425390908149529,0.2079843983021682,0.462920046349942,0.9969454887218046,0.0997033421709678,0.0782583640323507,1.4004639119226043,90.28290238272172,0.9509319647492632,0.4492879492735198,False,False,False,False,pachytene,98,off_axis,86.80912451202505,13.8
519,7.632373913495976,171.51740383073292,137.8732729454023,45.069432714,2.207654774029154,0.6491958569718419,0.2906756472321616,0.4771513353115727,0.9954039671020803,0.1038097224900924,0.0836462145555738,1.2952212154815863,91.16671328546718,0.9531692916284724,0.6091896338136721,False,False,False,False,pachytene,98,off_axis,88.00762017058241,13.8
280,4.950529514688405,161.34016186573515,138.66855070448435,25.472803302,1.8252795058118008,0.4880744083248918,0.1639344262295081,0.4970318402590394,0.9856194690265486,0.0785711495524261,0.0272079895895576,1.6617458450940754,95.10907227925519,0.9535214162118416,0.3298268097755468,False,False,False,True,post,98,off_axis,78.59132969649968,13.8
167,2.858889648363321,166.27046406926365,137.85593116883234,30.886858925999995,1.9463833390230048,0.6099339257233993,0.1999999999999999,0.4924065420560747,0.9947858472998138,0.1023315689096473,0.0627516712390538,1.3323991376861597,93.57936250533527,0.954882886980809,0.4061684460260972,False,False,False,True,post,99,off_axis,83.34824238598803,13.8
136,2.869754567263234,162.99804516516048,137.49797178446366,25.423541964,1.8241021228329968,0.6501199483299502,0.2576350822239623,0.4696729957805907,0.9974979149291076,0.1172265107139449,0.1170339026420123,1.4588165054992122,95.39288108446402,0.9561842106342352,0.5485413990978468,False,False,False,False,pachytene,99,off_axis,80.60087805486187,13.8
580,7.755781729000478,163.80631971796402,137.33499759656755,19.12981959,1.65910582586684,0.728755364806867,0.0870821295914155,0.5239602169981917,0.9995792131285504,0.0978943030197158,0.1463845355227522,1.2975087055413694,95.16856653042251,0.9563255773075112,0.1661998884005274,False,False,False,True,post,99,off_axis,81.39432075567606,13.8
267,4.688396111786068,172.5361974422855,135.9715382442296,38.61150588,2.09673097061115,0.6696233292831106,0.2807829652162412,0.4295696947407135,0.9979421045410892,0.0694397871820206,0.0976715812400586,1.6370874830805096,92.39289324414514,0.9578349682830188,0.6536377418004794,False,False,False,False,pachytene,99,off_axis,89.78273087291095,13.8
571,7.924695438662714,167.2912728491851,136.11542671640498,24.839443242,1.810024344007032,0.7060156766455756,0.258633007859014,0.4397687118535175,0.9969383849980864,0.1120484006866752,0.1638208774488073,1.1932986812942463,94.66120291983705,0.9578384646083828,0.5881114342330975,False,False,False,False,pachytene,99,off_axis,85.05148271889314,13.8
439,6.988687109258803,160.32254499851337,136.15844200655084,15.758936604,1.5552949661663875,0.6147662994938969,0.1170249061753667,0.535548686244204,0.9968141592920354,0.2006789822364166,0.192049364338235,1.7128289849289875,97.80681382237363,0.9597391762251628,0.2185140383707425,False,False,False,True,post,99,off_axis,78.83294991591161,13.8
151,2.7587606722870657,169.69353875852497,134.95273874778545,43.685423694,2.184821601015928,0.6483380765719808,0.2229473184622686,0.4823637196518552,0.999050106862978,0.0712594462770489,0.0734431277447612,1.4880678110408256,94.59789877829888,0.9614797185462352,0.4621975272584354,False,False,False,False,pachytene,99,off_axis,87.7195751830355,13.8
239,4.339764452036231,161.34610529533543,134.5466505618978,26.092088694,1.839953068358661,0.5866223141238874,0.1906354515050167,0.4889082209656372,0.995035989079176,0.0958119843591242,0.0896871038609383,1.5241034526100323,98.77290327253276,0.9634658483635083,0.3899207322153322,False,False,False,True,post,99,off_axis,80.47983136780137,13.8
458,7.444422029453326,171.25867673996302,133.3584723522275,23.256043092,1.7707166517439006,0.6077264474480533,0.2722679640718562,0.4042170223707894,0.9841502788376872,0.0914353283788282,0.0785611945380627,1.4236621966524323,95.3009630477954,0.9639709709052692,0.6735687737121178,False,False,False,False,pachytene,100,off_axis,89.84019841074537,13.8
166,2.9671465131158654,164.38264918425872,133.91780028790606,29.331608112,1.9131502912096976,0.6247600767754319,0.2291769344504681,0.4560954816709292,0.994208108647893,0.0717463884613643,0.0699208243109449,1.419749221232812,97.94494635510588,0.965308598014878,0.5024757833839236,False,False,False,False,pachytene,100,off_axis,83.46823207710088,13.8
570,7.741582984107144,163.49255555467693,132.5051570411957,29.667054366,1.920415810187204,0.6727287103660947,0.2102652165617248,0.4885237980188451,0.993722121262184,0.183638963210801,0.1834561918881412,1.2559220322648013,99.60819857655459,0.9678764590021934,0.4304093626849549,False,False,False,False,pachytene,100,off_axis,83.3218775085202,13.8
572,7.990833103701584,167.7399083769657,131.80855078534165,25.538485086,1.826846990899338,0.6390190135023422,0.2180660565061679,0.4402035623409669,0.990352254879964,0.0154549562901341,0.0257349812143584,1.2223092650491922,98.28731781149219,0.9681737512535146,0.4953754925255723,False,False,False,False,pachytene,100,off_axis,87.418283283976,13.8
198,4.931418085173574,170.97523098778413,131.28498399038315,37.070329734,2.068454378332788,0.562741251661077,0.2194736247599683,0.4719247467438495,0.9957206769111068,0.0596578796294657,0.0487298845276944,1.5562454862135673,97.27489019527256,0.9696378885079788,0.4650606400157563,False,False,False,False,pachytene,100,off_axis,90.53540132902529,13.8
168,2.340119760479043,168.324140119761,131.4369192472203,5.484428963999999,1.0939923089689,0.6094952951240377,0.0010940919037198,0.4622124863088718,0.992798353909465,0.1436168050332048,0.128292448655398,1.4804468476008714,98.35097059340951,0.9705395593563724,0.0023670756116025,False,False,False,True,post,100,off_axis,88.10776501163112,13.8
169,2.221849963583375,169.62418481427486,130.8024998543347,6.441506388,1.1542492760651564,0.6569555717407138,0.0951008645533141,0.3630573248407643,0.9612756264236902,0.3466223364404471,0.3019975048997242,1.53716143136898,98.32133977372453,0.9714682780310544,0.2619444865766722,False,False,False,True,post,100,off_axis,89.55404513260619,13.8
384,6.348627928637692,161.36573519381182,130.68772913233633,32.740023546,1.984556461878865,0.6683384681521817,0.1123681687440076,0.5577878591488442,0.9998550514567328,0.0880664526658852,0.1120408679454823,1.5497366896454874,102.19655420614109,0.9731179041844584,0.2014532351340091,False,False,False,True,post,100,off_axis,82.2603577554872,13.8
186,3.394048221210624,162.52412642893395,130.57124403136163,27.825618636,1.8798307081001888,0.6140617096611027,0.2253807106598985,0.4871122761031018,0.9965679965679966,0.0877301754815675,0.0801093344371253,1.5017004199221118,101.77092489607183,0.9736151669106444,0.462687396143953,False,False,False,False,pachytene,101,off_axis,83.3439991734696,13.8
240,3.914841398471928,167.35068156980964,130.56386214401655,10.131415182,1.3423337238053656,0.6517712433433664,0.1713498622589532,0.4521276595744681,0.999496981891348,0.1152896961857976,0.1368089446565422,1.2516293350357093,99.57233350875654,0.9736691713704916,0.3789855777021553,False,False,False,True,post,101,off_axis,87.64072873579923,13.8
457,7.557844574780221,169.44899667338606,128.98582601722762,25.597129536,1.828244261675128,0.6640395894428153,0.2675324675324675,0.3802509547190398,0.9926910299003322,0.0253917017345118,0.0312602848172922,1.3370510713871668,100.01736239240576,0.9752680456498202,0.7035681678436341,False,False,False,False,pachytene,101,off_axis,90.22821276165635,13.8
199,3.6742103817632654,168.8720918429008,129.1413995330951,8.540977697999999,1.268059580258334,0.6509200769019501,0.1024011299435028,0.4280094413847364,0.974908200734394,0.0762921158369783,0.0658753473122036,1.3625498375185623,100.14255179325541,0.9770094014946792,0.239249698820206,False,False,False,True,post,101,off_axis,89.64396117527298,13.8
83,1.8213090117634283,166.63766360574238,129.19069229413927,45.266478066,2.2108674147899428,0.510338394569104,0.1431809938338774,0.6211239284580379,0.9882678833306175,0.1358128290216103,0.0786315792197711,1.38713215287218,101.11957065372285,0.9773563800179542,0.2305192044192038,False,False,False,True,post,101,off_axis,87.63385334990807,13.8
546,7.922939325345895,164.1594275768777,127.54314555843747,42.489076914,2.164692582044894,0.6804505051620383,0.2654822335025381,0.4593987560469937,0.9991899085753964,0.0812024688665923,0.1118389382872526,1.1427883434151722,103.71736707151216,0.9798327266486726,0.5778906233594172,False,False,False,False,pachytene,101,off_axis,86.18212409388076,13.8
319,5.195140060749096,170.35388970637587,126.61734468444074,20.851620642,1.7074594633882345,0.6455169310383619,0.2547303689687795,0.4154236750238019,0.9892768765466043,0.1438541731511866,0.1413132452502875,1.5443945376239676,101.710765570147,0.9808931994075076,0.6131821181211798,False,False,False,False,pachytene,101,off_axis,92.1152530109699,13.8
302,5.280597333333198,160.64964390400135,127.0855042879994,21.99166875,1.738027025891915,0.6653866666666667,0.0400856793145655,0.6671979598342366,1.0,0.041188403848106,0.0495590194466488,1.3497016872788763,105.72800277777066,0.9814898683258256,0.060080638322882,False,False,False,True,post,101,off_axis,83.26915979277511,13.8
79,2.467236789941634,164.26260968454292,126.87118978875078,41.419402146,2.1463723854747623,0.6511298635102225,0.1786666666666666,0.4592532467532467,0.9909102547689156,0.0863626489798068,0.0819925739560158,1.236555927313417,104.26794881163912,0.9836191495572816,0.3890373512430776,False,False,False,True,post,102,off_axis,86.58091081782759,13.8
85,2.545144786117476,168.6153655097851,124.82845135819473,44.47360510199999,2.197883027876674,0.5908539479930376,0.2087116188921758,0.4905246873791414,0.9903928878692284,0.1329702718548964,0.0736725008168091,1.4672530280146812,104.09633402989394,0.9859479154190456,0.4254864724695421,False,False,False,False,pachytene,102,off_axis,91.38609675975917,13.8
549,7.761815828402339,167.90064607988262,123.98812011834504,25.371934848,1.8228670416138768,0.6769600591715976,0.0382603908615469,0.6342301087578707,1.0,0.0823819964863367,0.1087445750341185,1.203546755530264,105.1703735694708,0.98776397282312,0.0603257245804355,False,False,False,True,post,102,off_axis,91.1342644274962,13.8
78,2.433617935761138,163.63405358076264,123.54723978044892,40.387259826,2.1283935118454,0.6494162746123018,0.1888187071630157,0.4670311464546057,0.9976076555023924,0.0998834510681859,0.0956907398413137,1.317191683332586,110.65220570699667,0.9916928226122398,0.4042957490017606,False,False,False,True,post,102,off_axis,87.47815212231234,13.8
398,7.1335573393067815,162.64548045548196,122.33747522866923,37.698998238,2.080081733627602,0.638977039387717,0.208026208026208,0.4629438124784557,0.9984998499849984,0.0690839141480277,0.0586328337984994,1.3714887618979985,112.16728337470018,0.99290734741547,0.4493551969352417,False,False,False,False,pachytene,103,off_axis,87.09690842650086,13.8
81,1.2783110447355244,166.9177738374891,121.86012897291262,34.555655718,2.0205836898464704,0.4035028171882424,0.1094557616296746,0.607715944008194,0.970967741935484,0.1022939072920661,0.0245680192303211,1.5690698054533467,110.78511026951026,0.994650594878556,0.1801100706816387,False,False,False,True,post,103,off_axis,91.16752848947857,13.8
317,5.312762640136676,167.62947222511343,121.4399282797522,31.595283882,1.9611518299425588,0.5606949290964437,0.1752160579871758,0.483860064221734,0.9900339750849376,0.1298229101940166,0.0760579579230531,1.2948071565132864,110.8632966432032,0.9948583323335296,0.3621213465281591,False,False,False,True,post,103,off_axis,91.99031042197849,13.8
227,3.981836251051232,164.764379527556,120.0924882042666,30.685122018,1.9421364914014865,0.5531687179879214,0.1726822363765039,0.4980325064157399,0.980259990370727,0.1158919031444986,0.0754942474397865,1.4812160877752412,113.29992937793821,1.0000000000000004,0.3467288463142101,False,False,False,True,post,103,off_axis,89.96863491917411,13.8
