nucleus_id,cz,cy,cx,vol_env,r_eq,gap,gap_int,thick,void_big,void_off,offset,syp_io,s_um,s_norm,score,merged,mitotic,crescent,post,cls,row,zone,r_um,off_axis_cut_um
95,0.5295255642560922,160.31245930446818,183.84654565868271,20.370736152,1.694231315468024,0.7992860432980193,0.3113393915448439,0.3453815261044177,0.9955637707948244,0.1463329288423079,0.42394537047947,1.412378755654056,167.26913205777754,0.0,0.9014361452868156,False,False,False,False,pachytene,0,off_axis,81.09291748994686,16.71
48,1.4656080234015905,162.10652200167203,177.97799335561913,11.226893507999998,1.3890685055330654,0.8409945674885082,0.0,0.2141918528252299,0.9951718261857428,0.2954918068122347,0.8675598798542261,1.0525226626099056,162.9388596038006,0.0215588730782335,0.0,False,True,False,False,mitotic,1,off_axis,75.02395032155563,16.71
46,3.560383420234949,162.48397244430737,178.1401927950702,44.53928688599999,2.198964492329907,0.7353979038289356,0.0786722904823032,0.4631767515923566,0.9961425422483468,0.21882453154929,0.3839586743327022,1.2833346222724662,163.2598128418084,0.0236732480119058,0.169853711810525,False,False,True,False,TZ,1,off_axis,75.13211483901762,16.71
51,1.1125399361022328,165.16429037539746,175.55218071086293,5.873828111999999,1.1192940833193783,0.6182108626198083,0.0,0.4236401673640167,0.981443298969072,0.3440593003918438,0.2086707161682774,1.0381895272597512,162.24056439037915,0.0334337114879164,0.0,False,True,False,False,mitotic,2,off_axis,72.23945522646257,16.71
176,3.634585614498803,163.66372875212315,174.01168436851196,12.425586066,1.4368433561714655,0.7219180668302814,0.0416395575797007,0.373387644263408,0.9925373134328358,0.0920210594158645,0.0966275150613704,1.1665044668195754,160.1746611696289,0.0376614764703784,0.1115183060270893,False,True,False,False,mitotic,2,off_axis,70.88387757022015,16.71
242,2.8854407395179824,172.2791993067018,182.7946323208973,7.105361562,1.192612044216059,0.800924397490921,0.0443740095087162,0.1276948590381426,0.76949826130154,0.8674663851269472,0.6669631058455482,1.4785539217849286,171.98152689447838,0.0425149690508733,0.3475003601786482,False,False,False,False,pachytene,2,off_axis,79.08591714456243,16.71
57,0.6950965824665707,172.8441716196149,183.1667332838024,4.736125781999999,1.0417852546895092,0.7751362060425954,0.0,0.2202643171806167,0.9817729908864954,0.1942914793091685,0.3813618057290758,1.302427838441487,172.57598803852994,0.0435898814121863,0.0,False,True,False,False,mitotic,3,off_axis,79.45681531053228,16.71
58,3.8311251945322726,173.09138218738715,183.30160719628392,125.10737807399998,3.1026403608466198,0.8268989181182382,0.1832979476291578,0.3429376083188908,0.9966738460699582,0.0425627867983988,0.1119666532331085,1.575168686708794,172.81145673021112,0.0458770107532757,0.5344935731245689,False,False,False,False,pachytene,3,off_axis,79.59242761200915,16.71
131,3.672887682388886,173.35701414998582,185.52670756702005,20.739023298,1.7043805260852678,0.8449270444519851,0.0986193293885601,0.3026987600291758,0.996570003118179,0.1930418491477467,0.5446686140738373,1.4454842416657838,174.8991105367945,0.0469638406738303,0.3258002423896768,False,False,True,False,TZ,3,off_axis,81.81911013847291,16.71
178,3.138199300699298,172.18100113636336,177.44050922202604,5.367140063999999,1.0861374120475922,0.8374125874125874,0.0534351145038167,0.2338709677419354,0.972972972972973,0.1026373981396906,0.3024430117704604,1.6055838693857156,167.21310486395046,0.047707959070565,0.2284811792576993,False,False,True,False,TZ,3,off_axis,73.73255312202028,16.71
211,3.5479221462388204,173.5030945818004,180.907715412941,4.459323978,1.0210808678505607,0.6638611257233036,0.0,0.3364632237871675,0.9967637540453076,0.1561243285835479,0.1247712197268438,1.3564443682818037,170.89417990995685,0.0480901469463543,0.0,False,True,False,False,mitotic,3,off_axis,77.20158638402347,16.71
59,3.9014793610555127,173.6862829665819,176.54199704128766,107.349838614,2.9482949520115054,0.8586631121211459,0.1294751009421265,0.3681199752628324,0.9984937979917308,0.0597470303215189,0.2336160279852225,1.604937478991815,167.13011709136612,0.0543482981907256,0.3517198458184269,False,False,False,False,pachytene,3,off_axis,72.838274760831,16.71
149,3.4127941176470467,172.3594499999996,174.89816922794154,6.380516159999999,1.150594784826502,0.8996323529411765,0.0,0.0,0.8076751450245426,0.6048403450627207,1.5755384521694025,1.636239946793187,165.0549608146547,0.0566103468858913,0.0,False,True,False,False,mitotic,3,off_axis,71.18913361833071,16.71
148,3.7296803652967583,172.7091290117436,174.06930777886754,28.768621392,1.9008308878121392,0.746249184605349,0.168359166221272,0.4019922879177378,0.9974507860076476,0.1214567411000933,0.1846297251878964,1.6656497998696211,164.48874565589244,0.059735510591846,0.4188119306799348,False,False,False,False,pachytene,4,off_axis,70.3593108743936,16.71
377,6.301925440393238,177.7248698074568,173.99136373617597,28.63022049,1.8977777961664732,0.7464973371569029,0.2009297520661157,0.3070458952811894,0.9929429429429428,0.0494149839772957,0.0833451679589303,1.5811169061237722,166.78401235335772,0.0729055118753289,0.6543964767290127,False,False,False,False,pachytene,5,off_axis,70.45863192689818,16.71
298,5.22041612105309,179.8950894282017,174.47639276298764,80.61266097,2.679815425199126,0.8319802124254329,0.1762020259666143,0.2687911326636647,0.9913663663663664,0.0392227012096558,0.0333269475383415,1.559564774728735,168.2346543393909,0.0773053720004492,0.655535114646412,False,False,False,False,pachytene,5,off_axis,71.12820011218868,16.71
545,6.206481751824855,178.32621083211575,172.117158394161,8.03428965,1.242471088622392,0.8131386861313868,0.1612057667103539,0.278125,0.995408631772268,0.0153727435054688,0.0543281151747656,1.6230536019990167,165.41445528500634,0.0778879398586926,0.5796162398574523,False,False,False,False,pachytene,5,off_axis,68.63568237616148,16.71
275,3.249097222222226,181.17142239583396,174.74505833333325,6.755840639999999,1.1727270134515924,0.7951388888888888,0.1631205673758865,0.3203389830508474,0.9972914409534128,0.1496147505105523,0.3221214699281866,1.3230652163344518,169.07316657698485,0.0803066932027928,0.5092123531839844,False,False,False,False,pachytene,5,off_axis,71.53486649519202,16.71
299,3.955354697343174,180.77557025472544,172.35993944124934,8.564435477999998,1.2692194268577857,0.7170638181320186,0.0408542246982358,0.3930300096805421,0.9908993576017132,0.213476102809856,0.2359303915155696,1.6905625699838118,166.78300717202907,0.0824976545047928,0.1039468327913242,False,True,False,False,mitotic,5,off_axis,69.11979011839465,16.71
300,5.177980734103745,184.01737579456375,166.3051043473325,122.00156800199998,3.076750413939784,0.7926897267780577,0.2481695837110382,0.3499350769801521,0.9973666886109284,0.0420141378199455,0.0913730245202255,2.1639121790562723,162.97078786476078,0.1063634646969677,0.709187503729768,False,False,False,False,pachytene,7,off_axis,63.60465345068039,16.71
179,3.94157813493104,180.9290574979538,157.0093189457951,103.33621245599998,2.911083370592723,0.7970353218923091,0.2650226058364159,0.3556649144391007,0.9994169521171926,0.0564082069466135,0.1483683809978365,2.103375896128933,153.31666645151446,0.1317077268868317,0.7451468926991808,False,False,False,False,pachytene,9,off_axis,53.926263953108645,16.71
212,4.375886418830565,191.5142077862928,160.68777914066027,125.56949634,3.1064558167064966,0.810218569026714,0.2686105111591073,0.323653902943203,0.99856220657277,0.0649184931785424,0.1565414712139381,1.803583607283579,161.54990804357587,0.1376000881349637,0.8299313208228014,False,False,False,False,pachytene,9,off_axis,59.994281210466085,16.71
499,6.792930286634361,185.767382752763,155.5526149957578,104.917266828,2.9258549115546466,0.8200152036846577,0.3104334418365598,0.3382608695652174,0.9989749547271672,0.0239346314097606,0.0583933636242037,1.8784320366325484,154.3122984836798,0.1446112099422689,0.9177338254808324,False,False,False,False,pachytene,10,off_axis,53.456805727993284,16.71
395,6.027851851851585,192.0409167986085,155.282976750007,101.3376096,2.8921935204678286,0.7575925925925926,0.2219332788468683,0.3457792207792208,0.9980796731358528,0.0384345732460157,0.0701435012676,2.0708056865962887,157.0313189406885,0.1538029367184493,0.6418352101862482,False,False,False,False,pachytene,10,off_axis,55.06980514274174,16.71
414,6.182089769040881,178.7666144434263,148.064796734128,96.894706068,2.849293233803547,0.7709775819493536,0.2635266640716232,0.3494714587737844,0.998395879944278,0.0386039376729904,0.0777972872963082,2.179283482407935,144.4087281922537,0.1646002286835115,0.7540720635564292,False,False,False,False,pachytene,11,off_axis,44.763698543176666,16.71
73,1.3250629686460182,183.20832670159365,147.9102774210338,81.02551789799999,2.684382519807697,0.8222691873425784,0.1858090185676392,0.3541293370255742,0.9984900776531492,0.0432004318498288,0.0875317082756243,1.6661396570867522,146.36590816074016,0.1655282970740088,0.5246925321926114,False,False,False,False,pachytene,11,off_axis,45.425321733166435,16.71
500,6.829477463103532,186.578424498077,148.1754067344745,105.85557802799998,2.9345513466869315,0.7846031112883924,0.2586943258084198,0.3576131687242798,0.9982882948503168,0.0643406374115557,0.1632712293869774,1.915960252621717,148.18813124978243,0.169480555130072,0.7233914979452934,False,False,False,False,pachytene,11,off_axis,46.57200078524854,16.71
358,5.254784205693497,193.14992481404343,146.22430305785207,102.18208968,2.900205177795735,0.7715105601469238,0.3245334238208347,0.306440269265548,0.9982516060827844,0.0461872859820875,0.0828528472039169,1.916064560679195,149.564598066918,0.1856117155786476,1.0590430056684486,False,False,False,False,pachytene,12,off_axis,47.163961813084335,16.71
481,6.708239226453955,177.27060095977717,140.782431798969,98.25291153,2.862544673726964,0.7779634714098126,0.3246677801176385,0.312258064516129,0.9975938601949804,0.0311864451278386,0.0383547481070141,2.015781795643157,137.28085190920683,0.1904842980674306,1.0397418578147517,False,False,False,False,pachytene,13,off_axis,37.34946126204683,16.71
501,7.025724441515379,186.62758430828475,141.09157831736238,99.650995218,2.876058245213636,0.7271486076128151,0.3207735130383826,0.3368130446035717,0.9948013367991088,0.0292810589490701,0.0536991036772896,1.983014353969102,141.96362533045587,0.1940924175518273,0.9523785321792758,False,False,False,False,pachytene,13,off_axis,39.881389733846795,16.71
69,2.253889710758585,180.01237837065992,139.44490991174217,91.968572268,2.8001649277143046,0.7496046523491302,0.2635408852213053,0.3631455638178669,0.9978732257617088,0.0645502871666049,0.1141900254897505,2.100625004813339,137.39345674670358,0.1971187023571795,0.7257169341423716,False,False,False,False,pachytene,13,off_axis,36.46939567820921,16.71
78,1.4765843726139614,192.5158055230312,141.22057794922387,73.732494096,2.601297988628246,0.8083481801985238,0.2408317580340264,0.3597277556440903,0.9994522730667728,0.0756291420828556,0.2033769451788139,2.0016893197313954,144.85262472548743,0.2026430665993157,0.6694833919690703,False,False,False,False,pachytene,14,off_axis,42.40897968921219,16.71
522,7.142456023263639,180.88158149163183,134.56349086142092,98.414770212,2.8641156993238117,0.7497020546312628,0.2940504201680672,0.3793924388153509,0.9976067353305696,0.0510494478036122,0.0718566740887774,1.9714830936659584,133.49789622340177,0.2121785539718199,0.775056089905842,False,False,False,False,pachytene,14,off_axis,31.91216349842955,16.71
463,6.670024361536139,174.3091953576212,135.1038246024117,85.69830767399999,2.735024444072569,0.7528809569430378,0.2520298260149129,0.381590607000443,0.996954214973472,0.0708011132201356,0.1275857659938289,2.392914691103051,130.87676476519678,0.2122308508696993,0.6604717762736239,False,False,False,False,pachytene,14,off_axis,31.43351843406211,16.71
546,7.104990170875444,190.05006857705015,134.2393321034358,93.075779484,2.8113571700252704,0.7788194969504512,0.2271926734765762,0.386052871467639,0.997722001325381,0.0470298425740689,0.0936224777771779,1.8304537501125544,137.53327596904262,0.2206946694325738,0.5885014469983568,False,False,False,False,pachytene,15,off_axis,35.100212167387205,16.71
213,4.060319029185079,193.65891830985308,136.17608935836915,85.440272094,2.73227665304886,0.7942234302501167,0.2988774555659494,0.2929953302201468,0.997280103263876,0.0331019875469914,0.0595423125084994,1.95078763520115,140.94234151233223,0.2207988579927368,1.0200758330905242,False,False,False,False,pachytene,15,off_axis,38.62727766548032,16.71
64,1.8573520662669851,174.99995328360168,133.3221720378931,51.257595078,2.304392955270184,0.7304013546290787,0.192239133415604,0.4067221184858258,0.99590618336887,0.1460793838730608,0.2012243638026076,1.451332429856815,129.63097966159282,0.2223792857565079,0.4726547307810198,False,False,False,False,pachytene,15,off_axis,29.69904747145121,16.71
75,1.5662094637647432,186.29100343069908,134.31276364398772,69.94875418199999,2.5560173152412955,0.7814480700224689,0.1625546132099717,0.3791621911922664,0.9982888999282442,0.0973329649138891,0.1980811727552532,2.096225274578349,135.82632365361275,0.2243434315520818,0.4287205237917386,False,False,False,False,pachytene,15,off_axis,33.47282415179827,16.71
63,1.580514372163379,173.73626904690025,130.78393198184722,7.752796289999999,1.2277876326646728,0.6586989409984871,0.0,0.3572695035460992,0.9750841750841752,0.2544064753927835,0.2438584626364245,1.4991010880192166,126.79674787161858,0.2313937651328345,0.0,False,True,False,False,mitotic,16,off_axis,27.09262575595875,16.71
72,1.0478790114348369,181.87757253780845,129.15805001844197,38.156424948,2.0884609337029163,0.805914176810525,0.2788944723618091,0.328159645232816,0.997072599531616,0.0387253922978776,0.0906141429045758,2.277478772978996,129.19992524399584,0.2336678245824316,0.8498743718592966,False,False,False,False,pachytene,16,off_axis,27.042213908546618,16.71
62,2.361099587654615,176.07329016369488,129.04466404348614,93.86630667,2.8192940424088,0.74337123578658,0.2798737727910239,0.350277534326614,0.99884087537092,0.0595744286589389,0.0766322837447865,2.1719546161519063,126.36425843193848,0.2357440148634522,0.7990057750322559,False,False,False,False,pachytene,16,off_axis,25.554310621008124,16.71
77,1.9341320361362,191.37686226546285,130.27250006393635,84.38936354999998,2.721028145867152,0.7695621959694232,0.264679794216782,0.3349819059107358,0.9973552747575668,0.0445222849818002,0.10552307933378,2.050323820925911,134.66001832701,0.2387752731044675,0.7901316147126837,False,False,False,False,pachytene,16,off_axis,32.454150458666476,16.71
482,6.974829106945693,176.0766206312054,126.66094557882546,85.10482583999999,2.72869624133244,0.7823042998897465,0.2281833284471807,0.3871866295264624,0.99702434625789,0.0877204432930796,0.1900277105076335,2.169211011238046,124.2634762247224,0.2422068967757674,0.5893367979319272,False,False,False,False,pachytene,16,off_axis,23.193658025663353,16.71
396,6.0032013479358985,192.7866415894357,127.95663416643312,75.17983912199999,2.6182086956123496,0.7174950856500983,0.2338156892612338,0.3526618069361608,0.9959476309226932,0.0653145160374123,0.061703120143877,2.10681199664974,133.2819646832679,0.2447998590471966,0.663002583955907,False,False,False,False,pachytene,17,off_axis,31.46693725560091,16.71
74,1.9307115190004804,184.99740091076936,122.12780159472436,67.22296014599999,2.5223751225033224,0.7616289213804655,0.2248950414160898,0.3412384716732543,0.9977152031616648,0.0922109691764318,0.1510686371576708,2.4279636153079567,124.46993722237104,0.2605551325042006,0.6590553530301629,False,False,False,False,pachytene,18,off_axis,22.129268869263992,16.71
70,1.5510003362474585,181.0149378530558,119.26470586331406,55.81075017599999,2.370699002293581,0.7924512441156691,0.163192679206914,0.3481166464155528,0.9978263822850156,0.1024730553294647,0.208774408671211,2.8154345876602727,120.06778444978644,0.2682015801751705,0.4687873472505768,False,False,False,False,pachytene,18,off_axis,17.623537378268143,16.71
498,6.754695692165879,170.0270518565057,121.00565040625102,76.50754946999999,2.633531763467628,0.7790280545761152,0.3029306509333591,0.3420285833217705,0.997393797237425,0.0607179021806247,0.1245763738282762,2.3254734161107877,116.42444158126669,0.2709775952059416,0.8856881141082026,False,False,False,False,pachytene,18,off_axis,17.505583441909916,16.71
76,2.416807006864887,189.5111562341512,120.64926174292242,69.36700123799999,2.5489115796685087,0.7447499239119407,0.2607971795122906,0.3708267090620031,0.9995699453216196,0.1130128106143112,0.2054583607878227,2.6497840856167665,125.29333504174858,0.2728599262887743,0.7032858560052768,False,False,False,False,pachytene,19,off_axis,23.844198307978974,16.71
177,3.714970538300405,171.22591973433677,117.88123491461307,70.464825342,2.562287886991134,0.7530210726056127,0.259285143769968,0.375387518533495,0.9966493149045652,0.0511322064503253,0.0977106611691222,2.316860135608116,114.2338705399496,0.2788361883531603,0.6907132788615414,False,False,False,False,pachytene,19,post,14.25083002672849,16.71
544,7.134050558822604,175.68390442320225,115.9516112740038,84.164168862,2.7186056172329414,0.7157947545918225,0.2211274060494958,0.4198293615769344,0.9956095732719388,0.0464077163779,0.065503787303143,1.9941774553897615,114.63314334527765,0.2794290604441276,0.5267078158109576,False,False,False,False,pachytene,19,post,12.592958267429891,16.71
324,4.826111327364889,188.06017610353936,117.7630465901146,60.26303682,2.432133826189577,0.7463604515375633,0.2178610010803024,0.3758440761203192,0.9987274655355248,0.0693788310255665,0.1345435012263843,2.4188503111743187,122.0639260447289,0.2816274311331523,0.5796579350915684,False,False,False,False,pachytene,19,off_axis,20.79669247331078,16.71
66,2.209090604812952,176.33595797770792,116.48983906014816,70.084809306,2.557673451595679,0.7604511831843893,0.2150690940995832,0.3949979041497834,0.9989606190091236,0.0110648639644131,0.0456300053400368,2.210747605894346,115.41516521423698,0.2872319334322373,0.5444816082315942,False,False,False,False,pachytene,20,post,13.278825977483256,16.71
484,6.45323964718181,185.6194322619249,114.61247654656654,78.45454520999999,2.655684629370365,0.7961728210494843,0.2914457956553372,0.3126008508141411,0.9980756895445798,0.0409679589098457,0.1219831181339573,2.1677242199575755,118.13487200842636,0.291093523533924,0.9323256635300018,False,False,False,False,pachytene,20,off_axis,16.8819862244697,16.71
67,1.6458383273405617,177.29948428551882,112.08349537887968,52.843341006,2.3279155405085348,0.7438185288764594,0.1548037492677211,0.4172587073297522,0.9994502042098647,0.097100742724311,0.1589196197709805,2.2919434201996944,111.98305991918478,0.2962839054141357,0.3710018426179479,False,False,False,False,pachytene,20,post,9.53916199127171,16.71
568,7.204455527846975,180.05668119701056,111.78515641728976,84.65912802,2.7239244664244,0.7363258520365752,0.31931330472103,0.3897646069777217,0.9973546345764822,0.040614366012362,0.0696860675931384,1.977801360155117,113.01945332743425,0.3004068359097028,0.8192465375371587,False,False,False,False,pachytene,21,post,10.90359612817369,16.71
566,7.327898522700503,168.84306317193935,112.12577770516008,60.657127524,2.4374239653715555,0.752571737953438,0.2577726218097448,0.4204438887152235,0.9981097684466348,0.0686034520936334,0.1225208715614681,2.4666261365832702,108.03468526961568,0.302153556358004,0.6130963696426569,False,False,False,False,pachytene,21,post,9.270037340162315,16.71
71,2.4665880334548564,181.31435189791503,109.42506118378476,65.630176884,2.502293926550004,0.7648866966902567,0.194859241126071,0.4156278504104591,0.9991534647478534,0.0681764220472784,0.1509819426787534,2.258870137731608,111.53069945875859,0.3025376147143958,0.468831049058996,False,False,False,False,pachytene,21,post,10.31276014661647,16.71
60,2.1949510414811053,173.0281007940135,111.31345473028338,65.88117512999999,2.5054798208075963,0.7495104148121774,0.152103169820417,0.4018479033404406,0.9991944978003594,0.1280888484980772,0.2192920702199934,2.3421995210519246,109.29073117308049,0.3030708723956063,0.3785093030373661,False,False,False,False,pachytene,21,post,7.609296151344113,16.71
589,7.541009001465212,173.87555553694511,108.50554026585267,67.23468903599999,2.522521813157004,0.7658921219733446,0.2112378041612789,0.4312965722801788,0.995574190542744,0.0323752217270122,0.051148728214383,2.1392732540263104,107.21367493950909,0.3060781422365977,0.4897738997657849,False,False,False,False,pachytene,21,post,4.9304669078739405,16.71
53,2.3259189751540377,168.51131828159018,109.85756087062744,57.497364558,2.3943434305808444,0.7640243156133981,0.1694428489373922,0.3846818810511757,0.9993726911549452,0.0593031366800105,0.1108729102178131,2.6505713559827218,105.87784409615797,0.308646597383895,0.4404752531478098,False,False,False,False,pachytene,21,post,7.455855423713286,16.71
68,1.9014498127478463,179.96208068523327,103.64413204048792,63.263286882,2.4718439374636563,0.7050317030664837,0.2005828559943724,0.3890634820867379,0.99619941873463,0.107904768477584,0.1293862001551069,2.3872368186604924,105.79478262557505,0.3232497082848382,0.5155530272811737,False,False,False,False,pachytene,22,post,7.232380633360956,16.71
394,5.496083448139877,164.84156496358648,107.47731219051488,59.59449009,2.4231064833677047,0.7235977169848455,0.2649429498586831,0.3785246368555967,0.9967115325787704,0.0519653222965159,0.0842473443386618,2.772568054325577,102.04893047034886,0.3243847582786681,0.699935814111239,False,False,False,False,pachytene,22,late,8.732912464023608,16.71
586,7.445437225397229,167.6510907616992,105.13186602122958,60.331064382,2.433048648529826,0.7142968233601618,0.2177153199190886,0.454817637452368,0.9964752533411662,0.0596808786007373,0.0783036952055834,2.1502048556258164,101.30451425809792,0.3267967286702958,0.4786870648610004,False,False,False,False,pachytene,22,late,5.149562432807838,16.71
567,7.297875479492291,178.18705414576732,102.61752552375007,63.59873313599999,2.476205127049927,0.73041457657126,0.2357800083647009,0.4155151183472431,0.9977551020408164,0.0242433382194253,0.0341690210780711,2.0811796196637937,104.05275096929498,0.331437114658452,0.5674402637924264,False,False,False,False,pachytene,23,post,5.565333811290563,16.71
483,6.46274968125764,182.8581254887316,102.16036115597036,66.235387608,2.5099620644801885,0.7567998300042499,0.1793738049713192,0.4108053007135576,0.998838133675778,0.0158421492336167,0.0350045054165495,2.3225740597617337,105.85111027905013,0.331827721631369,0.4366394607366357,False,False,False,False,pachytene,23,post,10.245989774659165,16.71
55,2.1160059635306454,169.88943870560604,103.31892451163804,61.36320670199999,2.4468451134510025,0.7179555793417179,0.2218120451429174,0.3960422878828951,0.9990393142181496,0.0509429301673204,0.0559768838253757,2.3551354774142554,100.76054096819846,0.3318653459067099,0.5600716184341016,False,False,False,False,pachytene,23,late,2.320949434345871,16.71
61,1.7238990291261231,174.93386086602194,102.50234981358938,60.4037835,2.4340258019243075,0.7600388349514563,0.2552729902374352,0.3688299077520634,0.9986347190934536,0.0609957223449756,0.091670516797587,2.3070831331843165,102.41788067628114,0.3344217651877352,0.6921157554528794,False,False,False,False,pachytene,23,late,2.5129117823214626,16.71
52,2.764606299212592,165.68183402362482,100.138708133862,59.58276119999999,2.4229475077417817,0.7351181102362205,0.1919288974297381,0.3906064209274673,0.9975468975468976,0.022399992827106,0.0323187189734686,2.525911172314692,95.97258609210225,0.3438341007885333,0.4913613477577163,False,False,False,False,pachytene,24,late,4.533007632895815,16.71
323,4.535971989648237,181.34239012025864,97.46576296239746,61.637662728,2.450487647243852,0.730590653067438,0.271782738401399,0.3903093657296228,0.999067966733582,0.0508799979081354,0.0706749073202952,2.6078569688463524,100.99625369532853,0.3470637126284344,0.6963264586114744,False,False,False,False,pachytene,24,late,10.538834223949868,16.71
543,7.093504582246624,170.58311338550527,99.63744892635286,70.13407064399999,2.5582725586367707,0.7309853501906483,0.1272786458333333,0.4344150192714161,0.9983718265693784,0.0392969244931889,0.0816018769157028,2.0930396292317512,97.84055663111596,0.3484600845679722,0.2929885942866343,False,False,True,False,TZ,24,late,0.025992941976358385,16.71
657,7.739309818874752,162.6741820324153,98.09436963202964,61.51802804999999,2.4489012082459127,0.7241944709246901,0.2397519445028378,0.4444905295174893,0.9987939841089672,0.1056620405357274,0.1527433400779353,2.3118557787268386,92.7519933534825,0.3567493138829379,0.5393859454398215,False,False,False,False,pachytene,24,late,6.222111780735858,16.71
590,7.324021735166607,178.60679124758653,95.1672476022052,64.32357853799999,2.4855768543709598,0.7410378906677364,0.2881916599839614,0.3831854668356569,0.9977732793522268,0.0435979437716283,0.068178077788906,2.2355702690802493,97.6797099423546,0.3573527989534665,0.7520944423175708,False,False,False,False,pachytene,24,late,9.209469116910292,16.71
241,3.876598479978794,161.66438990812475,97.23837141452589,62.03879076599999,2.4557919510346733,0.6821567663629144,0.2592527317589003,0.3992386390673328,0.9963547995139732,0.0595493154154791,0.0533517239271625,2.8035508340047968,91.52110092635291,0.3614705466853208,0.6493678376535506,False,False,False,False,pachytene,25,late,6.709263621011434,16.71
56,1.7875210650488893,170.94544055864125,94.34472645349044,55.679386608,2.368837544095089,0.7655881361644759,0.1295369211514393,0.4072609633357297,0.9998578131665008,0.0854944970088084,0.1587646465032778,2.418742181815309,93.34334171837662,0.3632681126487417,0.3180685919181855,False,False,True,False,TZ,25,late,2.840109176919496,16.71
50,1.9004908228500696,165.84712688389354,93.7699994019408,56.87338761,2.385650554396584,0.7255929057537637,0.1305541035023523,0.4153013678039982,0.9999238907070552,0.1012372546591232,0.1446176898405305,2.525614364142121,90.43352503731563,0.3661623967400974,0.3143599169747195,False,False,True,False,TZ,25,late,1.3855363823437956,16.71
65,2.0499489900020467,175.93122642725422,93.41491300142916,57.48328989,2.394148045747419,0.7544990818200368,0.1706644609870415,0.4034242021276595,0.9985702030311696,0.0788013901699749,0.1336805127486214,2.375419149635318,94.87317265692707,0.3661917397484676,0.4230397187054149,False,False,False,False,pachytene,25,late,7.675626841322025,16.71
588,7.376734916910654,170.99685456590035,93.38975198483058,72.979499358,2.5924124003259505,0.7526919738999067,0.1905312993161494,0.4222770990382116,0.9985778361229624,0.0290696695532137,0.0560626615843764,2.0788109414704525,92.52532176208295,0.3702278292607514,0.4511996974264246,False,False,False,False,pachytene,25,late,3.3355513905427676,16.71
464,6.2325707274823845,176.63751494298342,88.84778100822949,65.00619993599999,2.494338499424088,0.7720482101616628,0.2302912148166199,0.3631470634794997,0.9987071353813952,0.0452116860232675,0.072351597862815,2.501863079325513,91.17801710963346,0.380651389710351,0.6341541429802041,False,False,False,False,pachytene,26,late,10.451120237470573,16.71
429,5.902534167569384,158.59915499318282,91.88395118668848,67.110362802,2.520966023297325,0.7330909853542591,0.2862217236866704,0.3664222105814562,0.998941028526044,0.0464297311161509,0.0699836693405746,2.5442313003701145,85.35399809602987,0.383323423743463,0.7811254760798483,False,False,False,False,pachytene,26,late,6.889051663647291,16.71
521,6.589558511931315,166.5054736739771,90.28344914724222,67.53260284199999,2.5262420497584905,0.7294800097259371,0.2727612288729106,0.4084488957370313,0.998578352180937,0.0363527368202279,0.0667912854341584,2.172863752140102,87.66880698336792,0.3865840951378956,0.6677976895511564,False,False,False,False,pachytene,27,late,0.8383762186204502,16.71
587,7.35686210816981,171.75376329705563,88.103613727466,72.21477572999999,2.58332562861189,0.7783011206756537,0.2746306727601233,0.3569230769230769,0.997923610731654,0.0211720408509512,0.0295590024308811,2.172025600357575,88.21988739790743,0.3887737327803396,0.7694393848882766,False,False,False,False,pachytene,27,late,6.494570769883295,16.71
44,2.364198695276297,159.03468974298136,89.3590765149733,59.690666988,2.424409297375248,0.7291912284838482,0.1289343951459992,0.4209838920330866,0.9984085648148148,0.1114741710740539,0.160822121812013,2.4467705824314425,83.33242710328024,0.3907930751603328,0.3062691888835163,False,False,True,False,TZ,27,late,5.314906388450587,16.71
47,2.2601871022161037,162.08973495514454,87.30518007821384,61.182581796,2.444441960454137,0.7562686910512997,0.1777260380287155,0.3674689318861098,0.9993296239190186,0.050985464100116,0.083375569057236,2.2892416283084094,82.96086481548662,0.3921612004627761,0.4836491540019456,False,False,False,False,pachytene,27,late,1.6524300011432065,16.71
49,2.25561965232881,165.53370088273113,85.3602075496518,60.58909996199999,2.4365124262447564,0.740833946339386,0.2010026259250418,0.3942336420675231,0.9993704973071272,0.0361757653279547,0.0557388352276856,2.261850001063808,82.86867485831645,0.3954155302365125,0.509856603994782,False,False,False,False,pachytene,27,late,2.3017223048555495,16.71
585,7.497379362959893,157.67676064085342,87.45005425519754,61.49457027,2.448589900646011,0.7745184054930383,0.2075345220538946,0.4102520724073761,0.999120382005529,0.0266898494659278,0.0728461550170658,2.13321091029181,81.00872291121283,0.3999986032451537,0.5058707463342562,False,False,False,False,pachytene,27,late,5.612792713235151,16.71
274,4.375914046203992,173.16253185878656,84.33158905899363,59.603873202,2.4232336488507378,0.7226573261442796,0.1943523493769292,0.4011636157230027,0.9961642599277978,0.0194194326594674,0.0470758384509728,2.496146381208359,85.557078943053,0.4001455662134328,0.4844715267277044,False,False,False,False,pachytene,27,late,9.51487706111294,16.71
658,7.720670018981692,163.80544325818283,85.3215523593854,70.441367562,2.562003526407824,0.734290186153385,0.3129251700680272,0.4049379621506454,0.9993302484169508,0.0375296153761528,0.071749343847326,1.940412454066206,82.02002294162688,0.4065920643619095,0.7727731141977064,False,False,False,False,pachytene,28,late,0.7956816132263409,16.71
54,2.4971822358346523,169.25231802450344,82.58400744257393,61.27172136,2.445628522319716,0.7709035222052067,0.1593144141612812,0.3968917112299465,0.9995560065964736,0.0613711350501707,0.1263661643173354,2.270919557669168,82.17282092861885,0.4115540414006554,0.4014052439330976,False,False,False,False,pachytene,28,late,6.889879646332236,16.71
497,6.500210410758689,152.96701283048108,84.34701921599003,51.283398636,2.3047795748019944,0.7150763882535907,0.1853256604760659,0.4289613100016053,0.9976486980754158,0.1069158021851426,0.1453053535505339,2.4693775920096366,74.48444443209817,0.4160657993341273,0.432033510144242,False,False,False,False,pachytene,29,late,7.420520627550328,16.71
109,2.931119890594408,153.9780716380481,83.40433385123954,61.750260072,2.451978892186532,0.749126272602948,0.2970729111229377,0.365687462144155,0.9991770111789317,0.0934438807755261,0.1454064267167755,2.6140219909690665,74.40032423412302,0.417995385370307,0.812368325074899,False,False,False,False,pachytene,29,late,6.040731005337486,16.71
612,7.577317196897969,170.08947838973265,79.28453539749403,64.738781244,2.490913444057897,0.7555257627364302,0.2976264834478451,0.3886171631836371,0.9987320907823,0.0516949246993015,0.0787454279295873,2.06990835802382,79.69955002562578,0.4199520262451808,0.7658603675906221,False,False,False,False,pachytene,29,late,9.183422686879316,16.71
633,7.841311401192152,158.79823154002617,81.27932977816484,62.17719166799999,2.457616784516117,0.7196106541915038,0.2166947723440134,0.4627287405812701,0.997481813094572,0.0666917685863106,0.1124053146314249,2.0336250199745214,75.82722956081095,0.4218130382649001,0.4682976295611247,False,False,False,False,pachytene,29,late,0.9698804869440781,16.71
611,7.646143597335081,164.2418760066614,79.68685141376885,63.38292155999999,2.473401091471316,0.7225018504811251,0.2605522682445759,0.4341157642037876,0.9962912087912088,0.0236458022444045,0.0275278745905963,2.1035116283563813,78.06164694342039,0.4229623475361979,0.6001907549302089,False,False,False,False,pachytene,29,late,4.243240591689207,16.71
43,2.671870989819569,156.5836449952982,79.5940931687923,54.839598084,2.356867772567944,0.8032765848233382,0.1469115191986644,0.4176994998912807,0.9989573150863472,0.0664123520886367,0.1803219685361837,2.3028702563357504,73.11813245426102,0.432242265494372,0.3517158130112741,False,False,False,False,pachytene,30,late,1.6064406655151529,16.71
444,5.819773257752298,168.13646321274254,74.98278156052244,56.27990577599999,2.3773233214090936,0.7810103367789263,0.3036447978793903,0.3814236771983251,0.9993092968642078,0.0621102604399585,0.1140113863499099,2.340565148497353,76.90985688567676,0.4345797278327429,0.7960827185919745,False,False,False,False,pachytene,30,late,10.240695247864231,16.71
565,7.22303408146276,149.232300087284,79.44671490025044,56.43941868,2.379567201285602,0.7517456359102245,0.1648489932885906,0.446676711870082,0.999433347499646,0.1048986137959772,0.183050777007438,2.5921248918554203,68.32770814826709,0.4376103224713798,0.3690566105370134,False,False,False,False,pachytene,30,late,7.1845969271456065,16.71
128,3.416349024110035,148.77395557750015,78.81109620206634,51.07931595,2.3017182141856494,0.708886337543054,0.1986093552465233,0.4533838144817794,0.9978862075039634,0.1340580699207378,0.1855593329913517,2.6163510442857243,67.5457122913207,0.4421608038047611,0.438060091477979,False,False,False,False,pachytene,30,mid,7.133869234029156,16.71
45,2.7284087464820206,160.00056771595823,77.52176836977605,54.17574291,2.347318862838477,0.7560077938947825,0.1595824011931395,0.4124223602484472,0.9996278377372534,0.0386669213711072,0.0709489485654947,2.2375293831419256,73.69298308472293,0.4442416335844862,0.386939255905052,False,False,False,False,pachytene,31,late,2.3482322292054945,16.71
656,7.829525307406169,157.69252686588453,74.86541774378205,65.625485328,2.5022342998539284,0.7767014583929082,0.2306650246305418,0.4315671522330718,0.9991853834516466,0.04025922411852,0.0677334758803438,1.9833861340068504,70.17517213128765,0.4444168899925672,0.5344823475025946,False,False,False,False,pachytene,31,late,2.2573624888155055,16.71
97,2.9455100195871293,163.70112445005282,74.89634011225161,62.275714344,2.4589141691833074,0.8087614886243785,0.1543970686209194,0.3962970258026393,0.9998859879147188,0.0450487230201842,0.1113454759994446,2.2710876033634677,74.021527780781,0.4445228087441138,0.3895993625190893,False,False,False,False,pachytene,31,late,6.873610894063587,16.71
42,2.72254150227052,151.2561795615301,75.58690990099146,63.021671748,2.468693100852555,0.7452542246705873,0.2032596041909197,0.429135008766803,0.9990878884617892,0.0373928577981595,0.05034565374262,2.209685506980883,66.63721815236093,0.4467527103260749,0.4736495509304237,False,False,False,False,pachytene,31,mid,3.167579833290956,16.71
687,8.005041573182293,151.36678067837127,75.66194569090797,53.32187971799999,2.334921480369274,0.7540363380405614,0.1662690128243363,0.4766589161151851,0.9993398371598328,0.055052484259335,0.1111630988141665,1.7885149030602343,66.76547311249222,0.447178485889185,0.3488217826269661,False,False,False,False,pachytene,31,mid,3.1299814022514627,16.71
610,7.582190757408475,163.4752263865659,71.92150639652657,65.937473802,2.506193302445368,0.7633142409904301,0.2848543480597656,0.3669021494062829,0.9987620698192622,0.0257992980948564,0.0407971768544163,2.1240373801754453,71.58259145787893,0.4500630805085091,0.7763768855557642,False,False,False,False,pachytene,31,late,8.591823681855177,16.71
583,7.376996385146038,144.8162073159731,75.24026832895352,57.10561963199999,2.388893266530951,0.6887528754518567,0.2065968586387434,0.4406757291804144,0.9970540098199672,0.1371496972748178,0.1576362294217202,2.460583553242751,62.27284184614665,0.4587981417454381,0.4688183282137643,False,False,False,False,pachytene,32,mid,7.915802907322417,16.71
210,3.9197548326259017,143.76456340876848,74.77410871287387,49.75395138,2.281635800987815,0.692927864214993,0.242762469480293,0.4747428220482113,0.9983271375464684,0.1452556619904153,0.191500573168654,2.820934649864976,61.24415170211697,0.4645727332747139,0.5113557450598798,False,False,False,False,pachytene,32,mid,8.43063907815769,16.71
110,3.0845981175914465,154.23756063088243,71.09069944472846,59.566340754,2.422724906811911,0.717756862127358,0.2503138075313807,0.4329566066694572,0.9994082402544568,0.0260708447259316,0.0386066703449123,2.327274752330198,65.06484598819432,0.4655309814605733,0.5781498738567212,False,False,False,False,pachytene,32,mid,1.9930584339251431,16.71
748,8.17111728113009,156.00107432959632,68.57934115559073,66.74442143399999,2.516375536787834,0.7272343865321759,0.2686581228797587,0.4498131684061332,0.996968524251806,0.0176521668555883,0.0089990535236606,1.8691838512477104,64.2491098596903,0.4670557898028403,0.5972660245401913,False,False,False,False,pachytene,32,mid,4.951347735299436,16.71
686,7.851942941465673,150.20712296395436,69.86210327102899,66.765533436,2.5166408279976427,0.7113344107933385,0.2599531615925058,0.4810126582278481,0.9990910271393324,0.0210966259729643,0.0220060994915601,2.021913417946752,61.55287637371662,0.4677266599285211,0.5404289412054726,False,False,False,False,pachytene,32,mid,0.3350192649515159,16.71
129,3.328140484401681,149.3434805089789,69.0306226305168,59.17694160599999,2.4174340537392176,0.7393665517104689,0.175858611180747,0.4316349809885931,0.999929991598992,0.0679643162701494,0.1012468803336542,2.3590433623297367,60.361924727351024,0.4705646544192903,0.4074243722739296,False,False,False,False,pachytene,32,mid,0.47239656148071957,16.71
94,2.923572888819021,145.55795901871562,70.99205079808097,59.667209208,2.4240916669742,0.7739424437804686,0.1971516336218933,0.4154782608695652,0.9998067881754364,0.0691890792639315,0.1333026560082483,2.278758206530216,58.24158142843035,0.4715730656633357,0.4745173266328534,False,False,False,False,pachytene,32,mid,4.518450375353873,16.71
96,2.9222500096187214,158.1761564041378,68.34939629872044,60.96911599799999,2.441595764822808,0.7598014697395252,0.1552097428958051,0.4728495915425276,0.997531489334768,0.0792452523406793,0.1359805498764101,2.2373170570340024,65.45542128137714,0.472796236855779,0.3282433688680594,False,False,True,False,TZ,33,mid,6.775811881864293,16.71
430,5.904195891263805,160.66000483502856,66.13487937746251,56.52152090999999,2.3807204916696527,0.7234280971155842,0.1532401524777636,0.4201680672268907,0.999373286329808,0.0475112324322889,0.1027628745102003,2.3576094542041246,65.32696877155787,0.4731592082706847,0.3647115628970775,False,False,False,False,pachytene,33,mid,10.101031900885173,16.71
632,7.81451220469343,144.19182361667205,70.8922951377436,59.77511499599999,2.4255520782644315,0.6990424613452633,0.1626815154492848,0.48950319467988,0.9988813483481244,0.0535727129287776,0.0783801900645774,1.7599005709257731,57.068393277842056,0.4741288556256877,0.3323400484764426,False,False,True,False,TZ,33,mid,5.225491174604742,16.71
413,5.816590694074116,138.1080544035441,71.52785134600414,54.548721612,2.3526933372651246,0.7739313666465985,0.1889848812095031,0.420962526155602,0.99878109987811,0.0660979231504493,0.1590287902428761,2.661248842045491,52.467103991280865,0.4859708334717506,0.4489351651687114,False,False,False,False,pachytene,33,mid,9.255915027481677,16.71
107,3.2321286031042686,140.5781986585397,68.96882587583333,63.47675267999999,2.474621018224706,0.767960088691796,0.2410250211531488,0.3811116419812071,0.998743639675859,0.0620631780273622,0.1140649676569575,2.367411803712966,53.007256540365404,0.4876951839366339,0.632426288266035,False,False,False,False,pachytene,34,mid,5.7404549976721855,16.71
130,3.318796992481228,152.22799393455543,64.53036416600203,55.845936846,2.3711971111039483,0.7371361364304616,0.2020910365931404,0.4356024288910195,0.9990950226244344,0.0803232208130959,0.1178784948624038,2.3894105801482928,59.31196066346725,0.4891288459643851,0.4639345953777963,False,False,False,False,pachytene,34,mid,4.653271581789029,16.71
126,3.3483889457523075,143.7618539815775,65.39234255066376,57.29562764999999,2.391539861703281,0.7350665301944729,0.2107574094401756,0.4368721990418791,0.9998535442296428,0.0617052100556616,0.0954947391490305,2.3781675907959747,53.542821249426666,0.4920497314280707,0.4824234865537236,False,False,False,False,pachytene,34,mid,0.9822973044540153,16.71
724,7.860156802045668,151.69673816077298,62.76715830950027,69.71417638199999,2.553156857246351,0.7292977556445371,0.2404645015105739,0.4620261031696706,0.9989227362499252,0.0632288694817464,0.0976037232422641,1.8488616029527851,58.507395935465,0.4921970901603484,0.5204565280205993,False,False,False,False,pachytene,34,mid,5.741316115727674,16.71
584,7.563605482481798,156.06005616779584,61.08422865268241,59.388061626,2.420305459281612,0.7084172690287158,0.1719573752103197,0.4504199403955568,0.9961657018269304,0.0577550323322311,0.088973214800574,2.1127561101733296,59.31196066346725,0.4931721631898582,0.3817712312188211,False,False,False,False,pachytene,34,mid,9.798416122609643,16.71
273,3.912544964028572,155.55502985611793,62.158814217625526,52.17010272,2.317987168303139,0.752023381294964,0.2870071105365223,0.3845874886672711,0.9991214057507988,0.1172250121437845,0.1943001018643429,2.553664815914435,59.31196066346725,0.493857829814161,0.7462726141484772,False,False,False,False,pachytene,34,mid,8.696946340247354,16.71
722,7.955504486758646,144.05925044867757,63.45703668198858,64.307158092,2.485365331344498,0.7165316991318305,0.2550805214723927,0.4819199588212585,0.99893864013267,0.0412519001917887,0.0651635313646897,1.8889471542353224,52.66866498777255,0.498562125383758,0.529300596091312,False,False,False,False,pachytene,34,mid,0.7697598561954465,16.71
146,3.500444073329088,146.76139243177556,61.30623479712905,61.804212966,2.4526928046836143,0.7846813678976734,0.1140090582539434,0.5025559668605676,0.9997090655184452,0.0812215336975188,0.2015742090177847,2.2759589876200463,53.63388878187878,0.498856580953019,0.2268584312432905,False,False,True,False,TZ,34,mid,4.085760922544368,16.71
654,7.848795411089776,137.3896450554482,66.97579298661422,61.3420947,2.446564469032715,0.7662715105162524,0.2309047439285264,0.4105039267015706,0.9997404451365908,0.0534563327666332,0.0798639905930908,1.91955796549506,49.25309033349263,0.5013887578491014,0.5624909505345371,False,False,False,False,pachytene,35,mid,5.953270101626961,16.71
376,5.335955056179714,133.45295651098712,67.37365611688669,55.95149685599999,2.372690183308844,0.7385544189166526,0.2029652351738241,0.4188582424631173,0.998411257376305,0.0969918128030138,0.1605361765432331,2.4615722746472213,46.26795557849594,0.5077034108291556,0.4845678432404163,False,False,False,False,pachytene,35,mid,8.550341964520289,16.71
723,8.070695784662353,144.2240581591642,59.6483711567749,60.04487946599999,2.429195433344044,0.7414540766496074,0.2410550458715596,0.4348745844666062,0.9991726420297848,0.0605095870995303,0.1181621357698439,1.95854852592854,50.604972574561934,0.5118078775102178,0.5543093445371724,False,False,False,False,pachytene,35,mid,3.975109804023923,16.71
428,5.852065740488498,152.99091987196647,56.99553751021637,51.66810622799999,2.31052840242301,0.72586942704077,0.2476949912783453,0.408910235177211,0.9990603912189288,0.0738491607861643,0.1105185961937943,2.3005564477646003,56.23299685021593,0.5118959951724538,0.6057441706515388,False,False,False,False,pachytene,35,mid,11.201501254835362,16.71
124,3.387717746587261,134.71280619880943,64.17538576427678,61.00195689,2.442034073020865,0.7601230532589887,0.2162331951250157,0.4092657903174094,0.9988909185803758,0.0994997713354072,0.1756304729508991,2.36699985998518,45.450801243125234,0.5140082149112349,0.5283441720289259,False,False,False,False,pachytene,35,mid,5.21141799466498,16.71
147,3.559417004048635,149.71343769230808,57.713863615385485,57.9407166,2.400481800249216,0.7830769230769231,0.2098510544167526,0.402575587905935,0.9992799633435884,0.0437952834355475,0.0812767823616014,2.4101649346774927,53.97114631866814,0.5143754924812681,0.521271186631878,False,False,False,False,pachytene,35,mid,8.72321273162368,16.71
125,3.3622657163329444,137.16101676660196,60.50316707772165,62.20299522599999,2.457956708128566,0.7563826978919184,0.2244897959183673,0.4286377708978328,0.999551368326604,0.0535731072613275,0.1170727636482168,2.288564655273277,45.330531855486,0.5205777595925337,0.5237284512938437,False,False,False,False,pachytene,36,mid,0.7995634707110715,16.71
655,7.786144063069216,148.65387439663792,55.11661706890683,63.08031619799999,2.469458606123717,0.7408426611133836,0.2980459307010475,0.4053666236188836,0.9995290318239924,0.0165338098184451,0.0307182498708676,1.9197191290116888,51.6068141553332,0.5207926845992024,0.7352502977187966,False,False,False,False,pachytene,36,mid,10.23261573352431,16.71
685,8.009866450830103,135.1125028895209,61.00393051396024,57.96417438,2.4008057082008265,0.7692432213678673,0.1560094730609827,0.4672044896527534,0.9995437064076658,0.0399232908577178,0.1009815920869118,1.6197724677193517,43.94670717316872,0.5235924616855432,0.333921176949596,False,False,False,True,post,36,mid,2.3908530019644516,16.71
240,3.863429022475052,140.87081894811152,56.71042148228259,56.465222238,2.379929784427812,0.745502887291762,0.244636251541307,0.3935683969964088,0.9988127040664886,0.0493210235659949,0.0611219435154198,2.3729198607939046,46.17093600797409,0.5248346970196762,0.6215851003492522,False,False,False,False,pachytene,36,mid,4.438878305059304,16.71
683,7.962826230956359,131.39594465444685,62.77894896445207,53.12014281,2.3319731276170543,0.7268712740119232,0.2796412764966224,0.3983831851253031,0.9995072677999508,0.056989875219702,0.0944170574580556,1.9721350867729996,41.96571799896111,0.5268033404517074,0.7019404606865299,False,False,False,False,pachytene,36,mid,5.992828285156608,16.71
209,3.76806129895401,143.96692732911993,53.44860536365782,57.860960148,2.399379858836463,0.7719532960350279,0.1732804232804232,0.4353777777777777,0.9995390491241932,0.0552989237707744,0.1238371355941766,2.4193200571403937,46.81662721396558,0.5278350709686563,0.3980001555542592,False,False,False,False,pachytene,36,mid,8.889542790860965,16.71
143,3.4326580678736214,129.18778231424088,62.05132694866708,63.10846553399999,2.469825880136364,0.6778054492064083,0.2724525768004029,0.4505076142131979,0.9993783027665528,0.149421903866494,0.1487964821792709,2.583596663634802,39.74590467483094,0.532295634245779,0.6047679732921619,False,False,False,False,pachytene,37,mid,6.684090554178314,16.71
562,7.194333047123867,128.2043628617608,62.70316193242108,46.44405862199999,2.2298749995563654,0.722056669528764,0.1774289985052316,0.3941486461929856,0.9972067039106144,0.141093186501412,0.2289297894712878,2.5100198993655205,39.32447733335294,0.5329427107593084,0.4501575743542138,False,False,False,False,pachytene,37,mid,7.786089493114538,16.71
393,5.417896935933038,147.03185172933993,51.3370407381626,60.633669744,2.437109718557004,0.7375425564840606,0.2788349101732752,0.372936320754717,0.9987087517934002,0.0439435306773559,0.0659383809491143,2.3420859280334283,48.10075270532564,0.5372754237221644,0.747674320401383,False,False,False,False,pachytene,37,mid,12.382891967388554,16.71
144,3.3960219061383428,131.64220453335452,58.15562958469639,61.67988673199999,2.451047076754325,0.7288354757739408,0.2355526964726064,0.4126227208976157,0.9997891333380192,0.0638817537878948,0.0822044677797143,2.317278815237036,39.479061535207904,0.5374773182653648,0.5708670040277648,False,False,False,False,pachytene,37,mid,2.087413371673215,16.71
721,8.063262332616443,140.69600299382654,51.54102422119027,67.61939662799999,2.527323839574533,0.7542496357455075,0.3606498194945848,0.4105025409373235,0.9983646274984858,0.0643117341455772,0.1019765121167203,1.875299712931764,43.00233361618618,0.5425148476385522,0.8785568505156944,False,False,False,False,pachytene,37,mid,8.557342356908267,16.71
271,4.002009177725229,134.77510333622865,54.582429914423,56.742024042,2.3838123826558757,0.7380214146926289,0.3031669232460963,0.4060280890011046,0.9982876712328768,0.0709855340454652,0.0880458869357704,2.3971245300286665,39.951772349573986,0.5428580665158873,0.7466649019084773,False,False,False,False,pachytene,37,mid,2.641154622833514,16.71
208,3.992948183442357,138.21405536629095,51.30805491364001,59.07841892999999,2.416091727014476,0.748262854873933,0.1862405339494288,0.4361198738170347,0.9995879969786444,0.0338105953082564,0.043906676063842,2.327919653732778,40.847213829224756,0.5457477621058521,0.4270397776634281,False,False,False,False,pachytene,38,mid,7.304426785954925,16.71
719,8.129240037071353,129.38585024328182,56.9435678869329,60.746267088,2.438617364916509,0.7479533518690145,0.2497701149425287,0.4205607476635514,0.9985702614379084,0.0596126214911964,0.1141323706080268,1.8357247166533552,36.938477038718,0.5479763162288426,0.5938978288633462,False,False,False,False,pachytene,38,mid,2.4124651486410387,16.71
720,8.006087728382331,135.55079223315113,53.77361764553503,63.42514556399999,2.473950207398068,0.727568607145499,0.1942682126449354,0.4735270160195493,0.9994770900058828,0.061855658739683,0.0973744615441621,1.84884795640553,40.11292155615975,0.5487491236741675,0.4102579284239089,False,False,False,False,pachytene,38,mid,3.7501638582906773,16.71
564,7.353408289424264,143.75570718582756,47.847720022402505,56.540287134,2.380983944065996,0.7252209268555782,0.1695297805642633,0.439377925411445,0.9965164886205294,0.0286336846098621,0.0550840122252914,1.983065659039142,43.34567706164326,0.5509424375108868,0.3858404593392152,False,False,False,False,pachytene,38,mid,13.34110666190842,16.71
321,4.469200211864317,140.61988257415427,47.57661639300753,53.145946368,2.3323506583745965,0.800582627118644,0.1804824959187375,0.4262948207171315,0.9976375295308808,0.0890127260474122,0.2044219374288187,2.245252385515157,40.63629238170577,0.5514344611128161,0.4233748268747955,False,False,False,False,pachytene,38,mid,11.739192859868169,16.71
653,8.18237186549778,124.4684392358196,58.68295947732598,53.228048598,2.3335510802303325,0.7449649640826759,0.1719845471455143,0.4224987039917055,0.99553261957945,0.1290001095506568,0.1871342953759085,2.0520643327362253,33.94779332298821,0.5523090392378084,0.4070652655750886,False,False,False,False,pachytene,38,early,6.685897613710466,16.71
427,5.598920789223972,122.64324361329568,60.22674659142221,56.948452506,2.38669966769768,0.7269020060139226,0.1721812960419527,0.418552036199095,0.9964399333434328,0.0826048486814517,0.142193766503162,2.553684245835301,33.35975788652876,0.5547986281779499,0.4113736910840168,False,False,False,False,pachytene,38,early,9.002971639199949,16.71
142,3.579942051381152,124.92534909793058,57.134427514005424,60.72046353,2.438272027282811,0.7247826926791578,0.2111615546451113,0.4512914093206064,0.9979586090384344,0.0592218282851986,0.0725064451981835,2.388568614124216,33.41960972472805,0.5549008039880463,0.4679051058450305,False,False,False,False,pachytene,38,early,5.160204345045818,16.71
207,3.905389028035705,128.2537040559112,53.09353468126312,58.067388612,2.402229865937157,0.7437989819827099,0.224978614200171,0.4251024913276569,0.999856938483548,0.0775727786796563,0.1082270805193556,2.2318863113537897,33.77955436862325,0.5587067730897204,0.5292338172320048,False,False,False,False,pachytene,39,early,0.0625536873881344,16.71
297,4.459379914625658,131.14030211188444,48.767754403505,62.64634726799999,2.46378258667955,0.7719988017673931,0.1463619795317537,0.4053210707833798,0.999386352479136,0.0611088123184633,0.115191492604078,2.329449326879899,33.61443787263118,0.5667260044857014,0.3611013344282207,False,False,False,False,pachytene,39,early,5.260395536746473,16.71
479,6.168585173095472,139.49464696761532,43.578050962116365,54.61440339599999,2.353637246428488,0.7776393780603041,0.1168543159331286,0.4454317172107398,0.998353118781308,0.0440769989126462,0.0830832326189305,2.0750785589040266,37.39666698565681,0.5670212645363262,0.2623394594908096,False,False,False,False,pachytene,39,mid,14.339098236726235,16.71
652,7.645723032595576,123.16186389789098,54.61667685034978,52.104420936,2.3170139833882923,0.751305600576265,0.2167871827591095,0.3971759594496741,0.9992304732589458,0.0613658573330446,0.1327130590194242,1.8191585649913904,30.52124327727728,0.5672588122443964,0.5458215121063451,False,False,False,False,pachytene,39,early,4.136280328632149,16.71
747,8.330523155099229,130.64215617276616,49.29729533433461,60.936275106,2.4411572992005905,0.7436578511760403,0.2720017492073904,0.4300946088001201,0.9991023339317774,0.0719286328819556,0.1074730537820298,1.9829269609334248,33.51683173356741,0.5705873896789042,0.6324230614427419,False,False,False,False,pachytene,39,early,4.539953994564888,16.71
684,8.117218516910633,135.76169840167304,44.917842787797866,59.439668742,2.4210063230500616,0.7161292868700422,0.1962230416806347,0.4568330321145558,0.9980859835100118,0.0804292740006468,0.1179301595401836,1.994067008511076,35.137610158624284,0.5711992028117122,0.4295290136362769,False,False,False,False,pachytene,39,mid,11.079250175179299,16.71
717,8.27233366063482,124.85199938280114,51.87022094262937,50.16915408599999,2.28796506902548,0.7053350165988685,0.1867337720996257,0.4606474135195176,0.9994892747701736,0.0810313237951321,0.1257833146163925,1.8644327562212533,30.30038561310928,0.5716116010349445,0.4053724532455533,False,False,False,False,pachytene,39,early,0.9190144237708394,16.71
581,7.407636363636938,118.52383399017198,57.96195776904233,47.7365823,2.250371596834068,0.7412285012285011,0.1747375019589405,0.4265096847702241,0.9994748358862144,0.1042263081519962,0.1537420991201994,1.8445180971726676,28.69124591216607,0.5722915287692034,0.4096917565965186,False,False,False,False,pachytene,40,early,9.554152188832463,16.71
174,3.755096278285418,118.9320538138743,56.277473418565286,59.81499322199999,2.426091350679706,0.7496764579003098,0.1860494771741903,0.4217452608491305,0.999048007615939,0.0692093126236549,0.1046241015166687,2.306490344536632,28.044425168769475,0.5746794116849492,0.4411418323933345,False,False,False,False,pachytene,40,early,7.946124242129577,16.71
206,3.945348696179325,121.39933488174492,51.65022496058283,58.02281882999999,2.401615095932633,0.7611481706084495,0.1836396296808069,0.4160460392687881,0.9996577686516084,0.0578061219767213,0.0903492316170029,2.182779685675024,27.362871667589996,0.5775797118590993,0.4413925680041527,False,False,False,False,pachytene,40,early,2.7466637908131344,16.71
270,4.1095976732911845,134.11541535385453,43.6849897237032,58.07208016799999,2.4022945602673063,0.7656325739214735,0.1712612483930866,0.431575318855567,0.9995357782346308,0.0461495229613446,0.0921424880147681,2.444526109479585,33.08139566768986,0.5777882705369054,0.3968281801823837,False,False,False,False,pachytene,40,early,11.125688504752238,16.71
268,4.187111782230522,124.8383554095402,47.40109299269338,57.478598334,2.394082910382329,0.7688446312696404,0.155886736214605,0.4313206214689266,0.9991992526357936,0.0463899336188276,0.0818087669351431,2.2130871723650136,27.691844228663893,0.5817824400727677,0.3614173041013192,False,False,False,False,pachytene,40,early,2.7098700655097425,16.71
392,5.380511361186475,135.4020271374965,40.25948019661073,54.405629154,2.350634337151994,0.7309101884189195,0.2052718706226919,0.4238102868130107,0.9989016161933156,0.0775949172030947,0.1315284082540973,2.289343489255379,32.1375019295982,0.5828060460135814,0.4843484856545256,False,False,False,False,pachytene,40,early,14.661017345638056,16.71
375,5.327059942911252,114.75722520456443,56.199033939106286,49.30825356,2.274802361542196,0.7403425309229306,0.1223669400225117,0.4402711615976548,0.9994161801501252,0.0444204684866778,0.069826254617966,1.857647351940188,24.601512297478116,0.5855662954756131,0.2779353968551264,False,False,False,False,pachytene,40,early,10.30868590899592,16.71
651,8.007200501449438,117.00022445350127,53.27592065345068,59.87832922799999,2.426947349737568,0.7575021546658309,0.177845663434719,0.4571890145395799,0.9987554856880854,0.0439580978163539,0.0850851281092726,1.7336145930042242,24.727882595003322,0.5891946237116729,0.3889981118943149,False,False,False,False,pachytene,41,early,6.626340534182342,16.71
239,4.087737992634783,127.23132027736244,43.03067531536408,59.87832922799999,2.426947349737568,0.783005562955418,0.1900862699225033,0.3959198411265571,0.9993107337552478,0.0092357416764755,0.0243061202726741,2.2180206741114388,27.099083870166503,0.5908705081965676,0.4801130182857938,False,False,False,False,pachytene,41,early,7.657138674584657,16.71
609,7.450780065971066,132.39113079700664,38.85288327092935,52.625183652,2.3247076158473603,0.7523401979138807,0.2034408602150538,0.4233261339092872,0.996269236748018,0.0892164962421034,0.1649350536746781,2.174262117916566,28.869835408131443,0.595407631210047,0.4805771340794383,False,False,False,False,pachytene,41,early,14.055734610879423,16.71
173,3.5455447463277223,114.65126758264688,52.079627712104354,60.52341817799999,2.4356316718601274,0.7592728963993643,0.1292583765596523,0.4324585412976976,0.9997468995191092,0.0831314029192913,0.1453834332642465,2.6191233103462355,22.12110621040344,0.595514534504564,0.2988919496693971,False,False,False,False,pachytene,41,early,7.0180445848909,16.71
746,8.253632934230467,121.66945026652364,45.5379873749388,57.20883386399999,2.390331650256448,0.7695177956371986,0.2560878771836951,0.4440491015833481,0.9983979707629664,0.0601379889152504,0.1124961729070339,1.8279748493354624,24.030274935405497,0.5962245895882224,0.5767107202121595,False,False,False,False,pachytene,41,early,2.3842435017704,16.71
296,4.283232388927079,129.63359882931624,38.74930505670652,57.708484578,2.3972703844309127,0.7367993171009308,0.2580497307207516,0.4251737451737452,0.9975877192982456,0.064173508214162,0.0852058693587564,2.1046820306732856,26.565656636293213,0.600950006563839,0.6069277175506237,False,False,False,False,pachytene,42,early,12.537356796662506,16.71
682,8.064768217024069,113.23056918808592,51.43580610766547,60.875284878,2.440342587763674,0.6961581441948288,0.154876741693462,0.4544071020925808,0.9971556886227544,0.0748364047862381,0.1023601013327713,1.8241980196065488,19.744916503447968,0.6015636593089909,0.3408325727750343,False,False,False,False,pachytene,42,early,7.2083052635487475,16.71
238,4.139889455782079,121.3122127678566,42.33654206632476,55.17269855999999,2.361630083082781,0.7273384353741497,0.2523898344602471,0.436145329798846,0.9993773349937732,0.047002366542864,0.0619803976233109,2.210494653102373,21.87890142844615,0.6032152807186185,0.5786828775093188,False,False,False,False,pachytene,42,early,4.781838698640411,16.71
236,4.222136119916857,116.6019403545859,45.89021234002622,59.936973678,2.427739403417593,0.7306171969785918,0.2348821698532681,0.4037483655382827,0.997760762785322,0.1078047939350063,0.1610429088786534,2.4236280098399665,20.01971657984979,0.60363136909028,0.5817538593379074,False,False,False,False,pachytene,42,early,0.7241523739265185,16.71
718,8.213663689454336,127.77203120920606,41.24740456458117,54.62847806399999,2.3538394142053303,0.7368601855032635,0.1432965189431008,0.5097911227154047,0.9985396129974444,0.0854473798528617,0.1334199913402428,1.468473224403009,26.502665346076903,0.605359196787078,0.2810886901675165,False,False,False,True,post,42,early,9.422558688784063,16.71
714,8.047942103986554,117.91936415460478,45.282610200533895,58.02047305199999,2.401582730897106,0.7798981159537479,0.284155161078238,0.4357090374724467,0.9990829894543788,0.0455656922273672,0.0621969463935962,1.9514857465125213,20.880038574864805,0.6065300917524021,0.6521672415303237,False,False,False,False,pachytene,42,early,0.44402222503769023,16.71
266,4.510702464141643,113.01997210371545,49.46963964692938,51.025363056,2.300907526560382,0.7201636631114381,0.2318273599192327,0.4105470675209463,0.997151734852408,0.1224667096208405,0.1892207901554235,2.326405787708361,18.61117497030527,0.6067170104050063,0.5646791275823809,False,False,False,False,pachytene,42,early,5.588184336180645,16.71
461,6.440215243621134,109.31708756463313,53.48808926724622,55.79902128599999,2.3705329195001466,0.7322487072770841,0.1217595146166574,0.4388444025749725,0.9974310540234228,0.0934506549288304,0.1510021257585462,2.4017981779590225,17.308716914071322,0.607026649913167,0.2774548653286194,False,False,False,False,pachytene,42,early,10.895056698745124,16.71
295,4.2761414790994525,124.61752037298773,38.25384904180186,54.71527184999999,2.355085348806966,0.737663451232583,0.2151103129810159,0.4355286811570518,0.9986366734832992,0.1156901088742647,0.1645466272418244,2.183494717079744,22.195796876028858,0.609792711180505,0.4939061932948729,False,False,False,False,pachytene,42,early,10.025217187012872,16.71
234,4.001981623406635,108.72622059533232,50.56702035398372,55.400239026,2.3648722021323474,0.7124105517212178,0.1820809248554913,0.4422850412249705,0.994762320450758,0.0885371584424177,0.1385566551933129,2.346081714310154,15.380914326202532,0.6145916621729324,0.411682304133987,False,False,False,False,pachytene,42,early,8.622317260612009,16.71
462,5.965408721163037,127.38933724496506,34.55263432457592,52.77296766599999,2.3268816923730498,0.7856158598924301,0.1946902654867256,0.3727970143064483,0.9997134465219571,0.0683053343163133,0.171126863860043,2.232777557318734,22.30027049691424,0.6170306923500614,0.5222420191559942,False,False,False,False,pachytene,43,early,14.648099882618205,16.71
608,7.613705941591672,125.14020829305134,36.58387087613304,46.58715108,2.2321627063472134,0.7479859013091641,0.2749529190207156,0.4041958041958042,0.9983163491360212,0.1680983852118099,0.278821188150132,1.970163781347575,21.650557053462038,0.6174031918575383,0.6802468411758189,False,False,False,False,pachytene,43,early,11.687968903739796,16.71
412,5.277598509294091,115.73514471208478,41.95232304231101,51.614153334,2.309723888645828,0.7070853974458029,0.2054980276134121,0.4518231186966641,0.9987000606638357,0.0701639479997071,0.0945240032580506,2.0237922679625453,17.359330525136645,0.618106688604961,0.4548196387254263,False,False,False,False,pachytene,43,early,2.305806841443681,16.71
716,8.212619344126058,119.99481528642384,38.070349688669,45.207833616,2.2099122478136706,0.7463158987131591,0.1946960961950254,0.4381264062180405,0.9997358457339086,0.0538675215893594,0.1063103347965153,1.8261453421335092,19.21526930377967,0.6228038753471007,0.4443833866935012,False,False,False,False,pachytene,43,early,7.761996149945142,16.71
204,3.794940476190312,109.3438330627685,45.910765922619305,52.019972928,2.3157615431532435,0.7366071428571428,0.1598101265822784,0.4834788563602123,0.9992099233625662,0.0894887522074458,0.168495089110525,2.481586297421338,13.673601683469547,0.6246597647779387,0.330542120880697,False,False,False,False,pachytene,43,early,4.246562008144449,16.71
373,4.855505260582189,105.45894015781928,49.60414261071709,38.34877874399999,2.091964495846904,0.7310374357719599,0.0896480331262939,0.4732772344780532,0.9979162325484476,0.0938988468301928,0.1491787372880697,1.8725902323942525,12.054802033157586,0.6267870125694386,0.1894197028622367,False,False,False,False,pachytene,43,early,9.356641453246915,16.71
542,7.504676608135301,106.56709010412152,47.66570353833761,53.16940414799999,2.3326937621275787,0.6301508867907879,0.2413574660633484,0.4648693785041154,0.9956549385332768,0.1043967307438017,0.1017393754603752,1.923019040975168,12.089295551192414,0.6282239667017736,0.5191941590990633,False,False,False,False,pachytene,43,early,7.124075096331479,16.71
237,3.722172744076651,120.3357497059281,34.89356026298006,55.838899512,2.371097506083621,0.7785666274575702,0.1789719626168224,0.4264845380383229,0.9987213136819436,0.0790639306275679,0.1435888816115822,2.1478223636157714,17.979991068020666,0.6287933035530561,0.4196446685735192,False,False,False,False,pachytene,43,early,10.708572979731173,16.71
205,3.7742558326628672,115.03463397526023,38.24714043644566,46.652832864,2.2332112328028813,0.6861926790024135,0.1669781099839828,0.5242749559365486,0.9999032882011606,0.0839137869356152,0.1032737627492512,1.9102289913330173,14.95691986365238,0.6292659050684953,0.3184933937683488,False,False,False,False,pachytene,44,early,5.21226799700731,16.71
356,4.80941152135697,122.96034104871175,31.93219171579328,45.362654964,2.2124321043270525,0.6740097217912917,0.1831022418038097,0.4606598984771574,0.9984067976633032,0.1325370701791939,0.1280436938178497,2.1075283069205777,18.848558148287765,0.6325648165818432,0.3974781447421545,False,False,False,False,pachytene,44,early,14.569113695221475,16.71
650,7.7303433832534685,108.70157915596138,43.76919657802205,59.364603846,2.4199867506147177,0.6955387837357253,0.2111998361998361,0.4969500324464633,0.9997708524289642,0.0720097520739765,0.1156213563488769,1.9455118042884816,12.077162224031214,0.6339547493698763,0.4249920966100124,False,False,False,False,pachytene,44,early,2.681253606941674,16.71
713,7.719307738213526,117.36192871295268,35.90668726476963,58.96113002999999,2.414491771757484,0.7470061666998209,0.2111400570648802,0.4411070923101116,0.9993974290305304,0.0749369417611366,0.1490315651429802,1.7515054864607582,15.86493437010657,0.6347625946543509,0.4786594020946786,False,False,False,False,pachytene,44,early,8.385520508385522,16.71
460,6.411823935557972,101.35979577100144,50.17888575949412,48.92354596799999,2.2688708352051856,0.7715765247410817,0.1336606655755592,0.4582283795130142,0.9992197862214248,0.0745500077480489,0.1551272216469145,1.9814421993251183,8.742618355548212,0.6369566339226408,0.2916900644992964,False,False,False,False,pachytene,44,early,11.839130864467915,16.71
233,3.666984379136782,107.7333198437902,42.64482390786238,53.160021036,2.332556532738661,0.7739387520960197,0.0695604794769342,0.4721842670310365,0.9998596589713002,0.0658284810252208,0.1251087421142953,2.4837012401491667,10.68636477368294,0.6373141557670385,0.1473163854321347,False,False,False,False,pachytene,44,early,2.164124562009046,16.71
265,3.995712605115063,113.33657995294266,35.40695581456002,53.837950878,2.3424300863566723,0.756481199076293,0.1392268596950562,0.4841653247450349,0.9994270161867927,0.0859806477417281,0.1551805582806635,2.180006900644829,12.098589281794322,0.6407839181729176,0.2875605760663966,False,False,False,False,pachytene,44,early,6.879595929334833,16.71
582,7.524253824931842,121.61979173814908,30.30344826185036,46.76308442999999,2.234969049139538,0.6259844494607474,0.1949902828762686,0.4609710300429184,0.996270003609674,0.1172246302040896,0.1174462173117711,2.034404471925197,16.888216632320372,0.6424096981918745,0.4229989959631827,False,False,False,False,pachytene,44,early,15.34817648703397,16.71
355,4.627648878577263,118.8224851653138,31.12116819895583,48.52945526399999,2.2627623072442677,0.6997293116782676,0.170295178309069,0.4491307147456536,0.9987070557813076,0.0759842591601045,0.0841152086258559,2.0799622708036054,14.833388571849984,0.6432554897400913,0.3791661819555329,False,False,False,False,pachytene,45,early,13.28147099280632,16.71
712,8.203979806479193,112.04993192259268,36.09474066891,55.75914305999999,2.3699680638548632,0.7633992427429533,0.2425589225589225,0.4178520625889046,0.9994287346472436,0.0430256297153014,0.0816278825975272,1.6296747895132055,11.30393249611257,0.6442014649042668,0.5804899491367576,False,False,False,False,pachytene,45,early,5.656063439841128,16.71
561,8.158221489090687,105.13505829646694,42.94557719876996,93.856923558,2.81920009803831,0.7955562220389393,0.2076714451762882,0.4679706601466992,0.9978437058517362,0.1996153022420783,0.4147208903877521,1.7544958412777931,8.556238091753288,0.6455043022336623,0.4437702250632282,False,False,False,False,pachytene,45,early,3.682009909860387,16.71
340,5.057257712984887,101.39553012059883,44.12757380248971,48.433278366,2.2612665188813583,0.7481474306194604,0.1956689868522815,0.4309615384615384,0.999322435843144,0.0509249776740605,0.1032097070323111,2.0282277449742807,5.852174381449656,0.6504808300517739,0.4540288851547808,False,False,False,False,pachytene,45,early,6.5226482888054065,16.71
390,5.257217684659049,98.72072847123704,47.1319696289052,52.845686784,2.3279499863009177,0.7234552556818181,0.160377358490566,0.4324237560192616,0.9948411398624304,0.0512654366113652,0.0932665748797358,2.3332784559252024,4.9604120802648275,0.6515188421945544,0.3708800829236177,False,False,False,False,pachytene,45,early,10.445111563763753,16.71
235,3.9418320003533447,115.81440059652918,29.34430875347832,53.087301918,2.33149245706286,0.6798197163183244,0.311805489600152,0.4221639525255313,0.9969582449995392,0.1132110880880221,0.1064851078982936,2.191873336107642,11.341245793334531,0.6536643897765059,0.7385886164245509,False,False,False,False,pachytene,45,early,13.38511015724285,16.71
715,8.163449151346857,116.98327800084958,30.04572159950983,49.892352282,2.283749456238155,0.6619963326907706,0.204052258635961,0.484629294755877,0.9994016753091344,0.0709059734885117,0.0727792348044941,1.853030766047831,12.703511218083396,0.6544239947981062,0.4210481306928598,False,False,False,False,pachytene,45,early,13.335237525042364,16.71
629,7.678182938441352,96.53267390354368,48.38706661065212,41.879174634,2.154285052958739,0.7644093429675685,0.1347459370499897,0.5092724679029957,0.9981463500750288,0.1506633375283276,0.2978589862954981,1.7994228502418814,3.650293052528561,0.6553716215669937,0.2645851593054419,False,False,False,False,pachytene,45,early,12.600671666836126,16.71
201,4.235932872655707,102.23728474827163,40.16001729336771,52.27800850799999,2.319584200377447,0.7985282239971283,0.0707781456953642,0.3913140311804008,0.9978439282236752,0.0330680167636855,0.0786045405769806,2.0446565257126905,4.6736685408264265,0.6583547634323091,0.1808730074969751,False,False,False,False,pachytene,46,early,2.6417747415351718,16.71
858,9.726734926051632,103.95273978547054,38.60665304729488,14.433572034,1.5104107625584438,0.6281488704696896,0.3446004010312231,0.2888986013986014,0.9738532110091744,0.5002484364984763,0.4536520396571885,0.8321347012462488,5.425913222333958,0.6592832772547854,1.19280743957555,False,False,False,False,pachytene,46,early,0.453201141042798,16.71
710,7.954222386405634,107.50924997044716,33.26976000000062,63.50021045999999,2.474925812047005,0.7349833764314739,0.2463494064502573,0.4626428770560357,0.9984246800131276,0.083844054947358,0.127910214627344,1.5691778897283208,5.963608802684876,0.6627941751796368,0.5324828688985075,False,False,False,False,pachytene,46,early,5.937579371302406,16.71
342,4.561869054280951,103.85168204252795,36.464240313374205,41.91905286,2.154968621130273,0.7152770005595971,0.152423788105947,0.4656053459119497,0.9979598082219728,0.1421013672339777,0.2090186611294273,1.6093466281803257,4.303000545172404,0.6628510292301303,0.3273669201701387,False,False,False,True,post,46,early,1.3741499772002113,16.71
711,7.943474252601312,111.50560678256493,30.49801027261881,53.43447706199999,2.3365638400652298,0.7403749067123228,0.149431899899324,0.4683801149814001,0.9992309467046068,0.064935427221468,0.1322094487414863,1.7150450040740213,8.125005577228466,0.6635668947308367,0.3190398036117698,False,False,False,False,pachytene,46,early,10.29439337972574,16.71
232,4.365996750986524,97.7571294639108,42.26115826409678,50.53978701,2.293585491193459,0.770480389881643,0.0510458645173671,0.4450960566228513,0.9995484987583716,0.0842457577566358,0.1725801848114851,1.8770069897054944,1.7648137859521833,0.6648838940289771,0.1146850522664155,False,False,False,False,pachytene,46,early,6.64491710296926,16.71
631,7.807479645701504,115.04300973427456,27.311909277982025,52.437521412,2.321941009900311,0.6541111210521606,0.2229145728643216,0.4474909467149509,0.9954941423851006,0.0725813814215852,0.0810411099884955,1.7178865721618444,9.684429236689859,0.6649180047103533,0.4981432015569175,False,False,False,False,pachytene,46,early,14.792465971525662,16.71
202,3.6710133756517176,106.61608845159948,33.52584984810706,51.73613379,2.311541991487176,0.7461346633416459,0.2551549820407077,0.4552598678335417,0.9987464744594172,0.0569902672928066,0.0928410460806792,2.1631903611004613,5.305100317740849,0.6650471884817829,0.5604600802063251,False,False,False,False,pachytene,46,early,5.282074921042774,16.71
354,4.898466630969144,94.12272182252008,45.64506809618911,48.189317454,2.257463421030429,0.775105875480699,0.084423305588585,0.5556277056277056,0.998079196217494,0.1205981650351665,0.253207042020467,1.7347393366797763,0.21594905152473895,0.6670776024085555,0.151942217303959,False,False,False,False,pachytene,46,early,11.363050493408476,16.71
411,6.131218241598615,100.36196469533331,38.061052073104186,54.93577498199999,2.3582447814836422,0.7983688458089585,0.063838223632038,0.6243117323168149,1.0,0.2166816656095211,0.5377569048063684,1.532346310611689,2.0179840853793225,0.6701396005411284,0.1022537625476539,False,False,False,True,post,46,early,1.7091331330246424,16.71
649,7.809615552261816,103.83816462383233,35.87206426641069,53.81683887599999,2.342123859655472,0.7386016912213408,0.2156683233063039,0.4353843588460897,0.99792817679558,0.1346336729195292,0.1898799307090484,1.7694282755448243,4.005244514643776,0.6705091208051015,0.4953515644840691,False,False,False,False,pachytene,46,early,1.8862012807717998,16.71
520,6.34781427315608,113.96700760009468,24.53248158714918,29.352720114,1.9136091903136996,0.7315591784544074,0.0041506077675659,0.6097052694254242,0.9994797763038108,0.1689282961583635,0.283121292790331,1.6284639326469093,7.400174367697194,0.6723010027847309,0.0068075642047138,False,False,False,True,post,47,early,16.706931582293166,16.71
264,3.949992735725541,110.33922779311412,27.19265673398265,48.43796992199999,2.261339530085867,0.7525788173761441,0.1375759621877109,0.4627128596594245,0.9990986561783022,0.0655650451050942,0.1123653609580229,1.9796481244584057,5.507675048415914,0.6740950580725319,0.2973247000071977,False,False,False,False,pachytene,47,early,12.625784137482299,16.71
341,4.996266567108287,100.96802058988308,34.444332835541495,37.698998238,2.080081733627602,0.7324373094393628,0.1174055829228243,0.5372093023255814,0.9988340046639812,0.0561738139939857,0.1088918553410717,1.7230407536823515,0.802466881894397,0.675171086877035,0.2185471889905388,False,False,False,False,pachytene,47,early,1.7507049728275348,16.71
578,7.653416797079442,94.82685196922291,41.54936750130274,53.962277112,2.344231799466176,0.7250912884715701,0.1733333333333333,0.4677419354838709,0.9970946211228896,0.046051787195667,0.0509777048768402,1.6803076386078266,-1.144948142868745,0.6765794193333157,0.3705747126436782,False,False,False,False,pachytene,47,pre,7.5240328181245095,16.71
478,5.801864856890319,111.05176590734878,23.751612056652952,39.74920821,2.1171256031464445,0.6669223959870167,0.2234452394056136,0.4252303330970942,0.9942641115891018,0.0622845757317099,0.0887615132346981,1.7828277594690094,4.470226429455207,0.6799812165622603,0.5254687213355348,False,False,False,False,pachytene,47,early,15.983193763761555,16.71
745,8.204588054273115,106.05022113582582,28.42148101832345,50.30990076599999,2.290102656169684,0.6704900452277708,0.1209105610150516,0.5266732701287675,0.9988055861815508,0.1136923033404714,0.1399310374822222,1.4054464422134032,2.345034059828875,0.6803994491659909,0.2295741361347043,False,False,False,True,post,47,early,9.478834947336669,16.71
343,4.329334127220562,106.63403712414556,29.106584191722323,47.276809812,2.2431234966547478,0.6880519996030565,0.2681024447031431,0.4623826944488627,0.9977940439185802,0.0933862903912162,0.1060965474157663,1.8533404476551207,3.1870772487079093,0.6805645908189241,0.5798280254037361,False,False,False,False,pachytene,47,early,9.160761473935656,16.71
518,7.294134746921701,91.05428985122902,43.53700742134037,54.87243897599999,2.3573381516192646,0.7426898084815321,0.1635630906058921,0.4548928393420834,0.9972161613121662,0.0620206923248777,0.0933760326258743,1.8298174041147492,-3.4889538094252956,0.6808175815070354,0.3595640037826387,False,False,False,False,pachytene,47,pre,11.538632208719054,16.71
580,7.943849765257791,109.5534383255089,25.8714124413156,44.96856426,2.206006583346278,0.6653103808033385,0.2268948066032051,0.4537094763092269,0.9949855137062624,0.1004704702184573,0.1133815083501143,1.5244087323763098,4.181614366222416,0.6810066618349501,0.5000883130079575,False,False,False,False,pachytene,47,early,13.403418135867817,16.71
607,7.24698124871243,103.07590301875028,29.32226405316165,45.536242536,2.215250589259249,0.6822583968679168,0.142499652439872,0.5107003891050583,0.999603056465218,0.1578995875276657,0.2029949634868192,1.6267071708350571,0.17529931627403644,0.6835558011187803,0.27902789087274,False,False,False,True,post,47,early,7.253923830004764,16.71
40,2.6903511980977703,92.6056768748849,40.10935171026135,51.29747330399999,2.30499040352388,0.7200475580757271,0.0833957179218446,0.5285854295981706,0.9997583568264196,0.107723394325037,0.1575660317485947,2.0745726243490985,-3.7853446886190882,0.6851272484860584,0.1577715034355787,False,False,False,False,pachytene,47,pre,8.17676828181651,16.71
775,8.43488305269862,99.41089831618936,32.64336639273672,40.818882978,2.1359487870492333,0.7442675708292628,0.1523809523809524,0.488314606741573,0.9997036744369814,0.1234052581205683,0.242440534387772,1.7014643592908492,-1.4306849022824533,0.6857001305687463,0.3120548725702891,False,False,False,False,pachytene,47,pre,2.946647664058531,16.71
496,6.570562896277679,95.8469991433133,35.50760775373791,48.46611925799999,2.261777498339705,0.7695658487004501,0.1460089686098654,0.4839319470699433,0.9995340529626464,0.0840943408499418,0.1795264115164078,1.6131053450291593,-3.1687142570963482,0.6882183400226396,0.3017138452914797,False,False,False,True,post,48,pre,3.573950699733844,16.71
262,3.9113738233976343,102.52778839645757,27.632288693411144,41.867445744,2.1540839209176705,0.7596369341102645,0.1356034656457787,0.4459207459207459,0.9998144368157358,0.1026357560392886,0.1808365895070077,1.9106103548832165,-1.120659099052021,0.6899718033260611,0.3040976830216366,False,False,False,False,pachytene,48,pre,8.543039152208566,16.71
606,7.478501795792412,91.54427127126137,37.81879000276383,59.43497718599999,2.4209426249293178,0.7764139400876189,0.1502924853757312,0.3978817299205648,0.9985054259536033,0.0473363226330703,0.084647631390499,1.931994608148345,-5.820779425200083,0.6938477841342293,0.3777315570778694,False,False,False,False,pachytene,48,pre,8.185023389404522,16.71
372,4.647655974620945,98.04416941839813,29.17820356009723,33.27486093,1.9953046434863464,0.7373986605569263,0.063364344983656,0.5766442953020134,1.0,0.1418660477814478,0.2552919697495291,1.4191418133244338,-4.300625247364327,0.6961250088076468,0.1098846299181186,False,False,False,True,post,48,pre,6.5577468215859644,16.71
317,4.6594680697013935,85.84738221750044,44.16007907998303,48.597482826,2.2638191110136168,0.7664719795337163,0.0685406237966884,0.4510128152128979,0.9994530395374276,0.0800008848248194,0.1474783201029374,2.0527216377038773,-7.747888875056137,0.6962883621582214,0.1519704573457281,False,False,False,False,pachytene,48,pre,16.051859982786606,16.71
630,8.274530949105769,106.71905834938292,22.5012243466292,42.63451515,2.1671596516987037,0.657111416781293,0.1869536855838225,0.5187740693196405,0.9959193191092456,0.1285273018634015,0.151134859456847,1.6370906107436092,0.07228525901714693,0.6963433073349421,0.3603759259382561,False,False,False,False,pachytene,48,early,14.986229536921474,16.71
604,7.816201671151604,86.79164965302216,41.94016812066118,49.690615374,2.280667227586729,0.7476278147571165,0.114314115308151,0.4637111859334081,0.999518033576994,0.0914267494240179,0.1511398625107294,1.7750594204200936,-7.9928120905830164,0.6967298468437143,0.2465200727863556,False,False,False,False,pachytene,48,pre,14.135058105528847,16.71
816,8.448353145122093,102.92557226968631,24.5174383729567,37.889006256,2.0835705093790184,0.7150817236255572,0.1255937678130344,0.5523685354193829,0.9991264468224504,0.0941799954382091,0.1377373511996143,1.2460045971914702,-2.2762474984551835,0.6977865858073196,0.2273731390541244,False,False,False,True,post,48,pre,11.614243751646745,16.71
294,4.8257011101622656,105.65185320922376,21.506596888129845,68.67265094999999,2.5403783397445063,0.7317506404782237,0.1348463148617384,0.5392843499299631,0.9997686657798854,0.0818558503682906,0.136245476790069,1.8226841665143527,-1.3425161113602913,0.6998674929714116,0.2500467793646357,False,False,False,False,pachytene,48,pre,15.400592119550032,16.71
744,8.079878942639448,98.88196118598395,27.204896495957293,49.606167366,2.2793745152635267,0.6809949401806403,0.1194361049471348,0.562555588496887,0.9964622641509434,0.1418877052238992,0.1680475014089063,1.4752220869372097,-4.519723848669715,0.7001266149085084,0.2123098719297422,False,False,False,True,post,48,pre,8.40234768019612,16.71
371,4.837017161384036,94.11622342780667,31.85844675498978,41.963622642,2.1557320962505826,0.7003186315612946,0.1322434444804143,0.600074612945346,0.9958296097706284,0.1671414987732533,0.2472605696086619,2.091287929960314,-6.446295418644964,0.700611365880097,0.2203783356728322,False,False,False,False,pachytene,49,pre,6.484946842349067,16.71
772,8.47367803645541,93.39553743909072,32.608639415268776,51.991823592,2.315343761880755,0.6784876376105395,0.1498449057504175,0.5141734493404434,0.9832643512686702,0.1657624325503134,0.2102309180366444,1.645186134499624,-6.715198165263559,0.7029673832019123,0.2914287113475642,False,False,False,True,post,49,pre,6.721804823407668,16.71
319,4.472607122982661,97.7655875834705,26.0177265233733,33.722904527999994,2.004220290524272,0.7107679465776293,0.0861538461538461,0.5634920634920635,0.9993913572732804,0.1280073370075742,0.185042015705992,1.623293350465904,-6.070547549171079,0.7071605256596307,0.1528927410617551,False,False,False,True,post,49,pre,9.714190648494501,16.71
515,6.472884301437611,84.01880236452638,38.97935949760464,44.543978442,2.199041699095497,0.7368476486386856,0.0991526951505318,0.5149089453672203,0.9990973099837516,0.1436457395913322,0.239536086268457,1.823512960971281,-11.850596572374522,0.7100698367079077,0.1925635513669675,False,False,False,False,pachytene,49,pre,15.769738311428032,16.71
605,7.286407508132281,87.39009574468047,35.422300607901526,43.990374834,2.1898936170771384,0.7787553991361382,0.1108015430775825,0.5001205109664979,0.999835674965081,0.1094265257809222,0.2640345584623754,2.0760948844110105,-10.615746184023234,0.7105169776260785,0.2215496878211517,False,False,False,False,pachytene,49,pre,12.031073080912828,16.71
389,5.291057648661332,93.28910451981127,28.497907917773613,36.174242538,2.051651595361335,0.7562414888788016,0.1344692608795763,0.4932162809257781,0.9992604331748548,0.109809108136737,0.1961263880283216,1.983674062071625,-8.79317551269101,0.712733677157425,0.2726375143723449,False,False,False,False,pachytene,49,pre,9.374734635805794,16.71
495,6.707784623626875,81.42075232253016,43.42447628181097,43.78394637,2.186462826208651,0.733511920707206,0.1191783247742164,0.4587856855649376,0.9923954372623576,0.1262336858028942,0.2090374482756035,1.810221029598088,-11.97952723253869,0.7134194997835304,0.2597690567164559,False,False,False,False,pachytene,49,off_axis,19.63038297041507,16.71
773,8.307407407407947,96.42684289091372,23.88649584599727,41.675091948,2.150779982442568,0.7686592367443431,0.0556066176470588,0.6119221411192214,0.9993231810490694,0.1177762167279565,0.2563476369795963,1.2077061381842331,-8.271923156957524,0.7144843238853612,0.0908720471289908,False,False,False,True,post,49,pre,12.080190352905579,16.71
260,3.930806775768123,91.04037545219536,29.208146201548946,40.85172387,2.1365214604018106,0.8097042779213321,0.0203960981377475,0.5190102595051298,0.9995890861275476,0.1585941323217765,0.4173137438192801,2.14670584775862,-10.419500672675966,0.7150590969048348,0.0392980635049392,False,False,False,False,pachytene,50,pre,10.533098569128379,16.71
774,8.261832714815908,98.79890870682236,21.14688636882717,49.30356200399999,2.274730212017534,0.7393662574935769,0.243161094224924,0.4271631982475355,0.9988116458704694,0.0644882254134085,0.0998881140741732,1.4687921958013512,-7.517425374901355,0.7163026137557952,0.5692463564803991,False,False,False,False,pachytene,50,pre,14.456461730224015,16.71
579,7.194998168786061,102.07066196829284,19.259245173442974,44.834854914,2.203817969038873,0.7541987129179093,0.1066742726754136,0.4716900808854832,0.999295960573792,0.0321311918151441,0.071974913685246,1.5107698665928664,-5.563703812173761,0.7163794125177346,0.2261533091286521,False,False,False,True,post,50,pre,16.544472251337297,16.71
742,8.28962084304159,93.65512045647256,27.213626752806903,44.29767175199999,2.194980992405979,0.6224846430840923,0.1462275449101796,0.5688034787487726,0.9979621193958284,0.1829045055978289,0.1757359042736023,1.498027732323484,-9.092735287073957,0.7170745176987843,0.2570792028766142,False,False,False,True,post,50,pre,10.168454402104258,16.71
292,3.7847662052165463,80.54895988354963,41.45206146990542,39.481789518,2.112367157285792,0.6860554928405918,0.0958247775496236,0.5991672975018925,0.9994561079081912,0.1989373448399047,0.2737705191223846,1.817044694058644,-13.695304810972436,0.7171757492199824,0.159929919321608,False,False,False,False,pachytene,50,off_axis,19.76056476302307,16.71
628,8.085658984515756,87.09404004771204,32.69816160875136,52.11380404799999,2.3171530598582173,0.7222272236226144,0.2922353480903773,0.4133851887862583,0.9973440712816998,0.0473571571591077,0.077972783384545,2.0434713451921764,-12.190294813808368,0.7175031933839481,0.7069323140202738,False,False,False,False,pachytene,50,pre,12.660648404663409,16.71
339,4.643358225842964,99.58102286150842,19.368697708758404,41.46397192799999,2.147141984999554,0.7432111337406653,0.0808019441069258,0.5490196078431373,0.9997204100652376,0.1021085102302035,0.1756920590866465,1.8570952206649571,-7.691073293996528,0.7222293564302348,0.1471749696233292,False,False,False,False,pachytene,50,pre,16.22210147871626,16.71
318,4.597707088648506,94.3862450831591,22.96780163087249,43.582209462,2.183099573424822,0.7989665751655095,0.0945454545454546,0.4808567603748326,1.0,0.1090939822682269,0.2747031556580332,1.695123492038506,-10.502477173393899,0.7229758880455935,0.1966187487345617,False,False,False,False,pachytene,50,pre,13.588913872433853,16.71
258,4.026548016314515,87.6751209862811,28.278119169446896,37.959379596,2.08485968834263,0.7894574218267211,0.0424395727937043,0.5861461696507191,1.0,0.1420923728441695,0.3408500181953766,2.01585949999823,-13.815549151486378,0.7263589344520978,0.0724044188823989,False,False,False,False,pachytene,50,pre,13.834947933660779,16.71
576,7.721292542081199,76.15487276078224,42.488076631034254,38.18457428399999,2.088974384475589,0.7669861162304952,0.0331379046647973,0.557869760084366,0.9994285170016192,0.1351738869104264,0.2821184554592287,1.719680764100569,-17.043059876387915,0.7323251273471424,0.0594007903561325,False,False,False,False,pachytene,51,off_axis,24.26622357649853,16.71
709,8.296836635932824,92.9379669043858,19.835643441496813,46.04996791799999,2.2235500402945894,0.7358769293464418,0.159643435980551,0.4676952748312439,0.9964997307485192,0.0877368989371762,0.1251649570386106,1.4972884316285646,-13.283047856728716,0.7330514198647291,0.3413407074470752,False,False,False,False,pachytene,51,off_axis,17.03574194524824,16.71
90,2.894861563018047,75.68142159125924,40.345469924488434,38.21037784199999,2.089444826056224,0.7525323838173,0.0411512844909609,0.5497395187298437,0.9978433486913048,0.1341111475491349,0.2401222005396223,1.5962391359163788,-18.492176990009433,0.734785183673957,0.0748559692161839,False,False,False,True,post,51,off_axis,24.210216832375693,16.71
680,8.132257360959953,87.63939287240926,27.074111869139006,53.77696064999999,2.3415452128616723,0.7813304252998909,0.1804806277587052,0.488130859764612,0.9993173129437466,0.0927025940014549,0.2007097051006964,1.5231226576803485,-14.428164116830033,0.7352420189617159,0.3697382047218591,False,False,False,False,pachytene,51,pre,14.536266885001147,16.71
743,8.454825221609614,95.05779667168436,17.02764365278392,42.076219986,2.1576584705534927,0.8241623459887384,0.0551228280407429,0.6169942929613189,0.9998506348020912,0.1647319676071268,0.5007768382034363,1.4191492114076674,-12.782457842425098,0.7356396333427621,0.0893409042345854,False,False,False,True,post,51,off_axis,19.068033224184433,16.71
738,8.105143620574703,76.41913570777962,35.96290681362666,38.627926326,2.0970281564493427,0.7645594218740511,0.0644305019305019,0.5496517926231622,0.9992405543952916,0.119252044922536,0.2385875638145454,1.4526208792101978,-19.962169156368695,0.7390265077580911,0.1172205800021379,False,False,False,True,post,51,off_axis,23.003887012433093,16.71
559,7.171243905205033,74.89909617870781,39.78125851003555,41.37483236399999,2.145602233661328,0.7257625581131648,0.1123141860891906,0.5139549307421956,0.9937592867756316,0.1260518806930067,0.2050733681897271,1.658639228251969,-19.449688192700773,0.739413330868963,0.218529251051253,False,False,False,True,post,51,off_axis,24.87652250840152,16.71
477,6.222681200994244,77.74015218971047,50.3374975712385,36.798219486,2.063380864886196,0.4498629438388475,0.1724204065976218,0.5650057937427578,0.9674726540011516,0.1313913977446186,0.0403849255937221,1.41644694153516,-11.864892981142026,0.7406710400791298,0.3051657319395972,False,False,False,True,post,51,off_axis,26.22030674288539,16.71
681,8.267860749401866,89.57364352378382,21.570274759500386,44.13581307,2.192304325585304,0.7235184693064045,0.18233259981138,0.4515570934256055,0.9978357107722576,0.0705846922649212,0.1027798553687675,1.5034342313695623,-15.391711836714522,0.7412624473618737,0.403786370463516,False,False,False,False,pachytene,51,off_axis,17.131941853620287,16.71
35,2.4701795020265647,77.06267209032981,49.31483665315551,36.460427454,2.057047793431312,0.4717236054815672,0.0713639448088667,0.629399585921325,0.9776663628076572,0.212959176090758,0.0981023369172947,1.554915242932895,-12.951941315735263,0.7428160867194701,0.113384162311456,False,False,False,True,post,51,off_axis,26.233971342827957,16.71
33,3.122595103367018,73.64338110818596,38.38800865594892,41.86979152199999,2.154124150330714,0.7490615720768671,0.0294691224268689,0.5853985264567984,1.0,0.1068041105535414,0.2017089135507908,1.7816657757601166,-21.222036349943252,0.7435139342006883,0.0503402743516193,False,False,False,False,pachytene,52,off_axis,25.9280337459783,16.71
410,5.764126624046487,81.94262988245036,27.299450577438968,45.498710088,2.2146417948378643,0.7476283769849453,0.0862422997946611,0.4829417773237998,0.9996523552928906,0.0948368123428537,0.1628473561704331,1.6801967232236104,-19.30810945055526,0.7446439954876132,0.1785770124766778,False,False,False,False,pachytene,52,off_axis,19.344034634836245,16.71
442,5.98052022221093,84.47897614350157,24.519365152380065,45.182030058,2.20949171264694,0.7742588650641192,0.1338645418326692,0.4397424103035878,0.9994959677419356,0.0912409221234594,0.1851993835732261,1.5500567492598516,-18.42929158118436,0.7447890440974204,0.3044158095650868,False,False,False,True,post,52,off_axis,18.595514238917733,16.71
519,6.713687259762582,94.63718065288924,14.028135017548712,42.109060878,2.1582196822571618,0.6945016990696897,0.1498992404278406,0.4806710430342815,0.9957076939585792,0.0900762717203197,0.1146387131031832,1.61322208651128,-14.599041814600456,0.7454409826099628,0.3118541102072375,False,False,False,True,post,52,off_axis,22.085954415160693,16.71
459,5.840297389199849,92.55174690219494,16.74003043052186,40.70159407799999,2.133901014057745,0.7032447697539046,0.0868948395105515,0.4950475820547679,0.9903025192368504,0.0802236116624212,0.0996230534961245,1.5620839744380703,-15.115912488445227,0.7459327768158538,0.1755282576068379,False,False,False,True,post,52,off_axis,20.06225942873237,16.71
123,3.014423622941393,73.2013632973687,45.7734675184558,37.178235522,2.070459413860698,0.6101331314278504,0.1738200294156973,0.5010519501537466,0.9962133165036288,0.1145324551077632,0.0855139042250247,1.6223652065229637,-18.043218977664292,0.7469005186191152,0.3469101943667937,False,False,False,False,pachytene,52,off_axis,28.126854094335,16.71
370,4.801540706156922,87.71509950394011,20.901072028013303,40.19490603,2.1250091421195134,0.7587977823168952,0.1059917802292883,0.5008468424872974,0.999714937286203,0.1358153253399281,0.2637643376468556,1.6432898699320864,-17.342377250193863,0.7472411734083872,0.2116251341486225,False,False,False,True,post,52,off_axis,18.782153779289434,16.71
574,7.473483866566453,72.5754582236161,37.27649946790484,34.386759702,2.0172863420039087,0.6925438297291766,0.0507582139848357,0.6838251608608831,0.9976736070722344,0.1602154774482445,0.2250014562493287,1.3648664496458622,-22.693899921168185,0.751325350626621,0.0742268885235738,False,False,False,True,post,52,off_axis,26.89746649108916,16.71
512,6.499402092675389,70.70750242899808,40.958876532136486,37.66381156799999,2.0794343783842435,0.7057174887892377,0.1173173921165701,0.5731216931216931,0.9986744725505358,0.1585042630175792,0.2267853110204136,1.5382585477870483,-22.551746934445777,0.7524279129407909,0.2046989208828632,False,False,False,True,post,52,off_axis,29.210141252347906,16.71
441,5.703136317048229,78.9473255688398,53.50656405876168,34.330461029999995,2.0161848271622773,0.4616330714041681,0.14581526452732,0.5611118162203326,0.9633389734912576,0.213333295992224,0.0919827730742417,1.2448700072771517,-9.277641238572823,0.7525859536649588,0.2598684617079291,False,False,False,True,post,52,off_axis,27.205397737140167,16.71
171,3.6772924378634992,79.99162851401492,29.603103426757134,44.35866198,2.195987900091624,0.753358011634056,0.1158293838862559,0.5192967409948542,1.0,0.1253828166494312,0.2490222795764674,1.9117593242706203,-19.904366125749192,0.7534643834108579,0.2230504733466134,False,False,False,False,pachytene,52,off_axis,20.329892994704753,16.71
517,7.072225769378501,89.11932458179004,15.394310483974,36.739575036,2.0622841616941763,0.6557910867066785,0.0697152717860224,0.6581339269152291,0.9980708946226188,0.1831803019282822,0.223542446092633,1.4704936521288097,-18.771488697903287,0.753833270360388,0.1059287007323694,False,False,False,True,post,52,off_axis,22.670901814860333,16.71
255,4.353535135135177,75.11854255135428,33.941536118918926,43.396893,2.180000915584029,0.7642162162162163,0.0643500643500643,0.5105456212746446,1.0,0.1357759509913349,0.2799380241372571,1.676625276427444,-22.077091492418244,0.754500488925014,0.1260417515469153,False,False,False,False,pachytene,52,off_axis,24.357304187770197,16.71
291,4.035795454545573,73.99651747159153,48.63014105113512,31.377126528,1.9566276505504172,0.5183163875598087,0.1770341039724102,0.560142790625485,0.994325191216383,0.1451337053180289,0.0906417901316239,1.3173985140129736,-15.967610702800863,0.7550067422893654,0.3160517406190744,False,False,False,True,post,52,off_axis,28.572692251620076,16.71
575,7.425996296042065,73.70862788943039,49.773800466424525,34.199097462,2.013609934390096,0.5005830303861719,0.149614576033637,0.5319324268644416,0.978391959798995,0.1586195246607673,0.0761501263764618,1.1835318713693057,-15.667530435577026,0.7554132862408005,0.2812661317069226,False,False,False,True,post,52,off_axis,29.364176328981568,16.71
739,8.323853553053418,76.82804907165772,54.17751309372761,31.459228758,1.958332752321336,0.6359704720005965,0.1213102951763859,0.5415813191315035,0.9890884673493368,0.1998251614945235,0.2139367650425159,1.1381047269131848,-10.80957265853475,0.7561996931221119,0.2239927613657776,False,False,False,True,post,52,off_axis,29.255630052318494,16.71
261,3.9058145009415584,90.89421036369976,15.12092222810754,39.859459776,2.119081205519039,0.6606049905838041,0.1933137501748496,0.5182937402462285,0.998911202516332,0.1322052902800967,0.144453185314476,1.778072711811681,-17.349192545892688,0.7564157941972208,0.3729810629837263,False,False,False,False,pachytene,52,off_axis,22.173683360105667,16.71
473,5.8816180091452255,70.66339200844222,46.95929141048097,33.34523427,1.996710283009708,0.5530777347871967,0.2170322898693616,0.5029120100739808,0.9640399556048834,0.1874444501370612,0.1168868760090174,1.207332288175317,-19.693212503824732,0.7577353380517188,0.4315512167574505,False,False,False,False,pachytene,53,off_axis,30.922536932738254,16.71
603,7.050962127712106,84.72418242431476,20.89492467826992,38.278405404,2.0906840667745072,0.7534011521019732,0.0751551367501723,0.485337972166998,1.0,0.06524415415447,0.138928210371414,1.282501818295518,-19.96453848928393,0.7579416694267587,0.154851136857498,False,False,False,True,post,53,off_axis,20.78249967951737,16.71
289,4.100302432610248,69.76512264299873,43.98416167652925,35.679283379999994,2.042251253157761,0.5834976988823143,0.1572435812159106,0.528492501973165,0.9931374274150976,0.1112394709120881,0.0752090494413635,1.3507087964450937,-21.916314231911624,0.7592678698029718,0.2975322840510137,False,False,False,True,post,53,off_axis,30.820021111454462,16.71
678,7.963345386366869,73.00077748091624,52.744297328244265,35.031848651999994,2.029822904941993,0.4670550421856166,0.1511305460750853,0.554717929388114,0.9593183067619572,0.1129509355269775,0.0555442957325174,1.1451208350576592,-14.853169933039839,0.7600961020044144,0.2724457567863204,False,False,False,True,post,53,off_axis,31.499924370364297,16.71
625,7.660804650855304,70.31013149236992,35.70980185637748,35.508041586,2.038978768207405,0.7398427693730594,0.0974100389640155,0.5327577450482478,0.9986906710310964,0.1687470045746036,0.3327389015867082,1.6676944239163172,-25.434126159628153,0.7603170176892178,0.1828411503528567,False,False,False,True,post,53,off_axis,29.110115029252377,16.71
251,4.353723177214531,68.90700229327636,37.71888839781245,60.453044838,2.434687299049451,0.6517791315820107,0.0783608914450035,0.6260307555159349,0.9978848768696178,0.2374548324010207,0.3009708646285038,2.047792399179841,-25.692827140081004,0.7606679098841547,0.1251709932053154,False,False,False,False,pachytene,53,off_axis,30.58717369847797,16.71
708,8.38192824263885,78.1286538999922,27.674545904533677,37.201693302,2.0708947776294147,0.7135380541017718,0.1516339869281046,0.5128769535549197,0.9990699837247152,0.1077415203354173,0.1588606456448683,1.3446306681621665,-22.466962039858878,0.7607624054592601,0.2956537350276305,False,False,False,True,post,53,off_axis,22.715101414868304,16.71
26,2.113657805649627,70.15013345357805,48.289797386090825,42.268573782,2.16094142506419,0.54420334091792,0.1595374539500613,0.5267259223182759,0.976512943596777,0.2638811444193561,0.1405044926613543,1.4277422378903768,-19.500276817258897,0.7609877579405752,0.3028851385325599,False,False,False,True,post,53,off_axis,31.906268056498085,16.71
172,3.4529313057156434,82.63867562139463,20.989948411117496,44.73398646,2.202164027956337,0.7557944415312008,0.0868627450980392,0.5363968219884045,1.0,0.0904141318908867,0.1710235955636226,1.676023103754376,-21.74496957194544,0.7611643931892279,0.1619374715458642,False,False,False,False,pachytene,53,off_axis,22.24352387320871,16.71
91,1.8510208166533129,78.32714042233688,54.53593255604337,23.439013776,1.7753483260563736,0.5539431545236189,0.0,0.711465111061252,0.9995374653098984,0.1123282667678821,0.0919295213752215,1.027171809330566,-9.323740170779029,0.761596430315013,0.0,False,False,False,True,post,53,off_axis,28.352373544046692,16.71
577,7.160931971426674,78.44906689364997,24.188388183456084,35.137408662,2.031859654156046,0.6759463248547968,0.1692623652233441,0.5490317264112072,0.9988181221273802,0.1272202402136528,0.165763765330287,1.377637604846076,-23.869582592720747,0.7615992676246338,0.3082925031122373,False,False,False,True,post,53,off_axis,23.869997640681945,16.71
387,5.348339873226677,76.9312711213397,26.683732334742835,31.086250056,1.950562672418589,0.7746755206761243,0.0854517611026033,0.6141995981245814,0.9996615905245348,0.1383099282006085,0.3021720277278857,1.324555065006917,-23.993920567260282,0.7622384576287285,0.1391270221659616,False,False,False,True,post,53,off_axis,24.188107207946118,16.71
338,4.755648311660481,86.67210112377525,16.48950520147616,43.835553486,2.1873215331569327,0.8462567560336063,0.0499338624338624,0.5847546119039332,1.0,0.1164168871311777,0.407712887130063,1.411621954602371,-20.385771138171968,0.762985537080047,0.0853928492693373,False,False,False,True,post,53,off_axis,22.963837381998868,16.71
230,3.782180335539126,81.13327689994073,55.3042082815319,35.095184657999994,2.0310454446302137,0.5724884700220574,0.1933409004918652,0.4956222639149468,0.9880014998125234,0.1122536032720209,0.08969644686251,1.5373595469445174,-6.495418015341669,0.7632152006554306,0.390097286923019,False,False,False,False,pachytene,53,off_axis,26.88966808842873,16.71
290,3.853413520436611,72.81605198797058,54.32721927831436,21.062740662,1.7132027271641057,0.5291235104131864,0.2621291448516579,0.4351939451277199,0.9284201609487506,0.2139612337250302,0.0726671457437438,1.2388878413294264,-14.250659415939474,0.7641688912598101,0.6023271871917445,False,False,False,False,pachytene,53,off_axis,32.540028213116216,16.71
736,8.091492661973774,72.55083031857681,29.82292028397448,39.319930836,2.10947659890234,0.7978761484309749,0.1193137509747855,0.5717237308146399,1.0,0.1532945631558617,0.3730275534946448,1.403852876056146,-26.314256620837277,0.7642296030071649,0.2086912691288454,False,False,False,True,post,53,off_axis,27.4811114735213,16.71
771,8.228160857908811,79.84703493297641,21.848267790884417,43.7487597,2.1858769572561108,0.6876139410187667,0.1261436928153592,0.6249570889117748,0.9977057642672784,0.1450717550150182,0.2249669487595725,1.636452796080471,-23.775233419142715,0.7649326522772746,0.2018437666416596,False,False,False,True,post,53,off_axis,23.915186924253184,16.71
27,2.0321301989150444,71.26673470524375,52.175508867992704,32.43038085,1.9782802405409692,0.4580108499095841,0.0814024764006374,0.5788068864273321,0.968421052631579,0.0889969121316417,0.0486608395254744,1.3261160278260895,-16.646324922206187,0.7653149041988179,0.1406384034286319,False,False,False,True,post,53,off_axis,32.675456403349465,16.71
815,8.963413495214716,85.8555709374266,15.100757272939758,40.187868696,2.1248851191740865,0.6282979220172776,0.1364252780037971,0.5373743718592965,0.994335736354274,0.2268555385953729,0.2277998925801407,1.2540370385804016,-21.771344532736236,0.7669731939319919,0.2538738078106896,False,False,False,True,post,53,off_axis,24.572399217861832,16.71
706,7.795311889568996,68.1740390545647,48.05641496288377,36.026458524,2.048853885169782,0.4893215262403959,0.1219211822660099,0.5931403799566493,0.5141445891333633,0.6698843382007257,0.0489628890861522,1.1914270388113015,-21.3434571126308,0.7692866573699528,0.2055519846329139,False,False,False,True,post,53,off_axis,33.64106980211064,16.71
648,8.115009803921257,87.02253258823411,11.537713955881763,47.85387119999999,2.252213145607462,0.6461764705882354,0.2405303030303029,0.4692435577722361,0.996413762187605,0.0985591456402305,0.0958686738629765,1.437586442942367,-22.469751556283004,0.7695029166135026,0.5125915935260487,False,False,False,False,pachytene,53,off_axis,27.059372907994046,16.71
602,7.1116736808028405,80.78947903528733,57.84502490773811,36.23054121,2.0527153853479763,0.5388151505341534,0.1376513317191283,0.5541204548645233,0.9628526023043306,0.158672799529284,0.0874431559526459,1.2699985753507113,-5.5697122147514175,0.7696705545376884,0.2484140957272235,False,False,False,True,post,53,off_axis,29.023825472543102,16.71
737,8.181606095341284,73.73712587822817,56.67473142741688,34.790233517999994,2.0251455631635435,0.4979434967298226,0.1746841055198403,0.5522428149341928,0.9774358974358974,0.1412125603215784,0.0720372385905671,1.1161913005110211,-12.310618154338522,0.7700088530580087,0.3163175704525125,False,False,False,True,post,53,off_axis,33.22914266906503,16.71
314,3.931729323308183,67.06283089285577,48.35950232142709,24.95907792,1.812925575999229,0.4803571428571428,0.1585755592756049,0.4937601736299511,0.9524193548387097,0.3121670107015587,0.0961106873379391,1.3944517194325292,-22.17022080313656,0.770252275797843,0.3211590722471867,False,False,False,True,post,53,off_axis,34.78572382695609,16.71
770,8.3415847900986,77.74824801582169,58.29511789587885,36.767724372,2.062810724761025,0.4823274212070946,0.192074081449766,0.5264974118807,0.941784548422198,0.1358804953175453,0.0485481418509065,1.1876672083851274,-8.015648985543335,0.7708528348123468,0.3648148635026689,False,False,False,False,pachytene,53,off_axis,31.387692058026417,16.71
200,3.24407459983347,83.36321065152457,15.912964467178565,47.921898762,2.2532798654785706,0.7718928973518038,0.0301768990634755,0.6388412017167382,0.9997836746466686,0.1705126576987817,0.3741951098755668,1.54506255262588,-23.561788034458473,0.7708587757494334,0.0472369330318427,False,False,False,True,post,53,off_axis,25.39697248770474,16.71
36,2.2309478838755323,78.40378310597988,57.519035341028925,33.53289650999999,2.000449011989339,0.4784190276320391,0.0907317073170731,0.5764484978540773,0.9777172567467196,0.182408603080529,0.0573481389096033,1.2839937310394494,-7.816300247027825,0.7711106738314606,0.1573977686728937,False,False,False,True,post,53,off_axis,30.37373805649532,16.71
705,8.148408444180085,65.79846734167036,38.95258086162489,35.447051358,2.037810684929326,0.6797035272318179,0.0609235545207605,0.6454545454545455,0.999878389882038,0.1576197303176815,0.2097437425760642,1.566545396014075,-27.819359999001534,0.771715513382562,0.0943886055955445,False,False,False,True,post,53,off_axis,33.789264690817,16.71
439,5.848061185468384,66.53733329254172,44.569015824093206,30.67104735,1.941839505925276,0.5166347992351816,0.184200335613786,0.5465189873417722,0.9879969992498124,0.182258147827346,0.1194379901992457,1.327430777799539,-24.460556734450424,0.7717169489860899,0.3370428839256304,False,False,False,True,post,53,off_axis,34.086544192145695,16.71
540,6.236736519294478,70.4648359251218,54.11015899565376,36.716117256,2.061845153642404,0.5533478149757219,0.1820521820521821,0.512516092118438,0.9609648315227398,0.3979707321665188,0.2067376073604337,1.1749871975709791,-16.41445888183488,0.7717591146591312,0.3552126164462197,False,False,False,False,pachytene,53,off_axis,34.371468048767014,16.71
457,5.536079797772769,69.52781569993984,50.85796708342052,34.335152586,2.016276666041269,0.3909954225592675,0.1203868166567988,0.6129683643706529,0.9130094043887148,0.3028269937988437,0.0912638922574807,1.2375538975745346,-18.805268461776194,0.7717864983995546,0.1963997224887819,False,False,False,True,post,53,off_axis,33.56565955093354,16.71
229,3.202338251986431,75.44369768445071,57.185202769581146,20.66630418,1.702386118544558,0.514755959137344,0.210817795827949,0.4832748538011696,0.9589720468890892,0.1516544842265218,0.078560570886334,1.311622323759645,-10.569677007366506,0.7722509211036955,0.4362275300892943,False,False,False,False,pachytene,54,off_axis,32.26787652427627,16.71
476,6.040670028818586,76.93812499999916,21.42129265129702,39.071278368,2.105020537017693,0.6816762728146013,0.1081581160639192,0.5910976989815164,0.996520226185298,0.1015956453448101,0.1292472349185779,1.7018755732931468,-26.528766750675967,0.7732192802689964,0.1829784082230056,False,False,False,False,pachytene,54,off_axis,26.57417865991069,16.71
368,4.821792445066259,78.66518586947424,59.52327896469337,28.503548477999995,1.894974805270647,0.4365072833511645,0.108695652173913,0.5730977070249744,0.9414934565050038,0.1262206687539618,0.0556986078301815,1.12172291099368,-6.619682697244591,0.7737274570975099,0.1896633869609538,False,False,False,True,post,54,off_axis,31.679080662078967,16.71
169,3.1335257391917737,65.76111486629591,42.93860896454144,39.826618884,2.118499063170425,0.5912946165626105,0.1893691588785047,0.5006485084306096,0.9911339244050396,0.1387535653512241,0.0931184093108177,1.546228508136309,-25.927507955587437,0.7740268810862972,0.3782477240811583,False,False,False,False,pachytene,54,off_axis,34.45174309316765,16.71
253,3.975548008644695,74.09546287743247,28.136968601419746,37.98987471,2.0854178377535177,0.7617783266440259,0.0527866437515345,0.5445826853291861,1.0,0.0713989697722708,0.154953036057323,2.246164920842215,-25.775620671511582,0.7742882978982009,0.0969304481644075,False,False,False,False,pachytene,54,off_axis,26.398482105994738,16.71
679,8.00236614085749,83.06211785158833,16.138300077759784,42.233387112,2.16034163003364,0.7332814930015552,0.130072463768116,0.5243648479800084,0.998131190431695,0.1315973790081575,0.1946808504324835,1.2937223201123134,-23.7166616070963,0.775272538679774,0.2480571767333172,False,False,False,True,post,54,off_axis,25.41552553551088,16.71
560,6.491101622544902,74.84982015371631,22.706856840307093,13.73453019,1.4856222654369375,0.6191289496157131,0.0618426588136306,0.4757847533632287,0.9436117059243396,0.2616380296069699,0.2248286333015208,1.295136936585207,-27.736822986525716,0.7753155505561672,0.1299803290804865,False,False,False,True,post,54,off_axis,27.742911082867053,16.71
30,2.0676062133524677,71.97940415594991,57.08514056167189,22.803307938,1.759150843572387,0.5512807324349347,0.1902728791535177,0.4646950939935809,0.9559065482066468,0.1037868899502131,0.0480001843430784,1.252813187888706,-13.651726082726642,0.7759438119954577,0.4094574735410184,False,False,False,False,pachytene,54,off_axis,34.857242691333624,16.71
226,4.040944598005084,65.49938706886068,34.85548492969515,39.038437476,2.1044305884838104,0.7074269919480831,0.0585846867749419,0.5430273156705689,0.999118845687851,0.0697385046687149,0.1071054721005551,1.4225680445858324,-30.059458044258438,0.7761639743429686,0.1078853403582422,False,False,False,True,post,54,off_axis,33.928564573419266,16.71
23,1.4836134909445802,69.49789875284824,54.85320419694035,21.630418938,1.7284577725203585,0.5151285110074829,0.1602178812922614,0.4714828897338403,0.9209855564995753,0.2429717473937289,0.094825896119425,1.3731018354780262,-16.90245864985638,0.7766218747442521,0.3398169579021352,False,False,False,False,pachytene,54,off_axis,35.58655896511801,16.71
22,2.106871378038714,67.61412628132773,52.12915802664268,31.168352286,1.9522783802101047,0.5305185519680891,0.1262081524022972,0.5484129528695094,0.9811545801526718,0.1853065183525735,0.0728421814579071,1.1626760620060508,-19.867351012871644,0.7769679151877892,0.2301334272684975,False,False,False,True,post,54,off_axis,35.84909135861586,16.71
369,4.88743088411321,85.22223490280915,10.275659322806236,41.151983454,2.1417431554473154,0.7527788861654221,0.1109061090610906,0.5109522711551764,0.9996229616363465,0.0806068221408293,0.1503826342366579,1.7453322226454715,-24.655654673774116,0.7774292532069945,0.2170576692229017,False,False,False,False,pachytene,54,off_axis,29.023996583448632,16.71
458,5.622213241732378,72.67951945847679,25.299659042231173,34.827765965999994,2.0258735582162646,0.7602209200511888,0.0987341772151898,0.6275280898876404,1.0,0.1083063117953355,0.2308355995325028,1.933531513427351,-28.3855144024958,0.777796396946707,0.1573382591253696,False,False,False,False,pachytene,54,off_axis,28.652127610680438,16.71
333,4.361923531730287,69.5357374694531,56.4951795112352,29.75619393,1.9223372891483972,0.4104848245959794,0.1292501164415463,0.5680663278951591,0.8961094484822574,0.1865066105986954,0.0522630340931228,1.1978255358574337,-16.07653259192971,0.7779382338113993,0.2275264526247372,False,False,False,True,post,54,off_axis,36.47047679139413,16.71
767,8.551093469142945,67.86747818304384,51.38044974535735,31.320827856,1.9554567181040687,0.5409676452965848,0.1443529247521988,0.5315712187958884,0.9854310962502986,0.1764863588171512,0.1439653974791026,1.1462470605152246,-20.00698337885166,0.7781313477082855,0.2715589551277553,False,False,False,True,post,54,off_axis,35.28313954525802,16.71
735,8.121481687400513,70.02281800681118,57.07364840503263,33.753399642,2.0048242372421003,0.5544513169782472,0.1661030176899063,0.4925908594603026,0.9669125866308964,0.3020477847379177,0.1480024470292412,1.213301134269131,-15.370688073802969,0.7783535958417376,0.3372028012697876,False,False,False,True,post,54,off_axis,36.410732729948265,16.71
92,2.8013365735115627,81.87373995544883,59.54389414742728,34.750355291999995,2.024371494498924,0.5544079924395842,0.1594295173818922,0.5185577942735949,0.983710038688658,0.1273470136970514,0.0604157876511784,1.4060979355655772,-3.799947847231676,0.7785455724122158,0.3074479241127288,False,False,False,True,post,54,off_axis,29.69276488266399,16.71
798,8.315132204148126,67.66454928727121,30.81464034881744,41.963622642,2.1557320962505826,0.7921627815976298,0.1375550916260728,0.5658956428187197,1.0,0.1275031783362171,0.3116782050379421,1.8467381828247489,-30.114420504645615,0.7797748324210535,0.2430750145749708,False,False,False,False,pachytene,54,off_axis,32.112500833268804,16.71
814,8.293609854681801,77.4899580213645,18.23745005774245,48.749958396,2.266184231709816,0.7659513040130883,0.2014447545559021,0.4969161184210526,0.9991516927585408,0.0148890947321555,0.032805071827074,1.5471611523040076,-27.58276322368958,0.7799099578347218,0.4053898577409632,False,False,False,False,pachytene,54,off_axis,27.964937523321197,16.71
813,8.855406625460098,74.57253391902356,20.77404447531137,33.776857422,2.0052885641543283,0.7114382943259949,0.1271008403361344,0.5249097472924188,1.0,0.2079128175965377,0.3144524798076709,1.618679270670507,-28.912860997913576,0.7804803057816454,0.2421384647394033,False,False,False,True,post,54,off_axis,28.929381409819786,16.71
600,6.788452056572034,72.9591679641871,23.11418781626997,18.078911046,1.628150522260723,0.7621642662514597,0.0229211087420042,0.575013638843426,0.995357833655706,0.1761477111957181,0.3832693514184634,1.5087985486302282,-29.195826434109357,0.7810700278881809,0.0398618522998992,False,False,False,True,post,54,off_axis,29.254427385802803,16.71
89,2.6722583939741984,64.45516047491353,47.172067713519,36.74895814799999,2.062459712591955,0.5990680454487425,0.1856605730584727,0.5304887756726636,0.9915378356387308,0.1901078349923598,0.1356629291839843,1.3557777652953849,-25.027124355397472,0.7811222499639175,0.3499802098980393,False,False,False,False,pachytene,54,off_axis,36.83319556508217,16.71
624,7.492866218914346,64.24638168451622,45.31534902886291,38.76867300599999,2.099572015504924,0.5613238942336782,0.1925604187548725,0.5135172413793103,0.978908188585608,0.0931622967514355,0.0953610304978493,1.2043950642470356,-26.106429232957417,0.7818487354249206,0.3749833564256851,False,False,False,False,pachytene,54,off_axis,36.49336705672061,16.71
199,3.450572528626267,80.22627244362397,15.409938171908536,46.91321422199999,2.2373582343281866,0.8095404770238512,0.1135676053060275,0.5198214754528747,0.9999287952150384,0.1249474833825547,0.3372094887739899,1.6522462743134771,-26.551728868333193,0.7819156902098591,0.21847424677306,False,False,False,True,post,54,off_axis,27.850207771109773,16.71
535,6.501509012156101,65.00679127427703,49.57223299566856,33.577466292,2.0013349092529062,0.4767360625960598,0.1542457091237579,0.5622162883845127,0.9642758238715038,0.0411752953234302,0.0400874123263415,1.206754019147309,-23.385187862709593,0.7822827058424002,0.2743529711082751,False,False,False,True,post,54,off_axis,37.14527930094668,16.71
31,1.344198628151912,74.2854821080101,59.32122821949488,24.281148078,1.7963606622669603,0.457347116220655,0.0457016649677199,0.5629339505073883,0.955242966751918,0.188613154944179,0.0531609512505435,1.395761380799105,-10.552613737264313,0.7828742820260863,0.0811847729676417,False,False,False,True,post,54,off_axis,34.56754521901303,16.71
676,7.988095519565059,69.06756642629253,25.57754989360546,39.685872204,2.11600053618751,0.743645821019033,0.0890569208149548,0.5450772423334102,1.0,0.0949686043957669,0.1788563310846176,1.7817902802396348,-31.414385266862798,0.783304639540287,0.1633840378910572,False,False,False,False,pachytene,54,off_axis,31.96121682569931,16.71
332,4.935209973753248,68.19741960629962,27.989900492125752,35.74965672,2.043593074340882,0.7165354330708662,0.0998124609293602,0.5416666666666666,0.999553820412716,0.140605157124895,0.2471774211774782,2.062935908816758,-31.011638398969378,0.7839596261678178,0.1842691586388189,False,False,False,False,pachytene,54,off_axis,32.13426580724498,16.71
195,3.5102204169403364,67.91130663042851,30.38127136371695,39.270669498,2.10859528956716,0.7656651335045697,0.0895799489440705,0.5952077491715524,1.0,0.1467756435907072,0.3382418058911085,2.242612452403326,-30.10757348688294,0.7852098949557257,0.1505019870268045,False,False,False,False,pachytene,54,off_axis,31.936321201167072,16.71
16,1.926942523991256,64.45591114436078,51.39190933856237,22.732934598,1.7573393390024932,0.6007635950882262,0.1868432114333753,0.4631687774618764,0.987695749440716,0.1333748747593707,0.0819083423710666,1.3621787633827651,-22.98901329537531,0.7857879629566836,0.4034020005779739,False,False,False,False,pachytene,54,off_axis,38.369100175130235,16.71
38,2.3752608242045663,79.62051318466352,61.96544520735532,35.974851408,2.047875104827272,0.5522952529994783,0.1510880316518298,0.5272356539469851,0.971993732863298,0.3411422840485223,0.190752653339619,1.3151519915619394,-4.603943615794187,0.7861829078681188,0.2865664158346584,False,False,False,True,post,54,off_axis,32.98005136498252,16.71
801,8.586331312223725,76.52600900516552,62.53200979115221,31.337248301999995,1.9557983849114795,0.4492851261321955,0.1507560891146254,0.5791762946853337,0.96752816434725,0.2206746594577664,0.0961898511943371,1.2129733087709644,-7.040296893746755,0.7861909722455278,0.2602939562582256,False,False,False,True,post,54,off_axis,35.355434027290684,16.71
348,4.322479355693815,62.617339830769296,49.46026442043031,23.009736402,1.7644431825320728,0.4948516668365786,0.1823432343234323,0.5118062563067608,0.9562073121735636,0.2420219701552632,0.098388523242608,1.228813097810322,-25.531729533706393,0.7862153225632827,0.3562739456122269,False,False,False,False,pachytene,55,off_axis,39.329632983598195,16.71
25,1.868562504067212,70.06106501594343,59.43457767944209,36.047570526,2.0492540259035747,0.5338062081082839,0.0954545454545454,0.5692350642099386,0.9641542336756442,0.1825202861730118,0.1063852376371248,1.270827467131972,-14.197274047410717,0.7865004005668432,0.1676891524365776,False,False,False,True,post,55,off_axis,37.8220960300855,16.71
104,2.821798117494235,62.34320960077913,44.074816903603406,36.13671009,2.050941788711268,0.5444336254462836,0.1250467522752774,0.542462239954403,0.98419734052804,0.267184561929281,0.1502102650430246,1.3373621248253666,-28.372029430239966,0.7865825783262457,0.2305169707034139,False,False,False,True,post,55,off_axis,38.03525343934796,16.71
254,3.4931565656565686,74.9282848484864,61.280283295454176,18.57856176,1.6430136079066957,0.5180555555555555,0.2158997534921939,0.48938957296306,0.9306518723994452,0.2115170644481984,0.1035179555860299,1.2094590587252003,-9.043816481618066,0.7866207019180498,0.4411613271304626,False,False,False,False,pachytene,55,off_axis,35.49415116415059,16.71
769,8.274159443756385,71.87806735879484,61.24732739308436,24.628323222,1.8048817146898777,0.3664158491284884,0.0083482409063804,0.5889957907396272,0.5318246110325319,0.886689727068494,0.0406375339164741,1.177411042287244,-11.730851916973444,0.78715460581707,0.0141736851733646,False,False,False,True,post,55,off_axis,37.64115437348593,16.71
426,5.432390271573467,82.69544722399485,62.25744873431192,33.082507134,1.991452422364009,0.5210238956250444,0.1911148365465214,0.499481865284974,0.9795144157814872,0.172956192359352,0.1101813310254272,1.4405554604555744,-1.7701883085241739,0.7873527122662427,0.3826261769033053,False,False,False,False,pachytene,55,off_axis,31.477984172347124,16.71
740,8.363829095402464,81.07997082655977,62.93425899070107,36.071028306,2.0496984435241314,0.542498536775704,0.2048151915903696,0.5256574271499644,0.9786841565894652,0.2280845574760816,0.1361370776538244,1.2857534062270284,-2.858104100345418,0.787900297960379,0.3896362554997973,False,False,False,False,pachytene,55,off_axis,32.92514494779294,16.71
513,6.032546409807178,78.19077160770478,63.53314234676164,33.48598095,1.999515640099739,0.5237127845884413,0.1533001245330012,0.5484630092660685,0.9772985244040864,0.2348771959799543,0.1306475567776649,1.1746724944968243,-5.099064217412736,0.788367525200861,0.2795085939125437,False,False,False,True,post,55,off_axis,35.09272492046774,16.71
19,2.0705431754874475,66.57268624651701,56.629926706129496,40.422446496,2.1290114405503786,0.5569289693593314,0.1378726287262872,0.5305828421741978,0.9704282800815772,0.0968056254011386,0.0518189892270243,1.2043422482349466,-18.606263564528422,0.7886816384619687,0.2598512763083691,False,False,False,True,post,55,off_axis,39.00800605797551,16.71
423,5.5278353184879325,62.49061429311241,41.55163514370654,36.237578544,2.0528482815923814,0.468539616778871,0.1326854003803085,0.5699147381242388,0.9752171691364332,0.0743646975851388,0.0386226652687217,1.245080163749682,-29.461205230510195,0.7889050014911837,0.2328162293486499,False,False,False,True,post,55,off_axis,37.40749419935463,16.71
741,8.450053543307437,81.57842980157591,10.187717896062564,37.23922575,2.0715909791493483,0.7243464566929134,0.0591270694474306,0.5957495429616088,0.9980744544287548,0.1973670168921814,0.3209692067003587,1.33834573146336,-27.88905261598392,0.7890174117195381,0.0992481994253764,False,False,False,True,post,55,off_axis,31.041867908251188,16.71
558,7.307300350603563,71.2036512504864,21.298083085313905,30.10806063,1.9298848235260064,0.590728476821192,0.1422273024167211,0.5044736341138397,0.9687198300830276,0.1715788615890395,0.1510532491493576,1.4699661007760247,-31.610024525074664,0.7891836428749082,0.2819320828660513,False,False,False,True,post,55,off_axis,31.62943606595711,16.71
765,8.453649146300432,64.98249267659841,53.03877383662449,28.027355543999995,1.8843627238708287,0.5021760964178106,0.1414549653579676,0.543375924680565,0.8618973561430793,0.3469453748547378,0.0889564488900247,1.0669667576629025,-21.732726835925522,0.7896930481417531,0.2603261553060617,False,False,False,True,post,55,off_axis,38.60572003021067,16.71
34,1.886238532110069,76.79418192320782,62.617909412166334,20.710873962,1.7036090512594493,0.5327896704043493,0.1639643291447101,0.4858181818181818,0.944039862016098,0.3452931025071383,0.1372096908036051,1.232530295679754,-6.763978990498079,0.7897187751152929,0.3375014260089468,False,False,False,True,post,55,off_axis,35.24819897294563,16.71
406,5.583227970584505,61.51490300606319,34.81688509224528,36.364250556,2.05523747740365,0.7403560830860534,0.0804203792551976,0.51527950310559,0.99945634446015,0.1017350052850757,0.1796078488462237,1.6643780267659607,-33.567370457785216,0.791002989728136,0.1560713724697061,False,False,False,True,post,55,off_axis,37.91298042597482,16.71
626,7.3663426560917875,73.51420016697502,17.82077178126266,39.336351282,2.109770205097695,0.7646848351124098,0.0842422835924808,0.5973137354282818,0.9997257017463655,0.143400794927326,0.2992089881223371,1.4189690579940866,-31.265580456970596,0.7910786621359397,0.1410352359168135,False,False,False,True,post,55,off_axis,31.414263264929975,16.71
472,5.912078758046214,68.78301744604452,60.06085899280416,24.780798792,1.808598768198305,0.4663953048087845,0.1606611078022632,0.529714387085329,0.9068695251267864,0.0965822059400624,0.0547469903657819,1.2043319173591718,-15.014094847907842,0.7916920374254786,0.3032976104090282,False,False,False,True,post,55,off_axis,39.21030017555433,16.71
797,8.455097250167396,66.31166871227175,58.33726405935661,27.980439984,1.883310712305661,0.3515258215962441,0.0461215932914046,0.5853910795087266,0.6946068875893437,0.654832842186776,0.0768928036595441,1.190764838163033,-18.010492065842193,0.7920181051243395,0.0787876599180686,False,False,False,True,post,55,off_axis,40.169635582664455,16.71
313,4.4147536589288485,63.72521099019047,30.65214557443801,43.755797034,2.185994156170992,0.677692596365196,0.1431014823261117,0.4920159680638722,0.9981373945436616,0.0778285074279986,0.1023230657667164,1.5140343784977237,-33.642617888028695,0.7920621895667068,0.2908472318271074,False,False,False,True,post,55,off_axis,36.03471061050528,16.71
366,4.570770139846309,71.14912523143524,20.03079285010938,35.728544717999995,2.0431907130242526,0.5605672641323616,0.1371664303210004,0.5910652920962199,0.9965718203633872,0.208174120914598,0.1576725801967633,1.6836207312318918,-32.2696558244929,0.7925212868681503,0.2320664606012274,False,False,False,False,pachytene,55,off_axis,32.2696651255181,16.71
39,1.850438328236436,83.31567574923494,63.34909694189717,23.01208218,1.764503140503525,0.5784913353720693,0.0991285403050109,0.4948004836759371,0.986289381563594,0.2364966982437028,0.1516684168781943,1.7069196051571744,-0.6999671484078436,0.7930586081703896,0.2003404272537733,False,False,False,False,pachytene,55,off_axis,32.09231563168081,16.71
455,5.505967651979847,65.40341494701596,57.35397063580714,25.235879724,1.8196028701218705,0.3878044246142406,0.1122792829222266,0.5728818706346797,0.794047619047619,0.4056223968182306,0.1024652547762893,1.0573505946710624,-19.28062483831724,0.793125204456551,0.1959902881860017,False,False,False,True,post,55,off_axis,40.38314594608959,16.71
672,7.772361204013236,60.81059488294101,45.03822477592092,35.069381099999994,2.0305475506030675,0.5520401337792642,0.1537781147333838,0.5350156786620875,0.9801514221403724,0.1380180408293341,0.0949210185695507,0.997579195488532,-29.249004864176506,0.7938591155771387,0.2874273051547507,False,False,False,True,post,55,off_axis,39.74864922119376,16.71
140,2.7401098331778337,66.89664404724762,60.11731765619978,22.639103478,1.7549181747213438,0.55838773184126,0.1332113077079519,0.4988268418582825,0.9274427603998712,0.2740365177018993,0.1355253844996215,1.4278366248206449,-16.638761935054404,0.7944904278087636,0.2670491972959978,False,False,False,True,post,55,off_axis,40.73521810224616,16.71
139,3.434297161936621,60.66997097829515,39.35150470116925,35.12802555,2.0316787750992376,0.5712186978297162,0.1290016277807921,0.557234075689145,0.989157483114113,0.0863906686426706,0.0717595661125904,1.5049099890132338,-32.11785371226695,0.7956814087855755,0.2315034801510526,False,False,False,True,post,55,off_axis,38.93216750708708,16.71
87,2.174023829184836,60.402782328652286,48.79210758522989,19.885160106,1.6806611493999313,0.6457473162675476,0.1828571428571428,0.4632034632034632,0.9971398855954238,0.1587966030358094,0.1687810440290956,1.324822274140017,-27.793656566517,0.7963774029262012,0.3947663551401868,False,False,False,False,pachytene,55,off_axis,41.19027700204641,16.71
256,4.1371710337711125,76.14467997247898,14.860149687518309,40.912714098,2.1375841828890536,0.7536838484031879,0.092138630600169,0.5800744878957169,1.0,0.0731367371984437,0.1640872924367549,1.414220115818497,-30.391496349362363,0.7963828182151589,0.1588393086108853,False,False,False,True,post,55,off_axis,31.168368843451184,16.71
646,7.369887730553162,74.7974847433863,14.410956435445602,35.102221992,2.031181191552462,0.7085672280139,0.0709416276097145,0.6367805549185966,0.9997707736389684,0.1500886839527792,0.2319215108835327,1.2565434230286396,-31.788139055395547,0.7964729875057195,0.1114067115613846,False,False,False,True,post,55,off_axis,32.47799476370835,16.71
539,8.262579889220074,69.85028145505026,19.601140631658534,44.04432772799999,2.1907885312379576,0.7114933958244567,0.1613252825514786,0.5403359793243493,0.9905962008651495,0.0174747056927173,0.0374014355640715,1.298109042432064,-33.614521463209705,0.7966619487533185,0.2985647610459035,False,False,False,True,post,55,off_axis,33.615649312904026,16.71
643,7.61503054648957,64.57177906100915,55.48688732111515,28.029701322,1.884415293621836,0.4268976483387731,0.1513198661544181,0.5389894859813084,0.6101348590110339,0.5614115743361401,0.0583378782491046,0.9897428848322248,-20.910379795504376,0.7967045826437218,0.2807473431117463,False,False,False,True,post,55,off_axis,40.12835191833665,16.71
703,8.479364612443055,61.06118810119085,48.10619948521728,47.846833866,2.2521027375899503,0.6165122321910085,0.114857983478556,0.5910253132191255,0.989879414298019,0.4185940675685956,0.3354441331259463,1.0609603497672837,-27.548255260193155,0.7969501026251575,0.1943368260370463,False,False,False,True,post,55,off_axis,40.34914744876248,16.71
811,8.60957178841334,68.13082755037843,62.06056026448455,22.350572784,1.7474309197616191,0.4520361041141897,0.120006741951795,0.5362957287875886,0.8697238144867119,0.3624978315552647,0.1204529274088772,1.2199212451050725,-14.619717930545507,0.7969548875186365,0.2237697141894007,False,False,False,True,post,55,off_axis,40.984178328934036,16.71
764,8.367112975210956,62.85516646233347,29.34821100177318,43.62443346599999,2.183804367524933,0.7262461687368931,0.063638035681442,0.5401689255549008,0.998681360082886,0.1875418306058975,0.2971636943121538,1.9463098301646735,-35.03410445071689,0.7972377221422783,0.1178113598742622,False,False,False,False,pachytene,55,off_axis,37.0937593340935,16.71
337,4.265867494380875,81.33182787113512,64.8164314138927,21.916603854,1.7360472831458853,0.5668414856041957,0.1781072298943947,0.4704719545342228,0.9457975986277872,0.1553206138775607,0.0885171219777197,1.4335301319393827,-1.7287851644902859,0.7976430999912616,0.3785714072387687,False,False,False,False,pachytene,55,off_axis,34.371009065117924,16.71
514,6.812714730150535,79.8897150547817,7.833885553902611,34.684673508,2.0230952659027728,0.710334099824158,0.1088223054515189,0.5374737333644641,0.9993865030674848,0.1316781798840625,0.1922959185717162,1.3995920749974036,-30.504380610457453,0.7977795700318198,0.2024699975016749,False,False,False,True,post,55,off_axis,33.93867880731772,16.71
475,5.967358229598941,74.13002683264284,63.24336531120465,25.43996241,1.8244947526799933,0.5228215767634854,0.1538587311968606,0.5118840579710144,0.877766428328226,0.213125554876076,0.0893862109583288,1.1553440058264992,-8.795034482023645,0.7979345386243618,0.3005733989972646,False,False,False,True,post,55,off_axis,37.47387564478195,16.71
763,8.250494437577219,61.5146510043256,52.02817676143401,30.363750432,1.9353325513360096,0.5200092707045736,0.1641329207587784,0.4975052309673266,0.9791607997747114,0.0830820877581084,0.0701152293298268,1.04280002256697,-25.25751394128575,0.7983056712985849,0.3299119497490424,False,False,False,True,post,55,off_axis,41.316209140288066,16.71
106,2.7786518435124865,72.10784999999865,63.06431229946647,33.338196936,1.996569808105416,0.6061778778497044,0.1256053741602875,0.5345720921922459,0.9889473684210528,0.1447987225367798,0.1392209934266553,1.38895552167648,-10.65233817986573,0.7984736803082808,0.23496433127511,False,False,False,True,post,55,off_axis,38.74004870868374,16.71
350,5.086674376766748,66.23887964533395,23.107625308402643,36.509688792,2.057973795778507,0.7072731945515291,0.0869739478957916,0.5899912203687445,0.9997770594136662,0.1157648903884336,0.1843947560447261,1.5465996618701403,-35.0840571782143,0.7997857291106371,0.1474156646626586,False,False,False,True,post,55,off_axis,35.45132474157015,16.71
88,2.452374038042721,60.46208002032646,52.40065700595326,32.310746171999995,1.9758446381297032,0.6151444750980107,0.1185567010309278,0.5459347292963592,0.9993121238177128,0.1641528482733563,0.1475537571785241,1.204584744037691,-25.999423370448422,0.8002098687952987,0.2171627754543706,False,False,False,True,post,55,off_axis,42.43015104986609,16.71
32,1.6305561444421428,74.98251636633636,65.04982751748982,33.195104478,1.993709187433884,0.5157939368242528,0.0786607503025413,0.5637769994162288,0.9587233021358292,0.1202010460735037,0.0685809044990119,1.247813227551905,-7.176287168532057,0.8002880572233112,0.1395245822089085,False,False,False,True,post,55,off_axis,38.276259531279024,16.71
454,5.73848886459896,63.72716624538955,26.66061451701127,34.337498364,2.0163225823435726,0.7708020221341714,0.0858310626702997,0.5529061102831595,0.99989491382934,0.0691935352933432,0.1285001460376648,1.2888426921684972,-35.5681248092292,0.8003949793199896,0.1552362346408924,False,False,False,True,post,55,off_axis,36.79282955329842,16.71
511,6.2840172239107615,69.99467678571513,63.906834232523416,18.522263088,1.6413523190004082,0.4912613981762918,0.1917505030181087,0.4792133432910131,0.9265850945494994,0.1702915514684732,0.082887706978558,1.274411593416384,-12.096084822596252,0.8004160285694003,0.4001359847396066,False,False,False,False,pachytene,55,off_axis,40.83739398170924,16.71
191,3.2115859603509955,58.5477824829376,47.67353153233524,28.871835624,1.903101401401318,0.4332954176145596,0.1273614412611035,0.6028673835125448,0.9190635451505016,0.3826480531086883,0.1379414010160688,1.2787880606667483,-29.95818788648052,0.8021257854626139,0.2112594655876806,False,False,False,True,post,56,off_axis,42.62100302732214,16.71
316,4.147875293615373,78.1481687860339,9.848362139653696,43.94111349599999,2.1890758822673235,0.7950565876574845,0.0850810295519542,0.5540505339932275,0.99820396689052,0.1120888314695105,0.2729864016032193,1.5450850467219406,-31.056836282746158,0.802175609867738,0.1535618582275282,False,False,False,True,post,56,off_axis,33.39345329445094,16.71
86,2.4606138680408294,58.17473954296006,42.320739302115896,41.88152041199999,2.1543252748604096,0.5533213845636832,0.142565315557467,0.5482131661442007,0.9882220070990642,0.2013943999339913,0.0996414168541067,1.2305377481642237,-32.86934034327209,0.8023390074584885,0.2600545268917655,False,False,False,True,post,56,off_axis,41.79084064387925,16.71
509,7.654643666144304,59.25583831677851,41.43205774960665,53.849679768,2.3426001777109517,0.830196898414358,0.0178886369362559,0.6475115443817342,0.9998282082116476,0.1780566546335162,0.5606935097040033,1.0741869953288612,-32.35168463503064,0.8023563283634786,0.0276267459498913,False,False,False,True,post,56,off_axis,40.586814638077925,16.71
14,1.6140048204997903,62.660115907650784,56.58017616389855,18.491767974,1.640451048274443,0.519725992642395,0.0,0.6975699947173798,0.9989488437281008,0.105136912240869,0.0618040549339348,0.9712226855540862,-22.056583860744258,0.80236310948613,0.0,False,False,False,True,post,56,off_axis,42.3305631178519,16.71
554,5.916324094947735,58.59640363347014,47.57720535737841,17.689511898,1.6163760746824836,0.3271449409892587,0.0796299655360057,0.5764682696097754,0.2804698972099853,0.8007096994428508,0.0623241122118559,1.085690525000752,-29.9621184631479,0.8025987667025156,0.1381341692751088,False,False,False,True,post,56,off_axis,42.547139887157066,16.71
537,6.4118620089237695,64.87241893568377,60.5642145282392,21.555354042,1.7264560100721666,0.5065839590815104,0.1407996967974227,0.507498897220997,0.8827556696619597,0.2962898044886665,0.1014548830043556,1.2308215444383457,-18.19563380658497,0.803643726038777,0.2774384290654128,False,False,False,True,post,56,off_axis,42.629177199402,16.71
700,8.28645019688886,59.068082602800864,34.63023758956739,36.338446998,2.054751239892194,0.7362339422890711,0.0761926294370336,0.4865394028389623,0.999437633562029,0.1084600289885403,0.1698442583173557,1.4387561455588034,-35.80020803552399,0.8036824592156071,0.1566011488328569,False,False,False,True,post,56,off_axis,40.3633296633821,16.71
799,8.407617348339242,72.84827890474872,66.12057618034396,34.182677016,2.013287609446544,0.4612956354652758,0.1208421995744204,0.567515923566879,0.9594314480307966,0.115616833288033,0.0528134994188213,1.141846176493316,-8.528286065078618,0.8040473236671996,0.2129318219212571,False,False,False,True,post,56,off_axis,40.47434303194565,16.71
225,3.493596566523678,63.630135785408925,59.77568765665119,27.328313699999995,1.8685644198141669,0.5327038626609442,0.1357358310842991,0.5104702424687729,0.9590327169274536,0.2756856593113043,0.1546704072564146,1.2924296365722203,-19.664242805753197,0.8044365791041622,0.2659035136462484,False,False,False,True,post,56,off_axis,43.195623249629776,16.71
800,8.019575398064902,77.13736392054253,10.84956449812608,60.10821547199999,2.430049247321251,0.7767717764595692,0.1689670201946825,0.5033216783216783,0.9990919547188086,0.1566725172346559,0.2871554839458828,1.1904808650356655,-31.458606420870325,0.804682880283645,0.3357038400533464,False,False,False,True,post,56,off_axis,33.295720738135756,16.71
407,4.816869918699201,61.97992648083703,56.68677970383397,16.157718864,1.5683048277299825,0.4985481997677119,0.0086107921928817,0.6754487550665894,0.9893048128342246,0.1649146227186466,0.0857373779577379,0.9149682982198052,-22.600765368064042,0.8054726643585235,0.0127482538509273,False,False,False,True,post,56,off_axis,42.97479748634575,16.71
793,8.442949113678246,57.61995530470138,45.88217035893836,26.598776742,1.851786946208284,0.3416527030602345,0.0932831288716142,0.613395847287341,0.4656826568265683,0.7097061410706823,0.0254161867206571,1.0503147902368093,-31.635618373149157,0.8055553588201193,0.1520765575511248,False,False,False,True,post,56,off_axis,43.048490185212906,16.71
510,6.05404119143361,61.19993277262592,54.60254595060201,28.587996486,1.8968443861645208,0.5349142528924263,0.2115732368896925,0.5008821453775583,0.9867909867909868,0.1568578768335593,0.107092248949243,1.0473368520319135,-24.290142563684874,0.8061708514399811,0.422401235185198,False,False,False,False,pachytene,56,off_axis,42.68782545865679,16.71
385,4.924809160305455,66.20998004770811,63.23960453244402,24.58375344,1.8037922947486225,0.51956106870229,0.124804449852251,0.4824230387288977,0.9458968772694264,0.0802803336428393,0.0359649772342416,1.2806118058935263,-15.73255983590904,0.8063030963380766,0.2587033367666052,False,False,False,True,post,56,off_axis,43.213493911418155,16.71
252,3.88256604681956,72.24865907203328,15.427578425708598,38.979793026,2.1033762854935376,0.742492628031534,0.0858790856654561,0.6235101659266183,0.9998076923076924,0.1025353741552476,0.2222637121289573,1.6773969602132723,-33.52933319021151,0.8064013184484354,0.1377348604057296,False,False,False,False,pachytene,56,off_axis,33.834967290707574,16.71
647,7.900372038378698,79.09347419228389,68.34187346779017,35.939664738,2.047207217784657,0.5252920827622218,0.1723941738734637,0.5109308400934965,0.9718342111289214,0.1003482576655292,0.0485107614513457,1.4248739091456035,-1.9867678993936055,0.806555855295976,0.3374119554848498,False,False,False,True,post,56,off_axis,38.54676208272085,16.71
198,3.474118871114647,77.40403402262888,68.26238862660993,36.073374084,2.0497428746878392,0.5721810378462739,0.0921760728577342,0.5517555859553124,0.9901610017889088,0.1581079883221487,0.1176648696298384,1.4447669581903593,-3.5046146615137914,0.8072401875269105,0.167059609733067,False,False,False,True,post,56,off_axis,39.397813854134,16.71
21,1.5776257684648802,67.64572352584618,64.8936525759802,27.091390122,1.8631488823593116,0.4456662914538055,0.125170811697185,0.5862230552952202,0.9821760118826588,0.1445939023291705,0.0696960221826268,1.45890553225556,-13.67663754966962,0.8072569536133593,0.2135207930949583,False,False,False,True,post,56,off_axis,43.223936652620104,16.71
795,8.019169730984844,62.45552741919907,23.422683631699776,48.482539704,2.2620329015115552,0.8039481323785562,0.0884139482564679,0.6241362290227048,0.999799384779992,0.1525894914374625,0.4200590484202777,1.7070363880124475,-38.24507955189534,0.8074569202399507,0.1416580934500625,False,False,False,False,pachytene,56,off_axis,38.91549589537682,16.71
388,5.058098514235518,81.54343196223513,68.00320524043016,32.050364814,1.9705227624896848,0.5199443753202079,0.1317182949430765,0.5535904863546273,0.9811776061776062,0.1930521736693325,0.118767252266389,1.6529428360101237,-0.004819525008539112,0.8077460833711091,0.237934534985304,False,False,False,True,post,56,off_axis,37.016044612668786,16.71
699,7.6616551967532445,57.34791725780937,42.92551815775533,26.587047852,1.851514720674224,0.4703546850185283,0.1114564831261101,0.5620523071797434,0.9397810218978102,0.3603670333188172,0.1332217957567334,1.0062050814205066,-33.30139803260312,0.8079517576502442,0.1983026876722107,False,False,False,True,post,56,off_axis,42.70679071188202,16.71
424,5.563236814891599,68.87891199586534,16.165755926834905,36.293877216,2.0539108326524995,0.7733324715615305,0.0972972972972973,0.5397775876817793,1.0,0.1221200050547891,0.2634248258257106,1.4650176947476434,-36.12386164345264,0.8084656654804248,0.1802544224097314,False,False,False,True,post,56,off_axis,36.19474152815831,16.71
794,8.540916056529735,57.99880829218534,49.380429644134,27.553508388,1.8736829235069177,0.4146092286735909,0.1302807993928662,0.5641361256544503,0.9255836575875488,0.1354659742665019,0.0390790092421991,1.0452301394011272,-29.614796638963337,0.8084715405043416,0.230938586394779,False,False,False,True,post,56,off_axis,43.65651236946607,16.71
796,8.445087531261246,64.6475807788494,62.950790496607446,19.697497866,1.675357461734828,0.5363820412051923,0.1933278077082469,0.440020549704598,0.932179607109448,0.2882780567047013,0.1198616343551116,1.2166139017861817,-17.24022468062643,0.8090511499340794,0.4393608613007621,False,False,False,False,pachytene,56,off_axis,44.246287924420145,16.71
810,7.778177747158312,66.27270767309584,18.331738240613703,54.47834827199999,2.3516811648216422,0.8078281088529108,0.0404214147495162,0.5451490029128389,0.9997549920372412,0.2236047020654689,0.5580895458525073,1.1958487943742653,-37.36036091045719,0.8092353102205257,0.0741474615812128,False,False,False,True,post,56,off_axis,37.37098590565594,16.71
193,3.5247983126811557,63.26781497495541,22.79878035328147,44.48767976999999,2.1981148598522213,0.7621407856577906,0.0885027278238027,0.515850144092219,1.0,0.0703071664620109,0.1482913710124164,1.5545921746568296,-37.83498394236941,0.8092998375072732,0.1715667405299416,False,False,False,True,post,56,off_axis,38.34834784101731,16.71
732,8.325499052892283,60.954594885616814,57.12843147311767,32.198148827999994,1.9735468083047984,0.4583272621302637,0.1230242981835338,0.5467383994620041,0.9725897920604916,0.2632050838767759,0.1204665621629222,1.1969724297697737,-23.28542295270373,0.8096332908153404,0.225014921769883,False,False,False,True,post,56,off_axis,44.085047589129374,16.71
11,1.9427996111651733,57.37362071240194,51.11645699208566,33.783894755999995,2.0054278203050644,0.4535481183169004,0.136872121079184,0.5861499364675985,0.9541877459246768,0.2505331212048891,0.0738136475635098,1.253412309906859,-29.32408227183544,0.809662035303436,0.2335104255133705,False,False,False,True,post,56,off_axis,44.8215224855609,16.71
334,4.3428942634419325,68.95926194283605,65.52819975014914,23.471854668,1.7761770983196252,0.4854087547471517,0.1670980265286314,0.5249563021946009,0.9399594320486816,0.2212674263518839,0.0906650413176093,1.3201379871964751,-12.219974755826783,0.8099073527228123,0.3183084493510631,False,False,False,True,post,56,off_axis,42.71009678362935,16.71
315,4.176868675878894,73.71370980306895,11.696282167337344,43.120091196,2.1753560691104186,0.7633010553802633,0.1394382911392405,0.5221788094690876,0.9983506944444444,0.1267029453211756,0.2726609842551461,1.750814657213601,-34.04793598885718,0.8102404168183982,0.2670316922301213,False,False,False,False,pachytene,56,off_axis,35.09591297509918,16.71
287,3.6840916985062977,60.059961219171896,26.82157900312694,40.520969172,2.130739735416264,0.7372930415653584,0.1628850765541413,0.5185103569854561,0.9998043818466352,0.1091825950911548,0.1864785655419918,1.6335564844318018,-38.7018359259664,0.8106485659441959,0.31414044938491,False,False,False,True,post,56,off_axis,40.324903714785194,16.71
842,8.710370938858865,71.24327519570184,12.66647321565644,45.84823100999999,2.220298291756019,0.7613200306983883,0.0643802647412755,0.5108252947481243,0.998606328906378,0.0863170360939211,0.1449688138962597,1.240934539739855,-35.74289995065435,0.8109899985151579,0.1260318653034202,False,False,False,True,post,56,off_axis,36.323764960830644,16.71
223,3.780010601331075,56.491242016610094,37.90419631309423,39.828964662,2.118540655377428,0.5849578891571942,0.1632628829256708,0.5155385270327799,0.9830481368942908,0.1640908488689112,0.1337768530112238,1.5418116626668033,-36.47603203417103,0.8110866234861808,0.3166841552373251,False,False,False,True,post,56,off_axis,42.99108938573203,16.71
802,8.765890472812051,75.58090948848807,7.629348339031383,36.36659633399999,2.055281669406532,0.7385022253757337,0.1238383401772206,0.4987666502220029,0.9986933797909407,0.143709162474427,0.2580572939354484,1.4101677751078312,-34.37642552059036,0.8116890008286407,0.2482891350536362,False,False,False,True,post,56,off_axis,36.743710723361694,16.71
809,8.640775471499623,57.61968507006732,53.12407687282607,22.263778998,1.7451660577275228,0.3311558318406912,0.0591373943975099,0.6036546943919344,0.7935606060606061,0.6266448627535405,0.1195588495271202,1.1137788058312192,-28.139266657055536,0.8124231777266091,0.0979656001136204,False,False,False,True,post,56,off_axis,45.328911083586895,16.71
677,8.013949079090274,68.7733013678246,66.8056558098577,34.642449504,2.0222739822133757,0.5171993499458288,0.1297449041865006,0.5685834502103787,0.5975143403441683,0.6540791366743871,0.0795246362265218,1.1804224643725074,-11.766033014504877,0.8128836967677399,0.2281897303526762,False,False,False,True,post,56,off_axis,43.74514035513984,16.71
404,4.948873902531978,56.110203817280606,45.36743361750931,18.435469302,1.6387845571735131,0.5873520804173559,0.1950856291883842,0.4384828862164662,0.9853932584269663,0.2059728199038338,0.1859619252496374,1.1129211857678478,-33.20626032120351,0.8129364115883737,0.4449104750055767,False,False,False,False,pachytene,56,off_axis,44.39973708856277,16.71
474,6.97361446492727,73.85700892278741,9.694785864891728,39.828964662,2.118540655377428,0.6135814830084222,0.1563584929921563,0.5348270080780368,0.9961139896373056,0.2114909922068322,0.2305060748902843,1.5502133833872689,-34.88882325273933,0.8132311446778964,0.2923533976977879,False,False,False,True,post,56,off_axis,36.387204178347666,16.71
29,1.407662119230099,72.39448191926618,68.13790332648152,25.104516156,1.816440105017223,0.4797234161838909,0.1248035209053757,0.5614224137931034,0.987012987012987,0.2077298333476945,0.0881951892790346,1.3183328759669763,-7.951663106658398,0.8143025537147831,0.2222987857969072,False,False,False,True,post,56,off_axis,42.305373636005825,16.71
644,7.662312203744269,65.50154885514523,66.43384940949419,29.197898766,1.910238804489716,0.5431027556841006,0.1126540801997191,0.5677861790047477,0.9741357871176324,0.1087381283915779,0.0685000526601202,1.228047826975926,-14.810676340765937,0.8149795225342691,0.1984093385245595,False,False,False,True,post,57,off_axis,45.84544006181481,16.71
311,3.874195948739299,55.03078030591099,41.05348112443057,28.37218491,1.8920592145159776,0.4516742455560149,0.1348812940255674,0.5788600723763571,0.9721561969439728,0.2810460010114651,0.1256017635831777,1.4155923788041131,-36.23442142878089,0.8150940949138769,0.2330119150762082,False,False,False,True,post,57,off_axis,44.72418194944553,16.71
190,3.39345192455146,55.03064125900892,48.95313622910514,30.593636676,1.940204459640416,0.5227725808925012,0.1375917971456284,0.5787275064267352,0.9807877041306436,0.1302974413353815,0.0713598932575533,1.2308498294867505,-32.42037601722001,0.8151392966876622,0.2377488465947782,False,False,False,True,post,57,off_axis,46.35718476475921,16.71
405,5.297829807626696,57.78732152392762,54.21592012733506,34.264779246,2.014898203407421,0.457520366947354,0.1578276118609841,0.5314235234729935,0.9475409836065574,0.157387613941234,0.0748813727800197,1.1228396940307614,-27.46529331897532,0.8151662344058537,0.2969902627372212,False,False,False,True,post,57,off_axis,45.60926241107047,16.71
641,7.701118354165227,55.31799616649755,31.92690606423191,39.223753938,2.1077552618745066,0.7786615633036302,0.1006075334143378,0.4860848419346122,0.9997174875223656,0.0790375563830126,0.191091143991595,1.253583557782677,-40.38945930280086,0.8158629321686042,0.2069752535666838,False,False,False,True,post,57,off_axis,44.25386987950913,16.71
409,5.182800627185942,74.94491276685802,7.377129266675063,38.897690796,2.1018984832969063,0.7481606561331564,0.1595894546186355,0.5076628352490421,0.9982137540934802,0.1531422977701431,0.2839834644222149,1.64643812419889,-35.05515604453048,0.8159309841994865,0.3143611143808594,False,False,False,True,post,57,off_axis,37.34964484550305,16.71
671,8.008639152930064,54.78249493442398,35.55241673083769,38.991521916,2.103587230645535,0.7724702201901095,0.0730392156862744,0.5423056583818086,0.9950141110065852,0.1517267906556202,0.3162532605795206,1.74146958920439,-39.107911531836116,0.8159863097639186,0.134682746818864,False,False,False,False,pachytene,57,off_axis,44.63752088749381,16.71
621,6.82718585335344,54.772901518263176,46.63791466464202,26.265676266,1.8440243828638443,0.5053139233723318,0.1884249084249084,0.5491966058855389,0.9767002518891688,0.2222085344805856,0.1231327182490191,1.0992690000056464,-33.76393436240768,0.8166335975438425,0.3430919026185299,False,False,False,False,pachytene,57,off_axis,45.99369327717789,16.71
12,1.882516619834202,57.74803759166676,56.23715944075288,34.227246798,2.0141622514813315,0.4314988691659241,0.0874587458745874,0.6385774562989753,0.9105202973127502,0.396986144524462,0.1249773940348997,1.490359853403898,-26.523785859563617,0.816650391778189,0.1369587119180107,False,False,False,True,post,57,off_axis,46.50653334676118,16.71
623,6.650517807527218,56.5221365622648,51.16279110886671,18.573870204,1.6428752954548334,0.5664309168982067,0.2424977934686673,0.4480046606466647,0.96102407336645,0.3428241689332419,0.1824457765030516,1.0156749843070405,-30.047368970594274,0.8169883185454491,0.5412840864615961,False,False,False,False,pachytene,57,off_axis,45.63703003530112,16.71
642,7.6753038194441,57.20100818685008,29.033131217446687,43.237380096,2.177326644205189,0.7703993055555556,0.13579742699612,0.4825141776937618,0.999913337377589,0.0966740048111326,0.1947939040901177,1.4227648794538323,-40.13766883285703,0.8170510500205475,0.2814371748519002,False,False,False,True,post,57,off_axis,42.72511905133141,16.71
555,6.631899120072021,59.65842779047912,23.899858303886276,33.856613874,2.006865669455728,0.6620938127901337,0.1153636858334844,0.5525938076686487,0.9976606577679924,0.1618243956956118,0.1854220925185861,1.2854303311692652,-40.464150854099096,0.8177509369328716,0.2087676051242685,False,False,False,True,post,57,off_axis,41.44444519411691,16.71
103,2.3148267238299853,54.22813541264609,46.20070261521929,32.82916311,1.986355912757359,0.4869596284387281,0.061069700536158,0.6203342618384401,0.980933153880664,0.3498535775787395,0.1720640137946592,1.2560200659707477,-34.45209241444026,0.8182788637550189,0.0984464413672237,False,False,False,True,post,57,off_axis,46.42081036421438,16.71
162,3.224100130890063,55.14510370582425,52.954429662957466,28.674790272,1.898762067187701,0.472267670157068,0.1405542232880362,0.5819252829018757,0.9473520249221185,0.1227908459950259,0.0306388526539184,1.3276566600950144,-30.38820674375085,0.8189678435660884,0.2415331098644437,False,False,False,True,post,57,off_axis,47.5582785577844,16.71
645,7.88765448504985,72.35158881727484,70.40505283056532,35.3039589,2.035064912656484,0.4994019933554817,0.1470621532888033,0.5737987788691267,0.9729233593391464,0.3474642169294804,0.1799887120314454,1.3911193866590217,-6.894584161810829,0.819135234430243,0.2562956888452103,False,False,False,True,post,57,off_axis,44.09973681953368,16.71
349,4.402324749642242,63.21218454935756,65.45753095493507,26.235181152,1.8433104535240032,0.6095314735336195,0.1822097378277153,0.4625601099152736,0.9810536044362292,0.1142602834343456,0.09829412422232,1.3956654094291003,-17.28690163409453,0.819380504367841,0.3939158045017984,False,False,False,False,pachytene,57,off_axis,46.93692901172578,16.71
228,3.2753637245392198,68.64414299709152,68.41278436469591,24.18497118,1.7939857469751042,0.5326867119301648,0.1094269870609981,0.495848899958489,0.9311329736591558,0.327794024090817,0.1669266388199662,1.400124513872094,-11.103173890846442,0.8198085438789913,0.220686154734152,False,False,False,True,post,57,off_axis,44.99431683796073,16.71
17,1.8003428897990177,64.74513166015794,67.13088813220182,24.628323222,1.8048817146898777,0.5845318601771597,0.104679802955665,0.4860155891792755,0.9908112365450248,0.116945013173367,0.1078004580008811,1.442063784473263,-15.136533625671342,0.8200024024147704,0.2153836323078353,False,False,False,True,post,57,off_axis,46.874023921074354,16.71
707,8.078805604680044,75.71130571350955,70.45362137124235,34.487628156,2.019256886480494,0.5100666575976058,0.1280716620263891,0.5661529918089685,0.9539347408829176,0.1170818373931223,0.0664518972951912,1.2865605109182765,-3.9289770237556976,0.8204174274202041,0.2262138748347426,False,False,False,True,post,57,off_axis,42.161288878396626,16.71
730,8.21273190250987,57.32980067297323,56.83155763914264,25.794174888,1.832923517854012,0.5058202982902873,0.1542412451361867,0.5033124769966876,0.9562962962962964,0.2459585760278683,0.107048549167526,1.2580620787136745,-26.603050978759015,0.8204311238446259,0.3064522581608916,False,False,False,True,post,57,off_axis,47.14645957360811,16.71
674,7.657653980069362,64.67728271101014,15.514426845959894,39.075969924,2.105104788390088,0.7518309520950894,0.0823529411764706,0.5058055152394775,0.9998055420515314,0.105190814748519,0.2054559383651518,1.3215060135532788,-40.11777379711514,0.8204874497810055,0.1628154274622331,False,False,False,True,post,57,off_axis,40.125865001092386,16.71
670,7.626104303220281,53.812610572811536,41.88851000284844,24.694005006,1.806484782559108,0.5116367436116652,0.1598300375878412,0.5014588601439409,0.9672426205903528,0.2338807239426494,0.1209452466698508,1.2638499559584089,-36.89801729452936,0.8207476333252535,0.3187301098677624,False,False,False,True,post,57,off_axis,46.04025628316163,16.71
829,8.78943521594693,53.99600531561303,48.368986777407045,21.18237534,1.7164402233439298,0.5355481727574751,0.1990068754774637,0.516690510252742,0.9836660617059892,0.2002866514514614,0.1403079580380932,1.0906495991713108,-33.60846614422082,0.8208668545571226,0.3851568231437393,False,False,False,False,pachytene,57,off_axis,47.18730545543324,16.71
194,3.3933827608815275,64.89304100469002,17.37825814797942,46.50974040599999,2.2309256770359878,0.7691531749634337,0.1133281673769857,0.5088485907799869,0.9998410553921958,0.0436532655015358,0.0932575190936219,1.5914182944726645,-39.028922694680766,0.8210543416699913,0.2227149085807057,False,False,False,True,post,57,off_axis,39.03560475704783,16.71
101,2.329237077534767,52.64210954895587,42.27685219309013,37.757642688,2.0811597644881275,0.5482107355864811,0.1249097472924187,0.5644939493949395,0.9830479452054794,0.3560098650148863,0.2245610939291153,1.427462340519167,-37.73554133810399,0.8215596141502922,0.2212773891133908,False,False,False,True,post,57,off_axis,47.25341286406856,16.71
367,4.661870639260877,72.12985245144107,69.57379477654287,24.879321468,1.8109924543680624,0.4489911370922119,0.0901447921531994,0.5711841204654347,0.9592367736339984,0.2499086150549377,0.125268559521204,1.1827905885918113,-7.490116059919717,0.8216383659759482,0.1578209003425098,False,False,False,True,post,57,off_axis,43.584979759503156,16.71
508,6.315210829598543,54.20724555931406,39.28210289947925,25.646390874,1.8294163207773428,0.5245586755693772,0.1461892247043363,0.5465563678337823,0.9866666666666668,0.2333705848508985,0.1612838017491298,1.157219396256752,-37.81087308452647,0.8219730561347339,0.2674732805396481,False,False,False,True,post,57,off_axis,45.36325371855627,16.71
37,2.556616807833205,78.32024137682389,72.32801220039522,39.050166366,2.10464132235681,0.6023908211689795,0.095146958304853,0.5342196706451126,0.996288598574822,0.1544365081583988,0.1352117808339784,1.6282479334049056,-0.7392844298368226,0.822060618284317,0.178104557980719,False,False,False,True,post,57,off_axis,42.366040107528136,16.71
572,7.039128781706613,68.35885882353023,12.17419411764679,43.188118758,2.1764994372593924,0.695888327630221,0.2224691015136786,0.4718699767815681,0.9989499107424132,0.1179463699442776,0.1131555756206125,1.2827706095842892,-38.50651440337342,0.8226930116603696,0.4714627174016225,False,False,False,False,pachytene,57,off_axis,38.8985148341763,16.71
840,8.948020014295606,53.82765461043473,51.01216426018686,16.408717109999998,1.5763839562169306,0.3606862044317369,0.0856675526477203,0.4733899821109123,0.41101152368758,0.5636768069095968,0.0646521750620062,1.112994238167893,-32.47969591587268,0.824090897410025,0.180966129164197,False,False,False,True,post,57,off_axis,48.13008527511248,16.71
471,5.7992608814673,65.02358089241699,13.221323590200472,34.276508136,2.0151280781645164,0.6571995620038324,0.165305782369605,0.4861249750449191,0.9926881720430109,0.0949957413580899,0.0970207872670304,1.4980934970542297,-40.92168731488045,0.8253332876614392,0.3400479112481936,False,False,False,False,pachytene,57,off_axis,41.03012712325937,16.71
791,8.714002951645153,53.80144492577332,53.75216038718498,27.021016782,1.86153422786964,0.522962062679052,0.1229050279329608,0.5577797998180164,0.9840380845701484,0.2393532468482151,0.1649480853721852,1.1387460831941654,-31.179703899589057,0.8258643777378576,0.220346860845553,False,False,False,True,post,57,off_axis,49.10108590438794,16.71
573,6.92095096582488,71.1606925570714,7.150959908145522,34.731589068,2.024007021970995,0.5944887207888694,0.1274524051736666,0.5717854763491006,0.9925840474620964,0.1762867207745241,0.1378260259209194,1.2589055149196144,-38.47825789061664,0.8261063783848335,0.2229024878131938,False,False,False,True,post,57,off_axis,40.09198746009066,16.71
331,4.563675188326698,56.27887646361146,58.34654630761043,39.547471302,2.1135378841619907,0.6037131502461593,0.1498918437460237,0.4933393204610088,0.985455670741142,0.1103871831038428,0.0791980053653929,1.5741032388414224,-26.79188432853376,0.8261129312243495,0.3038311310883448,False,False,False,True,post,57,off_axis,48.77516724556006,16.71
102,3.2282256141186387,52.17683108156447,37.613580533032376,39.343388616,2.1098960113117737,0.5581326019556403,0.1253393131122389,0.529078396977466,0.97923631884568,0.1252823511565227,0.0789233476932741,1.479987581938274,-40.39454671366442,0.8262261133004708,0.2369012112917119,False,False,False,True,post,57,off_axis,47.28648736826939,16.71
627,7.860041826890635,77.66449959522285,73.88797638129985,34.771467294,2.024781369281232,0.4854617823652432,0.1336892321671967,0.5737511472400681,0.8991575185090631,0.4287853894208971,0.167936229088881,1.5339102470407606,-0.560334917556848,0.8264467907413386,0.2330090890628907,False,False,False,True,post,57,off_axis,44.04584875745795,16.71
456,5.839222913307049,67.49537415342056,69.82599880212003,30.549066894,1.9392618179001744,0.4416033172080166,0.1346977629700142,0.5303905390539054,0.9269829503335804,0.1554547706720204,0.0575644424952219,1.355998035201418,-11.426830677765603,0.8265097738828212,0.2539595883634802,False,False,False,True,post,57,off_axis,46.811166930796034,16.71
599,7.315412993184572,59.610621027948646,18.57889784280659,37.516027554,2.0767110748662945,0.687550803476521,0.131862404447533,0.5819491695017011,1.0,0.1650064980834553,0.2292963915358586,1.4095461000622815,-43.07511963527078,0.8271185890141629,0.2265874948501797,False,False,False,True,post,57,off_axis,43.291618712435266,16.71
18,1.6642930252961428,66.58924235268144,70.57539970756002,32.085551484,1.971243615188784,0.5538090364088317,0.0955838767042086,0.5526790103227921,0.9926263283452612,0.1063637745026751,0.0835537211128281,1.482711762666331,-11.858513519601953,0.82732989807652,0.172946457019207,False,False,False,True,post,57,off_axis,47.97746179608408,16.71
161,3.194640159045755,51.46242892246592,49.305334067594345,29.49815835,1.9167645315193176,0.4834990059642147,0.118365684810642,0.6015396458814473,0.9478929384965832,0.4087753477316393,0.1677058263211291,1.2280806756485518,-35.37506504294533,0.8276108919995281,0.1967712113757665,False,False,False,True,post,57,off_axis,49.880246713929225,16.71
761,8.418178470603486,56.562130925495794,23.628954351294016,38.22210673199999,2.089658593125367,0.7766048852338284,0.0899999999999999,0.5530219780219781,0.9986019200298256,0.1670457670488197,0.3532349497778793,1.3969219657333185,-43.306426478554684,0.8279837935142873,0.1627421758569298,False,False,False,True,post,57,off_axis,44.49565770519381,16.71
436,5.278961157307036,51.559497061169125,41.20105048410869,20.593585062,1.7003870269797805,0.2900102517370999,0.0492678462477119,0.654099149687149,0.4747583243823845,0.7345105951474068,0.032306715862266,1.1937938626203115,-39.203028289116475,0.828109554011536,0.0753216790929577,False,False,False,True,post,57,off_axis,48.18829348600192,16.71
494,6.070396235008164,54.21943235160039,55.28724042811585,30.903279372,1.9467281978783832,0.4535448610900258,0.1118924253639279,0.5766078622030838,0.8741914618369987,0.3187491623305311,0.1016290900403181,1.3236222903666846,-30.07248756702742,0.8283791900197162,0.1940528957347428,False,False,False,True,post,57,off_axis,49.305908329738244,16.71
673,7.977378358750864,60.84526211873512,67.15045351307093,25.841090448,1.834034111629057,0.6091140159767611,0.1358619305639172,0.5204366000928936,0.9703668861712136,0.1981712021627528,0.1788368917455169,1.2049658458121464,-18.542264031059354,0.8287931763660343,0.2610537585935867,False,False,False,True,post,57,off_axis,49.84047179310207,16.71
758,8.093126385809533,52.79145934589758,29.18032438469937,42.31783512,2.161780579146952,0.7325388026607539,0.0851346226772847,0.5467357512953368,0.998147976664506,0.1570852250786867,0.2729795098516707,1.1939796866162724,-43.92811127014886,0.8288949779708602,0.1557143875731232,False,False,False,True,post,57,off_axis,47.06702396609182,16.71
669,8.45160188457017,51.68529801236788,33.148486961131105,79.66262087999999,2.6692463676077,0.8433156654888103,0.0653434041805726,0.5532794587483556,0.9994615798784708,0.1757095537604229,0.5760210612180781,1.3552076417398593,-42.980857915145485,0.8294261436885537,0.1181019883304438,False,False,False,True,post,58,off_axis,47.79709990958674,16.71
598,6.663904612790441,52.97739130434727,50.49843913043624,19.476994734,1.6690824058702047,0.5135493195230639,0.1853569987898345,0.4773458776924981,0.9252127183161666,0.3531706325322953,0.1646268105393746,1.150608174275601,-33.47232525661211,0.8295134990817877,0.3883075301411524,False,False,False,False,pachytene,58,off_axis,48.77681272657574,16.71
168,3.1857606882625458,60.43598261785455,66.35468077429356,26.720757198,1.8546133593886176,0.5521903256957247,0.1197584124245039,0.508331699666732,0.985207100591716,0.1315548818428591,0.0776156568834104,1.4595178286481711,-19.28489713238461,0.8298749934779979,0.2355910766592343,False,False,False,True,post,58,off_axis,49.661043025651466,16.71
330,4.773952594490488,54.6625136194743,28.570428046123517,36.61759458,2.059999275168076,0.6700832799487508,0.1139022711631108,0.5549514563106797,0.9988701983429576,0.147849059906889,0.2142043825358672,1.804649733523893,-42.58407406247064,0.8305357364323133,0.20524726959063,False,False,False,False,pachytene,58,off_axis,45.30460216709328,16.71
121,2.75085216607858,53.05486818830161,55.584237089871706,31.243417182,1.9538443926672848,0.5243636909677905,0.1283709411117226,0.5619573796369376,0.9668467583497052,0.2091641908328542,0.0931354274570322,1.629983237160835,-30.94891670055781,0.8307497881624076,0.228435368523248,False,False,False,True,post,58,off_axis,50.492523849795504,16.71
196,3.434430271197406,70.46482790224069,71.99825560081347,21.883762962,1.7351797241235225,0.5580448065173116,0.1447832399917029,0.4625272859568275,0.9648005363727792,0.0719781965763042,0.0617677676926312,1.4773527591806646,-7.777608977960562,0.8308615577273356,0.3130263757135769,False,False,False,True,post,58,off_axis,46.51841642946398,16.71
828,8.70500205002098,51.6053385301359,44.80936921894345,22.885410168,1.7612595612403947,0.3862238622386224,0.0614420062695925,0.6080494321977288,0.9225310467179184,0.3064738742635323,0.0916880961253565,1.138731376083468,-37.420690300320075,0.8309121512602974,0.1010477158863828,False,False,False,True,post,58,off_axis,48.69536549070053,16.71
351,4.643105636431355,76.97719021276566,74.97618297872548,31.42169631,1.9575536457906637,0.5170586039567002,0.1285194665229692,0.5489256453856856,0.9897058823529412,0.2425617725474421,0.1653547958754203,1.739767766393752,-0.6368069726491886,0.830954091195338,0.2341290985460681,False,False,False,False,pachytene,58,off_axis,45.33156869974417,16.71
227,3.828433784337729,68.56689910824294,8.694766036285555,45.77082033599999,2.219047995535382,0.7357011070110702,0.1157407407407407,0.5584642233856894,0.9969335604770015,0.1202539585521636,0.2178431680684998,1.7308738882936192,-40.00429225293049,0.8309679383021968,0.2072482638888888,False,False,False,False,pachytene,58,off_axis,40.930031084765616,16.71
507,6.381209917355087,50.55969568264578,47.17786439008183,35.47989225,2.038439819191826,0.4634049586776859,0.1905854193677072,0.5186052242483983,0.9174041297935104,0.1233057693574453,0.0395982656032575,1.1517412905250315,-37.19280265084337,0.8314666385078862,0.3674961424538636,False,False,False,False,pachytene,58,off_axis,50.21561449496949,16.71
224,3.452611868018366,58.32316885775199,18.24516890295102,36.32906388599999,2.054574369182685,0.786918060308646,0.064625850340136,0.6257575757575757,0.9999072011878248,0.1846888431700444,0.4491710716188725,1.7720360139342672,-44.36369511154947,0.8326463017936487,0.1032761772990067,False,False,False,False,pachytene,58,off_axis,44.60709243740959,16.71
734,8.271298956600603,65.60941903069644,71.6515043626178,31.025259828,1.9492861900635157,0.538409194011795,0.1950158227848101,0.5004095004095004,0.9807133421400264,0.1514005908795451,0.108667594310752,1.2373858983267474,-12.196987777788413,0.8330024704400637,0.3897124707369119,False,False,False,False,pachytene,58,off_axis,49.43265603198896,16.71
668,7.750588430300426,50.65588441074224,40.2957229487813,28.304157348,1.8905458169918803,0.5445052212829438,0.2101178499568842,0.4963609898107715,0.9663974993487888,0.2141073754168707,0.1386151467571249,1.2233259829111296,-40.431452724454175,0.8330349270962931,0.4233166068046318,False,False,False,False,pachytene,58,off_axis,48.990639898588576,16.71
536,6.488188763437078,65.87508767493611,9.948033385166465,34.696402398,2.023323281961542,0.7144209316476235,0.1075427847031481,0.5362215909090909,0.999523185123376,0.1633860150281253,0.2584989965525714,1.3028671275371018,-41.75644248798322,0.8332671824025799,0.2005566104132882,False,False,False,True,post,58,off_axis,42.22287999145086,16.71
285,4.044003952798955,52.0512476079755,30.717463349415265,40.354418934,2.1278164544906684,0.7059815148520607,0.0883201153568853,0.5345986555950969,0.9996789039922936,0.0797866342635145,0.1117113951101277,2.0700034883732643,-43.834154059109785,0.8334035597756837,0.1652082631194992,False,False,False,False,pachytene,58,off_axis,47.618697132410276,16.71
221,3.433924518786357,49.90105700596846,44.23014966798476,27.907720866,1.8816777678994487,0.5085315625788014,0.1456750438340152,0.564391995895331,0.9805491990846682,0.2813946332899152,0.142649947664733,1.3365362719917435,-39.19281930617654,0.8338624505794686,0.2581096913022687,False,False,False,True,post,58,off_axis,50.26706577403661,16.71
762,8.197326878551676,61.00130282045742,14.36213919174973,44.579165112,2.1996205771097834,0.7476320774573775,0.1718183388015887,0.4987489574645538,0.9990444753300904,0.1030856792985132,0.1773562501759924,1.4113588379551,-43.893242858543935,0.8339971371560962,0.3444986425135533,False,False,False,False,pachytene,58,off_axis,43.893261071237816,16.71
830,8.849113609712361,63.65373774574143,11.699156618610491,34.006743666,2.0098276321711626,0.6716562047320136,0.110114040007478,0.5831932773109244,0.99501312335958,0.177459091309302,0.2342860300657269,1.1144988092146533,-42.856223895243,0.8348167150546509,0.1888122588024479,False,False,False,True,post,58,off_axis,43.01160207565494,16.71
533,6.531083064279216,55.94146700322977,20.663277622542555,39.96032823,2.1208672172983936,0.6243616084531847,0.25140383715489,0.5444600718862322,0.9953758752807504,0.1801159874099969,0.1726200271671288,1.2648874210521208,-45.28186058682565,0.8348713875593073,0.4617488960832782,False,False,False,False,pachytene,58,off_axis,45.9694449877843,16.71
838,8.97063482393054,49.812879931766005,48.73220243694329,19.251800046,1.662624762172637,0.489216522480809,0.2235599185034266,0.4768606870229007,0.8946224877783813,0.1311241079370028,0.0687292938387496,1.2131392720714207,-37.09632449571925,0.8354629026967144,0.4688159971817731,False,False,False,False,pachytene,58,off_axis,51.31845522185739,16.71
704,8.305867454622895,61.2754255321702,70.60834113851536,38.900036574,2.1019407350605075,0.5752276427666887,0.2412753123653597,0.4806927881885292,0.9825510382132264,0.1778812314606487,0.1438630805582746,1.1496067743830634,-16.49600147919595,0.835730451455786,0.5019324572656804,False,False,False,False,pachytene,58,off_axis,51.78120100408303,16.71
24,1.5044179462984288,69.71074133138974,73.72034978124796,27.344734146,1.8689385924058743,0.4678733808012353,0.083751846381093,0.5490891504110914,0.900990099009901,0.1593737043254326,0.0393572819382288,1.3919237820445165,-7.606500795012496,0.8358168238123704,0.1525286855848267,False,False,False,True,post,58,off_axis,48.33801428563972,16.71
250,3.779688372328781,62.54684754098405,13.66811629701114,46.218863934,2.2262651384365206,0.7865807237476526,0.1404333605887162,0.469678953626635,0.999686274509804,0.073222069632343,0.1593216052118937,1.6832659943956687,-42.87487806359575,0.8363586225213926,0.2989986234306591,False,False,False,False,pachytene,58,off_axis,42.897533231564765,16.71
493,6.427402821475796,49.79914944686947,43.89470555160995,23.112950634,1.7670774879615967,0.3958185324266721,0.1344867694097121,0.5588778767008231,0.4898477157360406,0.2117890572967605,0.0243846548932502,1.1638215420459637,-39.44402285208,0.8368771074091323,0.2406371320396803,False,False,False,True,post,58,off_axis,50.3110022153709,16.71
620,7.191851851851952,50.99714131944553,53.37643215277678,20.26752192,1.6913650312384494,0.4971064814814815,0.2301559177888023,0.4619102416570771,0.9470102090422946,0.1412855047282886,0.0632150113083351,1.451079463590184,-33.81688843337305,0.8370223752692644,0.4982697871411788,False,False,False,False,pachytene,58,off_axis,51.58614553852886,16.71
667,7.814192343604278,49.37959527104916,29.79235626956546,42.70958004599999,2.168430783263035,0.7916186082276048,0.0853423336547734,0.5192409066947812,0.9997550620509472,0.1176561555529586,0.253974745913871,1.170557872402091,-46.62042875749476,0.8377821318330682,0.1643598040031524,False,False,False,True,post,58,off_axis,50.37514047883393,16.71
438,5.897665847665852,59.57499328419229,69.0392395167916,34.370339255999994,2.016965191113924,0.584971334971335,0.2020732187376984,0.4992599901332017,0.9800186741363212,0.0929874663951016,0.0695567515673162,1.164385649828652,-18.74270145428755,0.8378538417109263,0.4047454687562399,False,False,False,False,pachytene,58,off_axis,52.023804017338584,16.71
160,2.714820900427248,49.77538112060543,51.86617970752575,14.276404907999998,1.5049084562272343,0.5415708182714427,0.0412371134020618,0.5824372759856631,0.9805502846299812,0.3097159812985046,0.200038822093331,1.7748418467444471,-35.61599379142636,0.8380778106667124,0.0708009516256938,False,False,False,False,pachytene,58,off_axis,52.244638093798805,16.71
789,8.675375375375433,49.80082560637624,51.76342224532263,20.309745924,1.6925387755646626,0.4364749364749365,0.1492589363557105,0.493748718999795,0.9058823529411764,0.0894967098785635,0.0341945505304025,1.2534822109676762,-35.64332573743805,0.8383486761249016,0.3022973642505237,False,False,False,True,post,58,off_axis,52.18852416604961,16.71
85,2.278690424453173,48.30492992177153,49.05742116471065,32.385811067999995,1.9773735604503893,0.5403447776329132,0.0851953293931093,0.5959659628112197,0.9795031055900622,0.403152992716461,0.2471373549005376,1.2588605385386098,-38.259835639596524,0.8390612393856488,0.1429533475221237,False,False,False,True,post,58,off_axis,52.85945347740462,16.71
403,5.322343594836407,48.72988792452751,36.098558867923984,35.43297669,2.037540937003092,0.5369083085071169,0.1725810267329075,0.505218012866333,0.9432978492287638,0.0969527165025305,0.0516406920599784,1.249668873795141,-44.14458249764775,0.8390621440625212,0.3415971369543543,False,False,False,False,pachytene,58,off_axis,50.69266312146272,16.71
826,8.649154513733606,48.62048900420403,42.19215680415048,26.218760706,1.8429258008619287,0.3780978795741254,0.1425928210188726,0.5789095094231046,0.5550210463018641,0.5713631123769903,0.0217675750832155,1.0935405744354785,-41.29823093220181,0.8391565853271673,0.2463127979379183,False,False,False,True,post,58,off_axis,51.22673903225333,16.71
492,5.494150836938186,49.953838386308966,51.3046247508,12.472501625999998,1.438649458702704,0.4985894301297724,0.0326560232220609,0.5855213803450863,0.9752577319587628,0.2141526791396376,0.1131365265894366,1.3695691491186828,-35.730849880461335,0.839419332830197,0.0557725547149356,False,False,False,True,post,58,off_axis,51.90231763467077,16.71
768,8.410328927144034,69.86401205810077,75.70778417614603,30.523263336,1.938715658825848,0.4983092529972333,0.1578947368421053,0.5143995098039216,0.8423739629865986,0.1615232365514957,0.0626375011910179,1.2220315449780914,-6.51269212105911,0.839557930199013,0.3069496254035924,False,False,False,True,post,58,off_axis,49.82964007922921,16.71
731,7.817887541913731,60.95349287464361,11.37027090533848,36.378325224,2.055502600920188,0.7757931390250193,0.0582340195016251,0.548748921484038,0.9991302667182064,0.1532952353908576,0.356584496625516,1.423918522735202,-45.37966572145556,0.8398447268540498,0.1061214286200998,False,False,False,True,post,58,off_axis,45.45621462290814,16.71
286,4.093005961920728,52.17010048721084,26.774642630938725,36.591791022,2.059515283778665,0.7375472786717097,0.1583059210526315,0.5405471421592575,0.9996745497938816,0.1546853621503678,0.2795037865787584,1.7484128603413025,-45.633773222894796,0.8398891846792725,0.292862377220729,False,False,False,False,pachytene,58,off_axis,48.065200816317585,16.71
841,8.942508410922526,65.7525897112889,8.24644210938117,29.981388618,1.927174519045134,0.7147328065096628,0.0997530864197531,0.5795392210641799,0.9995915588835944,0.1485022349970484,0.2472597903719364,1.316196767732312,-42.68529017906642,0.8403480467663798,0.1721248239878939,False,False,False,True,post,58,off_axis,43.37239529546452,16.71
100,2.6409151905528208,48.114498550722935,39.245801086957314,34.961475312,2.0284627980586403,0.5648148148148149,0.1971778685480876,0.5322232500770891,0.97758266392677,0.2627825635230713,0.1606829792596769,1.474253824780036,-43.163914973067634,0.8405130761003916,0.3704796220749989,False,False,False,False,pachytene,58,off_axis,51.43558457477828,16.71
571,6.768281313335958,67.25532066274772,4.853415991082798,23.148137304,1.7679737538324345,0.6944669639237941,0.0467910211824217,0.6533996683250415,0.999826056705514,0.1934361319390906,0.2787918135171927,1.4742985433288558,-43.00756984186497,0.8416719507495022,0.0716116390177672,False,False,False,True,post,58,off_axis,44.489371690387905,16.71
197,3.669427180831206,74.25991925121821,76.18676722575924,31.32786519,1.9556031613546805,0.5300636465743167,0.159951813679561,0.515774378585086,0.9883861601742076,0.1425255232258796,0.1096125160360144,1.672555362320888,-2.43186107323567,0.8418245715836026,0.3101197351414658,False,False,False,False,pachytene,58,off_axis,47.76114710167355,16.71
363,4.619463087248352,56.86672185402839,66.80788049496496,22.369339008,1.747919848416054,0.652369966442953,0.2349411493191784,0.3828054298642533,0.9893927340228056,0.1087882828383181,0.1083247845074515,1.6794721169183824,-22.19173784146621,0.8419241124563627,0.6137351536588468,False,False,False,False,pachytene,58,off_axis,52.77629717559142,16.71
288,4.6071678632885895,65.53272006764279,7.62508342728346,39.533396634,2.113287123302526,0.7869815463122293,0.0966280825364871,0.549025069637883,1.0,0.1061716086712189,0.2305549873531376,1.6976357812487686,-43.177842264465966,0.8424638403710327,0.1759993994449461,False,False,False,False,pachytene,58,off_axis,43.93613888512436,16.71
827,8.605464562239225,49.94207090530095,26.542119170638266,31.508490096,1.9593543898047767,0.6246277546158427,0.1203768318213538,0.5710035700119,0.9964741437206178,0.1609657289110082,0.1429295600130208,1.1894263379123973,-47.69716239022379,0.8424979930094972,0.2108162507965495,False,False,False,True,post,58,off_axis,50.29840569046298,16.71
759,8.435062651132583,55.24753443613984,18.28652880303381,42.68377648799999,2.167993999903556,0.7537370850736426,0.1570729872084274,0.5487614371792011,0.9997374179431072,0.1308235390671309,0.275810212361995,1.4034108098070963,-47.03710687425245,0.8427952950578758,0.2862318241890863,False,False,False,True,post,58,off_axis,47.44066641031353,16.71
490,6.052985318107644,47.55544516149921,48.712831184338654,35.94904785,2.047385363604756,0.4407830342577488,0.1660179057999221,0.5211201866977829,0.854251012145749,0.2855455816210354,0.0803032030248038,1.2423818715072603,-39.08254859719285,0.8432385670465817,0.3185789191010598,False,False,False,True,post,58,off_axis,53.498978933139526,16.71
165,3.5927238587020542,55.17598818213732,18.45093411571407,59.96512301399999,2.428119405678296,0.6735907366115088,0.097262793465325,0.6184084372003835,0.9997825299021385,0.0765796194301149,0.0913900898245298,1.8816554694074457,-47.020381722001694,0.8436104643006069,0.1572792148594326,False,False,False,False,pachytene,59,off_axis,47.44765706676218,16.71
698,8.089534570890239,51.97835919289808,23.347574479417748,43.59628413,2.183334555351553,0.7607210115684692,0.135833657209483,0.539464807735552,0.998962027506271,0.1302522891942785,0.2522456835813681,1.4126957033694252,-47.45636529907133,0.8439737885634002,0.2517933612382539,False,False,False,True,post,59,off_axis,48.99577803338857,16.71
120,2.661192035279988,47.055445449685344,45.1193097754921,35.106913547999994,2.0312716794214087,0.5152345316049713,0.1089412920658314,0.5505168849069607,0.8812285223367697,0.4561089469477287,0.1705731896312285,1.331228691183465,-41.255455553677656,0.8445584963199966,0.1978891021376082,False,False,False,True,post,59,off_axis,53.22456498695099,16.71
766,8.22731034482755,64.87189331440129,74.9397512860058,28.91171385,1.9039771960032643,0.3865314401622718,0.0746542650838331,0.6274302340960191,0.784367816091954,0.6584808825345851,0.1118450662963316,1.2616139153299362,-11.255196083911278,0.8447071325445169,0.1189841691186471,False,False,False,True,post,59,off_axis,52.363867330727444,16.71
166,3.039121655729316,57.85965768551312,69.77595151438774,37.175889744,2.0704158674127435,0.5588086824835942,0.142296368989205,0.5394736842105263,0.9873092093980448,0.282927691257388,0.2034072058376629,1.5081626183912047,-19.88914333832712,0.844757757516866,0.2637688791019411,False,False,False,True,post,59,off_axis,53.813951111597426,16.71
666,7.3208848405983,47.76021387985062,38.57766098460339,32.449147073999995,1.9786617520593428,0.4722764403961541,0.1380328255992443,0.6009589041095891,0.9609594284256188,0.268467152484113,0.1059617635892115,1.161058430928551,-43.79676374727218,0.8448231938587444,0.2296876286470215,False,False,False,True,post,59,off_axis,51.746107294544395,16.71
28,1.4843799782007834,72.42621294541661,75.52972029009895,27.978094206,1.883258080868574,0.4665884128448059,0.073135198135198,0.5374096196164728,0.9915074309978767,0.0598828474935044,0.0265310688506928,1.4572452616316067,-4.3549065627927215,0.8451052072074162,0.1360883681006523,False,False,False,True,post,59,off_axis,48.20628378541054,16.71
9,2.120801840289261,46.89992180742635,36.09469236279925,35.691012269999995,2.042475012472925,0.4901741702267499,0.0899812294697325,0.5466030681964678,0.9815144766146994,0.2627005285483815,0.1195615679314605,1.3606748160384348,-45.748979464163625,0.8456806189278255,0.164618961555829,False,False,False,True,post,59,off_axis,52.52250306045132,16.71
728,8.351695692025675,46.86713343590357,32.95122866963562,35.829413171999995,2.0451116779623577,0.739033651957575,0.0794457274826789,0.5401404917210236,0.99538055433348,0.1449358874292544,0.246050230713186,1.3967204388816603,-47.295442061354784,0.8461770335059919,0.1470834508806123,False,False,False,True,post,59,off_axis,52.619073521278175,16.71
364,4.737472114219786,64.93751939575448,74.93797411562427,36.802911042,2.063468550790935,0.4968449231945949,0.1215223681281993,0.5086141373194831,0.8970196268475891,0.2914178669553497,0.1030564567412959,1.3554181419276026,-11.198584358137204,0.8467302329707735,0.2389284119561658,False,False,False,True,post,59,off_axis,52.31925587798441,16.71
20,2.029429611650546,66.90394161407735,76.18476531553517,38.65842144,2.097579849639361,0.5179611650485436,0.1174313965114987,0.5477089627391742,0.9742654508611956,0.1424112842454379,0.0910669326686585,1.3547331800614584,-8.874572972547957,0.8468827824258313,0.2144047377355425,False,False,False,True,post,59,off_axis,52.011816195746405,16.71
15,2.5592650227435785,62.13617215705075,73.93042329423095,39.193258824,2.107208884613649,0.5992338999281781,0.1917923958961979,0.4941756272401433,0.9929372025180409,0.1988682615863887,0.1531874174043407,1.3703733066778436,-14.138240990640822,0.8469411889515331,0.3881057367545908,False,False,False,False,pachytene,59,off_axis,53.47963983614217,16.71
733,8.116655574043248,65.2442447920129,5.289878361065419,28.19625156,1.888140273688417,0.6824459234608985,0.1090102707749766,0.569295258056065,0.9992305324715296,0.166019267728053,0.2431345014321436,1.3823044111668257,-44.557964776225624,0.8480431780247262,0.1914828364234172,False,False,False,True,post,59,off_axis,45.67362056341153,16.71
384,5.526366593222074,56.43995242367081,13.721454327983274,44.71522023599999,2.2018560437520547,0.8123491763718392,0.049428647355833,0.6181157394464635,0.999786263892847,0.172620398250065,0.4944197511236796,1.370212752842885,-48.19702913221278,0.8482004916868406,0.0799666538180981,False,False,False,True,post,59,off_axis,48.22362262908711,16.71
437,5.305569638589331,60.24731274715564,72.54890478742577,32.388156845999994,1.977421301186796,0.4557832983269356,0.1176608736496007,0.5692041522491349,0.9609582963620232,0.2984016688218298,0.1356351334223345,1.205510474771445,-16.459379393123584,0.848643403413751,0.206711200515104,False,False,False,True,post,59,off_axis,53.85591954182157,16.71
701,8.211967189102262,60.344293613591326,74.2390471876389,32.029252812,1.970089997593815,0.5186758459059616,0.1026761332605133,0.5383444917833232,0.9866699580350532,0.1163107154461561,0.0671985346243256,1.3927447648094249,-15.558405252268766,0.84875188683978,0.1907257059887207,False,False,False,True,post,59,off_axis,54.96052836453775,16.71
531,6.011754554170726,46.19253549376791,43.48884624161149,24.46646454,1.8009190941301711,0.322339405560882,0.0597312757749102,0.6409168081494058,0.8346613545816733,0.8336740296146672,0.1413549794163117,0.9891505776059752,-42.79835127486403,0.8495641712095624,0.0931966130633698,False,False,False,True,post,59,off_axis,53.810359130104466,16.71
489,5.706172241072872,46.26991071255447,40.6506473582155,29.036040084,1.9067024560529025,0.4695427371142349,0.1205464773640503,0.5380749314651233,0.8897485493230174,0.2516121187081364,0.1103304451160042,1.2013074720155597,-44.10095177536394,0.8498858825931171,0.2240328815092993,False,False,False,True,post,59,off_axis,53.39046865263168,16.71
534,6.947670207629192,59.66814254587038,8.668654128440616,38.864849904,2.101306780161681,0.7402824722356349,0.1618620958317101,0.4947710899372531,0.995516152043208,0.1532555390240396,0.2766435749461723,1.3725316699955157,-47.80968088330084,0.8506657256403305,0.3271454196166505,False,False,False,True,post,59,off_axis,48.0100930491659,16.71
119,2.6672491808393914,45.94573848494331,41.49678665158223,30.068182404,1.9290324007898805,0.4485879232329537,0.1382589612289685,0.576966610073571,0.9565358417126176,0.4460461926572505,0.1739396590205123,1.5979651910504968,-43.97629555451349,0.8507710112644975,0.2396307841996934,False,False,False,True,post,59,off_axis,53.799505324194044,16.71
787,8.546908668987077,45.30576029338727,49.48698759323713,28.304157348,1.8905458169918803,0.4288082214486988,0.1447009183420203,0.5591990713871154,0.9324055666003976,0.2682883341804287,0.0869637320845542,1.44356310214318,-40.67884936685579,0.8514019863815815,0.2587645898321755,False,False,False,True,post,59,off_axis,55.87018170000281,16.71
308,4.091358638255687,46.99313743554622,29.33317980368876,37.759988466,2.081202862497303,0.7295148164254208,0.1944495837187789,0.5087276067983464,0.9992439788314073,0.1411728723947046,0.2063528960458886,1.633059119612785,-48.931990240751226,0.8516168805469195,0.3822273081316314,False,False,False,False,pachytene,59,off_axis,52.79889882678515,16.71
541,6.795965728935175,70.84213294879608,78.67677545031229,34.771467294,2.024781369281232,0.5557579437360858,0.1134894991922456,0.5644646924829158,0.9886799693016116,0.261677814511375,0.2057619464264585,1.5754777594530835,-4.222626970717503,0.851776520466558,0.2010568609580137,False,False,False,True,post,59,off_axis,51.70265664259353,16.71
402,4.961395420316579,45.37152521899553,37.71329884739621,30.527954892,1.9388149833641035,0.4453665283540802,0.1430606672207052,0.5459961208090884,0.9381720430107529,0.081593638785207,0.0544478087874545,1.1834147669207635,-46.30591340212469,0.8520643072433627,0.2620177355998604,False,False,False,True,post,59,off_axis,54.09016568793472,16.71
192,3.60336990120613,58.75563489302352,11.15971143705602,38.702991222,2.09838564880763,0.7171343717801079,0.1534554688917104,0.4953931862009856,0.999677349967735,0.1041112913146367,0.1540173046474139,1.582407677732207,-47.406028334334245,0.8521582777412365,0.3097649971096941,False,False,False,True,post,59,off_axis,47.43869295018781,16.71
186,3.614437435119455,44.87278141020634,48.15851848598409,29.376177894,1.9141188202055168,0.530224387127685,0.139031172252305,0.5563488016318205,0.98582995951417,0.1703612263940979,0.0898777398422868,1.3912511410770791,-41.69943660664455,0.8522273147736545,0.2498992931134464,False,False,False,True,post,59,off_axis,55.97648356957817,16.71
532,6.530317796610096,54.2323493008457,68.21408580508601,22.14414432,1.742034551845941,0.5729872881355933,0.1547494233591948,0.4368643016621186,0.9760333449114276,0.0791322465846036,0.053153319382626,1.4800903153470308,-23.819745360915324,0.8525914005472035,0.3542276692566237,False,False,False,False,pachytene,59,off_axis,55.733784640255635,16.71
222,3.846605795950827,51.79309563318801,22.152946288209208,35.454088692,2.037945532116388,0.7654492523488157,0.0835056876938986,0.5681241184767278,1.0,0.1162273136067413,0.2363119317272374,1.7510578577979494,-48.195402318871274,0.8527948457438785,0.1469849368792803,False,False,False,False,pachytene,59,off_axis,49.48612363096352,16.71
249,3.934335401555396,60.813691523200326,9.19028140347809,26.842737654,1.857431183873454,0.7369570916717644,0.0672451193058568,0.5568106312292359,0.9993204675183474,0.1683446887892865,0.3505532951444658,1.6752300130467823,-46.55464986604561,0.8530428288398639,0.1207683825242417,False,False,False,False,pachytene,59,off_axis,46.76956484917686,16.71
825,8.848634573860764,45.519192925187895,44.70997609551717,36.936620388,2.0659644726576696,0.4403658071891274,0.2323373116125098,0.5028370403994553,0.8988218988218988,0.3658483628887632,0.1372807631547076,1.0773446384007068,-42.79841342743378,0.8530472165770918,0.4620528977498164,False,False,False,False,pachytene,59,off_axis,54.66690925321203,16.71
164,2.885524126455843,55.95213682751012,71.4559455629499,25.376626404,1.8229793908925351,0.5,0.1515294117647059,0.5405805139582178,0.9822097378277154,0.3181848208634938,0.1750154762316425,1.5875628024233936,-20.748442786128745,0.8534854611300348,0.280308682707009,False,False,False,True,post,59,off_axis,56.35442467017819,16.71
729,7.427039672483393,56.78988507651961,10.61312552880327,48.130673004,2.256547302081606,0.699727068915099,0.1860219315629541,0.5430936536276578,0.998208206414621,0.1470158259871281,0.1742268354463609,1.2135011690432582,-49.39137283109564,0.8537608211744571,0.3425227496591035,False,False,False,False,pachytene,59,off_axis,49.408207382367806,16.71
697,8.514123117496819,47.28649407661808,24.680302779512804,67.60063040399999,2.527090017545714,0.8370809910472621,0.116650987770461,0.5816826411075612,1.0,0.1741210092691015,0.5391924053154648,1.079069482440392,-50.921628107470234,0.853766008101076,0.2005406032890203,False,False,False,True,post,59,off_axis,53.262781877273405,16.71
556,6.90610847814674,66.57294101500604,77.8731392377561,35.637059376,2.0414453133530124,0.5523301737756714,0.1875522637677696,0.5041905602117336,0.9801652892561984,0.1159667576956763,0.0596250382023477,1.2736479233627405,-8.349242801997704,0.8542031843986931,0.3719868608587348,False,False,False,False,pachytene,59,off_axis,53.5424424897029,16.71
824,8.725210161663096,44.38959381062511,41.102136055426335,25.39304685,1.823372504355824,0.4851732101616628,0.1728999703176016,0.5469226628386865,0.9418127564341664,0.2561414109267861,0.1198723578068209,1.0064157901260724,-45.52958390670368,0.854332415376758,0.3161323932349061,False,False,False,True,post,59,off_axis,55.30577952855489,16.71
188,2.3463119127112395,52.28908743331121,19.65548266960498,68.151888234,2.5339405875098686,0.8537156231714453,0.1028076841883048,0.5105882352941177,0.999820884828945,0.1677446945229502,0.5554504281052111,1.3337189413725714,-48.96689749142478,0.8544767869865617,0.2013514552075095,False,False,False,True,post,59,off_axis,49.751701095756744,16.71
159,3.246945806280632,45.798551762289584,33.41253748509378,35.407173132,2.037046213552888,0.5673115145090765,0.2088431253785584,0.4624100444036135,0.9801805337519623,0.1690966210883676,0.0939623783417862,1.4801493307641005,-48.00848346631389,0.8546381599943635,0.4516405469693261,False,False,False,False,pachytene,59,off_axis,53.665641281114674,16.71
170,3.036686261702599,70.78633484650588,78.91014350097785,21.548316708,1.726268106717388,0.581972566949706,0.1519434628975264,0.4934895833333333,0.954005482790131,0.2857419531780887,0.2039386983219309,1.892656130832002,-4.158813838899541,0.8549775735657715,0.3078959881406341,False,False,False,False,pachytene,59,off_axis,51.9280426462209,16.71
553,7.086899644926453,54.83681076434289,71.68973584376573,37.656774234,2.079304858958285,0.6038123715193422,0.2082659031495083,0.4654088050314465,0.9876543209876544,0.1454328763065825,0.1099532624255402,1.4348265884470013,-21.6122710913876,0.855128067524768,0.4474902513617814,False,False,False,False,pachytene,59,off_axis,57.36594538933422,16.71
792,8.427265758595302,54.9454516539883,13.805034654166528,39.782049102,2.117708500744071,0.8044106374196591,0.0682584269662921,0.6318962918299669,0.9999173485412016,0.0558743130647686,0.1627188345628864,1.1115445750528936,-49.46543212161368,0.855132747149216,0.1080215659576293,False,False,False,True,post,59,off_axis,49.52343047185744,16.71
365,4.40750776880046,68.43715946550783,78.34677773772414,18.87178401,1.651612328497577,0.4681168427594779,0.1671856753600622,0.4629586351951391,0.8237388724035608,0.346275187992541,0.0689296797865805,1.5435271377103168,-6.488031901495945,0.8552944400078283,0.3611244345611843,False,False,False,False,pachytene,59,off_axis,52.802258001897165,16.71
469,6.001030764351396,49.39129181731688,23.221196194099715,29.584952136,1.918642618830248,0.6949730415477323,0.0594132029339853,0.6142448661294515,0.9995722840034216,0.1447966204582805,0.2110376802371809,1.2512258182808695,-49.78291974801204,0.8555292601478484,0.0967255995290061,False,False,False,True,post,59,off_axis,51.53502643850023,16.71
329,3.893853040724852,43.93338074025682,44.11675407795704,21.484980702,1.7245751326597138,0.4992903155366306,0.1413592960119828,0.5590928914086349,0.9810725552050472,0.3060744202790619,0.1874433450950947,1.5258255747952565,-44.47355773910827,0.8567246860054499,0.2528368687640223,False,False,False,True,post,59,off_axis,56.137959100609095,16.71
307,4.697892866209719,45.38106346788593,27.37146174155884,27.720058626,1.8774505704470632,0.7303884234577304,0.121103448275862,0.5580665411173886,0.9994303617203076,0.1481868509008434,0.2573388126057109,1.5515234091454595,-51.29087931798098,0.8572927050136145,0.2170053915674333,False,False,False,True,post,59,off_axis,54.66032411747404,16.71
383,4.968493022384696,43.75070474852628,34.42579783647045,25.045871706,1.8150245936236504,0.4398239205769411,0.1281341107871719,0.578665774954021,0.9478653530377668,0.1360824638666339,0.0459572658328325,1.2206310054658385,-49.31258580071016,0.8573457386417491,0.2214302561739599,False,False,False,True,post,59,off_axis,55.681467298135395,16.71
13,1.4614409810935227,60.217157475727,76.14297961165128,22.95343773,1.76300296707115,0.5965252938170669,0.2008097165991903,0.4528875379939209,0.987053194483535,0.1536993583939724,0.1188890461788628,1.8547103845867656,-14.750470290636724,0.8578039635004047,0.4433986359807625,False,False,False,False,pachytene,60,off_axis,56.403962780694336,16.71
785,8.240630182421812,43.57511821250908,28.56514488272836,39.606115752,2.114582081144324,0.7123312011371713,0.1224932249322493,0.5377805229565575,0.9990340238274122,0.1583578780989027,0.232576985474092,1.1644461981849217,-52.29603147405133,0.8584396147415091,0.2277754952128388,False,False,False,True,post,60,off_axis,56.28498388804506,16.71
640,7.840826621105093,43.14205528435463,47.83551347327151,28.831957398,1.9022247999869248,0.5146855422666992,0.1483438035408337,0.5436714165968147,0.98125,0.1370588840751045,0.0779533296702284,1.3319443016457817,-43.37101625626435,0.8591657816559907,0.2728556238424525,False,False,False,True,post,60,off_axis,57.59478849376314,16.71
569,7.724733107459977,48.10039647765644,20.73955038675504,36.695005254,2.0614498864935453,0.7024867352809563,0.13862668887655,0.557799742157284,0.999191965831698,0.1205960775564436,0.1809060356357385,1.1994081260680751,-52.11158282860417,0.8602535738177147,0.2485241178857719,False,False,False,True,post,60,off_axis,53.425064898473124,16.71
310,4.1424919733267815,52.87845796492916,71.00477259817237,37.992220488,2.085460759950001,0.538589775253149,0.1401449775629961,0.5299076676033722,0.986907970735464,0.1533065430844503,0.088455499473959,1.7428672529628173,-23.65795022562765,0.8608709870905908,0.2644705599313813,False,False,False,False,pachytene,60,off_axis,58.48351266111267,16.71
122,2.984549109707112,64.42420048104542,79.25686832998065,32.671995984,1.9831809980905288,0.5457352096496266,0.1066083027393391,0.5693061482535167,0.990258365099534,0.0837517973434811,0.0528960402614781,1.6084116978972969,-9.562826849453256,0.8609896524695397,0.187260058698445,False,False,False,True,post,60,off_axis,55.959819278824774,16.71
702,8.325039205436399,60.55817998655627,5.201829109103564,31.412313198,1.9573587722276635,0.7151818385482787,0.1968835544325121,0.5479811221814368,0.9945370117454247,0.1532692412138233,0.2385978112366078,1.2799198289676803,-48.7041379966095,0.8613681396912335,0.3592889361749289,False,False,False,False,pachytene,60,off_axis,49.33236244952822,16.71
665,6.273412576214617,43.07207457350521,39.98187611011958,76.176794772,2.6297312179978065,0.7470899796760485,0.075216754869947,0.6633386095214904,0.9766770527859238,0.4049444736921109,0.7850132600179633,1.1812547859477074,-47.22424803221163,0.861401850007894,0.1133911908492795,False,False,False,True,post,60,off_axis,56.518822312893754,16.71
167,3.9265290358823135,58.72463124078378,6.869985137981988,66.81244899599999,2.517230163856948,0.739203707604803,0.1129687126821112,0.5476575121163166,0.9997663278420376,0.0817674569995377,0.1548104595015565,1.7118762429813446,-49.50437461831653,0.8619090943897796,0.2062762039829701,False,False,False,False,pachytene,60,off_axis,49.80915871727937,16.71
99,2.4274313457745613,42.612385776057685,41.49973513882405,30.922045596,1.947122172733132,0.5183583674707934,0.1468691212039774,0.5627657898881714,0.9878600333253988,0.2080192497757322,0.0983235903179502,1.5564760743842934,-46.8939413443509,0.8623775282829431,0.260977344115324,False,False,False,True,post,60,off_axis,57.11418390581542,16.71
529,6.19386705839163,42.64731103562225,44.49601748990216,25.550213976,1.8271266160477235,0.4662137348512669,0.133402891638098,0.6123151014791882,0.9883798140770252,0.3133191689662744,0.1747276112443773,1.226166778739791,-45.41667057403231,0.8623794178933144,0.2178664078606466,False,False,False,True,post,60,off_axis,57.466993655283744,16.71
622,7.36870629370601,55.79298389423122,7.221041346154003,32.202840384,1.9736426580770865,0.6728583916083917,0.0954682779456193,0.6519706078824316,0.9998645720476708,0.1667977852008937,0.2189176650907778,1.0775841323100923,-51.902164879439425,0.8628944685166056,0.1464303402506066,False,False,False,True,post,60,off_axis,52.039546014513164,16.71
189,3.005558987028992,52.90378550692613,13.172034086297336,53.16940414799999,2.3326937621275787,0.7173299214682785,0.2024150379683804,0.5072576869049478,1.0,0.2327327600682871,0.3123875306150471,1.3738912206429883,-51.558981078427976,0.8634026879645913,0.3990378917733579,False,False,False,False,pachytene,60,off_axis,51.63645423994167,16.71
790,8.865675917636898,52.24340613249798,12.98704125335725,26.20234026,1.8425409875645584,0.6404655326768129,0.0465337132003799,0.6342131474103586,0.9989235737351992,0.2607714610424221,0.3126131690891481,1.1874169658489984,-52.22660522803227,0.8640044538956366,0.0733723565813607,False,False,False,True,post,60,off_axis,52.31180319050055,16.71
118,2.859878114634017,41.35781754223412,44.413434829901945,30.408320214,1.9362790218087635,0.5529584201187996,0.147041507212246,0.5860224331320103,0.9967112024665982,0.1923407050633457,0.1573552530867726,1.7073903472286265,-46.58577345149801,0.8645093266197805,0.2509144682847368,False,False,False,False,pachytene,60,off_axis,58.72878369212513,16.71
7,1.8580913311021696,41.97705895498071,38.541167505129664,43.45788322799999,2.1810216992185114,0.6008312641692757,0.0934166973151894,0.5916159567275185,0.9834247258225324,0.2183435697285112,0.1365635160621942,1.1666664960705704,-48.8787835203503,0.8647941398040836,0.1579009089476173,False,False,False,True,post,60,off_axis,57.51870013782383,16.71
570,6.745777260493667,52.67007856986981,10.945051516693995,32.247410165999995,1.974552766948241,0.751218447661308,0.0831099195710456,0.5997076023391813,1.0,0.1881363831455977,0.3768797852433738,1.2345718088874345,-52.838889345739844,0.8650030450868894,0.138584068714274,False,False,False,True,post,60,off_axis,52.84816590448673,16.71
639,8.053942844864624,41.7299749570248,31.22118079608964,43.669003248,2.1845478236472835,0.7652019767941556,0.0612113402061855,0.5749256463051933,0.9980227385071676,0.1729818042876966,0.3299578474696791,1.4158503940543146,-52.62944645904549,0.8650311023452649,0.1064682722010494,False,False,False,True,post,60,off_axis,57.85521213076279,16.71
528,6.48691127657669,42.21040835202197,35.899638037138914,26.148387366,1.84127546792869,0.4852426661882121,0.15193615134496,0.5561171139769955,0.9827877151535606,0.1005352791630257,0.0627033694791207,1.187564994535055,-49.949837665714874,0.865785442938199,0.2732089114438674,False,False,False,True,post,60,off_axis,57.210429575755164,16.71
220,3.6784136056318695,48.56444656025544,18.04231802467403,33.654876966,2.002871711532311,0.7595316093956925,0.1015625,0.5968115942028985,0.9995648389904264,0.1001341483595461,0.221964469412872,1.3925729183206994,-53.00750361889168,0.8666177996712461,0.1701751457017969,False,False,False,True,post,60,off_axis,53.79784808307759,16.71
696,8.372075028160069,43.578893168127735,25.236302659288032,47.898440982,2.2529121451421497,0.7377932317939174,0.1439078989446753,0.577698916697796,0.9996874511642444,0.0924091763600095,0.1745949552475784,0.97440306340582,-53.89998075960989,0.8667956697737922,0.2491053640316171,False,False,False,True,post,60,off_axis,56.792853959205445,16.71
163,3.593554006968524,54.99150656576676,8.894497163545429,43.087250304,2.174803667850226,0.802645905923345,0.0613671672708441,0.6427586206896552,1.0,0.1161549648275744,0.3056798626696262,1.4453189568135618,-51.796041445755264,0.8669458635220458,0.0954746701102188,False,False,False,True,post,60,off_axis,51.83185218113337,16.71
823,8.79051829555121,40.61744078637889,41.47734136017173,24.937965918,1.8124142685801776,0.3301664942150315,0.0126178591236827,0.600056171885971,0.7188524590163935,0.6177672503197783,0.0688314560578658,1.0874018734020103,-48.65175837346095,0.8674995410779813,0.0210277965878176,False,False,False,True,post,60,off_axis,59.09654607811361,16.71
187,4.328664559462833,46.181135381272085,21.696734709600697,47.497312944,2.246605462886604,0.6894508099565388,0.1331679073614557,0.5618638676844784,0.9999102333931776,0.1874692984352536,0.2860516776873085,1.4742271251633292,-53.33015547603627,0.8691695814562215,0.2370109825895369,False,False,False,True,post,60,off_axis,55.02180955149197,16.71
306,4.090065930809825,42.97959189569566,24.985337099044525,31.665657222,1.9626067988195517,0.6483443218016149,0.0728515625,0.575942700653044,0.998369162342476,0.2149405284999257,0.2656310917948171,1.3584757614685803,-54.545971271928565,0.8692379152023443,0.1264909901929408,False,False,False,True,post,60,off_axis,57.42802923854626,16.71
808,8.780951058017596,43.67564442283595,22.01125666064699,50.66176746599999,2.295429238730091,0.8065472056304116,0.0541091238397102,0.6361895643848732,0.9997470435717448,0.0669106494586391,0.1666077926663055,1.01154456794573,-55.37239361247058,0.8693878455474411,0.0850518884132089,False,False,False,True,post,60,off_axis,57.37434487111225,16.71
468,5.8870377382306245,43.67890863309479,23.40757625899199,18.585599094,1.6432210329319905,0.6593462072447305,0.0930779569892472,0.570581696924787,0.9945198951632118,0.2324813082257137,0.2884198704823743,1.0952004788725571,-54.695354218454455,0.8698829545174543,0.1631281856584275,False,False,False,True,post,60,off_axis,57.05682005666939,16.71
526,5.9736750788641535,40.58530542586691,39.67967656940089,29.74446504,1.9220846824057851,0.4458990536277603,0.1283959806475623,0.6060347281525762,0.9461783439490444,0.4318187943224283,0.1703656479199286,1.1919213301893634,-49.54786100352518,0.8701638856958537,0.2118624142859964,False,False,False,True,post,60,off_axis,58.97666267324587,16.71
116,2.8349891179105478,41.35075909614528,31.63112179618565,36.645743916,2.060527006528467,0.6019715785430803,0.1866579463701766,0.5320038597619814,0.9950641658440276,0.1419341959224778,0.1025094379976535,1.4947561491007078,-52.763601149195175,0.871339439915909,0.3508582559037963,False,False,False,False,pachytene,60,off_axis,58.2040329855462,16.71
247,3.920125272331249,55.60285541258228,5.431132924836742,34.454787264,2.0186157361967445,0.7681100217864923,0.0660817109953386,0.6009982384028185,0.9998956594323872,0.1425165696917438,0.3087988964929927,1.7021207944468593,-52.9328795858518,0.8715538025701147,0.1099532523938072,False,False,False,False,pachytene,60,off_axis,53.1930392349604,16.71
788,7.457890678158466,46.26892376502615,17.96843643456545,51.71267601,2.311192578438019,0.8220458153776367,0.1194163860830527,0.5959724700484323,0.9998767865943816,0.1357217198329288,0.3867881139838208,1.3748821948997991,-55.05340106843083,0.8718266888579663,0.2003723193343951,False,False,False,True,post,60,off_axis,55.996039211953665,16.71
408,5.717863582665409,69.14272527513502,84.90201495989423,37.72714757399999,2.08059932785951,0.5944164645899397,0.2163623258049014,0.3792733404875058,0.9734121122599704,0.1210075110143569,0.0897127821534423,1.5990801378069697,-2.7051109680212133,0.8729242644850379,0.5704654208671673,False,False,False,False,pachytene,61,off_axis,57.8652588706711,16.71
619,8.569255721751734,39.78937413497926,26.452518962876933,52.066888488,2.3164575104798573,0.7978464588214093,0.0913325232887808,0.5593938043236015,0.9966505636070854,0.150026583010945,0.3571031081432161,1.0895350266582755,-56.631300053196895,0.8735392078214764,0.1632705306759998,False,False,False,True,post,61,off_axis,60.326653319721494,16.71
84,2.2330387898757214,39.17107355099685,40.174458372023146,31.325519412,1.9555543493747936,0.469896660176726,0.0818417639429313,0.6143523096482554,0.9673009916912356,0.3505191525178815,0.1136661937724008,1.4505744829779876,-50.54743206296244,0.8752024661236625,0.1332163363881376,False,False,False,True,post,61,off_axis,60.42309489609254,16.71
637,7.538306397755827,38.51912913049391,28.840830993721458,35.125679772,2.0316335503023413,0.7342059569921197,0.0902857142857143,0.5288944723618091,0.9980708125283704,0.1628726322288119,0.2750754217342215,1.3549079152221497,-56.590531929557365,0.876193283525959,0.1707064811672888,False,False,False,True,post,61,off_axis,61.27370851302838,16.71
783,8.478358672044475,38.57762431740727,31.707160355259948,30.241769976,1.932737465895534,0.745035681042507,0.0524646872297491,0.6078491025250988,0.9998760535448686,0.1656348393682301,0.3078171727323707,1.33975944239638,-55.15536542180742,0.876206050128553,0.0863120254875803,False,False,False,True,post,61,off_axis,60.96614734759378,16.71
618,7.155565497494566,39.13011952398077,36.52152951861096,26.216414928,1.842870837372458,0.445687186828919,0.1452814569536423,0.5770782889426957,0.9742673338098642,0.1631251154177831,0.0725736564492732,1.153843873549615,-52.34702901395738,0.8765336876570042,0.251753461770018,False,False,False,True,post,61,off_axis,60.29707650505726,16.71
527,6.101806478405406,40.394618210132485,25.023990043604854,22.594533696,1.7537657777175335,0.5149501661129567,0.0889235569422777,0.6207191780821918,0.7287363304981774,0.5448740686544022,0.1433637875744151,1.1860001559328823,-56.791010701563295,0.8765623031224327,0.1432589165635591,False,False,False,True,post,61,off_axis,59.96362448883711,16.71
158,2.6567953581789845,44.688903782639294,21.26097455925037,21.022862436,1.7121208380813668,0.6181655880383843,0.0632356966876539,0.5859146697837522,0.997720018239854,0.138748839426495,0.1658628195533826,1.439220875670426,-54.84732294734069,0.8766940288387951,0.1079264608803749,False,False,False,True,post,61,off_axis,56.57573564025169,16.71
246,4.148797866960733,38.27108317473607,33.40913358157518,51.027708834,2.300942785728393,0.6907552981197995,0.1984032411820782,0.4474505723204995,0.9896243635315592,0.0948615122944995,0.1029343536819489,1.4305819214153856,-54.60204960866205,0.8769092350934489,0.4434081738976212,False,False,False,False,pachytene,61,off_axis,61.18779459367742,16.71
155,3.486145330221837,37.828807391329576,44.78874124382806,43.225651206,2.1771297471825206,0.5906550170944809,0.158429097400424,0.495426222988201,0.9798009367681498,0.1207164606452958,0.0948116979225774,1.721806782824794,-49.494975061299726,0.8770249780149515,0.3197834310118806,False,False,False,False,pachytene,61,off_axis,62.27432735428976,16.71
491,6.225677282938999,49.31410516056545,9.89599658385065,35.501004251999994,2.038844057664716,0.7651645301969077,0.0749609578344612,0.5317951603826674,1.0,0.1041262860572229,0.1949199157992661,1.170275107625977,-56.284280147577086,0.8773472346296324,0.1409583302347487,False,False,False,True,post,61,off_axis,56.30970173255732,16.71
435,5.604522082130002,48.395461153763605,15.26307593153484,33.303010265999994,1.9958671368965053,0.7574135380714235,0.108695652173913,0.5211962833914053,1.0,0.0636689483098553,0.1485145639025143,1.2883663631837916,-54.497380060915546,0.8777920733402219,0.2085503209398087,False,False,False,True,post,61,off_axis,54.924378981980624,16.71
807,8.932218844985366,38.18463784194675,43.375815260146986,26.239872708,1.8434203248036056,0.4396567137493294,0.1386560395767486,0.5360561582641991,0.9413749472796288,0.2839517737742132,0.1187633685074624,1.3943893266483496,-49.865567624454606,0.8782280062304996,0.258659540496149,False,False,False,True,post,61,off_axis,61.72834436377731,16.71
117,2.274017366284785,40.21273650516357,25.350212742126427,45.65587721399999,2.217188891757066,0.6801109798078405,0.1092989985693848,0.6185351750722775,0.9954063935502016,0.2948212024036123,0.3564106548083273,1.449667897877749,-56.79277822806231,0.8783240973126641,0.1767061971158115,False,False,False,True,post,61,off_axis,60.08621550433594,16.71
757,7.902750151345012,38.20440552624942,39.42160274150331,54.24846202799999,2.348368647800804,0.6785003891723601,0.1094741885255718,0.6186953597848016,0.9966193373901284,0.2952320070675365,0.415974354389544,1.1360343733418363,-51.75745752128441,0.8789323406795734,0.1769436068886145,False,False,False,True,post,61,off_axis,61.335390977341774,16.71
105,3.402396823662378,67.27232435799309,85.43074665063655,64.398643434,2.4865433586222,0.6734054565985502,0.1869785999274573,0.4753513272362257,0.990619840912502,0.1202629864234028,0.1412092736854545,1.807131980918803,-4.08776450874127,0.8793709752336802,0.393348223122849,False,False,False,False,pachytene,61,off_axis,59.30913147127197,16.71
185,3.1704626789364725,45.02184923313031,17.07971560582756,36.706734144,2.0616694980653367,0.7873849693251533,0.091975982532751,0.5785993387436129,0.9999051773184146,0.1092474613955563,0.2840077146121827,1.4502237629772077,-56.57458230869692,0.8794886613234054,0.1589631656553053,False,False,False,True,post,61,off_axis,57.46119938887657,16.71
812,7.838656096640406,68.72150130238046,87.47091325028418,12.427931843999998,1.436933769169198,0.8099282748206871,0.0968609865470851,0.4409136047666335,0.9964078474716772,0.2262443452027175,0.4713526473265609,1.058883890634,-1.8336498410698092,0.8806510023505824,0.21968246273179,False,False,False,True,post,61,off_axis,60.28289128742301,16.71
305,3.945732722731092,37.92475956494734,38.02084087219113,22.538235024,1.7523079501315502,0.4873022481265612,0.1950980392156862,0.5454730004060089,0.9092741935483872,0.4169001396876516,0.148158311174269,1.336439584916924,-52.67867361063393,0.8807282074632896,0.3576676372074695,False,False,False,False,pachytene,61,off_axis,61.54326594771236,16.71
833,8.882696089141419,41.62473942538666,18.99387263491431,21.473251812,1.7242612539521665,0.5938387590124536,0.0771903698188135,0.5935987089833243,0.9957694341618192,0.1751321528120392,0.1761845481134558,1.2205803019318422,-58.62527800900717,0.8820635056013033,0.1300379678234475,False,False,False,True,post,61,off_axis,60.130887141348595,16.71
664,7.758550298417359,36.300668661879534,43.14055230516387,27.119539458,1.8637939612241017,0.4040307931839806,0.1170062796360373,0.5923076923076923,0.9554339327599688,0.4255848097408387,0.1708856109562132,1.5694054006060505,-51.62898038812066,0.8839606794338121,0.1975430695153877,False,False,False,True,post,61,off_axis,63.569338746635175,16.71
381,5.008374177286002,36.86083239742359,41.74767084441834,33.502401396,1.9998424193706088,0.489077160061616,0.144147314098053,0.531999451829519,0.897622906537007,0.2283828427175969,0.1171033912058406,1.322040709435896,-51.810957041703716,0.8841385114851484,0.270953877118365,False,False,False,True,post,61,off_axis,62.86148551661379,16.71
551,6.245859527422607,42.91668638629909,18.35628067960117,43.284295656,2.1781138764106727,0.7426295252547149,0.0612769322000394,0.6390819119814698,0.9999158249158248,0.1296276953197152,0.249141115633058,1.1192592987779533,-57.80174637706538,0.8842795222991814,0.0958827515710008,False,False,False,True,post,61,off_axis,59.07305249386159,16.71
312,4.052212602212611,61.91297160894703,85.56969751082171,19.507489848,1.6699530452735931,0.5757575757575757,0.170077628793225,0.3877551020408163,0.9775051124744376,0.1218311276615874,0.0623771440176551,1.2600908222541602,-8.713944777131895,0.8844611373587415,0.4386212532035805,False,False,False,False,pachytene,61,off_axis,62.48797757969521,16.71
784,8.886881405563514,38.62585304538915,22.961254363103123,48.06499122,2.255520364962597,0.7607613469985359,0.0054777845404747,0.6442268461852305,0.999711274722102,0.1537560170977426,0.306816621541763,0.990312042607228,-59.33589076352216,0.8858094278535971,0.0085028815127952,False,False,False,True,post,61,off_axis,62.09197629565564,16.71
156,2.935075028397245,39.37523708375743,21.794256519399536,39.237828606,2.108007340482648,0.7346206731631494,0.1104208416833667,0.5805361567920703,0.9973203652242952,0.1866230250335004,0.3150725664945186,1.3098323327228378,-59.24310150091858,0.8864311123116961,0.1902049345100756,False,False,False,True,post,62,off_axis,61.609220834630825,16.71
530,6.52091183996324,45.68630923470589,13.88320851360865,30.253498866,1.932987296236971,0.644025742420718,0.0843637814120462,0.6255717708560227,1.0,0.1670923444751927,0.1915793477100315,1.5171364473078215,-57.53606432611206,0.8865228608194696,0.1348586770413316,False,False,False,True,post,62,off_axis,57.95251780461248,16.71
806,8.875209881308887,35.24111052783827,40.14609831129976,24.309297414,1.797054572780116,0.3240374408954936,0.117091000756239,0.5514632405424696,0.3797841020608439,0.9154120067331742,0.045051739558007,1.1035121265007095,-54.00265550328872,0.8867374368625054,0.2123278437218365,False,False,False,True,post,62,off_axis,64.34040632217192,16.71
467,5.926191972703411,36.44599858130541,35.832159199065146,26.124929586,1.8407246990082935,0.4265062404597288,0.1617010106313164,0.547831532801002,0.9592094196804036,0.137103216115283,0.065178418610726,1.1704944871463645,-55.03040258176164,0.8870625889026695,0.2951655772798566,False,False,False,True,post,62,off_axis,62.97446701449279,16.71
327,4.38713657637224,38.30767294710107,27.596931967096925,33.080161356,1.991405352012702,0.7031626719614239,0.1299106214924131,0.5843287147634973,0.9966751918158568,0.1693505871420299,0.2444764331599899,1.4018811383804717,-57.37629553407199,0.8878548776408074,0.2223245550152255,False,False,False,True,post,62,off_axis,61.63282935578327,16.71
832,8.926122466999246,35.62067850867474,26.974957211602344,53.134217478,2.3321790686370343,0.7989492737627477,0.0125758889852558,0.6752305665349143,0.9995761172338622,0.1377527278613759,0.3751259378715006,1.0133740719768802,-60.029645065871186,0.8881827029743011,0.0186245848581642,False,False,False,True,post,62,off_axis,64.37835338838202,16.71
309,3.990575916230465,47.497736834473,7.732558936769971,29.12283387,1.908600388243349,0.6596858638743455,0.0535394265232974,0.6487573964497041,0.999075927922378,0.1165702323811054,0.1453887441281721,1.592468283077051,-58.91946868024529,0.8882133032101125,0.0825261134844698,False,False,False,True,post,62,off_axis,58.923326746048346,16.71
596,6.48872603736953,38.10878060179753,22.458749949041188,48.33475569,2.259732193238729,0.7223004125212327,0.1405827575848602,0.5711289758825585,0.997907949790795,0.3314439389035012,0.5042813836097783,0.9309286651014558,-60.031321959974214,0.8885705092850221,0.2461488797125368,False,False,False,True,post,62,off_axis,62.70163755433605,16.71
304,3.6758894260567545,35.61824153960449,37.3121625511347,18.923391126,1.653116467724662,0.3881244576670385,0.1653703077443354,0.5686790923824959,0.8682065217391305,0.6756818979950538,0.1829657880931708,1.4030375465332805,-55.040696789642006,0.8891604624331423,0.2907972351357463,False,False,False,True,post,62,off_axis,63.82499687811337,16.71
756,7.750620403374958,35.369569119702604,33.4978061904983,51.989477814,2.315308939968583,0.7766547850020304,0.0977032446226758,0.5767676767676768,0.9988508854941192,0.1226990724839811,0.2405265672349226,1.1530351939677617,-57.10013757184257,0.8892134835073938,0.1693979197485974,False,False,False,True,post,62,off_axis,64.08459230492359,16.71
453,6.23491162064295,48.18112241783036,5.4644103854619726,33.044974686,1.9906990295614508,0.7032725207638248,0.1333195106780013,0.5342105263157895,0.9951071145199682,0.139099658431041,0.1972784330797084,1.3501905297751702,-59.41614065154097,0.889670609945145,0.2495636160474901,False,False,False,True,post,62,off_axis,59.438823385932935,16.71
434,6.020469957419637,35.768051931871206,25.82440912316773,29.749156595999995,1.9221857330701009,0.655811386216685,0.0539661898569571,0.6380297823596792,0.9996987498117186,0.1791438569013365,0.205901645276071,1.2364665836929165,-60.45610358149243,0.8902173087470403,0.0845825560953744,False,False,False,True,post,62,off_axis,64.39671775829444,16.71
786,8.675005418124927,42.34612484906722,13.979806870182262,75.76628362199999,2.6249988976426253,0.8399640855754048,0.0914044647565477,0.5542658154381892,0.9995138945151096,0.324694562059377,1.0315234113565306,1.229007285559912,-60.414476032516866,0.8917103564344765,0.1649108824874678,False,False,False,True,post,62,off_axis,61.02808920367968,16.71
83,2.1084023114165604,34.57285103857505,41.80834139465748,30.040033068,1.9284302367423936,0.5288927065438076,0.1253986662800812,0.5602519476214155,0.9910324212462636,0.3000014149361296,0.1543468608393236,1.453962930974004,-53.785284923668,0.8921556045583175,0.2238254892508077,False,False,False,True,post,62,off_axis,65.1446121956816,16.71
595,7.133274802458361,34.67873956236839,38.0474934557996,34.733934846,2.0240525882156795,0.429188897143243,0.1766195811008281,0.5013014671083768,0.9314924851450542,0.1547682653614527,0.0429577062285735,1.2768197521715905,-55.50839579691395,0.8923428973042087,0.3523220909757373,False,False,False,False,pachytene,62,off_axis,64.78788526521406,16.71
157,3.177557952446079,41.53322747750301,15.72140263989013,39.364500618,2.1102733399656564,0.7305881651868185,0.1304096941719561,0.5297500552975005,0.9973305954825462,0.1053689483055827,0.1770227023787458,1.3041351705454924,-60.28545349798332,0.8924904893232203,0.2461721199797134,False,False,False,True,post,62,off_axis,61.201630649268466,16.71
727,8.338695324799719,33.994598281881,29.81522944759961,34.269470801999994,2.014990159604222,0.7001848175782053,0.0296854231280461,0.6,0.9989055089383436,0.1759497535945735,0.2352458664364583,1.182829857985587,-60.08226883056052,0.8925056312465974,0.0494757052134102,False,False,False,True,post,62,off_axis,65.67976221721665,16.71
82,2.393372867249355,34.07416354556811,34.03639037141077,45.095236272,2.208076009122019,0.6744173949230129,0.1867203742203742,0.4727592267135325,0.989241469245816,0.1106172968183065,0.0971869566953187,1.2757414885355949,-57.97450159751286,0.8928580511902257,0.3949587097821299,False,False,False,False,pachytene,62,off_axis,65.36430252674165,16.71
488,6.4016706443911815,44.749967094272805,10.48031248209969,39.31523927999999,2.1093926964044822,0.609546539379475,0.1631713554987212,0.5401894865525673,0.9994604801726464,0.1226742537921455,0.1055558522927563,1.145811106167346,-59.999044122037446,0.8933393454864115,0.302063182569627,False,False,False,True,post,62,off_axis,60.16069235937942,16.71
837,8.743086003372559,45.21766985666181,11.02083385328879,16.692556248,1.585421510767149,0.634485666104553,0.041988950276243,0.6255286428296809,0.9964471166985516,0.2439150562988103,0.2658014257123363,1.491416471214454,-59.32849111668339,0.8944965357124737,0.0671255437421685,False,False,False,True,post,62,off_axis,59.5108100945713,16.71
845,8.708525435648948,37.99483390638534,19.045719074784,30.018921066,1.9279783667961297,0.6735953739157615,0.0777213512916759,0.6382571223366053,0.9972335468841002,0.1604806952801512,0.2192246843523072,1.053023357965326,-61.779010505037576,0.8946857992015242,0.1217712244356077,False,False,False,True,post,62,off_axis,63.61418286011866,16.71
505,6.022439996677847,39.50490966697145,17.358760401959024,28.245512898,1.889239216475463,0.6557594884145834,0.0484389348025712,0.678648974668275,0.9855228707839212,0.2319810480954562,0.2700146691728736,1.0666412518909194,-61.2711226896611,0.8956694922179512,0.0713755367069526,False,False,False,True,post,62,off_axis,62.62743924907156,16.71
835,8.576886000542196,45.03057694557306,7.514629959382959,43.31479077,2.1786252723440254,0.8051448686704576,0.0666666666666666,0.6067259588660366,1.0,0.0712692326309003,0.1834581681441421,1.064899946751015,-61.185221407668266,0.8962254644213232,0.10987937089632,False,False,False,True,post,62,off_axis,61.20813461551501,16.71
754,8.291445754530285,32.75082157157658,41.21342487932151,29.643596586,1.9199095182626085,0.3859302049537073,0.0981987216734456,0.6175257731958763,0.942512749188688,0.2339340772970148,0.0692949376317557,1.404665503317029,-55.66810657419915,0.8963629209342097,0.1590196327600038,False,False,False,True,post,62,off_axis,66.90592096140918,16.71
5,2.0419265158915527,33.64729401157128,38.21150145014811,31.219959402,1.9533552834790344,0.4889172740250957,0.0803136830719307,0.6030579241399588,0.9407008086253368,0.3741311837333356,0.1589628943012044,1.1731221213699203,-56.332461393667735,0.897002092913924,0.1331773945039671,False,False,False,True,post,62,off_axis,65.82492782292599,16.71
380,5.244530987712574,35.79323362653495,22.625755596588164,34.935671754,2.0279636349150967,0.7820452561606124,0.0519859813084112,0.6050523721503389,0.999410493220672,0.1292274238521971,0.280859987544411,1.3599431634163817,-61.978448024388754,0.8977180894019327,0.0859198041380361,False,False,False,True,post,62,off_axis,64.93409760745811,16.71
638,8.305341403844096,38.37540404587589,15.824703536157903,22.090191426,1.740618613324312,0.5016459594350642,0.0309725376832541,0.6584274451310462,0.9831701346389228,0.2293087242956021,0.1506708231372883,1.1999297711339936,-63.00093268103452,0.8979540017698057,0.0470401680736283,False,False,False,True,post,62,off_axis,64.16470711774375,16.71
154,2.3615466408892183,37.05756253262454,19.084033813436445,72.80122023,2.590299707126562,0.8305461575640406,0.1240839440373084,0.5476326297775242,0.9986596333448634,0.2610410767985071,0.7925406382201818,1.1232857113434105,-62.58129439760792,0.8989751027343108,0.2265824519764601,False,False,False,True,post,62,off_axis,64.50984829174763,16.71
834,8.995046704945159,42.561064709914746,11.914540646156246,27.372883482,1.869579682788856,0.6489844888165224,0.1039159921242616,0.589599609375,0.9981063866414184,0.1586392691347483,0.1844005184519832,1.2207227508315217,-61.22341621568843,0.899006831697889,0.1762484073461596,False,False,False,True,post,62,off_axis,61.59111866119668,16.71
675,7.708519401691005,66.55597277259744,92.50200455235206,10.821073914,1.3721257609789634,0.5861695209191415,0.0,0.5589313776846516,0.9877232142857144,0.086662431848625,0.0898372211686277,1.0100621631938298,-1.3008902612824724,0.8996789811865505,0.0,False,False,False,True,post,62,off_axis,65.71925553268538,16.71
281,3.870687155697221,32.22993137141318,41.54637947230936,24.271764966,1.7961292395889812,0.5023678360877549,0.1539599079855406,0.530782676247815,0.9804829639431027,0.1781790622050681,0.0934135611870592,1.5405474551147156,-55.963498831631775,0.9007144131376966,0.2900620439873943,False,False,False,True,post,63,off_axis,67.45356757601748,16.71
805,8.690438247012397,32.11772414342733,25.84397202191333,23.55161112,1.7781866175811307,0.5914342629482072,0.021702838063439,0.6196977084349098,0.9995157384987894,0.1565571242842063,0.1507968054433789,1.1721593300490891,-63.643307547059095,0.9009928608690594,0.035021652925345,False,False,False,True,post,63,off_axis,68.00427484227629,16.71
219,3.924778470626768,33.434195085330266,25.40602662454953,28.590342264,1.8968962663785989,0.5911552346570397,0.092680262199563,0.6413806943608268,0.9985957521502544,0.1250942919991957,0.1309742228247965,1.242815501874763,-62.70190512042122,0.9012073681833388,0.144501172259206,False,False,False,True,post,63,off_axis,66.76705597784536,16.71
184,3.367452054794432,34.28733493150645,27.374837698630145,25.6862691,1.8303640317419911,0.7093150684931506,0.0557698012459211,0.5887527489789507,0.999548124717578,0.1349191986547478,0.2514731678227198,1.27680771788971,-61.004201893008876,0.9020635316816162,0.0947253347736216,False,False,False,True,post,63,off_axis,65.64870867398999,16.71
401,5.419058130978709,35.98594232891742,19.34449977925024,25.503298416,1.8260076014267792,0.7108167770419427,0.0498640072529464,0.5951017811704835,0.9993606138107416,0.1484921967959737,0.2180181197750746,1.0225576794104914,-63.39396905194736,0.9021768729824172,0.0837907208996599,False,False,False,True,post,63,off_axis,65.48126411455885,16.71
362,5.452331038798604,43.916179470432006,6.431570521746568,59.97685190399999,2.428277704855061,0.7053739048811014,0.1330417769593739,0.5676357360945175,0.9999299817952668,0.1148599135104967,0.200564283135002,1.5831065434184908,-62.68404719979229,0.9023874154267209,0.2343787899520495,False,False,False,True,post,63,off_axis,62.69679499796439,16.71
755,8.404375804376603,33.67763076254831,22.46079277992189,72.90678023999999,2.591551059836726,0.8214285714285714,0.0868706811451135,0.6088288288288288,0.9992691629766562,0.1113825921602818,0.312347087475294,1.0093762713963406,-63.910763240092,0.9031631572768112,0.1426849009634152,False,False,False,True,post,63,off_axis,67.04054888782747,16.71
421,5.5703506517347945,31.48375640719711,39.92424723701127,25.554905532,1.827238442146053,0.4439140811455847,0.1745469410001362,0.5274017827665897,0.9876847290640394,0.1812106897118765,0.0933764869216965,1.2438865495958322,-57.400145308074364,0.904133111349603,0.330956296894781,False,False,False,True,post,63,off_axis,68.0743629614864,16.71
782,8.491228931434874,30.572730240549348,29.98820974472178,28.670098716,1.8986585077619604,0.6322205858288332,0.120696400625978,0.5672969966629589,0.997081889476564,0.2231784456636229,0.2373796794460582,1.0550571216662412,-62.99533293200587,0.9044165925345252,0.2127569885544201,False,False,False,True,post,63,off_axis,69.07478995548738,16.71
245,3.765196515536093,31.939318382605983,31.769101893134877,34.199097462,2.013609934390096,0.7427807119829892,0.1028708133971292,0.484,1.0,0.0640271351668781,0.106015089955306,1.3709953333041778,-60.938727296275175,0.904676346205676,0.2125430028866306,False,False,False,True,post,63,off_axis,67.58876869636808,16.71
284,4.193423597678922,42.3133284574461,10.130728336556816,29.106413424,1.9082416094949612,0.6925370728562218,0.127601189115024,0.5853211009174312,0.9989770568464124,0.1431340932292938,0.203217300405533,1.4777976726873674,-62.30163558550815,0.9048241636900488,0.2180020315601508,False,False,False,True,post,63,off_axis,62.52476667930987,16.71
115,2.4564725738396724,34.00076519831209,21.21349326582301,41.69620395,2.1511431058636905,0.7045850914205345,0.072752957796221,0.5909350599885737,0.9988215653540214,0.1216560686105888,0.1690165815300916,1.254007411375665,-64.23001927789166,0.905278518726877,0.1231149794998249,False,False,False,True,post,63,off_axis,66.9802973113453,16.71
781,8.734648538167832,30.90333233804317,34.56113524393421,26.397039834,1.8470934694385988,0.6324535679374389,0.0,0.5814796905222437,0.996905820924386,0.1780078463577081,0.1800708541047101,1.2013721656183642,-60.49788734235936,0.90552020961901,0.0,False,False,False,True,post,63,off_axis,68.52439208183692,16.71
594,7.500123291342534,30.47919613508349,37.75221891718181,43.76048859,2.186072281799841,0.5004556419190566,0.2329409827969379,0.527417104839575,0.9726499189627228,0.1069124946117221,0.0570015487159404,1.3139446850804326,-59.32856856770386,0.9058536439799434,0.4416636864058321,False,False,False,False,pachytene,63,off_axis,68.97470281332647,16.71
856,9.543031189086287,50.38705000000077,85.4407701388885,38.508291648,2.0948610133457004,0.6563109161793372,0.2330070690592713,0.3598014888337469,0.9914828897338404,0.1283708474259923,0.1104101407603543,1.084956723517703,-18.869625250163896,0.9060425995295792,0.6475989574543887,False,False,False,False,pachytene,63,off_axis,69.92374038295378,16.71
597,7.476032181062896,43.717371284591046,4.570803845814407,26.533094958,1.8502614509609436,0.7298205286888869,0.0452983442674164,0.6037303664921466,0.9998544819557624,0.1455735696561166,0.2748644879374071,1.472534433990227,-63.75657514179913,0.906057663508094,0.075030753431558,False,False,False,True,post,63,off_axis,63.75714372412353,16.71
524,6.207289968884013,37.53236872870141,15.108540013335604,31.663311444,1.9625583346058115,0.5926803970958661,0.079370395177495,0.6520552928337577,0.9970840758140288,0.1941360262291443,0.1921894178824403,1.033017586013038,-64.08497509050068,0.9060817502980354,0.1217234121857371,False,False,False,True,post,63,off_axis,65.18871917408372,16.71
328,4.817974700311131,39.91584100933841,12.416535108285087,35.418902022,2.037271117634645,0.7531624610901384,0.0947291717269857,0.5063053394150792,0.9997867576500692,0.1946840221693788,0.3083731136932811,1.3027579284628303,-63.297503712698905,0.9064814013350404,0.1870988993251063,False,False,False,True,post,63,off_axis,63.85729725155518,16.71
663,7.980081169877,33.69444418604671,19.538030232559382,36.413511894,2.0561651106679006,0.7227340076016233,0.0848394641718052,0.612453531598513,0.9988442950199622,0.2000180888625141,0.3518157157346468,1.1775622046206666,-65.30722828181837,0.9076689655760602,0.1385239202562403,False,False,False,True,post,63,off_axis,67.65733087011279,16.71
244,3.722426426426366,30.13646863062973,35.589305333332405,39.0572037,2.104767742426933,0.5697297297297297,0.1302658734976326,0.5304299274148521,0.994700497832022,0.1040179894348883,0.0806341078943031,1.3163894504267108,-60.67301362128364,0.9082661524929114,0.2455854520360632,False,False,False,True,post,63,off_axis,69.28353137285279,16.71
98,2.4719738633270483,29.77467456574874,38.70183206643173,43.08021297,2.174685259635921,0.6471004628369181,0.177224831788752,0.4453016509797871,0.989161940768746,0.1502027251260227,0.129663263942396,1.4753239416663384,-59.487030271437746,0.9104357948654554,0.3979882657044012,False,False,False,False,pachytene,63,off_axis,69.71481086291806,16.71
487,5.552956946853851,29.33339060873592,30.343145923355458,29.749156595999995,1.9221857330701009,0.7176312884403091,0.1127353815659067,0.5928511588941636,0.9979846835953244,0.217999371373298,0.3519690549614799,1.0691208187402337,-63.90926935343415,0.9114534336413525,0.190157984638489,False,False,False,True,post,63,off_axis,70.28273111985068,16.71
400,6.028154776700654,31.872719612230817,21.16460534427097,28.311194682,1.8907024877323837,0.7106636838180462,0.0602798708288482,0.597651775486827,0.9994355862847468,0.1399516309497388,0.2565975801819285,1.044523624751216,-66.1171866817627,0.9125014096587868,0.1008611925895246,False,False,False,True,post,63,off_axis,69.07045025738172,16.71
725,8.110166978273817,29.47636799690392,23.90033886274186,36.385362558,2.0556351370351287,0.7957578492682612,0.1818181818181817,0.4902146464646464,0.9984633115635804,0.0656557274345791,0.1418332233649172,0.8984813982815159,-66.89482333808165,0.9125590000602708,0.3708950418544751,False,False,False,False,pachytene,63,off_axis,70.91374926830798,16.71
525,6.411008623922072,39.21811415073196,9.802429133858052,31.280949629999995,1.9546264584021829,0.7166104236970379,0.0719548133595284,0.6062450383699391,0.9983502538071066,0.1642870149349863,0.2586769389053993,1.17364665830354,-65.17067517600245,0.912694970046388,0.1186893233023387,False,False,False,True,post,63,off_axis,65.49248713390409,16.71
326,4.1556340144231925,30.23703946063613,26.640644756611398,31.226996736,1.9535020419531768,0.6260516826923077,0.2349777163055171,0.4732824427480916,0.9967252671492588,0.1535178147790716,0.1867834436655759,1.0860403777033003,-64.90559755905547,0.9131370538911928,0.4964851747745603,False,False,False,False,pachytene,63,off_axis,69.75939354856482,16.71
693,8.724350287331795,28.464684346855773,31.69947223604164,27.349425702,1.8690454713465707,0.641478685993653,0.0859392083971134,0.5119617224880383,0.9930944382232176,0.1080498344722972,0.0995080710652146,1.0088841900905277,-64.01513805772379,0.9138810358261372,0.1678625659345486,False,False,False,True,post,63,off_axis,71.06189573688184,16.71
420,6.131271759164364,29.07694202334583,34.06552879377446,11.454433974,1.398390101982043,0.6692607003891051,0.0030864197530864,0.5071207430340557,0.999622641509434,0.4252400561000961,0.5198411336913555,1.1290214486033043,-62.33657826992326,0.9145313507849816,0.0060861634935709,False,False,False,True,post,63,off_axis,70.35957516902401,16.71
846,8.95437065761846,39.56434883664607,7.325158967522863,29.036040084,1.9067024560529025,0.6687671675553402,0.0662719198360282,0.6158536585365854,0.999534595097735,0.2676020934731939,0.3210056615793399,1.1269810152308233,-66.06356506407155,0.9152660262157896,0.1076098500307784,False,False,False,True,post,64,off_axis,66.1936569074433,16.71
850,8.578616143151041,28.08488205085556,28.07242674090056,42.343638678,2.162219876167609,0.7120381142318986,0.1036385583721331,0.6387071950750288,0.997939689080352,0.1253428194185268,0.1754537993732508,1.0252497157979652,-66.09897258225081,0.915325907009367,0.1622630200055264,False,False,False,True,post,64,off_axis,71.73013983343597,16.71
280,3.759117419717564,29.528260213617084,23.81167009345672,33.382766718,1.9974591488947893,0.5982011102522662,0.16756441985733,0.5078698845750262,0.9956817804351435,0.275000073423171,0.2917714877597198,1.3293633333016044,-66.89219218804452,0.9158703815291324,0.3299357275289991,False,False,False,True,post,64,off_axis,70.87724843526892,16.71
303,3.8463041631266295,31.051562988530023,21.026267873832083,22.087845648,1.7405569985060896,0.5929269328802039,0.1218785796105383,0.5752674145577876,0.998696219035202,0.0954797845134232,0.0834663208485438,1.3716682433231897,-66.90307952642137,0.9166199854191914,0.2118642157130129,False,False,False,True,post,64,off_axis,69.90239962143012,16.71
138,2.845929890985109,34.946944461125774,14.456335609374458,35.93497318199999,2.047118133246881,0.7258959462105882,0.0813826296215269,0.5487020719218861,1.0,0.0985003938622088,0.120514366715778,1.3658897999193282,-66.66397371805316,0.9167194749784792,0.1483184295923575,False,False,False,True,post,64,off_axis,67.84840942199277,16.71
153,5.330721611192536,27.409309569551745,49.12464009564185,454.714990632,4.770349742013355,0.7775324487732403,0.1868919224677577,0.5355718393469994,0.9977845957684184,0.1604026385185245,0.4022275875604272,1.0621285191673326,-56.52600394210265,0.9167396365815684,0.3489577097549179,True,False,False,False,pachytene,64,off_axis,73.27159080290537,16.71
360,4.7019716745346045,32.90220766453845,16.285533553179143,33.788586312,2.005520646995639,0.72493751735629,0.0976998405830107,0.5643614336193842,0.9995366616471678,0.1253158930680474,0.1981253786616005,1.2035013896615727,-67.57139564489604,0.9174661324044412,0.1731157282602363,False,False,False,True,post,64,off_axis,69.26239327355084,16.71
361,4.794891256750756,36.64001142169048,11.364655174426453,32.141850156,1.972395884114161,0.7617136184498613,0.1101117470700463,0.598468606431853,0.9991028372771112,0.1359349529042298,0.2757322195582684,1.2447140514862207,-66.67407529619604,0.9184306162586654,0.1839891781902258,False,False,False,True,post,64,off_axis,67.29185907530433,16.71
804,8.59556282960549,27.13709672667809,24.96921590289169,25.798866444,1.833034637800805,0.7084924531733042,0.0449806374739351,0.6182158452900811,0.9955898566703418,0.1274911481082203,0.1813697492002456,1.0370723715281829,-68.42727723600845,0.918558213805706,0.0727587909896246,False,False,False,True,post,64,off_axis,73.05901149384516,16.71
753,8.49410008641664,29.472727456986703,21.050868866368575,29.859408162,1.9245573714573332,0.6419200251394453,0.0865731462925851,0.5469504168494954,0.9874151349561184,0.1545683338758734,0.173475721640185,0.9534902248631952,-68.27381261105702,0.9185688231858408,0.1582833537110321,False,False,False,True,post,64,off_axis,71.44233528047297,16.71
399,5.186160440906183,28.22146791181835,33.04800033068026,19.15327737,1.6597837037056444,0.638946723821188,0.0277044854881266,0.6061736770691994,0.9711741270213264,0.3776746610965237,0.3998071740992691,1.020303393795174,-63.577020672609336,0.919195271931511,0.045703874213205,False,False,False,True,post,64,off_axis,71.24389611630356,16.71
470,7.031674824430916,53.24786261332086,89.71370104277526,55.11405410999999,2.360793041089124,0.79987231325814,0.2221670802315963,0.371331348362399,0.9973738150140916,0.2976734478255599,0.5736943293691611,1.0205181047026286,-14.301280018529951,0.919387081454833,0.5982987464197973,False,False,False,False,pachytene,64,off_axis,71.14240145948185,16.71
692,7.967700686715666,26.709392398769356,33.67930821690751,29.718661482,1.921528713732248,0.6347778040887204,0.2007255139056831,0.4860600821266479,0.9972447046667816,0.1197931766023257,0.1512472096050929,1.1600001212676496,-64.59635645871964,0.9206405246676428,0.4129644076663388,False,False,False,False,pachytene,64,off_axis,72.73570788017476,16.71
760,8.552449170754167,55.43720597829063,92.9809473965504,42.573524922,2.166125758242021,0.5157308942641468,0.196617915904936,0.5091591762430311,0.9739555073250136,0.1956246340500017,0.1066590139338903,0.9682603769197028,-10.80652267501194,0.9220452547593576,0.3861619805337392,False,False,False,False,pachytene,64,off_axis,72.30634144409278,16.71
4,2.447302057277158,26.413672841902244,37.98483317167961,45.951445242,2.221963166096807,0.617029965797131,0.1487575173039828,0.4677419354838709,0.9855315850665288,0.0987234732712615,0.0467062947748808,1.3789019288954445,-62.77649880981571,0.9223713676388364,0.3180333128567908,False,False,False,True,post,64,off_axis,73.04559556219239,16.71
451,5.463941093969439,26.79495412342313,28.15059519635312,33.45079428,1.998815038907103,0.659046283309958,0.0915545590433483,0.5440148087206911,0.9943901035673188,0.1869141505234477,0.2205176460246714,1.0668728371146925,-67.19084091344361,0.9223999685974263,0.1682942404796822,False,False,False,True,post,64,off_axis,73.0050822368376,16.71
857,9.5922899643823,58.83122382149556,94.48574846008884,11.196398394,1.3878096766405348,0.6084223758642363,0.2264072847682119,0.3440342429106474,0.9866666666666668,0.3829113644184393,0.2824801048747938,0.9667349601406764,-7.107769203755727,0.9224556026785574,0.6580952025377731,False,False,False,False,pachytene,64,off_axis,71.52732301954818,16.71
452,6.093909866016934,30.433652101095465,17.19065950669827,38.51767476,2.095031147433458,0.7358708891595616,0.1074295122453179,0.5353931288909385,0.9976713576997064,0.1003416280807004,0.1883243673344186,1.0796702803226883,-69.29612928620953,0.9230837924039677,0.2006553809681067,False,False,False,True,post,64,off_axis,71.39784259357663,16.71
382,5.295272000499605,37.82976291924407,7.373558590969241,37.558251558,2.0774898902683367,0.7531072387733433,0.0945945945945946,0.6033392360232734,0.998923152227117,0.1071599497348775,0.175086225082248,1.4067698299365194,-67.5592005887067,0.9231553178150216,0.1567850869737662,False,False,False,True,post,64,off_axis,67.74603213069375,16.71
418,5.029309231762507,27.377159796643,25.277457714655345,29.068880976,1.9074210367816589,0.5989347966429954,0.1461948118879917,0.5006036217303823,0.9918654095026808,0.2576254689567565,0.2122411316555791,1.102029593629791,-68.0682227446311,0.9245506187996564,0.2920370639402408,False,False,False,True,post,64,off_axis,72.7771897846671,16.71
81,2.1015384615385084,26.25535290566142,33.3995628156752,40.40602605,2.1287231184650977,0.5755007256894049,0.1880066629650194,0.5439004376367614,0.9890386609391202,0.2377745787284127,0.1646445882981791,1.1939263519908525,-65.12903463173417,0.92473445500916,0.3456637464420976,False,False,False,False,pachytene,64,off_axis,73.1974289131632,16.71
821,8.80115152622965,26.581889572291004,21.853587982087248,25.667502876,1.829918172390148,0.4091573752513251,0.0984520987309999,0.5432327919566898,0.9006888633754305,0.3991778401292429,0.1411378291710174,0.9940444633766532,-70.41779031487789,0.925102412066303,0.1812337181935975,False,False,False,True,post,64,off_axis,74.12205708023076,16.71
282,3.783173281210221,33.78624985127911,11.843447599217862,27.602769726,1.874798875482187,0.6691595138947906,0.0455994116204951,0.6599023889031596,0.999533073929961,0.1694877319531118,0.223097476148685,1.4165250380592171,-68.94198525728531,0.9252839604955222,0.0691002372279438,False,False,False,True,post,64,off_axis,69.79747781623496,16.71
114,2.165032341526575,27.535604243208397,27.95251721216017,36.26572787999999,2.0533796945805487,0.6476714100905563,0.0966832504145936,0.5751789976133651,0.9950078822911192,0.1231718096824598,0.1326091954754929,1.3828933831737422,-66.63787936242178,0.9256499480166372,0.168092456114999,False,False,False,True,post,64,off_axis,72.28898599823897,16.71
779,8.205185969156398,25.0568031372851,31.42671472633836,31.029951384,1.949384440375681,0.5789234956153613,0.1739581788521429,0.4921005385996409,0.9949426181676716,0.2597577096342175,0.1785604690579025,1.0909045367873738,-67.13116794132283,0.9258904299360122,0.3535012974120526,False,False,False,False,pachytene,64,off_axis,74.47964817258993,16.71
398,5.443339355329297,27.843613863268967,20.898810715984173,24.670547226,1.8059125850033115,0.6308833317485976,0.0934142923867351,0.5548686244204019,0.998109243697479,0.1158713444664225,0.117212950503402,1.2578740758117748,-69.77387079857566,0.926671052397531,0.1683538918501884,False,False,False,True,post,64,off_axis,73.06853012736197,16.71
822,8.737351974940765,36.003234127893066,7.755923240889373,30.703888242,1.942532330803322,0.7316830926732371,0.0417462482946794,0.5973804100227791,1.0,0.1568969540285605,0.2560999448187589,1.124459924319446,-68.97410458544927,0.927746556484236,0.0698821849432384,False,False,False,True,post,64,off_axis,69.25620566208987,16.71
636,7.761862244898177,36.745264477041,4.949285825893533,29.425439231999995,1.9151881605509684,0.6995376275510203,0.0460642875221463,0.5969753250198991,0.9997142448921276,0.0541893673134414,0.04308450460116,1.252948678111583,-69.67941740287111,0.928723044859005,0.0771627998537642,False,False,False,True,post,64,off_axis,69.76371433612282,16.71
839,9.070312361738146,48.92086660472496,91.83114550039814,26.509637178,1.849716021146904,0.4832315724272188,0.2710933599600599,0.3835616438356164,0.9395973154362416,0.2467713646456417,0.1166834223499041,0.9579881085252822,-17.068139021997766,0.928871858133357,0.7067791170387276,False,False,False,False,pachytene,64,off_axis,75.58590424722546,16.71
820,8.875742999484906,24.34482974574785,34.96713226249695,27.309547476,1.868136610419142,0.5767050334993987,0.1030214779759738,0.5698051948051948,0.9886621315192744,0.2741965530983799,0.2420248312805652,1.3823508168240322,-66.04524488144781,0.930508972178396,0.1808012263054128,False,False,False,True,post,65,off_axis,75.07775404820904,16.71
302,3.8546056260342807,28.07386717358745,18.274368426443875,29.770268598,1.9226403296340904,0.7059333385863997,0.1308802980903586,0.509914255091104,0.9998547567175018,0.0696500373664452,0.1147801108298882,1.4094806555417074,-70.83938608380436,0.9307013985082344,0.2566711888981704,False,False,False,True,post,65,off_axis,73.41731244110777,16.71
549,5.938218116172919,30.077050238928734,13.758079165339604,22.090191426,1.740618613324312,0.5572900074333652,0.1999616196507387,0.5504917246342048,0.9939857845817388,0.3806876053896292,0.2783832654793346,1.1813107099018365,-71.26575378919796,0.9313135419750918,0.3632418267206667,False,False,False,False,pachytene,65,off_axis,72.69853814828282,16.71
726,7.859405220679518,32.18840895077562,13.62640474805569,32.261484833999994,1.9748399955168352,0.5382098451247,0.1116240033571128,0.620217288615966,0.9911551388643198,0.2251887172713637,0.178069694713518,1.1730790573041536,-69.48037972512992,0.9320152363182004,0.1799756398377821,False,False,False,True,post,65,off_axis,70.72825709291428,16.71
431,5.434199779607454,24.10273468593953,34.12189222791193,36.188317206,2.0519176462746933,0.337525118299086,0.1461988304093567,0.5851272015655578,0.5661641541038526,0.4473487011370403,0.0376488174128052,1.137234514901313,-66.66535608654328,0.9333579847041892,0.2498582018032819,False,False,False,True,post,65,off_axis,75.33157236391023,16.71
849,9.265528726061255,23.167768651123232,29.91970104079877,22.538235024,1.7523079501315502,0.3391965029142381,0.0290564306468879,0.6295479603087101,0.7829614604462475,0.4760992200941877,0.0850207371928031,1.1122906573360725,-69.51305212789363,0.9333784573734388,0.0461544353708009,False,False,False,True,post,65,off_axis,76.46276921462722,16.71
550,6.327320286766258,32.51005050377943,10.99780099786826,24.213120516,1.79468149486218,0.6020151133501259,0.0712186298892154,0.6071080817916261,0.998937074829932,0.1998098966555765,0.2004490102640427,1.1423004466875484,-70.4678741545167,0.9337823030946208,0.1173079918143131,False,False,False,True,post,65,off_axis,71.28616691439677,16.71
137,2.848858548043591,24.510914225941367,29.18133682008263,31.956533694,1.9685979057004088,0.5693312779857593,0.1804721329794664,0.5345150843702062,0.984185149469624,0.2039191322041671,0.1553677499364855,1.262100221520235,-68.69334064013911,0.9349785581433044,0.3376371186832045,False,False,False,True,post,65,off_axis,75.18272471292127,16.71
853,8.980756013745616,22.392122886598884,24.997017010309055,6.82621398,1.1767849247255016,0.6151202749140894,0.0,0.4491071428571428,0.9846449136276392,0.253393540123871,0.2032498062083824,0.9752322155835462,-72.56910233726076,0.9350917956605124,0.0,False,False,False,True,post,65,off_axis,77.75284651520552,16.71
432,5.534195498824339,25.36207197682309,20.603001822305075,27.933524424,1.882257524124776,0.712714141753443,0.0754054054054054,0.5828705057000877,1.0,0.1361503693173373,0.2289806009467334,1.272372186051084,-72.08982059777733,0.9351456302187418,0.1293690531052617,False,False,False,True,post,65,off_axis,75.55916104261802,16.71
593,7.778872111644999,27.94933481468735,15.045560775566615,41.013582552,2.1393394470139677,0.707789979409746,0.2034611786716558,0.4717165785868076,0.9919504643962848,0.1474309746719133,0.1849417584596955,1.122266610893132,-72.50739670524432,0.9358972523100126,0.4313208140387923,False,False,False,False,pachytene,65,off_axis,74.3648436095814,16.71
113,2.5542244184645915,23.715559322645905,23.98072920332559,38.925840132,2.1024053923924777,0.7124864408822467,0.0802005012531328,0.5879270593167051,1.0,0.0839407302475036,0.1443776005673634,1.235744551059215,-71.9008394778696,0.9364951381399224,0.1364123320779667,False,False,False,True,post,65,off_axis,76.58940858043978,16.71
3,2.124697153240493,22.804070442155226,33.45188406268962,30.983035824,1.9484014912173089,0.4267110841913991,0.0994291151284491,0.6052562070787111,0.8537992946457198,0.5132239391492022,0.132017094977333,1.2275462945139235,-68.12611485867768,0.936722257588904,0.1642760767516073,False,False,False,True,post,65,off_axis,76.64575788505202,16.71
152,3.262919174548516,22.471505030093702,39.16261978181506,43.65023702399999,2.1842348511754297,0.6237639724849526,0.1386564960629921,0.495929152978146,0.9952472703917792,0.0315285048157958,0.0281005781036456,1.4910118021553118,-65.66004993552478,0.9369383831888204,0.2795893228505207,False,False,False,True,post,65,off_axis,77.03138639696881,16.71
8,1.632012655497162,47.17780688861702,88.22076960163702,65.245469292,2.497395069518051,0.6619687926943266,0.2193623380936565,0.4660710487130398,0.985820174025137,0.3097476724578244,0.3932977590984857,1.2296385205674831,-20.33775098064986,0.9371323548016558,0.4706628714642992,False,False,False,False,pachytene,65,off_axis,74.15689212708169,16.71
347,4.192196452933027,22.72152714870303,36.2231044474754,25.79182911,1.832867952827821,0.5853569804456571,0.1651712140633583,0.5161219565694232,0.987769784172662,0.2015249457028489,0.1839533531298854,1.120780585608116,-66.86037915340985,0.937817354750656,0.320023614498449,False,False,False,True,post,65,off_axis,76.70108577433928,16.71
855,9.467245918906332,55.14851003159539,97.85117436808775,35.637059376,2.0414453133530124,0.6440889942074777,0.3620058997050147,0.2805622341409284,0.9597405075367296,0.1832403294882637,0.0812796417510878,0.99395713065969,-8.707860930824447,0.9392843181411016,1.290287343246549,False,False,False,False,pachytene,65,off_axis,76.39645710185765,16.71
433,5.295683794466512,32.056397620554286,7.485969960474262,29.6740917,1.9205676457199516,0.6176284584980237,0.0832069749810462,0.5854868720281166,0.9934719120426044,0.1349454479945571,0.1335077646498843,1.2819547164762688,-72.56075214305928,0.9393563010070216,0.1421158679319635,False,False,False,True,post,65,off_axis,72.99103664148517,16.71
592,6.526954211990836,21.9448320136599,29.708452991397813,37.09144173599999,2.0688469737575645,0.6570326334429547,0.0786612300373768,0.6430020283975659,0.9990602607776342,0.3225973728437996,0.3988015964471758,1.0198431490805957,-70.6859932502321,0.9395428395786638,0.1223343419824188,False,False,False,True,post,65,off_axis,77.6980968217756,16.71
301,4.141518807664864,22.9238586941082,30.91462507984402,26.441609616,1.848132452898838,0.4136799148332151,0.1652140962485789,0.6037221970040854,0.9740829346092504,0.1072269087426594,0.0531792568115575,1.1014303418769271,-69.24627167422335,0.9395459827467428,0.2736591383726462,False,False,False,True,post,65,off_axis,76.63888546511483,16.71
486,5.938327018361931,27.57590722821364,12.56227391431074,24.145092954,1.7929991793870637,0.5017973379966968,0.091585473870682,0.641380655226209,0.9815229563269876,0.2288091583267329,0.1290484582585389,1.2085066071224655,-74.03341118825612,0.9409416326650496,0.1427942566156453,False,False,False,True,post,65,off_axis,75.44434925743995,16.71
778,8.606036499765844,21.024955896116477,35.097545063171495,30.077565516,1.9292330386196892,0.5177039463422243,0.1391982182628062,0.6165912031047865,0.901473074136682,0.3935225061322691,0.1846854870291271,1.148127496177133,-68.88954380367363,0.9411079087843984,0.2257544667550992,False,False,False,True,post,65,off_axis,78.3965908181896,16.71
836,8.429616944569242,45.251751834160345,94.10497892744571,26.02640691,1.8384078624515956,0.5379900856241551,0.353756933938477,0.3355442840421381,0.7766122766122766,0.3561555709462513,0.0836338901013619,1.2240730046835069,-19.183372252263304,0.9412343815824062,1.054277932191066,False,False,False,False,pachytene,65,off_axis,79.73833374378603,16.71
780,8.72540693559805,31.88605951875529,10.244743972634796,29.831258826,1.923952402499139,0.446646221593143,0.1357160402849423,0.5924399602103169,0.9332452081956378,0.2017688206940328,0.0450524110543945,1.091392353584964,-71.37790917782041,0.9427767113310644,0.2290798214164402,False,False,False,True,post,65,off_axis,72.13331491077473,16.71
694,9.019835224623266,28.90521612777766,12.385720324887298,30.180779748,1.931437305758962,0.465568164153583,0.1643169664560039,0.5319953461314718,0.9569833923223524,0.4351721410009301,0.1844561868122136,1.135713938126585,-72.95455932440868,0.943715902625496,0.3088691802491752,False,False,False,True,post,66,off_axis,74.23458317918325,16.71
591,6.799103002660719,21.3299710832384,22.544190672747256,30.85870959,1.9457918679422888,0.7642721398707716,0.0852507374631268,0.5978716543050628,0.9988229755178908,0.1563471095972579,0.3224163396924786,1.1527500268762856,-74.68353628548402,0.9447692182622764,0.1425903650880023,False,False,False,True,post,66,off_axis,79.1722537081249,16.71
661,7.943554888169107,19.77243191338135,25.460985062831757,29.681129034,1.9207194572489783,0.5078637477278116,0.1042865362485615,0.6518387666613137,0.9901914992993928,0.0950028814999021,0.0572528345103852,1.1294210771005693,-74.63919060251087,0.9450087957573382,0.1599882387829004,False,False,False,True,post,66,off_axis,80.28905308764035,16.71
218,3.740976408127243,25.42590542493437,13.910988228015857,58.764084678,2.41179906352089,0.6960201189573271,0.1754195993502978,0.6099803020354564,0.9997174542629088,0.1801000386350175,0.2323601941097844,1.361408808038012,-75.26500583134276,0.945421701089267,0.2875824002265916,False,False,False,True,post,66,off_axis,77.10451078499612,16.71
662,7.69436834094369,30.82416043705185,7.176411545987659,21.576466044,1.7270194748674184,0.6411176342683191,0.0442964678633468,0.612541654044229,0.9997826086956522,0.2693662891019334,0.3009732341954691,1.165407937985741,-73.78930480350215,0.9462044171073108,0.0723158459035153,False,False,False,True,post,66,off_axis,74.24770174341901,16.71
419,5.210613186618284,28.44789879314879,8.615534572721542,26.434572282,1.847968480539456,0.6958913834412992,0.0618669586641117,0.5789320105048147,0.9991879161929512,0.1303156838504809,0.1882192905741264,1.347821231931505,-75.1753869756985,0.9475095282366064,0.106863945232818,False,False,False,True,post,66,off_axis,75.92536423885612,16.71
2,1.7244830328738512,20.204122985154783,31.72129107900395,35.393098464,2.0367762630841093,0.4811770943796394,0.097116493656286,0.5845682166581502,0.985629754860524,0.2969725321987272,0.1417682765164891,1.2610474464708563,-71.2385068492981,0.9476578541838095,0.1661337221025802,False,False,False,True,post,66,off_axis,79.3102898743062,16.71
248,3.70567097136443,57.2555891521628,102.0171405951713,20.88915309,1.708483312204367,0.5638405390230208,0.1679520137103685,0.357621009268795,0.9408783783783784,0.1116305110482385,0.0814306336305431,1.4913623648880994,-4.8512174141150375,0.9479340586572088,0.4696368763506632,False,False,False,False,pachytene,66,off_axis,78.67911126719636,16.71
450,5.955719857003496,20.390537105948045,36.96365759668569,28.871835624,1.903101401401318,0.388852778680533,0.1242286645709628,0.5643445892049986,0.9219794917521176,0.3907172703235782,0.1172550862837931,1.3266190468398835,-68.54410470617479,0.9482893125273412,0.220129096561315,False,False,False,True,post,66,off_axis,79.04140016798328,16.71
752,8.343210640272105,27.795272046087103,10.163542970924611,30.335601096,1.9347343032140183,0.5830497989483452,0.1945025395876904,0.5114985163204748,0.9901437371663244,0.1406333971445243,0.14572021172894,1.0968149806884202,-74.9994821539771,0.948295978848199,0.3802602224281461,False,False,False,False,pachytene,66,off_axis,76.00398918164393,16.71
691,7.975369240943779,24.47599894922452,13.185423535895838,31.923692802,1.967923315739872,0.7389227716952017,0.0617903353578029,0.5817618913594146,0.9992835820895524,0.1907905904534017,0.3368467675706927,1.1888609325129356,-76.44717613421805,0.9495979613534344,0.1062124148651543,False,False,False,True,post,66,off_axis,78.2212780516563,16.71
417,5.363114007427689,23.162593252048296,16.450861824678697,33.476597838,1.9993288611219728,0.7740172377548875,0.0928270042194092,0.525891472868217,0.9997835497835498,0.1224288730801632,0.2682398105659478,1.247250022184997,-76.02070422369982,0.9496350303123778,0.1765136135657988,False,False,False,True,post,66,off_axis,78.62250755360446,16.71
548,6.228248667850533,19.34788925754967,31.044943289520717,33.01682535,1.990133610506806,0.6639431616341029,0.0997335363532546,0.6289640591966174,0.9963651050080776,0.2390434426018512,0.3072683327468546,1.0237602535087724,-72.3148832012766,0.9497391141733954,0.1585679418322334,False,False,False,True,post,66,off_axis,80.20100036316694,16.71
80,2.130121357459504,19.345720056682776,35.37293954654341,32.280251058,1.975222837021183,0.600465082479471,0.1425452276980661,0.5338304838122954,0.9916325136612022,0.3042713763600015,0.2624372751024291,1.229946739195026,-70.22710913561966,0.9504615979854992,0.2670233941683023,False,False,False,True,post,66,off_axis,80.07457413986782,16.71
777,8.42033511711529,18.19392495832968,23.539635380295703,26.739523422,1.855047428240228,0.6561101851039565,0.0885840502208789,0.5941326530612245,0.9978107106769956,0.2570938146572084,0.3191866201603023,1.0997197162637236,-76.94919357313807,0.9506477350457622,0.1490981008440726,False,False,False,True,post,66,off_axis,82.11508116139738,16.71
6,1.8760200798044016,40.36984610631958,88.90001148152973,36.448698564,2.0568271937606277,0.619513450894581,0.0908811317853298,0.5235115020297699,0.9883112888342048,0.1391837222845159,0.1504692272292944,1.4969492879445794,-25.971632970020114,0.951469856981674,0.1735991118303296,False,False,False,True,post,66,off_axis,79.55424563798071,16.71
183,2.904320537147723,19.45519948182824,28.6141609910954,32.141850156,1.972395884114161,0.5440811560356152,0.1725827814569536,0.6034896750440212,0.9945299837925444,0.2049857651287084,0.1360852335527758,1.4307770114241152,-73.39455739840466,0.9526480321650168,0.2859747044460448,False,False,False,True,post,66,off_axis,80.26849725632813,16.71
112,2.4678837827969997,20.95800178394498,19.38984083250833,44.97091003799999,2.206044941340118,0.6924521412550206,0.1488378807564602,0.5574966078697422,0.9984538074990336,0.0726355652241368,0.0959346092077581,1.1542516548498711,-76.53228108256768,0.9542531632407244,0.2669754015637631,False,False,False,True,post,66,off_axis,80.11697898141371,16.71
416,5.245940709164625,18.34136882871547,26.082987948072592,48.42624103199999,2.2611569932336577,0.7675838015888394,0.1325257638763334,0.5431429762401,0.9994001649546376,0.2833853444434278,0.5455576666174077,1.0749229418550603,-75.59207523698346,0.9545950966368552,0.2439979336449147,False,False,False,True,post,66,off_axis,81.63410874606694,16.71
397,5.305160767360441,18.47809859497464,34.15842280464711,34.726897511999994,2.02391588332615,0.507295325587679,0.1821953133759389,0.4995887030435975,0.9763707272310164,0.186262626331265,0.1080737718319368,1.153870792077794,-71.573300433642,0.9546561060682238,0.3646906190351534,False,False,False,False,pachytene,66,off_axis,80.9545601947605,16.71
422,5.2591876629016845,54.85698447002413,102.9186261620316,21.599923824,1.7276451159433273,0.5636403127715031,0.2214687076148033,0.4163763066202091,0.96342383107089,0.1853495183174593,0.1018549382474107,1.7045902572944385,-6.516451645530513,0.9547416772312124,0.5318955572004063,False,False,False,False,pachytene,66,off_axis,80.74036322677448,16.71
79,2.1274268351191945,17.79494740924308,37.14684804094113,29.336299667999995,1.9132522878133569,0.5612505997121382,0.1669955973887961,0.5277929651904502,0.9965355614428368,0.2111170354327272,0.1583265044933191,1.3539147717369155,-70.72865412903259,0.9550587237306007,0.3164036059642003,False,False,False,True,post,66,off_axis,81.63989824997589,16.71
325,4.4455764840183605,18.893397067637903,21.97133931934885,32.878424448,1.987348949016856,0.743935502283105,0.0616993464052287,0.641404290888827,0.9998889382496668,0.2500938319957247,0.4800978852587436,1.1848778137124991,-77.09387060665645,0.9557905661423752,0.0961941591000721,False,False,False,True,post,66,off_axis,81.6700783553011,16.71
136,3.3615701381507725,17.783570682784063,31.4663218716794,35.318033568,2.0353353172454565,0.5268331562167907,0.1832148589772988,0.537478944413251,0.9732331985364916,0.3258609029154888,0.240540910091535,1.558425087360232,-73.48132860506655,0.955958091203684,0.3408782071962071,False,False,False,False,pachytene,66,off_axis,81.74051206697193,16.71
690,8.509015971148632,17.499005383822187,29.938003400308038,27.318930588,1.868350539606288,0.6889919285591619,0.0802437785678009,0.6054665930425179,0.998755832037325,0.1418156678172183,0.2101311204851745,0.9951596972964424,-74.46844041377551,0.9564667397944994,0.1325321322264364,False,False,False,True,post,66,off_axis,82.11573798284202,16.71
848,9.31258260283212,19.19631010114651,19.652192488199976,17.393943869999998,1.6073229717533466,0.4801078894133513,0.0558412931667891,0.6308690012970168,0.9821583986074848,0.3444694248526285,0.1609078842320496,1.023889731965519,-77.9483517235637,0.9567499298381626,0.0885148787656134,False,False,False,True,post,66,off_axis,81.79152846884938,16.71
617,7.00582617657193,17.97728658880083,20.48598484369724,34.14279878999999,2.012504390315341,0.6181380968739265,0.1758600237247923,0.5431810003598416,0.9928924598269468,0.1710593319333725,0.172726126652854,1.0895835910402416,-78.61329228394276,0.958450834739867,0.3237595269501146,False,False,False,True,post,67,off_axis,82.83143631267387,16.71
523,6.934662187383388,21.1335140425535,15.0110025531916,31.42169631,1.9575536457906637,0.6262784621127286,0.0695167286245352,0.5840990811026768,0.9968269873079492,0.221547095859163,0.2151117527823928,1.062440632827476,-78.4928038096405,0.9598552770044332,0.1190153021526756,False,False,False,True,post,67,off_axis,80.94608711655687,16.71
689,8.388016121809011,16.19857601432995,21.70703508284816,26.19061137,1.8422660224824927,0.4804299149126735,0.1499120750293083,0.5355973108084813,0.977329192546584,0.0999051169287797,0.0508963755514251,1.0550220960310897,-79.58138102634567,0.9600573886458448,0.2798969897795358,False,False,False,True,post,67,off_axis,84.37145325934316,16.71
635,6.758360503027769,19.844063590392917,17.926089254108057,35.254697562,2.034117930243036,0.6194024885221905,0.1456310679611651,0.581993006993007,0.997840483731644,0.3024760384767392,0.2659245414182676,1.1150910559016016,-78.21451313819628,0.9616180504934504,0.2502282092934407,False,False,False,True,post,67,off_axis,81.51284192263614,16.71
844,9.0605422599213,15.43280741441986,33.14011988033991,30.973652712,1.9482047823324569,0.7225083308088458,0.0032644178454842,0.5881550218340611,0.9975324675324676,0.2214472058519861,0.35253619672525,1.1928653335875503,-74.73177401928834,0.9617450518197376,0.0055502677428558,False,False,False,True,post,67,off_axis,84.02291610631015,16.71
506,6.316473072861979,48.42744477296613,102.7749845828913,26.657421192,1.85314687483452,0.6380675818373812,0.2548913043478261,0.3707755895939703,0.9863267670915412,0.1089766319400505,0.1225381968604537,1.5711417195881634,-12.216254731910187,0.9645885532081646,0.6874543834640059,False,False,False,False,pachytene,67,off_axis,84.34490406649023,16.71
466,5.7847497480683385,14.517838730265725,25.864419180383948,27.933524424,1.882257524124776,0.6746724890829694,0.1466960352422908,0.5890552400619514,0.9990167158308751,0.1683710670740155,0.2459579089954105,1.0793325425423643,-79.0459316000373,0.964787567218512,0.2490361264367373,False,False,False,True,post,67,off_axis,85.45738066750496,16.71
447,6.159739107748753,15.01080381946271,29.833211411425896,44.95683536999999,2.205814773365018,0.725906600573963,0.0894435777431097,0.6259280411193604,0.9954857047316502,0.3367810510281849,0.5605451465751454,1.078678726918383,-76.69799406886933,0.9653802643620026,0.142897540719147,False,False,False,True,post,67,off_axis,84.60527770002277,16.71
151,3.513197026022305,15.27427569702588,36.01193076208081,30.288685536,1.9337364000541064,0.5933240396530359,0.1694084150585257,0.5240906494001143,0.9996076123209732,0.1222619366064848,0.1461064265047533,1.581002069250866,-73.4840147591375,0.9655591244535856,0.3232425826570926,False,False,False,True,post,67,off_axis,84.14678213716861,16.71
504,6.339808963996895,15.323908897869146,33.59726206465854,31.92603858,1.967971516075831,0.6947832476120499,0.1101113967437874,0.5861819932595089,0.9975546800706426,0.1923795891714791,0.2724652483201631,1.2120990776621288,-74.60641755046895,0.9662928442740788,0.1878450686134263,False,False,False,True,post,67,off_axis,84.1196977118727,16.71
818,7.952758907189125,13.610268114951372,23.38543214896536,47.99696365799999,2.254455764772154,0.6097453692390401,0.1334780249593055,0.6423293675641828,0.9924812030075189,0.3481779074246285,0.3442335283465692,1.1088301201403443,-81.03762746106314,0.9666581481262698,0.2078030862351441,False,False,False,True,post,67,off_axis,86.6733036327475,16.71
135,2.0766798418972794,16.714387114623474,21.273310197628668,56.38077422999999,2.3787427374952355,0.7114624505928854,0.1158847526772055,0.5966834895457822,0.996824538882508,0.2800749558466311,0.4691668386298688,1.2344961500793965,-79.339091239575,0.9672286751034664,0.1942147800426342,False,False,False,True,post,67,off_axis,83.93560632796479,16.71
448,5.568224491901234,14.90621624883945,21.505399040544788,22.737626154,1.7574602221904243,0.3919323222944393,0.0431818181818182,0.6932473702069901,0.95182237117721,0.3644409708848791,0.120820718728591,0.9891690241648308,-80.81047613685068,0.9673330005037842,0.0622891914742135,False,False,False,True,post,67,off_axis,85.67937691256292,16.71
283,3.8535282258065,37.69231204637182,96.6284551411274,13.962070655999998,1.4937814914371077,0.8948252688172043,0.0172684458398744,0.4616613418530351,0.9965299040620534,0.0998890405557101,0.4444319982828029,1.24044511396845,-24.584890002646514,0.9680415557532832,0.0374050072517694,False,False,False,True,post,67,off_axis,86.81014034152875,16.71
819,8.704388846769481,14.03952446297757,29.033723780640912,27.846730638,1.880306012977106,0.3620587987532643,0.0720499938732998,0.6061006206259079,0.9013683010262258,0.2711779388300145,0.0600272383114695,1.0929357538853048,-77.9345729340925,0.9689035633058996,0.118874641307734,False,False,False,True,post,67,off_axis,85.63183030154511,16.71
346,4.167712532865804,15.41208662576684,19.19356004382214,26.76532698,1.8556439414277004,0.62988606485539,0.137987344355991,0.5747099218565002,0.9970754889416924,0.2384097252895551,0.2913100223864409,1.0584839698021735,-81.48369589555851,0.9712882016661474,0.2400991162815616,False,False,False,True,post,67,off_axis,85.59306486351106,16.71
182,3.191403953370447,14.737911910795695,23.566058043587244,23.14109997,1.7677945733554972,0.4802838317283324,0.0737127371273712,0.6251219036473571,0.9782936388302684,0.1704552952779361,0.0762730105139983,1.5144808799041776,-79.96292098372531,0.9714455457221504,0.1179173801098385,False,False,False,True,post,67,off_axis,85.5314633530781,16.71
243,4.176007677543317,16.911090403070343,16.19372735124685,46.441712844,2.2298374570450856,0.5951611273866046,0.125,0.5801621958827199,0.997636213213568,0.1603723217232994,0.1427830826779695,1.2496603188844142,-81.61939508122622,0.9717522391829456,0.2154569892473118,False,False,False,True,post,67,off_axis,84.75810023554729,16.71
134,3.1998958875586103,13.65497815721008,25.483480478918228,22.53119769,1.7521255510514222,0.5971889640812077,0.0375621890547264,0.6345308865339881,0.995803886925795,0.2485070047821729,0.2555279063010221,1.4513628229603892,-79.9854796860448,0.9724759238411016,0.0591967859277949,False,False,False,True,post,68,off_axis,86.358443180295,16.71
552,6.52147282704909,44.14973443972485,103.19813826340824,26.502599844,1.8495523294627616,0.5731102850061958,0.1980379115397406,0.4553182666390213,0.9868046571798188,0.1154250748088333,0.1066878709056553,1.5438147247867875,-15.758002913464413,0.9725909669355104,0.4349439195610969,False,False,False,False,pachytene,68,off_axis,87.32504002030267,16.71
776,8.643810258388216,13.872476118396298,18.648864264365848,48.660818832,2.2648021455866068,0.6205649826455842,0.223767258382643,0.5428789226273663,0.9931793179317931,0.0692559491098529,0.1126283393742983,1.045380980422239,-83.09495089102893,0.973431015044362,0.4121863072150206,False,False,False,False,pachytene,68,off_axis,87.20883511598316,16.71
616,6.59144709615159,12.079931997516876,20.85225440750506,34.009089444,2.009873843603906,0.4724789626155331,0.1584507042253521,0.6034257322175732,0.9412157648630596,0.4631316564549045,0.1819170225987545,1.0240812426066843,-83.60085360881743,0.9759427176786818,0.262585262386889,False,False,False,True,post,68,off_axis,88.57476290584965,16.71
449,6.0198511166252295,16.4219005865108,15.3193806902776,10.398833874,1.3540416093252257,0.4667268215655312,0.1437884824339007,0.4458544839255499,0.8553921568627451,0.670381498320399,0.2101926632456412,1.0788305371819396,-82.46994451807072,0.9765584590407128,0.3225009226506085,False,False,False,True,post,68,off_axis,85.43759426301239,16.71
852,9.233008267966548,11.20869412762338,21.93411356794545,22.130069652,1.7416653985075212,0.4147763408946364,0.0,0.6484332548451367,0.9238493723849373,0.371160334685376,0.1724168744453003,0.9792974846554392,-83.8414594477463,0.9773697978591104,0.0,False,False,False,True,post,68,off_axis,89.2620732335697,16.71
217,3.996131778641498,12.324612159910949,31.081438534147768,25.348477068,1.822305087375908,0.7021099389228207,0.0356500898741761,0.5883814849332091,0.9995028173682466,0.1259071742546408,0.1791664402043089,1.268650134434573,-78.44765653718046,0.9781193873658436,0.0605900946699963,False,False,False,True,post,68,off_axis,87.21200438877035,16.71
216,3.1867993052266246,12.613050994789276,28.132331549028574,29.711624148,1.921377030063025,0.6181904310753197,0.1283345349675558,0.597187758478081,0.9879391714735186,0.2835984861427796,0.2781516773964696,1.3158104293392388,-79.61897474081087,0.9784698670387392,0.2148981340384696,False,False,False,True,post,68,off_axis,87.12670781291963,16.71
751,7.565715719903148,11.403655668032528,28.812466150756343,28.039084434,1.8846255433007024,0.6448590312055551,0.0325888787602552,0.6991755005889282,0.998741346758968,0.2476484390072473,0.284981045278529,1.075243296018614,-80.34967386771946,0.978905037671172,0.0466104414883031,False,False,False,True,post,68,off_axis,88.27690431047697,16.71
688,7.57310618813533,10.275964298699812,24.65518668776481,34.837149078,2.026055475250195,0.4551882028146252,0.1541919297512022,0.6389815844765789,0.6566945606694561,1.183309863430785,0.2660674775227294,0.975564888335556,-83.3444579206771,0.9791192390792436,0.2413088788427421,False,False,False,True,post,68,off_axis,89.8121887234028,16.71
446,5.34259809285613,10.321902516804403,26.77397103329759,30.011883732,1.927827696401112,0.6012974831952478,0.1551838357071878,0.545579298176828,0.987845923709798,0.226200400982266,0.1936033622230011,0.9589835875914784,-82.28122270350258,0.9797771743380808,0.2844386438887407,False,False,False,True,post,68,off_axis,89.53319687058405,16.71
485,6.583321604503845,15.509707019704262,13.832638458832449,26.666804304,1.8533642782709157,0.6192821956368755,0.0552281161318489,0.5894177449168208,0.9850775574317692,0.1874964261559607,0.1664316047888501,1.164875880132568,-83.98660613991781,0.9798479255399892,0.0936994459500753,False,False,False,True,post,68,off_axis,86.68517779454655,16.71
215,3.3912337344682086,11.259449075432787,24.11001068388546,23.976196938,1.788808689837088,0.625183445846786,0.1140148011100832,0.5502479770294962,0.9956274595540008,0.1439021069380993,0.1443379809942519,1.4316696899948698,-82.74643055410132,0.9800938035858894,0.2072062158694159,False,False,False,True,post,68,off_axis,88.90485303975996,16.71
634,7.743862167983209,10.503735128020647,34.69048461354338,29.409018786,1.914831846466364,0.7094998803541517,0.044846577498033,0.5996705107084019,0.9994433620929584,0.1335230722114375,0.2082434159142449,1.2175602473123708,-78.29968212055682,0.9802637724899328,0.0747853641244671,False,False,False,True,post,68,off_axis,88.92081469889072,16.71
843,8.789983988614672,10.527045152107892,30.87082733499369,26.371236276,1.8464914180695364,0.4747375911759474,0.0807907845579078,0.5695173581710415,0.9733502538071066,0.5297359394953707,0.23669569099639,1.0679295667156377,-80.12350302496357,0.9805405825904429,0.1418583356569866,False,False,False,True,post,68,off_axis,89.01813305294337,16.71
150,2.70487923821248,12.534905682606125,20.03531653961787,91.393856658,2.794319951423853,0.7752881086214419,0.161559088297261,0.5762421473443746,0.997136289988319,0.0502521187539969,0.1062597174083088,1.2088715988451748,-83.59686569776345,0.9812174474404612,0.2803666636357821,False,False,False,True,post,68,off_axis,88.26645904359773,16.71
379,5.467014322438558,10.278246698493843,22.808497040028254,31.93776747,1.9682124823468907,0.4996694821887624,0.1437908496732026,0.6065766294773929,0.6296461161807255,0.6154096879666017,0.0933715137674216,1.0046019746050112,-84.23409090377457,0.9812338746292,0.2370530658213592,False,False,False,True,post,68,off_axis,90.05342303090066,16.71
854,9.54184210526252,10.542506250000482,27.25801750000021,10.69674768,1.3668505989822162,0.5565789473684211,0.0,0.4718100890207715,0.980372420734776,0.5013510049485196,0.3945475778724244,0.911307873886602,-81.85432581634556,0.9828316350710884,0.0,False,False,False,True,post,68,off_axis,89.26718785568136,16.71
547,6.3510330213669866,12.48158934310418,17.44364366943238,26.568281628,1.851078993242549,0.6082465124492318,0.0855317394888706,0.6220419202163624,0.9963320463320464,0.1021271054131322,0.12268250585077,0.9571330459739884,-84.89488542365075,0.9836417153596312,0.1375015681565648,False,False,False,True,post,68,off_axis,88.81203463282996,16.71
133,3.1311636519014763,10.206206808146488,34.85205369605389,32.939414676,1.988577049169561,0.6677823671841618,0.0520219467587889,0.6252947481243302,0.9998668619358274,0.0915381199425221,0.1303665892668511,1.4140629716196575,-78.48222242662962,0.9836640547230032,0.0831958798867844,False,False,False,True,post,68,off_axis,89.21684516068878,16.71
695,7.803504567919692,37.98886478208851,104.58970720383527,31.325519412,1.9555543493747936,0.636663172083271,0.2839433293978748,0.3786067600989283,0.982051282051282,0.2079650124402931,0.1805418922632962,1.5455432577912915,-20.481286252634487,0.9855837935498346,0.7499689897868745,False,False,False,False,pachytene,68,off_axis,92.38367804096308,16.71
817,8.906228690228835,12.167759426195405,15.39185718087317,28.20798045,1.8884020427578585,0.5513513513513513,0.074296499656829,0.5214087117701576,0.94555079405092,0.2354882241136238,0.1174456439154996,1.1212236528965345,-86.16036923758068,0.9862306485327196,0.1424918647879817,False,False,False,True,post,68,off_axis,89.55958049528212,16.71
279,3.599274466155597,13.065360573831628,14.100697501855668,28.451941362,1.8938304651247728,0.4257564514799241,0.1067077080928562,0.6499641062455133,0.9656475437993816,0.3671467120995537,0.148104215684597,1.5861837513143082,-85.99773261378179,0.9870895945822968,0.1641747706796429,False,False,False,True,post,69,off_axis,88.98827940959588,16.71
214,3.6990224747265033,11.319109908931065,17.11586989723343,28.076616882,1.88546607327117,0.6526025566045618,0.1181336161187699,0.570947570947571,0.9994803395115192,0.1660491105329734,0.2023306218753537,1.4007184851222243,-86.07114499319432,0.9873123984592974,0.206907993185276,False,False,False,True,post,69,off_axis,90.01700016048387,16.71
615,7.180634506735984,8.390223624510893,20.928831447197386,26.98817589,1.860779762940575,0.4605823554976097,0.1812664907651715,0.5990976474379632,0.9720978298312092,0.2230959573077775,0.1004329979712229,1.1332334678437466,-86.79501580219164,0.9889219871681256,0.3025658530631131,False,False,False,True,post,69,off_axis,92.2028744145498,16.71
749,8.386817352239179,8.242727748139915,26.51707178857331,33.417953387999994,1.9981607010559064,0.5666151902288361,0.1529702291123611,0.5592808551992225,0.9856060606060606,0.219760406801336,0.2031625477109483,0.9647441867668468,-84.22602665756268,0.9891022796343896,0.2735123644771843,False,False,False,True,post,69,off_axis,91.62757773519671,16.71
803,9.193141257435848,7.874659372447594,22.727739717717853,20.110354794,1.6869817115017298,0.3072436719934679,0.0,0.6561710725711399,0.4967860422405877,0.8410100012387756,0.0655881663881053,1.0512323293350572,-86.37794195225582,0.9892730859901976,0.0,False,False,False,True,post,69,off_axis,92.44450838304984,16.71
750,8.487607022398802,9.393805067888842,17.43969988757177,27.124231014,1.8639014309640676,0.6055521923376286,0.0793298344771901,0.5452751589563692,0.9846784635304272,0.2329029498821227,0.1952890744217741,1.487160982200118,-87.60081084741202,0.989551287320902,0.1454858765783932,False,False,False,True,post,69,off_axis,91.83762392465133,16.71
503,6.610531250000099,12.710553351562696,12.93703572656296,30.0259584,1.928129013645219,0.47875,0.120253164556962,0.5981714628297362,0.9869169510807736,0.1904663502780159,0.1139800509290997,1.6897716117212438,-86.87029026245355,0.9900551734786291,0.2010346063452895,False,False,False,False,pachytene,69,off_axis,89.6196682009692,16.71
345,5.01278930224594,9.179367263843558,32.70258957654825,27.365846148,1.8694194514131324,0.727327275844334,0.0447447447447447,0.5906947500785916,0.999573984663448,0.1475855264561457,0.2427057844732761,1.0910198933202608,-80.41926138906005,0.9909054776928627,0.0757493523326413,False,False,False,True,post,69,off_axis,90.28681484898738,16.71
278,3.95846480302598,8.66252122889537,20.108829061722517,25.425887742,1.8241582231597373,0.6041147707353076,0.0533862784028237,0.6306222325798182,0.999168744804655,0.1784323272563843,0.1579574631548381,1.3862485670476434,-86.95247984040864,0.991146168790377,0.0846565116875523,False,False,False,True,post,69,off_axis,92.06838005801815,16.71
111,2.377559385648743,8.135443157687318,28.714341844040877,47.49965872199999,2.246642447090461,0.6386488221640575,0.2296272899557802,0.5049883832171655,0.9968075737560546,0.1314231749868228,0.0964899356235819,1.1685273623378618,-83.25907604010054,0.9942378173229894,0.4547179649814461,False,False,False,False,pachytene,69,off_axis,91.54313187222198,16.71
847,9.265473015872995,7.1408963047614105,33.04716396190522,18.47300175,1.6398959275355471,0.6261587301587301,0.0,0.5998641304347826,0.9731597129949509,0.3059247901793392,0.2798390983540427,0.9907837166961344,-82.03801263782593,0.9942957596199236,0.0,False,False,False,True,post,69,off_axis,92.31413214623875,16.71
613,7.330707728753272,5.920592419307268,23.391324785311397,23.765076918,1.7835428110043117,0.4510907116770308,0.1355510648220115,0.5486423305160942,0.9700625558534406,0.1418481764699042,0.0620099101263374,1.6504052089239272,-87.76875229848133,0.9948917289455224,0.2470663623320898,False,False,False,True,post,69,off_axis,94.29181775177504,16.71
277,4.1606506710043325,6.595368702724694,24.6491064253762,28.84134051,1.9024311318268148,0.6833672224481497,0.0882903981264636,0.5276136655535577,0.9996854851391728,0.1496897637432008,0.1822566639887193,1.364744451967303,-86.57054909326276,0.9952305074549532,0.1673391041413452,False,False,False,True,post,69,off_axis,93.46718850851536,16.71
502,6.3687750914444,4.841741404229459,26.972593746097548,26.293825602,1.84468290426001,0.5343027923989652,0.1313030454318522,0.5398467432950191,0.9876080691642652,0.1584263999702149,0.0997435175406727,1.5132067194619463,-86.98438557147577,0.9991526192117568,0.2432228165912947,False,False,False,True,post,69,off_axis,94.97003048095353,16.71
465,6.48631966835565,5.223092998618492,33.79677629137356,35.648788266,2.041669249349341,0.6138053563203264,0.1360223759752686,0.5147384562957914,0.998546042003231,0.1051125886579557,0.1006721770099991,1.4905043986222704,-83.35553004881989,0.9993698686341024,0.2642553209529467,False,False,False,True,post,69,off_axis,94.21397422832823,16.71
660,7.834880944019097,5.057374945564851,30.52749324295785,33.396841386,1.997739828888492,0.7279623516190208,0.078515346181299,0.5954040795249161,0.999174333569238,0.1457087766073264,0.241348115979745,1.2663132511863873,-85.07915024728817,0.999860774355072,0.1318690094363275,False,False,False,True,post,69,off_axis,94.49832793139258,16.71
276,3.982869642491059,6.027814095290361,31.29054918312944,34.316386362,2.0159092603130637,0.6844623692665254,0.1189158236304638,0.550259965337955,0.9980289093298292,0.1515392305627778,0.2142605182083989,1.3807293048804947,-83.86089737007771,1.0,0.216108441684339,False,False,False,True,post,69,off_axis,93.49109939126042,16.71
