nucleus_id,cz,cy,cx,vol_env,r_eq,gap,gap_int,thick,void_big,void_off,offset,syp_io,s_um,s_norm,score,merged,mitotic,crescent,post,cls,row,zone,r_um,off_axis_cut_um
277,2.5833436031735117,5.425919255949946,280.7252574943979,121.820943096,3.075231274341281,0.7952322267580683,0.1622813927839924,0.6188640210645101,0.9998104060020044,0.0455738292767968,0.1307962095889713,0.9865795031417768,-91.51166394329937,0.0,0.2622246362049803,True,False,False,False,pachytene,0,off_axis,155.00688720715038,13.61
2,5.495251424573853,9.545417844646114,287.72091776465703,445.831529346,4.7390801790446,0.7708845241164493,0.1155681933583833,0.6726145366861866,0.9997481012175108,0.0938436123384553,0.1643452729280717,1.0565245373759098,-99.21818307581856,0.0207337369023885,0.1718193512851514,True,False,False,False,pachytene,2,off_axis,157.68524944814115,13.61
209,2.2935343245227706,14.027980919604238,282.03962396750507,102.238388352,2.9007377164007626,0.7894410792951542,0.1321985815602836,0.6243870545930043,0.9990518537893154,0.0355952885995589,0.0518980899107339,1.000727028963379,-94.6087479748192,0.0209304555300554,0.2117253722475956,True,False,False,False,pachytene,2,off_axis,150.44888333911874,13.61
250,2.620207487595876,12.49861136671209,286.0572141632837,15.601769477999998,1.550107255860138,0.5510449556457675,0.0550632911392404,0.6369725385130609,0.982637453493179,0.0926127482590311,0.0571167302612435,1.106641515421585,-98.2139745206115,0.0212927519072862,0.086445314059817,False,False,True,False,TZ,2,off_axis,154.5422805583662,13.61
3,1.669921215531765,10.46397708216149,289.30074783342576,16.673790024,1.5848271633784572,0.3937816544738323,0.0,0.7015548851241588,0.950153846153846,0.4155103919927001,0.1292008613606982,1.0970719611837596,-100.9560716041924,0.0240100020700531,0.0,False,True,False,False,mitotic,2,off_axis,158.34872539371477,13.61
764,5.915845539280925,15.374369906791026,282.0968404793595,5.285037834,1.0805706413840328,0.7509986684420773,0.0,0.4509803921568627,0.9984447900466564,0.140943077413906,0.1893732070596366,1.0140575581074642,-94.94832724396036,0.0254362147126735,0.0,False,True,False,False,mitotic,2,off_axis,149.65235881462985,13.61
495,4.152228682170545,16.488779941860248,278.9572930232573,4.841685792,1.0494683143521908,0.7248062015503876,0.0069930069930069,0.4665492957746479,0.9972602739726028,0.1492489289884615,0.1822992530679665,1.04315886938733,-92.11401681326579,0.0271947351803807,0.0149887848001055,False,True,False,False,mitotic,2,off_axis,146.5047816302059,13.61
419,3.683633516053197,16.558747729052765,283.5497963586528,5.991117011999999,1.126695079089483,0.7012529365700861,0.0,0.5294888597640891,0.9992553983618764,0.1663776739353508,0.1815224732428599,1.0002366607812272,-96.61818966965492,0.0277370041096221,0.0,False,True,False,False,mitotic,2,off_axis,150.06466447483723,13.61
735,6.025152510558378,15.411735429375875,285.4115127170346,4.998852918,1.0607032912953636,0.7320506804317222,0.0,0.457092819614711,0.9887054735013032,0.1440395331913433,0.172042137257841,1.0853632811387746,-98.19647930596551,0.0277781257828512,0.0,False,True,False,False,mitotic,2,off_axis,152.23906608163065,13.61
307,3.333458575990941,13.201531955663548,289.2545900807792,12.486576294,1.4391904060966798,0.5316550817208341,0.0,0.6582430806257521,0.984799131378936,0.0755720170282088,0.0401073418478626,1.0632282843206688,-101.48767679987138,0.0278039915699719,0.0,False,True,False,False,mitotic,2,off_axis,156.63284376895544,13.61
1128,8.646782178217686,15.291834900990066,281.3930663366311,5.686165871999999,1.1072447719616991,0.6868811881188119,0.0,0.4980237154150198,0.9931565440547476,0.0691638708994102,0.0663049426876152,1.080497714064032,-94.24296024795711,0.0278844369589604,0.0,False,True,False,False,mitotic,2,off_axis,149.15343934284047,13.61
308,2.718979630687254,18.461449286122303,281.10364905768165,12.322371833999998,1.4328538671167166,0.8536074624024367,0.0077419354838709,0.5214564369310793,0.9990037359900372,0.0673741365524732,0.2131522331382491,1.1297071274129329,-94.6277884313317,0.0318710844096131,0.0148467540825355,False,True,False,False,mitotic,3,off_axis,146.9656536096915,13.61
421,3.97717717717703,16.79088279708265,287.28787305877205,16.404025553999997,1.57623370277693,0.8504218504218504,0.009469696969697,0.5487571701720841,0.9998130491680688,0.1330117980608283,0.431090193754974,1.1581716580776025,-100.32127616760036,0.0325115869067789,0.0172566254883328,False,True,False,False,mitotic,3,off_axis,152.89780109866547,13.61
1129,8.136462507155096,15.957977103605856,279.4421443617635,4.098074166,0.9927282975179236,0.7000572409845449,0.0,0.4522900763358778,0.9976415094339622,0.0706723055122364,0.0701593547761853,1.0725662178071422,-92.47616104445201,0.0329897828149749,0.0,False,True,False,False,mitotic,3,off_axis,147.2154420961705,13.61
831,6.618104330037586,17.584497084896277,286.0626525741559,13.760333748,1.486552047479825,0.849982952608251,0.0134529147982063,0.5261363636363636,0.9997756338344178,0.0922103725505529,0.2947213390830944,1.0824773081732206,-99.29074618488727,0.0334140590988923,0.0255692549080379,False,True,False,False,mitotic,3,off_axis,151.44142381055735,13.61
736,6.73610180843929,18.955945579370024,282.3900375753506,7.004493107999999,1.1869416447678591,0.6697923643670463,0.0,0.5537525354969574,0.9545454545454546,0.1133746802022405,0.1071202591096012,1.028592182449542,-95.98948287272974,0.0342971035999541,0.0,False,True,False,False,mitotic,3,off_axis,147.68461329924818,13.61
1232,8.784590028842013,16.06610642768855,284.3197624227465,5.693203206,1.1077013677957035,0.7144622991347342,0.0,0.4992784992784992,0.9876256767208044,0.1265267953901429,0.1352347203555733,1.0583653715326355,-97.26708930125785,0.0343176585196445,0.0,False,True,False,False,mitotic,3,off_axis,150.97508123341726,13.61
208,1.7695174390826285,11.503291734352713,293.76532818919947,4.909713353999999,1.0543606180034637,0.2465360726230291,0.0,0.4058338617628408,0.8351648351648352,0.7380892919458489,0.1297661311278753,1.078208762171,-105.53940703625243,0.0350321671713638,0.0,False,True,False,False,mitotic,3,off_axis,161.25247237264557,13.61
684,4.8819151350124494,19.425117562968072,283.1782052416613,10.337843646,1.3513892193614463,0.8404810528704334,0.0858257477243172,0.4167852062588905,0.995988892317186,0.0619560721228957,0.1522147062682217,1.0174336993422777,-96.85880303286632,0.0352587057920763,0.205923210410222,False,False,False,False,pachytene,3,off_axis,148.02972020513678,13.61
993,7.180651434127332,16.542259017987163,277.4894505590681,4.825265345999999,1.0482805561505286,0.6490034030140982,0.0041379310344827,0.5,0.9976931949250288,0.0338986119079304,0.0413770660769591,1.0430169848625326,-90.69038408243065,0.0352859789844607,0.0082758620689655,False,True,False,False,mitotic,3,off_axis,145.33122699749842,13.61
334,2.8835600907029595,19.79219336734678,278.6242818027224,4.137952392,0.9959379777156508,0.6609977324263039,0.0,0.4749163879598662,0.950863213811421,0.4019336114334997,0.2603426062909676,1.0451910210355586,-92.48441719863757,0.0357390352276351,0.0,False,True,False,False,mitotic,3,off_axis,144.19134704559042,13.61
607,4.845156310304876,19.6810066383629,277.40955133153415,6.077910798,1.1321098548113753,0.6889231956773447,0.0,0.5359801488833746,0.9969465648854962,0.1524426573536216,0.1711961878343543,1.0217720591860828,-91.27352527601174,0.0358842338422234,0.0,False,True,False,False,mitotic,3,off_axis,143.304163345783,13.61
309,2.8415322580645337,19.762511945564132,284.4554086693571,4.654023552,1.0357302385042249,0.6945564516129032,0.0,0.466996699669967,0.9786585365853658,0.4020306462223612,0.3812592407023103,1.1032020095989346,-98.17842150473979,0.0359471413410832,0.0,False,True,False,False,mitotic,3,off_axis,148.85084907829483,13.61
1508,10.704728903383469,17.75243622095393,279.8935133713813,11.508386868,1.4005822383640052,0.3925805136567468,0.0,0.6412751677852349,0.9327309236947792,0.3988640518962009,0.1283179300991092,0.9775404742779512,-93.29544271447878,0.0363966875550069,0.0,False,True,False,False,mitotic,3,off_axis,146.44881844071242,13.61
683,5.570682976554544,17.69270935779821,288.14805828746023,11.506041089999998,1.4004870707182435,0.818144750254842,0.0132743362831858,0.5504484304932735,0.9963390594198818,0.1000307850510402,0.2662233262779864,1.2373133568222114,-101.35214592170085,0.0364116137649462,0.0241154948362561,False,True,False,False,mitotic,3,off_axis,153.0506609432855,13.61
643,5.082722513088977,19.99848933840985,280.2082859114705,4.928479577999999,1.055702258538421,0.5882912898619705,0.0,0.5179190751445086,0.9880239520958084,0.02051327446493,0.0450500234253425,0.9912442391694593,-94.0763319379453,0.0364268934913481,0.0,False,True,False,False,mitotic,3,off_axis,145.31814915020283,13.61
832,6.3066443327750425,18.195367504187733,275.8627154103836,4.201288398,1.0009935870725994,0.6549413735343383,0.0,0.4805825242718446,0.9696169088507266,0.103741879277802,0.0668784296176755,0.9778695976988144,-89.44842236534728,0.0371443716377976,0.0,False,True,False,False,mitotic,3,off_axis,143.02588487365392,13.61
1193,8.592769104354884,18.002316557107978,287.1065036154461,5.709623651999999,1.1087652967667634,0.728430566967954,0.0,0.4674735249621785,1.0,0.0975920345947766,0.117621990251891,1.074468159875862,-100.39919279872169,0.0374468629305867,0.0,False,True,False,False,mitotic,4,off_axis,152.02884244782416,13.61
1051,7.790878378378367,18.783875802364577,279.6090131756757,5.554802303999999,1.098651616933766,0.6773648648648649,0.0,0.5143979057591623,0.9991103202846976,0.0709205599420143,0.0566911868797271,0.986864205444911,-93.23462339371679,0.0375331326963263,0.0,False,True,False,False,mitotic,4,off_axis,145.58804020969447,13.61
210,2.3294271972015643,20.54224171403529,282.1813562308688,5.364794286,1.0859791521863913,0.7083515522518583,0.0,0.5082458770614693,0.9252873563218392,0.4480482603156351,0.3747602981931218,1.026040545400641,-96.11967369445148,0.0375815984188431,0.0,False,True,False,False,mitotic,4,off_axis,146.56174452800065,13.61
1326,9.004851157662717,17.67248235942707,277.1124757442117,4.255241291999999,1.005260290329034,0.2133406835722161,0.0,0.5732305536089699,0.2758620689655172,1.1996229930728275,0.0641566948859955,0.9962215702986704,-90.5599765778386,0.0396904973307149,0.0,False,True,False,False,mitotic,4,off_axis,144.32585794692142,13.61
420,4.829168184578089,15.384176102004222,293.71895049180154,19.31748183,1.6645134202669187,0.4444444444444444,0.0,0.5357377049180327,0.9594805194805196,0.3869146435455634,0.13867697242468,1.0031365631326792,-106.31166509277628,0.040279407584823,0.0,False,True,False,False,mitotic,4,off_axis,158.91190422561849,13.61
608,6.275554705432261,21.682507258989887,283.1925265110993,24.527454768,1.802414301626528,0.8601759755164499,0.0187919463087248,0.4801641586867305,0.999876497468198,0.0603577385248878,0.1988611879997061,1.0344651004486107,-97.34837239543181,0.0412187163103529,0.0391365035660337,False,True,False,False,mitotic,4,off_axis,146.69476430469544,13.61
576,4.693472584856375,21.840631958224925,279.517719164491,4.49216487,1.023581338242461,0.6412532637075719,0.0,0.4919941775836972,0.9975932611311672,0.1154140457009024,0.102072440402033,0.9685627551959292,-93.78935220826475,0.0412479135544942,0.0,False,True,False,False,mitotic,4,off_axis,143.65274771017255,13.61
389,3.232938949361093,21.592037008992172,285.7299452910558,4.956628914,1.0577083484148986,0.6672976810222433,0.0,0.5163584637268848,0.9285714285714286,0.3486980044351909,0.2339066773460002,1.0722050316272678,-99.80978364461629,0.0413891928597091,0.0,False,True,False,False,mitotic,4,off_axis,148.80109178054104,13.61
422,4.515898742238219,20.45335419519256,287.2856323005823,73.66915809,2.6005529393592965,0.8982327654832033,0.0105263157894737,0.6511264080100125,0.9999627629864084,0.0335158446798699,0.2235167008770115,1.134173705703336,-101.09066702091837,0.0414106940698379,0.0161663168011331,True,False,False,False,pachytene,4,off_axis,150.7289124682589,13.61
685,6.838178582023265,21.33286717591196,280.4837636902965,15.815235275999996,1.557144857848997,0.8601305250667458,0.0465116279069767,0.5227995758218452,0.9996221424522956,0.1058048133553,0.3992062938907891,1.0186001181912463,-94.62674356261807,0.0416257983095578,0.0889664606821075,False,False,True,False,TZ,4,off_axis,144.729712516229,13.61
423,4.411321776814733,21.875309317443545,276.5072948808236,8.660612376,1.2739527794226808,0.6690140845070423,0.0016339869281045,0.5343698854337152,1.0,0.1921624925080339,0.1706829206682645,1.0206224263273371,-90.85379722435069,0.0416822924727162,0.0030577825821497,False,True,False,False,mitotic,4,off_axis,141.2414007700923,13.61
1052,8.34732540408683,19.655125562672204,277.67282400731807,38.45903031,2.0939673556655936,0.8084172003659652,0.1231155778894472,0.5561922954473097,0.999157184997893,0.132950038276674,0.3502482068421378,0.9934212740017034,-91.52543682812859,0.0428095186815857,0.2213543389529215,False,False,False,False,pachytene,4,off_axis,143.52694591764362,13.61
1130,8.463811394892069,16.97700019646309,291.1158043614939,17.910015029999997,1.6230645054528472,0.4945645055664702,0.0872753074739829,0.5589530966571651,0.9601748421563866,0.2516297253613948,0.1367230711101294,0.9956631627215652,-104.10250598907606,0.0431588567474497,0.15614066367274,False,False,False,False,pachytene,4,off_axis,155.8692232212297,13.61
310,2.916421291053239,22.78576398641073,282.67448822196934,6.213965921999999,1.1404950883939076,0.6761041902604756,0.0,0.5559440559440559,0.9824024483550114,0.3026488458850024,0.2824334080127051,1.0898368513928258,-97.07438622209162,0.0432810875945518,0.0,False,True,False,False,mitotic,4,off_axis,145.6256708756196,13.61
1443,10.293723663783366,15.706430272788127,290.2727262807742,10.577113002,1.361735767921492,0.4216012419605234,0.0,0.6549079754601227,0.4614572333685322,0.9093641193904316,0.0178656900185502,0.9930749414781664,-103.01067542548033,0.0433461221672156,0.0,False,True,False,False,mitotic,4,off_axis,155.93967701099845,13.61
1194,8.801949217748195,21.028254629391967,279.24175883559894,9.146188422,1.2973301511212696,0.8117466016927417,0.005420054200542,0.4986376021798365,1.0,0.0589903396086427,0.1324441598875042,1.0779078375378706,-93.34843991819287,0.043516184723548,0.0108697261836006,False,True,False,False,mitotic,4,off_axis,143.9246769740512,13.61
1132,8.10520117762516,17.77437880274818,273.9477195780173,4.780695563999999,1.0450429980528453,0.6496565260058882,0.0,0.5196078431372549,0.9765625,0.1524350144113239,0.1111889570967695,1.0642323449254902,-87.48771462217941,0.0435405052446357,0.0,False,True,False,False,mitotic,4,off_axis,141.814289020119,13.61
767,6.076915167095081,22.763323650385907,278.618704935734,4.56253821,1.0288987393129234,0.5876606683804627,0.0012453300124533,0.5324189526184538,0.9880636604774536,0.137777737577529,0.0969747011246134,1.0233522308041505,-93.10490038437584,0.0443766367770782,0.0023390039109778,False,True,False,False,mitotic,4,off_axis,142.37933867666803,13.61
869,6.506826241134745,17.27092167553229,272.733387765958,5.292075167999999,1.0810500427962535,0.6152482269503546,0.0,0.5460829493087558,0.9903225806451612,0.0971686596558146,0.0591097471303136,1.0760891905409,-86.19457189926344,0.045003226988324,0.0,False,True,False,False,mitotic,4,off_axis,141.20732018357816,13.61
311,2.928365791701954,23.22342650296424,280.7235496613036,5.540727636,1.0977229168995193,0.6714648602878917,0.0038510911424903,0.5193298969072165,0.9864743011722272,0.2724909489307653,0.2231098035953696,1.0836540338747351,-95.25943646103853,0.0450580819540941,0.0074155005622147,False,True,False,False,mitotic,4,off_axis,143.79272274769983,13.61
496,4.248909512761006,19.72487248259811,273.5721321577734,5.05515159,1.0646704279554096,0.7280742459396752,0.0,0.4982935153583617,0.995766299745978,0.1386642624161014,0.1611415551387119,1.034920889612514,-87.53147162420765,0.0452204527214708,0.0,False,True,False,False,mitotic,4,off_axis,140.28402338845518,13.61
1444,10.17758957654734,19.20343615635197,275.52858169381045,10.80230769,1.3713321084204466,0.3285559174809989,0.0,0.6924320827943079,0.4575539568345323,0.8135756058171929,0.0698339795971896,0.9653306292610936,-89.33415985409293,0.0456896959834162,0.0,False,True,False,False,mitotic,4,off_axis,142.13169869472665,13.61
424,3.5813236627379808,24.016531414325044,284.9454004079791,5.174786267999999,1.0730038228132734,0.6903898458748867,0.0,0.513909224011713,0.9927404718693283,0.1368888978358461,0.1396214787273499,1.0626039792711437,-99.5536203525184,0.0463936634669055,0.0,False,True,False,False,mitotic,4,off_axis,146.75662836312378,13.61
537,4.664108155255086,23.90794526820811,277.52104068905504,5.378868954,1.0869280204298664,0.7108591365023986,0.0,0.4886877828054298,0.9991525423728812,0.0802379158794358,0.0929032923399224,0.9809868764908658,-92.27301138773437,0.0468406950314153,0.0,False,True,False,False,mitotic,5,off_axis,140.81408133899575,13.61
768,6.157369614512442,23.95853038548804,282.57938061224365,6.206928587999999,1.140064387790868,0.6972789115646258,0.0,0.5418227215980025,0.9992769342010124,0.0995041034945889,0.1145110550336419,0.977542293041569,-97.22848254752252,0.0468923234385079,0.0,False,True,False,False,mitotic,5,off_axis,144.86162905092937,13.61
766,6.031921533660255,18.49163352652694,271.82788194382687,5.261580054,1.0789695564468402,0.6518056174765938,0.0,0.5236875800256082,0.9980430528375732,0.0989623527526561,0.10995286087202,1.0490593994908175,-85.56655877078103,0.0468923867961737,0.0,False,True,False,False,mitotic,5,off_axis,139.7280973102038,13.61
1016,7.521959604641133,21.58939789428448,273.9845724108293,5.458625406,1.092273911823642,0.6824237215298667,0.0,0.5223274695534507,0.999128160418483,0.1343043608795036,0.1164135655393533,1.0107266611590793,-88.32745925425466,0.0469162863844104,0.0,False,True,False,False,mitotic,5,off_axis,139.43466765755448,13.61
1053,7.707860615883261,23.19673662885002,281.2778745948117,5.789380103999999,1.113904140646007,0.7414910858995138,0.0169491525423728,0.5031347962382445,0.9992917847025496,0.089308365132886,0.1213005347118632,0.9790207859860248,-95.79569771743273,0.0469259143898631,0.0336871006916943,False,True,False,False,mitotic,5,off_axis,144.25533318787382,13.61
497,4.0023690205011695,22.14697995444252,273.5997455125293,5.148982709999999,1.0712173745189812,0.7116173120728929,0.0,0.4644549763033175,0.9964061096136568,0.2699797910417035,0.2778897881805325,0.9836251821550536,-88.0687362292036,0.0469804341366799,0.0,False,True,False,False,mitotic,5,off_axis,138.78642602416951,13.61
523,5.087268518518492,24.37710995370389,279.98253321759245,6.080256575999999,1.132255482527776,0.712962962962963,0.0106382978723403,0.5309139784946236,0.997867803837953,0.0736259484629572,0.0960915546096522,1.0180885195435496,-94.77810000466215,0.0475188615594721,0.0200377053595474,False,True,False,False,mitotic,5,off_axis,142.51294236612517,13.61
932,7.203648303538914,20.75448398394668,291.4703858810672,6.429777497999999,1.1535482864137752,0.7712513681138271,0.0,0.4688995215311005,1.0,0.1038537625462933,0.1672379522709723,1.0742090724819255,-105.24494079048775,0.0479602723334013,0.0,False,True,False,False,mitotic,5,off_axis,153.97413680123847,13.61
802,5.993369499698579,24.388542013260267,275.4885874020492,11.674937105999998,1.407306348397033,0.8456901748040988,0.0,0.51953125,0.998933617701946,0.1245813687830592,0.3829104190903799,1.007102517160612,-90.38742140991803,0.049229666821464,0.0,False,True,False,False,mitotic,5,off_axis,138.9026735188673,13.61
1164,8.51310084825626,24.38638360037717,284.6548115457133,4.977740915999999,1.05920793692831,0.6555136663524976,0.0,0.4993160054719562,0.9915074309978767,0.0879829946531176,0.0890407028472591,1.0063453258202164,-99.3474708677485,0.0503587041087758,0.0,False,True,False,False,mitotic,5,off_axis,146.30622507023182,13.61
934,6.863855914858831,25.34202267703577,284.2436568972604,5.730735653999999,1.1101302123386625,0.6856324191567744,0.0179028132992327,0.52734375,0.9975144987572494,0.1121407543832711,0.1136293365543584,0.9893005391302684,-99.14687056559762,0.0504802992015609,0.033949038552619,False,True,False,False,mitotic,5,off_axis,145.42165438196406,13.61
1096,7.865181347150322,19.58484854922234,271.6111252849764,4.52735154,1.0262469266799623,0.6336787564766839,0.0,0.5035360678925035,0.9874213836477987,0.2115106595074058,0.1622840600532302,1.0400173827303931,-85.58497697605893,0.0506697571533442,0.0,False,True,False,False,mitotic,5,off_axis,138.86016448013407,13.61
1298,9.005263157894607,24.46751388888836,279.9746583333325,9.627072912,1.3196797436591765,0.830896686159844,0.0099857346647646,0.5115273775216138,0.9993254637436764,0.076086695227331,0.1993586088504386,1.0836210937919106,-94.7894474646417,0.0508681515341586,0.0195214080488637,False,True,False,False,mitotic,5,off_axis,142.45326802418262,13.61
5,1.439215187727767,22.893132125603195,273.1964427536189,55.35566924399999,2.3642378479704407,0.6214933468938045,0.0389498601248117,0.6687192118226601,0.9971924029727498,0.1434701788359273,0.14368829148784,0.8886177743899984,-87.83167850360975,0.0510249600495959,0.0582454630227387,False,False,True,False,TZ,5,off_axis,138.00699737589312,13.61
359,2.825935050391914,25.44693446808548,279.2313331914903,10.473898769999998,1.3572918904551452,0.8212765957446808,0.0086956521739129,0.531328320802005,1.0,0.0823887695773546,0.2106313308876269,1.179713159203534,-94.26914176259248,0.0510349785736926,0.01636587366694,False,True,False,False,mitotic,5,off_axis,141.27588651420683,13.61
457,3.668391056554132,18.92942512056075,271.1833424375298,5.350719617999999,1.0850286229022963,0.2323542306006137,0.0022792022792023,0.4745859508852084,0.481283422459893,1.0311779155840672,0.0888279665894862,1.0239232935204297,-85.02871540118046,0.0514317730010594,0.0048025068482349,False,True,False,False,mitotic,5,off_axis,138.95307351616862,13.61
1195,8.600835654595986,23.820519637883585,277.4458963788312,5.052805812,1.0645057202751893,0.7075208913649025,0.0,0.4904761904761904,1.0,0.1270034943743224,0.1222775231079298,1.038108247896108,-92.18113540116,0.0515117090350151,0.0,False,True,False,False,mitotic,5,off_axis,140.8065230028385,13.61
278,3.109613679544068,15.795393818872505,271.4035448891718,18.51991731,1.6412830256191886,0.5788473717542748,0.1836484164006874,0.4451127819548872,0.4841238729909839,0.9908995950559878,0.2043505981736564,1.0846770910066346,-84.58372216748795,0.0515409700780321,0.4125885030623551,False,False,False,False,pachytene,5,off_axis,141.15860281839673,13.61
803,6.197556593604028,24.32842950053924,287.57265188645243,6.528300173999999,1.1594103384428456,0.6794825727632052,0.0,0.5795964125560538,0.9929228591648974,0.0830115991345843,0.0880721171471299,1.0129473990329796,-102.1876160296114,0.051588929455905,0.0,False,True,False,False,mitotic,5,off_axis,148.73656171605137,13.61
645,5.407035892560021,25.946074827668596,279.1448846684118,9.868688046,1.330628855672504,0.7886855241264559,0.0122222222222222,0.5163104611923509,0.9978730946472882,0.1076100927127302,0.2306567441095197,1.060610852783677,-94.28978848052874,0.0518629896642953,0.0236722343258291,False,True,False,False,mitotic,5,off_axis,140.9131170049368,13.61
279,2.908893504531686,20.261946384064245,271.09393838745905,24.846480576,1.810195262265272,0.8034365558912386,0.18798751950078,0.4601344860710855,0.9998592540464462,0.0768185665226074,0.1825376019422567,1.0703916713167354,-85.22204320662257,0.0521150051886797,0.4085490768273738,False,False,False,False,pachytene,5,off_axis,138.02956774560607,13.61
1233,9.707911683532668,22.015257874884615,274.25274281508894,25.49860686,1.825895624508523,0.5955841766329346,0.0999180999180999,0.5746132848043676,0.9779891811229248,0.3802734322072529,0.3635419634159246,1.00214274638978,-88.6793279471555,0.0523086549579964,0.1738875563103592,False,False,False,False,pachytene,5,off_axis,139.38005615066268,13.61
1297,10.046886344596372,20.51705847528653,272.207483314719,16.800462036,1.5888303924175,0.5002792516056968,0.032441200324412,0.6792400111763063,0.9787955894826124,0.1920591599175365,0.094321178710132,0.9901162248326923,-86.36434160796644,0.0526377203821905,0.0477610267219541,False,True,False,False,mitotic,5,off_axis,138.72617680474397,13.61
1098,8.085926404131653,22.3024588121377,292.4478945125876,7.267220243999999,1.2015999576267575,0.776307295029051,0.0085836909871244,0.4992784992784992,0.9892252437147256,0.1257680601387006,0.2068339948021489,1.0057209577879755,-106.52662637777742,0.0527274271065032,0.0171921903297029,False,True,False,False,mitotic,5,off_axis,153.9068334721313,13.61
458,3.868297872340434,26.308835106382297,280.710086010638,4.41006264,1.0173070392946524,0.727127659574468,0.0,0.4561403508771929,0.9969758064516128,0.1074292987492349,0.1199334681833987,1.024524652743511,-95.89628514635676,0.0528118290538767,0.0,False,True,False,False,mitotic,5,off_axis,141.97475441130953,13.61
280,3.111338502844422,22.806915320778423,292.0489342539673,124.938482058,3.1012435351938343,0.7965678451399711,0.1437490121700647,0.6171665897554223,0.9998683517640864,0.0321216806702547,0.1140606830846387,0.9896650362684506,-106.24289510828167,0.052965737095554,0.232917683095955,True,False,False,False,pachytene,5,off_axis,153.29398734655882,13.61
361,2.8675946714563487,26.86032900763416,282.4819326448125,15.672142817999998,1.5524343983060744,0.8569076485556054,0.0052029136316337,0.5627615062761506,0.9992320982914188,0.0606536008409877,0.2181419276904566,1.0972189629572626,-97.74455025859483,0.0530877396536988,0.0092453260814904,False,True,False,False,mitotic,5,off_axis,143.108468507209,13.61
360,2.9964718853362733,26.80747392502691,284.7866710584356,4.255241291999999,1.005260290329034,0.6190738699007718,0.0,0.5195369030390738,0.9695712309820194,0.4021827132713078,0.2481291182187519,1.112652455332253,-99.98642772214558,0.0532592674270022,0.0,False,True,False,False,mitotic,5,off_axis,145.03764452015565,13.61
833,6.267659778952399,26.298164776548933,277.0033492071128,4.881564018,1.0523417320338266,0.703507928880346,0.0,0.4975688816855753,0.999062792877226,0.1526991211951419,0.1563211413393225,0.9961623929239504,-92.27049166419707,0.0537306773707615,0.0,False,True,False,False,mitotic,5,off_axis,138.97425289257285,13.61
1019,7.578386605783734,26.38386632420004,281.8109410958889,6.164704583999999,1.137473323431495,0.743531202435312,0.0,0.4940652818991098,0.9973509933774836,0.0579612026350897,0.0782501884030229,1.0108401617707456,-96.98824045296881,0.0538976773182548,0.0,False,True,False,False,mitotic,5,off_axis,142.8309501669675,13.61
1134,8.241610738255016,24.502572147651097,274.6645483221465,4.194251064,1.000434372661759,0.6549217002237137,0.0,0.4440842787682333,0.9718120805369128,0.2599149414696217,0.179139325690166,1.0703923626462524,-89.60589944699358,0.0543127941373508,0.0,False,True,False,False,mitotic,5,off_axis,138.17825994136604,13.61
606,6.173929997214801,17.57841421409352,268.87698613870015,25.266374838,1.8203355129771264,0.829449447590753,0.0102370689655172,0.568317909635275,0.9995001874297138,0.1175480170625232,0.3248974573111568,1.0961564762882898,-82.48950066765863,0.0543259422279264,0.0180129269057999,False,True,False,False,mitotic,5,off_axis,138.08250906617403,13.61
1165,8.506795366795357,26.162227528956617,278.3986979536696,6.075565019999999,1.131964189620008,0.6625482625482626,0.0,0.4496567505720824,0.9568733153638814,0.1705215376839119,0.0811058336428415,1.075329836897276,-93.6058860191546,0.0544345613419007,0.0,False,True,False,False,mitotic,5,off_axis,140.18188920636453,13.61
1133,8.230067243035466,20.903720605187036,270.7116632564836,4.883909795999999,1.052510268508847,0.6714697406340058,0.0,0.4970760233918128,0.9821605550049554,0.1852287535283087,0.1977070018329676,1.028703983357813,-84.98355163622038,0.0546063523205303,0.0,False,True,False,False,mitotic,5,off_axis,137.32568217093626,13.61
708,5.725578681190436,26.85633553783309,285.1154125267469,12.059644698,1.4225972597990573,0.8650068080140051,0.0113960113960114,0.515850144092219,0.9967548676984525,0.1098506711109777,0.3757253721055121,1.072625742035682,-100.31808494862344,0.0549576444231049,0.0220917092425473,False,True,False,False,mitotic,5,off_axis,145.28202669666365,13.61
1131,7.971571906354533,17.132468394649045,268.56311270902984,4.208325732,1.0015521773598894,0.6382385730211817,0.0,0.4915254237288136,0.9852348993288592,0.1109990600788664,0.0997884676320375,1.1206072348782607,-82.08872314417806,0.0556339367226273,0.0,False,True,False,False,mitotic,5,off_axis,138.1407230065237,13.61
609,4.798288877705043,26.25367503774469,288.0717320080494,4.661060886,1.0362520170501697,0.6774031202818319,0.0,0.4898595943837753,0.9861407249466952,0.1866644480852786,0.1767087003168045,1.0339932259286837,-103.08109109625204,0.0560871747818898,0.0,False,True,False,False,mitotic,6,off_axis,148.07109126538936,13.61
933,8.004040404040385,22.7679303030306,294.08027272727,4.412408417999999,1.0174873809114944,0.6772993088782562,0.0,0.3673805601317957,1.0,0.2233557946623322,0.2625010793481139,1.00850946521679,-108.22043065659217,0.0561145991649292,0.0,False,True,False,False,mitotic,6,off_axis,155.0044400138062,13.61
1097,7.923112128146514,19.912875652173422,268.5674452173909,5.125524929999999,1.069588144058566,0.5977116704805492,0.0,0.552901023890785,0.9964830011723328,0.152055392636987,0.1165920756036741,0.963730333615985,-82.67871324558897,0.0565761200866768,0.0,False,True,False,False,mitotic,6,off_axis,136.32200239425367,13.61
769,5.898119122257009,27.99730407523569,283.13541206896684,4.489819091999999,1.023403138145155,0.7168234064785789,0.0,0.4686346863468634,0.993963782696177,0.2030255073558319,0.2195948865236291,0.9736664964060662,-98.62289264054293,0.0577763219893784,0.0,False,True,False,False,mitotic,6,off_axis,143.00309206600954,13.61
1054,7.839740018570139,28.14804484679761,285.02739916434587,5.052805812,1.0645057202751893,0.6555246053853296,0.0,0.5026954177897575,0.9917864476386036,0.2309425472868437,0.2050321982425493,1.14970671755493,-100.5041742812976,0.0578664524463038,0.0,False,True,False,False,mitotic,6,off_axis,144.48734748563186,13.61
577,4.584506273867947,28.447154500819018,281.55010376431954,4.299811074,1.008757836453695,0.7206764866339335,0.0,0.4453125,0.9957627118644068,0.1257830029391084,0.1336982218789434,1.0842518953191504,-97.16793485494625,0.0585967915683669,0.0,False,True,False,False,mitotic,6,off_axis,141.44033757778243,13.61
1490,10.271277719113078,25.151502798310013,271.78594039070947,4.442903532,1.0198260270366704,0.6293558606124604,0.0,0.5341880341880342,0.9798994974874372,0.1260012401392314,0.0853900899366074,1.110458496889677,-86.9286085882277,0.0589555304177743,0.0,False,True,False,False,mitotic,6,off_axis,135.50315963274969,13.61
935,6.972204617473992,28.29365690357724,280.3231512901767,5.181823602,1.0734900049472291,0.7279311905839747,0.0,0.4958402662229617,1.0,0.0984684380037735,0.1081702049767668,1.0255362442315952,-95.93618150248689,0.0592133964391237,0.0,False,True,False,False,mitotic,6,off_axis,140.51773848635858,13.61
906,8.567741935484115,27.04516348126092,287.30635997575905,25.160814828,1.817796923527348,0.7499533842998322,0.2205754141238012,0.4261744966442953,0.996225795864785,0.1571116826401844,0.2853322967013999,1.0758967852685692,-102.49964121013393,0.0593863962372168,0.5175706567629351,False,False,False,False,pachytene,6,off_axis,146.9952936115923,13.61
804,5.938574218749949,28.931435449219546,285.09239956054745,4.804153344,1.0467494723412687,0.580078125,0.0,0.5465116279069767,0.9782016348773842,0.1422839713032868,0.075273266096103,1.0934211629665629,-100.73275456696763,0.0596217274628434,0.0,False,True,False,False,mitotic,6,off_axis,144.10763780017948,13.61
770,6.222764227642272,28.93101649928349,277.7816791965585,4.905021797999999,1.0540246738615566,0.719273075083692,0.0,0.4497444633730835,0.947565543071161,0.2309758728783842,0.20125631754003,0.986089272587158,-93.58602235276251,0.0599915912622731,0.0,False,True,False,False,mitotic,6,off_axis,138.06985442752537,13.61
1018,7.672069464544134,25.651113603472496,292.9977351664247,4.862797794,1.0509914925627726,0.6893391220453449,0.0,0.5031055900621118,0.9970178926441352,0.1081438043027051,0.1003105188621575,1.0800293608902625,-107.76959566498797,0.0603421363375328,0.0,False,True,False,False,mitotic,6,off_axis,152.51925612383909,13.61
524,4.185078423060662,29.76725811784703,284.5875630775775,5.533690301999999,1.0972579770231063,0.6286562102585842,0.0,0.5525114155251142,0.982421875,0.1730969340355896,0.11924341760776,1.0675567826124843,-100.41533295639287,0.0609416402358661,0.0,False,True,False,False,mitotic,6,off_axis,143.2260205908167,13.61
459,3.85776009096078,29.369740932348503,278.2223921546351,4.126223501999999,0.9949961027659366,0.6856168277430359,0.0,0.4629294755877034,0.9683313032886725,0.2061502194269737,0.1711075977166185,1.0378316431316357,-94.10927136573588,0.0610830637894989,0.0,False,True,False,False,mitotic,6,off_axis,138.1788174432416,13.61
1445,10.062844294547604,26.935104890387287,273.88272512647524,4.173139062,0.9987529671858312,0.6644182124789207,0.0,0.4941373534338358,0.9801242236024844,0.1438604926970743,0.1105576005996508,1.132208656551624,-89.35409021389347,0.061146943122462,0.0,False,True,False,False,mitotic,6,off_axis,136.08722550710442,13.61
682,5.396338912133922,17.68444973849411,266.02682855648726,4.485127535999999,1.0230465516570049,0.6788702928870293,0.0,0.4592833876221498,0.9727272727272728,0.2770883092648421,0.2139606950859606,1.0218995314042163,-79.72564866739039,0.0614325452131096,0.0,False,True,False,False,mitotic,6,off_axis,135.8786154315534,13.61
961,7.254789081885827,16.953222878411996,265.4741507196041,4.726742669999999,1.0410968122258812,0.6451612903225806,0.0,0.5048951048951049,0.9718640093786636,0.1474291446485846,0.107974574699596,1.097216239225468,-79.03132546977017,0.0630394973499312,0.0,False,True,False,False,mitotic,6,off_axis,135.9588490448224,13.61
1327,9.346114471847423,17.977548022336247,265.7279843648228,5.041076921999999,1.0636814163058728,0.6789204281060959,0.0,0.4927536231884058,0.9901574803149606,0.2304513586388802,0.203709761611983,1.088570363752648,-79.49525920761246,0.063475903434514,0.0,False,True,False,False,mitotic,6,off_axis,135.46043901536837,13.61
646,5.130240357741815,29.21545354946963,288.9943427054221,4.196596842,1.0006208469200688,0.6914477361654556,0.0,0.4547101449275362,0.9895348837209302,0.2254784038652761,0.2148821643021977,1.090988422516614,-104.60696013056707,0.0635871403064538,0.0,False,True,False,False,mitotic,6,off_axis,147.2244458500622,13.61
1526,10.933973273103518,21.42988543195922,267.3423719932257,12.463118513999998,1.43828860098174,0.4927536231884057,0.0,0.6589981447124305,0.9627994955863808,0.2218865998921108,0.0881736602751756,0.8853877684482101,-81.80072661999722,0.0640638135151571,0.0,False,True,False,False,mitotic,6,off_axis,134.405696202183,13.61
4,1.9196519786696171,21.473953791748745,266.07572579848573,41.79003507,2.152755506434315,0.8931237721021611,0.0,0.5220588235294118,0.9981707317073172,0.1639129001547215,0.8164640495763715,1.0218389498514748,-80.57179208068678,0.0647511493873747,0.0,False,True,False,False,mitotic,6,off_axis,133.4141547601088,13.61
709,5.951557415155706,30.868520920502014,282.5056100418405,5.045768477999999,1.064011291165385,0.7624360762436077,0.0,0.4657534246575342,0.9984508133230054,0.185478657429332,0.2888078383375551,1.0835225157880637,-98.61211131976391,0.0648438266254031,0.0,False,True,False,False,mitotic,6,off_axis,140.88155804531408,13.61
834,6.214887063655012,31.19473644763821,280.3789707905543,4.569575543999999,1.0294274643490997,0.73305954825462,0.0,0.4692307692307692,0.9943502824858758,0.1151242983016942,0.1330067072458345,0.9944102619908948,-96.60192536962181,0.0664223805297308,0.0,False,True,False,False,mitotic,7,off_axis,138.92969071431335,13.61
425,3.234455219623453,31.910031774102364,283.61061985168465,12.336446502,1.433399196899953,0.7976801673321925,0.0093109869646182,0.5855263157894737,0.998916282850176,0.0522343844503112,0.1284102600037496,1.1779195833560472,-99.91173860595929,0.0670466976651879,0.0159019103215952,False,True,False,False,mitotic,7,off_axis,141.238110611816,13.61
538,4.5561205033686125,28.693263836277435,292.10599734333505,18.454235526,1.6393404307144428,0.560823693911275,0.128185717890487,0.5950795947901591,0.9901373723141952,0.1861035950896584,0.1435618224698488,1.0389260540459069,-107.53876817404552,0.0672232989752389,0.2154093654239459,False,False,False,False,pachytene,7,off_axis,150.13313659434198,13.61
578,4.345226917057894,32.32062942096924,285.631843661972,4.496856426,1.023937552413636,0.5868544600938967,0.0,0.5631313131313131,0.8567251461988304,0.2099182879743137,0.0649262370747488,1.0684154430116009,-101.97410111722758,0.0675844738916407,0.0,False,True,False,False,mitotic,7,off_axis,142.72156319878582,13.61
686,5.297420464316446,32.5517859415299,283.4868435941537,5.456279627999999,1.0921174255877149,0.7214101461736888,0.0061349693251533,0.4922839506172839,0.9827044025157232,0.2212218981748486,0.2616599551922238,1.1263783705018715,-99.92594012635645,0.0686201498971202,0.012462257437929,False,True,False,False,mitotic,7,off_axis,140.78709718584918,13.61
962,7.0537353735373705,29.07440711071196,292.6995635913579,5.212318716,1.0755917226718068,0.6242124212421243,0.0,0.5353293413173653,0.9612403100775194,0.347488833066978,0.212223476061858,0.9757637940216984,-108.19930919467754,0.0687353654330948,0.0,False,True,False,False,mitotic,7,off_axis,150.43489392224032,13.61
707,5.528259815802259,17.516619437712464,262.7541212312155,4.839340013999999,1.049298799195898,0.6761997091614154,0.0,0.5164670658682635,0.9664292980671414,0.2569534671147744,0.2255125269364448,1.0677821421711708,-76.49103437165591,0.0691273126851714,0.0,False,True,False,False,mitotic,7,off_axis,133.57526627334346,13.61
335,3.013001912045993,32.46207944550746,286.9157249522004,14.722102727999998,1.520408929218039,0.8389101338432122,0.0334608030592734,0.5311572700296736,0.9957319675629536,0.1453164859278782,0.420503063739051,1.1415896274481636,-103.25896752743989,0.0699543913822111,0.0629960370445539,False,False,True,False,TZ,7,off_axis,143.73434172565666,13.61
200,2.0031802412029176,17.596750574095523,263.65433491865093,113.591953872,3.00436702628676,0.8065422104741451,0.0998366484097241,0.6039709649871904,0.9996291964973332,0.0804039764293432,0.2440020223283603,0.9597036412260777,-77.3879257395092,0.0702432762884926,0.1653004104457928,True,False,False,False,pachytene,7,off_axis,134.18180431702473,13.61
460,4.056810631229276,33.28650872092965,280.30922902823926,5.648633424,1.104803209965787,0.7657807308970099,0.0,0.4698581560283688,1.0,0.0953262431677868,0.1476330532327893,1.0530987906292577,-96.97442734350392,0.0717625147189948,0.0,False,True,False,False,mitotic,7,off_axis,137.71903456520056,13.61
687,5.559894657637351,33.637295485327094,281.7565884875826,6.235077924,1.1417852423088526,0.7686230248306998,0.0,0.4780487804878048,1.0,0.0838170210081333,0.1289991458558655,1.025623629388206,-98.46320439471684,0.0718030396922158,0.0,False,True,False,False,mitotic,7,off_axis,138.74460709514523,13.61
539,4.992237275723154,32.76418022702269,288.3871566459152,6.406319717999999,1.1521437455307786,0.7539362870743318,0.0,0.5044642857142857,0.9944954128440368,0.1392699476827254,0.2076785555633332,1.0979075164979597,-104.76101976493088,0.0719829717401141,0.0,False,True,False,False,mitotic,7,off_axis,144.82731623581057,13.61
1491,10.295919508105133,32.60901498043504,274.4085907210728,4.196596842,1.0006208469200688,0.558412520961431,0.0,0.5481012658227848,0.4991243432574431,0.914921965095396,0.0777100408625727,1.0655757146543114,-91.06348943302956,0.0731610982159513,0.0,False,True,False,False,mitotic,7,off_axis,133.19833474424104,13.61
765,6.447058823529399,17.259248611765024,260.7966439058832,4.98477825,1.0597068573680477,0.5675294117647058,0.0,0.5168661588683352,0.9531459170013388,0.0722797759796567,0.0345273088360835,1.053883279000944,-74.52326831510548,0.0737768484095976,0.0,False,True,False,False,mitotic,7,off_axis,132.32536271737374,13.61
525,4.288213363923199,34.38247028964708,287.4606403068554,16.359455771999997,1.5748048641907466,0.8685116145683969,0.0139784946236559,0.5572519083969466,0.999098611862268,0.0326329405883987,0.1200657198396527,1.1020697960525885,-104.19622638558602,0.0742112205115015,0.0250846958314922,False,True,False,False,mitotic,7,off_axis,143.1944775367202,13.61
870,8.586687888872582,31.60474034872032,292.4838088554549,32.423343516,1.9781371357777,0.7210968021993922,0.0590676104466683,0.5284046692607004,0.9944141170496382,0.1937450430874165,0.2702580840475893,1.1398050022741544,-108.52146785529146,0.0748748194655913,0.1117848003298509,False,False,True,False,TZ,8,off_axis,148.93042213315837,13.61
540,4.571484184914795,35.45731459854074,285.2766927007304,4.820573789999999,1.0479407018371498,0.7343065693430657,0.0,0.4908424908424908,1.0,0.1199389699528127,0.1540014500855849,1.068192402880542,-102.28773362421973,0.0751925301048237,0.0,False,True,False,False,mitotic,8,off_axis,140.76957353714073,13.61
426,4.07403795925461,32.66910609872975,292.5458935878505,53.887212216,2.343144304129152,0.8171251958906495,0.0994640943193997,0.586527017376815,0.999407898632246,0.0733750889384448,0.1964069623672391,1.0365812005030033,-108.80639159846447,0.0757637159971888,0.169581436784009,False,False,False,False,pachytene,8,off_axis,148.43741176820848,13.61
1020,7.542355658198573,34.66935616628251,278.7849595842976,5.07860937,1.066314709221209,0.7316397228637413,0.0,0.5111876075731497,0.988477366255144,0.1694670479332311,0.2282482443620843,1.056434774564118,-95.77569514787643,0.0761504856898756,0.0,False,True,False,False,mitotic,8,off_axis,135.6874711417502,13.61
8,2.52274931477959,27.98391625553427,263.4432092979176,33.378075161999995,1.9973655713654823,0.6479021716213367,0.1010227884442849,0.6483033932135729,0.9988991330672904,0.0357975540730961,0.0443983426831604,1.0033009953861065,-79.36982668838132,0.0776008289308294,0.155826407052299,False,False,False,False,pachytene,8,off_axis,127.21471600297902,13.61
427,3.881499364675943,34.82874331639073,278.3937506988568,18.46127286,1.639548786134927,0.8764930114358322,0.0111902339776195,0.5751028806584362,1.0,0.0527775091665803,0.2330142946229728,1.1006986494919897,-95.42684472547535,0.0776892331564915,0.0194577950380074,False,True,False,False,mitotic,8,off_axis,135.27250684582648,13.61
541,4.5653365578395455,36.42044752116088,282.7402636033848,5.819875217999999,1.1158565180842892,0.7533252720677146,0.0,0.4983660130718954,1.0,0.0515176556794488,0.0813062206500409,1.0671516612424148,-100.01113570985265,0.0782538919157332,0.0,False,True,False,False,mitotic,8,off_axis,138.10223550379257,13.61
1328,9.579835191468671,19.39719670382885,259.44916010664275,4.839340013999999,1.049298799195898,0.6926805622879302,0.0,0.501577287066246,0.9835111542192048,0.2549912082210103,0.236916027258007,1.100352788792384,-73.65643291764154,0.078889283892938,0.0,False,True,False,False,mitotic,8,off_axis,129.87707483838702,13.61
1406,10.078568041725513,35.17540608108007,280.4342101351368,19.788983208,1.6779471979619214,0.4711948790896159,0.0580658783783784,0.6415601882985877,0.980084745762712,0.1017264402741544,0.0513390584168256,0.9968339635678874,-97.49454184302205,0.0797586944055156,0.0905072968015185,False,False,True,False,TZ,8,off_axis,136.80281152567687,13.61
428,3.599535747446611,36.1916075208916,289.0494821727019,5.052805812,1.0645057202751893,0.7298050139275767,0.0,0.4879725085910653,0.9923599320882852,0.1303589876726366,0.153842790979734,1.1473938293533164,-106.13054458296895,0.0801266896513704,0.0,False,True,False,False,mitotic,8,off_axis,143.63803924368867,13.61
336,2.8983556722398403,37.7138700290187,287.20946003869034,16.976395385999997,1.5943571879751186,0.883377089954401,0.0151691948658109,0.5296208530805687,1.0,0.0370340536002329,0.1632340513874543,1.126234801546154,-104.65251711132683,0.0815334194462204,0.0286416117824259,False,True,False,False,mitotic,8,off_axis,141.28254672473446,13.61
1055,8.229066410009555,36.48959509143433,277.6114668912432,4.874526683999999,1.0518357984308309,0.7641963426371511,0.0,0.4224489795918367,0.9967105263157896,0.0812547658619606,0.1157858731011021,1.0842694176509844,-95.01201340352652,0.0816122115133244,0.0,False,True,False,False,mitotic,8,off_axis,133.71581998418404,13.61
461,4.190481355932127,37.54741175593352,280.12045374915186,17.300112749999997,1.604427540180084,0.8949152542372881,0.0051347881899871,0.5264516129032258,1.0,0.0200081831912003,0.102171269639856,1.0594455838991323,-97.6875430962635,0.082020560509257,0.0097535805079412,False,True,False,False,mitotic,8,off_axis,135.27980511810733,13.61
647,5.60811504879307,37.04456567796639,278.34604630200505,18.268919064,1.6338345694114016,0.885336414997432,0.0110741971207087,0.5363941769316909,0.9998432356168678,0.0536219882975944,0.2448760679367443,1.0793499258646446,-95.84702339351412,0.0826158866374214,0.0206456326279602,False,True,False,False,mitotic,8,off_axis,134.03907136111056,13.61
835,6.043614568925731,35.32372517289128,292.9170477178419,5.087992482,1.066971004022519,0.5776855693868141,0.0,0.5655021834061136,0.9773030707610146,0.2379840005068412,0.1305449321390122,1.0625782254302456,-109.72847056025829,0.0836746702389914,0.0,False,True,False,False,mitotic,8,off_axis,147.42203476932372,13.61
1135,8.349626467449388,35.93872508004231,292.2545812166482,6.593981958,1.163285679360707,0.7061543934542867,0.0,0.5411622276029056,0.997364953886693,0.0999922260694701,0.1207136056224506,1.112020363146092,-109.21043542124882,0.0853235823924275,0.0,False,True,False,False,mitotic,9,off_axis,146.54189624732305,13.61
648,5.220172648796063,39.527581008631806,282.9518820081775,5.163057378,1.0721925388030649,0.7687414811449341,0.0,0.444007858546169,0.9984836997725548,0.1005659206885233,0.1560051937660116,1.0928194662306998,-100.87259170671443,0.085904273030535,0.0,False,True,False,False,mitotic,9,off_axis,136.69010844846898,13.61
1527,11.111766626755566,23.46397833895616,258.1215504190694,21.550662486,1.7263307457140218,0.7745727658648089,0.201003086419753,0.4611298889425398,0.9973399538925342,0.0901971682290078,0.2079063558846292,0.9905751230573868,-73.21537741631018,0.0864176582730908,0.435892557042208,False,False,False,False,pachytene,9,off_axis,126.13887984796018,13.61
836,6.401357027463693,38.92826878836826,280.58287017770544,7.260182909999999,1.20121196923762,0.7030694668820678,0.0,0.5690968443960827,0.995855535820012,0.1382373780749548,0.155508488737199,1.064848784689234,-98.4304897371247,0.0873490834985965,0.0,False,True,False,False,mitotic,9,off_axis,134.95734142984097,13.61
580,6.177485493230294,40.559177437137,284.99156521277007,24.25534452,1.795724106344681,0.658413926499033,0.0507927976350442,0.5812570781426953,0.9980824544582934,0.1021708673480525,0.0999317209597955,1.032684768237622,-103.08382657311105,0.0880686732645226,0.0873843941777771,False,False,True,False,TZ,9,off_axis,137.94472114659155,13.61
1554,11.101160092807676,31.774145794663617,261.48576421113665,8.088242544,1.2452460866769202,0.5223317865429234,0.1575447570332481,0.3642987249544626,0.7698658410732714,0.1032613980468638,0.1931145932932891,0.9664556129615584,-78.25480947879267,0.0884605997974011,0.4324603580562661,False,False,False,False,pachytene,9,off_axis,123.3128738254164,13.61
429,3.650751395448697,39.94191421210815,278.98526406183043,5.463316962,1.0925867498507214,0.6775440103048518,0.0,0.5086551264980027,0.999128160418483,0.0341147804263317,0.0317679301363434,1.023262129256642,-97.08228613974718,0.0885217042559724,0.0,False,True,False,False,mitotic,9,off_axis,133.06586222280112,13.61
579,6.138439236530567,40.68974126600617,278.04265353950274,9.709175142,1.3234206554688357,0.7552548924861078,0.0029527559055118,0.437314906219151,0.9968404423380728,0.096484966099617,0.168203962551469,1.0167798905837058,-96.31837732747151,0.0915009148297539,0.0067520129396917,False,True,False,False,mitotic,9,off_axis,131.87285528336358,13.61
1056,8.341401489505625,41.01257574475216,282.86352364590493,13.858856424,1.4900914704773247,0.491198375084631,0.0,0.649035262807718,0.9994848016486348,0.0473620897206978,0.0303589106874887,0.9947199905596086,-101.09906367049241,0.0925490621822988,0.0,False,True,False,False,mitotic,9,off_axis,135.87067354903095,13.61
1375,10.15032119914316,40.5386669967877,280.852757963062,17.527653215999997,1.6114310251952746,0.5239561027837258,0.0519722814498934,0.6384593758785493,0.9977246871444824,0.0831725905613414,0.0666603142301226,1.0111965081602563,-99.03358667605512,0.0926920137689201,0.0814026442612377,False,False,True,False,TZ,9,off_axis,134.367675704964,13.61
871,7.053627019089504,41.29569647577059,279.3503876651991,7.987374089999999,1.2400479306657988,0.7897209985315712,0.0,0.3910614525139664,0.99770009199632,0.1167727698653212,0.227635181122832,1.0242456673483027,-97.72441961960098,0.0935093520294082,0.0,False,True,False,False,mitotic,10,off_axis,132.68874409981197,13.61
542,4.615935977731399,39.947250104383976,293.8750646137756,6.741765972,1.1719120534855454,0.5720250521920668,0.0,0.5154471544715448,0.9877474081055608,0.1138713662330079,0.0984767657140488,2.9102398692729072,-111.63903512480847,0.0935969688157176,0.0,False,True,False,False,mitotic,10,off_axis,146.02949919141895,13.61
390,3.4156555772994137,42.94847377690817,286.83134195694555,5.99346279,1.1268421096378167,0.7131115459882583,0.0,0.5429740791268759,0.999302649930265,0.0843970236856348,0.1181165815966337,1.149220884826064,-105.38567131309448,0.0942110285127748,0.0,False,True,False,False,mitotic,10,off_axis,138.4025417473857,13.61
498,4.243696221474058,43.38211144781204,282.0489758698078,6.270264594,1.1439290423900343,0.7949869060980173,0.0,0.4872262773722627,1.0,0.0571858222408596,0.1089736418444583,1.052524773587767,-100.80199257121626,0.0957063891238687,0.0,False,True,False,False,mitotic,10,off_axis,133.99764844379683,13.61
994,8.401569066966061,40.26844039787009,292.61394021855006,41.86040841,2.153963223661805,0.6179321938918465,0.1182100362131401,0.5162804341449105,0.988200189882002,0.1426673419544493,0.0895592971427387,1.996989534003592,-110.4738803766396,0.095768502015977,0.2289647803696562,False,False,False,False,pachytene,10,off_axis,144.76540131233637,13.61
7,1.3256437768240346,25.610858369097954,253.8398613733917,4.372530191999999,1.014412835777203,0.6223175965665235,0.0,0.515625,0.99288256227758,0.1840764472929355,0.1792832423036054,0.942827537183346,-69.48207162093016,0.0958339618394526,0.0,False,True,False,False,mitotic,10,off_axis,121.5353595873864,13.61
543,5.157538476154174,43.03884287003724,290.1934768050607,98.766636912,2.867525039390572,0.7726819304579138,0.1654168119986048,0.564517814230488,0.9990466101694916,0.0628183882928137,0.1369025633222119,1.9468636327945457,-108.69138715456486,0.0971800349224388,0.2930231922336936,True,False,False,False,pachytene,10,off_axis,141.33141560688077,13.61
1099,8.595324803149452,44.05366321358378,286.06886267225025,85.79917612799998,2.736097081047013,0.7679352580927384,0.2229241050993317,0.5311027332704995,0.9997892163062264,0.1275174937758701,0.241766837111534,2.2101710119089435,-104.8731373657719,0.0986071414542927,0.4197381996635154,True,False,False,False,pachytene,10,off_axis,137.2091767905585,13.61
1525,10.842798440629808,19.717921936572512,251.14413221999337,66.79133699399999,2.516964996872593,0.756295437783163,0.2702702702702703,0.4944516500936734,0.998060082030817,0.1107381417877467,0.2264208872764382,0.9389556329100254,-65.60536487264385,0.0989662387369223,0.5466060639479469,False,False,False,False,pachytene,10,off_axis,123.73240172723348,13.61
649,5.385074626865708,43.95713805970203,277.4154788557233,5.658016535999999,1.105414611977669,0.7839966832504146,0.0,0.3992322456813819,0.9979757085020244,0.0705701659309662,0.1141954029649919,0.9998609264407378,-96.39362853007658,0.0996926976316393,0.0,False,True,False,False,mitotic,10,off_axis,129.6796515024849,13.61
282,2.618704663212356,44.18983315591214,291.88411754357816,99.60173387999998,2.8755842515214693,0.7744229863400848,0.1239367053873593,0.5998120693255377,0.9993793531480588,0.1113349514659572,0.2287016405699048,1.8033239341310972,-110.58656618644288,0.1006615895697457,0.2066258945518064,True,False,False,False,pachytene,10,off_axis,142.30880355340076,13.61
364,5.35888714298934,46.275476869397686,283.50498186523805,152.273833092,3.312675458157669,0.8202390855593554,0.2298198138736716,0.5741708801096923,0.999811735174145,0.052485959825013,0.148136504225032,1.7170926180517745,-102.83487302932683,0.1024031261826848,0.4002637922525186,True,False,False,False,pachytene,10,off_axis,133.90459682226725,13.61
462,4.175367096194159,45.45442196583763,278.66255313155654,7.827861185999999,1.231737514527904,0.7473778843272401,0.0058962264150943,0.5539739027283511,0.997534516765286,0.0496293621421223,0.085174910535345,1.0657916275389772,-97.9281506555474,0.1039783024847681,0.0106435093531574,False,True,False,False,mitotic,11,off_axis,130.0310970337705,13.61
995,8.290260218666045,46.01474324109288,278.2252373088115,79.59928487399999,2.6685387826047826,0.7800371319954027,0.1606881817159563,0.6177652733118971,0.9995715876959986,0.0900571717300012,0.2035272635066016,2.068809338122907,-97.61869380550415,0.1053145513952628,0.2601120339032526,True,False,False,False,pachytene,11,off_axis,129.377371641655,13.61
391,3.2018329938900303,46.9368481815531,279.9854818009864,16.124877971999997,1.567241569893737,0.8690718649985453,0.0066225165562914,0.5755555555555556,0.9992720655141036,0.0972725796681355,0.3899687067881807,1.2416833184278042,-99.53369465059204,0.1055424055447065,0.0115063028970314,False,True,False,False,mitotic,11,off_axis,130.4846134928117,13.61
644,5.181561822125861,20.55943942516273,247.79222066160648,4.325614632,1.0107716959191504,0.737527114967462,0.0,0.4297520661157025,0.9839195979899498,0.1791730203594239,0.2005391209062946,1.078408382504087,-62.505965578774585,0.1058405855858827,0.0,False,True,False,False,mitotic,11,off_axis,120.80651116541016,13.61
1510,10.675457846543534,46.20453903931148,287.23258376617764,59.43263140799999,2.4209107746119223,0.7356330912535523,0.1064567769477053,0.6258584652134965,0.9981060606060606,0.3001244987372142,0.5866208366525796,1.1662454263807778,-106.46387074822876,0.1062377724099779,0.1700972070600502,False,False,False,False,pachytene,11,off_axis,137.24908709875686,13.61
1446,10.163185622478382,44.67857745105354,291.76194605627944,125.564804784,3.106417128189085,0.7613398595127784,0.1552043380505224,0.6028180039138943,0.9993359526312876,0.1098598299644604,0.259995225872959,1.3793147076483652,-110.57010151705208,0.1073669917728497,0.2574646693410498,True,False,False,False,pachytene,11,off_axis,141.97961315689483,13.61
1407,10.270998330551391,46.894955879798935,281.3164495091847,35.12802555,2.0316787750992376,0.737228714524207,0.047676669893514,0.5583227445997458,0.9998974989749896,0.1845886255761702,0.3764427771255241,1.6832082840200704,-100.82596555397615,0.1078889961436596,0.0853926700186517,False,False,True,False,TZ,11,off_axis,131.67947806691166,13.61
737,6.335583281347335,46.74571208983075,274.5650718714928,37.60282134,2.078311340198173,0.6736743605739239,0.05849532037437,0.6425157713630281,0.9973368841544608,0.2184621983433868,0.304158201747653,1.1461709036414451,-94.19466931752063,0.1082953744375452,0.0910410654205086,False,False,True,False,TZ,11,off_axis,125.82390048652647,13.61
337,3.730334000632375,49.07118719313088,287.3459128437635,133.58267398799998,3.171177181408364,0.843044287570681,0.1880450581395348,0.5970015663459387,0.9999319156662052,0.0442233280189348,0.1500550199034535,1.6670448753546658,-107.17857974944575,0.1090009240095954,0.3149825205493183,True,False,False,False,pachytene,11,off_axis,136.07496523695625,13.61
10,1.1740803621958036,31.05586774193522,249.63051935483853,4.144989726,0.996502248645276,0.4923599320882852,0.0,0.5641025641025641,0.5957066189624329,0.8135347951214075,0.1032212493068848,0.9696664880642856,-66.5143136873692,0.1117711710629926,0.0,False,True,False,False,mitotic,11,off_axis,114.74937083806776,13.61
1511,11.420474777447827,47.90372060194896,288.80944966087344,11.067380603999998,1.3824584224164769,0.701780415430267,0.1077996195307545,0.2132196162046908,0.9640675530003592,0.4794946655249444,0.735347695229398,1.098355937779605,-108.36331713925819,0.1118430704842391,0.5055802155992389,False,False,False,False,pachytene,11,off_axis,137.9018693680915,13.61
365,3.0554205231386584,47.7627405633791,273.7885537062385,29.14629165,1.909112695445042,0.5859959758551307,0.1402306535183018,0.557542768273717,0.9864559819413092,0.1611428868195112,0.1194083488255633,1.0597198617783945,-93.64983849387177,0.1126814977991678,0.2515155096576516,False,False,False,False,pachytene,12,off_axis,124.64944009136178,13.61
430,5.206893417440794,49.78667885800572,277.0583465378203,129.038902002,3.134806100238848,0.8301005290043447,0.2186925263333891,0.5224695056708752,0.999605396206871,0.059963941466034,0.2018810820084433,1.7382127043850637,-97.2726342713325,0.1137393810697136,0.4185747186385121,True,False,False,False,pachytene,12,off_axis,126.56475369776444,13.61
13,2.333712127378952,49.75193176334503,291.2409055288794,144.08472209399997,3.2521939779205047,0.8337430604171077,0.1921525195791472,0.5598315707011359,0.9996541811658416,0.0414928380881183,0.1287677494965391,1.6128871445893302,-111.12957012742193,0.1138737301907029,0.3432327321921028,True,False,False,False,pachytene,12,off_axis,139.30169024983746,13.61
1376,9.831529028547973,50.0953747892318,280.74543737784126,195.881846112,3.6027588447483283,0.7893993102126844,0.1441086289969338,0.6485841009894234,0.999783531762551,0.1179311416780624,0.3119349246608854,1.3529297633309647,-100.94200845233755,0.1157751971745524,0.2221895800052673,True,False,False,False,pachytene,12,off_axis,129.70393531425717,13.61
1350,9.60725872043914,49.90581602136336,291.1814366097319,152.85793181399998,3.31690568973364,0.8103831929162255,0.2029929691027543,0.5536581417934606,0.998678630037723,0.0518805736029391,0.1494473457180347,1.4114861067525086,-111.10385503740139,0.1169934461535198,0.3666395448375431,True,False,False,False,pachytene,12,off_axis,139.18296297036503,13.61
1196,9.48281671886896,50.12312785182191,274.1581292990477,108.59779251,2.9596757173907378,0.8323577060157684,0.1669171318162301,0.5693853884808658,0.9999141164009048,0.0549821334321277,0.1979656734105876,1.9303390467973116,-94.50838785508293,0.119436191462087,0.2931531704063729,True,False,False,False,pachytene,12,off_axis,123.84335981364264,13.61
431,3.669349503858916,52.5275597298786,294.00882800440627,8.510482583999998,1.2665486004089814,0.6334068357221609,0.0,0.3917293233082706,0.9916237113402062,0.1086795911703669,0.1245143468811251,2.540523327561107,-114.4201193586218,0.1214991959521315,0.0,False,True,False,False,mitotic,13,off_axis,140.69053528178992,13.61
936,7.554528064709735,51.10897009345943,270.3013543613744,85.84140013199999,2.736545842262384,0.7958955019948626,0.1295886260342617,0.6049002543847904,0.9996910719802286,0.0279457198466716,0.0783435013636104,2.172932414457955,-90.9458611924933,0.1232507406581828,0.2142313961597832,True,False,False,False,pachytene,13,off_axis,119.9805454432825,13.61
1408,10.038559562330471,53.319534414716095,283.1668495196357,140.638774212,3.2260578757158287,0.8090035694032092,0.1769568029900093,0.6271941315168981,0.9998179211143228,0.0327629050841312,0.0996898055332781,1.6040194907726333,-103.98831737408362,0.1239708502486659,0.2821403997547476,True,False,False,False,pachytene,13,off_axis,130.47624570763807,13.61
283,3.0129731473738777,55.77061983369198,287.06902810947827,159.951564486,3.367440733906087,0.8417880241101676,0.1997626288850975,0.5661846496106785,0.9998851696618246,0.0406923270243861,0.128609797956367,1.7945711812804257,-108.3192941834629,0.1252117068105787,0.3528224034728933,True,False,False,False,pachytene,13,off_axis,133.03362448403303,13.61
14,2.208924760790155,55.75355494252084,279.39050157635,136.30846802399998,3.192601714173789,0.8057582432711503,0.1414118363000152,0.5894391778151856,0.9998099401311412,0.0204688012132248,0.0497920867476565,2.104670002302772,-100.80950373131117,0.1269191395144142,0.2399091231501986,True,False,False,False,pachytene,13,off_axis,126.02658673021577,13.61
1022,8.331061735759077,54.65099247315729,289.9091477371109,62.923149072,2.4674059822142067,0.6836415150611392,0.2284753159378125,0.5334668866368135,1.0,0.0544730117226191,0.0904799565847836,2.0389093344209903,-110.85979777680204,0.1274457705543772,0.4282839697477971,False,False,False,False,pachytene,13,off_axis,136.08497399006754,13.61
610,5.5681807606499545,54.38451339418609,281.84352224335686,171.40365268199997,3.445962030092554,0.8391930914614953,0.1892637825156972,0.6217021276595744,0.9998589513029372,0.0605384420140933,0.2091100408566673,1.592577129854257,-102.91905146343629,0.1279120832778199,0.3044283976125178,True,False,False,False,pachytene,13,off_axis,128.8275027552777,13.61
1351,9.750580514891414,54.54419341241657,293.83337142856857,9.293972436,1.304280266694834,0.7544169611307421,0.0,0.4953751284686536,1.0,0.1194002080715586,0.2566251331469876,0.8353863974220297,-114.67344948348826,0.1298422506572862,0.0,False,True,False,False,mitotic,13,off_axis,139.73929899769286,13.61
1409,9.545275298261124,54.60363749028551,272.50621429582174,135.865115982,3.189136573919876,0.8706814689480136,0.1100285171102661,0.6679572763684913,1.0,0.0990165044981395,0.4679792595119347,1.7113548404748524,-93.83746654270668,0.1309167930456047,0.1647238843005983,True,False,False,False,pachytene,14,off_axis,120.31781283883106,13.61
499,5.4918581024233335,55.37658051173243,270.08849776358807,181.251228726,3.5107301584557304,0.868469074766718,0.1809316569954867,0.5989373216569911,0.999904134977951,0.0621370316847934,0.278751717342572,1.521364070568131,-91.63684914984256,0.1338576482679699,0.3020877985945673,True,False,False,False,pachytene,14,off_axis,117.81045899232683,13.61
1377,9.88872317991594,56.85926650109621,276.6374743822869,184.657298382,3.532585017674784,0.8377901142036865,0.2240991675274959,0.5949565353590728,0.9997842287838802,0.0470617076862627,0.1589076771144988,1.6909242538350606,-98.35120625906657,0.1347996093956347,0.3766647716412525,True,False,False,False,pachytene,14,off_axis,123.06352958858075,13.61
463,4.047890167575265,59.19623773470577,283.8696058752308,11.618638434,1.4050406067472383,0.8316172016959419,0.0,0.4280575539568345,1.0,0.1815729915872609,0.6378407351454592,2.5733165357643246,-105.91336026742113,0.1367511828134509,0.0,False,True,False,False,mitotic,14,off_axis,128.7529453149572,13.61
1556,10.740451745379966,55.50884254620156,268.3282607802852,11.423938859999998,1.3971480221179104,0.7468172484599589,0.1341292134831461,0.4639091646390916,0.9966487935656836,0.2873229540221085,0.4681745553683357,1.2170919397287212,-89.94398157470673,0.1371442122965323,0.2891281822110474,False,False,False,False,pachytene,14,off_axis,116.18133591660474,13.61
937,8.029964136524024,58.728277071549165,282.9269762495163,174.64082632199998,3.4675206500437654,0.8580101814665073,0.1577563540753724,0.5890644215306026,0.9999323673131224,0.0553351459950347,0.2168213959973827,2.064174790714201,-104.89329996975032,0.1378527550810483,0.2678083216526036,True,False,False,False,pachytene,14,off_axis,128.06348587342347,13.61
1197,9.897703339265556,54.87546375588622,265.2454872668422,112.04608617,2.9906759657094133,0.8336438815031927,0.1361165470754511,0.5791593254467656,0.9998624749016696,0.0240612487369643,0.0785617838729355,1.83686486817573,-86.79696017932949,0.1394195940143902,0.2350243552936843,True,False,False,False,pachytene,14,off_axis,113.74287203533466,13.61
251,3.3313454955026143,60.90104453813884,279.8393210975415,158.28606210599995,3.355712058105051,0.8762985906308817,0.1520723283218203,0.4922726728165808,0.9999450166782744,0.0564454860793795,0.2516852849667905,2.2356345346714077,-102.33268381894163,0.1396300420207318,0.3089188913366353,True,False,False,False,pachytene,14,off_axis,124.37705581599786,13.61
1549,11.184772944317958,58.43065851747,269.5278651529648,71.234240526,2.571580139546675,0.7451180557842394,0.2531840988035507,0.427906976744186,0.9982895018174044,0.2181515044273225,0.365569478054211,1.1710557151429135,-91.73220864192153,0.1429841740378233,0.5916802308996023,False,False,False,False,pachytene,15,off_axis,115.96047702346638,13.61
366,5.499250738200673,58.90290949321192,274.060325451832,243.888192882,3.87585381811879,0.8173109292192865,0.1772859184822627,0.6183531641571023,0.9998838799576808,0.122060347149799,0.3640743806314908,1.9027754772058512,-96.26243595327524,0.1437734059141737,0.2867065760453042,True,False,False,False,pachytene,15,off_axis,119.86954460549475,13.61
1200,10.735529814756047,61.34621210618662,278.9054141794786,52.045776486,2.316144376941529,0.7495830891963762,0.1437817845584835,0.5795536357091433,0.9995835935873412,0.0620608985844063,0.1139931603235326,1.381976930294182,-101.51352129965626,0.1458814535028345,0.2480905574555697,False,False,False,False,pachytene,15,off_axis,123.34391467719935,13.61
231,2.418606348048115,58.89313303538835,271.98681681867976,12.859554995999998,1.4533797681228753,0.811929952572054,0.0736747529200358,0.4655674102812803,0.999749687108886,0.1619969739631561,0.4420323849028185,1.8699340252332417,-94.23340398819688,0.145976623837026,0.1582472297094937,False,False,False,False,pachytene,15,off_axis,117.98867642010956,13.61
1060,8.32785303576637,62.59159149205715,275.2669082740311,144.42016834799998,3.2547158524471094,0.8366793359971413,0.1479535632573511,0.5696668324216807,1.0,0.0430727570508527,0.1507831415109548,1.9815062425098595,-98.21904229080862,0.1494566227950871,0.2597194620378256,True,False,False,False,pachytene,16,off_axis,119.50581925029542,13.61
211,2.2177439595245976,61.60252763380844,270.23479246061174,117.76509293399998,3.0407169144030983,0.8076608967591579,0.1561653412566634,0.52516570008285,0.9994454610990962,0.0323028143454011,0.1140698120566237,1.9621342480905355,-93.09149519895044,0.1507715018706056,0.2973639390996535,True,False,False,False,pachytene,16,off_axis,115.27357708500251,13.61
1137,8.930540639941645,55.2402312854013,260.55633519125234,127.56340763999998,3.122811962125657,0.8653916881206326,0.12513445679455,0.5730874316939891,0.999977247389138,0.0305809957796936,0.1402146763668061,1.681142104258588,-82.28989439053736,0.1509626732789545,0.2183514240133745,True,False,False,False,pachytene,16,off_axis,109.45090644749583,13.61
1410,9.894748862171866,59.52147577037736,262.7137781814542,143.79853717799998,3.2500393526404534,0.8702141890018107,0.1461687057308435,0.5977878330819507,0.9999799951988476,0.0604902189566625,0.2536950670922908,1.450897582947015,-85.30085700209352,0.1521389207524655,0.2445160266599224,True,False,False,False,pachytene,16,off_axis,109.35986242610159,13.61
1378,9.721341048846174,61.913321717254206,267.07537921647577,155.26000848599998,3.334189903766139,0.8162025775454395,0.1672941337531658,0.6272092067406494,0.9995333644423704,0.0356475586349482,0.0989907781302246,1.618213660341304,-90.06846520182494,0.1530221814313135,0.2667278030284747,True,False,False,False,pachytene,16,off_axis,112.26498624254174,13.61
1555,11.43375224416532,37.09296873877936,237.11577744614067,10.452786768,1.3563793227951504,0.4674596050269299,0.0,0.6746734091866835,0.9865534324133052,0.3650689454542123,0.212078575802273,0.9473932446413194,-55.55229343966788,0.1532923522525694,0.0,False,True,False,False,mitotic,16,off_axis,101.51600960940307,13.61
6,1.827192281889964,25.45208109765913,228.71872606139243,73.42988873399999,2.59773444874008,0.813915599143852,0.1065950920245398,0.56068669527897,0.9996104402025712,0.1327468760341656,0.3884693071684318,0.9141863881452248,-44.89128654990891,0.1538585635124213,0.1901152513909812,True,False,False,False,pachytene,16,off_axis,104.69101233485793,13.61
9,1.4403197158080183,30.340575950670317,230.6629290004787,116.219225232,3.0273534045283244,0.7935370579686742,0.2136377613776138,0.5649623619122104,0.999767711962834,0.0460515366043158,0.0965275720745786,0.9324838320712924,-47.821725752383706,0.1574050578717694,0.3781451221892389,True,False,False,False,pachytene,16,off_axis,102.10058666560147,13.61
281,3.605129070356012,22.927778766659884,226.070439404419,55.613704824,2.367905716923436,0.7041083178673866,0.1373585833743236,0.5729151817533856,0.9994070999777662,0.1029545847616598,0.1442366786053999,1.107699942765437,-41.77063547228077,0.1585044730691635,0.2397537851134312,False,False,False,False,pachytene,16,off_axis,105.141094120358,13.61
464,4.775037454878296,60.16327384090612,261.3984295405915,233.294659434,3.8189038952135177,0.8461383769217621,0.214234363767074,0.6081557966278918,0.9999222908652912,0.023516521213047,0.091974962802313,1.3993624049762643,-84.15023815925689,0.1593885970011097,0.3522688839849309,True,False,False,False,pachytene,17,off_axis,107.89636211834491,13.61
285,5.358644414931917,63.31182614525389,266.2024050722612,146.604087666,3.271039762755425,0.7572523481127094,0.1733326068003488,0.5786698305978512,0.9984802798214932,0.1015130585511228,0.2258736006766208,1.993038719368309,-89.50970960776851,0.1625638205740636,0.2995362772261182,True,False,False,False,pachytene,17,off_axis,110.89457184309937,13.61
339,3.7578762001928334,66.74203378010321,269.07624273035685,167.842761678,3.4219316907538992,0.8607287109893642,0.1417621221255706,0.530155544405419,0.9999469599193792,0.0429948346176939,0.1681191238509195,1.973073748605728,-93.04169875228682,0.163966662301896,0.2673972263829852,True,False,False,False,pachytene,17,off_axis,112.20588474211,13.61
338,2.9811049723755607,64.83669031307518,264.9394290976036,38.21272362,2.089487582969268,0.7886433394720688,0.190644099670898,0.5079872204472844,0.999124649859944,0.1212400583315568,0.3115593107952069,1.9165333563647968,-88.59632559513236,0.1658001585466285,0.3752931018678684,False,False,False,False,pachytene,17,off_axis,109.12381714108113,13.61
1102,8.193869456388494,67.07142793273879,265.11362481869634,182.74783509,3.520366480569157,0.8606893010718182,0.1572449138064916,0.5915415092601124,0.9999839127427164,0.0428042780064293,0.1679470573633677,1.746530462027739,-89.23740913985617,0.1667872863519726,0.2658222818601018,True,False,False,False,pachytene,17,off_axis,108.41103566118898,13.61
1330,9.66290033748826,65.09987666506076,258.47210195088707,136.233403128,3.192015552691049,0.8297231214270955,0.1659075573549258,0.5983415916675093,0.9999774388593088,0.107551923830122,0.3844332150185344,1.4381617679567278,-82.32959244217616,0.1689946736090821,0.2772789985943656,True,False,False,False,pachytene,18,off_axis,103.11692448198127,13.61
963,9.248875852583804,58.11665203076052,253.2434951413157,167.14606561199997,3.417190442485776,0.8164032896398798,0.1677058149891843,0.6288029353309892,0.999962336635155,0.0412450925211892,0.1356826836184563,1.884376434990928,-75.74716053645606,0.1698688424531776,0.2667064760136773,True,False,False,False,pachytene,18,off_axis,101.66736094574988,13.61
1379,10.212943222716335,61.39302619125665,252.9183711498263,136.21698268199998,3.1918873011663025,0.8512975942413336,0.1791044776119402,0.5819339895773017,0.999736830562744,0.0875546535326229,0.3235112031276783,1.4902435123730196,-76.11957471122355,0.1747410425454898,0.3077745600356426,True,False,False,False,pachytene,18,off_axis,99.7989587945803,13.61
907,6.521676092544905,60.334136020563086,252.2468197172205,45.6253821,2.2166951365058343,0.8301799485861182,0.1009798584648884,0.5991522858007872,1.0,0.0851712594421843,0.2839188655197767,1.5857013378811955,-75.24001624150063,0.1750978848506685,0.1685378840371533,False,False,False,False,pachytene,18,off_axis,99.71387288038686,13.61
252,2.2918629497727925,67.53641199066632,261.5762518629577,95.50835127,2.835638817946664,0.8400589463342748,0.0934150076569678,0.5594287469287469,0.9999047558575148,0.0147509138362673,0.0507529432539261,1.5753361722027233,-85.87738563847935,0.1762992257073765,0.1669828520071849,True,False,False,False,pachytene,18,off_axis,104.96802338345839,13.61
1537,10.851799159316185,39.47537251143236,227.74487490876749,101.567495844,2.894378866987026,0.8613792784886138,0.1891380707916778,0.6044651782739087,1.0,0.0558111736382107,0.2420722277161831,0.9764525900425618,-46.893611034901255,0.1765781426232987,0.3129015162325387,True,False,False,False,pachytene,18,off_axis,93.3044518872874,13.61
1509,10.54080387582987,33.894771290148626,227.743415108556,52.29208317599999,2.319792346843064,0.737170285304145,0.2682652678905957,0.5171530977982591,0.997128825085002,0.1071591482191964,0.2322456550660401,1.0453971977276288,-45.716505828856,0.1771952010165263,0.5187347209805281,False,False,False,False,pachytene,18,off_axis,97.50138553980841,13.61
1204,9.844753501819373,68.63689706894039,258.822364573054,47.058652458,2.23966790163915,0.824834255520662,0.1293359762140733,0.4741035856573705,0.9998642226748132,0.1251576131205419,0.4315813813550698,1.3378582567542454,-83.41714629905518,0.1775502312168848,0.2728010926868269,False,False,False,False,pachytene,19,off_axis,102.00301654706766,13.61
611,5.69487707934649,67.058646954584,257.08270301596536,127.47895963199998,3.122122701075725,0.8299352274400118,0.2097477554510474,0.5805020558320709,0.9999271402550092,0.0734473705715664,0.2434208398211898,1.6397357843637326,-81.38403481925262,0.1790683197363181,0.3613212965290923,True,False,False,False,pachytene,19,off_axis,101.03985000087648,13.61
1203,8.996151711378348,69.4305389084192,256.6480977058281,12.678930089999998,1.4465429487103103,0.7759481961147086,0.0342902711323763,0.3137902559867878,0.6606730028255844,1.009301799214879,0.6258660010541104,1.476673144756386,-81.45887543451249,0.1804042039682605,0.1092776798455468,False,False,True,False,TZ,19,off_axis,99.6915087385152,13.61
1411,9.787821021975272,64.82461038390116,252.69413339156685,132.90005258999997,3.165766272084678,0.8451328214632424,0.1481553398058253,0.6213813540004559,0.9997530531609196,0.0678810718476133,0.2477535771712143,1.5090362884767967,-76.62330935958799,0.1829035707427173,0.23842900797071,True,False,False,False,pachytene,19,off_axis,98.02667338263004,13.61
1138,10.00459395238354,70.16728389787096,255.14036874621647,50.34743321399999,2.2906720059530543,0.7503144947118296,0.0718739175614825,0.5663370031722337,0.9931029773285988,0.1442349797343981,0.3265125379150893,1.538543500971181,-80.1401966018258,0.1835966805615727,0.1269101562477709,False,False,True,False,TZ,19,off_axis,98.01574259390381,13.61
1139,8.287694013303756,71.15534524390226,257.03937608647044,21.15891756,1.7158063827311474,0.8216186252771619,0.0720876585928489,0.4996892479801119,0.995281582952816,0.1248039781646419,0.3648447939378218,2.000505459059133,-82.20474119260196,0.1843145181997673,0.1442649784526044,False,False,False,False,pachytene,19,off_axis,99.39171601023315,13.61
232,3.213972744523084,69.86139629118574,258.97941347248627,40.795425198,2.135539546568838,0.8136967396929446,0.1147540983606557,0.5317901234567901,0.9999221001791696,0.1205045896475243,0.3502301353455027,2.4321535980650544,-83.82863859262605,0.1845483917352746,0.2157883219318193,False,False,False,False,pachytene,19,off_axis,101.67661917694498,13.61
1382,10.31152096397568,68.33898781814862,252.86361183142816,76.31284989599999,2.6312958922554053,0.6915037501536948,0.1544359255202628,0.580609804703069,0.997269730063878,0.1618772272114631,0.2602152759610522,1.14912988368194,-77.52936617409983,0.1846420485129577,0.2659891794270393,True,False,False,False,pachytene,19,off_axis,96.66814952426766,13.61
466,5.754517716686224,64.58461309087406,250.7405367672893,152.99398693799998,3.31788949690678,0.8751015777126999,0.130722441575072,0.6248465504542107,0.9999252615844544,0.052605276747238,0.2504332571041404,1.5234213789538291,-74.662997030872,0.1860941724350863,0.2092072709372371,True,False,False,False,pachytene,19,off_axis,96.39010950532384,13.61
1553,11.084620462046502,44.23865564356558,224.20468541254152,10.661561009999998,1.3653502129256154,0.478987898789879,0.0,0.6427364864864865,0.9744152046783626,0.1905450452393186,0.0837607682701053,0.9800935571818052,-44.43636681431763,0.1887762815354432,0.0,False,True,False,False,mitotic,20,off_axis,87.40112391859081,13.61
12,1.4499841590912863,47.47444638218042,231.57789290327275,96.254308674,2.843002161915004,0.8013062656885921,0.1602636728808322,0.5420090764135901,0.9992707573705596,0.0216233613788832,0.0736840744636802,0.8848199739527118,-52.32578699920751,0.1903878234259627,0.2956844817826262,True,False,False,False,pachytene,20,off_axis,90.34725277041818,13.61
1140,7.345016493381526,71.12065386446139,252.84062403858107,56.17903732199999,2.375902208329137,0.8241680237170654,0.1208768267223382,0.6043695084303016,0.9993987428259088,0.1944341577207939,0.6305619981938172,1.6896289308287398,-78.09291432292046,0.1911763300148178,0.2000048398144465,False,False,False,False,pachytene,20,off_axis,95.52630384727101,13.61
253,2.482530242616769,69.97100736635791,254.15146055280545,104.131431198,2.9185316634645333,0.8176882701448491,0.1812019425333872,0.5347831459285802,0.9992909987669544,0.1141595067505649,0.3220936615944905,2.0435587523019656,-79.13213270294983,0.1916501943528496,0.3388325602871311,True,False,False,False,pachytene,20,off_axis,97.18369799353086,13.61
1058,9.027497338375492,59.89443652116474,244.20474718970337,127.793293884,3.1246867440134567,0.8064723374573222,0.1094687051271222,0.6142464194252111,0.999800548491648,0.0537263483469621,0.1558929433557224,1.8433742652750496,-67.28580154231446,0.1920201591963113,0.1782162690171788,True,False,False,False,pachytene,20,off_axis,92.98010366000982,13.61
504,4.99166781625089,72.80288095599363,254.74900243481423,102.027268332,2.898739687309833,0.8364602014070907,0.1322435037208734,0.5577112329537467,0.9998782492238388,0.0196999909835892,0.0516995346806444,2.231546605357837,-80.31286115598424,0.1937920557195636,0.2371182359381328,True,False,False,False,pachytene,20,off_axis,96.65279848312784,13.61
771,7.759348975404647,35.43203860920784,216.22854816859945,604.7626804019999,5.24604636547501,0.8102975458575923,0.1740356684455853,0.6149835401885211,0.9998579747195,0.048737260680208,0.2045420061122746,1.0126212496654616,-34.783929724167,0.1948522654954994,0.2829924007270753,True,False,False,False,pachytene,20,off_axis,89.24805920466886,13.61
468,3.776038994356154,65.73973922524281,246.666558286301,9.143842644,1.2972192302801748,0.7775782452539763,0.0057339449541284,0.5951557093425606,1.0,0.067218407721786,0.1316878312220155,1.0363705560837808,-70.92380501022427,0.1949064817548855,0.0096343609985065,False,True,False,False,mitotic,20,off_axis,92.24045315515909,13.61
1141,8.825389845072731,75.40191863674278,254.7433683903258,92.815398126,2.8087331122130648,0.8120656102307479,0.1647759182298102,0.6051640667025282,0.99989604989605,0.0467034236608241,0.143167159019556,1.135228724744645,-80.8548988382112,0.1954772326834488,0.2722830506570819,True,False,False,False,pachytene,20,off_axis,95.71943250011701,13.61
1412,9.15365780301882,64.75049359375761,244.80887262354452,132.59040989399998,3.1633057295736617,0.8257169647754011,0.1523834107726724,0.6325246167901736,0.9997447499709944,0.1014874719455937,0.3355882266959324,1.4468204946232046,-68.89940520756421,0.1959936627709612,0.240913012280789,True,False,False,False,pachytene,21,off_axis,91.06852753098961,13.61
1239,9.323026010577433,73.01789784740163,248.94337145331048,75.84604007399999,2.6259196553964834,0.8559985154486129,0.1536084348300309,0.602233676975945,1.0,0.0957659189122148,0.3796704386928628,1.2227120741646162,-74.68282557629854,0.1995071997954088,0.2550645051956576,True,False,False,False,pachytene,21,off_axis,91.19781456132719,13.61
526,4.695580735558243,69.04567319722155,247.1821929455446,134.771983434,3.18056056698538,0.8184951177484204,0.2024474187380497,0.6105677023398542,0.999882714456616,0.0210098731773116,0.05419791149874,1.689317047969002,-72.12433590309553,0.2000461961441641,0.3315724332653341,True,False,False,False,pachytene,21,off_axis,91.22178853129928,13.61
362,4.192141803712159,32.83156223390952,210.7545725185787,84.30022398599999,2.7200697442238013,0.7545983248462587,0.2053523157325644,0.520353781607892,0.9986448028188102,0.0786860072980175,0.1122753430864127,1.115245685669391,-28.884959569153203,0.2008899266456448,0.3946398065908663,True,False,False,False,pachytene,21,off_axis,88.43004557046955,13.61
467,3.4685240698288613,65.02489742549774,243.981604919766,13.302907038,1.469893882059112,0.8922588608710986,0.0032626427406199,0.530278232405892,1.0,0.0318921009098769,0.1535450837499008,1.1189913055350882,-68.14851337941684,0.2016265806264506,0.006152699736169,False,True,False,False,mitotic,21,off_axis,90.21118687941981,13.61
1262,10.32580613799255,62.60756069287419,241.21563149041828,72.38367174599999,2.585338022398094,0.7984249927082996,0.1642031711905401,0.5694533762057877,0.9994591671173608,0.1997324095105027,0.5336368872207323,1.742711703763164,-64.93535149450098,0.2022139678313295,0.288352265614105,True,False,False,False,pachytene,21,off_axis,89.01729404323088,13.61
738,6.050728217357869,62.64658744144278,242.12649955499197,110.167117992,2.973864155690237,0.8179243676007154,0.2080940914984256,0.5732662846450708,0.9998841620572818,0.0532527098583602,0.1547745719440015,1.6581057830777115,-65.83399856405244,0.2029718505245634,0.3629972616081267,True,False,False,False,pachytene,21,off_axis,89.7793985585528,13.61
1528,10.484150943396331,57.52231487547236,232.57603184150915,31.0815585,1.9504645407751964,0.5701132075471698,0.2885335998001499,0.4266151685393258,0.9279884781565052,0.2979174096792506,0.1329415393535973,1.0509536567857778,-55.418332142490115,0.2036530276903597,0.6763322569801045,False,False,False,False,pachytene,21,off_axis,84.68955648318844,13.61
11,1.610971949901708,38.60395123844645,212.67750842702532,117.246675996,3.036248476720159,0.7766595974550838,0.1634442446043165,0.5942846904953866,0.9993824255969886,0.0765829164635553,0.1701881339656358,1.0320972417189245,-31.98082106807828,0.2037274179124399,0.2750268469276432,True,False,False,False,pachytene,21,off_axis,84.61799683830415,13.61
367,3.7726557614457863,73.81148484678988,249.19588327353836,71.27177297399999,2.572031704930505,0.8196359806470723,0.1812341252054384,0.5096715328467153,0.9986545878554132,0.1042973380918372,0.3544730650783227,2.112859852954691,-75.09685701655408,0.2050457354235684,0.3555900487382036,False,False,False,False,pachytene,21,off_axis,91.12593950802209,13.61
1021,7.929610356643882,45.730077052925935,217.72666913313705,18.482384862,1.6401735348754871,0.4537377839827389,0.1724668333012882,0.4121747211895911,0.8592548787699587,0.1311647919509472,0.0596392296927273,1.0217010375987814,-38.41793954840617,0.2058258256669793,0.4184313700838469,False,False,False,False,pachytene,22,off_axis,81.99627596913277,13.61
1301,9.830160663339813,67.6836857671952,241.7701132351385,140.603587542,3.225788808851437,0.8396035969902734,0.170992498059843,0.5898689411275224,0.9999134798408028,0.0320563149752042,0.1091245776309437,1.434081430625706,-66.54678787193289,0.2062760539753863,0.2898821859191203,True,False,False,False,pachytene,22,off_axis,87.00212286287096,13.61
287,3.1554959785522803,72.97779530831025,248.4983858445044,8.74975194,1.278308599313527,0.7672922252010723,0.1902985074626866,0.1762672811059907,0.9965971926839644,0.2039236840153563,0.457007794645336,2.494094193421827,-74.23937840132278,0.2063528195495829,1.0796019900497515,False,False,False,False,pachytene,22,off_axis,90.80360980588208,13.61
1236,8.539472681413773,69.65201039394559,245.8900375419683,129.273479802,3.136704521978755,0.8520205411094377,0.210475360635105,0.5619865113427345,0.9999534656460132,0.0589456432729254,0.2159858191535551,1.6125181407842435,-70.98891914133563,0.2081498648155421,0.3745203067814274,True,False,False,False,pachytene,22,off_axis,89.79449024171862,13.61
286,3.255671419450932,73.18457199404004,247.35030881038705,11.022810822,1.380600145678819,0.7795275590551181,0.0632911392405063,0.3349420849420849,0.9871875,0.2449808718046648,0.5239766137357139,2.135213321237096,-73.16063008333187,0.2083651142428676,0.188961441651771,False,False,False,False,pachytene,22,off_axis,89.66635338406222,13.61
288,3.198542796281892,72.60018377469217,244.7895499249713,96.90878073599998,2.849431187383398,0.8136376839659178,0.2249849003422589,0.5421483309520717,0.9998667821221608,0.0937453080811069,0.24327421985006,2.017082373561216,-70.53422856194385,0.2109571295362146,0.4149877210673338,True,False,False,False,pachytene,22,off_axis,87.55542141754746,13.61
1103,7.883479018440827,73.63702112095322,244.27730336576684,80.77686542999999,2.681633746696928,0.7983156671990708,0.2007135458625848,0.537077033837293,0.9998318550590608,0.0773613308127352,0.2275699697147725,1.8213944480541888,-70.25191140854592,0.2113398215436063,0.3737146316395849,True,False,False,False,pachytene,22,off_axis,86.66667376787125,13.61
772,6.557331561966156,39.18421641487983,210.3541114651645,123.59904282,3.0901210992552843,0.7926931106471816,0.066968480396344,0.6725258628581892,0.999846331156358,0.1354251434901102,0.4354796318115191,1.002197464719958,-29.83181451946054,0.2118562584548133,0.0995775539571557,True,False,False,False,pachytene,22,off_axis,82.8427187055024,13.61
432,5.145646549696319,65.51648464885605,239.39132210593715,99.737789004,2.876892997026064,0.8055411825579755,0.1600121914050594,0.5738993710691824,0.9999014195583596,0.0499732767533887,0.1372053568812026,1.680033008229331,-63.76481530192722,0.2121107371352945,0.2788157636537473,True,False,False,False,pachytene,22,off_axis,85.96949507270166,13.61
313,1.7831726921605588,66.18129379240646,239.7858131841677,67.415313942,2.524778698034595,0.8034726330074116,0.043360433604336,0.6651912181303116,0.9995775837792172,0.1128265858969014,0.3568965951975403,1.1057304575390303,-64.29050959374824,0.2121598767902573,0.0651849158896167,False,False,True,False,TZ,22,off_axis,85.98273620008982,13.61
230,1.7584093904653515,55.150741448856266,226.46600314590455,94.32607915799998,2.823889667947171,0.7702618686429087,0.1523215268856671,0.602403117557913,0.9982454216471104,0.0379452757618,0.0975162410618079,0.945100585455854,-48.945807560605516,0.2125708877211039,0.252856471764563,True,False,False,False,pachytene,22,off_axis,81.42452017298156,13.61
652,6.424504359336104,76.36724031882217,244.73710224154172,81.522822834,2.6898632408950878,0.7568555232641786,0.2103541725072423,0.5590532544378698,0.999555910826894,0.1013300536950957,0.1871441103612205,2.223224035093305,-71.27657249183015,0.214191374787318,0.3762685769869173,True,False,False,False,pachytene,22,off_axis,86.032957179454,13.61
1167,8.506017345691921,61.306647205911865,235.29761913093373,78.70788923399999,2.6585401211509487,0.822579203051888,0.1606034968979131,0.5729884092054426,0.999959622062505,0.0342827666545397,0.0998336916310821,1.8843241567711797,-58.87609218201015,0.2158259076226917,0.2802910047004622,True,False,False,False,pachytene,23,off_axis,84.71666093271881,13.61
470,4.753923951111232,69.21879628153468,239.65278436674532,131.27911999199998,3.1528430302035977,0.862554499320992,0.1367972169229042,0.6127145085803433,1.0,0.0431431555677025,0.1866334666377457,1.660946501170064,-64.80038405273167,0.2164415211011511,0.2232642038130658,True,False,False,False,pachytene,23,off_axis,84.41309827327461,13.61
1300,9.723271873723393,65.38488159103261,235.85410496325497,137.912980176,3.205079782422492,0.8481085862022044,0.1572291430728577,0.626875699888018,0.999913593847882,0.0204452311680244,0.0780712943823874,1.509395356928704,-60.279259728934115,0.2168014646089746,0.2508139063309431,True,False,False,False,pachytene,23,off_axis,82.9919902919295,13.61
505,3.7471163815450734,77.96533632387396,246.08425392691043,72.40009219199999,2.585533504761353,0.7809745982374288,0.1553167562164188,0.5803254437869823,0.999111734455353,0.1138297066893385,0.2674382269549198,1.1242456262505929,-72.93016428141631,0.217522488923052,0.2676373367379534,True,False,False,False,pachytene,23,off_axis,86.70971237431857,13.61
712,5.887994380808141,61.782604587203295,232.32726888913,86.83131844799999,2.7470248957725305,0.8231845688350983,0.123006833712984,0.5796791443850268,0.9998915714905304,0.0770555365004831,0.2344623886708107,1.711682716452815,-56.07267733078062,0.2187302879926001,0.2121981356487824,True,False,False,False,pachytene,23,off_axis,81.99349937088658,13.61
1136,8.120798489344443,52.56485260318328,215.1259280280532,8.695799046,1.275675736322664,0.474237928243863,0.0,0.6526423807080554,0.5676369863013698,0.7368561949707344,0.0860845040049844,0.9881501505716304,-37.31546553236097,0.2192346756995639,0.0,False,True,False,False,mitotic,23,off_axis,75.1318116864125,13.61
1234,9.108952124590616,63.36176561623032,228.9553370967037,122.00391378,3.076770133159501,0.8504133820419151,0.1959487391484083,0.5808483290488432,1.0,0.0183115213113619,0.0620772144845995,1.5739624086995998,-53.109108193229716,0.2204977475025419,0.3373492344710372,True,False,False,False,pachytene,23,off_axis,78.32467097713312,13.61
363,4.598109785868542,38.3113459510372,204.18466309897133,67.26283837199999,2.5228738011352223,0.7667224663458185,0.160095429432446,0.5773658244879654,0.9995739468498696,0.103257887893282,0.2133725094261951,1.094865878886748,-23.616939058224162,0.2214793144555257,0.2772859470413338,False,False,False,False,pachytene,23,off_axis,80.38613035429549,13.61
1263,8.744109173616241,68.48035734430897,235.49735884327492,108.29284137,2.9569027861916912,0.8121953861150222,0.1985579589572934,0.5678200692041523,0.9999109580909414,0.1115775420076547,0.3102242290665214,1.510966690661342,-60.582651193009795,0.2216991061393213,0.349684644355014,True,False,False,False,pachytene,23,off_axis,81.11810872112898,13.61
713,5.594082840236645,63.45322633136109,233.4386207100576,4.757237783999999,1.043330932408231,0.7322485207100592,0.0,0.3112338858195211,0.9953746530989824,0.2509859274023888,0.3657356871304934,1.6462899161653095,-57.51104053923752,0.2222478782813428,0.0,False,True,False,False,mitotic,23,off_axis,81.98098253259504,13.61
1447,10.395613055224576,73.6363477120849,238.5973451408539,115.49907138599998,3.0210874335031783,0.8042935191014887,0.1579867179307934,0.6299294312992944,0.9995583404642946,0.1664721337478323,0.4661873399531742,1.2124845066185566,-64.69928810437524,0.2225485180181192,0.2508006612818987,True,False,False,False,pachytene,23,off_axis,81.49733259150989,13.61
315,3.84792028733634,76.24414735835997,240.48543575772288,80.98563967199999,2.683942057830052,0.7658440505155834,0.1999999999999999,0.5658090054428501,0.9990782196470898,0.0176366423359524,0.0354198382628814,2.062975570849669,-67.09439499318962,0.2246037221360345,0.3534761696545692,True,False,False,False,pachytene,24,off_axis,82.15146641627727,13.61
1057,8.90018357916039,60.37408607963391,224.39164922454017,37.056255066,2.0681925652322977,0.7631195796670254,0.0429667519181585,0.6782469267771245,0.9974822827303244,0.092973210737318,0.178338989117148,2.524397308574058,-48.018423003497404,0.2248330624591315,0.0633497185491526,False,False,True,False,TZ,24,off_axis,76.48110939146797,13.61
314,2.9136080436556875,73.35740496498217,238.78575501440292,109.186582788,2.965014955369113,0.8478494392643836,0.1081727742097972,0.5923467946907653,0.9999171911228883,0.0648064688020554,0.265910894008752,1.8488191115877088,-64.82470393201874,0.2255203612244989,0.1826173032070998,True,False,False,False,pachytene,24,off_axis,81.78702467531043,13.61
545,4.939706835518936,64.80583284389594,230.77909259111047,94.098538692,2.8216171732891544,0.8117116218776487,0.1871502367628067,0.5830795710313783,0.9997259241495084,0.014417243347984,0.0474134636719132,1.6392717649467472,-55.19615764896572,0.2260780168276614,0.3209686054199543,True,False,False,False,pachytene,24,off_axis,79.01614193015398,13.61
714,6.7817076757179935,77.62074712283076,239.23011362611408,23.929281378,1.7876411741251732,0.8306048426624841,0.0308468872686483,0.5532407407407407,0.9989846427211576,0.1814114766767937,0.6154658504454555,1.7081652064360908,-66.1572578415753,0.2270223140184295,0.0557567167366363,False,False,True,False,TZ,24,off_axis,80.46068681264755,13.61
711,5.573906516153153,60.24289665386612,224.304874163471,81.25071258599999,2.686867125993777,0.7767127638074891,0.1222335716717739,0.6092578226014999,0.9996633705028404,0.0870456166222521,0.197496022339082,1.6556219187426755,-47.9059574780418,0.2270774333670736,0.2006270040979413,True,False,False,False,pachytene,24,off_axis,76.49624755450027,13.61
1205,9.04948748248182,72.07710980241468,236.46399201407365,85.360515642,2.731426216721633,0.8081563109730963,0.232013201320132,0.538031800601633,0.9987385321100918,0.0325437141191296,0.0935952178240069,1.6212857855417382,-62.2853261229815,0.2296775224348144,0.4312258142747182,True,False,False,False,pachytene,24,off_axis,80.26805662575688,13.61
1166,8.514046274366777,54.70866542175132,211.28712439424416,12.875975441999998,1.4539981149048786,0.5678629987247221,0.0,0.5897976391231029,0.9986660738105824,0.0745595484914594,0.0712111742991991,0.95691766776283,-34.0144591790547,0.2298466545080024,0.0,False,True,False,False,mitotic,24,off_axis,70.9856936947894,13.61
1235,8.550128240359099,66.6839294242933,226.63391762159387,102.435433704,2.90260006342386,0.8127003755610516,0.1829987014284287,0.586991074703509,0.9999056396062026,0.0749281536836282,0.2083709575712375,1.598538623359574,-51.53967687748267,0.2303327924867924,0.3117572128688021,True,False,False,False,pachytene,24,off_axis,74.5268183803134,13.61
340,4.160206692419815,70.91782337079513,233.8851727913525,93.516785748,2.8157903788578804,0.8282245522500377,0.2382647385984426,0.5626460280373832,0.9999327844059822,0.0511381311027728,0.1489662814577197,1.7031743172775025,-59.52015446091395,0.2309658945209356,0.4234718219367078,True,False,False,False,pachytene,24,off_axis,78.52540190360547,13.61
739,6.310650937791745,78.96620556734104,237.6742627174738,27.640302174,1.8756482337547251,0.8398540269880336,0.0790629575402634,0.5066242713301536,0.9996749376963918,0.111243909802448,0.412952181673942,1.8323837380379773,-64.91977614503192,0.2320950445958919,0.156058369119746,False,False,False,False,pachytene,24,off_axis,78.51071304583114,13.61
710,5.416161616161669,57.28747027417031,215.50600851371004,4.876872462,1.0520044970381233,0.695045695045695,0.0,0.5126182965299685,0.9914367269267363,0.0728193853623637,0.0653625417448578,1.0314073022721275,-38.68194056143662,0.2323494164010739,0.0,False,True,False,False,mitotic,24,off_axis,71.9552675310559,13.61
1024,7.407687614398687,75.36215966257517,236.39136605300092,88.42879326599999,2.7637687147216425,0.7439053505583999,0.2706806678250358,0.5119121607623783,0.9992291220556744,0.0797460143183798,0.1446690167927551,1.7812067820890107,-62.90639917848703,0.2323936713962003,0.5287638946141028,True,False,False,False,pachytene,24,off_axis,78.7679558640316,13.61
1202,8.463448240003395,69.24371069256094,230.74321531741583,90.232696548,2.782435520972103,0.8399625643425362,0.1054925893635571,0.6109486679662118,0.999831348871724,0.0981371622655586,0.3449749817291499,1.6135225621313956,-56.09602357053503,0.2324914750667499,0.1726701356346869,True,False,False,False,pachytene,24,off_axis,76.62339956102082,13.61
469,3.812878010650017,66.85898568811486,229.25764517074083,96.031459764,2.840806417769879,0.83162343055352,0.1253648014211394,0.5971275206731467,0.9997757057259123,0.0472910615613648,0.1693271996717265,1.7068063683418777,-54.141398930447366,0.2327918537547991,0.2099464470835555,True,False,False,False,pachytene,24,off_axis,76.61874385886917,13.61
1201,8.775591612312098,62.952234141016056,221.2232003746432,87.03305535599999,2.749150655983746,0.8053204678993047,0.1492343934040046,0.6255018690294891,1.0,0.0644593733473792,0.1869887154806691,1.615236162768027,-45.46422889652354,0.2346573469123899,0.2385834492158313,True,False,False,False,pachytene,25,off_axis,72.39629296168168,13.61
1023,7.954266740453731,60.02191771997655,220.3335710791359,63.58231269,2.4759919996786945,0.7875299760191846,0.1186103458830731,0.5966313596110436,0.999476850640858,0.1484152096848877,0.3710240661840275,1.8609895358569164,-43.977229245261746,0.2348856740552153,0.1988000529512859,False,False,False,False,pachytene,25,off_axis,73.60062081589226,13.61
1238,9.444233647328444,72.44422639977039,231.39218395984577,106.582769208,2.941255801608936,0.8337441676203892,0.1337155963302752,0.6195393169181891,0.9998854918126646,0.047548960029464,0.1630681816157023,1.5619325101436925,-57.404687287407846,0.2355201824364242,0.2158306868972005,True,False,False,False,pachytene,25,off_axis,75.60619363928967,13.61
501,4.717758681450085,61.22279823524547,219.5580734771824,86.533404642,2.7438796620761474,0.8072867250399849,0.1634502235820193,0.5765930510620341,0.9999246562441138,0.0485856723161915,0.1348556239070197,1.7099734016743824,-43.47212861506605,0.2357968884185438,0.2834758817869176,True,False,False,False,pachytene,25,off_axis,72.22756067663063,13.61
740,5.608222377949172,79.01125035038422,236.00459747722635,20.084551236,1.6862598816786412,0.7396636299929923,0.110534716679968,0.5580978017048004,0.999813153961136,0.0944409215819042,0.1597152435649204,2.147635994811337,-63.29707332750056,0.235924861832016,0.1980561764305858,False,False,False,False,pachytene,25,off_axis,76.94856575259602,13.61
688,5.910032435865253,59.673206652753976,214.80857056047796,103.418314686,2.9118541335246304,0.8474153378546964,0.1993572958819328,0.5699420246766761,0.9999122627438364,0.0369048373508274,0.1384996098859333,1.5445225382618688,-38.50276399240235,0.237146366716467,0.3497852189352536,True,False,False,False,pachytene,25,off_axis,69.7785275942316,13.61
254,2.748957104828441,76.41242490817878,234.6790970111615,69.61565370599999,2.5519535513619607,0.8084712066583549,0.1275518035303147,0.5955313159746657,0.9999070891015516,0.0754038515774259,0.2063046725209373,1.8539067617243128,-61.45382084779123,0.2378310082730869,0.2141815217921148,False,False,False,False,pachytene,25,off_axis,76.77325781492505,13.61
1198,9.039250000000104,56.90085867857288,207.91992905357105,13.136356799999998,1.4637338247971428,0.6260714285714286,0.0,0.6571155682903533,0.994766355140187,0.0374139776197924,0.0277974954320015,1.0096990671506267,-31.184669109345506,0.239571928912522,0.0,False,True,False,False,mitotic,25,off_axis,67.13544494653834,13.61
614,6.710327501121336,70.1932384118444,227.3344297442756,52.28739162,2.319722968838212,0.7630327501121579,0.1246271130261849,0.5861416130253692,0.9861185622317596,0.260218974711717,0.5642073858040317,1.4769879939034969,-52.96378146546692,0.2400057346463402,0.2126228717714175,False,False,False,False,pachytene,25,off_axis,73.21467910269756,13.61
613,9.096035805626734,70.07783571428344,223.97788968761927,77.04473263199999,2.6396810075416965,0.7454025088296188,0.2247357685889115,0.5215259507294906,0.9614829080404428,0.1932554986658955,0.2301262520352525,1.7801068567111742,-49.658260962731845,0.2407757277868683,0.4309196278240032,True,False,False,False,pachytene,25,off_axis,70.43747996712248,13.61
503,3.86459677856712,68.77782709203083,226.1655348012351,86.50760108399999,2.743606900757451,0.833884700905689,0.0665854030169129,0.7154750244857982,1.0,0.0426597254094418,0.1640627424384301,1.5907832278666447,-51.522932360707856,0.2409392624252703,0.0930646084603259,True,False,False,False,pachytene,25,off_axis,72.98028396097901,13.61
289,2.233845704266504,74.020549795441,230.85677403857136,80.27252315999999,2.6760410322811943,0.8539742840444184,0.1479965899403239,0.559735841504903,0.9999626823898198,0.1006023348135638,0.3903743548880405,1.6934484644281351,-57.213381407324036,0.2423710671897259,0.2644043474908111,True,False,False,False,pachytene,25,off_axis,74.39330646961861,13.61
1100,8.334418544917057,66.79626256019925,220.2956809959507,73.06160158799999,2.5933841941151488,0.8030886791241251,0.1368050668543279,0.6156856350888635,0.999866494593031,0.0687167572418619,0.2149351516840596,1.596093120956982,-45.36735643725201,0.2431947417267525,0.222199543172032,True,False,False,False,pachytene,26,off_axis,69.30084777323488,13.61
502,4.204902024186904,65.02207892388307,219.6620156340948,72.54553042799999,2.587263631092994,0.8210567160318178,0.1592221209358857,0.5959522949042284,0.9998700398544448,0.1072179831443409,0.3535426374810454,1.6706906441830132,-44.37414122223297,0.2434296985565271,0.2671725946813801,True,False,False,False,pachytene,26,off_axis,69.88395770840116,13.61
939,7.337054167951658,76.20862503854462,231.71887591735563,45.64414832399999,2.216999011918189,0.7355843354918286,0.0566556655665566,0.689795918367347,0.9992922859164898,0.1510498402696697,0.2947968385722695,1.9436983665401533,-58.517101780950824,0.2438101579696911,0.0821339530402744,False,False,True,False,TZ,26,off_axis,74.18175086061115,13.61
581,4.944954128440781,77.05633724770814,232.69029816514168,72.87159356999999,2.5911340765536104,0.7559311121841301,0.1562430447362564,0.6189659720390398,0.9999030725986237,0.0763631385763094,0.1758542124545706,1.8767429190132336,-59.64531163698934,0.2438302716794868,0.2524259035138069,True,False,False,False,pachytene,26,off_axis,74.69759621540807,13.61
650,5.203067669172896,71.13046285714243,225.08273999999903,7.79971185,1.230259280266944,0.7055639097744362,0.1026581118240146,0.3472931562819203,0.989685124864278,0.1482089884997603,0.2313630599262802,1.6319050249590712,-50.96007422547884,0.2442218004030084,0.2955949749285598,False,False,False,False,pachytene,26,off_axis,70.80611902699236,13.61
773,6.420925709841005,65.02586333462973,217.63217075068167,54.278957142,2.348808601009948,0.7672328104066727,0.0747294279333448,0.7133308577794282,0.99944179122992,0.0471572331493651,0.1018329478156825,1.8018060067739905,-42.39064994947915,0.2454392490145329,0.1047612438440903,False,False,True,False,TZ,26,off_axis,68.3028764679555,13.61
1206,8.858864126527413,78.62632943206187,232.1804070452892,16.314885989999997,1.5733734280855003,0.6291876347951114,0.0941341763259571,0.5498255137650252,0.9955527318932657,0.0808848126055153,0.0725289402678436,1.065308822740791,-59.47761802225312,0.2456683282599573,0.1712073630075059,False,False,False,False,pachytene,26,off_axis,73.58504596848326,13.61
544,5.643437939648069,62.134016299636,210.0161815240016,163.402203924,3.3914839556752976,0.807933044302162,0.1807605168085236,0.6026608864638613,0.999901636764243,0.0319382715473325,0.0928406088678921,1.7290598424010843,-34.33635625835934,0.2459839422071855,0.2999373625674362,True,False,False,False,pachytene,26,off_axis,64.65089293898862,13.61
547,4.662077047019091,70.38809938479638,222.6797989233904,32.029252812,1.970089997593815,0.7298227625604219,0.1655733996833295,0.5378151260504201,0.9993833251110016,0.0543145313716686,0.0964546841514173,1.742957942914075,-48.454667554518686,0.2463641970596074,0.3078630400361908,False,False,False,False,pachytene,26,off_axis,69.18134102552939,13.61
1105,7.079714538335281,80.54956475937963,231.82668999620785,37.14304885199999,2.0698060247066508,0.7939244663382594,0.2131661442006269,0.4882010419859025,0.9962456422633412,0.1731515006943561,0.4017362079437844,1.027249586152825,-59.537011972795824,0.2467753560941467,0.4366359877756722,False,False,False,False,pachytene,26,off_axis,72.50019094226327,13.61
1059,8.116913851688487,64.18903117729349,214.34494419348584,58.67963667,2.410643202935607,0.8465720567659405,0.0920274426307073,0.6865554976550287,0.9999494464385016,0.0288111520021606,0.1036034712991949,1.4828256183637685,-39.00090211206682,0.2472415264060208,0.1340422485072694,False,False,True,False,TZ,26,off_axis,66.35395292322575,13.61
341,4.899403087756076,73.83844737864635,228.0576649096438,115.93069453799998,3.024846050501869,0.7414661783452379,0.2244142284812431,0.5516161853330203,0.9989078059749438,0.0920850803886875,0.1593017215616666,1.7873712018690209,-54.43872947993907,0.2478891325466738,0.4068303912180538,True,False,False,False,pachytene,26,off_axis,72.01102108984007,13.61
1168,9.002042970868676,73.98780236254133,226.41929373412728,82.212481566,2.697427098037218,0.7709361714269409,0.1940568216042566,0.6081215744892875,0.9997885209152816,0.0699524478840888,0.1407873445266864,1.8259729943747849,-52.86859365755881,0.2479764424445568,0.3191085956245334,True,False,False,False,pachytene,26,off_axis,70.50557624524752,13.61
612,7.732884643219133,72.396022372991,222.2305027355704,64.82792080799999,2.492056175419592,0.8015993631495151,0.1278829330364244,0.6004012401969725,0.998049804980498,0.0479131962349617,0.1048682429233221,1.6035029336297657,-48.438468819373384,0.2484854256516125,0.2129957842766448,False,False,False,False,pachytene,26,off_axis,67.71653665529124,13.61
997,8.355785381597064,68.2105190560024,216.75247871052596,63.962328726,2.4809150056809326,0.7902959621520519,0.1698606271777003,0.5692549842602308,1.0,0.056184161356648,0.166811384653869,1.6936028168784791,-42.20161985573571,0.2512798975132697,0.2983911109683842,False,False,False,False,pachytene,26,off_axis,65.62665941135268,13.61
1061,8.91913813216188,63.55848168187829,210.17702894393744,68.370045588,2.536641461450056,0.7595210320455636,0.1766709738047691,0.538878584676844,0.9998940004239985,0.0822759602308407,0.1459735940225584,1.3164076402729756,-34.793689154738374,0.2513099204841595,0.327849313052059,False,False,False,False,pachytene,26,off_axis,63.75227310706284,13.61
1104,7.868959132389619,80.38660244676707,229.40064175373612,17.736427457999998,1.6178037803001282,0.5849755323369925,0.2592067988668555,0.401529636711281,0.9850565428109854,0.1027585396348089,0.0914161138135835,0.9643996586586554,-57.131080518755304,0.2529207900859321,0.6455483609874544,False,False,False,False,pachytene,27,off_axis,70.33204928081886,13.61
1199,8.53393913778544,60.71082407015916,203.46825881234335,11.100221496,1.383824488940078,0.5889687235841081,0.0,0.6401028277634961,0.9899396378269618,0.0053948199117284,0.0093008067861717,0.9797305489666152,-27.635563091082528,0.2535423735769131,0.0,False,False,False,False,pachytene,27,off_axis,61.365855661759895,13.61
808,6.182083011085205,76.86503157385843,227.6268329466349,36.397091448,2.055855992588961,0.7760376385666409,0.0819022457067371,0.619568345323741,1.0,0.1162168385050154,0.2602622654983024,1.890947899896464,-54.655184285055704,0.2541525980817071,0.1321924309479384,False,False,True,False,TZ,27,off_axis,70.22116038158633,13.61
546,5.078189241458349,67.14760576606155,212.8902537425708,32.749406658,1.984746031452496,0.6918558842489793,0.0788008565310492,0.6192468619246861,1.0,0.0703301066844884,0.0971776930917194,1.9638886161077629,-38.20214941223642,0.2558042005947022,0.1272527345332485,False,False,True,False,TZ,27,off_axis,63.308708079198325,13.61
1299,9.285348903627208,59.28393137752612,201.18901962999732,73.922502114,2.60353057962506,0.8128708786849872,0.1335586247428739,0.6213328811259963,1.0,0.0689170481017509,0.2281168451584368,1.0496963835547526,-25.106870686076622,0.2565617612395117,0.2149550245929933,True,False,False,False,pachytene,27,off_axis,61.102124096495544,13.61
653,5.372166011650672,86.07806677815898,230.92859381218543,84.15947730599999,2.7185551019615546,0.8189647963876578,0.2154849619519265,0.4722093918398768,0.9993042133745652,0.0215652721272825,0.0723321670149817,1.057042838327942,-59.823774305538784,0.256849023603636,0.4563334945802945,True,False,False,False,pachytene,27,off_axis,69.70622730445855,13.61
433,3.208443246820865,76.66159341937332,222.8076742873346,49.62024203399999,2.279590069145871,0.8121306670448636,0.2056765940435738,0.5304479114242576,0.999601620078348,0.0604127442934214,0.1504234836307093,1.071436986488038,-49.90132447850482,0.2593776693017501,0.3877413589796786,False,False,False,False,pachytene,27,off_axis,66.05031022499075,13.61
806,6.120456674879854,70.08822203213487,214.7579942742113,67.598284626,2.5270607867495847,0.7889440260957075,0.1332478267065697,0.6264386714896416,0.999706328618276,0.1410488799710922,0.3458774508698554,1.6770639187502103,-40.64747818528728,0.2594521170329034,0.2127068981704349,False,False,False,False,pachytene,27,off_axis,62.90030637459238,13.61
1101,8.293568073056607,67.32801836501733,208.8860368705234,53.429785506,2.336495454498788,0.8365017342055583,0.0502422851313441,0.5767991407089151,0.9995949777237748,0.0348492532994178,0.1061880967883531,1.0246162492679214,-34.325808167234094,0.2602622395171418,0.0871053397714736,False,False,True,False,TZ,27,off_axis,60.20721877337872,13.61
774,5.620630568882811,81.51352040438707,226.27311995201623,34.22490102,2.014116236625895,0.787251542152159,0.0576806314511232,0.6588273195876289,1.0,0.1107452838419011,0.2733937578072642,1.0559061861601706,-54.311160920511156,0.2607720546209824,0.0875504547796022,False,False,True,False,TZ,27,off_axis,67.01497163507871,13.61
1380,9.071338603778466,62.7123608200459,201.2731846107435,35.013082428,2.029460388007028,0.8413506632721426,0.0222956234516927,0.6385135135135135,1.0,0.1040133314995167,0.3613804074975132,0.9592412978503116,-25.911421891534797,0.2607966810744205,0.0349180134481537,False,False,False,False,pachytene,27,off_axis,58.43126588386295,13.61
1329,9.427967198963971,64.17137246439405,197.91581944324665,10.870335252,1.3742047425840749,0.6145878290893396,0.0,0.6567749160134378,0.999056158565361,0.0536465509721386,0.0479299185430824,0.9732627113631714,-22.93678030753312,0.2694164500580628,0.0,False,False,False,False,pachytene,28,off_axis,55.22663282834759,13.61
506,4.731713078635773,85.48636122291252,223.6482130014152,51.637611114,2.310073746099587,0.8103393449325399,0.2193343305908751,0.537005988023952,0.9993605729266576,0.0842213349398762,0.1958747167086215,1.0340901469614288,-52.58213300909346,0.2724166104957631,0.408439264146701,False,False,False,False,pachytene,29,off_axis,63.0674747590561,13.61
809,6.681338781864126,92.3967944347144,227.82543514302543,36.164859426,2.051474189744648,0.6407861451644289,0.1925936725470185,0.5675334055615746,0.9995839689363472,0.0311802641188199,0.0388546656299389,1.046915766766065,-58.12144161082673,0.2740619611995357,0.3393521344465124,False,False,False,False,pachytene,29,off_axis,64.93117423978683,13.61
1266,8.657638582561376,82.5465752977508,221.1765786943071,15.953636177999998,1.5616739218865685,0.5378620791060138,0.1600748262960983,0.4718421889914095,0.9686057248384118,0.1826417925795983,0.1339360991554291,1.0283571849073987,-49.54663873650632,0.2752487668173458,0.3392550094731201,False,False,False,False,pachytene,29,off_axis,61.942838886087124,13.61
1268,9.407814792673982,86.82628941905237,223.45336949079095,43.16466097799999,2.1761053080949417,0.7106135536112168,0.2285962624945675,0.5106103286384976,0.9989021956087824,0.0571336300223764,0.0962773162827319,1.0356790221994054,-52.67394819502976,0.2773496286239565,0.4476922022006518,False,False,False,False,pachytene,29,off_axis,62.409221839595624,13.61
1471,10.280789306174048,91.29565913430828,225.03721111393935,18.42608619,1.6385064789333854,0.5957988542329726,0.0928571428571428,0.5662992125984252,0.99435382685069,0.1651890537775711,0.1398803234617206,1.0594714784155304,-55.16381570261148,0.279145665781875,0.1639718735102495,False,False,False,False,pachytene,29,off_axis,62.52641783179789,13.61
1267,8.65359444220757,83.04345208417304,219.0865601490125,46.59653419199999,2.2323125561534067,0.7325312122432541,0.0905511811023621,0.6642198381328817,0.9989373007438896,0.0663790225848293,0.1447406315529333,1.025041885449438,-47.60820520653749,0.2804130925034228,0.1363271253037263,False,False,True,False,TZ,30,off_axis,59.83805099248122,13.61
938,7.210893617021512,67.88330025532012,194.93843925106333,41.34433725,2.1450749689563,0.6814184397163121,0.0871403023898552,0.6787177203918077,0.9987428681945654,0.1535962336075656,0.2305759514695564,1.0417190046781446,-20.808222652688062,0.2805214888096451,0.1283896084804611,False,False,True,False,TZ,30,off_axis,50.471420546976994,13.61
1381,9.68173093700918,67.86876218810039,194.1254161926357,13.443653717999998,1.4750596032454923,0.5817483859710347,0.0830145371078806,0.6111806424697539,0.9973094170403588,0.051690273689353,0.0454939521781666,1.0252955206639034,-20.01038371534353,0.2820347498647816,0.1358265156638839,False,False,True,False,TZ,30,off_axis,50.00377391412443,13.61
1413,10.178119312437063,82.01549874621013,217.80643352881765,34.79961663,2.025327610993651,0.8380182002022245,0.1194576768046903,0.5722014148980441,0.9998241603657464,0.0430888489893009,0.136819881521595,1.022909280752885,-46.14024749558936,0.2842279913912396,0.2087685798993969,False,False,False,False,pachytene,30,off_axis,59.133878078519786,13.61
909,6.250163534919237,69.94138739819176,194.95698850766377,36.577716354,2.059251192568002,0.7452061822612711,0.1111856823266219,0.5658192801409514,0.994311059685662,0.1264938714879443,0.2691955486387555,1.0149839233025044,-21.259937582688174,0.2848495819563004,0.1965038771724506,False,False,False,False,pachytene,30,off_axis,48.843983896646094,13.61
1352,9.86788890905784,65.99317215465493,191.56901751679337,12.922891001999998,1.455761928261425,0.5565438373570522,0.0032639738882088,0.6365124846500204,0.9951853635050554,0.0625359598751611,0.0473107562923395,0.9959412129557652,-17.116224073179012,0.2853250945719882,0.005127902385141,False,False,False,False,pachytene,30,off_axis,50.13267842086601,13.61
998,7.169421487603386,87.09477775296143,218.54239690641012,21.004096212,1.7116112403615322,0.4622515077060531,0.0628649279875438,0.6463136033229491,0.9807062249726974,0.2492107542442419,0.1407303939682054,0.9815360140097172,-47.9297569123394,0.2865567731277867,0.0972669113946091,False,False,True,False,TZ,30,off_axis,57.72763216300424,13.61
1538,11.034235946159576,68.22148845605784,191.72408166271003,14.813588069999998,1.5235517774173686,0.5707046714172606,0.053091163115613,0.6208041313168573,0.9932216905901116,0.1172221980424591,0.092861297988336,0.975941974121184,-17.737252623704727,0.2876168719496538,0.085519990021644,False,False,True,False,TZ,30,off_axis,48.34592140455667,13.61
1106,9.39789726644656,88.54304148392961,219.54068333583336,31.236379847999995,1.9536976856241843,0.6991589065785522,0.0629239766081871,0.6807289066400399,0.9975786924939468,0.1974572835822412,0.3278368439694987,1.094998019247068,-49.21074760846757,0.2876210877028201,0.0924361753914183,False,False,True,False,TZ,30,off_axis,58.14463482644507,13.61
1240,8.762886597938278,90.1854293814423,220.48489456419605,10.011780504,1.3370292348837742,0.6328491096532334,0.1460490463215259,0.4179961710274409,0.9818181818181818,0.3745909365983985,0.4382579146731967,1.0832613254512995,-50.47977331464857,0.2882370172357321,0.3494028329554673,False,False,False,False,pachytene,30,off_axis,58.49926021499579,13.61
1025,7.250286742381791,90.45155596536478,218.20136157652053,20.861003754,1.7077155406990197,0.570673563476892,0.1640026275454346,0.5529072812991095,0.98075265728239,0.247563754120928,0.2203068238579735,1.0144036872204043,-48.30355575864818,0.2911403039357,0.296618679283974,False,False,False,False,pachytene,31,off_axis,56.24867292965538,13.61
910,6.672352751851121,72.02245210071612,191.9023419895514,94.748319198,2.8280970040111346,0.7842341115595058,0.1284999999999999,0.6865174985656913,0.999793622949128,0.0475200626844388,0.1502753838631119,1.0123940160929172,-18.71227001089578,0.292929297760882,0.1871765836536853,True,False,False,False,pachytene,31,off_axis,45.33820433183829,13.61
1243,8.392933218918424,92.39904970975664,219.44876942607704,46.472207958,2.230325411122331,0.8032911009035384,0.0989595375722542,0.6361303566846293,0.9996606258060136,0.0753430727896917,0.2452811319985758,1.0221038080288811,-49.93325071942504,0.2935717519895538,0.1555648720932129,False,False,False,False,pachytene,31,off_axis,56.85165235708334,13.61
1264,8.800510304220003,74.32938276742003,197.17686794896971,11.95173891,1.4183415620068998,0.6700686947988224,0.0972073039742212,0.5193337299226651,0.9967532467532468,0.0617860925157919,0.075005147786819,1.0190253809766472,-24.354424823456615,0.2939466640592904,0.1871769507224123,False,False,False,False,pachytene,31,off_axis,46.96133822165296,13.61
1170,8.610865671641907,85.96024238805971,213.9292896716402,11.78753445,1.4118160731069125,0.5994029850746269,0.0,0.6567312468951814,0.9873417721518988,0.1339936194901795,0.1000596320981099,1.0682066924611184,-43.18116766109566,0.2945071045185475,0.0,False,False,False,False,pachytene,31,off_axis,53.93217923796514,13.61
908,7.429913408554243,65.59787267121416,187.4296322881132,17.879519916,1.6221427929284489,0.6153240619260036,0.1107067030633909,0.570600272851296,0.9982311320754716,0.0880589399293485,0.099580856815736,0.992995321060216,-12.986461494202311,0.2969126177947706,0.1940179637668034,False,False,False,False,pachytene,31,off_axis,48.40907616340458,13.61
1265,8.374886833300497,75.05546666010875,193.4185778980493,35.75669405399999,2.0437271595767723,0.8251000459227187,0.0606060606060605,0.6207801950487621,0.999389073136673,0.124953851108304,0.3858168825654809,1.0371925585883257,-20.83344883327066,0.2983665819418024,0.0976288565412431,False,False,True,False,TZ,31,off_axis,43.90824376763724,13.61
1492,10.327319854847165,89.26390295489891,214.577389424571,13.575017285999998,1.4798485137495772,0.6212199758078452,0.0904564315352697,0.5770985401459854,0.9890496675791944,0.0880605594055706,0.074549324705345,1.006940173789711,-44.51071175536001,0.299315474610185,0.1567434766207994,False,False,False,False,pachytene,32,off_axis,53.244303846289746,13.61
1237,8.98387604124178,69.89899773402628,187.18006243373384,40.269970926,2.1263311537082137,0.8287994407875575,0.0737472423573905,0.6383123511398435,0.9996922603477458,0.0485631339450996,0.144114188777946,1.0267954931814816,-13.648620767879324,0.2995103991506193,0.1155347256334598,False,False,True,False,TZ,32,off_axis,44.52117986434675,13.61
837,6.203858007076924,67.6286587718299,186.77654601073056,20.551361058,1.699224103767158,0.517634973176578,0.0592163846838824,0.6561760530052059,0.9921121822962312,0.116548191439528,0.080200059399124,0.9959850109063766,-12.775863008604194,0.3003507363709816,0.0902446598175576,False,False,True,False,TZ,32,off_axis,46.309045920922365,13.61
1331,8.760467133029056,76.87861175926436,196.11788850667816,40.574922066,2.1316849957179924,0.7733132913221946,0.1039762340036563,0.6388676358071921,0.999832299178266,0.063731942469705,0.1507291193399966,1.0686870320964883,-23.856264302678422,0.3005832898381227,0.1627508237638069,False,False,False,False,pachytene,32,off_axis,44.392396426556154,13.61
284,2.8238113918096883,56.18198448533003,188.469831213714,119.597145552,3.0564038285862094,0.8163933783147654,0.1716662242279444,0.6132891785065698,0.9997087018696044,0.0495100596451744,0.1500189836716611,1.073691767601246,-12.01964801775942,0.3031292737966561,0.279910734192264,True,False,False,False,pachytene,32,off_axis,57.33246107276814,13.61
805,6.69124818851989,63.07016419885418,185.5277262239334,37.229842638,2.071416972640548,0.7368785835801146,0.1873905429071803,0.5349616858237548,0.9986189312652716,0.1630110180019746,0.2684775489022925,0.9509751197263512,-10.59472221465588,0.3031746225466816,0.3502877829813721,False,False,False,False,pachytene,32,off_axis,49.843957828246616,13.61
1469,10.837791239515695,73.22973315470684,187.33057082945103,30.204237528,1.931937574457712,0.6003417210313762,0.0823823109843081,0.6393315196268947,0.9980691592066,0.113659432061351,0.094961402260283,0.9533153786722188,-14.497445000109089,0.303639473275578,0.1288569520745439,False,False,True,False,TZ,32,off_axis,41.75103822627753,13.61
838,5.670219183591324,69.63826109994184,185.49122788558157,46.66221597599999,2.2333609419427547,0.7865976271868087,0.084932097434792,0.6282685512367491,0.9990975982229626,0.1496647923642107,0.4178344943891428,0.9685565479772196,-11.942759185749022,0.3062270419837914,0.13518438455594,False,False,True,False,TZ,32,off_axis,43.93105982928853,13.61
879,7.256638083337215,102.08136938638714,217.1317162731061,108.87694009199998,2.962209468810693,0.8338647821777911,0.2055429631155986,0.5619245234081183,0.9998278039260704,0.04188631932748,0.1404574136806462,1.067670846471242,-49.70799648065205,0.3087718857754722,0.3657839345913641,True,False,False,False,pachytene,33,off_axis,52.6086219777846,13.61
872,6.908953983079643,67.95376155313207,182.2382673431424,47.96881432199999,2.254014946309576,0.8233165435962639,0.1096599310004928,0.5848325491281483,0.9998686543639588,0.0293481331184065,0.093632573304227,0.9968318705913268,-8.407928272162438,0.3106743997395461,0.1875065455299483,False,False,False,False,pachytene,33,off_axis,44.04786234837056,13.61
312,2.675596635014818,60.84770024190221,185.218881420372,64.971013266,2.4938883715586417,0.8516806874390728,0.1561216105176663,0.5525803310613437,0.999535984409076,0.0455876372041022,0.1669494744144856,1.0234468147788225,-9.824597272985114,0.3114970771535021,0.2825319718090632,False,False,False,False,pachytene,33,off_axis,51.7535468041228,13.61
465,5.267424890770991,61.97081271789554,182.2956054794742,104.157234756,2.918772712302563,0.7907526687987028,0.1578899664642435,0.609945108169196,0.999615938550168,0.161685239340159,0.3866606133811533,1.064468300483303,-7.203537882623702,0.3120667552821158,0.2588593044678466,True,False,False,False,pachytene,33,off_axis,49.62433000346569,13.61
873,6.256954906096461,73.26455299789181,183.84092502259773,46.713823092,2.234183983672301,0.7993873656723913,0.073300858269543,0.665081351689612,0.9994543346292886,0.159255394547747,0.4653647203519644,1.0158382986198642,-11.093453804531773,0.3126582038543011,0.1102133717677171,False,False,True,False,TZ,33,off_axis,39.95491963387464,13.61
1539,10.842692923772702,90.37955930462432,207.7684528691236,49.791483828,2.282209382585302,0.7799396965985113,0.1298435171385991,0.6313423249839435,0.9997979117547996,0.0472009771788107,0.1186329876837552,1.0050364739133817,-38.08962784944446,0.3135069662767436,0.2056626207373334,False,False,False,False,pachytene,33,off_axis,46.51223289909847,13.61
964,6.857632557800747,81.6927887025027,205.50708952665903,32.162962158,1.9728276380609937,0.6405076216176793,0.1125315088224703,0.6912152566443498,0.9998584772148316,0.0566957364229226,0.0821004938464811,0.9728963727995698,-34.04895481919358,0.3148632719566753,0.1628024088599812,False,False,False,False,pachytene,33,off_axis,48.621723894309696,13.61
911,6.975782068552731,72.13520803771766,181.14877876066384,15.672142817999998,1.5524343983060744,0.6234096692111959,0.0367534456355282,0.6224165341812401,0.9929958611907036,0.0928545431385693,0.1023816241117179,1.0746641343270855,-8.223806370710381,0.3157097331025844,0.0590495972024196,False,False,True,False,TZ,33,off_axis,39.780171579590174,13.61
1550,11.235700934579524,78.86122598130805,186.84857299065465,12.5499123,1.441619651827443,0.5471028037383178,0.0,0.6359884440775898,0.983748095479939,0.1270267122549663,0.0747552344539037,0.9736835910122128,-15.212664385715026,0.3161287151846176,0.0,False,False,False,False,pachytene,33,off_axis,36.83471912198465,13.61
996,8.036319782925107,60.10966720767719,181.18611767750343,46.683327978,2.2336977141431764,0.8155369076930807,0.064951604686704,0.648597112503405,0.9993977516059958,0.1146565044498942,0.339281288625448,1.0944405735286988,-5.726858775936595,0.3162143903963593,0.1001416803044479,False,False,True,False,TZ,33,off_axis,51.00686013787224,13.61
15,2.592729379390202,71.5210930842207,182.57315798391843,97.178545206,2.852072720093362,0.7815434378545393,0.0727459016393442,0.5845303867403315,0.999234223258728,0.1110542057905256,0.2486688808017357,1.05920205858908,-9.486840860338743,0.3166301929107067,0.1244518733149462,True,False,False,False,pachytene,33,off_axis,40.93569733080352,13.61
1273,8.70462930734479,95.99758994082764,209.09987003132744,20.218260582,1.6899936006337728,0.6639981436361526,0.2352785846316345,0.4671961325966851,0.99182156133829,0.0805466988115453,0.1172278823496723,1.055215931123764,-40.57472717767347,0.316999251618489,0.503597029632826,False,False,False,False,pachytene,33,off_axis,45.91086069403828,13.61
1414,9.830078904839022,84.50350734860542,198.6773641220668,24.675238782,1.806027053522301,0.7447475995817092,0.1838905775075987,0.5661080074487895,0.9995340891442772,0.0980014574350098,0.1873255064126604,1.0850569994303365,-27.96465132876651,0.3187928103164862,0.3248330267157254,False,False,False,False,pachytene,34,off_axis,41.39649006927445,13.61
1493,10.58348530901737,93.67277011144968,207.50654898682663,13.891697315999998,1.4912675494742145,0.5883147585275245,0.04839968774395,0.6238720262510254,0.9968216130313866,0.1245938290940047,0.0977218402251971,1.0660867557691445,-38.5273902831732,0.3190962598756501,0.0775795126362592,False,False,True,False,TZ,34,off_axis,45.08694388363649,13.61
1142,8.134590747331078,84.62588978647594,202.9977127046264,6.591636179999999,1.1631477185340622,0.609608540925267,0.0,0.5979945305378305,0.979746835443038,0.2090485903537521,0.1389872478829377,0.9894092178833068,-32.21381978838811,0.3210057769713452,0.0,False,False,False,False,pachytene,34,off_axis,44.92507191464807,13.61
807,5.888513140966767,76.1231895607427,181.8500577283552,38.290134294,2.09089758053922,0.7472278380199718,0.0905884945999558,0.6655356277266117,0.9987991871420654,0.0895164963869731,0.1796808599304721,1.0541371882918316,-9.749503643529785,0.3210792456194591,0.1361136666858769,False,False,True,False,TZ,34,off_axis,36.496413919941254,13.61
1383,9.75819711156946,80.51927106808607,184.66021418822493,14.780747178,1.5224250681751963,0.7056022853515316,0.0293040293040293,0.6043126684636119,1.0,0.0337228619200673,0.0439975343566189,1.044777714279341,-13.42272368663293,0.3224814859399998,0.0484915025503785,False,False,True,False,TZ,34,off_axis,34.208136154266214,13.61
1062,8.03198400799605,74.4700648800612,179.94284494003338,37.551214224,2.077360128251118,0.8508245877061469,0.0463258785942491,0.6419597989949749,0.999603615030918,0.0257423361173783,0.102386005589732,1.0640892714646506,-7.536827330548388,0.3225181940183219,0.0721632081429008,False,False,True,False,TZ,34,off_axis,37.156727758864044,13.61
1415,9.803730945528317,87.58660041573569,193.7913111608574,22.005743418,1.7383977259193433,0.7191131009487262,0.1508217853689977,0.5574952561669829,0.997044152965084,0.0984411516478456,0.1659297286013513,1.0998892705656167,-23.837779681602154,0.3270443895378405,0.2705346524488148,False,False,False,False,pachytene,35,off_axis,35.62880262628743,13.61
651,5.497844660194022,75.16460560194263,176.71513931067685,24.1615134,1.7934055445585153,0.7446601941747573,0.0491684743311641,0.6673003802281369,0.9998504337421478,0.0961467905270455,0.1706150549375567,0.9799164396801564,-4.527882444095643,0.3290983536869697,0.0736826709350208,False,False,True,False,TZ,35,off_axis,35.316834433152664,13.61
212,2.367793065492565,75.32818718767275,177.81434278480933,21.31139313,1.7199180082176069,0.597138139790864,0.1258657750179126,0.5341530054644809,0.9861265260821308,0.0512297396993131,0.0554914823004824,1.0650099694020467,-5.636878317975582,0.3305313405640936,0.2356361823864758,False,False,False,False,pachytene,35,off_axis,35.54682189285993,13.61
1470,9.824922632556076,76.75637561378205,177.883625128945,34.109957898,2.011858928277888,0.8363248744928135,0.0253890253890254,0.6697478991596638,0.999822048224931,0.1223595455122916,0.4203751398242644,1.0369630230395204,-6.005485499784359,0.3309390462856022,0.0379083315093353,False,False,False,False,pachytene,35,off_axis,34.246178994466845,13.61
1473,10.11092768444142,97.92621276113792,202.44580704893977,32.11370082,1.971819917988812,0.7425127830533236,0.2947178871548619,0.4346099290780142,0.998175182481752,0.0539882411780624,0.1209623865095546,1.0182482670044284,-34.47631050361255,0.3339932369969637,0.6781204648961411,False,False,False,False,pachytene,35,off_axis,38.98316186078386,13.61
659,4.995576680570493,107.2528443689992,205.78577908623564,24.182625402,1.7939277436207044,0.676399262780095,0.2130219391365888,0.4715227817745803,0.9887295081967212,0.1465150724547864,0.1808682200232185,1.0473881278384467,-39.706185729623485,0.3392353274091464,0.4517744367194281,False,False,False,False,pachytene,36,off_axis,40.893306267793704,13.61
1449,9.902266064864156,92.62251296356592,195.79098472383583,50.413114998,2.291667687593672,0.8517518961425713,0.0797227036395147,0.6299435028248588,0.9999411626265003,0.0931049189537768,0.3524393315994234,1.0379946378596896,-26.853501393014785,0.3395078520213277,0.1265553232663148,False,False,True,False,TZ,36,off_axis,34.7007862072644,13.61
875,6.591772359860755,88.12187451534552,187.93465467568916,35.695703826,2.042564502472929,0.6522967733456003,0.07419072615923,0.7229257229257229,1.0,0.0492285083494586,0.0698904611284237,0.9759661276581638,-18.22533310386925,0.3411695830891336,0.102625655453199,False,False,True,False,TZ,36,off_axis,30.71428671896181,13.61
656,5.807860720632999,99.24328782113597,199.3908298957838,58.07208016799999,2.4022945602673063,0.62364679269672,0.1696818465377417,0.5418053021358806,0.9964545624183616,0.0534406537128201,0.0558293853751676,0.9518665250668574,-31.767368252029257,0.3425751253165282,0.3131786379144493,False,False,False,False,pachytene,36,off_axis,35.68881028342668,13.61
1169,8.445100950118858,77.75502684085427,172.22865717042797,15.801160607999998,1.5566827970331902,0.6353919239904988,0.0539291217257319,0.5969055374592834,0.9980988593155894,0.0549550742655662,0.0648024739653441,1.0446162061139044,-0.6878216316420226,0.342698472286354,0.090347832850203,False,False,True,False,TZ,36,off_axis,31.555413481983305,13.61
233,2.2097817743172787,86.53734124355645,183.8745582465172,42.782299164,2.169660772443593,0.7608838688452682,0.3003369164126424,0.385920660398991,0.9944385847156966,0.1210857513329858,0.2726243457738531,0.99062615914704,-13.922541191952357,0.3454956712021341,0.7782348737228363,False,False,False,False,pachytene,37,off_axis,28.97963221405486,13.61
1416,10.089514364882271,87.97453650284528,178.5875528802685,16.084999745999998,1.5659485284579813,0.7319527490156045,0.0186865990389749,0.5718171926006529,0.9953624603368318,0.0742800971376663,0.0931034594673307,1.0093593245227297,-9.056970721015563,0.345610352721416,0.032679323533431,False,False,False,False,pachytene,37,off_axis,24.623567130207938,13.61
916,6.931708790655145,109.8544119826786,204.8770348202619,23.295921318,1.771728184040909,0.6065854395327761,0.1807506814845879,0.4671103148195547,0.988553590010406,0.0892545747819909,0.0604237833807971,0.9948000796620136,-39.365914916305684,0.3473315020722913,0.3869550205809781,False,False,False,False,pachytene,37,off_axis,39.9917022060967,13.61
1472,10.316179245282584,97.28297816037504,193.79343760613185,19.89219744,1.6808593873292763,0.6990566037735849,0.1401617250673854,0.5195924764890282,0.9995632234112252,0.0115897442913677,0.0336957843223602,1.058887084330722,-25.882616731941205,0.3503864497016912,0.269753184292585,False,False,False,False,pachytene,37,off_axis,30.967004128813823,13.61
1450,9.933625506737892,94.9087945874874,187.04499882217556,42.819831612,2.170295060299188,0.8599211131806728,0.1910787725403353,0.5025420414548298,0.9998589164785552,0.0208922058616516,0.0759177017517552,1.0717637999710752,-18.785460180888457,0.3509807154942277,0.3802244524401848,False,False,False,False,pachytene,37,off_axis,25.948456926791888,13.61
1209,8.497656250000068,109.69166150841195,201.8838371694692,23.420247552,1.7748743942863756,0.6903044871794872,0.2075858534085084,0.4993531694695989,0.9998030332873744,0.0229269375099215,0.0261880974270277,1.1059173284716086,-36.405607365058366,0.3531361708810642,0.415709494002013,False,False,False,False,pachytene,37,off_axis,36.99468013560725,13.61
1207,8.473673257023803,84.52677204616307,171.64600287579196,24.797219238,1.8089981559325845,0.7714501939267808,0.0577223088923557,0.6192052980132451,0.999720005599888,0.1246831706555759,0.2704504278998074,1.0802683505084671,-1.5448632268870843,0.3551118596518941,0.0932199854839114,False,False,True,False,TZ,38,off_axis,24.853461941426236,13.61
1448,10.587131367291878,83.57275817694357,168.91234157171635,27.999206208,1.8837316579415624,0.8040382037533512,0.0105752961082909,0.6554082941427961,0.9998846464413428,0.0688310654236995,0.1825318520968122,1.0825592509921464,1.3284301096045306,0.3596001236067295,0.0161354322226305,False,False,False,False,pachytene,38,off_axis,25.162097929692067,13.61
1002,8.217883941971047,107.69420534016996,197.3931385692843,18.756840888,1.648252317386632,0.7152326163081542,0.0004389815627743,0.4914361001317523,0.9979376718606784,0.0890962460780078,0.1293625229262589,0.9822415751221378,-31.59488597759388,0.3608191997767306,0.0008932627510609,False,False,False,False,pachytene,38,off_axis,32.49193002699522,13.61
840,6.306497843328014,87.76000915542114,173.21776554891093,16.859106485999998,1.590676926542224,0.5727007096145819,0.0370021950454687,0.6486486486486487,0.9953114534494308,0.0469776631279049,0.0454131998080024,0.9881474206939114,-3.762503959910099,0.3614091817640185,0.0570450506950976,False,False,True,False,TZ,38,off_axis,22.295620412189216,13.61
839,6.461031674208222,85.44162374660502,170.18795169230648,12.96042345,1.4571699077917797,0.4810859728506788,0.0,0.6735263341471922,0.5415162454873647,0.7725975202063794,0.073168090073096,1.022484426048456,-0.31226939179867674,0.3614782647207386,0.0,False,False,False,False,pachytene,38,off_axis,23.605977037269845,13.61
1071,8.684825124910562,116.34130978586867,206.63336203426175,32.86434978,1.9870653256436568,0.6607423269093504,0.1204663212435233,0.5560698506206606,0.999416484318016,0.0762870792416601,0.100165507298952,1.6090252454426393,-42.44943418476516,0.3629027627360719,0.216638828933207,False,False,False,False,pachytene,38,off_axis,42.463062885037175,13.61
1532,10.8526509093061,105.86893733783818,192.75260431846243,39.599078418,2.114456831953654,0.6615721817427878,0.0800322061191626,0.6816033607561701,1.0,0.0930305666568985,0.1204280163373206,1.0110116099340276,-26.673967019447222,0.3641715867900834,0.1174175638312213,False,False,True,False,TZ,39,off_axis,27.961983114587365,13.61
527,5.176919485854564,81.29756514581,164.51379400268289,75.372192918,2.620439761267469,0.8334630107995393,0.1881353360643302,0.5714819659876659,1.0,0.0611987818981629,0.2128189654854047,1.095802708008331,6.107580103008216,0.36456637858742,0.3292060769392514,True,False,False,False,pachytene,39,off_axis,26.4595760167974,13.61
1540,11.02646850672306,92.79062372611536,172.17228184713403,13.258337256,1.46825047809031,0.646142958244869,0.0,0.5995,0.9989051094890512,0.238390287069338,0.2307965906942914,0.8797964158694038,-3.8002955311256095,0.3650255566032849,0.0,False,False,False,False,pachytene,39,off_axis,17.261425286294116,13.61
940,6.932731781237731,88.1865833792544,170.02672558892186,34.056005004,2.0107976263527223,0.7527207604353217,0.0759330759330759,0.6534818941504178,0.999896082302816,0.0674361667563698,0.1331882317732382,1.0058616345774964,-0.7329487235963986,0.3654210377923573,0.1161976737424308,False,False,True,False,TZ,39,off_axis,20.899448172098634,13.61
1334,9.895620596993142,116.04134598010064,201.35202227467667,32.299017281999994,1.9756055301768725,0.6935870433582686,0.0599376114081996,0.6740933870585447,1.0,0.119504144053802,0.1895080231478563,1.625208636969319,-37.22343084711137,0.3656684587898538,0.0889158869659614,False,False,True,False,TZ,39,off_axis,37.22431357671517,13.61
368,3.0938685942944346,92.23027628759564,176.77954248095884,18.172742166,1.630962410792257,0.7773331612236996,0.294189852700491,0.3576811594202898,0.9959034066407936,0.2211309532152406,0.4890698419129553,1.05983690880674,-8.186104517366175,0.3657689914591053,0.822491889640757,False,False,False,False,pachytene,39,off_axis,20.098892407643234,13.61
719,5.962113030957506,116.79407464902934,211.46404403347785,26.066285136,1.8393463327864024,0.6198704103671706,0.1887843287881697,0.5116003787878788,0.9964734405995151,0.1420738432927861,0.1228344651840119,1.4969681151512506,-47.2670849443647,0.3660273619890898,0.3690074062014017,False,False,False,False,pachytene,39,off_axis,47.29590466012431,13.61
584,5.497193011509472,118.19791336424774,208.4025858491344,28.329960906,1.8911201494856311,0.6697855427672434,0.0600989865661089,0.6035606820461384,0.999680766161213,0.0567352041925524,0.0832032406433239,1.4619360481484718,-44.57008581702318,0.3663150519778913,0.0995740583405244,False,False,True,False,TZ,39,off_axis,44.57159228478612,13.61
883,7.101889523196639,117.87221527699774,201.5593792474058,29.174440986,1.909727101375445,0.7209938087963335,0.0482720789906747,0.6118155619596541,0.9975579975579976,0.1385404883000088,0.2383705962110752,1.697626427557007,-37.81184752302183,0.367173854951391,0.0788997240214985,False,False,True,False,TZ,39,off_axis,37.841183120328935,13.61
715,5.601538031319924,91.664153901007,171.22278456375787,16.777004255999998,1.5880905755884218,0.6245805369127517,0.0998994301039222,0.5459962756052141,0.9979216152019004,0.1115999529739557,0.1395637804495659,0.9743578727141344,-2.6347920599991115,0.3681606896424546,0.1829672372640048,False,False,False,False,pachytene,39,off_axis,17.933652115715258,13.61
1497,10.31185990538614,101.46331195119916,183.7396821312977,28.264279122,1.8896575252470365,0.7032948792430906,0.1804218248509858,0.5177622377622377,0.9993848992772566,0.0345531924639571,0.0568980546530251,1.0869224671924622,-16.935180912903945,0.3686508956893584,0.3484646266030655,False,False,False,False,pachytene,39,off_axis,20.08409169111138,13.61
1069,7.924406694979234,114.55629323007686,197.19538875843145,28.170448002,1.8875641261031852,0.6423515696560913,0.0632497273718647,0.6537834691501746,0.9990136445832648,0.0529705951056946,0.0597853895930598,1.82226939951198,-32.84722624687976,0.3691135014322456,0.0967441520876634,False,False,True,False,TZ,39,off_axis,32.857771444435095,13.61
1208,9.087857339829212,96.90255737659504,174.5930889695755,25.519718862,1.8263994125294456,0.6576891258387719,0.0836614173228346,0.6229860365198711,0.9998232591021562,0.0418111208236452,0.0408674753059682,0.9921762379216696,-7.03304241959929,0.3692459583990606,0.1342909991854466,False,False,True,False,TZ,39,off_axis,15.070024656036374,13.61
1306,10.31563369764449,118.19962426176215,208.634910311589,34.555655718,2.0205836898464704,0.6429977598262169,0.2172942402143176,0.5504848830576156,0.9986634986634988,0.0626782021548596,0.0651786914547647,1.3115864758546534,-44.79755659948588,0.3705498170557754,0.3947324384411386,False,False,False,False,pachytene,39,off_axis,44.79869367517366,13.61
1529,10.918040435458524,88.49565228615947,167.1644522706088,15.083352539999998,1.5327444686033973,0.6460342146189735,0.0,0.6230228471001757,0.992291088498304,0.0925461231527749,0.0979731191141951,1.0378468544787467,1.9999735837795642,0.3706561355263087,0.0,False,False,False,False,pachytene,39,off_axis,19.9814577393515,13.61
1307,10.072165711115668,119.01826492509774,203.7662997780662,25.367243292,1.8227546784846016,0.5666728315147032,0.0198703200167329,0.7012377294067434,0.9979575163398692,0.1695382456459247,0.1639909913064695,1.4389778830692124,-40.21067848892672,0.3707711574205173,0.0283360680457731,False,False,False,False,pachytene,39,off_axis,40.26785636174342,13.61
1482,10.859588785046844,115.14102962242951,196.55181979065063,31.37478075,1.956578889674913,0.6389532710280375,0.0540646425073457,0.6914475046593498,0.9985450312818276,0.1175272096803685,0.128984845338516,1.3276284346994425,-32.34128883432466,0.3723232950415599,0.0781905237100846,False,False,True,False,TZ,39,off_axis,32.34153114916236,13.61
392,3.0426708398539666,94.67295618153376,175.45091502347404,4.496856426,1.023937552413636,0.6218049034950444,0.0460526315789473,0.4220689655172414,0.8808172531214529,0.3408710390782689,0.2463842213653363,1.0663859538066345,-7.401900817459762,0.3724546118587097,0.109111627106983,False,False,True,False,TZ,39,off_axis,17.346983193282906,13.61
437,4.350713734567968,119.42190234374904,206.3517260127321,24.321026304,1.7973435440613528,0.6889467592592593,0.0638606676342525,0.6344186046511628,0.9994837377387712,0.060066157492134,0.087098286632654,1.5315627444144269,-42.823114554486956,0.3726837244975626,0.1006601432651341,False,False,True,False,TZ,39,off_axis,42.86956141547428,13.61
971,7.404383032463935,120.11268914642282,204.72592395810096,31.576517658,1.9607634734226016,0.5010771859445806,0.1189820280729371,0.6207564026206075,0.9815405651777576,0.2668945590435749,0.165445690092176,1.317239102677006,-41.37933045464114,0.3735185973848296,0.1916726554420354,False,False,False,False,pachytene,40,off_axis,41.48886740757534,13.61
234,2.746768820786153,87.08625949367253,167.1959715189892,7.042025556,1.1890578812874597,0.7528314457028648,0.064312736443884,0.3436657681940701,0.9927228623408126,0.1908737882075703,0.2580485595702121,1.113546238996922,2.2660817699871387,0.3736005320774887,0.1871374527112233,False,False,False,False,pachytene,40,off_axis,21.365859393412162,13.61
690,5.626662484316203,102.8683881116674,184.0223544542,7.478340263999999,1.213124957298416,0.698870765370138,0.0466732869910625,0.3385416666666667,0.998458376156218,0.1464742191786648,0.3041224277154083,1.0111287155013815,-17.50751979185784,0.3739180813801316,0.1378657092659078,False,False,True,False,TZ,40,off_axis,19.910712796255062,13.61
874,6.635895328127048,87.8617765310328,164.7402356350159,17.121833621999997,1.5988972458109167,0.6218660090423346,0.0285110876451953,0.6192028985507246,0.9964061096136568,0.0522522137460558,0.0415691408612936,1.0531459786957764,4.503322962440323,0.3740693932431524,0.0460448226452541,False,False,False,False,pachytene,40,off_axis,20.090391928573908,13.61
876,6.551759220008343,93.96744302670749,171.07398240779858,16.601070905999997,1.5825198458779512,0.4863642786491451,0.0731769505354411,0.6247592847317744,0.987391304347826,0.1464643314522615,0.1131415366992056,0.9766616287502488,-2.974568757932561,0.3741610190345698,0.1171282321428131,False,False,True,False,TZ,40,off_axis,15.739731116137726,13.61
1270,9.68752944535612,92.7454173317165,168.51334662003072,32.862004002,1.9870180472090908,0.5884074523520594,0.0916824196597353,0.6564342698577871,0.9976635514018692,0.0932068438820838,0.0985310970038399,1.007244432607819,-0.21395500948266424,0.3743924846096945,0.1396673267524528,False,False,False,False,pachytene,40,off_axis,16.112666559233375,13.61
1357,9.395583216221269,99.14789987954244,177.7782440875335,23.368640436,1.7735697751502515,0.6205581208592652,0.1051136363636363,0.580952380952381,0.99806409980641,0.0431791086107099,0.0522122126933646,1.0605492522622209,-10.619743766525797,0.3755117919212478,0.1809333084947838,False,False,False,False,pachytene,40,off_axis,15.878311388411474,13.61
1335,9.923161764706274,116.84192150735346,211.77364025735267,24.245961408,1.795492519534485,0.6300309597523219,0.050173869846001,0.674163179916318,1.0,0.1025705810322415,0.0927590899972233,1.354353658717967,-47.57981282746473,0.3755792271071576,0.0744239248607866,False,False,True,False,TZ,40,off_axis,47.60908657762872,13.61
206,2.799333333333373,119.48316365853684,211.52304568292615,28.853069399999995,1.902688983704712,0.6465853658536586,0.0427218674300814,0.6763285024154589,1.0,0.1515923423250084,0.1766395337875997,1.4268996181720692,-47.891279006468096,0.3760081680037072,0.0631673325573347,False,False,True,False,TZ,40,off_axis,47.90100967782014,13.61
507,4.454757630161438,92.93719780071874,168.3582413644545,26.13196692,1.8408899642901129,0.7070017953321364,0.1050178228681107,0.5508578431372549,0.9993587688361656,0.1446508334369652,0.2384352803233144,1.0315373964480137,-0.10273365679831997,0.3761847275089564,0.1906441456293179,False,False,False,False,pachytene,40,off_axis,15.891425379164726,13.61
815,6.435484392690012,119.82919446870392,198.3194574478416,29.007890748,1.9060860983386945,0.7147016011644833,0.0749868904037756,0.6473922902494331,0.999866220735786,0.0909864685553773,0.1843766033462486,1.3584057592648635,-35.05692146981815,0.3764129258123019,0.1158291371911209,False,False,True,False,TZ,40,off_axis,35.294162601140144,13.61
1483,10.890028647999072,121.141661741058,204.5882179096207,25.383663738,1.8231478888499504,0.6041955456981795,0.0541077738515901,0.6843334111604016,1.0,0.1152512107561397,0.1420537207057542,1.2899078653887623,-41.46149101581966,0.3765203920983012,0.0790663921550189,False,False,True,False,TZ,40,off_axis,41.658603603970946,13.61
396,4.784449760765685,118.1196301573424,198.4417357080563,101.975661216,2.898250861046381,0.8312937062937062,0.1741920954847426,0.569266430324516,0.9997289483194796,0.1307578176482207,0.4401839473957207,1.023926634451092,-34.8162975389357,0.3765311640657414,0.3059939708467312,True,False,False,False,pachytene,40,off_axis,34.89812383172947,13.61
1072,8.385007974481482,117.42708181818315,215.0612545454537,27.945253314,1.8825209316576896,0.5723159573575086,0.1183595777816231,0.5778213935230618,0.9554968054637586,0.1512446246592006,0.1137925891788394,1.3661417021903397,-50.916919403757205,0.3765639364639022,0.2048376524447587,False,False,False,False,pachytene,40,off_axis,50.9483692619621,13.61
1278,9.637731175693252,112.23567493395156,192.47359089332883,28.412063136,1.8929452541652585,0.687830250990753,0.0078719496195224,0.6881777307590584,1.0,0.1483442105741804,0.2087320698875717,1.7866227689296972,-27.742510902767382,0.3767296719496288,0.011438832248814,False,False,False,False,pachytene,40,off_axis,27.822344934249333,13.61
1283,10.32962330806144,120.29655603143632,199.4504136426807,59.097185154,2.416347523289909,0.7133330687095623,0.0924855491329479,0.6185267238991969,0.9999323455787836,0.1423612404235646,0.2411703005485902,1.316470061315956,-36.26095546025022,0.3769211894427028,0.1495255508928027,False,False,False,False,pachytene,40,off_axis,36.515490745893636,13.61
398,4.249389221556747,120.25600871856264,203.393301377246,19.5872463,1.6722258206160103,0.6286227544910179,0.0139904610492845,0.6684940341825217,0.999758337361044,0.0747506938585895,0.0831850839052813,1.7332924770979343,-40.10680973701752,0.3771386221483027,0.0209283259593977,False,False,False,False,pachytene,40,off_axis,40.253525643783306,13.61
436,4.107078651685446,117.89681414927831,215.55440956661477,29.228393879999995,1.910903608967501,0.6108346709470305,0.0465985057019268,0.685914621571458,0.9996620479891856,0.0759858674574376,0.0866765269710719,1.5072599002453733,-51.49796601447138,0.3771449835863202,0.0679363061180526,False,False,True,False,TZ,40,off_axis,51.51794364997526,13.61
882,6.689060389735623,117.42542946170192,195.6319874782922,24.316334748,1.7972279666998316,0.6859926683387999,0.1037995594713656,0.6211981566820276,1.0,0.0405300320819711,0.0709651807266755,1.8547931791443169,-31.923360357832888,0.3775108830195823,0.1670957300095426,False,False,False,False,pachytene,40,off_axis,32.0062314032491,13.61
214,2.162282761860004,88.68892510568381,165.5880802489416,9.988322724,1.3359841905038727,0.7167684358853922,0.1446808510638297,0.3805970149253731,0.9890214797136038,0.298194803091316,0.3577545654740213,1.0202171386364172,3.5002494435263682,0.3785077847511013,0.3801418439716312,False,False,False,False,pachytene,40,off_axis,19.460424651992355,13.61
1003,7.861443298969069,122.88682173048402,207.50222580265032,31.85566524,1.966524477674604,0.5848306332842415,0.0396865951285981,0.7146151117417524,0.99967845659164,0.1408560940294926,0.1432684808263099,1.5195567059035882,-44.67775595880636,0.3791229403553752,0.0555356225701257,False,False,True,False,TZ,40,off_axis,44.972430671487245,13.61
618,5.025837141358785,104.90592797587688,182.9480202636861,62.627581044,2.4635365467241828,0.5661098209603715,0.1765124049193147,0.6015193370165746,0.9944470588235296,0.0571882793279813,0.0541747728420691,0.9692259783709568,-16.886550401316818,0.3795071413116673,0.2934442736201696,False,False,False,False,pachytene,40,off_axis,18.382889368794075,13.61
440,4.414687331050601,123.3896894034959,206.8914485492883,26.033444244,1.8385735444876807,0.6831861596684088,0.0249584026622295,0.6666666666666666,1.0,0.0958572219136796,0.1321683902492256,1.3965979036451972,-44.186626835154264,0.3795716299984897,0.0374376039933443,False,False,False,False,pachytene,40,off_axis,44.56047959537092,13.61
508,4.323227103072079,91.17190258397774,165.5561857881121,16.340689547999997,1.574202471528286,0.6491530289979902,0.0530802014722975,0.6108837970540099,0.9991289198606272,0.0570972513520681,0.067470800562254,0.9978657867527168,3.008333479567463,0.379785948403023,0.0868908321488916,False,False,True,False,TZ,40,off_axis,17.02645400739762,13.61
1390,10.520422819333238,120.26829041394338,212.36113817477496,29.071226754,1.9074723432624856,0.6884531590413943,0.0220364741641337,0.6837606837606838,1.0,0.1126005934420657,0.1563719520119281,1.394872507640808,-48.87596643886741,0.3799729487054298,0.0322283434650456,False,False,False,False,pachytene,40,off_axis,48.90074132761069,13.61
439,4.645149518499796,122.23693103902554,203.6409306842389,23.14109997,1.7677945733554972,0.6510897110998479,0.0835995740149094,0.6234747239976758,0.9980380616048656,0.0806787157366637,0.1187929388879528,1.411616627856361,-40.76620692223339,0.3802127024473469,0.134086548816085,False,False,True,False,TZ,40,off_axis,41.111609785341216,13.61
721,5.8567393665913166,122.38461997994312,198.81083584858328,28.071925326,1.8853610480057656,0.7132113311606919,0.1206764027671022,0.5212703962703963,1.0,0.1303130373709122,0.2300373200908552,1.2938045812946033,-36.07562914022285,0.3802232276117494,0.2315044238662352,False,False,False,False,pachytene,40,off_axis,36.652971301355905,13.61
50,1.6153576864536403,122.62007052511228,208.6387961187229,30.82352292,1.94505202305426,0.660882800608828,0.0,0.6485637342908438,0.9995680967463288,0.1361068753604395,0.1634363960768656,1.492331581140967,-45.73262083624988,0.3804717835426429,0.0,False,False,False,False,pachytene,40,off_axis,45.96736351673316,13.61
811,5.77662790697667,96.44517976744086,169.22101674418545,8.06947632,1.24428227353126,0.4831395348837209,0.0,0.6282339707536558,0.9470644850818094,0.0903295001682667,0.0752110921459905,1.0124420342448015,-1.685180218528651,0.3806278442092339,0.0,False,False,False,False,pachytene,40,pre,12.755413524645471,13.61
1419,10.58273188363523,93.44650946773166,165.66760164985533,40.237130034,2.1257529759619973,0.8183991138576342,0.0537667071688943,0.6423756019261637,0.999140759256366,0.0765306646453125,0.2234387467701993,0.9698688075461854,2.420221459282451,0.3807778812434944,0.0836997965172942,False,False,True,False,TZ,40,off_axis,14.826368958708601,13.61
812,6.598033080017919,114.43152286991408,192.36588764416803,26.23752693,1.8433653908009864,0.715690657130085,0.0298962782184258,0.6654088050314465,1.0,0.0598211297810088,0.0977815790059095,1.4682509067934135,-28.099829229996647,0.3811569667394948,0.0449291893830786,False,False,False,False,pachytene,40,off_axis,28.0999000384785,13.61
1484,10.73220841221453,122.78843443904704,207.97125611161368,28.498856922,1.8948708314532443,0.6193102312947567,0.078868751244772,0.632,1.0,0.1621546507166373,0.1645692011772365,1.4517833232708968,-45.115532219482844,0.3817407158474384,0.124792327918943,False,False,True,False,TZ,40,off_axis,45.38570788335065,13.61
842,6.531313491356409,93.12452764213246,165.5946374799477,13.162160357999998,1.46469159510629,0.6241311709142756,0.0,0.6543385490753911,0.9977392614920876,0.02787716226802,0.0241694557954632,0.9617711590145304,2.559380731241804,0.3823160533740313,0.0,False,False,False,False,pachytene,40,off_axis,15.125752931449702,13.61
1480,10.716643434624846,111.48583758015144,187.50199102313923,25.242917058,1.8197719939141,0.7043955022767401,0.0687939110070258,0.6387928324426281,1.0,0.1548059992711957,0.2440850861267271,1.3086905925670969,-22.724519980061654,0.3826580424949543,0.107693617575467,False,False,True,False,TZ,41,off_axis,22.79505139723671,13.61
1026,7.660913705583859,97.42045190764532,167.1952317995756,14.325666246,1.5066373858936817,0.6677583101359097,0.0,0.6436668309512075,1.0,0.0568855647668739,0.0754058432534668,0.9735596299044093,0.08967666645010802,0.3832596263377653,0.0,False,False,False,False,pachytene,41,early,11.26344412668038,13.61
320,3.7118651685393256,119.98858779775276,196.2848182921344,10.438712099999998,1.3557702614996126,0.70561797752809,0.1465798045602605,0.3564885496183206,0.9970770917062476,0.2071186167940619,0.3482616520328297,0.9849436673720536,-33.1015260146566,0.3838605199482853,0.4111767536915231,False,False,False,False,pachytene,41,off_axis,33.42930198539747,13.61
1535,11.06580992689492,119.62975512120076,194.19572606387223,30.48338511,1.9378709890400576,0.6492497114274721,0.0726347914547304,0.7046950416849496,0.9998552612534376,0.1331517798552947,0.1630524313793472,1.3047725595802264,-30.983723720125408,0.3845201589583723,0.1030726586085495,False,False,True,False,TZ,41,off_axis,31.347099956107265,13.61
1068,7.873852102464816,111.92265855485796,187.53240300869967,19.413658728,1.667271246785178,0.7056549057515709,0.0283207020343039,0.6522988505747126,1.0,0.1261754670278698,0.1995761761162856,1.5533373212896395,-22.846275506678488,0.3846786753731818,0.0434167590658051,False,False,False,False,pachytene,41,off_axis,22.88738681734226,13.61
51,1.412048408785344,123.1115177050639,212.6650449843119,26.16715359,1.8417158459461225,0.6415060510981623,0.0064596273291925,0.7339334833708427,1.0,0.2342478989651634,0.2813452014086601,1.4303761326178035,-49.77204185878506,0.384780154758339,0.0088013797919731,False,False,False,False,pachytene,41,off_axis,49.955024000290045,13.61
1504,10.968934471150028,124.70276545056085,202.69801237767336,29.962622394,1.9267723435762405,0.7060988021608079,0.0570208490329062,0.6678209909429942,1.0,0.1039535108002749,0.1542513304940887,1.3882219408417824,-40.363933817584844,0.3848417112106593,0.0853834332945872,False,False,True,False,TZ,41,off_axis,41.134976166835685,13.61
1392,10.506514361393682,122.91781961757997,197.41378678917133,28.339344018,1.8913289111983231,0.7258505090638192,0.0482758620689655,0.6147342995169082,1.0,0.0762827342225313,0.1322108659213735,1.291891687406097,-34.822264819647344,0.3849123215904184,0.0785312648194566,False,False,True,False,TZ,41,off_axis,35.57827933055139,13.61
1521,10.807372139456056,115.37728274458584,191.0810452849026,30.546721116,1.9392121797866608,0.7916602672400552,0.0348630380647456,0.6586804275709547,1.0,0.0807790641955733,0.2045331977620337,1.2549843652957726,-27.043068344706317,0.3854559956408425,0.0529286078733379,False,False,True,False,TZ,41,off_axis,27.07232641513948,13.61
1459,10.757214273400672,119.3804379158771,217.40252334942545,27.215716356,1.86599461850412,0.6306671263575245,0.0309814563545907,0.6772462077012835,1.0,0.0673656857907809,0.0823543738791507,1.203749654472408,-53.61716054672859,0.3858509037660257,0.0457462234594835,False,False,False,False,pachytene,41,off_axis,53.61846212474599,13.61
1276,10.385127472975224,103.6449819416655,173.28935227819434,57.50674767,2.3944736694230766,0.6892922700387518,0.0363107287449392,0.6976499934357359,0.9998613229787824,0.1130931486802816,0.1590299911798894,1.6659766021340616,-7.179008011990511,0.3860465599803789,0.0520472000094471,False,False,True,False,TZ,41,pre,9.659282744748774,13.61
319,2.633500501504449,119.76470100300894,195.1890001367724,25.726147326,1.831310762325492,0.7542627883650953,0.0503875968992247,0.5576994434137291,0.9994715286035144,0.1041547483290927,0.2525889840546104,0.9738766559982336,-31.983134844068925,0.3867055854269499,0.0903490177268202,False,False,True,False,TZ,41,off_axis,32.32398966820393,13.61
814,6.802391466811894,117.62904543787072,219.02740186833807,34.527506382,2.020034879147962,0.6763367076567701,0.0492915585711435,0.6194374475230898,0.999493670886076,0.06532557704164,0.0969927216096554,1.348808499793123,-54.83660158696071,0.3868408346306907,0.0795747153618867,False,False,True,False,TZ,41,off_axis,54.89032756442338,13.61
813,6.13276880381378,118.86780040560778,192.0654453426314,32.965218234,1.9890961736571735,0.7088166227851704,0.0802427511800404,0.6251221896383187,0.999878787878788,0.0900855953080105,0.1697097109923165,1.5390881004995451,-28.740730684266335,0.38685542245805,0.1283633064224884,False,False,True,False,TZ,41,off_axis,29.085198590481085,13.61
48,1.8084551811825256,121.21344104418164,216.0367608232668,29.519270352,1.9172217022787876,0.6758582326764144,0.0262592504177607,0.6535915665604315,0.9998560736902706,0.121427917635334,0.1737252585015349,1.3103180615445669,-52.66821319567612,0.3869146780104046,0.0401768501328005,False,False,False,False,pachytene,41,off_axis,52.69583569474755,13.61
1065,8.141998907700575,96.6761351720358,165.347483397048,12.885358553999998,1.4543512199190405,0.6031312579646824,0.0059279525763793,0.6137614678899083,1.0,0.0638747384075908,0.0606141501868255,0.9615961846370528,2.0527624963425373,0.3870815410883731,0.0096583980691382,False,False,False,False,pachytene,41,early,11.601786536713856,13.61
256,2.9337650323774547,119.08314680851092,219.3623429463448,30.429432215999995,1.936727027151407,0.602913968547641,0.0344892221180881,0.6909337992622792,0.9993419970389866,0.1043365180802407,0.1046730170802894,1.437635162938078,-55.47036439409885,0.3871392569563969,0.0499168258303658,False,False,True,False,TZ,41,off_axis,55.480820680643255,13.61
1246,9.415977073257846,107.23807611499204,178.716047017735,26.192957148,1.842321022065236,0.6628156904889844,0.032133676092545,0.6297476759628154,0.999831365935919,0.0909935798333312,0.1245612529743433,2.012102109724246,-13.240875482041032,0.3871764497081157,0.0510262718213547,False,False,True,False,TZ,41,off_axis,13.859137554659114,13.61
321,3.2126947866526123,124.57110085665428,202.01754681406496,28.752200946,1.9004691692709963,0.705719180876234,0.0569934640522875,0.6271139451067369,1.0,0.0534079705190492,0.0906020114957018,1.669258007438055,-39.67100203618437,0.3878660211663747,0.0908821506793108,False,False,True,False,TZ,41,off_axis,40.45812555455878,13.61
1304,9.742082267689488,101.58957204283872,168.3861187340174,44.025561504,2.1904773396810384,0.6650149190110827,0.0969548980178109,0.6009225385716558,0.9989858012170384,0.0859655364607078,0.1302501777619561,1.9147140666765143,-1.9528010637930495,0.3880094297300534,0.1613434208147108,False,False,False,False,pachytene,41,pre,7.690830462855544,13.61
1425,10.28679187662265,109.85296147503328,183.45746314704655,30.725000244,1.9429774573841645,0.7615666513971598,0.174246430460074,0.5433877681716298,0.999878758486906,0.0396020451861574,0.1016080391652143,1.7479848293985023,-18.42676271558611,0.3885205995607508,0.3206668251778499,False,False,False,False,pachytene,41,off_axis,18.60044865296205,13.61
258,2.586786786786756,121.12268452088344,194.77969352989248,8.592584813999999,1.270608450594834,0.6762216762216762,0.1049056603773584,0.3895446880269814,0.994700582935877,0.1330147947281154,0.1796027808555216,1.0268320129389623,-31.869103941557157,0.3890820923325804,0.2693032753410112,False,False,False,False,pachytene,41,off_axis,32.44681069898149,13.61
56,1.245677161419251,126.64704988220136,208.13666466052732,32.857312445999995,1.9869234835898064,0.7085742842864282,0.1834366873374675,0.4975502204801568,0.9998652654271086,0.0921009478977734,0.1287024750618188,1.4562744918154285,-46.09013190231369,0.390267769777859,0.3686797428417245,False,False,False,False,pachytene,41,off_axis,46.900716008276525,13.61
1462,10.600542457750691,124.60766848529208,211.7754417483834,22.486627908,1.7509694739874115,0.6330064677654914,0.0211463550361713,0.652927799886299,0.9987215001065416,0.0626566013155764,0.0753040477506693,1.204107372151625,-49.217601766975875,0.3905009142702926,0.0323869730157818,False,False,False,False,pachytene,41,off_axis,49.5725718633976,13.61
1503,10.79743992071979,123.90119231976198,195.09229435956655,28.405025802,1.8927889544986107,0.5727970930712694,0.140126329787234,0.5986854823120047,0.9967139042924624,0.071706023192005,0.0505346834496122,1.119643680428843,-32.76004365430027,0.3905635251450292,0.2340566690311145,False,False,False,False,pachytene,41,off_axis,33.90737732278618,13.61
47,3.11179402630264,118.30847135462572,191.3300484452211,122.360472036,3.079764520191318,0.7991833135232544,0.0439901432873961,0.689546539379475,0.99981951320132,0.1511982334708053,0.45022549684745,0.9348196105144774,-27.90400334690936,0.3911273158346108,0.0637957567403398,True,False,False,False,pachytene,41,off_axis,28.199440017450815,13.61
509,4.527180156657993,126.34355054177476,196.94092026109723,35.93731896,2.047162676484922,0.7134464751958225,0.1479037267080745,0.5815489749430524,1.0,0.0208641348341335,0.0360389310479142,1.6024652483399977,-35.08171761716009,0.3912230534675904,0.2543272073045229,False,False,False,False,pachytene,41,off_axis,36.69003957157606,13.61
1464,10.65815622223752,127.2261077496056,207.3930641905285,34.325769474,2.01609297991585,0.6516093760677919,0.2404648390941597,0.5313848568065909,0.997059255991766,0.0825234260482749,0.1159015169739699,1.2777107083249435,-45.48521171274458,0.3915359720000691,0.4525248245485515,False,False,False,False,pachytene,41,off_axis,46.4473138646506,13.61
1114,8.644162129461579,127.2614945812798,204.8490709359614,27.142997238,1.864331186043069,0.6395298591305851,0.0349375289217954,0.6801726204747063,0.9993193806363792,0.0923189080248899,0.1067724476086233,1.4611776400802563,-43.00576899044535,0.3915654344184797,0.0513656796379305,False,False,True,False,TZ,41,off_axis,44.14749953971659,13.61
1481,10.181954612006306,113.61510395314892,184.28006112738123,25.634661984,1.829137395310927,0.6583089311859444,0.0589717741935483,0.6906802356722014,0.9984932194876946,0.2257561765439348,0.2773995847525143,1.2604388241418436,-20.023478172679944,0.3920304878911665,0.0853821655055097,False,False,True,False,TZ,42,off_axis,20.046884219881154,13.61
970,7.57605013218483,110.64531587192651,181.63810260452377,23.957430714,1.788341866474879,0.7169294037011652,0.0527522935779816,0.5766170875129712,0.9993379675604104,0.0585332391570947,0.1137607708564259,1.7437889824914587,-16.815161691685894,0.3922304284202209,0.091485831274112,False,False,True,False,TZ,42,off_axis,16.871539008786584,13.61
1516,10.872578734018878,109.3131368755832,177.8144234050522,37.61455023,2.0785274033393697,0.7220455254131587,0.0662057406243452,0.6874579313439533,0.9994023309094532,0.1515779068217994,0.264060780512226,1.3237629680382,-12.796645094655787,0.3923322073439061,0.0963051520766014,False,False,True,False,TZ,42,pre,12.933257466038883,13.61
53,1.548954795864518,123.74980289789472,216.72205510527635,31.083904277999995,1.95051360783116,0.6416119538148064,0.0126819126819126,0.6835123183828175,0.9995579133510168,0.0837821840694949,0.1010235062986862,1.404053486154855,-53.872468457632216,0.3924531970275015,0.0185540367610607,False,False,False,False,pachytene,42,off_axis,54.023819033335855,13.61
781,6.998888447796785,121.837872608176,219.87905944819155,35.454088692,2.037945532116388,0.6076485377795422,0.1786703601108032,0.5430016863406408,0.9998406374501992,0.0652154254364942,0.0651542320194278,1.3122393920295905,-56.55582854876293,0.3926160145178899,0.3290419985891501,False,False,False,False,pachytene,42,off_axis,56.575901491638355,13.61
880,7.571005659555844,108.51579847627248,177.18067022202777,16.164756198,1.568532481213762,0.7295022493106951,0.084029484029484,0.4468884120171674,0.9961786481967996,0.1708329653967351,0.3382915733977585,1.5591511090678327,-12.009138275211129,0.3927228053758592,0.1880323628222788,False,False,False,False,pachytene,42,pre,12.270846634900094,13.61
743,6.075864647597648,115.0148632080754,187.54519946719077,25.095133044,1.8162137714400228,0.7680874929893438,0.02858261550509,0.619105199516324,1.0,0.0937980796124086,0.2042208657563966,1.7593822359453588,-23.510226678181265,0.3928019296348247,0.0461676230912293,False,False,False,False,pachytene,42,off_axis,23.567980054732214,13.61
1461,10.718037077426583,123.5811024427472,216.60342497273916,32.26617639,1.974935719808472,0.692620865139949,0.0746333989932152,0.6137653736991485,0.9998683690930632,0.1301129640867743,0.1969576065420268,1.2976784199803972,-53.72096025708547,0.3928138170553264,0.1215992335041671,False,False,True,False,TZ,42,off_axis,53.86242146937996,13.61
549,4.363359557109363,92.71887395104838,158.7766435533231,64.405680768,2.486633929881791,0.8222974941724942,0.1729106628242075,0.5593359294937488,0.9997523649150613,0.1576510607733149,0.4197495454335435,1.027326715125196,9.309816636822248,0.3933489848712147,0.3091356262071486,False,False,False,False,pachytene,42,off_axis,14.085939878430013,13.61
716,5.949657343952373,99.73910464901071,164.00056152991087,25.329710844,1.821855274315394,0.6474347101315059,0.0265916645359243,0.6934594168636722,0.9994709927702344,0.0539239336318313,0.0568922130136365,0.92742004320937,2.7241721783443706,0.3936022964927547,0.0383463889728272,False,False,False,False,pachytene,42,early,8.323800940045313,13.61
257,2.404473493100912,123.11477934640504,193.9546037037039,16.15068153,1.568077108135126,0.6506899055918665,0.1042830540037244,0.5268191268191268,0.9975852701479022,0.117089704481269,0.1235950407941856,1.000840738688247,-31.48221104740022,0.3937466117317169,0.1979484963527681,False,False,False,False,pachytene,42,off_axis,32.536821565481134,13.61
24,2.3471301124564845,100.5842472140423,168.1532688575455,617.6503847339999,5.283049773199416,0.8525235185318816,0.1651581278352288,0.6421415879065695,0.9999712774360324,0.0356939563747885,0.1298859459444756,1.0069369794918313,-1.5133829908225482,0.3938021087962353,0.2571989276907869,True,False,False,False,pachytene,42,pre,8.508164300959741,13.61
999,7.746134611377421,105.4655256407606,172.6640733694533,22.514777244,1.7516998054481108,0.6774327984996875,0.0285534985880138,0.6689276485788114,1.0,0.0782102326601941,0.1097644792093828,1.8112352708246795,-6.9513005539123585,0.3938988945663724,0.0426854812305604,False,False,False,False,pachytene,42,pre,8.308594406987394,13.61
1520,11.05836909871219,115.84482253218845,185.59956075643973,26.235181152,1.8433104535240032,0.6321530758226037,0.0976091248080719,0.6300437530384054,0.9994488333639536,0.1043021122753525,0.1290334515267822,1.3257971542854252,-21.78310389704587,0.3941207799100882,0.1549243593597253,False,False,False,False,pachytene,42,off_axis,21.971375118025108,13.61
1514,11.223745277927485,102.69259654614042,166.52296837560803,8.693453267999999,1.2755610172810092,0.6260118726389639,0.0616113744075829,0.5072150072150072,0.9873417721518988,0.1141286516725571,0.1120058306957728,1.6124033638641022,-0.36384260027657245,0.3943164305957487,0.1214699358874963,False,False,True,False,TZ,42,pre,5.979076978198713,13.61
49,1.4493716337522382,121.21673554757518,192.51342540395115,7.839590075999999,1.23235239957139,0.5029922202274087,0.0326150262085032,0.5460565924142083,0.9991735537190084,0.2066635448665312,0.1787160134202741,0.9863912989906396,-29.673512211787013,0.3945577835837881,0.0597282894512941,False,False,True,False,TZ,42,off_axis,30.412803727594984,13.61
1479,10.524038647342763,106.86380597101538,174.88221217391245,24.2788023,1.7963028121876254,0.7342995169082125,0.039804469273743,0.6643636363636364,1.0,0.0740771521902055,0.1387917458409832,1.2380510423648874,-9.414236040237967,0.3946864917959587,0.0599136784361211,False,False,True,False,TZ,42,pre,10.0975753099006,13.61
471,4.555067033058503,118.5409829128168,222.89856170372693,28.170448002,1.8875641261031852,0.577566824881339,0.0595105672969966,0.6666666666666666,1.0,0.1496058927260076,0.1303537392321591,1.7108538987909612,-58.81299994613788,0.3949003725825281,0.089265850945495,False,False,True,False,TZ,42,off_axis,58.86001380065848,13.61
742,6.696015583495592,112.53928238888092,183.2240572870545,26.493216732,1.8493340288021964,0.7187001947936957,0.0721378504672897,0.5999370475291155,1.0,0.1130407818089743,0.1791872751404867,1.832954205072422,-18.764528685414316,0.3955175928873386,0.1202423667022977,False,False,True,False,TZ,42,off_axis,18.76504529089994,13.61
1502,10.406750089381855,121.6560810439726,190.12568747944363,32.805705329999995,1.985882689174768,0.6855202002145155,0.0686149936467598,0.6773533424283765,0.9977675803050974,0.1902086261172576,0.2637134093844006,1.040280064074511,-27.431920846617427,0.3955640607660021,0.1012986713858508,False,False,True,False,TZ,42,off_axis,28.464565192550243,13.61
1513,11.078908928304651,101.72036740199736,165.40039612460663,15.737824601999998,1.5546001209661644,0.7351319123565361,0.0919775166070515,0.5993247045582443,0.9985832349468712,0.1710470242658958,0.3336836315048207,1.7021380747357688,0.9383572306156213,0.3958798170784295,0.15346858874247,False,False,False,False,pachytene,42,early,6.681910577887156,13.61
59,1.312450175849947,127.88478747948125,212.31417245017653,30.01422951,1.9278779224829004,0.6644001563110591,0.0,0.6674429436422916,1.0,0.1699143677578211,0.2123639087762061,1.551546415788735,-50.43463983384097,0.3959239870721416,0.0,False,False,False,False,pachytene,42,off_axis,51.23345127998578,13.61
1027,8.114377240485377,104.21634410037358,167.0244380291374,30.755495358,1.943620058162336,0.7425825642590191,0.0905416329830234,0.5528888888888889,0.9997502185587612,0.0502988625162103,0.1130476029269639,1.5412872833620797,-1.175069061128205,0.3961273284875431,0.1637609921316742,False,False,False,False,pachytene,42,pre,4.7323028702212335,13.61
1524,11.02058477813756,127.40715290919586,198.6441273288264,31.930730136,1.9680679096651348,0.722230384954452,0.0842819084524097,0.639513356254959,0.9993999039846376,0.0763649642803904,0.131403674864623,1.3046615588187305,-36.970770733904544,0.396170400537268,0.1317906930763281,False,False,True,False,TZ,42,off_axis,38.69580071609973,13.61
1309,9.334821507661983,123.56205926122806,191.95281373903796,26.481487842,1.8490610804809664,0.6233501638763398,0.0939697421691881,0.6380526810912511,0.99981738495252,0.0418362246805517,0.04152281107067,1.329121010249376,-29.61957727325956,0.3961712185967204,0.1472758362342013,False,False,False,False,pachytene,42,off_axis,30.978833258196946,13.61
1518,10.632123982288263,112.64712116126432,181.9722003856569,32.845583555999994,1.9866870351532169,0.7208255963433795,0.0817477096546863,0.6311077001790739,0.9989460124136316,0.1549312864394039,0.2629975898554464,1.323981689908629,-17.563486179801085,0.396172761999876,0.1295305217025411,False,False,True,False,TZ,42,off_axis,17.57084255357844,13.61
1477,10.610010412018651,106.67466233824388,170.30742838018546,31.541330987999995,1.9600348900196805,0.7211810203778075,0.102250957854406,0.6209655908242198,1.0,0.0416832293312144,0.0829831513764945,1.3619939166380013,-4.9022779901355795,0.3962799594911049,0.1646644505997287,False,False,False,False,pachytene,42,pre,5.681906100287222,13.61
1070,7.882338674751119,115.9611016630573,184.83000504114528,27.08200701,1.862933756775624,0.7418796015591165,0.0451778276193527,0.6268456375838927,0.9998628822158234,0.1272462474374823,0.239775217450711,1.386896512590332,-21.05531631560549,0.3963599660081967,0.0720716950244492,False,False,True,False,TZ,42,off_axis,21.289040585053048,13.61
1465,10.671452328159294,127.03905174611866,213.0292217294903,25.390701072,1.8233163556674727,0.558019216555802,0.0716087715893654,0.6684782608695652,0.9976958525345622,0.1084148021889396,0.093702193148792,1.2921129676060803,-50.955467971662564,0.3970793827287366,0.1071220648166116,False,False,True,False,TZ,42,off_axis,51.585001159946955,13.61
619,6.1069449390980095,110.16340182349153,177.54066656456894,32.932377341999995,1.9884354227144725,0.6551036398603889,0.1018363939899833,0.5458488228004956,0.998157596371882,0.0903757716490979,0.113565291934624,1.7626381021657689,-12.708159534043576,0.3974054897007233,0.1865651985242146,False,False,False,False,pachytene,42,pre,12.74635177900186,13.61
1337,10.518039731230653,123.07548321647538,220.7154079097254,32.118392376,1.971915935709941,0.4375547765118317,0.0841955048162682,0.6570575249967536,0.9737617924528302,0.1267290746066463,0.0457254185998692,1.2733323111973125,-57.63413691256517,0.3977948354657774,0.1281402337134549,False,False,True,False,TZ,42,off_axis,57.690105835283795,13.61
1523,10.857235142118736,119.46764169089154,187.71695668604565,29.050114751999995,1.907010485534199,0.6522932816537468,0.0312710911136108,0.6748722712494194,0.996155029221778,0.0756596566163112,0.0930157190227149,1.252508396031268,-24.616206248094304,0.3981879530833473,0.0463363105076421,False,False,False,False,pachytene,42,off_axis,25.328752470424472,13.61
745,5.783521539104972,123.18399716122656,189.9116765213307,44.87004158399999,2.204394341585562,0.627404851526558,0.0939486397152301,0.7150273607408447,1.0,0.0604948100215882,0.0798222360803882,1.293079490758109,-27.544602615307447,0.3984817191615545,0.1313916709675128,False,False,True,False,TZ,42,off_axis,29.020242955983168,13.61
1113,9.332776929095449,119.65382190841405,222.62570321175167,62.958335742,2.467865821574477,0.7128432504936846,0.1138323559848223,0.6335798624626963,0.9995539980885632,0.1560029544240938,0.2803282073126862,1.6301703912162553,-58.78070965418419,0.3984820570073278,0.1796653630094257,False,False,False,False,pachytene,42,off_axis,58.79309502469198,13.61
846,6.501708542714139,123.6235973869343,192.9426994723628,28.00858932,1.8839420602283496,0.6484924623115578,0.0660881174899866,0.6773886109125566,0.9984247006931316,0.2296209725047062,0.303574067824176,1.6137564066452588,-30.600211121232682,0.3985147385330608,0.0975630774201456,False,False,True,False,TZ,42,off_axis,31.875857594245034,13.61
1488,10.848144938952109,126.92163688853763,192.60689638440368,29.77965171,1.9228423035652067,0.6418274911382433,0.0558554817275747,0.6679129096107324,0.9990839694656488,0.0733754311953593,0.0895870076232162,1.403567895959227,-30.96675016081611,0.3999674745075815,0.083626893452513,False,False,True,False,TZ,42,off_axis,33.29143191078416,13.61
1287,9.81836928933993,130.7117263800773,207.4034419654209,29.575569024,1.918439759596464,0.6411008883248731,0.05591487586063,0.6592265193370166,1.0,0.0786905150771975,0.0970006722325993,1.416684790652014,-46.22967991644373,0.4001549965713765,0.0848189115887867,False,False,True,False,TZ,42,off_axis,47.97162777611392,13.61
69,1.2095554469956389,130.8001371177345,208.69546499267284,24.00903783,1.7896250449283335,0.6327308255984367,0.0,0.7190742218675179,1.0,0.1774655112711491,0.2084135927252195,1.4594653959153316,-47.51133142728486,0.4001608429235803,0.0,False,False,False,False,pachytene,42,off_axis,49.15989802477332,13.61
438,3.5352056379510834,122.49075165667404,188.74420792047823,22.301311446,1.7461461785739376,0.6617229409908488,0.0563380281690141,0.6389925373134329,0.9984371947646024,0.0487788260904131,0.0718069183583899,0.9358026129982524,-26.257288183803272,0.4002192057443466,0.0881669579520921,False,False,True,False,TZ,42,off_axis,27.66246869462272,13.61
260,3.316222193313413,129.72898019383234,202.2437691882412,36.063990972,2.0495651384740987,0.6868739430206843,0.164381183822253,0.4867054424594931,1.0,0.1064474897066409,0.1372109614125949,1.7653096557611545,-40.9787696137301,0.4002796792342997,0.3377426457193027,False,False,False,False,pachytene,42,off_axis,42.97214586089898,13.61
1275,9.942807372052425,99.011238455911,160.52131445493694,67.33086593399999,2.5237240335063937,0.6316064522872173,0.1051874418211051,0.6469642519387176,0.9977373965919536,0.1337598593098062,0.1587808732322729,1.9979425472648136,6.278674855037761,0.4006776397270454,0.1625861730472688,False,False,False,False,pachytene,42,early,8.30235041204209,13.61
60,1.2655483017932532,128.1026473927753,217.04502251880123,28.386259578,1.892372029139272,0.5631765969754565,0.0238227146814404,0.7046916382898222,0.9992108897218386,0.0419867802048957,0.0403583570373414,1.4634615911400968,-55.105211247823476,0.4007472962888603,0.0338058710888844,False,False,False,False,pachytene,42,off_axis,55.71612982414222,13.61
1033,8.217765488637003,126.10669853970452,191.82048648578487,27.147688794,1.8644385938604489,0.6926466776116824,0.0646857743886405,0.6564520663480461,0.9998487140695916,0.1274111041572585,0.195803001981682,1.298984006656501,-30.026304918329117,0.4018961944193607,0.0985384580301474,False,False,True,False,TZ,43,off_axis,32.18591751408702,13.61
1361,10.100265251989349,131.76313275862177,204.0146973474828,21.224599344,1.7175799582228857,0.5719496021220158,0.0018041237113401,0.691711851278079,1.0,0.042254536430102,0.0352397326963405,1.6221562860408552,-43.13849199498927,0.4022328704665721,0.0026082012445019,False,False,False,False,pachytene,43,off_axis,45.526690124138746,13.61
1517,10.966698024459008,110.34879926451627,172.96380623450096,27.429182154,1.8708605462076164,0.7123920294193107,0.0563973063973064,0.6357418971156705,1.0,0.0553167209879738,0.1070631633876889,1.374886523453174,-8.273076986265885,0.4022415965388445,0.0887110109514226,False,False,True,False,TZ,43,pre,8.274613798227334,13.61
1115,8.332266904595508,128.9583199031271,211.9440179720877,36.807602598,2.063556229243984,0.5940347970173985,0.2393121566754239,0.5513343799058085,0.9944699004582084,0.1551855410455651,0.14008268042618,1.2254711463091932,-50.298956388622074,0.402302692831735,0.434059919710265,False,False,False,False,pachytene,43,off_axis,51.31072043781559,13.61
662,5.21898790203609,118.46603535703802,185.6581004057251,31.799366568,1.9653653117840515,0.7810563588079079,0.0765401369010578,0.6142183288409704,1.0,0.1004490891567849,0.255225397189409,1.6840208707004245,-22.392546694941686,0.4024793921912777,0.1246138926617332,False,False,True,False,TZ,43,off_axis,23.039197788106375,13.61
748,5.961613532856124,129.8750430337392,194.1138136350976,25.238225502,1.8196592482123823,0.7026675341574495,0.0524289099526066,0.6161300406376993,1.0,0.1255841431164945,0.2070597195186882,1.6111103521881434,-33.0620481776932,0.4026314161619058,0.0850939030636167,False,False,True,False,TZ,43,off_axis,36.22009386833626,13.61
1545,11.028904571954556,105.70958130561698,163.7071971770469,30.579562008,1.9399068822646384,0.7437097269100952,0.0415949512335054,0.6713558814726129,1.0,0.1154511957401285,0.2255434704801709,1.3456451568046073,1.7531383498960944,0.4033123088095895,0.0619566348957385,False,False,True,False,TZ,43,early,2.425517507162433,13.61
441,4.302544264246494,126.92735023805848,218.99863310519575,31.531947876,1.9598405096058489,0.6398601398601398,0.0594521080240917,0.6457343524065275,0.9994021820355702,0.0566353934768877,0.0679419091048715,1.2767389519143058,-56.767373870090644,0.403507438408703,0.0920689875062789,False,False,True,False,TZ,43,off_axis,57.15761281761475,13.61
343,3.6027147901138163,100.4093529227159,160.66699706551617,29.89694061,1.925363405578827,0.7153393487642212,0.2099303135888501,0.5121278941565601,0.9997142857142856,0.0351813250605574,0.0576137790094283,0.971709660371426,5.841717828540049,0.4035343958233713,0.4099177490314039,False,False,False,False,pachytene,43,early,6.966305486783735,13.61
52,2.1438193819382265,123.42836948694833,224.5821535328557,31.273912295999995,1.954479868746736,0.6045604560456046,0.0435413642960812,0.6143778452200304,0.998492209750377,0.0668753708092218,0.0630792349191579,1.3695235453819274,-61.48844351834367,0.4035762087772827,0.0708706614908738,False,False,True,False,TZ,43,off_axis,61.52330826391123,13.61
747,5.855181419643487,127.53857928364664,192.12114929577496,25.149085938,1.8175144200379625,0.637440537263315,0.0583817829457364,0.6084383843581168,0.9988672833679442,0.0295654373973077,0.0396281817273914,1.4448665004409784,-30.62187750276518,0.4035798469585126,0.0959534842748743,False,False,True,False,TZ,43,off_axis,33.23884030866627,13.61
583,5.136229877098958,115.48237838843508,182.54566770815185,27.103119012,1.8634177194983248,0.7984247879522244,0.1076628352490421,0.5002146844139116,1.0,0.0788498553592954,0.2186930247578666,1.6951383804578928,-18.721393223709754,0.4036892130441309,0.2152332560472268,False,False,False,False,pachytene,43,off_axis,18.98607703846371,13.61
1499,10.892058102244894,113.9818989247312,177.02937419354646,24.869938356,1.810764756816864,0.7010941331824184,0.027018728891618,0.6664562953613127,1.0,0.0572615949140101,0.0958374831684259,1.469306751290256,-13.012793848937628,0.4037132977133497,0.0405408862961825,False,False,False,False,pachytene,43,pre,13.322204643250386,13.61
661,6.040010712372726,109.23260589180272,172.81638473486566,52.554810312,2.3236709105654616,0.7608462774504553,0.1222149410222804,0.6084359835759612,1.0,0.0748538800803228,0.1588939889818146,1.8612818511922804,-7.893813066095462,0.4038469605463959,0.2008673785268033,False,False,False,False,pachytene,43,pre,7.945023068412148,13.61
1394,10.369335511982372,130.61307377451192,198.2298091230947,25.841090448,1.834034111629057,0.6850036310820624,0.0331568682084145,0.6394812680115274,0.999672828398495,0.1028388861896772,0.1518065545488136,1.3179694915187032,-37.24114994485892,0.4040974749537845,0.0518496316733657,False,False,True,False,TZ,43,off_axis,40.017640099510146,13.61
1028,7.659406385849182,106.70162934342844,164.59858855493613,31.297370076,1.954968415452267,0.6564982761205216,0.1235417861923886,0.6238271874318132,0.9998551564310544,0.0321847723909799,0.052270845741138,1.6176069398933028,0.6727556470872696,0.4041025698184828,0.1980384771317653,False,False,False,False,pachytene,43,early,1.643525746737617,13.61
887,7.091788856304818,126.56698920993546,216.6268554855967,27.196950132,1.8655656295543503,0.6315335518371572,0.051930758988016,0.6687734082397003,1.0,0.0900847119549751,0.107858617149913,1.2305023045419434,-54.37290858510109,0.4041061398353069,0.0776507533765503,False,False,True,False,TZ,43,off_axis,54.79834339969606,13.61
1426,10.58691427675893,128.283047226138,216.73809480488956,29.936818836,1.9262190780195805,0.591286632189312,0.1999999999999999,0.5184049079754601,0.99625,0.1228747140201281,0.099168267496831,1.1768698888600502,-54.843177243144076,0.4041260473220253,0.3857988165680472,False,False,False,False,pachytene,43,off_axis,55.493253404164726,13.61
293,2.908734548602556,126.39497350536024,191.18434289837364,97.54214079599998,2.855625323267687,0.8572940214515896,0.1659873506676036,0.5540950455005056,0.999755089545385,0.0805455370018953,0.32732019962033,0.9762727861967644,-29.46517002184191,0.4041388443745505,0.2995647624274817,True,False,False,False,pachytene,43,off_axis,31.817654986648506,13.61
1487,10.78389823685652,126.46264502053003,220.340705192816,29.136908538,1.908907805561744,0.575396505917398,0.0770038501925096,0.642586272279105,0.9948361469712016,0.1383520126872088,0.1204192242684036,1.189616650650677,-57.98142495937197,0.4041595291441628,0.1198342596386237,False,False,True,False,TZ,43,off_axis,58.28394683623016,13.61
72,1.6429543245870584,132.33721616954526,206.5114303655535,31.379472306,1.9566764089957156,0.6011063766165807,0.0,0.7282608695652174,0.9996887159533074,0.2004854333863032,0.2002379762576976,1.6543303484607157,-45.700133660505635,0.4045256404226524,0.0,False,False,False,False,pachytene,43,off_axis,47.97163854602615,13.61
54,1.1830538743923051,125.11341650957505,223.1072622879269,23.643096462,1.7804860756317196,0.6549260839368984,0.0164027149321267,0.5460034502587694,0.9980407523510972,0.2144867131401894,0.2614838452527289,1.3788280934574584,-60.4016463978843,0.4047149442284526,0.0300414126034422,False,False,False,False,pachytene,43,off_axis,60.53586364776945,13.61
235,2.7661860618813243,90.77358028070957,154.6818063968621,134.875197666,3.181372296891608,0.8551054837643703,0.1646445402586984,0.5938062657544112,1.0,0.0949381402035164,0.357553303662425,1.0868244276243932,13.722571808476099,0.4049036270908776,0.2772697927825382,True,False,False,False,pachytene,43,off_axis,15.124905997625502,13.61
1522,11.147554518531578,118.45817650543076,181.7144541505876,26.139004254,1.8410551999039872,0.6858117203625594,0.0626506024096386,0.6695229934304484,0.99984335839599,0.0896735624692081,0.1295661961851871,1.1920676291857897,-18.535753082632084,0.4053787322541685,0.0935749825239525,False,False,True,False,TZ,43,off_axis,19.558969202467125,13.61
61,1.0204391891891806,127.77006545607986,220.60581942567387,16.664406911999997,1.5845298224402633,0.4314470720720721,0.0,0.7311215647437485,0.9985625299472928,0.1420928443937182,0.0677383732580911,1.5922374311681815,-58.51602645162379,0.405950740588919,0.0,False,False,False,False,pachytene,43,off_axis,58.95158378469981,13.61
552,4.795899617184036,113.47563442790238,177.1865850701827,27.57462039,1.87416135137438,0.7395150999574649,0.0455112219451371,0.5871979098628347,1.0,0.0863975539368615,0.1669412610751262,1.7080098849165324,-13.059820488060657,0.4060111650597988,0.0775057628453892,False,False,True,False,TZ,43,pre,13.265426581469233,13.61
718,5.3198438054668165,104.39283817891388,161.61527880724304,13.216113251999998,1.466690168224098,0.6673766418175364,0.0152390961639516,0.6558164354322306,1.0,0.0273561402415794,0.0311143086402498,0.9539579421967912,4.075508568536791,0.4062643577935825,0.0232368317422664,False,False,False,False,pachytene,43,early,3.27199934111606,13.61
71,1.3117783278767183,131.80079731693863,214.26118526710917,29.376177894,1.9141188202055168,0.6214964465383694,0.0,0.7059071729957805,0.9998395893487328,0.1387976178916431,0.1474417685473421,1.4376473895175734,-53.16295018352807,0.4064372124851689,0.0,False,False,False,False,pachytene,43,off_axis,54.59669607774157,13.61
782,6.435838421794463,132.0964027477702,208.3754399248485,29.964968171999995,1.926822624691701,0.6640832941913262,0.0165024066009626,0.6877184805406665,0.9998575904300768,0.1080000212299376,0.1390283071440474,1.3688720439885211,-47.47157604467666,0.4068995526046851,0.0239958748643615,False,False,False,False,pachytene,43,off_axis,49.48127757819486,13.61
1285,10.11268673030643,129.71135115499513,192.44211570356268,32.191111494,1.973403016187109,0.6454856809735481,0.0250501002004007,0.707502569373073,0.9971563981042654,0.1022371369273528,0.1191082957504051,1.5911284365446143,-31.39338325370202,0.4069142251939571,0.0354063734674461,False,False,False,False,pachytene,43,off_axis,34.78595187788276,13.61
722,6.962349580122749,132.41198569387728,196.6423848671048,54.192163356,2.347555993129877,0.6416760453640378,0.0549149446283822,0.6761294998791979,1.0,0.0532921483938429,0.0680592629216448,1.9395951148758932,-36.06833360235652,0.4069583328793725,0.0812195661307393,False,False,True,False,TZ,43,off_axis,39.763312333703304,13.61
1282,8.678355354659463,120.1141706015302,183.4152193497921,26.985830112,1.8607258491732923,0.6788942976356049,0.0631498858737001,0.692203573362209,0.9995442114858706,0.2175656393002784,0.2995279071402348,1.353567677037412,-20.547219670166456,0.4069909981889432,0.0912302222985719,False,False,True,False,TZ,43,off_axis,21.874551858392923,13.61
817,7.321201627564793,132.64292599774845,201.4754751190368,27.096081678,1.8632564265243088,0.6416760453640378,0.037665659149035,0.6417008939357333,1.0,0.0676000732452452,0.0839523730203181,1.5485920456243945,-40.84160627258867,0.4071616605466828,0.0586965975970844,False,False,True,False,TZ,43,off_axis,43.844402596151674,13.61
37,1.4866037327952348,102.35658777833568,161.54524196152087,32.552361305999995,1.980757440434412,0.8315197809324781,0.0429799426934097,0.5701454234388366,0.9998167323375792,0.2089927059792014,0.7843943364666198,0.9830950289642646,4.572955141205107,0.4073696997931909,0.0753841755567832,False,False,True,False,TZ,43,early,5.247794816602862,13.61
744,6.464910313901191,120.62990373692244,227.31397006726547,37.66381156799999,2.0794343783842435,0.612045341305431,0.214006309148265,0.5119601862257184,0.993440574730595,0.0657707856760281,0.0550041369872431,1.971810606487631,-63.569389926076354,0.4075083374286775,0.4180135778251937,False,False,False,False,pachytene,43,off_axis,63.58148736225713,13.61
1485,10.477531391931535,125.81599149746292,187.35008109136805,35.12098821599999,2.031543094667747,0.7373764360138926,0.0662550463072904,0.6353001017293998,0.999466780420177,0.1038119844592169,0.1988021797241426,1.3291453900764016,-25.594986077384142,0.407587101197316,0.1042893683267677,False,False,True,False,TZ,43,off_axis,28.374899120122496,13.61
1546,10.888657588936129,110.3346378983392,167.35867607471542,32.904228006,1.9878687150463843,0.8048763099736223,0.0182926829268292,0.6474241870661308,1.0,0.1161915644404138,0.3329856184024,1.3507745681595067,-2.790760822201393,0.4075984694185093,0.0282545559654242,False,False,False,False,pachytene,43,pre,3.0899635154383454,13.61
1338,10.414564336372564,131.04989219225124,214.7885398556213,37.044526176,2.067974337002379,0.6094858156028369,0.277107021451178,0.5344575968866547,0.9962145110410094,0.0953765744726374,0.0839007101807784,1.2921529971418106,-53.52027429532336,0.4076036725271972,0.5184827067018857,False,False,False,False,pachytene,43,off_axis,54.75969197530408,13.61
236,2.137012653271027,95.5219544457791,153.86063764899544,95.846143302,2.838977894781245,0.8290707065762746,0.1571325126719768,0.5529782359679267,0.9996394742879616,0.1027777236503606,0.3030704705928387,0.9722262231599168,13.524959881722765,0.4079678372882862,0.2841567758936007,True,False,False,False,pachytene,43,early,10.310103317309547,13.61
1501,10.94998019488226,122.38881503604372,184.8622144102057,29.610755694,1.9192002606511451,0.5985898756238612,0.1039787798408488,0.6617327807381094,0.995952129531855,0.0954042703516894,0.091574446680203,1.3371498828457102,-22.440944046442326,0.4080092871561849,0.1571310699235254,False,False,False,False,pachytene,43,off_axis,24.338887083838866,13.61
1108,8.007754969045727,102.25827859237398,158.5499825513195,28.796770728,1.901450656648953,0.7676767676767677,0.0309208290859667,0.664796633941094,1.0,0.2410281709994156,0.5481473622570144,1.864769272133822,7.521702183980116,0.4088613293984091,0.0465117112622241,False,False,False,False,pachytene,43,early,4.712879395092093,13.61
888,7.823482714468378,129.77719348271472,192.21215734955297,18.32052618,1.6353715736756536,0.4733674775928297,0.0228082679971489,0.687089715536105,0.9970093457943924,0.1876645230654303,0.1357164841260246,1.8653345074054384,-31.182457070719312,0.4090335014410173,0.0331954728493537,False,False,False,False,pachytene,43,off_axis,34.644725107711544,13.61
886,7.05340469818609,126.48865169491518,187.20153347457492,31.555405656,1.960326388371691,0.6761819803746655,0.0581621621621621,0.6496786042240588,0.9968851570964248,0.1264087601316318,0.1678086401484664,1.5413531372520128,-25.59148323345785,0.4091996940402702,0.0895245153280489,False,False,True,False,TZ,43,off_axis,28.675868245243425,13.61
1336,10.224242028227676,122.33284653685064,226.09370084945297,35.899786512,2.046449751936069,0.562205959226346,0.1118769883351007,0.5677611940298507,0.989075018208303,0.0766515251594126,0.047360289868852,1.4376005490769417,-62.73527042872472,0.4092325143179831,0.1970493748278588,False,False,False,False,pachytene,43,off_axis,62.73897255774196,13.61
1530,11.050420546710798,101.85419806248082,158.27885591769223,31.236379847999995,1.9536976856241843,0.800165214779213,0.0955132562882392,0.615933859451334,0.9989359438178336,0.1498828932830153,0.3926036687414414,1.390342645446423,7.871872431557631,0.4097802500414821,0.1550706375735233,False,False,False,False,pachytene,43,early,5.050772164787297,13.61
322,3.330569306930763,126.10629372524204,187.0689579455426,56.86165872,2.385486547070728,0.8058168316831683,0.1302660753880266,0.586573188867644,0.9997739729897724,0.0925296368030708,0.2546712219879306,0.9934880588612264,-25.38133089377569,0.4098110497193866,0.2220798322533289,False,False,False,False,pachytene,43,off_axis,28.333092407013158,13.61
1463,10.898586838364196,125.7435628647888,225.1045792123092,28.053159102,1.8849408298884835,0.5178526632661593,0.1394029850746269,0.6219216094346167,0.9966460268317854,0.0631519976112905,0.0591032295327675,1.227479311044778,-62.48689140600074,0.410176488036476,0.2241488042220576,False,False,False,False,pachytene,43,off_axis,62.62950329601353,13.61
942,7.024676326845151,111.22982932350216,168.7408064906124,27.358808814,1.869259192565248,0.6951899168310041,0.024423710208562,0.7085794655414909,1.0,0.0899327353050393,0.1463399961831499,1.6431691792165766,-4.33046377168342,0.4107153201764708,0.0344685548993402,False,False,False,False,pachytene,44,pre,4.733131039419961,13.61
58,3.018587305139188,126.44403448198766,224.19341568583792,31.449845646,1.9581380338083,0.6175132393525771,0.0801793721973094,0.6023790951638065,0.996427991557071,0.1034863186322636,0.0952743858988171,1.2535623902457005,-61.74374733702776,0.4107581007998127,0.1331045065159607,False,False,True,False,TZ,44,off_axis,61.954085033343965,13.61
582,4.966056971514363,113.82847415292277,173.1023685157448,23.46950889,1.776117925947315,0.7488255872063968,0.0252133436772692,0.6744926382809391,1.0,0.1283756778329614,0.2583120034250634,1.5820823919430913,-9.141600635994035,0.4115117079459681,0.0373811992100162,False,False,False,False,pachytene,44,pre,9.800147249476671,13.61
65,1.9941759662819143,129.93426714402108,221.45084305282413,48.977498862,2.269704565835891,0.7198620623593084,0.1285756853396901,0.5754829885450504,0.998563791590202,0.2337817208051884,0.378101371823802,1.18789787346743,-59.79802236819762,0.4120065740639108,0.2234222173356647,False,False,False,False,pachytene,44,off_axis,60.48504499328536,13.61
1355,10.601115089978348,94.5123609219898,154.43880437876564,51.750208458,2.3117515886222497,0.7059516794342958,0.108193566125928,0.5685216587020194,0.9996880848409232,0.1177335717859171,0.2010333618433098,2.424697146688497,13.172462502302343,0.4121156039005886,0.1903068501786591,False,False,False,False,pachytene,44,early,11.41884199174651,13.61
1427,10.529112826293996,129.77232758650567,220.30043940681605,27.049166118,1.8621804256922163,0.6412279941028531,0.1277672359266287,0.5414551607445008,0.9994319257716342,0.165316331924438,0.1694811589160209,1.1903769396087536,-58.6393213511851,0.4121399416052962,0.2359701138519924,False,False,False,False,pachytene,44,off_axis,59.35269523270549,13.61
295,3.5135174104246323,134.6289628289225,211.02250705789157,32.538286637999995,1.980471925844448,0.6303799293490016,0.1546578730420444,0.5363760483713673,0.9996744791666666,0.0453114071706907,0.0695006138110621,1.6874389323025298,-50.5927746477961,0.4122723388370941,0.2883385145769316,False,False,False,False,pachytene,44,off_axis,53.025478799933595,13.61
55,2.252438709677405,123.97236549677557,228.16276944516343,27.26966925,1.8672268642963847,0.5443440860215054,0.0291422287390029,0.6413063998489711,0.9965556831228471,0.1234456354994601,0.0918488567314234,1.400923155340881,-65.10330362817379,0.4122864905544393,0.0454419739860166,False,False,False,False,pachytene,44,off_axis,65.12953763921935,13.61
692,5.676611967511927,121.7186626056652,183.0151790900052,28.304157348,1.8905458169918803,0.7584949444720703,0.036694214876033,0.6568291008922443,1.0,0.0749188769289767,0.1666507717377855,1.496835567355723,-20.494179660725916,0.4126142351871809,0.0558656960024871,False,False,True,False,TZ,44,off_axis,22.44671283783307,13.61
75,1.7173354618678338,132.5265866192578,219.31845495247327,32.327166618,1.9761792920707957,0.6404469922356868,0.0309016233131234,0.6819374369323915,1.0,0.2174706541273424,0.2498598992193167,1.4374342480080446,-58.25962195268539,0.4127534993907907,0.0453144550211679,False,False,False,False,pachytene,44,off_axis,59.49757972850609,13.61
1074,8.521484949832661,133.29744379264042,212.1411912040158,35.069381099999994,2.0305475506030675,0.6409364548494983,0.1278635255889521,0.5517883755588674,1.0,0.0699949928419596,0.0925083653011274,1.4746243790966134,-51.40583767729298,0.4127543617024387,0.2317256601490529,False,False,False,False,pachytene,44,off_axis,53.36835097301326,13.61
557,5.502925333554307,134.21915979116417,207.60598431258884,28.306503126,1.890598043457196,0.6585729675975802,0.0096153846153845,0.6652912621359224,0.9995284501729016,0.1666216428483062,0.2085191065841468,1.758743933624718,-47.166595662912634,0.4127724996499367,0.0144528947885386,False,False,False,False,pachytene,44,off_axis,49.869797199942425,13.61
975,7.49178211586884,129.76531745119632,218.3882798803544,29.800763712,1.9232965898406305,0.5791876574307304,0.1829436038514442,0.5404040404040404,0.9930335655478152,0.1584028905977779,0.1262424176397254,1.2848252294035702,-56.768600080120976,0.4129361411757744,0.338531154790523,False,False,False,False,pachytene,44,off_axis,57.569689742144625,13.61
621,5.009993293091906,118.05875489604446,179.67480871898223,20.985329988,1.711101339015991,0.6634249944109099,0.0249352331606217,0.6629026901361674,0.99937106918239,0.1356187173741102,0.1567105352838836,1.5558834585006045,-16.45773687298427,0.4129671470827368,0.0376152239712585,False,False,False,False,pachytene,44,off_axis,17.616121796819876,13.61
1519,10.8415149872203,114.81195795832976,172.25060057315545,30.286339758,1.9336864778545215,0.8011772906823639,0.0631386861313868,0.5983638488507986,0.9997809899255364,0.10793713465534,0.2839861453620367,1.2324775858956665,-8.516141952627894,0.4131110619001648,0.1055188849604622,False,False,True,False,TZ,44,pre,9.71385226561355,13.61
1286,9.98190145598265,128.990965099796,187.41331708127967,48.65612727599999,2.2647293574732483,0.695063156879761,0.1106580427446569,0.6588142292490119,1.0,0.0604361616064778,0.0853649206239579,1.8468745844299912,-26.32568187867362,0.4132542267390988,0.1679654716486573,False,False,False,False,pachytene,44,off_axis,30.468516978869367,13.61
1066,8.09588444057029,97.03129767760224,152.53254938048653,37.67554045799999,2.079650208246751,0.6583649835004047,0.1693914623069936,0.5381811554583561,0.998216560509554,0.1148270565704824,0.1301992877102025,1.934575068574267,14.505264687444436,0.413678639683126,0.3147480371413729,False,False,False,False,pachytene,44,early,8.554843243052662,13.61
45,1.3325366139425503,110.08660105448106,170.0439046397103,40.04243046,2.122318730317108,0.5988283538371412,0.1985956699824458,0.5514018691588785,0.962521539345204,0.3485839305988567,0.2788216594673466,1.0194847789618864,-5.36346960390822,0.4139186749897593,0.3601650286122322,False,False,False,False,pachytene,44,pre,5.388454310947381,13.61
1458,10.652982988579216,118.54265781487202,176.20179924127328,29.371486338,1.9140169159372051,0.6977078508106381,0.0640454995054401,0.6776750330250991,1.0,0.0928250001641155,0.141692211407713,1.3775643471054873,-13.164618003440113,0.4148709450608323,0.0945076864047138,False,False,True,False,TZ,44,off_axis,15.14484968143682,13.61
1500,10.835745557558354,121.79968936389308,179.49938944115488,27.325967922,1.8685109543524705,0.7218645377285604,0.0964863357501394,0.6351851851851852,1.0,0.0864577192178606,0.1594804083235255,1.22295552857054,-17.07436589392086,0.4150452830865162,0.1519026860206276,False,False,False,False,pachytene,44,off_axis,19.77535057535318,13.61
318,2.5142308154197592,118.49596313198144,180.01970135703357,19.533293406,1.6706890317264227,0.5635883271286177,0.0708258757351061,0.651348376444689,0.9949509949509948,0.1191543865243409,0.0964217218846658,1.0328245372056748,-16.886996665702352,0.4150507521578322,0.1087373183022288,False,False,True,False,TZ,44,off_axis,18.14454326644439,13.61
620,5.04554398700939,117.24043448275869,177.2342482758619,24.557949882,1.803160976002786,0.7793485528703792,0.0851485148514851,0.5562770562770563,0.9997095134350036,0.1104210902715575,0.2688584507533953,1.7130236948723876,-13.899553112349269,0.4150821252899051,0.1530685364256269,False,False,False,False,pachytene,44,off_axis,15.13799306251518,13.61
586,5.216323653792006,131.2926441711318,221.3537196504042,33.281898264,1.99544529657038,0.6189737806597124,0.1510678391959798,0.5786163522012578,0.9973011589141132,0.1585631037016693,0.1585414680305031,1.287039557794888,-59.98925116226562,0.4156317972083954,0.2610846351321826,False,False,False,False,pachytene,44,off_axis,60.89072080951553,13.61
665,5.802153110047786,124.4654105113636,228.03186008522948,31.377126528,1.9566276505504172,0.5627242822966507,0.1542799305957201,0.5411181398529663,0.9984994640943194,0.0850881664870198,0.0651111747929914,1.3614057574656566,-65.07920323502508,0.4159183699048795,0.2851132113915851,False,False,False,False,pachytene,44,off_axis,65.12190564216301,13.61
68,1.5153719732660529,129.52243335159275,224.71090702312648,42.819831612,2.170295060299188,0.6763996932179248,0.0748629600626468,0.5825292026409344,1.0,0.1860756414563903,0.221619016530373,1.1949234497613588,-62.89815789167408,0.4160215351057092,0.1285136602993475,False,False,True,False,TZ,44,off_axis,63.405015007852,13.61
1289,9.874640782635163,132.45293621216743,219.43332301284087,30.692159352,1.9422849500850947,0.5729899113420972,0.1313743781094527,0.5509217827098621,0.987045033929673,0.0854727433729161,0.0847523717065915,1.3788973617276723,-58.356395897471714,0.4161840543181567,0.2384628494143965,False,False,False,False,pachytene,44,off_axis,59.57292756922361,13.61
1111,8.086073282672814,111.4753550221979,162.83749578662116,31.177735398,1.9524742691746917,0.7225942367015273,0.0534017971758664,0.6710062381339843,1.0,0.1309646630025673,0.2387695563016101,1.6280221539439557,1.388631917902064,0.4163772656082848,0.0795846508437427,False,False,True,False,TZ,44,early,3.394075444269723,13.61
1112,8.081201804161722,117.91214105194396,174.7734464426025,32.245064388,1.9745048873951925,0.7520005819874873,0.050946547884187,0.6650044001173364,0.9997765612780696,0.0931631924166019,0.2025331092432099,1.409467297974879,-11.63548967556791,0.4165326272884649,0.0766108432894546,False,False,True,False,TZ,44,off_axis,13.668199918532478,13.61
967,7.163978073609909,105.1068320281928,157.26827893500385,8.986675517999998,1.289743904048484,0.6609240407204385,0.0701503221188261,0.4295612009237875,0.9989648033126294,0.0854226522838815,0.118182301363454,1.5831699206722938,8.174528848820902,0.4166394769534203,0.1633069326744715,False,False,False,False,pachytene,44,early,1.658237324003463,13.61
62,1.3385724090597009,127.82492161976518,227.67423867535857,20.506791276,1.697994844353519,0.5362617250057196,0.0474624060150375,0.550814010853478,0.9974169741697416,0.1818212194307392,0.1124592078037901,1.4669487491605568,-65.43736399260925,0.4166416023796498,0.086167753687847,False,False,True,False,TZ,44,off_axis,65.68665956089882,13.61
1356,10.811941272430609,96.60943017944376,154.28728942903723,21.56942871,1.7268316941249502,0.5543230016313214,0.1310432569974554,0.5575890678379697,0.9838383838383838,0.2699347071955559,0.2096639886261379,2.1805782454146927,12.878782530875151,0.4168729927095009,0.2350176223963118,False,False,False,False,pachytene,44,early,9.336917803661784,13.61
1505,10.863574331058636,129.6693594341791,224.5674191827056,30.595982454,1.9402540469959637,0.5866748447443073,0.1881024096385541,0.5828232238916713,0.9950038431975404,0.0991604639778639,0.0892946472662132,1.2329928080769612,-62.788843644110706,0.4169150358955207,0.3227435042525288,False,False,False,False,pachytene,44,off_axis,63.31878772005934,13.61
374,4.211417923089826,135.0553012620697,215.58738674402903,27.694255068,1.8768678402664336,0.6146027443672708,0.0221362561788093,0.6597802197802198,0.9998206921283844,0.0693172491414188,0.0619443189332008,1.63266846953422,-55.145021248069995,0.417389936359213,0.0335509545681487,False,False,False,False,pachytene,44,off_axis,57.23669786465128,13.61
475,4.896275862069283,128.615768262931,225.09963607758883,54.4220496,2.3508707990907616,0.6765948275862068,0.1601746138347884,0.6252165800346529,0.9982734264636636,0.3689445593198335,0.4629811655341577,1.230606504071616,-63.0871533666504,0.4177478314419337,0.2561906049035212,False,False,False,False,pachytene,44,off_axis,63.47795287173979,13.61
1385,10.80166458593408,98.94639149277693,153.4173705189916,39.458331738,2.11194872589056,0.7589322870221746,0.1305746140651801,0.5795314426633785,0.999628770301624,0.1752180923909356,0.3999075040605378,1.5086380376800308,13.236844577281348,0.4178801688319466,0.2253106638443852,False,False,False,False,pachytene,44,early,6.8691376957522,13.61
660,5.027566638005297,108.16908085124656,158.41244935511335,27.28139814,1.86749452870147,0.8349957007738606,0.0103145951521402,0.6414799374674309,1.0,0.0693614759909452,0.2319296438666367,0.9773503530052589,6.410906301727777,0.4181883829745065,0.0160793729463502,False,False,False,False,pachytene,44,early,1.0942396179403633,13.61
852,7.761692466460297,133.77539670588024,217.09320870587837,56.82647204999999,2.3849943897332464,0.6085861713106295,0.1266464032421479,0.6136890951276102,0.9995405256386694,0.1402111419415856,0.148927143826113,1.444492977058649,-56.34740719986575,0.4182944873930472,0.2063689973435378,False,False,False,False,pachytene,44,off_axis,58.00399114846727,13.61
974,8.133093247588597,126.5478535369776,227.21715393568684,36.4768479,2.057356553504438,0.502508038585209,0.1267637430861271,0.5826008273009308,0.985930735930736,0.2042305216283182,0.1276642225808514,1.4368295601468946,-64.72149483825066,0.4187629066115895,0.2175824975625204,False,False,False,False,pachytene,44,off_axis,64.88230678860971,13.61
1073,8.705640880458397,123.31272245027864,230.48853027815383,33.143497362,1.9926754712832755,0.5093778752919527,0.1480889762811846,0.6097807270628968,0.9924863387978142,0.1508611299098831,0.0777396901367235,1.5500598520740534,-67.23789827543683,0.4188594813226113,0.242856111564034,False,False,False,False,pachytene,44,off_axis,67.24168463146023,13.61
966,7.297996401701931,107.24052345436782,157.500022203142,57.368346768,2.392551207903452,0.7448070003271181,0.096293078482479,0.6305079314212466,0.9998713329902214,0.0410189325645392,0.0921228547836471,1.4997287211253003,7.498476947040372,0.4192005449204306,0.1527230248562011,False,False,False,False,pachytene,44,early,0.37874521655968085,13.61
1534,10.813114114894596,115.2785443007538,166.1228747140634,36.096831864,2.050187080421815,0.7470106576553158,0.0548676863316338,0.6760852812740817,1.0,0.0817761081757316,0.1673665396451018,1.4422356607607083,-2.6242390731939045,0.4198503509131296,0.081154978301311,False,False,True,False,TZ,44,pre,6.935422289909353,13.61
443,3.631568665755212,127.893086354755,183.27577899980415,24.016075164,1.7897998812956952,0.5876147685094746,0.1055084745762712,0.6051634296541923,0.9942369755647764,0.0991547252598059,0.078758400122712,1.0500311207849728,-22.04971099262329,0.4199165983375321,0.174347076188265,False,False,False,False,pachytene,45,off_axis,26.745755649599936,13.61
1393,10.886031826218533,125.83980368780009,181.00956713816643,27.860805306,1.8806227494461607,0.6680138082007241,0.0349975526186979,0.6616789246766421,1.0,0.080307322508032,0.1111567605941033,1.5767547201451049,-19.401790507881138,0.4204440366331619,0.0528920467518306,False,False,True,False,TZ,45,off_axis,23.69812934255685,13.61
474,4.671863481228665,124.0049415358354,231.30490007508368,34.3656477,2.0168734149300085,0.6167918088737201,0.1457699330493,0.5529034556465978,0.9996794358070203,0.0928559367743056,0.083999141478396,1.5751587653524148,-68.18177746732161,0.4207918125998148,0.2636444600962534,False,False,False,False,pachytene,45,off_axis,68.19266061801376,13.61
780,6.366449873096561,122.51593834073498,178.66069240165115,29.575569024,1.918439759596464,0.6761579949238579,0.0890227576974564,0.5973548861131521,0.998371335504886,0.1043090039117936,0.1337120561700803,1.5809822957031785,-16.40538578043078,0.4209502077071463,0.1490282573508466,False,False,False,False,pachytene,45,off_axis,19.67059132131479,13.61
1031,7.643665178978201,115.3557464796421,167.65251340741554,25.754296662,1.8319784538484485,0.6436833955733674,0.0555287300820859,0.6822597137014315,1.0,0.0504941935668116,0.0643145254216336,1.4957161165484705,-4.1358120465338635,0.4210803870424092,0.0813894312780517,False,False,True,False,TZ,45,pre,7.430391256922016,13.61
779,6.305153115100438,116.5701859767683,170.42927410770673,22.21451766,1.743877976027565,0.7102428722280887,0.0136592379583033,0.6286443148688047,1.0,0.0673664394684718,0.1271379518903858,1.6203591985332488,-7.106101957665144,0.4212634183112898,0.0217280863522228,False,False,False,False,pachytene,45,pre,9.818340337007395,13.61
77,1.7401611506959265,133.65123641872378,223.11572666977727,35.226548226,2.0335764013175472,0.6133715122860758,0.1714000285428857,0.535825008611781,0.9983816151480822,0.1206847888750403,0.110526819294594,1.4506476640903871,-62.20860308161391,0.4214194687680122,0.319880606145932,False,False,False,False,pachytene,45,off_axis,63.427193964333874,13.61
1004,8.114503952393907,126.22784387156923,181.8017402211517,52.82222900399999,2.327605482494677,0.6886046718181011,0.0511502029769959,0.6881061038220194,1.0,0.1369951174546374,0.2183673726661379,1.8940050796347905,-20.25793396613073,0.4216387204420708,0.0743347613004549,False,False,True,False,TZ,45,off_axis,24.523103808873092,13.61
1498,10.878488372092889,112.24905171853726,161.64225015389994,27.436219487999995,1.871020530862596,0.7443570451436389,0.0193506067563135,0.6879598662207358,1.0,0.0962511607479585,0.1847894805531554,1.4273049873498018,2.394055867238029,0.4220905932884424,0.028127522703635,False,False,False,False,pachytene,45,early,4.402213025439702,13.61
57,1.6729221021245115,126.62380094111028,231.2549315691377,25.174889496,1.8181358118505475,0.5846067834513604,0.0836587872559095,0.5482279048900852,0.9931506849315068,0.1175913181359292,0.0893914685375101,1.3907724058550324,-68.68465158657351,0.4221770149960572,0.1525985571140936,False,False,False,False,pachytene,45,off_axis,68.78907606270539,13.61
478,4.584799618969838,135.08040808328184,220.2710140845041,34.475899266,2.019027950979736,0.5963121725522216,0.1471898806957021,0.5629529748862295,0.9993261455525606,0.1502070999246067,0.132875214900519,1.4690196199092234,-59.728822026161225,0.422264037113094,0.2614603479543715,False,False,False,False,pachytene,45,off_axis,61.433057185417546,13.61
1486,10.85259127968836,125.7665518255951,230.2634136263792,33.087198689999994,1.9915465563918189,0.5632045373980858,0.1824575371549893,0.5874046421035546,0.9959333849728892,0.0787443925442939,0.0580606228267668,1.2523435144651205,-67.53478788638328,0.4223051101622603,0.3106164372511438,False,False,False,False,pachytene,45,off_axis,67.60866541908017,13.61
442,4.402038924930516,128.04549316165483,228.8462594465844,35.435322467999995,2.037585899950785,0.5688468158347677,0.1758825762368721,0.5983417779824965,0.9952025586353944,0.1782818731373731,0.1506883817740367,1.2860480745501477,-66.62954911181681,0.4230458812014617,0.2939500177138178,False,False,False,False,pachytene,45,off_axis,66.87173262499945,13.61
663,5.6977712200045945,119.17783803681034,174.04761209909427,30.206583305999995,1.9319875870797136,0.7090160751727888,0.0773208569317902,0.6295703229250067,1.0,0.0921086416480293,0.1374150469176061,1.7010233411376536,-11.192592733892917,0.4232505875125406,0.1228152822905545,False,False,True,False,TZ,45,off_axis,14.091929031099635,13.61
473,4.104666294850422,124.16553725599618,179.53812526491907,12.617939861999998,1.444219755097906,0.8641011340397844,0.0027285129604365,0.5622435020519836,1.0,0.0751257287899849,0.2771507966471599,0.994810090218476,-17.61065100763597,0.4235113104225127,0.0048529026133311,False,False,False,False,pachytene,45,off_axis,21.46998276689499,13.61
1145,9.006498626209146,132.24982502687834,224.04507192092143,39.273015276,2.1086372733854564,0.5918647712340221,0.1935560014162634,0.5433923606029563,0.992077054528507,0.1024925900872148,0.0916061560079681,1.3743289673246686,-62.82185221429232,0.4235374208958791,0.3561993422238965,False,False,False,False,pachytene,45,off_axis,63.74471274076443,13.61
1466,10.652610985703577,129.50272790067632,229.19906297969044,31.17538962,1.952425300618562,0.6586907449209932,0.1634083364072298,0.5299823633156967,0.9979223269937668,0.0641446393251046,0.077959386129471,1.187122343817633,-67.28143359626351,0.423551703203153,0.3083278760163038,False,False,False,False,pachytene,45,off_axis,67.64836266212598,13.61
1460,10.61541124114036,119.20873036921112,171.46162389978394,28.463670252,1.894090663861989,0.710812592714686,0.0415187107347718,0.6397834140780849,0.9993112947658402,0.0829932728145347,0.1392281224886665,1.4774172998395712,-8.67115070383004,0.4238632188530873,0.0648949469792046,False,False,True,False,TZ,45,pre,12.596589017730391,13.61
1544,10.879400333148284,103.31825512215352,152.5566105913357,50.696954136,2.295960538915422,0.7398667406996113,0.1761430246189917,0.5659907506225542,0.9995472381527316,0.110001322472111,0.2078791747680458,1.330005716192156,13.157255620615594,0.4239852494590729,0.3112118429943343,False,False,False,False,pachytene,45,early,2.414054661183601,13.61
1551,11.08289391619846,107.92324347678208,157.2452261609119,41.372486586,2.145561684037716,0.753756307762091,0.1405105877696417,0.574948192493668,0.9973712835387962,0.0892313125838151,0.179129909931654,1.3643649133619729,7.603724328582293,0.4245801707480284,0.2443882589842027,False,False,False,False,pachytene,45,early,1.0998212464067494,13.61
66,1.5321408482393746,129.3348474181564,230.72172787715215,20.851620642,1.7074594633882345,0.5891551355608056,0.1563871563871564,0.5484665936473165,0.9886693782684486,0.2081620887485415,0.1637848254142339,1.1504200149273005,-68.73455715722795,0.4248307341574896,0.2851352446959037,False,False,False,False,pachytene,45,off_axis,69.04607431169421,13.61
1076,8.422110247693425,135.01998744536013,221.59219474866092,38.639655216,2.0972403804879987,0.593249150072851,0.183026460187782,0.5383582089552239,0.9936688825577714,0.1607953261718156,0.1250451453386291,1.5354446783175688,-61.00762213125461,0.4249708895844485,0.3399715229437592,False,False,False,False,pachytene,45,off_axis,62.60060250805673,13.61
965,7.208642100977096,102.21349921111543,151.87700304356665,46.08984614399999,2.224191703047658,0.7346294788273615,0.1642891489020677,0.5272343690065209,0.9995649147232858,0.0468821560794611,0.0803990092079437,1.6841305112866511,14.05435204161669,0.4250177588412812,0.3116055374228377,False,False,False,False,pachytene,45,early,3.3508417519279563,13.61
70,1.3053129135942927,131.75740323312678,227.8070125921707,24.813639684,1.8093973673923132,0.5659860086972963,0.1008617312965138,0.5970376824221303,0.9992492492492492,0.1030826079494189,0.0608309006549656,1.2937744590307567,-66.39562302787712,0.4252148721879899,0.1689369603729643,False,False,False,False,pachytene,45,off_axis,67.07659232915198,13.61
1360,10.299285830222749,122.55688376075209,174.58325628956396,28.904676516,1.903822702559224,0.7256127252069469,0.0481418918918918,0.6311742088139604,1.0,0.1002041084361499,0.1764854235421894,1.458074897431329,-12.428086700753324,0.4253104747187795,0.0762735409964791,False,False,True,False,TZ,45,off_axis,17.104854769420278,13.61
397,3.3555830753353635,119.45921411764697,173.13108470588546,11.36529441,1.3947531802236366,0.8513931888544892,0.0041493775933609,0.5708333333333333,0.9997327632282202,0.0493553110383253,0.1658504034945335,1.046014094525635,-10.355913354737211,0.4255906182460332,0.0072689826453039,False,False,False,False,pachytene,45,off_axis,13.740052009710189,13.61
912,7.0134115920762445,96.3060173440924,147.4943447395447,47.95943121,2.2538679684993808,0.6813890926876986,0.1425562722127155,0.5472827755603316,0.998597868760516,0.076214847489876,0.113956791782677,1.8428163861113116,19.583192068325914,0.4261886774489286,0.2604801001945663,False,False,False,False,pachytene,45,early,8.202435693930578,13.61
1107,8.488711943793579,93.04775845433286,148.27955793911144,30.04941618,1.9286309998729625,0.6755659640905542,0.0879964889181479,0.5895091434071222,0.9944646758922068,0.1374783856332976,0.1973840522088569,2.2529789763392705,19.502026551564583,0.4262578825315817,0.1492707787525807,False,False,False,False,pachytene,45,early,11.552991307610162,13.61
1308,9.633190205408386,125.25276444238315,176.08432525240667,20.213569026,1.689862872062326,0.6715794359986074,0.0224525043177893,0.6544169611307421,0.9997905759162304,0.1420142713526122,0.198506881225362,1.863995642912044,-14.463414199307916,0.4270728106762096,0.0343091723646564,False,False,False,False,pachytene,45,off_axis,20.179158499620073,13.61
1280,9.184740104911848,117.35030615164592,164.40063948497766,4.919096465999999,1.055031864798184,0.547925608011445,0.0365853658536585,0.4008438818565401,0.9977452085682076,0.1347790162820503,0.1081941211552539,1.566957290064964,-1.3771192817956621,0.4274179562563284,0.0912708600770219,False,False,True,False,TZ,45,pre,8.914869473373686,13.61
1354,10.876946232094356,94.37158466369188,148.03883803196945,45.19845050399999,2.2097593444541697,0.5950280257421632,0.203937971842481,0.5590157631680123,0.9987113402061856,0.1094144022431261,0.0957758395309875,1.674902486822882,19.45845038897216,0.4275187523453363,0.3648161380758551,False,False,False,False,pachytene,45,early,10.208163056741665,13.61
1541,11.077837331528912,99.00788592392256,147.48238996201297,45.078815826,2.207807969024634,0.6834053182078368,0.165660998354361,0.5166009204470743,0.998469700061212,0.0347066008917855,0.0581760891167919,1.4204247696828078,19.0256696378948,0.4285565072878323,0.3206749964963195,False,False,False,False,pachytene,45,early,5.558687317298364,13.61
917,7.67556967911928,116.65779354363538,162.97599199736538,60.530455512,2.435726068870991,0.8128584715547977,0.0536939055457573,0.6713605301304618,0.9996891513832764,0.1698211595222752,0.5329274643908095,1.3353726379810706,0.16144770237839723,0.4288790037375312,0.0799777513511605,False,False,True,False,TZ,45,early,8.431025824215817,13.61
1305,9.487307395993684,118.72671182588633,165.09551744028872,24.358558752,1.7982676283085088,0.6305855161787366,0.069835111542192,0.6676225234619395,1.0,0.0321154095657393,0.0497978102766735,1.831845871597612,-2.3463724765875003,0.4290681710789072,0.1046026895259073,False,False,True,False,TZ,45,pre,10.278386190106065,13.61
1431,10.57455538694968,133.02230328983302,228.39105321396008,38.64669255,2.097367694297605,0.609772382397572,0.1776669224865694,0.5377197075750505,0.9969135802469136,0.0697418679901221,0.058920374220155,1.337341692948647,-67.23303529405433,0.4291600335204816,0.3304080545751099,False,False,False,False,pachytene,45,off_axis,68.07086165255417,13.61
1391,10.521475858416093,119.40884214846916,167.37032261453044,26.575318962,1.851242415066762,0.7755318209903787,0.040377358490566,0.6283916633896972,0.9998706840812104,0.0965874724520304,0.2179500683690064,1.7653334916547103,-4.713829575787244,0.429246309600478,0.0642550830046992,False,False,True,False,TZ,46,pre,11.231625376704569,13.61
881,6.765246913580291,116.24803337962962,160.69926699074054,30.40128288,1.936129640615314,0.6923611111111111,0.1556543837357051,0.5344870830198144,0.9917241379310344,0.2144715178864558,0.304851729949198,1.0331057377268635,2.473400695297769,0.4293440903344311,0.2912219746383184,False,False,False,False,pachytene,46,early,8.510104938576571,13.61
847,7.04283604135937,124.6004564254072,234.37331109675816,38.114200944,2.087690283841913,0.6030280649926145,0.2296667860981727,0.5469767441860465,0.9980042984341418,0.0748693601289459,0.0815516155669149,1.50874998502356,-71.30678183653532,0.4294790024781419,0.4198840051964892,False,False,False,False,pachytene,46,off_axis,71.3161190143854,13.61
1032,8.809445254740817,120.89206600110624,170.15583667957355,46.641103974,2.2330240681468143,0.6697681436402958,0.0780679584386407,0.6605239110569601,0.9987168912107048,0.0885278326374486,0.1148008598578874,1.8417090883298812,-7.749301819549853,0.4298593609145051,0.1181909649776609,False,False,True,False,TZ,46,pre,13.502733384194594,13.61
973,7.212059109049847,124.6297499191037,175.3630607269979,21.747707838,1.7315762756057294,0.6095351094811778,0.0216216216216216,0.6756906077348066,0.9988789237668162,0.1515745817611326,0.1626479674452801,2.0178259603781306,-13.62708529165988,0.4299127580813235,0.0319992928333075,False,False,False,False,pachytene,46,off_axis,19.26267857819992,13.61
371,3.207308970099705,124.2694726467342,176.6683228128446,25.418850408,1.8239899118261416,0.7202842377260982,0.1958079066065269,0.4734411085450346,0.9976076555023924,0.0578664959607647,0.123762877453701,1.0172096138949065,-14.8271525924463,0.4301114242941126,0.4135845051737861,False,False,False,False,pachytene,46,off_axis,19.710755190804665,13.61
510,5.238477354167799,136.40863102860874,224.5677957116877,39.932178894,2.120369098034627,0.6610468190095753,0.2315887601544812,0.4942807625649913,0.9978098428240144,0.0781027584795927,0.0982046458863492,1.6401724690326258,-64.20898965885017,0.4301560832382855,0.4685368674934632,False,False,False,False,pachytene,46,off_axis,65.88427458939915,13.61
36,1.8061016503385596,104.1921693931224,150.63389962522248,35.676937601999995,2.0422064954104115,0.7308830297849958,0.1572987440807082,0.5748839482042511,0.9981328940142778,0.0606098738943371,0.1109501326617771,1.0344225931342457,14.852705140156017,0.4302213775742966,0.2736182573405604,False,False,False,False,pachytene,46,early,1.1546919100649184,13.61
1035,8.01972321886187,138.49366253203465,186.6420329062024,22.88306439,1.7611993822140986,0.7206560738083034,0.1463032581453633,0.5108256880733945,0.999633431085044,0.1083751256490476,0.1844885256894162,1.097562725573327,-27.573663086236703,0.4304947451375176,0.2864054442860023,False,False,False,False,pachytene,46,off_axis,37.07968328579744,13.61
63,1.4703889243100978,128.92009706712622,233.92800000000213,25.754296662,1.8319784538484485,0.5959559158393296,0.0894909688013135,0.5475653742110009,1.0,0.147752279644294,0.1274044459636223,1.3259226553850871,-71.78149365961877,0.4306623822026319,0.1634343094288295,False,False,False,False,pachytene,46,off_axis,71.98964646348712,13.61
74,1.2073013947847118,132.5575580958158,231.20142764099455,19.34093961,1.665186903415572,0.6114008489993936,0.0529116169080697,0.5199750312109863,0.989033189033189,0.1797687241181379,0.1877848035697154,1.4201542512564604,-69.88242680703355,0.4308342573607084,0.1017579955422902,False,False,True,False,TZ,46,off_axis,70.538838493587,13.61
1030,8.014530180460028,112.13427995488355,156.47336223164496,60.314643936,2.432827892332377,0.7042237087741132,0.0992538197323226,0.6553583168967785,0.9994743758212876,0.0832834383372054,0.1462904984732052,1.8279652708721903,7.471116317680315,0.4310004724096835,0.15144969884918,False,False,False,False,pachytene,46,early,5.3789586899401245,13.61
476,3.949640041138271,133.52597334590246,182.13726556393388,27.370537704,1.869526275382017,0.6220431950634213,0.1878453038674032,0.5315192743764172,0.9965965965965966,0.0930260790070186,0.1018833250173613,1.043319525922083,-22.123442844433704,0.4312798109904525,0.3534120264740821,False,False,False,False,pachytene,46,off_axis,30.423397542922658,13.61
972,8.532865384615727,123.89731393269332,173.2652649519245,24.3960912,1.799190763803454,0.7290384615384615,0.0329444063143445,0.6256210078069553,0.9981114258734656,0.1511702802935722,0.2703906695500682,1.620433886229974,-11.422066912778037,0.431410077625505,0.0526587277333085,False,False,True,False,TZ,46,off_axis,17.562174129419148,13.61
1173,9.118819368215362,135.2079797109408,226.277573874864,38.466067644,2.0940950677515207,0.6210513477253323,0.2044552554090385,0.5436112005149663,0.9972491675112204,0.0887596960361728,0.0749561342936879,1.4896131225227724,-65.62745083264511,0.4314673487326769,0.3761056711402502,False,False,False,False,pachytene,46,off_axis,66.94750631276725,13.61
79,1.984547872340478,135.52916188165008,227.2472581515952,35.28050112,2.0346140785893048,0.576529255319149,0.1179891981719983,0.5647668393782384,1.0,0.1034965551887078,0.0816523689725229,1.444949396696964,-66.64303642218094,0.431736402195046,0.2089166536439971,False,False,False,False,pachytene,46,off_axis,67.96480531915935,13.61
1389,10.608742665549242,117.30464117351283,161.3713846521403,55.97026308,2.3729554217195616,0.6566219614417435,0.1032180385288966,0.6470157451482973,0.9988778454632896,0.0894542690337828,0.1156189668139233,1.847204469126536,1.5937695384042347,0.4322774742005283,0.1595294075961611,False,False,False,False,pachytene,46,early,9.401402424650893,13.61
1489,10.759390552024945,128.64667696960245,233.4902394763027,30.638206458,1.94114618631104,0.5407702319883623,0.1169022379269729,0.6078692897632544,0.9942320017090366,0.0167705245814891,0.0149451610182727,1.1498561575070063,-71.29595586552068,0.4327051012684049,0.1923147622287394,False,False,False,False,pachytene,46,off_axis,71.49234229790976,13.61
555,4.8564116932848425,128.44919123003407,233.72682518912916,25.116245046,1.816722942695024,0.5839170636032502,0.1532028131533929,0.5326599326599326,0.9926271811255836,0.1710805394135985,0.1228072763198314,1.22054085967174,-71.4856270456754,0.4328134502404623,0.2876184292449917,False,False,False,False,pachytene,46,off_axis,71.66395941452463,13.61
259,3.178758965585208,126.20982833454144,235.7041428045057,35.648788266,2.041669249349341,0.6756596696716457,0.1373818690934546,0.5333739095151147,1.0,0.0612076304996351,0.0762901255599955,1.61940945191978,-72.94679544282714,0.4331538312948203,0.2575714084296834,False,False,False,False,pachytene,46,off_axis,72.98782198351398,13.61
1457,11.117108245408222,113.3589685111374,156.41323357561663,30.01422951,1.9278779224829004,0.7350527549824151,0.104122621564482,0.5383480825958702,0.9979502946451448,0.123905009012386,0.230154249839624,1.5218413035720058,7.271887519406347,0.434043592817185,0.1934113353992296,False,False,False,False,pachytene,46,early,6.588828683382906,13.61
1284,9.935447004608132,126.34837633179794,236.3914440368656,38.17753695,2.0888460454456865,0.6071274961597541,0.1610024931111402,0.5514544885830466,0.9966981840012008,0.0851145442636374,0.0819354518271071,1.4233409313152932,-73.64785962078253,0.4350877829528419,0.2919597109905362,False,False,False,False,pachytene,46,off_axis,73.6881857349617,13.61
345,3.2023400997291285,113.00870489614836,153.49115049668313,59.744619882,2.425139531620631,0.8213514468569634,0.0716180371352784,0.730989010989011,0.9998986520725652,0.0816268797077516,0.3043475733403651,0.9633665949252456,10.20218036886447,0.4353513496710174,0.0979741638501253,False,False,True,False,TZ,46,early,6.862028128091814,13.61
849,7.21908000922317,131.24497937514462,232.44592935784627,40.694556744,2.133778022644558,0.5174083467834909,0.1587620578778135,0.5949593884376493,0.9946276398666172,0.1988692770998501,0.1083438502422373,1.2529438622281468,-70.82247385068455,0.4356592488147059,0.2668452014762206,False,False,False,False,pachytene,46,off_axis,71.27911923516781,13.61
1429,10.69847422084055,133.0441340227049,232.90326538433743,32.439763961999994,1.978471014692015,0.5132692168631137,0.1722823413674372,0.6009508245431585,0.9902124612079256,0.1817937301857113,0.0936251527377183,1.246418079572816,-71.6485778364746,0.4358717069253674,0.2866829270072237,False,False,False,False,pachytene,46,off_axis,72.30460266090748,13.61
240,2.656061999211896,133.3407438985936,232.83612318402376,17.858407913999997,1.6215040701456842,0.6435045317220545,0.1682500766166105,0.4543109801031688,1.0,0.0989374952747861,0.1255136581811365,1.372321944616741,-71.64543001482,0.4360499788661122,0.3703412067619472,False,False,False,False,pachytene,46,off_axis,72.342984059524,13.61
941,7.064562027567817,107.52806755224536,150.47037190418064,42.205237776,2.159861554100048,0.7257670075589151,0.2070073931211828,0.5318200243210377,0.9994193361076164,0.0694657469748036,0.1115981241162189,1.7018589762560945,14.309781383857937,0.4361228550052215,0.3892433222789315,False,False,False,False,pachytene,46,early,2.1407885766678336,13.61
1302,9.813659619059598,92.38837814830757,144.23671442396804,38.055556494,2.08661899202023,0.6803303951180423,0.1368175765645806,0.5669109139992287,0.9996463098325866,0.1243697995125782,0.1777799869727311,1.8176815114891816,22.674755006220977,0.4366073630848167,0.2413387592054132,False,False,False,False,pachytene,46,early,11.477131106632756,13.61
818,6.210907674327979,133.64558920919217,180.03635336969316,18.064836378,1.6277279004319356,0.6353720296065446,0.048135593220339,0.6075498575498576,0.999183895538629,0.0835968334981248,0.0925587410517779,1.007575424749958,-20.094881723165482,0.4369554702051947,0.0792290420648956,False,False,True,False,TZ,46,off_axis,29.387485123147037,13.61
913,6.818383349468036,101.98592652952566,146.3243921006785,48.46377347999999,2.2617410074633426,0.7295256534365924,0.1617161716171616,0.5368647100930566,0.9995855437665784,0.0556721273401052,0.1022768754061292,1.724235166348356,19.53028754680498,0.438410020196733,0.3012233223322331,False,False,False,False,pachytene,46,early,2.403525568436155,13.61
691,5.028744223974046,119.64843583854258,159.7954798654544,69.04093809599999,2.5449115425049214,0.7939657515629247,0.1386363636363636,0.6617744063324539,0.9997685506642596,0.1368351884832008,0.4055799178541854,1.001191578939116,2.6405332375985853,0.438776311364897,0.2094918786670593,False,False,False,False,pachytene,47,early,12.024594199296873,13.61
1359,10.216672365451425,115.78524600287254,155.6922888531787,34.302311694,2.0156336181054417,0.7224235792928948,0.0793830800635064,0.6395663956639567,0.9993299832495812,0.1602935830877673,0.2898686950823154,2.081816887128048,7.465502398982949,0.4388052886646632,0.1241201548450588,False,False,True,False,TZ,47,early,9.11253568660617,13.61
83,1.5432325470951955,136.65538133607924,230.92607384043097,29.636559252,1.9197575786039915,0.6205477283520658,0.0465393794749403,0.5859407592824364,0.9996433666191156,0.1985947993119124,0.2047728607109922,1.543706839219446,-70.47655074513975,0.4391857547049508,0.0794267658251563,False,False,True,False,TZ,47,off_axis,71.78903496787572,13.61
749,5.534081861794422,141.1214331530068,185.7550833010104,91.92634826399998,2.7997363310350005,0.8267581912830458,0.2114982578397212,0.4904993371630579,0.9994400895856664,0.0827222187282828,0.2296414597186027,1.1564263431056168,-27.260218038583265,0.4394477013372846,0.4311896914335937,True,False,False,False,pachytene,47,off_axis,38.754871204758935,13.61
1531,10.89861111111298,104.78053990921649,146.26072559357414,60.46477372799999,2.434844745394793,0.7399518932340161,0.1487172974345948,0.5099209309264509,0.9993432718197938,0.0529984424384434,0.1020359799709034,1.3838494441380649,19.0037775045357,0.4395231251886649,0.2916477602996165,False,False,False,False,pachytene,47,early,0.34178034192492346,13.61
1533,10.688713496448567,109.72294404104154,151.0677992847307,47.553611616,2.247492747916801,0.6747237569060773,0.16,0.5454959053685169,0.9944844348882864,0.1207134721137854,0.147193286802177,1.4251743939029378,13.263362515251838,0.4397989056307724,0.2933110925771476,False,False,False,False,pachytene,47,early,4.160543469600717,13.61
1034,8.542439390152458,135.55679701949546,231.54797824918813,37.541831112,2.0771870870068145,0.6061609597600599,0.1615005986430756,0.5410122164048866,0.9829511164755582,0.2117149392573246,0.200933282858934,1.5133259202250928,-70.85305629119357,0.4400494741168878,0.2985156226531688,False,False,False,False,pachytene,47,off_axis,71.94024318693536,13.61
693,6.14312844714846,125.38185411952044,238.64209511002036,41.255197686,2.1435322455439527,0.6557684653437198,0.1889067524115756,0.5274198876775685,0.9995117783473696,0.0292857128298288,0.0293366732583942,1.7902077166494268,-75.64437927247458,0.4401332596432831,0.3581714622924143,False,False,False,False,pachytene,47,off_axis,75.65123616463785,13.61
655,5.829514943655107,92.54244551200308,143.13275026947716,47.87732898,2.252581094175617,0.6933855952964233,0.1392022008253095,0.5087887503994887,0.999144893111639,0.1007580171894876,0.157381979418956,2.066581205336237,23.748886625738386,0.4402372340098749,0.2735952803909507,False,False,False,False,pachytene,47,early,11.179280689628241,13.61
848,6.967906087325928,128.43275197333577,172.16538613352978,88.323233256,2.762668546601556,0.820779772654839,0.0642074608237415,0.6637522228808536,0.9989182398715846,0.1042070529088071,0.3354727621534303,1.3620892168247394,-11.302364186173476,0.4407930122590008,0.0967340802943978,True,False,False,False,pachytene,47,off_axis,21.25913931405669,13.61
369,4.715953471235378,96.98339388915024,141.70475564503528,44.567436222,2.1994276516279663,0.6958260961103215,0.1763112884834663,0.4717079079425506,0.9992769342010124,0.0287128400228824,0.0303534280037896,1.8894895395892704,24.580711191626936,0.4412505769504917,0.3737721702663066,False,False,False,False,pachytene,47,early,6.5891544356451295,13.61
1006,7.801531666310301,138.7276476597472,182.1555618935586,131.710743144,3.156294585338229,0.8132970007836432,0.1964586846543001,0.6126108938281026,0.9997813092287504,0.033180535761923,0.1218600152711506,1.082798081901949,-23.237177305119147,0.4413073488664596,0.3206908114654357,True,False,False,False,pachytene,47,off_axis,34.84458857315372,13.61
67,0.9759079567507818,129.6851816190743,238.31194316606357,16.922442492,1.5926663800245418,0.7489603548655392,0.0538140020898642,0.4632799558255108,1.0,0.0982341406921114,0.1704051633075558,1.4654098555277455,-76.22822897394853,0.4414262519245218,0.1161587101129249,False,False,True,False,TZ,47,off_axis,76.41189828128273,13.61
1512,10.97341033649541,95.5203127998112,142.3685415876016,39.805506882,2.118124659793585,0.6586127644528257,0.0861334595362044,0.6062489211116865,0.999431559799909,0.0857778260498975,0.1173896218556405,1.515494482039823,24.11501255491443,0.4414286561720266,0.1420760623841777,False,False,False,False,pachytene,47,early,8.126796406747076,13.61
241,3.176502732240504,132.90160618076968,235.87576054497563,31.766525676,1.9646884997473344,0.5769457982572737,0.1095741373950885,0.5786350148367952,0.9943619620372112,0.1544395497717617,0.1335616056143378,1.3497719778488804,-74.5243338399197,0.4420797175034688,0.1893665861648454,False,False,False,False,pachytene,47,off_axis,75.06011067502016,13.61
664,5.514679424548107,122.25338036791052,163.8537002324535,208.875110454,3.6807192660233534,0.8280044472895118,0.2079131109387122,0.4850799869409076,0.9985752448797864,0.0868250819680493,0.2801836401114728,0.959056878086336,-1.8753971171818196,0.4421826109324628,0.428616138649398,True,False,False,False,pachytene,47,off_axis,13.843737890473669,13.61
624,6.158129609871746,137.99787257039253,229.4194906434136,50.567936346,2.294011234484354,0.6897063598831006,0.1883266593859968,0.4725669008820451,0.99705547112462,0.0610779102853625,0.0851503864924208,1.6379439847503965,-69.28660592303395,0.4426265871819654,0.3985185145944108,False,False,False,False,pachytene,47,off_axis,70.95457107550453,13.61
622,5.649119358984093,134.5424923576972,232.18586732178804,31.032297161999995,1.94943356181807,0.5452415148537304,0.1062249294309909,0.5799534574468085,0.9794638996973628,0.1531716601957436,0.1169612724306689,1.3266925568480037,-71.26294314292709,0.442766828927737,0.1831611279612615,False,False,False,False,pachytene,47,off_axis,72.15857870922427,13.61
1288,10.113645374003736,129.9959875480395,171.50967463488985,57.98528638199999,2.4010971506479333,0.8393138881022695,0.0445032475342794,0.6508056394763343,0.9995879474633016,0.0865661681439319,0.3126316601586383,1.6029111554876374,-10.990699446999349,0.4429563799037979,0.0683817791900031,False,False,True,False,TZ,47,off_axis,22.53409161041734,13.61
370,3.180639669220534,115.05400576431856,151.0345372856642,19.289332494,1.6637045204091143,0.70910859783534,0.0443467838593687,0.6287625418060201,1.0,0.1591962093118535,0.2600967242699142,1.0242569702401174,12.172770901341663,0.4430359499190114,0.0705302573082513,False,False,True,False,TZ,47,early,9.378966161338123,13.61
317,3.2074473826227723,111.90811415002804,150.14952796546194,21.73363317,1.731202648174646,0.5577981651376147,0.0,0.7322431047107639,0.9992471769134254,0.0792843749014281,0.0666633771176495,1.0489249115539323,13.700669989251184,0.4438089107344041,0.0,False,False,False,False,pachytene,47,early,6.490125576800199,13.61
1542,11.150253156444736,100.44918356085512,141.2849538358014,36.601174134,2.0596913069656746,0.6356469909632763,0.1089341692789969,0.5892700087950747,0.993109039319011,0.0691219228758547,0.0801453885338028,1.5136779335596564,24.541279770861678,0.443853362351669,0.1848629111495813,False,False,False,False,pachytene,47,early,3.0982553006673306,13.61
1241,9.623123758251843,91.21387208229022,141.11996691021156,36.601174134,2.0596913069656746,0.6555790553098764,0.1713184271395528,0.5230740602902866,0.9961738179830556,0.0680932486104108,0.0814379601845508,2.2063503550345307,25.918849403134164,0.4442328391744729,0.3275223149939369,False,False,False,False,pachytene,47,early,12.231737697867684,13.61
445,4.243726807742457,136.10291589609935,234.56324559221923,23.389752438,1.774103714904079,0.5069702136194965,0.0938248847926267,0.6114727420667209,0.98404085541015,0.2319164443510551,0.1298840520402552,1.2147105746260325,-73.91570332693931,0.4446629347869965,0.1534408295544088,False,False,False,False,pachytene,47,off_axis,74.94169986787564,13.61
1428,10.568797785394386,129.86038712760345,238.38017074215136,35.590143815999994,2.040549077697678,0.5390192459794358,0.1351551873377025,0.5766371175293108,0.9934846989141164,0.1066595975059471,0.0549608884809558,1.3000763649148577,-76.3318362504583,0.4448255579638577,0.2343851674286861,False,False,False,False,pachytene,47,off_axis,76.52627434962925,13.61
346,2.7372910787931564,120.2154330475364,157.52477129368313,21.613998492,1.728020283189853,0.6038636856956805,0.1574330563250231,0.5638356164383561,0.9937823834196892,0.1194378494760498,0.1089344537664362,1.0178557740584864,4.74082908885076,0.4449312234833854,0.2792180056299001,False,False,False,False,pachytene,47,early,13.057241568990541,13.61
585,4.879382148792724,126.03187249975568,169.5478585492207,23.994963162,1.7892752696736658,0.6084661257209893,0.0176600441501103,0.7021223470661673,1.0,0.1324546147607038,0.1339115349915901,2.1109755841953213,-8.23778362616791,0.4449499254882829,0.0251523744029843,False,False,False,False,pachytene,47,off_axis,18.183288275783468,13.61
623,5.292456338402569,137.03366063483207,177.52944633110056,70.65014180399999,2.564532120067452,0.8335546849060362,0.1057795219407777,0.6062238180730102,0.9997841571336068,0.0733551399296394,0.2699336095840248,1.6578178638819667,-18.358010700134535,0.445570437236512,0.1744892212863175,False,False,False,False,pachytene,47,off_axis,31.245416959784293,13.61
783,6.895901328273546,133.97681343453243,235.8112623339753,37.08675018,2.068759743206643,0.5233396584440227,0.2076542950268111,0.5656847133757962,0.9892004153686396,0.1991846270919409,0.1251668937391898,1.2453144953143986,-74.68779957850707,0.4461081944613801,0.3670848621445105,False,False,False,False,pachytene,47,off_axis,75.3565339215692,13.61
969,7.335203343513714,111.63974324867456,149.4983575630946,29.186169876,1.9099829872051477,0.707201414563575,0.0513020833333333,0.6788361240735657,0.9998667732480682,0.1227937645585742,0.2006704602559398,1.8524716322296184,14.393764322406462,0.4463003447745307,0.0755735906119422,False,False,True,False,TZ,47,early,6.36496136881498,13.61
1290,9.889335256908478,136.55192570192037,235.5261671512639,42.27561111599999,2.1610613441224307,0.5466096992564643,0.2095385508367998,0.5428956064129238,0.9892881824464408,0.1274311927209181,0.0599440069112163,1.2368914801624633,-74.95160771981595,0.4465790821382497,0.3859647202180999,False,False,False,False,pachytene,47,off_axis,76.0023768792233,13.61
435,4.8669133803629805,114.40614988435212,149.1707442118666,40.567884732,2.1315617484353564,0.7340696195212213,0.135688780304454,0.5759947814742336,0.999907415980002,0.0902959141142394,0.1604398600415148,1.0372427663668211,14.131219676151925,0.4469774771120152,0.2355729334164531,False,False,False,False,pachytene,47,early,9.138299878724423,13.61
885,6.416138020987576,125.51544299519786,165.14926208572862,39.566237526,2.1138721394423152,0.7795102863579771,0.2092281522432489,0.4321054046786771,0.9992937853107344,0.1359401828053118,0.2993750606234306,1.00773503856089,-3.8291086162281833,0.4469806591648635,0.4842062838784337,False,False,False,False,pachytene,47,off_axis,17.067120172073988,13.61
968,7.271047197639775,107.16666765486774,145.9198659070788,31.80874968,1.9655586010567163,0.716519174041298,0.0777351247600768,0.6230489073881373,1.0,0.0834498058755396,0.1535613134842291,1.7286594040232812,18.834296136013542,0.4471076734269218,0.1247656866712882,False,False,True,False,TZ,47,early,2.74616529657929,13.61
64,2.7685249517508024,128.38961118279357,241.19592431761788,42.54068403,2.1655686373419614,0.6771987868762062,0.1699985821636183,0.5307482063546293,0.9998893070622096,0.0836147726298116,0.1060652478745113,1.5257854915810738,-78.77454336078132,0.4473918684892251,0.3202998712538852,False,False,False,False,pachytene,47,off_axis,78.8487814941633,13.61
82,1.3398513940999048,136.37850192010887,236.23949152505057,31.886160354,1.9671517890368044,0.5982490988008533,0.0718898708361658,0.6396264420435818,0.9998359580052494,0.3535939725547317,0.321243603304942,1.2817126746208898,-75.6123871786634,0.4474638439320369,0.1123935255185518,False,False,True,False,TZ,47,off_axis,76.6022034978354,13.61
1211,9.41744400213904,128.58001310082372,241.02997953181668,39.481789518,2.112367157285792,0.5687719089774821,0.163342939481268,0.5546982639845688,0.9967432014329912,0.0442193802280219,0.0323397962077691,1.3793580142178858,-78.6524353297642,0.4475244466076334,0.2944716976540097,False,False,False,False,pachytene,47,off_axis,78.73670498162548,13.61
816,8.141522057286009,128.89159321555445,168.79613545891766,44.879424696,2.204547990038111,0.7376123771691407,0.1717538360006599,0.5284860557768924,0.997711469060822,0.107570299836437,0.2063328114528799,2.0104613212935454,-8.105395632361523,0.4475485862448188,0.3249921811998918,False,False,False,False,pachytene,47,off_axis,20.80770967683034,13.61
1432,10.53463576581733,133.49901693162016,238.0951126795567,36.741920814,2.062328052220541,0.5548107003766839,0.1212350346565848,0.5823892155456761,0.9925522252497728,0.0495059683148103,0.0329674762272346,1.1935248002446026,-76.81973437839159,0.4484066083266431,0.2081684059739881,False,False,False,False,pachytene,48,off_axis,77.35317683948091,13.61
1424,10.315859323158262,108.16900275381484,144.64551353682842,21.210524676,1.7172002146866925,0.7662021676620216,0.1777518475301439,0.4446546830652791,0.9980395651399038,0.0665398140200901,0.1529000228999603,1.3643891412682712,19.868883628488657,0.4486550013352471,0.3997525592326854,False,False,False,False,pachytene,48,early,3.9944754882216014,13.61
944,7.988507219002868,138.32688834395142,178.32984763902016,73.27506738599999,2.595907455462226,0.8110894131958895,0.1810990840965861,0.5110998135909168,0.999821157113476,0.0560772300623403,0.1415464091010646,1.765724489342256,-19.412895664986358,0.4489218079772403,0.3543321270735924,True,False,False,False,pachytene,48,off_axis,32.75241621272323,13.61
89,2.6352553542009245,139.5042238616132,233.66951448434972,35.59718115,2.0406835632367017,0.6651070840197694,0.1243969676085458,0.4988193624557261,0.9989087436911744,0.0495616084103397,0.0603444026284343,1.5167403662369274,-73.75859187739401,0.4490492093575513,0.2493827966022208,False,False,False,False,pachytene,48,off_axis,75.4469061775941,13.61
1279,10.057461896697433,113.319598396485,149.35472117908648,44.325821088,2.1954458337990386,0.6783975444538526,0.229296131896005,0.4745762711864407,0.992790824685964,0.0783865381155108,0.0790942616396265,1.837725440606667,14.180278067563444,0.4494951805334009,0.4831597064951535,False,False,False,False,pachytene,48,early,8.037375297072357,13.61
943,7.56922459893028,139.04596459892804,233.69693586898225,35.092838879999995,2.031000191623545,0.6245320855614973,0.1497123826824099,0.521630763752893,0.9918264696636278,0.0807285354913381,0.083145092930929,1.312434359865895,-73.68885529778306,0.4501744532972067,0.2870083459136848,False,False,False,False,pachytene,48,off_axis,75.28449771355544,13.61
1075,7.869600401831123,132.71919605425282,174.74232198906208,84.06330040799999,2.7175191249193267,0.8724187967407077,0.10703125,0.6231408573928259,0.9999317406143344,0.0522516491965468,0.251081788515002,1.5392761229519998,-14.724500285773034,0.4504767057037523,0.1717609248859249,True,False,False,False,pachytene,48,off_axis,26.185271295450697,13.61
348,3.448852416976535,132.6437264905755,239.57158395948196,18.294722622,1.6346034328516683,0.6076420053853058,0.1632485643970467,0.5326797385620915,0.9955849889624724,0.2127955190250356,0.1879558596595556,1.1925238890320322,-78.08288281116957,0.4510098967916317,0.3064666300950693,False,False,False,False,pachytene,48,off_axis,78.48368315031824,13.61
556,4.7087474431477006,132.0507073276373,172.52354189628062,38.991521916,2.103587230645535,0.7144747924437492,0.2290448343079921,0.538558786346397,1.0,0.0958718602273318,0.158300388319524,1.8312180719334,-12.414684789042651,0.451082803541094,0.4252921688676568,False,False,False,False,pachytene,48,off_axis,24.79837507925092,13.61
1247,9.174177159266396,135.3712440689201,175.00126905235243,21.238674012,1.7179595339166178,0.6260216478904352,0.024207492795389,0.7088009450679268,1.0,0.0294538896129047,0.0308159240432404,2.0585452830192734,-15.53634882238633,0.4515999812290843,0.0341527377521613,False,False,False,False,pachytene,48,off_axis,28.7504277064765,13.61
35,1.693858284804707,104.49761116937562,141.68171126161607,129.707448732,3.140210556705065,0.8286070821427279,0.0967403736179947,0.6452463859871267,0.9999527644599796,0.0966540804936278,0.3276675752588057,0.9308677910176396,23.615785124181166,0.4517561323730525,0.1499278038884277,True,False,False,False,pachytene,48,early,0.862886228656742,13.61
550,5.242575947206513,102.73670207076913,141.00358105586471,41.23408568399999,2.1431665382611143,0.6958698372966208,0.165078869280025,0.4751215862326973,0.9982423376908712,0.0755042783586265,0.0883500604632735,1.7060400348504912,24.51950847998553,0.4518716367650533,0.3474455256578794,False,False,False,False,pachytene,48,early,0.7935996679572966,13.61
477,4.625448444960528,135.63818898567678,238.5607215253552,36.35486744399999,2.0550606903848085,0.5932378371402762,0.0946431136004596,0.6039022842639594,0.9976954985404825,0.1588894114465439,0.1421295975249997,1.2103247445066172,-77.72555776800526,0.4519321689320706,0.156719250889755,False,False,False,False,pachytene,48,off_axis,78.50876639921364,13.61
73,1.3132133554345076,132.4423985910486,241.7925726379385,19.812440988,1.6786099467463598,0.633080748283211,0.1130509444762449,0.4940303323652791,0.9980186810076422,0.1287346401073559,0.1125773746424939,1.4266202631047875,-80.21161104499164,0.4521314356345251,0.2288340149783691,False,False,False,False,pachytene,48,off_axis,80.53921507923727,13.61
746,6.740499397656139,127.4192850837803,243.37817426349517,42.838597836,2.17061206524221,0.6458766838243346,0.1859264853977844,0.526673882789547,0.9990300678952472,0.0711784587610603,0.0782519508609376,1.6983570734214162,-80.7033956559836,0.4526102565836175,0.3530201353691932,False,False,False,False,pachytene,48,off_axis,80.72848412323853,13.61
918,6.97169326380233,127.64149321506052,161.41155226233198,283.84617533399995,4.076913331325351,0.8074014693850566,0.1861358477387812,0.6816562969319888,0.9999889322988722,0.0382228551920211,0.1187461900950283,0.995510525020316,-0.6231851107245355,0.4530321381445729,0.2730640772725857,True,False,False,False,pachytene,48,off_axis,19.5077561087099,13.61
1210,10.518395035759312,111.03952413231023,145.2640611695423,44.607314448,2.200083460241526,0.6711716449305848,0.0887496356747303,0.6249800095953942,0.9929418407679276,0.1850297491804428,0.2548912909932034,2.0019592174948206,18.65947884323077,0.4533517517798036,0.1420039590261231,False,False,False,False,pachytene,48,early,6.670262143343861,13.61
528,5.626564097570342,91.58169962997036,137.7183960222025,48.179934342,2.257316891964149,0.650761965042115,0.1634985422740524,0.479994423532692,0.9957442164993452,0.0904876785334075,0.1015062864147427,2.075330110888524,29.24255035467784,0.4534653502851045,0.3406259203403364,False,False,False,False,pachytene,48,early,11.419953492742515,13.61
1110,8.647764282991368,109.81372268394968,143.8057194052586,43.070829858,2.1745273619562795,0.6928271880616523,0.2087542087542088,0.449290780141844,0.9877678932470684,0.123641622337583,0.1801291714930714,1.9408284199378028,20.34333308822163,0.4540319250806358,0.4646305198791388,False,False,False,False,pachytene,48,early,5.779203910744468,13.61
19,2.032561205273045,94.36219281073528,137.90572727401286,49.82432471999999,2.282711030082401,0.7285310734463277,0.129923042100498,0.4481442941380506,0.9976740179186768,0.0491592288506771,0.0920458635608837,1.9480983001887595,28.691339023200157,0.4540849947564765,0.2899134136035106,False,False,False,False,pachytene,48,early,8.68821386491638,13.61
80,1.2281197063805531,135.72795343026624,239.61000444664023,16.617491352,1.5830414411187128,0.5688876341050254,0.0,0.5795677799607073,0.9980850248946764,0.1376044268511543,0.1024679746997311,1.259280347885176,-78.7702022411933,0.4542734186675657,0.0,False,False,False,False,pachytene,48,off_axis,79.52469684111877,13.61
1478,10.982076672797303,106.35768569104768,140.11090737020754,33.16460936399999,1.993098484769932,0.6603479983024473,0.0920778975231613,0.6109954185755935,0.9979787090688588,0.1635688356553158,0.2189403093289417,1.6141595367802144,24.928444716272608,0.4547866651915155,0.1507014532741038,False,False,False,False,pachytene,48,early,2.9133073772815976,13.61
28,1.798067872182342,99.697735292298,137.69868152712442,37.87962314399999,2.0833984982736897,0.6910453306911073,0.2004807692307691,0.4020845860893967,0.9972720187061574,0.1202131069346606,0.1397560673196114,1.9175828545731848,28.195212136386374,0.4548345160951848,0.4986034684408312,False,False,False,False,pachytene,48,early,3.3717545519858656,13.61
850,6.979533284855215,132.49185167581126,239.5677760163873,35.484583806,2.03852966381892,0.5028756528062405,0.1537249606121989,0.5997340425531915,0.9728568197240444,0.102423605353546,0.0547533390111724,1.1752256711213402,-78.0471645121906,0.4548595395224333,0.2563218855440657,False,False,False,False,pachytene,48,off_axis,78.43337396615529,13.61
1332,10.208926296632931,92.35308614194558,136.443617484077,51.56020044,2.3089188140278427,0.6736578707916288,0.1839590443686006,0.4990938240624564,0.997860465116279,0.0672450318571823,0.1014940898640124,1.8120778678016516,30.40486529855115,0.4553657896440075,0.3685860964402158,False,False,False,False,pachytene,48,early,10.487686662177646,13.61
87,1.672347803750357,139.14485818135012,238.16909393140855,36.528455016,2.0583263394763294,0.5603647572566144,0.1487192240736135,0.5308209173239848,0.9913889928865594,0.1905266215437934,0.1278662328654268,1.332277577372046,-78.0814776858614,0.4556112734159189,0.2801683566340005,False,False,False,False,pachytene,48,off_axis,79.42964913950041,13.61
1494,10.79792340425503,97.15897468935944,136.69520311489478,41.34433725,2.1450749689563,0.6754042553191489,0.092480964467005,0.5993707393812271,0.99914337723525,0.1226605818985155,0.1898510649314964,1.619202190435258,29.52371177065067,0.4556308025126617,0.1542967622384764,False,False,False,False,pachytene,48,early,5.756573841702292,13.61
1339,10.110344827587072,134.6763725482867,168.6174719766892,62.78943972599999,2.465657027565056,0.8439496394814511,0.0474344355758267,0.7119942542494614,1.0,0.0593285981975777,0.2264074150174538,1.6466173289350832,-9.149434784997624,0.4561826169134802,0.0666219359113074,False,False,True,False,TZ,48,off_axis,26.4871282984672,13.61
1430,10.58203768763965,132.6020426636852,242.3296933184289,36.72315458999999,2.061976875686693,0.5611625678696902,0.1359577411646333,0.6078602620087337,0.9972327914216534,0.0830699570056823,0.0582029941794192,1.2451436650164358,-80.77030957151797,0.4563833898799758,0.2236661115423924,False,False,False,False,pachytene,48,off_axis,81.0995072632877,13.61
1515,10.938512362566271,102.97433226655522,136.42272549424564,45.444757194,2.2137660660217024,0.6744438135549475,0.2832140015910899,0.4655145076898684,0.9952059272172586,0.0815651622692595,0.1027552421378987,1.4926044998596169,29.02937556754318,0.4570339978481383,0.6083892057339931,False,False,False,False,pachytene,48,early,0.044138142416574024,13.61
347,3.564561683986148,129.79733357314166,244.9863447641875,17.607409668,1.613871503528033,0.5988542499333867,0.0930722891566264,0.5685818664895383,0.9967731526298806,0.021668712167833,0.0332346090262824,1.4600811297977314,-82.77646254137171,0.4572985143700716,0.1636919758473144,False,False,False,False,pachytene,49,off_axis,82.87297292529091,13.61
588,5.444004438993225,140.92465230418745,236.6022591554215,40.162065138,2.12443024446308,0.6414929034519012,0.1638741315897016,0.5361681329423265,0.9963532169835896,0.141694698517389,0.1532603136384268,1.3852888303302022,-76.92476113785376,0.4575744499527671,0.3056394468847125,False,False,False,False,pachytene,49,off_axis,78.70440308576126,13.61
1077,8.534101956873883,136.21015727907402,239.9904579770668,37.640353788,2.07900258419882,0.5835722298392123,0.1884867622054894,0.5691409757557617,0.995614747441936,0.1203630245505502,0.1138431455961859,1.1965979473372244,-79.24370415371864,0.4576998735711721,0.3311776347770393,False,False,False,False,pachytene,49,off_axis,80.04811991674146,13.61
218,2.9015754632438497,141.57517734801507,176.621612106502,81.14749835399999,2.685728918789465,0.8359494695458619,0.0925807483210745,0.5705726872246696,0.9996961525314292,0.0817170026915753,0.2948222582769408,1.7280981901658226,-18.427323068239463,0.4580999915482657,0.1622593411742118,True,False,False,False,pachytene,49,off_axis,35.13458740999551,13.61
1116,8.67433060967909,139.899761747328,238.93430534254577,37.32132798,2.073112290738285,0.5829666876178504,0.182680463168268,0.5599095704596835,0.9973514318821388,0.1019338176742266,0.0954025548773694,1.2089076355028554,-78.98855253749223,0.458429235791453,0.326267798955978,False,False,False,False,pachytene,49,off_axis,80.42813746078014,13.61
444,3.4119492337165065,133.61994006225973,168.22316023707447,58.775813568,2.4119595121138966,0.8165309706257982,0.1842058562555456,0.5534043941701109,0.9995063895135194,0.1101544162518062,0.304821660743554,1.914468716814008,-8.541411611373832,0.4586361727376413,0.3328594029900721,False,False,False,False,pachytene,49,off_axis,25.3870619311152,13.61
1363,8.951674208144524,139.95756601629003,174.60466287420485,64.80211725,2.491725492545044,0.881158371040724,0.0132251277427111,0.6917453548583613,1.0,0.0708949040956712,0.3761308443366653,1.3697040392274964,-16.114854834397054,0.4588452166576244,0.0191184915805022,False,False,False,False,pachytene,49,off_axis,32.96533337485547,13.61
296,3.287913049821199,139.37483997373988,172.77179816179017,32.158270601999995,1.972731709071124,0.753665475235247,0.0624652970571903,0.5889843055966835,0.9993077988001846,0.0915710023705263,0.1870280002570974,2.002834850812441,-14.200361341167627,0.4591977419423808,0.1060559618713584,False,False,True,False,TZ,49,off_axis,31.908519203155564,13.61
667,6.819597922147619,134.81681991499283,167.45864668084113,69.542934588,2.5510646685923883,0.795520474937597,0.1183827806864455,0.593368525239195,0.9950518603102104,0.0788015729849005,0.1794186825616622,1.840869007469521,-8.04620568025391,0.4600399360332204,0.1995097071229449,False,False,False,False,pachytene,49,off_axis,26.489711065495317,13.61
76,1.3973135106937722,132.2947208920184,245.194660289514,17.987425704,1.6253995478511492,0.5440792905581637,0.107480214449834,0.5523455377574371,0.9984038308060654,0.2026310208658474,0.1251556259836067,1.2058106823046866,-83.50623315033383,0.4603200546590525,0.1945887259019263,False,False,False,False,pachytene,49,off_axis,83.75080532282017,13.61
34,2.5944575258104687,103.13450585944364,136.98421912697214,25.902080676,1.835475875750123,0.6964318058322767,0.0,0.6315632458233891,1.0,0.1658857384115074,0.2542262657846235,1.871410155923329,28.451699003891,0.4605750993442346,0.0,False,False,False,False,pachytene,49,early,0.12911147504622858,13.61
323,3.2035846994535864,138.1727026557382,241.14046042623096,21.4638687,1.724010068683269,0.6673224043715846,0.2093506493506494,0.5183968462549278,0.9997748254897546,0.068062661629782,0.0776694244342122,1.2473884125169117,-80.78135077119175,0.460786141413923,0.4038424439945353,False,False,False,False,pachytene,49,off_axis,81.82005958172233,13.61
844,6.931551149752076,106.19886384171832,140.29251694970267,28.869489846,1.903049858964292,0.7091086373608515,0.0986908358509567,0.5349162011173184,0.9998537156231716,0.0764187383000054,0.126711571197126,1.798875398277982,24.76928877908231,0.4608583389830555,0.1844977505725457,False,False,False,False,pachytene,49,early,2.731990508662388,13.61
1433,10.149396767584408,137.47955275438264,170.11292144320325,20.610005508,1.7008388456006824,0.7101069883906215,0.0007846214201647,0.6529250098154692,0.9994296577946769,0.0538542655331238,0.0927607803854854,1.7359933348850136,-11.201873946078432,0.4612573025601035,0.0012017021991339,False,False,False,False,pachytene,49,off_axis,29.492123095220336,13.61
1277,9.618162579360856,108.844412087637,139.3360526142148,37.687269348,2.079865993320128,0.6938877131831196,0.2414005861483881,0.4375762505083367,0.9973193615206531,0.1323522011813664,0.2280956957871048,1.9199387806055,25.36968654640692,0.4616303512660017,0.55167661834469,False,False,False,False,pachytene,49,early,5.480312190623084,13.61
945,7.797314968180667,144.34089179670474,175.80518099555323,26.908419438,1.8589449393284576,0.6754424200156918,0.0205209155485398,0.6038141283910825,1.0,0.1440895659635448,0.1686255339411524,2.2144392951513043,-18.21187479508386,0.4616822096353532,0.0339854842469812,False,False,False,False,pachytene,49,off_axis,37.50814688689154,13.61
372,3.8320937340804977,133.7558515537422,244.62808689505783,18.419048856,1.638297858294648,0.532857870606215,0.117208182912154,0.5736095965103599,0.9972602739726028,0.1076708683769951,0.0450328396667177,1.0793447944538228,-83.2601952873268,0.4617802186652766,0.2043344177384891,False,False,False,False,pachytene,49,off_axis,83.63826577032805,13.61
395,3.622758481421625,111.5720618638934,142.60639788974404,23.232585312,1.7701210924860955,0.6955775444264943,0.1547518923465096,0.4932006633499171,0.9990165224232888,0.0520787288723347,0.0799624203483112,1.0335424588161704,21.145304534519166,0.4619875808831618,0.3137706492432593,False,False,False,False,pachytene,49,early,7.750744062155214,13.61
1396,10.254709009131531,136.07089060242706,243.12848870791663,34.421946371999994,2.017974178371316,0.5641270273953932,0.1338028169014085,0.5734834271419638,0.9903682719546744,0.1389699828967736,0.1035452402527661,1.1869812059890568,-82.28196760647417,0.4620112566428254,0.2333159260908965,False,False,False,False,pachytene,49,off_axis,82.95206792733816,13.61
1395,10.285140753058329,131.33548332343724,246.61386759710348,19.749104982,1.6768193219997058,0.632022805558855,0.151697699890471,0.527114267269206,0.9874965268130036,0.1061735535186797,0.1152009940654277,1.3363150190350643,-84.69150401928586,0.4626378294062662,0.2877890228173173,False,False,False,False,pachytene,49,off_axis,84.84849631709652,13.61
27,1.0143344142346058,98.9126763033178,133.5922056872022,28.212672006,1.8885067300681464,0.7935478506693273,0.1125804145818442,0.5344341522351993,0.99987722529159,0.1489541278510371,0.3647347086463823,1.9547612296207129,32.369252127954745,0.4631828534390514,0.2106534810902179,False,False,False,False,pachytene,49,early,3.610190264141978,13.61
81,1.354369562394406,136.41922097779712,244.16590796649575,36.129672756,2.050808645255381,0.5707051032333463,0.121328903654485,0.5511191772534785,0.9931121986586912,0.0833002304891079,0.0594231124106714,1.270795436828981,-83.36948735900458,0.4632649656438692,0.220150030451003,False,False,False,False,pachytene,49,off_axis,84.04627457358531,13.61
919,7.070072463768191,130.37007507246443,246.87574894927675,19.42304184,1.667539814967463,0.6695652173913044,0.1308767471410419,0.5405701754385965,1.0,0.0828751597074404,0.0917680085160904,1.4377606946936956,-84.74412311027126,0.4632675130114841,0.2421087087071607,False,False,False,False,pachytene,49,off_axis,84.84617664926535,13.61
1398,10.349070171088783,138.85049997520318,241.5759814778089,28.381568022,1.8922677690895229,0.545664930986032,0.1513046163347229,0.5677642350372931,0.984764207980653,0.112410721402353,0.0710712982986434,1.0953226912725151,-81.34989043899205,0.463759736030842,0.2664919820544607,False,False,False,False,pachytene,49,off_axis,82.47340853085961,13.61
262,3.392430691360722,141.39641397101204,240.0786252271928,40.783696308,2.13533486749741,0.5818474634763603,0.2002200220022002,0.518019257221458,0.9970275344180224,0.0781458551485704,0.0766325817807948,1.3057825900352216,-80.42249333747405,0.463825054076543,0.3865107700361114,False,False,False,False,pachytene,49,off_axis,82.07184908417418,13.61
845,6.754341716509622,105.79029948836452,137.361142552428,32.552361305999995,1.980757440434412,0.6811991064351084,0.1940244124612862,0.5348101265822784,1.0,0.0841052706417354,0.1047473616114377,1.6229690689205658,27.72893291449626,0.4638618023906856,0.3627912090992097,False,False,False,False,pachytene,49,early,2.7123110894963443,13.61
446,3.760789933276453,144.86958936903963,176.20046267967902,52.383568518,2.321144389314993,0.8133088531637633,0.0356234096692111,0.6433197409450707,0.9991538229072228,0.086507242279108,0.2459650269367929,2.1051844169094407,-18.709667009459455,0.4644861179123073,0.0553743456043778,False,False,True,False,TZ,49,off_axis,38.12952972868521,13.61
294,3.4308189158016686,131.61993795847903,248.0472471280295,20.33789526,1.6933203682758742,0.6139561707035756,0.164294631710362,0.5183746638780998,0.9994306860233418,0.0789193434451048,0.0799214263472121,1.3841085146473138,-86.1526405541417,0.4658684570917736,0.31694186301705,False,False,False,False,pachytene,49,off_axis,86.30554956100343,13.61
689,7.0435799913342665,90.759998748252,132.3349197775743,48.724154838,2.2657843275297185,0.6861489576813826,0.1492887902910087,0.4827427519558214,0.9975588321452984,0.0795988649486773,0.1114366661110115,2.0783422561729465,34.6873260721866,0.4662701966041921,0.3092512309841391,False,False,False,False,pachytene,49,early,11.526846904700276,13.61
261,2.3888607940955056,130.93838573771782,157.01383291191257,34.325769474,2.01609297991585,0.695551151506868,0.2670286278381046,0.4538720538720538,0.995797180043384,0.0325523597590832,0.0352714053776111,1.030639192737473,2.9812710988496183,0.4674396797005174,0.588334588040928,False,False,False,False,pachytene,50,off_axis,23.647176795688512,13.61
263,3.1129961847553207,142.84859671239766,171.49485661173682,28.897639181999995,1.9036681840371128,0.6908028249046189,0.1783865401207938,0.5466001575216592,0.999543934326543,0.0945964753291178,0.1447833216247438,2.03268122631001,-13.683902892338637,0.4681047157797111,0.326356547223873,False,False,False,False,pachytene,50,off_axis,35.023189351903824,13.61
1388,10.495035368940009,108.17792441430235,134.8702583230562,36.146093202,2.0511192864328933,0.6903108572911935,0.0999622783855148,0.5433780385582565,0.998307338894934,0.1545616676055779,0.2065429307745228,1.6867832715061746,29.884340323576435,0.4681744598943007,0.1839645169516686,False,False,False,False,pachytene,50,early,5.406652554859452,13.61
1340,10.138440610009471,134.47510275649603,246.8723274003058,32.763481326,1.985030317932278,0.543853368654686,0.152228875582169,0.5940982577303406,0.9959881756756755,0.1300899808789765,0.0896047828746059,1.1344401031210432,-85.60559403009509,0.468243538571086,0.2562351826509904,False,False,False,False,pachytene,50,off_axis,85.99493639954098,13.61
16,1.7371119169439753,92.71800193731004,132.17916819333377,47.222856918,2.242269878206313,0.698822711241369,0.1432810512929206,0.528616196602342,0.9986987638256344,0.0872466499026621,0.1426236798078795,1.966674782357916,34.58433964080636,0.4684250947581703,0.2710493023366546,False,False,False,False,pachytene,50,early,9.565360519504997,13.61
1174,9.136618794197124,141.6876812276745,242.74833508055693,32.177036826,1.973115369070406,0.5266457680250783,0.1672438117224574,0.5780070845525951,0.9867458866544788,0.0599321861880056,0.037531265659785,1.2352067447569597,-83.09364814044986,0.468616162153941,0.2893456087167375,False,False,False,False,pachytene,50,off_axis,84.6377567135706,13.61
33,1.3195577519055444,103.6478441913056,133.17787701649897,28.006243542,1.883889464062594,0.6636234190468213,0.0110810145284412,0.5657370517928287,0.9993319973279892,0.1848514358892786,0.2208707585029537,1.8231462812778405,32.15753079964399,0.4693121569325439,0.0195868637087235,False,False,False,False,pachytene,50,early,1.138352381126765,13.61
399,4.543845093191606,138.7402608120857,168.69290643542402,197.345611584,3.611710690603376,0.8455448839863066,0.171670810225027,0.5597198707095583,0.999649459710728,0.0471914512924469,0.1702141544761238,1.458662957431451,-10.079324989677882,0.4695702471523044,0.3067084432921767,True,False,False,False,pachytene,50,off_axis,30.525567663244964,13.61
819,6.4181148222987146,134.1678147985233,246.82207210270053,19.735030314,1.676420885648245,0.5730417211458457,0.1119901112484549,0.5512249443207127,0.998388136686009,0.1378912590543665,0.1057147800318609,1.056934766291601,-85.49172956035547,0.4699926946318891,0.2031658987901263,False,False,False,False,pachytene,50,off_axis,85.85449058825726,13.61
784,6.592476766485063,143.42297285735566,241.5219404041925,31.804058124,1.965461961172542,0.5581206667650096,0.1802134646962233,0.5414788849941579,0.9940400170285228,0.0745756123772291,0.0518793593937374,1.4021536224212183,-82.26035566261048,0.4700686322564456,0.3328171599861511,False,False,False,False,pachytene,50,off_axis,84.21697122894457,13.61
920,7.235911784068207,138.8313224901234,244.2477547811025,28.505894256,1.895026787900982,0.4121955233706386,0.0862223359345016,0.6577068458630827,0.9836734693877552,0.2252521875882232,0.0774599711742522,1.105483343571943,-83.95766026947686,0.4701169684367756,0.1310953907152289,False,False,True,False,TZ,50,off_axis,84.95589496883208,13.61
78,1.888588026782212,134.9563078918856,248.3016152422213,47.647442736,2.248970001364301,0.6861953525009846,0.19080868350895,0.4766237841229996,0.9982957393483708,0.0249634568873301,0.0305966698764121,1.2350712235843624,-87.10418058982576,0.4702255107818234,0.4003339528262172,False,False,False,False,pachytene,50,off_axis,87.50283338707445,13.61
1452,10.716678798908683,100.07342261601768,131.1313004686076,51.56020044,2.3089188140278427,0.7064149226569609,0.243049853372434,0.471563613823028,0.9964047702560505,0.0939467824033525,0.1303526263388696,1.6042629766605838,34.656218213880955,0.4707312365299396,0.5154126532409848,False,False,False,False,pachytene,50,early,2.1360218140739606,13.61
1456,10.676811277455718,106.129106321716,131.54687134192878,42.932428956,2.1721957028121386,0.6969183695770954,0.2201602699283003,0.4990084730484946,0.9976960938318148,0.0949633952330439,0.129935241086049,1.535696574428874,33.44821245219529,0.471008954593489,0.4411954542240902,False,False,False,False,pachytene,50,early,3.8124844163966083,13.61
1451,10.568890938437232,94.90637394051288,130.25118890938217,50.86819592999999,2.2985426964065376,0.6955499192990546,0.1544569672131147,0.5053014238109663,0.9984364141765114,0.0648661586252815,0.0869395228653407,1.6641950269911605,36.207919309131235,0.471491031394204,0.305672930917561,False,False,False,False,pachytene,50,early,7.142538775267375,13.61
400,2.7759585492227936,138.86275380310826,167.1850780103633,11.318378849999998,1.3928313683782356,0.82860103626943,0.1294736842105263,0.2841596130592503,0.9997259523157028,0.234339232590098,0.7234021544143724,1.675704910082081,-8.63114303445489,0.4715749190729598,0.4556371780515116,False,False,False,False,pachytene,50,off_axis,30.49773063429006,13.61
1000,7.537920566658265,107.52854857070544,134.06975623576858,27.818581302,1.879672219716662,0.7160806138797537,0.0368993135011441,0.629046629046629,0.999437649374385,0.1600689476343037,0.2598935922435577,1.7395514821149392,30.763258674580136,0.4717389121241094,0.0586591069680606,False,False,True,False,TZ,50,early,4.868140614167359,13.61
375,4.151419795649833,137.92531463047834,245.78644607283883,37.42219643399999,2.0749782794060985,0.5596439541152134,0.1611940298507462,0.560711743772242,0.9958180867746994,0.1288746741100508,0.0965609497701906,1.1319117094790343,-85.27094753815514,0.4718379607320577,0.2874811017267054,False,False,False,False,pachytene,50,off_axis,86.08015858453386,13.61
292,4.061995592370221,105.37662424956643,133.0902477619862,30.868092702,1.9459890649202989,0.6900980317653317,0.1328938975122262,0.4786660127513487,0.9973005398920216,0.0944327535377672,0.104791539616675,1.7117201856019777,32.01714537401532,0.4719383417033286,0.277633869905153,False,False,False,False,pachytene,50,early,2.863649836163976,13.61
90,1.4068628188726735,139.9098720031609,245.15649086463208,62.346087684,2.45984003498704,0.7263902475731808,0.1031080414405525,0.556930693069307,0.9993650390500984,0.2861872188579124,0.4232916004940439,1.1236380564629362,-85.07322187204068,0.4719885444767412,0.1851362166310365,False,False,False,False,pachytene,50,off_axis,86.1929396327956,13.61
851,7.456899135446657,132.48921385590756,249.9765431757876,40.6992483,2.1338600184953345,0.5869740634005765,0.130656314448623,0.515071169411108,0.9934292866082604,0.042087657782675,0.0400669376782957,1.3385889625730876,-88.22176926979502,0.4723438853340932,0.2536665265074052,False,False,False,False,pachytene,50,off_axis,88.39796700540232,13.61
1342,10.072371134020823,139.82688363401908,245.29814159793585,27.30485592,1.8680296274495796,0.4843642611683848,0.1339105339105338,0.5879706764411863,0.973374613003096,0.2083311371631193,0.07321930627272,1.1393409294364902,-85.19421014915703,0.4724478330414488,0.2277503611592587,False,False,False,False,pachytene,50,off_axis,86.29462402810826,13.61
243,2.969181203834748,143.39565068364152,243.46480813295383,29.852370828,1.924406164875044,0.5916234480590916,0.1585168393782383,0.5451221858764672,0.9983874218907478,0.0746601493239658,0.0777704000955624,1.3946990925698284,-84.1538630767907,0.4733327350502621,0.2907913922515724,False,False,False,False,pachytene,50,off_axis,85.97706893415409,13.61
1037,7.763648124191665,139.99807901681774,164.1929960316968,72.53145575999999,2.587096300628739,0.8542367399741267,0.0416755262598341,0.6793876192589305,1.0,0.0461333405132576,0.1948928675986095,1.5173802030839894,-5.945394723948086,0.4737500771633489,0.0613427814673653,True,False,False,False,pachytene,50,off_axis,31.55622576199407,13.61
1399,9.701689736303502,141.885780108167,167.33269294161445,76.770276606,2.6365428378616937,0.8624377425367433,0.0522105263157894,0.7056863616170591,0.999850707274288,0.0591170751900084,0.2703443369668528,1.45612797785861,-9.412312949808523,0.4738140547873631,0.0739854546659377,True,False,False,False,pachytene,50,off_axis,33.52343706321064,13.61
1434,10.4994420509931,137.71026894554814,247.79770464722037,33.213870701999994,1.9940848185748576,0.5661416766720814,0.1381874298540965,0.5749633729448153,0.9973128598848368,0.1135762001775301,0.0946492353543007,1.0694965168289443,-87.191762737948,0.4739220635032556,0.2403412745169067,False,False,False,False,pachytene,50,off_axis,87.90071057989603,13.61
1063,8.951640527278453,91.5095662705645,128.18419469835442,48.75934150799999,2.266329616424358,0.661118060232849,0.1510184404001446,0.4951731970471323,0.9978551731181696,0.0616686123902526,0.0738722269922243,1.9364609658530996,38.70349923178067,0.4755517979033392,0.3049810476429527,False,False,False,False,pachytene,50,mid,10.238156365460217,13.61
1365,8.940781057120088,145.0550098081039,169.8278721748403,41.80645551599999,2.153037428321565,0.8588822803276849,0.0530873493975904,0.5817097415506959,0.999370673379484,0.0947956219671522,0.3991643550200046,1.3229251934790849,-12.519161174361457,0.4756387400533545,0.0912608911380313,False,False,True,False,TZ,50,off_axis,36.93388971905682,13.61
86,1.3622146418262169,139.31657580031415,249.0193108764074,35.759039832,2.043771850745813,0.6363159275780634,0.1670673076923077,0.4772727272727273,0.9993797487982632,0.1105734625724548,0.1043232219297032,1.1629799550216882,-88.72435651959385,0.4768531394095958,0.3500457875457876,False,False,False,False,pachytene,51,off_axis,89.59420560360297,13.61
1310,9.894671391321324,135.1617452296583,251.16423064785903,35.085801546,2.0308644205026365,0.5213612355418867,0.1612185120093732,0.584020114541137,0.9820523648648648,0.0711137140921098,0.0331028346934595,1.171124528825604,-89.94582952770948,0.4769606745359555,0.2760495880112659,False,False,False,False,pachytene,51,off_axis,90.2956789545781,13.61
100,1.977965950619501,146.69636093235002,170.63772712362262,52.63456676399999,2.32484577337396,0.8116142258668331,0.0,0.6867754908918855,0.9998806468938354,0.1421933430410101,0.4267226952657643,1.7057908099866796,-13.656627574694243,0.4771634874146548,0.0,False,False,False,False,pachytene,51,off_axis,38.672871403223624,13.61
219,2.5153185247275247,145.40449460393936,168.4732229673105,22.388105232,1.7484085036968695,0.6021584241408214,0.0720918866080156,0.6199631287858836,0.9941789958767888,0.0681650843617318,0.0607859716736793,2.3603672017538173,-11.268541483995538,0.4777265225704504,0.1162841518481884,False,False,True,False,TZ,51,off_axis,37.12588354971975,13.61
1212,9.313387340381974,143.00665549224487,246.3187438212293,34.16860234799999,2.013011248755433,0.5194974598379789,0.1641987102937664,0.5582226032290327,0.9984662576687116,0.1507043511765048,0.0658337875346999,1.2175132432214777,-86.86179662250075,0.4777760199602563,0.2941455780256133,False,False,False,False,pachytene,51,off_axis,88.43950480051457,13.61
1148,8.781850563989389,148.84335553388328,170.88252034602408,27.659068398,1.8760726245792327,0.6733101518107031,0.0488888888888888,0.6412253374870197,0.9995288204806032,0.1039989395743379,0.1455990698100263,1.933070167568029,-14.348239157924361,0.477893065241412,0.076242914979757,False,False,True,False,TZ,51,off_axis,40.832513645015425,13.61
373,4.465464705572307,134.2607985924399,252.4551331804539,44.497062882,2.198269387338968,0.6096262322737097,0.1368457862221703,0.5416610398379473,0.9961355146206364,0.1526693469495535,0.1293350514688841,1.4588278197078424,-91.0179554846705,0.4784688966174055,0.2526409989965523,False,False,False,False,pachytene,51,off_axis,91.27073828759637,13.61
31,1.1867392084180548,102.00879692693944,127.67541130575056,39.235482828,2.10796533156792,0.7147554705249313,0.1153346931207119,0.4908824145881366,0.9993428978206113,0.0990317656668291,0.1257079579390693,2.0308129770828027,37.82770650952128,0.4792414995120103,0.2349538090857886,False,False,False,False,pachytene,51,mid,0.23684683377510748,13.61
22,1.4218154311648872,96.53243220877326,127.31382630862124,46.51677774,2.231038190939599,0.6997478567826525,0.1756887719784023,0.472623446422573,0.9979474147199688,0.0827048183599743,0.1149307637883451,2.062984183988409,38.90604133346462,0.479353656965332,0.371730969566243,False,False,False,False,pachytene,51,mid,5.144464181581233,13.61
530,4.510676917307154,150.48301855241095,172.81652555034586,62.55017037,2.462521112052472,0.8618788674292144,0.0228177235340939,0.629106706489275,0.9998133980220192,0.0530240936699718,0.2252009805526189,1.6943262552737697,-16.584270578193784,0.4799046247713215,0.0362700370203142,False,False,False,False,pachytene,51,off_axis,42.770174127604335,13.61
589,5.330748873471203,142.26752308847915,246.0783443959644,32.79632221799999,1.9856933365775744,0.4950289678849867,0.1216720577258024,0.6024079320113315,0.9895131086142324,0.0770186940301976,0.0302481534154508,1.1795110031754683,-86.47107781118314,0.4805369350320986,0.2019761879953363,False,False,False,False,pachytene,51,off_axis,87.93136527895894,13.61
1109,8.959079231322692,108.69161507039176,128.5901736101107,45.653531436,2.217150918391097,0.6384749768780187,0.1576679037471566,0.5106594656054576,0.993135796819586,0.1159575961221557,0.1328477949138832,1.7836487507777508,36.042402090868755,0.4812811638970368,0.3087535125981058,False,False,False,False,pachytene,51,early,6.74142495573455,13.61
215,3.4554571989089644,91.85491524474658,127.0892130963202,49.02441442199999,2.2704290514384518,0.6765873965261495,0.1938215648854961,0.4599792868767569,0.9987968718668538,0.057352056209042,0.0633646937951348,2.226849603567853,39.743581601166156,0.4815051179702031,0.421370201692206,False,False,False,False,pachytene,51,mid,9.751865004591544,13.61
93,1.7571260632045425,143.2065930641048,247.760698195146,33.922295658,2.0081626033395654,0.5602655418020883,0.101962999576331,0.563610630602296,0.9978706929926442,0.1071001935087794,0.0736285406468936,1.1955882130320026,-88.3135101476932,0.4821230775699235,0.1809103555540985,False,False,False,False,pachytene,51,off_axis,89.84575088921538,13.61
84,1.648561927542055,137.56888846625077,252.70046333353056,40.208980698,2.125257144589189,0.5867218948719445,0.155862726406101,0.5255505364201016,0.9956140350877192,0.0849243376289536,0.0599188531087796,1.27251472742116,-91.95470257499333,0.4825380723703983,0.2965703878218693,False,False,False,False,pachytene,51,off_axis,92.49364906752207,13.61
1366,9.414633461943447,146.96901072606113,167.6539536513509,33.43906539,1.9985813960015373,0.8452472816555594,0.029476462824461,0.6319129646418857,1.0,0.0560754939582483,0.2215213617272253,1.4572890278109736,-10.79725947429891,0.482694159286401,0.0466463966935158,False,False,False,False,pachytene,51,off_axis,38.61662166677937,13.61
1311,8.618528321863396,136.98963890947726,153.4143744838548,8.862349283999999,1.2837686062056393,0.693223928004235,0.1745014245014244,0.2838654012079378,0.8649553571428571,0.5110876692067903,0.4011106164905432,1.020196126605428,5.225114435491164,0.4828695760266045,0.6147329817542583,False,False,False,False,pachytene,51,off_axis,30.320926341832287,13.61
42,1.9603208964727423,107.24589195212012,128.8803373997173,36.842789268,2.064213580278904,0.6980771679612887,0.1943594971117906,0.4122733024040489,0.9993478544411112,0.0603436037195215,0.079605844825098,1.87873121189582,35.94480167138444,0.4828737506664146,0.4714336241964764,False,False,False,False,pachytene,51,early,5.270104284493771,13.61
1175,9.31480714669128,143.9707446744872,248.4442443294216,30.591290898,1.9401548697500524,0.5087033202975232,0.1634678156417286,0.5607928827844545,0.995399948888321,0.0519884221392025,0.0288542708959553,1.1432859819089194,-89.14270086455699,0.4833739995298572,0.2914940981955344,False,False,False,False,pachytene,51,off_axis,90.7727562538321,13.61
1423,10.594908658523364,105.43263135877326,126.39571131769368,43.401584556,2.180079471344812,0.6526321478759053,0.1867645198026065,0.5195269954877859,0.9975764570109636,0.1062027319553538,0.1272368058934839,1.704615074992852,38.64622652169385,0.4835062708758758,0.3594895384160983,False,False,False,False,pachytene,51,mid,3.7991914641718703,13.61
551,5.493464920604996,108.518511539191,129.72290062630418,37.079712846,2.068628883585622,0.6694502435629784,0.1594272844272843,0.4824880382775119,0.9983963650942136,0.1087552141441673,0.1318313080324841,2.0184603701457453,34.94225957586023,0.4835292562216179,0.3304274340073625,False,False,False,False,pachytene,51,early,6.420922580705157,13.61
1146,8.650928699820438,134.43987156980012,254.1174387058112,23.490620892,1.776650335429428,0.5332534451767525,0.0130912162162162,0.725716730851519,1.0,0.0260093281319063,0.0247268415427443,1.4132905577830663,-92.68067917034013,0.4837157730619688,0.0180390166847271,False,False,False,False,pachytene,51,off_axis,92.91630935775359,13.61
1364,10.433367294956556,141.36100710647028,249.8975421039192,27.628573284,1.875382891934504,0.499320767532688,0.135970695970696,0.5704595557062914,0.986579182821354,0.1754148858781148,0.0890577140461335,1.061181023198528,-90.01358244627387,0.4840476465468134,0.2383529114563597,False,False,False,False,pachytene,51,off_axis,91.13735074944617,13.61
1474,10.703281054556436,98.84435127970814,125.58633893967166,48.75934150799999,2.266329616424358,0.6882035985759646,0.0705578660547827,0.510877950933498,0.9985035540591096,0.0683727589316757,0.0806385338843228,1.7148800936714863,40.314628189335195,0.4843845677950925,0.1381110026883258,False,False,True,False,TZ,51,mid,2.6255228424664536,13.61
1397,10.515798191732202,138.43612502588127,252.29631235420385,33.987977441999995,2.009457864183208,0.5716060459659051,0.1314021830394626,0.5812792009022072,0.9907053034445052,0.1056110015622701,0.073893784331268,1.06114540373931,-91.74232479403122,0.4848763938280762,0.226056915223377,False,False,False,False,pachytene,51,off_axis,92.38796069258301,13.61
820,6.224559967253476,144.3452921715099,164.81675176012862,22.922942616,1.7622218668880731,0.6577977896029472,0.0614650575357844,0.6420454545454546,1.0,0.0518648806826452,0.0660535245182426,2.1918151615467414,-7.4709887906901065,0.4849370959963937,0.0957331869583899,False,False,True,False,TZ,51,off_axis,35.895413290729756,13.61
479,4.464505907071078,146.61477410532837,165.70658357386873,68.104972674,2.5333590016122773,0.8549237075052527,0.0646235842771485,0.647673314339981,0.9999138599362564,0.0675903806668035,0.280047130611219,1.592225265521762,-8.818966884928788,0.4850204710589221,0.0997780560760079,False,False,True,False,TZ,51,off_axis,38.173086434042766,13.61
1353,10.397520160350895,93.83685379667304,124.53651390015229,50.323975434,2.290316195511326,0.6780869808418404,0.2351312437700742,0.4724876918621488,0.998251578436134,0.0040420852069183,0.0109032441461394,1.7699141881761495,42.013596478232856,0.4854733698608265,0.497645225092287,False,False,False,False,pachytene,52,mid,7.451563705277793,13.61
220,2.396667149688534,150.35873107520584,170.25235509346342,32.37642795599999,1.977182574448289,0.7632227213447327,0.1229200214707461,0.54406364749082,0.9998844865426822,0.0957142071475999,0.2398861824337598,2.2036547769973933,-14.051464539797468,0.4860732558393394,0.2259294882825637,False,False,False,False,pachytene,52,off_axis,42.24786974840954,13.61
1147,8.43456162642971,144.92963103557813,162.05252156925113,22.153527432,1.742280567179228,0.6887971198644642,0.0183700734802939,0.6260632868322559,1.0,0.0952528049512118,0.1514092292548383,1.8404577751366764,-4.891900961813644,0.4867740220195642,0.0293421988905347,False,False,False,False,pachytene,52,off_axis,36.591374167611,13.61
922,7.110252499576232,152.24217900355745,170.72530559227042,13.842435978,1.4895027341574585,0.8252838501948823,0.010556621880998,0.542192046556741,0.999769744416302,0.1289514899654173,0.3736712924943187,1.4980274963002875,-14.910590818667812,0.4870061800129939,0.0194702632545777,False,False,False,False,pachytene,52,off_axis,44.1766083013523,13.61
1248,8.462036467936654,138.66027750460933,152.60255457897887,11.449742418,1.3981991563796172,0.5855357508707233,0.1766381766381766,0.4349975284231339,0.9869423286180632,0.4044030562107166,0.3373764066636505,1.017873613509824,5.666757156312218,0.4871336608240905,0.406067081067081,False,False,False,False,pachytene,52,off_axis,32.125098334920345,13.61
349,3.776359625770216,140.99509204381266,252.448700395533,30.839943366,1.9453973540316984,0.5833269947516544,0.1776009608166942,0.5357794815626141,0.9909182643794148,0.1125469459247971,0.0859383667265887,1.048694199222535,-92.43039625180802,0.4877125267677408,0.3314814525907498,False,False,False,False,pachytene,52,off_axis,93.39275712323267,13.61
264,3.4221184631803974,145.94362656083038,249.29643603921497,35.167903776,2.032447288794015,0.5194770544290288,0.1259403057510313,0.5870349805663521,0.9870211429767636,0.0972418852082789,0.055962156521116,1.363960372265236,-90.391398203449,0.4886700390310717,0.2145362881604231,False,False,False,False,pachytene,52,off_axis,92.34090437115896,13.61
529,4.540942928039732,138.441277341812,253.78868821340205,15.125576543999998,1.534173379749697,0.4195099255583127,0.056227937468482,0.6510820197702378,0.968904593639576,0.2401636622626754,0.1066460590491947,1.162228518048942,-93.20229232146156,0.4890190168931185,0.0863607591073157,False,False,True,False,TZ,52,off_axis,93.80244098704799,13.61
889,7.255378544285109,138.259148348436,254.20899530108,32.099626152,1.971531808703883,0.4790996784565916,0.1330576502067623,0.5878226711560045,0.9909983633387888,0.1024964102836241,0.051185761439579,1.1571434374206206,-93.57479681080127,0.4891783688493442,0.2263567853636758,False,False,False,False,pachytene,52,off_axis,94.14295452683315,13.61
91,1.1349011588275404,140.81471262781102,254.07163389570613,13.765025303999998,1.486720973850311,0.4134287661895024,0.0,0.6531086577571179,0.9750830564784052,0.1751687735533618,0.0604752139105693,1.126452265992772,-93.9789048817553,0.4895331196134955,0.0,False,False,False,False,pachytene,52,off_axis,94.85394869183213,13.61
40,1.5998484082869877,106.27051737620248,125.10763737999076,37.138357296,2.069718874979192,0.642433046993431,0.1262540515511653,0.4859565447800742,0.9982686481027268,0.1101412240192156,0.0971649614919099,2.2200649210317223,39.81297989652758,0.4897224237942215,0.2598052293097589,False,False,False,False,pachytene,52,mid,4.799128466941023,13.61
548,5.831962245405015,90.9716180178814,122.8704711028312,47.22051113999999,2.242232749615132,0.6471932439145553,0.1938706015891033,0.5132357082511968,0.9962451684152402,0.0742340246567839,0.0697882505171962,2.2473886439233075,44.04182730227191,0.4904208038757974,0.3777418415598935,False,False,False,False,pachytene,52,mid,10.072928692262831,13.61
1341,10.32089542083398,137.43366531945517,256.2845406205333,34.475899266,2.019027950979736,0.4763557188541879,0.0905223351453556,0.5906964656964657,0.9738562091503268,0.0921606814616491,0.041348231267061,1.2772464247551618,-95.42985370406296,0.4904657935272136,0.1532467864669285,False,False,False,False,pachytene,52,off_axis,95.86114712939583,13.61
1144,8.875812167749846,108.95937406969676,124.00337206142773,47.656825848,2.249117620006101,0.6623351053356961,0.200838769804287,0.4466472303206997,0.9986842105263158,0.0426177050344787,0.0457140154793865,1.837613113032608,40.554203030240615,0.4908554424737135,0.4496586034129926,False,False,False,False,pachytene,52,mid,7.6098117429397245,13.61
95,1.3377886685973153,144.34023274671353,252.11916716418105,31.590592326,1.9610547552323423,0.5872874433801143,0.0745920745920746,0.5633321338611011,0.9969765684051398,0.2114347155071599,0.1559615672839863,1.089745292161009,-92.8129873509988,0.4910438993910203,0.1324122486690356,False,False,True,False,TZ,52,off_axis,94.30560770221113,13.61
891,7.539855978099015,147.0614807177292,250.028496875552,39.41610773399999,2.1111951312767547,0.6139975004463489,0.1848686690963931,0.4950662966389146,0.998346361996392,0.111835039056518,0.103255432018936,1.1727368789066035,-91.34253012788623,0.4916585069509716,0.3734220453937109,False,False,False,False,pachytene,52,off_axis,93.46659806352713,13.61
105,2.175489055725911,150.95730523421815,165.96692712276487,22.184022546,1.7430796375813722,0.5397060378555567,0.0109066121336059,0.6905582356995176,0.9967005773989552,0.1323570828508322,0.1075812279320274,2.3464486148890287,-9.988318553608414,0.492369448549375,0.0157939063930761,False,False,False,False,pachytene,52,off_axis,42.52044323872725,13.61
626,5.6204752241933145,143.7860896903833,251.0844298880673,35.836450506,2.04524556416097,0.4787589186358578,0.1433950086058519,0.5735275649880698,0.9677340503544366,0.1028822552952413,0.0353016399772204,1.069083520455706,-91.6847303549089,0.4923901054620696,0.2500228713659731,False,False,False,False,pachytene,52,off_axis,93.13791709685287,13.61
977,7.793279323705505,141.93413475872086,252.4379615568876,33.29831871,1.9957734100121067,0.4646002113420218,0.2009252444537903,0.5651315789473684,0.9605449900652852,0.1293724691108657,0.0600948565963846,1.0967092627707489,-92.61772872870273,0.4929624381313851,0.3555371031079876,False,False,False,False,pachytene,52,off_axis,93.71409357638888,13.61
26,1.0952441786191212,99.20281886650118,122.2930002032386,40.39664293799999,2.1285583279151203,0.7380523779106904,0.1220319190346438,0.4677455109731767,0.9989853896103896,0.0737544354099294,0.1286199354659802,2.096368845402929,43.53226659198031,0.4930469099852799,0.2608938325901793,False,False,False,False,pachytene,52,mid,1.8372448753158537,13.61
85,2.023905894257579,138.84585335820785,256.8836616936497,37.09144173599999,2.0688469737575645,0.5638122944599039,0.0833333333333333,0.542119762215456,0.9975286849073256,0.0455715351690594,0.0290400675197285,1.0741398472438175,-96.31303746693925,0.4930909865074757,0.1537175715431934,False,False,False,False,pachytene,52,off_axis,96.86620848733371,13.61
786,6.552091458286204,154.39015946317593,168.68270350997767,61.35147781199999,2.446689207833708,0.8772654278504244,0.007727975270479,0.6271028037383177,1.0,0.0551474155861783,0.2648486598081099,1.5731561487366683,-13.366351401826718,0.4932063935084532,0.0123232988664867,False,False,False,False,pachytene,52,off_axis,46.09481037249454,13.61
17,1.983825984483923,93.73296933614893,122.29643228419906,47.774114748,2.250961220310258,0.6933614848276539,0.1368348306841741,0.4851881505204163,1.0,0.0827650608434186,0.1003360591763529,2.2118762671742034,44.24789539028217,0.4932315229899666,0.2820242632418044,False,False,False,False,pachytene,52,mid,7.260080027421751,13.61
1435,10.578028604561291,141.29999378430765,254.31152521066744,30.34263843,1.934883899928696,0.4074217240046386,0.1162227602905568,0.6191780821917808,0.9098360655737704,0.2245555606660915,0.0714040574360132,1.1597008851505288,-94.31564755694293,0.4932959239345145,0.1877049004692622,False,False,False,False,pachytene,52,off_axis,95.245760019135,13.61
434,4.9327121425221,109.53706601617309,125.72152489451442,40.028355792,2.122070040517513,0.6310360993905297,0.1460735114607351,0.5209656925031766,0.9987834549878344,0.0466672605782759,0.0547068619419328,1.7266874645535926,38.775020104022474,0.4933382127899765,0.2803898866331671,False,False,False,False,pachytene,52,mid,7.956633394399504,13.61
1249,9.703713019523892,145.38079017247685,252.8217775062936,39.169801044,2.106788401526976,0.508863336926578,0.102047519982481,0.594805511522985,0.9864393645873692,0.231160863227533,0.1158226137401962,1.2043728099843494,-93.71904546520946,0.4944692460907439,0.1715645164773118,False,False,False,False,pachytene,52,off_axis,95.35388763484993,13.61
558,5.085082073902668,136.22708425772035,258.79598712126574,32.439763961999994,1.978471014692015,0.5380721671849014,0.1237311385459534,0.5778021289918598,0.994722398142284,0.1572593351481097,0.1081365516474475,1.4062819735501286,-97.63074193015338,0.4944973741895134,0.2141410222247494,False,False,False,False,pachytene,52,off_axis,97.90886061840865,13.61
1005,7.8408662900186625,136.92410956416705,258.0909333333303,17.438513651999997,1.608694654797025,0.5107613666935701,0.1438323917137476,0.5537530932086885,0.9973154362416108,0.0596396666588439,0.0322232485987209,1.1943442679018363,-97.08835578264045,0.4951481031633998,0.2597410172109732,False,False,False,False,pachytene,53,off_axis,97.43439460653892,13.61
1292,8.647304264893476,148.52076341012256,162.31609442374744,78.70788923399999,2.6585401211509487,0.8364676780019671,0.1594669117647058,0.6025150355385457,0.9998434932310822,0.0994791793756021,0.3421561183338689,1.4232163602983938,-5.906110546205055,0.4954452117262293,0.264668767348137,True,False,False,False,pachytene,53,off_axis,40.15463144406297,13.61
1387,10.454404755804337,104.31858607594916,121.26827702044616,45.773166114,2.219085904003461,0.646184594885461,0.1329900791159111,0.5527230590961761,0.9966286025013594,0.1081777748263164,0.1261544116636474,1.8446849012414237,43.87561184590559,0.496124429594457,0.2406088852767951,False,False,False,False,pachytene,53,mid,3.368832897751162,13.61
94,1.4962653208363763,143.18764643835826,256.16378589040653,32.53594086,1.980424332075184,0.5705839942321558,0.0537019383539879,0.6081262592343855,0.9314285714285714,0.288463201285416,0.1734229139288641,0.9756760044343944,-96.52401361656715,0.4971875136583905,0.0883072183424495,False,False,True,False,TZ,53,off_axis,97.64198645771471,13.61
207,2.7408702563082867,148.22852944566202,252.2953543612201,35.418902022,2.037271117634645,0.5781839856944169,0.1386259129023532,0.571204270686136,0.9989706639217704,0.0665451542988277,0.0540405035027982,1.244053183189586,-93.80437679275131,0.4978801151357517,0.2426906100261374,False,False,False,False,pachytene,53,off_axis,96.01318431181943,13.61
1171,9.584494938132565,92.15385146456556,118.92186908436494,52.13491605,2.317465920889949,0.7301687289088864,0.2447103274559193,0.4220443555110889,0.997548190733852,0.0861339360119843,0.1277567499843948,1.9894374120701728,47.80075588949333,0.4979234825477268,0.5798213487764317,False,False,False,False,pachytene,53,mid,8.381896552159015,13.61
511,4.731126190215671,150.66482766225366,162.11135655576228,42.866747172,2.1710873991159927,0.7950640253912663,0.0129151291512915,0.6819759679572763,0.9994695764188832,0.0463689443231352,0.1229696519655837,1.7575284547812606,-6.157662639501627,0.498054997875141,0.0189378068408719,False,False,False,False,pachytene,53,off_axis,42.307494367803805,13.61
512,4.394435322021949,157.27076639299315,169.10607334427965,77.143255308,2.6408057119843664,0.8399622939852824,0.1800903567533883,0.5417062511875357,0.999758997429306,0.0761767925169165,0.2416121105295453,1.0583488528981388,-14.387083561523479,0.4985028862071414,0.3324502096082367,True,False,False,False,pachytene,53,off_axis,49.00075777689345,13.61
38,1.4892830891360824,104.93261138825196,120.21465047777588,47.870291646,2.252470722227076,0.6824128975351595,0.189064064064064,0.4477704058015738,0.9960820703165276,0.1071058791290285,0.1088701440816656,2.06329410069588,44.83937956500892,0.4985185328434251,0.4222343897998619,False,False,False,False,pachytene,53,mid,4.116032843670773,13.61
481,4.464948271288276,151.90726457688348,163.7153402732282,53.056806804,2.331045942586092,0.844813865063224,0.0422919508867667,0.6709401709401709,0.9995522722184912,0.0358362057326459,0.1392635613890236,1.4539312319795563,-7.987394789353806,0.4986140150167349,0.0630338631051173,False,False,True,False,TZ,53,off_axis,43.473682341941334,13.61
1384,10.395692002970607,98.39709251052096,119.22386983163972,56.847584052,2.385289708506663,0.6981100932574069,0.2765747058241866,0.4110169491525424,0.9962733971372916,0.0724280750444174,0.0905777663744091,1.7940429770937087,46.68067965325418,0.4997351379472764,0.672903407984619,False,False,False,False,pachytene,53,mid,2.232531346361829,13.61
1467,10.64309170430972,140.9293060873311,258.245112196174,32.716565765999995,1.9840823794304312,0.5543127554312756,0.1705364291433146,0.5852638352638353,0.9920489296636086,0.0739781595791007,0.052490548959476,1.1089696194381915,-98.08285838538717,0.5001316601352441,0.2913838492454216,False,False,False,False,pachytene,53,off_axis,98.82483742757653,13.61
1214,9.377792915531533,143.99208721389698,255.6059344209764,34.43602103999999,2.0182491816696744,0.4388283378746593,0.1513340888018955,0.5832726389900461,0.9713930348258708,0.1248941297882291,0.0550919529930652,1.1937245956837854,-96.14815555274104,0.5010347609950012,0.2594568623413144,False,False,False,False,pachytene,53,off_axis,97.41145971606376,13.61
98,1.4568159656763853,146.39239708769475,255.7522699018334,36.085102974,2.0499650016184985,0.6133394006370669,0.0941212305817849,0.5766644250168124,0.9983823529411764,0.2579596477995809,0.2072109176622607,1.1261871302465527,-96.79688562167942,0.5010787323895192,0.1632166412537774,False,False,False,False,pachytene,53,off_axis,98.44766882805226,13.61
92,0.938254517493273,141.0268568050749,259.18311447520324,12.202737156,1.42820171142466,0.5807381776239908,0.0859178541492037,0.5612104539202201,0.9818934299017072,0.1775993467651629,0.1316395805287308,0.9577772351467928,-99.02036006908162,0.5011443350492036,0.1530938234472331,False,False,False,False,pachytene,53,off_axis,99.74302838872063,13.61
344,4.04759772688113,108.75393869467734,121.54583879369424,54.48773138399999,2.351816171490796,0.7103495780954021,0.1740731647434323,0.4398038049940547,0.9992539169360856,0.0382997679068512,0.0589535045612388,1.9544878894686115,43.017415848299066,0.5015605614786711,0.3957973140905079,False,False,False,False,pachytene,53,mid,7.729210521319996,13.61
88,2.6044844602198034,139.3011211150539,260.6398279369729,27.096081678,1.8632564265243088,0.5223790148039131,0.0319354272679417,0.668479245967011,0.9933709796219004,0.118891379576877,0.0753631648519691,1.1422416235616415,-100.08081539944558,0.5022931324048074,0.0477732516912241,False,False,False,False,pachytene,53,off_axis,100.57828608053609,13.61
1036,7.745470625394671,139.30358763107833,260.05047994946284,18.56683287,1.642667783100036,0.6109917877447884,0.1157380815623204,0.5482299447872686,0.997925925925926,0.0571604774773005,0.0497041863207497,1.215170620801534,-99.50521392973576,0.5023188906080235,0.2111122945085217,False,False,False,False,pachytene,53,off_axis,100.01827230422835,13.61
1029,8.671510119356245,108.58387769849271,119.10013834976586,54.243770472,2.3483009480588444,0.6587095658190625,0.1909789851358277,0.4927774961986822,0.997943348602412,0.0566779768412655,0.0579029101571527,1.964967764971544,45.464248436461475,0.5026872429932601,0.3875562228572776,False,False,False,False,pachytene,53,mid,7.882121244819915,13.61
854,7.395222709439214,149.95184132818204,253.6814776021275,40.657024296,2.133121828854385,0.592141703207939,0.1833410351201478,0.5292120526241335,0.9934381199450634,0.057718918733513,0.0460045479023743,1.304489123268373,-95.52244500761279,0.5028618494446343,0.3464415336178362,False,False,False,False,pachytene,53,off_axis,97.99376546135281,13.61
921,6.254686730890659,150.8077614232489,159.63946992475957,66.718617876,2.51605121599284,0.8364039097109908,0.0326403326403326,0.7229744251020847,1.0,0.0752887897139039,0.2781532255294112,1.399058842556022,-3.771365393319008,0.5029229110253108,0.0451472853078084,False,False,False,False,pachytene,53,off_axis,42.684405115485525,13.61
350,3.728506915043739,143.6299328958523,258.328207027941,16.622182908,1.5831904052149266,0.5057860570138302,0.1169944528492183,0.587378640776699,0.9972337482710928,0.2091076842907005,0.1139110282143462,1.2566581301497994,-98.7330355950192,0.5032946474305737,0.1991806387350329,False,False,False,False,pachytene,53,off_axis,99.82278839459414,13.61
290,4.07976413585035,90.4742813777016,117.45651079672864,51.318585306,2.305306574311558,0.6833660922429949,0.2008537148131056,0.4434820268514508,0.9988689915174364,0.0652856002643161,0.0760369038877668,2.521983895759201,49.47418372213764,0.5041524497629618,0.4529015893588486,False,False,False,False,pachytene,54,mid,9.854265349968871,13.61
96,1.2686121919585365,144.7721470539184,259.1527094496941,25.320327732,1.82163028446756,0.483231424865666,0.0631508229761504,0.5813911796342776,0.994578109115554,0.1463308196660382,0.0748657892662417,1.2800248683392537,-99.7796663919678,0.5053383066086777,0.1086201944375477,False,False,False,False,pachytene,54,off_axis,100.99993391594835,13.61
237,1.8553471870247675,116.26339585771323,125.8565512740172,50.910419934,2.2991785018964563,0.8503893470948717,0.0932700363027086,0.51093316907915,0.9998219584569732,0.0649931860836477,0.2368211261729128,1.0256072421426778,37.75696555400941,0.5057389773151529,0.1825484073989723,False,False,False,False,pachytene,54,off_axis,14.606844683791213,13.61
947,7.758905033585937,157.99464252269556,164.38639097271422,83.46512701799999,2.711058046987345,0.8672044068463506,0.1444866920152091,0.5925925925925926,1.0,0.038584042934737,0.1830313233234897,1.6313191988264928,-9.925826915683496,0.506996515963491,0.2438212927756654,True,False,False,False,pachytene,54,off_axis,49.547409307804855,13.61
1250,8.76456307331543,153.6140376163859,163.3311522242916,34.011435222,2.009920052911742,0.6442513276777708,0.085298811846072,0.658006979449399,0.9998660415271264,0.0203403234803695,0.0243704868365685,1.763512181393435,-7.9713989977662285,0.5072517725077671,0.1296320776376074,False,False,False,False,pachytene,54,off_axis,45.19162592907208,13.61
1436,10.342233009708671,141.42658864617135,262.50354498381785,26.094434472,1.8400082062990104,0.5764113628191299,0.1486901535682023,0.5235568760611206,0.9903773107115724,0.1330571906235083,0.0972852660763282,1.1854573026777395,-102.35048171820227,0.5082321947577603,0.2840000014646816,False,False,False,False,pachytene,54,off_axis,103.01434570605822,13.61
785,6.732848434469706,144.94565615128792,257.7314112427291,33.86365120799999,2.0070047068449397,0.5484206151288445,0.1396331001715718,0.5915017640742445,0.998038446449588,0.0975941860678361,0.082657310068029,1.1013706126032663,-98.42682031564006,0.5083039023599718,0.236065399382385,False,False,False,False,pachytene,54,off_axis,99.73839432738467,13.61
111,3.1681217600206377,155.94933323745414,161.67355103046225,148.422065616,3.284505202063554,0.8602067265140978,0.0,0.7240248728094969,1.0,0.0498291056197988,0.2433148686383319,1.7596672763529595,-6.8429819120288755,0.5083766594838566,0.0,True,False,False,False,pachytene,54,off_axis,47.60946607487987,13.61
1437,10.281425818882456,144.8092654913289,259.57097768786093,24.34917564,1.7980366962874377,0.5589595375722544,0.1838117311463719,0.5048055919615553,0.9846788450206246,0.1165788601942914,0.0499298025358157,1.1988717498076382,-100.19636715364364,0.5085120985794104,0.3641238014660713,False,False,False,False,pachytene,54,off_axis,101.40363348465698,13.61
403,3.372479589602237,158.11005594482324,164.60886898245462,74.992176882,2.6160283757051506,0.8735337358065626,0.054490177736202,0.6566905763047242,0.999924282577421,0.033270166218153,0.1525710513795596,1.88469249696368,-10.167626205828435,0.5085132361938624,0.0829769448540357,True,False,False,False,pachytene,54,off_axis,49.660968942749214,13.61
853,7.4906479038403715,149.1283697449448,256.83496607299696,32.005795031999995,1.9696089246118076,0.6059806508355321,0.1056396606221926,0.5457589285714286,0.9985454545454544,0.0968373972028592,0.1036454987494115,1.2247855150837643,-98.43167624788622,0.5087008451645867,0.1935646951277804,False,False,False,False,pachytene,54,off_axis,100.52327667076956,13.61
1269,9.937962676564954,91.88880377358396,114.33051449118426,45.50340164399999,2.214717912445583,0.6863078667903908,0.1076404164833553,0.4847986852917009,0.9967098498869011,0.0450356390855095,0.0526270529086161,2.030913071715291,51.164030229754076,0.5090118137174623,0.2220311641699041,False,False,False,False,pachytene,54,mid,8.155401661109327,13.61
1386,10.320962016328943,103.64670903886896,115.8026824148038,52.86445300799999,2.3282255159503484,0.6712371317003905,0.2635188866799205,0.4586313942502362,0.9933781190019194,0.0991046940687338,0.125458002478512,1.7978462559740211,49.38209845346283,0.509366190185073,0.5745766425578372,False,False,False,False,pachytene,54,mid,3.421257958316965,13.61
102,1.6251347001609922,148.8128846126949,258.32331197956813,33.523513398,2.00026240729042,0.5374711356797985,0.0821993890585948,0.5913767019667171,0.9977192618702052,0.152895195378803,0.0993435695754081,1.2818700365895772,-99.82015483505435,0.5095770493646554,0.1389966645375573,False,False,False,False,pachytene,54,off_axis,101.76054888437783,13.61
18,1.521278476040853,94.4600756529861,115.4581791044775,47.77880630399999,2.251034901528651,0.6812647289866457,0.1379630859115654,0.4616451016635859,0.999698583341706,0.0827992180930571,0.0952369603932354,2.172230427205217,50.93122777919319,0.5098003068473395,0.2988509688815092,False,False,False,False,pachytene,54,mid,5.640370693840754,13.61
625,6.021034324942818,139.83986947826216,264.0726779999999,51.2552493,2.304357801606594,0.6614645308924485,0.1442619157797315,0.5341354603217521,0.9963816415920776,0.0828036820824281,0.0906748991673136,1.5255395502298754,-103.55012047378041,0.510034297116026,0.2700848876291254,False,False,False,False,pachytene,54,off_axis,104.01230991567294,13.61
1281,8.906158430593258,119.34317108269202,123.11659372982372,18.892896012,1.6522279892138294,0.6139806307424882,0.0518450747179017,0.5870054679961403,0.9873167981961668,0.1354901466563772,0.1147578042076245,1.0255584905041204,40.0682992937764,0.5100701658487891,0.0883212807112091,False,False,False,True,post,54,off_axis,18.02007176732825,13.61
238,2.075003836120944,118.08736530612305,124.86386763848505,15.287435225999998,1.5396263676023725,0.7423661193800828,0.126885075403016,0.4103633114949375,0.9997463860005072,0.0067244987844298,0.0962188780522257,1.0963930193850586,38.50126776556234,0.5106052681804821,0.3092018020343454,False,False,False,False,pachytene,54,off_axis,16.545478111457,13.61
30,1.6978769536543743,101.4656624085282,115.12230806305628,51.930833364,2.314438051533341,0.64423163790767,0.2177971993246598,0.4789233113255459,0.9953694175756328,0.0877977976912441,0.0912323173000888,2.133096471489023,50.343275048124084,0.5111807375106038,0.4547642475824551,False,False,False,False,pachytene,54,mid,1.3485753448635647,13.61
255,3.553573367106871,107.7462337072556,116.1104737289681,51.86046002399999,2.313392119516566,0.6721096435679392,0.2191943127962085,0.4694440612498275,0.9993264697392475,0.0497924220102421,0.0718595832569469,2.1442820900210875,48.53808101054306,0.5114690732920677,0.4669231776255408,False,False,False,False,pachytene,54,mid,7.444748054717439,13.61
325,3.7739732410304567,146.05279751714056,260.85163375490697,35.240622894,2.0338472018269496,0.5678626106636491,0.1392203659506762,0.5707024029574861,0.9949694574200504,0.1387812413599068,0.1066116960702214,1.197214183906087,-101.71025888978123,0.511485000266405,0.2439456452771363,False,False,False,False,pachytene,54,off_axis,103.04740398804705,13.61
239,2.3508277466137324,118.9824636612413,123.4647560268178,17.145291401999998,1.5996271026913056,0.674374059378848,0.150606709493219,0.5147058823529411,0.9989023051591658,0.0648288842093699,0.0765361534482871,1.0780029411768892,39.77057450185177,0.5137974385117868,0.2926073213011114,False,False,False,False,pachytene,55,off_axis,17.6167272778267,13.61
1421,10.691402110087717,96.533342268581,113.2205384016813,49.13701176599999,2.272165933054066,0.6634840311261756,0.1688480132059898,0.5109944673003263,0.9931856899488928,0.0820338684968844,0.1014074378363406,1.8178260641309596,52.361625868095274,0.5148629824012054,0.3304302179591956,False,False,False,False,pachytene,55,mid,3.5326806617623268,13.61
1001,8.56878790994201,107.55840609129112,114.05450218464172,45.634765212,2.21684708462548,0.6615092011925567,0.2156979514054311,0.4429764616552771,0.9984983250548688,0.0535023845386273,0.0524324942485925,2.045794804776342,51.73627080776358,0.5150670981220176,0.4869286972933712,False,False,False,False,pachytene,55,mid,7.506180644307191,13.61
97,1.6597592953674918,144.91126172930788,263.711686909167,34.888756194,2.0270554354900643,0.5680091440865999,0.1216678058783321,0.5385214007782101,0.9965928449744464,0.1039207818106568,0.0636742913776121,1.2048862365103714,-104.26563313733328,0.5155914343291599,0.2259293794127988,False,False,False,False,pachytene,55,off_axis,105.31475178240773,13.61
979,8.087519812556312,147.49924881124787,260.5288936324153,34.039584557999994,2.010474398951823,0.5046516435807318,0.1149963063284905,0.5866722314969394,0.9823935284320724,0.0740834368195727,0.0440805757437267,1.107902221622772,-101.69948934845256,0.5158927007487528,0.1960145719443182,False,False,False,False,pachytene,55,off_axis,103.28512309238876,13.61
695,6.047098888389032,152.85932972434196,258.1417589539327,36.50734301399999,2.057929719322736,0.5949367088607596,0.1749770972385813,0.529980964467005,0.9989883662114316,0.0738691800209347,0.0546919670181169,1.249852792026877,-100.4951504035366,0.5160649494600557,0.3301573244513669,False,False,False,False,pachytene,55,off_axis,103.26833708455625,13.61
1078,8.004615640047033,155.37566167192531,156.56293391167182,28.257241788,1.8895006811622157,0.6076705960484808,0.0611839491458084,0.6457892509521794,0.9943810041689324,0.1166587268698043,0.0815530738339852,1.9390356837670133,-1.7262069953521535,0.5168145008224133,0.0947429042146431,False,False,False,False,pachytene,55,off_axis,47.66226217492114,13.61
841,7.15817897790646,91.0070881365748,111.36298308859712,52.55715608999999,2.323705482313649,0.6931934835974113,0.2120586886749197,0.4691591504218795,0.9984855233853008,0.0688599483161282,0.0979571108469372,2.014600094596412,54.11435983405638,0.5172058598036985,0.4519973413802785,False,False,False,False,pachytene,55,mid,9.093069147942861,13.61
244,1.747145136564224,156.405689006043,156.7847203704305,74.97810221399999,2.6158647051459782,0.7920720833463692,0.0669661659413168,0.591784532049353,0.9989832007073386,0.0228730601219869,0.0602551380380882,0.9950350114886568,-2.1600140837280177,0.518201507051892,0.1131597098515108,True,False,False,False,pachytene,55,off_axis,48.63916402553614,13.61
1213,9.480294297976878,144.25986736971367,265.5339284855995,57.38945877,2.392844664450968,0.6183527488248518,0.2234051401480495,0.5154760629752597,0.9961757207295548,0.0425040984386216,0.0492536678463877,1.1260702634527402,-105.90974691247604,0.5184181117372026,0.4333957601417699,False,False,False,False,pachytene,55,off_axis,106.80599976083522,13.61
1117,8.840586334620625,151.10132246039848,260.1096466230585,29.765577042,1.922539326753516,0.5860981952872566,0.120857047204553,0.5493145468392994,0.992109634551495,0.1343359111057777,0.1071903272271398,1.125188369320259,-102.04850879757548,0.5184474616170831,0.2200142848936958,False,False,False,False,pachytene,55,off_axis,104.31734287632189,13.61
1343,10.263703703703962,146.81763759759718,263.3876868618593,46.86864444,2.23664947762912,0.565015015015015,0.2076039387308533,0.5292831664940744,0.9909566200367388,0.0460852203886302,0.0338539067780906,1.0698738459042831,-104.35052532196617,0.5188800698475251,0.3922360503282275,False,False,False,False,pachytene,55,off_axis,105.68789156986232,13.61
103,1.592032026861235,149.50062207658257,262.20604118292925,36.32906388599999,2.054574369182685,0.6221346936139989,0.1357258898242505,0.5211893369788106,0.9976969138645784,0.1069671659919256,0.0899991275559508,1.228767327350907,-103.76063017289349,0.5188914901239295,0.2604157072955783,False,False,False,False,pachytene,55,off_axis,105.60148295712837,13.61
669,5.757003600597011,157.4131512250827,157.68523749890048,53.42274817199999,2.3363928686427333,0.8441643979977167,0.053094983991462,0.6362355593124824,0.9993253879019564,0.0688550463780337,0.2678473066839612,1.5928261407506064,-3.2525650667242885,0.5195254136756058,0.0834517706756859,False,False,False,False,pachytene,55,off_axis,49.49330632608424,13.61
39,1.5002880335166884,104.5356179104484,111.17370746268725,26.875578546,1.8581883698925716,0.681592039800995,0.2533769954973394,0.4665570175438596,0.9962216624685138,0.1749332056596761,0.2060670536826535,1.1078190665753844,54.55939627846404,0.520273394582375,0.5430783076229695,False,False,False,False,pachytene,55,mid,4.42946336887133,13.61
109,2.2467072495849325,152.80702473713143,260.4332912562226,38.149387614,2.088332531554809,0.6279899157597,0.1013071895424836,0.572892561983471,0.9982186900520692,0.0991541354407341,0.110527428608874,1.3393100937297917,-102.72423403383763,0.5205384767230394,0.1768345345447276,False,False,False,False,pachytene,55,off_axis,105.31972662303879,13.61
324,3.725619295958331,143.4144605867026,267.1053378813517,35.984234519999994,2.0480531344817225,0.6434159061277706,0.1734663040193411,0.5191956124314442,0.9992765156996092,0.0866545117866413,0.0986465109048457,1.4964366020238906,-107.26778495319562,0.5209107784435882,0.3341058742907733,False,False,False,False,pachytene,55,off_axis,108.01111326526878,13.61
513,4.367174540538416,159.82294249698285,158.09145227447002,64.20159808199999,2.4840046799549835,0.8403303007051774,0.0441819772528433,0.6398169336384439,0.9999529301012002,0.0739265438122748,0.2590388204729112,1.567229683825296,-4.157339359403467,0.5213832982427777,0.0690540917721478,False,False,False,False,pachytene,55,off_axis,51.82346779098863,13.61
670,5.448489620615814,163.40407105941412,161.19772020043078,32.77051865999999,1.9851724306416647,0.7030780243378669,0.0564149226569609,0.5891996142719382,0.9998739283913264,0.0734433825968519,0.1219386011113311,1.9938569353307984,-7.948337139368153,0.5230809464458412,0.0957484039202429,False,False,False,False,pachytene,56,off_axis,55.07931505849929,13.61
1454,10.594579017708115,103.22016280905262,109.84127581022231,56.16730843199999,2.375736852254974,0.6730287337119947,0.2847615567330531,0.479371567249968,0.9970822281167108,0.0712043104363901,0.0817682202022753,1.7748001165017009,55.866717380204044,0.5237487517494056,0.5940309692680718,False,False,False,False,pachytene,56,mid,3.0890500858783914,13.61
1417,10.61291057195465,92.15384734606208,108.2239945913978,53.56349485199999,2.338442876598571,0.6890601734255934,0.2731367731367731,0.4722535211267605,0.9972704059170556,0.0535568480648977,0.0823169254370522,1.738628701804404,57.274469866540606,0.5237591112686211,0.5783689499764656,False,False,False,False,pachytene,56,mid,8.005866290751012,13.61
1215,9.333585605066116,149.80327983628044,263.39787773573613,30.375479322,1.9355817122615084,0.5236697814503051,0.1649065800162469,0.5860894941634242,0.967639902676399,0.1118339020661993,0.0549897400349981,1.1000939901351252,-104.98947963629875,0.5238076212959133,0.2813675755297956,False,False,False,False,pachytene,56,off_axis,106.81739471690473,13.61
394,4.57461524854072,106.34370792057464,110.72276947196234,53.042732136,2.330839801274212,0.6741110914558641,0.2304720133667501,0.444022255394219,0.9976466158335686,0.0574693751270704,0.0478673798220651,2.062444634144282,55.04444064932778,0.5250756743483249,0.5190550936734664,False,False,False,False,pachytene,56,mid,6.228703907123721,13.61
751,6.454575478188905,153.95015639190748,261.89608379661576,34.093537452,2.0115360418889523,0.5698362460437595,0.1608053691275167,0.553742802303263,0.9958443520967132,0.1610368701559889,0.1150932194705139,1.2393465394738812,-104.39502292835573,0.5255142749188666,0.290397217731148,False,False,False,False,pachytene,56,off_axis,107.12872948883606,13.61
99,1.90579300600497,146.89865939597286,267.5435204698003,39.845385108,2.118831755109964,0.5908983869068645,0.123154574132492,0.5576341919700676,0.9983633387888708,0.1584868540976948,0.1315043193369409,1.2227219879116995,-108.43015751801225,0.5259850383603545,0.2208519059733387,False,False,False,False,pachytene,56,off_axis,109.59899147972324,13.61
316,3.708623446918384,99.8498510886969,109.36469908967564,57.20648808599999,2.390298978938288,0.7034485586583016,0.1823629169022046,0.4950221238938053,0.999615768846538,0.0452445204651287,0.0652898925143522,1.8654428802447725,56.279483743984926,0.5263473081879905,0.3683934678873586,False,False,False,False,pachytene,56,mid,0.289670144011223,13.61
1151,8.39148224648345,159.36891985836476,155.9484262171768,47.699049852,2.249781664219473,0.781007180092456,0.0615384615384615,0.6968335953289917,0.9997207873795896,0.0479082244618685,0.1218529070621275,1.777896864157228,-1.9667597973801019,0.5265714841175669,0.0883115595329581,False,False,False,False,pachytene,56,off_axis,51.70151065691947,13.61
978,8.054716320336395,145.4516537707205,269.0568927212315,40.187868696,2.1248851191740865,0.5568526733597945,0.1145323069745742,0.5720495258166491,0.9921991701244812,0.1165063546060957,0.0769126879111333,1.226935712018973,-109.60472073750131,0.5279928966919152,0.2002139706541487,False,False,False,False,pachytene,56,off_axis,110.52464722972873,13.61
616,5.491462631819935,94.37490914718134,108.27294734525258,51.16141817999999,2.30295077466443,0.7066024759284733,0.186395422759059,0.5274261603375527,0.9998331664998332,0.0586104083794419,0.0833411813390199,1.9110221843112425,57.26752124303114,0.5280388594034099,0.353405721551176,False,False,False,False,pachytene,56,mid,5.784275956523653,13.61
553,4.8944727891157775,122.26790271045864,117.15169467474507,22.069079424,1.7400639228427357,0.7084396258503401,0.12224,0.4207072548304776,0.996404399323181,0.0769024936998496,0.0920522674492652,1.073338285664087,45.596970603212235,0.5287263198016141,0.2905583362218371,False,False,False,False,pachytene,56,off_axis,21.703530655921615,13.61
291,3.356122097429772,104.27123701509,107.95438472404034,34.044276114,2.0105667602428205,0.7075036174464273,0.2256475738781467,0.4812720848056537,0.9941006816990036,0.0879533755687884,0.149311847360542,1.1035586696270328,57.77314464467771,0.5292288630279338,0.4688565595265457,False,False,False,False,pachytene,56,mid,4.104259445065726,13.61
1216,9.377349433736104,153.0210363159058,264.1850201905059,31.276258074,1.9545287344083997,0.5067126678166954,0.1265604249667994,0.5765546601794131,0.9904761904761904,0.0914886416281933,0.0308259940384589,1.1244774343632835,-106.43684824787658,0.529353541564406,0.2195115809616666,False,False,False,False,pachytene,56,off_axis,108.82144509286368,13.61
297,3.532459160501066,153.10657636802935,263.93329605157334,32.022215478,1.969945700369422,0.536224452421068,0.1850946067704981,0.5695782656768283,0.9966231427285008,0.1160294676060261,0.073211163129304,1.206224427369316,-106.20879454034548,0.5295309303009622,0.3249678190416039,False,False,False,False,pachytene,56,off_axis,108.62699007995747,13.61
1067,9.02475335484206,107.52803525038388,108.04122341141786,50.16915408599999,2.28796506902548,0.6657315191471455,0.1414675153116368,0.4957336690446216,0.9959490168955636,0.0803843005786439,0.0844339120709585,1.96195295048882,57.74790035165432,0.5295643530731647,0.2853699963213577,False,False,False,False,pachytene,56,mid,7.362117396037271,13.61
106,1.397465227431341,151.0831818914152,267.1260473819913,43.680732138,2.1847433859120966,0.6906718221362977,0.1057289240801118,0.5114583333333333,0.9959797958973302,0.1751684866330924,0.1987296525916154,1.1315534627072183,-108.90361692188483,0.5313244989625846,0.2067205032930903,False,False,False,False,pachytene,56,off_axis,110.75065932347306,13.61
1291,9.937006894992882,149.21309462529908,268.0858591726026,41.506195932,2.1478705707307357,0.5936475641460381,0.1726121979286536,0.541307371349096,0.992437463641652,0.0674925881156897,0.0497375104363801,1.1554424023166725,-109.44791179492103,0.5315818425107168,0.3188801909319167,False,False,False,False,pachytene,56,off_axis,110.93641331607857,13.61
265,2.828405178350093,163.6104215982605,155.84993459579206,68.13077623199999,2.533678906896561,0.8758435477206996,0.0147540983606557,0.6921797004991681,1.0,0.0322191469678737,0.1726394492160759,1.6984638383883797,-2.7640456323578815,0.5325912407147428,0.0213154161412358,False,False,False,False,pachytene,57,off_axis,55.899525007162346,13.61
1495,10.91476909007782,97.57459591220687,105.67058296296494,51.30216486,2.305060671194671,0.6690443529949703,0.2039155301363836,0.4865985078751036,0.9964067204040012,0.0885847831769457,0.0877597390662868,1.7137077614581366,59.92991942344666,0.5331922999538755,0.4190632047493313,False,False,False,False,pachytene,57,mid,2.634366163942458,13.61
480,4.79665867756932,146.98466686169627,270.80423397716,33.277206707999994,1.9953515300509723,0.5362329056816579,0.1208071629025792,0.5745554035567716,0.9961447847504818,0.0188670396263615,0.0161249319320117,1.2683917766456176,-111.6358093702929,0.5335344111533042,0.2102619906709175,False,False,False,False,pachytene,57,off_axis,112.68766276638901,13.61
752,6.4686358675885005,154.82618427064287,265.4589323899581,32.24271861,1.9744570055199795,0.5383048381229538,0.1526238483108559,0.5497951465490073,0.986228342958685,0.1080171398377477,0.0753167125819624,1.1849421525810782,-108.06246439770068,0.5343343223025983,0.2776013016281719,False,False,False,False,pachytene,57,off_axis,110.72866960396925,13.61
1039,7.602684693385432,164.18998513761326,157.05778954128436,24.29053119,1.7965920253325662,0.6849830999517141,0.1152698671006238,0.6250766400980994,0.9986011540479104,0.0764593603285847,0.1131367620255298,2.030803634571272,-4.066890364615398,0.5344577764734744,0.1844091743414589,False,False,False,False,pachytene,57,off_axis,56.29034688318513,13.61
1242,9.408391683722742,90.79193943768011,103.50579127975796,43.551714348,2.1825902723070927,0.6711731121404718,0.2391575274177467,0.4733824733824733,0.9950426562139728,0.0401684607209334,0.0704906913541193,2.080384663773371,61.966079038645006,0.5351980357097272,0.5052099324862782,False,False,False,False,pachytene,57,mid,9.456741549726889,13.61
104,2.2655500378756037,149.66650718794747,270.31070180119616,27.870188418,1.8808338478342896,0.5647672754818618,0.1282872555630478,0.5840263005221428,0.9982178658944084,0.1286085163391463,0.1001775604714455,1.152013083647001,-111.7183431714012,0.5354333864861072,0.2196600657339472,False,False,False,False,pachytene,57,off_axis,113.17291374246226,13.61
946,7.789253297833561,152.19587211061452,267.6554615151913,38.766327228,2.0995296683484885,0.5669248456976885,0.1715476328278735,0.5513483303059942,0.990721649484536,0.024742070436723,0.0292666778414134,1.084369063370726,-109.655562297492,0.5361209867165135,0.3111420192977929,False,False,False,False,pachytene,57,off_axis,111.6706370926928,13.61
1344,10.22176724137952,148.387248590852,271.99679656829977,28.299465792,1.8904413554038133,0.5180702917771883,0.0213768725803736,0.6714826281389749,0.9966281310211946,0.077211557854466,0.0449380023776422,1.3934333966802022,-113.09709210438754,0.5369384094969322,0.0318353322700544,False,False,False,False,pachytene,57,off_axis,114.29158247337348,13.61
857,7.304263959390727,163.12970619289445,153.07725804568545,27.72709596,1.8776094340939924,0.8840947546531303,0.0256045519203413,0.5605839416058395,0.999075595727198,0.086834300390812,0.4088644891249794,1.6262597879114835,0.0476764385555471,0.5373207933747056,0.0456747866287339,False,False,False,False,pachytene,57,off_axis,55.945346352094916,13.61
894,7.114951207666087,168.4128936547908,158.28173399125893,106.249668732,2.9381885261745677,0.8245904534816973,0.1516284036305392,0.5782252989301447,0.99976315244101,0.078219438253624,0.2236805504725181,1.1265243132858909,-6.1530154147739795,0.5375782064008455,0.2622306632226021,True,False,False,False,pachytene,57,off_axis,60.328123837381035,13.61
110,2.482688656858049,154.44695382059635,267.8785850972976,39.540433968,2.113412511170585,0.6026340768865686,0.1348488762593644,0.5268736936398926,0.9973372781065089,0.0675152340779821,0.0635459075658262,1.1565772612453002,-110.3479188497513,0.5398605925990017,0.2559415622514092,False,False,False,False,pachytene,57,off_axis,112.77521570679212,13.61
741,6.405978942774336,105.95892159729658,104.57948055207196,43.00045651799999,2.1733423977622,0.6189515029185533,0.2494896314601912,0.5211166785969935,0.9976699029126214,0.0373903087580116,0.0381004769234257,2.0602590937614877,61.17935588323535,0.5403251279617973,0.4787596361948999,False,False,False,False,pachytene,57,mid,5.727830329662686,13.61
108,1.6802525911181745,152.7753437161064,270.9154122863595,34.175639682,2.0131494385855344,0.6127393781316495,0.1870317002881844,0.4852889046437433,0.9962785752259437,0.1537821266940969,0.1101647397238831,1.099604879001455,-112.96442776369118,0.541324050149395,0.3854027951153894,False,False,False,False,pachytene,58,off_axis,114.89944964860379,13.61
1506,10.248224691693276,130.88057568437296,117.12603538080928,69.237983448,2.5473303329354344,0.8088833175226995,0.1354789272030651,0.6399574543520652,0.9999082147774208,0.0328756835707837,0.0780922182382794,0.8867361415470605,44.490240862924765,0.5414873644370948,0.2116998970505513,False,False,False,False,pachytene,58,off_axis,30.244838719498443,13.61
351,3.723460559796484,149.13215491821347,273.4455086586699,32.26617639,1.974935719808472,0.603198836786623,0.163396689147762,0.5164895566141444,0.991156963890936,0.0618858859824733,0.0545682819148823,1.377737224433656,-114.67022150919455,0.5417717974883904,0.3163601026493385,False,False,False,False,pachytene,58,off_axis,115.90942312247839,13.61
1476,10.757716925742512,104.1266843351449,102.26455915587816,48.74292106199999,2.266075180930969,0.6370855190336397,0.2070452155625657,0.5098793263492906,0.9937520552449852,0.0472933954770232,0.051783426998745,1.7664346230894776,63.45921987999333,0.5420968350723917,0.4060670924726419,False,False,False,False,pachytene,58,mid,3.8521505564445344,13.61
447,3.981166623071237,165.7299383043471,152.6851388569139,71.74327435199999,2.5776910376013573,0.8763078733978551,0.005259006047857,0.6722178165477135,1.0,0.0736592293189498,0.3717512664007548,1.6426261107926734,-0.11680172013516868,0.5421579459564185,0.0078233660554632,False,False,False,False,pachytene,58,off_axis,58.56994589478075,13.61
115,1.6220063532986682,168.0685367892876,154.774795304087,50.952643938,2.299813955934588,0.801574513143962,0.0126002290950744,0.6610208816705336,0.999873689528862,0.1058202899007481,0.2731174075624025,1.972527965160198,-2.652237413175019,0.5439906195713307,0.0190617716390911,False,False,False,False,pachytene,58,off_axis,60.473897700774145,13.61
1313,10.168856394587758,153.67281917284683,270.87208567765094,42.993419184,2.1732238302552678,0.5716390222610214,0.2207444168734491,0.5291045726659024,0.995016352593054,0.043171750701501,0.0274514753777796,1.063999212925612,-113.11114677594419,0.5442353390835488,0.4172037594784423,False,False,False,False,pachytene,58,off_axis,115.20879729906845,13.61
1418,10.70530793248621,93.8306858002632,99.87244773066791,51.839348022,2.3130781554159654,0.6599393637721164,0.1701634275618374,0.5523619427811045,0.997521116415718,0.1094363234661427,0.1164091980506827,1.8051188365761912,65.65622905146583,0.5442376298668051,0.3080650826613366,False,False,False,False,pachytene,58,mid,6.487236930315655,13.61
1118,9.497118065099846,166.906660448002,154.57627023244697,119.489239764,3.0554843448210263,0.7931995759550826,0.1905640079913938,0.614676286310993,0.9994162612925644,0.0577613504300437,0.1563967249961008,1.120213163754756,-2.2133927151799284,0.5444064783831836,0.3100233606457672,True,False,False,False,pachytene,58,off_axis,59.36301139296937,13.61
717,5.922496266096207,100.68857737456268,101.91220168732126,58.11195839399999,2.4028443214431863,0.7046784806038833,0.2693498452012384,0.4717058501913614,0.9978970324791652,0.0445007537930187,0.059607377074072,1.7617447098490642,63.74650733981021,0.5451449068835907,0.571012305851133,False,False,False,False,pachytene,58,mid,0.4079959180051266,13.61
893,6.685196163906058,165.55465035745237,150.8903582563197,13.45303683,1.4754027002173926,0.681081081081081,0.0118854673149648,0.6506287588846364,0.9975093399750934,0.1105290362099539,0.14769218649921,2.086038397284195,1.674626466854583,0.5453104673553657,0.0182676636294712,False,False,False,False,pachytene,58,off_axis,58.77658609739544,13.61
696,6.198114985862171,156.86901388178168,269.6485684394753,34.844186412,2.0261918915901744,0.5787666621785378,0.136012151339409,0.5515422726546269,0.9983922829581994,0.1177554736026287,0.0759748102097903,1.138729159753214,-112.58843898830891,0.5455582821246325,0.2466033123531388,False,False,False,False,pachytene,58,off_axis,115.38877165493538,13.61
855,7.531001589825079,149.72379687145315,275.004667454006,41.313842136,2.144547444917843,0.5622302975244151,0.1732790049324469,0.5416342412451361,0.9877907935984162,0.0568890955402741,0.0440585800057327,1.3665305078385233,-116.31903027442293,0.5456420731283274,0.3199188524974057,False,False,False,False,pachytene,58,off_axis,117.57704754753004,13.61
697,5.80078617789597,169.92101693938878,155.36630480849036,76.98139662599999,2.638957476850119,0.859127891032087,0.0744744744744745,0.5712740644603072,0.9999614702935964,0.0362803175383302,0.1362924001762185,1.6340532624766475,-3.620737793362964,0.5460778304124485,0.1303655795136296,True,False,False,False,pachytene,58,off_axis,62.207459693119326,13.61
107,2.4410673956971127,151.89159961369342,274.523848858913,39.470060628,2.1121579623116298,0.5997860454059194,0.133556356150283,0.5008910008910009,0.9950920245398772,0.0803658537411749,0.0608153093949926,1.1220734273630055,-116.30569883526675,0.5468950357971336,0.2666375636869273,False,False,False,False,pachytene,58,off_axis,117.9083052149469,13.61
113,2.395572346052156,156.19480966377037,271.3369966377019,31.04637183,1.949728238500333,0.6384586324140537,0.1606735660410454,0.5128526645768025,0.9998279125795904,0.0628718958085977,0.087123267493062,1.0973940713922972,-114.09693718828537,0.5474249981338833,0.3132938115348013,False,False,False,False,pachytene,58,off_axis,116.64592776068552,13.61
1312,10.00080223782166,152.4928990288676,274.3147544888345,44.445455766,2.1974192171474445,0.6424236026811632,0.2008728473696627,0.5139483394833948,0.9973605278944212,0.0649647511332057,0.08047936713777,1.0753839732936308,-116.22797436361252,0.5482849444641709,0.3908424873433271,False,False,False,False,pachytene,58,off_axis,117.93717505362414,13.61
1245,9.743869209808985,107.48309017587208,100.11270242259248,47.34952893,2.2442729989205845,0.6393856824374535,0.1588860642477467,0.475889545267207,0.9967741935483873,0.0954372279698183,0.0828257016604932,1.937741037370092,65.67415415991084,0.5487025991721397,0.3338717268069713,False,False,False,False,pachytene,58,mid,7.167269514174509,13.61
877,7.073611748508738,94.7587392381834,98.53029874942628,61.33740314399999,2.446502094862052,0.7113354749885268,0.3010463931845542,0.451510333863275,0.997867803837953,0.0136552736322093,0.0279608431719472,1.7799350922514254,67.01568554227919,0.549344987481225,0.6667541595531147,False,False,False,False,pachytene,58,mid,5.584726475490383,13.61
266,2.489013732833868,171.72207929373977,154.7411917067949,26.305554492,1.84495714946271,0.8014089530943463,0.0,0.6241580601706331,0.9998766041461008,0.1015343718634251,0.2707030081148758,2.216516177468077,-3.3890882411173657,0.5522894131821526,0.0,False,False,False,False,pachytene,59,off_axis,64.08401267287536,13.61
112,1.9235509534032589,155.98563604622072,274.86297251547126,37.152431964,2.069980302148194,0.6126404849097109,0.179703168872844,0.4992665036674816,0.9981012658227848,0.1291148520665602,0.1071096452154724,1.084917364230182,-117.49971157652057,0.5535696284969633,0.3599343588099569,False,False,False,False,pachytene,59,off_axis,119.78853392252005,13.61
1543,11.228652886670966,100.52396406170476,97.59057348538676,46.07577147599999,2.2239652761191824,0.6882191222889726,0.17621737960721,0.510287393860222,0.9974134500596896,0.1398567340696186,0.2010271644955496,1.7019921964556672,68.06425049692307,0.5538835035772489,0.3453296744686575,False,False,False,False,pachytene,59,mid,0.16169957671926277,13.61
1149,8.634435780227632,152.91258190373532,277.95585703146,26.171845146,1.8418259075501104,0.5941561351617819,0.1622571692876966,0.5357773851590106,0.9918471931050548,0.1785106505387283,0.1567588596421991,1.3930288259286745,-119.87577425077492,0.5553263918688146,0.3028443786210594,False,False,False,False,pachytene,59,off_axis,121.47545835074537,13.61
1038,8.519597332984626,158.2737458491273,272.84119951627514,35.885711844,2.046182277125555,0.5652372859197281,0.1414741190138118,0.5376635092467298,0.9968313140726934,0.1651205916925225,0.1050204746760635,1.1807755987736392,-116.00535514311366,0.555630611347849,0.2631276190047154,False,False,False,False,pachytene,59,off_axis,118.87619391392214,13.61
1080,7.771084042856571,168.97673499409487,148.17548027050128,57.581812566,2.395515070500612,0.8143561331323583,0.0633093525179856,0.6866359447004609,1.0,0.0575477896164394,0.1837591060948352,1.6896026323851758,3.6076352488575782,0.5556968965696322,0.0922022113852542,False,False,False,False,pachytene,59,off_axis,62.69381761811582,13.61
352,4.06841643205309,170.9201629007329,150.43338175460434,77.48808467399999,2.6447346529497566,0.8697665970393244,0.0471760797342192,0.6448163644816365,1.0,0.0838882824743531,0.4071780571515219,1.5005327081815456,0.990981986147059,0.5557601912107574,0.0731620385784466,True,False,False,False,pachytene,59,off_axis,64.11795133478735,13.61
915,7.301568627450695,105.28301489305044,97.18951072192286,52.63925832,2.324914845980018,0.6682709447415329,0.238309628568505,0.4764911337990328,0.995148401826484,0.019737084787714,0.029973144455756,1.8805454733639528,68.47183946400641,0.5565238044492999,0.5001344446191011,False,False,False,False,pachytene,59,mid,4.913024098573793,13.61
1271,9.924188248936948,92.94882037108552,94.62209095477482,48.548221488,2.2630539379095977,0.667713567839196,0.1717451523545706,0.5044350734331831,0.9955492615820352,0.1307456174424612,0.1498077695207266,2.0515773349565727,71.0297485092316,0.5571730005372408,0.3404702832927018,False,False,False,False,pachytene,59,mid,7.421179628914487,13.61
404,4.41817704573803,158.926757024735,273.8539935560058,35.747310942,2.043548375351949,0.6403307303628847,0.2077189939288811,0.485495347564313,0.9993911719939116,0.1132493179918638,0.1150253956634473,1.2135370729513126,-117.13299015601199,0.5575927747596028,0.4278496075626447,False,False,False,False,pachytene,59,off_axis,120.06954956051581,13.61
401,4.65519189066522,153.71122936103114,278.19802951233487,46.514431962,2.231000687566012,0.6376519239497705,0.2181719260065288,0.4929714683368128,0.9984542211652794,0.0607355935213,0.0562427574662376,1.2979509112569736,-120.28076449855055,0.5577941206535542,0.4425650164756943,False,False,False,False,pachytene,59,off_axis,121.99490363969933,13.61
46,4.229641864086466,114.88973519519584,99.41847130129256,421.81779996,4.652418396253824,0.6509231453675899,0.2632165829381661,0.551847190581638,0.9981947578545391,0.2081908048594994,0.252031063021919,0.9988065218806604,66.50830449342828,0.5584985439755547,0.4769736757393655,True,False,False,False,pachytene,59,off_axis,14.559464080955582,13.61
1401,10.353571428571698,157.05359093944182,275.8563197748474,30.21362064,1.9321376094119735,0.5925465838509316,0.1578947368421053,0.5522103658536586,0.9941222570532916,0.0665673787765482,0.0733465519799793,1.024809095133298,-118.6957534110973,0.558720227153777,0.2859322218589953,False,False,False,False,pachytene,59,off_axis,121.12553373996454,13.61
223,2.0042063316360315,174.41785729466545,152.59791279610295,10.595879226,1.3625406359436438,0.6834181979189728,0.0,0.4881118881118881,0.9940962761126249,0.2201387904100259,0.2279913228791844,2.0545749746095336,-1.861837287501986,0.5601523281552371,0.0,False,False,False,False,pachytene,60,off_axis,67.10697197285623,13.61
1007,6.71664666021314,173.78584592061628,151.055003198454,60.57971685,2.436386643173343,0.8554501452081317,0.0403598971722365,0.7214036967586391,0.99990429706192,0.1006246086674263,0.4265077876193812,1.2662616999556564,-0.22040831569758387,0.5601697345775518,0.0559463409372294,False,False,False,False,pachytene,60,off_axis,66.7887243367723,13.61
1367,10.238696598844074,155.76064750356704,278.355873466477,31.243417182,1.9538443926672848,0.5489901644267587,0.1046355641675361,0.5956384218411853,0.9931930693069309,0.1472087284641775,0.1156644962594935,1.0870753012338978,-120.86682158037664,0.5607913164854575,0.1756696014405784,False,False,False,False,pachytene,60,off_axis,122.91567668031077,13.61
221,2.855548768071587,157.70525372632878,278.4977943494206,23.040231516,1.7652223185495324,0.5596619833027896,0.0656729315186865,0.6147976878612716,0.993171264681781,0.0698077075500688,0.0495730686556901,1.1279465981421288,-121.41523198706629,0.5634923005331715,0.1068203944408873,False,False,False,False,pachytene,60,off_axis,123.80737879791853,13.61
1252,8.757228367571612,172.62889830484048,148.99484388737324,48.98688197399999,2.2698494999571217,0.7987358138198535,0.0331262939958592,0.7361408517725434,0.9993523316062176,0.0735935046434438,0.2080592875263635,1.4827004784663689,2.0372511311577286,0.5636074945938401,0.0449999397752411,False,False,False,False,pachytene,60,off_axis,66.09139724306738,13.61
777,6.389345509893087,99.61167493521174,93.56902589164515,57.023517402,2.387747859498524,0.6896622650047308,0.2761466129341777,0.4753446447507953,0.995757180156658,0.054571970349133,0.0718511699554311,1.8440061208759653,72.08281357236126,0.5653989207075355,0.5809397791342545,False,False,False,False,pachytene,60,mid,0.7583250647882664,13.61
1079,8.216189536031399,155.90209238984136,281.0767349636557,26.139004254,1.8410551999039872,0.5513775464417123,0.1457621326042378,0.53250650130026,0.9908700322234156,0.0926462759789917,0.0669068386069746,1.3282339379911914,-123.5564165920908,0.5657640362044418,0.2737283624675376,False,False,False,False,pachytene,60,off_axis,125.48470577839466,13.61
560,5.961666041978983,173.04486458489583,146.91980334051584,50.06828563199999,2.2864306710798674,0.7960082458770614,0.0460122699386502,0.6621497473587505,0.9999353963434332,0.0821186170709245,0.2276414065302487,1.9318027265085973,3.978088421370324,0.5666296209422865,0.0694892207120649,False,False,False,False,pachytene,60,off_axis,66.93518147506364,13.61
298,3.2618943419819315,160.67323451078525,277.7781926539534,22.512431466,1.7516389677512103,0.5620506408252579,0.0988421955403087,0.6281227694503926,0.9983420834484664,0.0178932920725959,0.0240331713388432,1.2184711443411904,-121.33705187831745,0.5672241991526062,0.1573612681272414,False,False,False,False,pachytene,60,off_axis,124.36436441255354,13.61
1496,11.018127340823826,97.88834424157184,90.75734696629095,50.10581807999999,2.287001850386936,0.6357209737827716,0.2697325199436884,0.4914535406760056,0.9940126399822596,0.1034100442945077,0.1014105268378296,1.7588743902031494,74.89449249771546,0.5682346442630242,0.5488464272180542,False,False,False,False,pachytene,60,late,2.481655758428161,13.61
856,6.929687355897602,161.88952277967536,276.37212137784894,25.435270854,1.8243825899678376,0.5931015401641613,0.1289239881539979,0.5176790571169537,0.9910886319845856,0.1119636779360394,0.0829143454079373,1.27543858754193,-120.218775691109,0.568366755487398,0.2490423098666546,False,False,False,False,pachytene,60,off_axis,123.61062695808064,13.61
1402,10.41954371878953,160.88580569862057,277.3959594536356,23.957430714,1.788341866474879,0.5757368060315284,0.1563473520249221,0.5305792753288715,0.993213897937025,0.1405206182292162,0.0877168652227399,1.1356091162476654,-121.00818010164346,0.5686496171942764,0.2946729344601946,False,False,False,False,pachytene,60,off_axis,124.10723102812521,13.61
242,2.91325731356324,136.64250336624625,108.834690068852,64.389260322,2.486422586678175,0.8382819046231192,0.2745546657950646,0.4381617481414733,0.9994531172317788,0.0880088081385632,0.3045113718727416,1.1238651331987264,57.5050659084012,0.5689323432675829,0.6266057385420524,False,False,False,False,pachytene,60,off_axis,36.48638347158321,13.61
514,4.688309297330508,177.28204888002352,151.0022347345808,22.934671506,1.762522371969934,0.6669735092564182,0.0,0.6056511056511057,0.9996000799840032,0.1647753799391659,0.232160335777413,2.204848617191718,-0.9053773132590882,0.5692418857559328,0.0,False,False,False,False,pachytene,61,off_axis,70.2230509711729,13.61
1362,9.19554346818344,140.92725184967622,111.46691397533792,75.902338746,2.6265692134837413,0.8434959977748246,0.2456427826605094,0.5238941548183255,0.9998381418686522,0.0229693548398862,0.097642431735523,0.9777030166777706,54.95432770210393,0.5693222200672953,0.4688786473399245,True,False,False,False,pachytene,61,off_axis,40.82013552529682,13.61
245,1.979500430663174,176.26175654216593,148.44201277895502,29.957930838,1.92667177347174,0.7011197243755383,0.0549641000247586,0.6337437778359969,0.996567348620074,0.120230540803061,0.2142244804876451,1.9747707106235997,1.8123322577885246,0.5703554540575411,0.0867292144665165,False,False,False,False,pachytene,61,off_axis,69.75918850039658,13.61
1293,9.917142470571862,159.11552197943126,281.25202287918097,34.675290395999994,2.0229128160423886,0.612298741712894,0.1447545142516042,0.5721514569883092,0.9972921312519912,0.1031738694322733,0.1039872173332114,1.141613834133453,-124.40475112008733,0.5714736571991973,0.2530003419261799,False,False,False,False,pachytene,61,off_axis,126.89547432855161,13.61
217,1.628537979478026,138.29804839887154,109.54342510846216,34.063042337999995,2.0109361205763405,0.8543488740444873,0.0887548470486858,0.4226950354609929,0.9999103139013452,0.0311745910327514,0.1749179517680573,1.070924552833054,56.827760272705675,0.5720985015136779,0.2099737153333004,False,False,False,False,pachytene,61,off_axis,38.1550331613853,13.61
1064,8.369313146233448,95.35968971565748,89.10644451624883,50.818934592,2.2978004784900565,0.7261355243722305,0.1744817030749965,0.4687341985504804,0.9973156614377988,0.0813671325440742,0.1530455914694722,1.8997672442829945,76.54539494775759,0.57211853888424,0.3722401813534536,False,False,False,False,pachytene,61,late,5.010310284342523,13.61
482,5.067727744550345,158.75253275665685,281.90471263901776,47.457434718,2.2459765450269256,0.6152439325787158,0.1656126058527173,0.5146454265159301,0.9988963825873696,0.060881079734172,0.0755227915549049,1.2830391829299683,-124.9663206135423,0.572869046353355,0.3217994318416254,False,False,False,False,pachytene,61,off_axis,127.35033406795947,13.61
627,5.659314516129045,162.56673546371022,279.83206856855173,34.90517663999999,2.027373397850149,0.6377016129032258,0.1708705013841894,0.5115933964014098,0.9975216852540272,0.0904337560292068,0.0957696490392738,1.240818894472161,-123.74374034395828,0.5746806002808267,0.3339966907041934,False,False,False,False,pachytene,61,off_axis,127.02638663413242,13.61
753,6.342891401872709,180.59475363751187,154.4006373715763,113.46762763799998,3.003270534322654,0.7990531516817928,0.1821623895666807,0.5756172839506173,0.9994169096209912,0.0968798674746953,0.2410193928831761,1.1437337846058817,-4.9254038845496435,0.5755583673776399,0.3164644194080673,True,False,False,False,pachytene,61,off_axis,72.90618753077815,13.61
484,4.414751751676012,175.28485142771018,143.5728440970398,62.271022788,2.458852420001463,0.8544790175544338,0.0961628451099672,0.5570799896453533,0.9997602263463292,0.0827754673240584,0.3368315881626301,1.6342387029085863,6.7780277725905265,0.576129209993563,0.1726194566263026,False,False,False,False,pachytene,61,off_axis,69.8300073528946,13.61
1177,7.881065375302432,181.47923362388968,151.34096069410893,43.59628413,2.183334555351553,0.7772935162765671,0.1457172342621259,0.5561729886446002,0.9965660437629772,0.1804477988325593,0.4042989998467845,0.9869805066666764,-2.120731776457048,0.5788874539596381,0.2619998404044044,False,False,False,False,pachytene,62,off_axis,74.27912083067136,13.61
1251,9.662219754285784,162.79669230235447,281.36022775040203,33.795623646,2.005659870921598,0.6476018602068438,0.1590193804869968,0.5050226511719519,0.9998457742134484,0.037095503329124,0.0498650094855334,1.1139923395661666,-125.28604818838808,0.5792351135485571,0.3148757389752273,False,False,False,False,pachytene,62,off_axis,128.50765933331485,13.61
923,7.436598806061297,161.4835389560708,283.94286463339864,30.649935348,1.9413938573082048,0.6650084187968774,0.2158724471515586,0.483664610463788,0.9981904918572132,0.0672142379292767,0.093209534778481,1.2847655551160464,-127.53407722264494,0.5809631497560027,0.4463267365056079,False,False,False,False,pachytene,62,off_axis,130.31262071280005,13.61
485,4.216290200688789,178.97027424637332,145.059163750108,83.807610606,2.714761093763318,0.8628768158535561,0.1076502732240437,0.640947132067769,0.9998269896193772,0.0640642767578085,0.2579921818374028,1.460143501051735,4.54864943014118,0.5820789456834412,0.1679549963454109,True,False,False,False,pachytene,62,off_axis,73.1195908629514,13.61
1420,10.57647009619417,96.63252076536942,84.94721800501772,56.08755197999999,2.374611820010964,0.6908824759514847,0.2115425645402175,0.5018265457989447,0.9979190943898784,0.1095705218171775,0.1519385019346655,1.8441213641012428,80.7046214589887,0.5821089933954793,0.4215451859036797,False,False,False,False,pachytene,62,late,3.737479234630584,13.61
823,6.877973774586496,181.0888594130502,146.9799806665639,30.054107735999995,1.928731365766143,0.665391820168592,0.0174192069676827,0.6470725449031957,0.9989742086752638,0.0922559206885461,0.1725422859085906,1.7306088723094726,2.224614672732092,0.5835579537660385,0.0269200217269127,False,False,False,False,pachytene,62,off_axis,74.78596512504285,13.61
1176,8.532338487355016,177.83367554836357,142.17942811938053,39.141651708,2.106283600165487,0.7838307563226657,0.0540257015473381,0.7125034654837815,0.9997502081598668,0.1032141933477361,0.2698020556765839,1.4816967106532075,7.603204277174421,0.5839667307899725,0.0758251772300578,False,False,False,False,pachytene,62,off_axis,72.61518171388232,13.61
924,7.566725009723856,164.54647485413983,284.0389702450417,24.123980952,1.7924764390719023,0.6636522753792299,0.1961422263537067,0.4489736918184446,0.994370637243864,0.1059082273770607,0.1301606913669635,2.404282412750587,-128.2733017018142,0.5867615999141719,0.4368679722842701,False,False,False,False,pachytene,62,off_axis,131.6758369736269,13.61
878,7.041226215644898,98.05598580866588,83.41545622357289,53.25854371199999,2.333996636802612,0.6765768146582101,0.1502140955907881,0.5267601797630397,0.9993921500521016,0.0901943164164028,0.1202200256973657,1.9301976333585444,82.23638324043353,0.5875901376922125,0.2851660041166383,False,False,False,False,pachytene,62,late,2.314014191334124,13.61
694,5.967093996877775,144.19637031553214,103.70612087610496,49.587401142,2.2790870466538835,0.6988031600359526,0.2405772900763358,0.5046332652740694,0.9996370235934664,0.0202382147432219,0.036729801853632,1.0694779567075698,62.77554523614421,0.5880849494516586,0.4767368832605138,False,False,False,False,pachytene,63,off_axis,43.94193009863486,13.61
483,3.60175257305859,176.24670286446388,138.62243322448617,56.75140715399999,2.383943774665768,0.7780763030628695,0.2775834230355221,0.4853790277519091,0.9957964740573436,0.0826739774913467,0.1835940973458709,1.0751677156746162,11.414699810842164,0.5884087880582007,0.5718900223629002,False,False,False,False,pachytene,63,off_axis,71.81318621602765,13.61
914,7.192612982744659,104.14787410846324,84.966213266227,57.09623651999999,2.388762418457812,0.6813064913722268,0.3016115962906275,0.4849813072063942,0.9970588235294118,0.0595312832684477,0.0690045447995549,1.8462428266183135,80.68562619777941,0.5888580849432811,0.6219035492893136,False,False,False,False,pachytene,63,late,3.7778741084632372,13.61
202,0.8194766759054816,148.32118210175528,113.33058511297808,49.934576286,2.284393521923884,0.7764363226382299,0.2235274922499591,0.5291027526791343,0.9999315490451092,0.1261579943371459,0.2965104762705671,0.8940634367473617,45.960125979934475,0.5900137479578719,0.4224651849156297,False,False,False,False,pachytene,63,off_axis,48.03302672964751,13.61
1253,8.853242466191615,180.4364838355881,142.19582418272918,22.029201198,1.739015208202622,0.6242146736236822,0.0521085146387322,0.6525928024936243,0.9938717443641936,0.096495580405678,0.0964486246750762,1.845870952521276,7.038836552199181,0.5902712304597936,0.0798484360226166,False,False,False,False,pachytene,63,off_axis,75.1561202967576,13.61
725,5.708806737082472,180.1808942406521,139.3286069725931,32.869041335999995,1.987159875763977,0.6521552954610335,0.0952292556153703,0.6590069757899056,0.9997232982844494,0.0267447623233799,0.0614287306178246,1.7879972263432724,9.895549707108623,0.5920133124847003,0.1445041693241952,False,False,False,False,pachytene,63,off_axis,75.51031024820665,13.61
1475,10.88798771376436,102.87255260252078,81.40406900631032,56.514483576,2.3806216819869763,0.7049227959488626,0.2175013758943312,0.4966943311295541,0.996613639943298,0.0670865886116009,0.0838177053140882,1.6433284075142274,84.24777045769609,0.5937145106197682,0.4378978423202495,False,False,False,False,pachytene,63,late,2.5025526025207796,13.61
1333,10.143599566919082,97.40990599233436,79.14250022903364,56.33151289199999,2.378049745980971,0.6750645456816857,0.2095025833248911,0.5137767525310778,0.9958198259682648,0.0870058182097845,0.1144360747170576,1.9149451270996467,86.68143004197154,0.596226183137287,0.4077696826351024,False,False,False,False,pachytene,63,late,2.883314109172253,13.61
486,4.395285584768831,185.21000594741665,144.5273220489576,12.93696567,1.4562902396590145,0.6892112420670897,0.031638418079096,0.4877479579929988,0.9986315429353404,0.0815115323717721,0.1616220513524664,2.1188343856402456,3.754016157362072,0.5965399358861838,0.0648663260616873,False,False,False,False,pachytene,63,off_axis,79.33132695344011,13.61
950,6.754202252754028,182.44673238024515,137.13387296695385,18.951540462,1.6539357549199791,0.6942690927094938,0.024101145792177,0.6870445344129554,0.9979304635761588,0.1225270236103037,0.198161289690429,1.7479887004303034,11.563677360642943,0.6000021191044355,0.0350794520369341,False,False,False,False,pachytene,64,off_axis,78.18766527917617,13.61
1439,10.067181094767465,185.378731757899,142.58680851217895,9.727941366,1.324272757534741,0.5353267422232939,0.0,0.610275038920602,0.9725234996384672,0.2045998457957142,0.1139244274472342,1.200901360412153,5.615432384049174,0.6001910801762417,0.0,False,False,False,False,pachytene,64,off_axis,79.9050784820394,13.61
617,5.644724395124299,101.60262417227482,79.72697970256596,51.57896666399999,2.3091989036544183,0.6608604693469164,0.1970496392807149,0.5085154888024674,0.9957732949087416,0.0644506231545146,0.0703098652387359,1.8627358112173475,85.85122296505699,0.600340941620525,0.3874997785116802,False,False,False,False,pachytene,64,late,1.2677409616290047,13.61
559,4.031763046544385,152.1614694499284,116.6881634132573,8.315783009999999,1.256815456390163,0.5737658674188999,0.0,0.528788881535407,0.9826635145784082,0.1283328292663584,0.1292923200583796,0.9573671571199052,42.12686425344404,0.6015864641438466,0.0,False,False,False,True,post,64,off_axis,51.39862377850346,13.61
593,4.505538566089024,188.1744883282365,143.76839719673922,13.807249308,1.488239586728195,0.7310567448182127,0.0130922693266832,0.6013897662665825,0.9916624557857504,0.2511059011152778,0.5209568497185376,2.112825738088477,3.871373899747833,0.603109681912799,0.0217700234707349,False,False,False,False,pachytene,64,off_axis,82.38916113432829,13.61
1400,9.100641997880656,153.60344415034552,117.6047613118388,112.90464091799998,2.9982952370064955,0.8239180569695207,0.2966221263175367,0.4738643067846608,0.9994,0.0813029811691024,0.2512629751063793,1.0661256884960812,41.02866760465672,0.6031801049502095,0.6259642730431084,True,False,False,False,pachytene,64,off_axis,52.70759546074849,13.61
448,4.423966431095427,184.62032069788265,140.80457075088182,53.10841392,2.3318014823104125,0.8638250883392227,0.0410575427682736,0.6402854362633799,0.9998910319276452,0.0713193652921575,0.303294552817435,1.5630767929871292,7.517447129107928,0.6033221973372785,0.064123811729781,False,False,False,False,pachytene,64,off_axis,79.53915679188205,13.61
379,3.2554759573260514,186.86302362005756,142.1048991960006,45.515130534,2.214908183577677,0.7800855537803433,0.0170467634185671,0.6545582376376845,0.9998562598821332,0.112981301846112,0.3017063723282504,2.0297755164244866,5.7738268831778035,0.6041036733988262,0.0260431577182334,False,False,False,False,pachytene,64,off_axis,81.45758294378352,13.61
1119,7.962082124866152,186.0542420699113,140.9014520683891,46.10157503399999,2.224380356944561,0.8227242660153666,0.0257270693512304,0.6908725602755453,0.9992642140468228,0.0422636518594873,0.1327399161875588,1.5036986799356038,7.120652611933355,0.6042944306762572,0.0372385166679214,False,False,False,False,pachytene,64,off_axis,80.92048607991686,13.61
1438,9.673062937063028,152.63980732867023,120.1195439160837,8.386156349999998,1.2603508208822962,0.6344055944055944,0.0,0.441469013006886,0.9947765525246662,0.1742446401003598,0.2206732897438123,0.9791258856284608,38.66238092231482,0.6043472496998858,0.0,False,False,False,True,post,64,off_axis,51.421743677815236,13.61
776,6.984951822370827,96.95501920820962,76.25899809803157,55.99372086,2.373286886372807,0.6631755341432761,0.1738594327990136,0.506094527363184,0.9983436492023364,0.092259074302055,0.1085580491026114,2.1138398465110098,89.58670462136271,0.6047224318334449,0.3435315408464167,False,False,False,False,pachytene,64,late,3.1677190040110594,13.61
1468,9.88918711656434,150.66514946318966,122.61119304064331,12.235578048,1.4294817904684152,0.566717791411043,0.0237580993520518,0.5858407079646017,0.970408163265306,0.2089567470966761,0.1252210313016,1.010323277005523,36.45192927258847,0.6049381236376721,0.040553855389454,False,False,False,True,post,64,off_axis,49.136685133741366,13.61
41,3.906945909847519,108.30270342142812,80.08751017338851,384.630181326,4.51147183179157,0.6380796135807816,0.1683413916333823,0.6105690645906005,0.9993304069637676,0.0638894118762113,0.073586561419366,0.974161833821765,85.29183946400642,0.6061697989773461,0.2757122844837526,True,False,False,False,pachytene,64,late,7.937382079624496,13.61
1178,8.469217645625585,184.69478832561632,136.6261909822105,19.249454268,1.66255723070375,0.6380697050938338,0.01,0.6858585858585858,0.9978937514626726,0.2775562737165606,0.3222898354324872,1.8702449000670387,11.586362159415408,0.6062956740303255,0.014580265095729,False,False,False,False,pachytene,64,off_axis,80.49222205457926,13.61
561,4.219103450473548,184.95829536750628,136.05365975722668,73.62693408599999,2.60005600257736,0.8085831713766847,0.1282646546720836,0.5724034620505992,0.9901568748077516,0.0720083307825392,0.1577204809800119,1.460246185574121,12.090530278171332,0.6063904245896296,0.2240808506164228,True,False,False,False,pachytene,64,off_axis,80.87043161651175,13.61
1453,10.572954218498822,102.97429228230271,74.70323577050223,55.44011725199999,2.365439493843392,0.6493610899551494,0.2245719097969495,0.5100760226861349,0.9923999633733176,0.0799985675900786,0.0811817549669665,1.8110873050118148,90.78553760707169,0.6098425722636274,0.4402714493700782,False,False,False,False,pachytene,65,late,2.9326780513155617,13.61
726,6.166375723957712,189.66164935149425,141.1422024838898,57.51378500399999,2.3945713392579626,0.8065910759442043,0.0732851280046902,0.6606916912695066,0.9999451904631406,0.0889468447646038,0.2780320332918282,1.889500187287227,6.1253245842512545,0.6106420677973524,0.1109218247680309,False,False,False,False,pachytene,65,off_axis,84.39621192858384,13.61
515,3.918233726684375,187.3225152264942,138.70583307955852,6.162358805999999,1.137329028957864,0.6433193757137419,0.0,0.5506937033084311,0.9984177215189872,0.0517599443392024,0.0837119427278891,1.7423292255777985,8.999804709319363,0.6114714944486224,0.0,False,False,False,False,pachytene,65,off_axis,82.62285118138948,13.61
1150,8.042851170568362,158.32895182901152,116.01242467600208,22.444403904,1.7498728331114084,0.7550167224080268,0.0397378123719787,0.6685153583617748,0.9990530303030304,0.0856785254721911,0.1718817155148672,1.292865702154064,41.986001748361446,0.6126471997459157,0.0594418839820791,False,False,False,False,pachytene,65,off_axis,57.60141504469886,13.61
1422,10.602939342656647,98.49161038567728,72.1362791752016,52.67209921199999,2.325398239344169,0.6525786051483031,0.2691587033914184,0.4699397513139341,0.992840339572466,0.0306173333964354,0.0487524833144617,1.859846458721804,93.61185017820222,0.613304023168785,0.5727515125904133,False,False,False,False,pachytene,65,late,1.3911698182053402,13.61
203,0.6854080791426052,158.03160999175486,115.09372239076497,14.22714357,1.5031755448090585,0.7739488870568838,0.0926538716082064,0.6673960612691466,0.9983641037625614,0.1066611521397986,0.2686208386273628,0.9016551367911896,42.93581847810057,0.6137409158506387,0.1388289158195093,False,False,False,True,post,65,off_axis,57.42742011089117,13.61
376,3.077388382141064,170.80413877820428,129.07094434709444,19.545022296,1.6710233567637085,0.5006000960153625,0.0952380952380952,0.4633501562124489,0.9495454545454546,0.2131525452159147,0.1255022992647759,1.0246647933216912,27.40089205790317,0.6148660676473718,0.205542382928275,False,False,False,False,pachytene,65,off_axis,68.25175779669117,13.61
342,4.2085425442289335,97.39393453243164,71.89448056023475,55.68876972,2.368970602430711,0.7033277169334456,0.1579387852702056,0.4623029958824364,0.999435256151674,0.039131947289036,0.0522035297393033,2.05085813073086,93.91782771577137,0.6172021347078596,0.3416347864428926,False,False,False,False,pachytene,66,late,2.472713435218335,13.61
32,2.51946792419259,102.50295317643749,72.26373630216096,52.728397884,2.3262264464266926,0.6333303674704156,0.1717415335142197,0.4883523416646445,0.9955454262923444,0.0508116531131636,0.0483308199994955,1.9616836495868943,93.24854726315314,0.6199117201384817,0.3516754581923476,False,False,False,False,pachytene,66,late,2.605719884565238,13.61
824,5.973272957034416,187.40078719460791,130.9885876895545,22.275507888,1.7454724637415666,0.6932392586352149,0.0585003232062055,0.6515619636113972,0.999815668202765,0.0598327552535001,0.1046523183351243,1.3682185325461735,16.527360204224344,0.6205508127031559,0.0897847426236442,False,False,False,False,pachytene,66,off_axis,84.32517640932232,13.61
377,2.5596541786743785,175.61890547550377,125.26618853026056,12.20977449,1.4284762072437247,0.7567723342939481,0.111578947368421,0.4826224328593997,0.9887440758293838,0.0915026050140093,0.1838121258088554,1.0571913995559064,30.539713329609626,0.6206493493893933,0.2311930398828494,False,False,False,False,pachytene,66,off_axis,73.52489217762994,13.61
951,7.009527962498483,191.88447128529415,136.81529672953454,21.517821594,1.7254533857618408,0.6139757985391912,0.0537145911277391,0.667890426433211,0.997447795823666,0.0673205468756232,0.069417737141741,1.97109387474398,9.886833421364214,0.6215619642903543,0.0804242567371349,False,False,False,False,pachytene,66,off_axis,87.48070573223717,13.61
1152,7.962228779726023,190.74684808192808,133.7112856622116,54.05610823199999,2.3455897513422874,0.8368338830064225,0.0120861797162374,0.6954787234042553,1.0,0.0590522043316325,0.217892070447371,1.3985888405496398,13.160846067571715,0.6224899552962325,0.0173782163415116,False,False,False,False,pachytene,66,off_axis,87.02254369608231,13.61
532,4.343403168114508,195.81690349514827,140.50703097087674,45.90687546,2.22124454924006,0.7506387327542157,0.1920529801324503,0.5571721311475409,0.9991838067254326,0.1232852715498201,0.2329626033221006,1.072460266203702,5.449499147748757,0.6230883502069985,0.344692365960411,False,False,False,False,pachytene,66,off_axis,90.54713514410925,13.61
1303,10.17466028212742,96.71462840688424,68.35922536560243,54.377479818,2.3502288631110635,0.6536818946551055,0.2301495972382048,0.500373692077728,0.9956611960007544,0.1135289356520109,0.1153357019435433,1.809574745115535,97.48693280401415,0.6233911951128085,0.4599554310750083,False,False,False,False,pachytene,66,late,2.9427931863889207,13.61
1009,7.498235504584866,196.26323294729733,141.62485609287552,124.567849134,3.0981738606518348,0.860177391107847,0.1910002179123991,0.6076767676767677,0.9997639783804196,0.0364832798397992,0.1334404309528678,1.084730959097752,4.262732409440543,0.6244735177757922,0.3143121937055771,True,False,False,False,pachytene,66,off_axis,90.74795270328309,13.61
378,2.7417451951233573,174.6020810573397,123.58789161475656,44.060748174,2.1910607513475964,0.8364478517808657,0.1681559707554833,0.4964192708333333,0.9980776076895692,0.1171397236642586,0.348160024582703,1.0483480763300748,32.33711171361759,0.6253868656553853,0.338737798138259,False,False,False,False,pachytene,67,off_axis,72.7375094986672,13.61
222,2.527711854919969,159.94935263628832,103.33225426788124,83.819339496,2.7148877316217,0.8380723161311989,0.0974886913118078,0.6424127203594884,0.9998911781775972,0.0535747610748602,0.1788239788098057,1.056279203621923,63.44719915451293,0.6268567094344942,0.1517539865294915,True,False,False,False,pachytene,67,off_axis,59.68502729241289,13.61
778,7.480054499141002,107.45279516616152,69.6671298205096,39.599078418,2.114456831953654,0.6566554114092766,0.07264,0.5031055900621118,0.9951923076923076,0.0623778679923076,0.0407809095045992,1.2834973251901818,95.54935626027441,0.6276683136535369,0.1443832098765433,False,False,False,False,pachytene,67,late,7.699792803414643,13.61
29,1.5167218200620276,100.32173387280343,68.98841595139783,45.36734652,2.212508374049408,0.712306101344364,0.1186440677966101,0.4973040977713875,0.9992320245752137,0.131234764178777,0.2120889603445203,1.8730058149029731,96.64655529259663,0.6280416199317109,0.2385744825516223,False,False,False,False,pachytene,67,late,0.6210328859413996,13.61
1455,10.79707073004369,102.68532603138456,66.37583601546343,51.57192933,2.3090938780071344,0.618103252217421,0.2436717412845689,0.489399714149595,0.9950210223500776,0.0672165194318125,0.0739900851912179,1.869209552006114,99.05569430195061,0.629880451506148,0.4978992309139062,False,False,False,False,pachytene,67,late,3.1348490958568864,13.61
405,4.06835341365464,162.4393004819287,110.13518481927515,5.84098722,1.1172041721935864,0.7867469879518072,0.0,0.4839924670433145,0.999375,0.0512014320890946,0.0994895355188572,1.135122384027796,56.69256417266723,0.6308886020932629,0.0,False,False,False,False,pachytene,67,off_axis,62.30315842417926,13.61
810,7.015979890474508,95.0595690681401,66.75222026662958,52.259242284,2.319306613634288,0.6607864260705629,0.1899453317611747,0.5323541087733228,0.9991495795143154,0.0759871685609542,0.1098157316366854,1.839466621321293,100.46942561678419,0.6309092307197828,0.3568026030621918,False,False,False,False,pachytene,67,late,4.274660751546004,13.61
20,2.439747811420784,95.0635454702448,66.97986635611454,58.41456375599999,2.407007865626617,0.680628062003052,0.1812847436689314,0.4796931975355212,0.9984417288608218,0.0838554381586245,0.106414702773228,2.022694356612829,100.25412641116804,0.6309515021456138,0.3779181039053766,False,False,False,False,pachytene,67,late,4.34872022691916,13.61
594,4.879677202420887,192.41460714189768,132.92865813046393,17.44085943,1.608766783867417,0.632817753866846,0.015861571737563,0.7043956043956044,1.0,0.0646252332021616,0.0681635805831147,1.477797639410674,13.57455822567033,0.6311227685621362,0.0225179879581628,False,False,False,False,pachytene,67,off_axis,88.81775075539372,13.61
671,4.991942886282483,168.90321096379424,122.57638103008524,4.600070658,1.0317123543850628,0.6659867414584395,0.0,0.5465648854961832,0.9918032786885246,0.0635560704727907,0.0824590724463378,1.100276506128958,34.08898140650535,0.6317721900890054,0.0,False,False,False,False,pachytene,67,off_axis,67.22105895641178,13.61
788,5.901635663887173,195.32472897690647,134.25742249839433,14.628271608,1.517171940653994,0.7636305323925593,0.019294743845642,0.5210312075983717,0.9989806320081548,0.1755158484990777,0.3477719769166091,1.5634392637770664,11.662533565526841,0.6322061675076124,0.0370318390995785,False,False,False,False,pachytene,67,off_axis,91.38262610111319,13.61
1358,10.262912964508551,99.41115429286776,64.3009386382613,47.785843638,2.2511454143130365,0.681802562466251,0.1824946399293732,0.4848812095032397,0.9961159247086944,0.0641208773907856,0.0755023759551089,1.7163034314017038,101.28599990626147,0.6322866032827804,0.3763697919256115,False,False,False,False,pachytene,67,late,0.652638916569246,13.61
949,6.862723819859081,166.53623402061902,117.10393402061824,12.969806562,1.4575214778416823,0.7131488515102189,0.0329268292682927,0.5762925598991173,0.9935427061931318,0.2543047200062242,0.3904394776256414,0.9948126607969892,39.82508784227056,0.6327519136509434,0.0571356140257245,False,False,False,True,post,67,off_axis,65.59399439760647,13.61
1345,8.716257668711728,162.37990398773073,126.86187806748435,4.588341767999999,1.0308347490326684,0.5848670756646217,0.2467532467532467,0.2647783251231527,0.9250871080139372,0.27080555295127,0.1971993762158777,1.0452531605342588,30.698184298735747,0.6329171704322156,0.9319238900634248,False,False,False,False,pachytene,67,off_axis,60.19101530537683,13.61
948,6.425241954520391,166.5784294043594,115.30067595404763,29.812492601999995,1.923548878401102,0.7568652136281375,0.0468846391116595,0.6035598705501618,0.9989374262101536,0.0354221276239117,0.0873027147311381,1.0588035887704088,41.607151101618136,0.6329284260435104,0.0776801795469318,False,False,False,False,pachytene,67,off_axis,65.8728682844164,13.61
1040,7.49140975755753,186.9209700987736,125.52754453756371,7.837244297999999,1.2322294716504176,0.607303202633942,0.188118811881188,0.3064024390243902,0.3935585231736057,1.1683964991424705,0.3673489093728516,1.0172407402954469,28.794928852503258,0.6342254094244906,0.6139599034530318,False,False,False,False,pachytene,67,off_axis,84.69452506504258,13.61
698,5.741706660423631,190.81889532950703,126.3483984665808,20.039981454,1.685011627131538,0.7217605056771625,0.0197938144329896,0.6146403029028187,0.9982332155477032,0.2075243317568064,0.333574326125156,1.7331689703737791,27.468801941903912,0.6344164622535148,0.0322038993204766,False,False,False,False,pachytene,67,off_axis,88.45072123858773,13.61
1082,7.529709704846068,192.73153108830152,129.0188436657337,38.625580548,2.09698570648665,0.7678246082837362,0.0401707255837308,0.6981428197750458,1.0,0.0510685699022177,0.1228506986171379,1.3455474214715508,17.329856599946414,0.6347155638765867,0.0575394094816796,False,False,False,False,pachytene,68,off_axis,89.95125155229566,13.61
859,6.664583788507769,167.27811669215757,113.44421450731949,10.736625906,1.368547064195838,0.5671837448110115,0.0,0.6390711761736497,0.9879187259747392,0.0749238927182011,0.0485457103992578,0.911472077478457,43.35552642001652,0.6352727356853717,0.0,False,False,False,True,post,68,off_axis,66.81052235170863,13.61
299,2.9465517241379584,164.13780837438327,108.86572967980212,5.714315208,1.1090689017372404,0.7508210180623973,0.0,0.5107084019769358,0.9986216402481048,0.0434664690639895,0.0564103349168883,1.1549828432713571,57.99390741123148,0.6354012634308068,0.0,False,False,False,False,pachytene,68,off_axis,63.977360080882555,13.61
327,3.702088392423514,193.3555273433709,130.18633069451354,4.829956901999999,1.048620190243999,0.7348227294803302,0.0,0.489010989010989,0.9905090595340812,0.0645498370499542,0.0781125233550317,0.9586884695890164,16.05711305367583,0.6359924356909564,0.0,False,False,False,True,post,68,off_axis,90.31528610304105,13.61
754,5.478819459274472,193.42163520265908,126.204233895698,54.92170031399999,2.3580433684253554,0.7664545338060051,0.0518467140627709,0.6781272860277981,0.9999384653252108,0.0382129219005679,0.1037611266771306,1.2885604547562088,27.269576124421896,0.6390760109886418,0.0764557261314001,False,False,False,False,pachytene,68,off_axis,91.04982634312697,13.61
23,1.2304745486759456,97.46250617727172,63.05783187760414,48.98688197399999,2.2698494999571217,0.6796916151893885,0.1736874613959234,0.5041112273882493,0.9990326949119752,0.1016183162974701,0.1161178798170811,1.9470709549809184,103.120200440523,0.6396194515362604,0.3445419422530639,False,False,False,False,pachytene,68,late,0.7538646550302791,13.61
300,2.839013594688632,202.1395874644309,142.84960030034912,14.839391627999998,1.5244358813059935,0.6903256402149858,0.0448561677230618,0.5706993363961205,0.9964871194379392,0.0620352382674793,0.0813467852702889,1.0046232826635395,1.8274902573352263,0.6396959451841339,0.0785985980049,False,False,False,True,post,68,off_axis,96.23440296236552,13.61
825,6.268208856576168,197.4595676470571,131.36626559814712,42.589945368,2.1664042112569457,0.7669090107953294,0.0801999565311888,0.597117202268431,0.9995144452537024,0.09817508060074,0.2004781974595305,1.4949641985954991,14.039052073594801,0.6400616740378706,0.1343119177047848,False,False,False,False,pachytene,68,off_axis,94.07863874022081,13.61
1274,9.79952105930384,97.49556850260424,60.98310095787929,49.958034066,2.284751179320708,0.5902239752077758,0.2331956770055355,0.4983384897444712,0.9893791882665318,0.0529860416371194,0.0510616613622469,1.770491760185248,105.05872009405662,0.641244864431599,0.4679463493279625,False,False,False,False,pachytene,68,late,0.013767999530077138,13.61
727,5.627289377289477,195.41004381867992,128.47449491758067,5.123179152,1.0694249478180011,0.5906593406593407,0.0,0.5469798657718121,0.9682539682539684,0.130132455535871,0.0858026673974291,1.0884120752095,17.297699913714883,0.6427210694324678,0.0,False,False,False,False,pachytene,68,off_axis,92.68432893026093,13.61
380,3.09973451327434,195.99455926990964,128.84446207964527,10.60291656,1.3628422164395355,0.8356194690265487,0.0,0.4078061911170929,1.0,0.0533286246079147,0.1455401080447309,1.0608346939577271,16.812894799288543,0.6432553373356165,0.0,False,False,False,False,pachytene,68,off_axis,93.17778411035177,13.61
326,2.869393790044374,185.54885810744432,122.20819664859374,4.759583562,1.0435023918907604,0.6830951207491376,0.0,0.5536547433903577,0.9912790697674418,0.0647182366121631,0.0582387984227557,1.0930573925743632,32.265841524734974,0.6433767419743377,0.0,False,False,False,False,pachytene,68,off_axis,83.7706598440821,13.61
356,3.7519322392800554,196.7288132874532,130.3439518793029,4.431174641999999,1.0189278179872905,0.7326627845420858,0.0,0.4396039603960396,0.9960861056751468,0.0680981940885706,0.0835619770532687,1.0071021008868752,15.192371449366783,0.6434580362548097,0.0,False,False,False,True,post,68,off_axis,93.57965808800454,13.61
775,7.183907950829447,92.35591899755616,61.796237291501576,56.67634225799999,2.3828922327593283,0.6806423575183147,0.1779245685062859,0.5023328149300156,0.9980696600923206,0.0394787694101567,0.0455499083888159,1.9933105950018128,106.0509794803661,0.6436494184759958,0.3541965868406868,False,False,False,False,pachytene,68,late,5.121860504769047,13.61
821,6.34608830364066,171.15188962044684,114.5307872966686,9.085198193999998,1.2944400221131271,0.589723728375936,0.0,0.6205160478288232,0.977491961414791,0.0615009314530954,0.0325667811209349,0.8875098479510181,41.76916137480998,0.6440790721633401,0.0,False,False,False,True,post,69,off_axis,70.50784612301236,13.61
826,5.645452216243855,198.8106913912378,129.84542897771107,9.155571534,1.297773644925962,0.8206507814501666,0.0028490028490028,0.5628571428571428,0.999297259311314,0.119523383652508,0.3278196039852821,1.1242045605958386,15.24111179498346,0.6451760883326124,0.0050616801885836,False,False,False,False,pachytene,69,off_axis,95.71983702938736,13.61
858,6.150497866287344,167.15373243243263,105.77773074324443,52.770621888,2.326847214943909,0.8080103129445235,0.2556015167183729,0.4862236628849271,0.99670427177082,0.1135830622767142,0.2829231771369794,1.047129788586512,61.138378782424425,0.6471127353172308,0.5256871193841204,False,False,False,False,pachytene,69,off_axis,66.93435773929392,13.61
860,6.9238198295685125,172.21421256594124,112.85409337210938,17.342336753999998,1.605731776662973,0.7769511700257,0.0072245635159542,0.6130988477865373,0.9992047713717692,0.0474691085244279,0.100185865578383,0.9994021222434648,43.29165939210699,0.6472395601490221,0.011783684706042,False,False,False,True,post,69,off_axis,71.78135793862475,13.61
357,2.7191024165708035,197.84926950518,127.4686638089752,4.076962163999999,0.9910206193225904,0.6634062140391255,0.0,0.5196581196581197,0.9950062421972534,0.0933260486497031,0.0917166982928102,0.9996198670048968,25.434090300729313,0.648836257884585,0.0,False,False,False,True,post,69,off_axis,95.2728253146487,13.61
595,4.413894523326573,195.6915646551708,122.54661237322406,4.625874216,1.0336378484852469,0.6891480730223123,0.0,0.5367047308319739,0.9969879518072288,0.0761341776236696,0.0727066513807277,1.0318390419576342,30.597067754798207,0.6496126406706026,0.0,False,False,False,True,post,69,off_axis,93.78086540744302,13.61
895,6.643855932203382,173.8333070709768,113.7342068061434,26.572973184,1.8511879443312784,0.8379237288135593,0.0054171180931744,0.6427015250544662,0.9997713763145862,0.0930078070582942,0.3187716688182922,0.9727317418401344,42.206347582067146,0.650370441281627,0.0084286684907358,False,False,False,True,post,69,off_axis,73.27070845075798,13.61
562,4.228244274809152,197.71410981461517,123.9522435114522,4.302156852,1.0089412469734556,0.6723009814612868,0.0,0.5074875207986689,0.9966555183946488,0.0668341055409846,0.0910403045849976,1.0193523052420208,28.937763490974277,0.6511103130602308,0.0,False,False,False,True,post,69,off_axis,95.60108439943386,13.61
205,3.4659377010014687,93.04197492878816,58.40178754479479,51.05820394799999,2.3014010566103247,0.6735734631994854,0.1767091541135573,0.4537649542575651,0.9968605906013932,0.0985601778314392,0.1002306698079218,1.970555509942764,109.0066061732951,0.6522807476025481,0.3894288275362361,False,False,False,False,pachytene,69,late,3.317079998518506,13.61
1244,9.689531581263688,94.32380247210112,56.53810619224812,58.64210422199999,2.41012913114448,0.6503060122404896,0.1741143127066603,0.5260809883321894,0.999485728979172,0.0538194108333688,0.0824808773435313,1.6621217299879634,110.32002598089582,0.654374476480265,0.3309648448970699,False,False,False,False,pachytene,70,late,1.475526729229772,13.61
1220,7.559657489703164,200.38596633427167,126.25425243876047,21.642147828,1.7287701293604172,0.7655538694992413,0.0208239022181982,0.5792880258899676,0.9305111821086262,0.1237406516076954,0.3387512026642983,1.3255526289315986,26.304505628419072,0.6545581275178429,0.0359474066224763,False,False,False,False,pachytene,70,off_axis,97.94714820767291,13.61
628,4.933644859813111,195.47960221962515,119.1961060163555,4.015971936,0.9860539715525448,0.7330607476635513,0.0,0.4420131291028446,1.0,0.0713545889737397,0.0786706875471869,1.016711180050252,33.94636274334718,0.6550302390236646,0.0,False,False,False,True,post,70,off_axis,94.01117824073692,13.61
25,1.6116884217662883,98.12993878199588,56.30576942278326,55.35097768799999,2.3641710540431826,0.6705373792168163,0.1847734899328859,0.5204527913558014,0.99888364104766,0.1048455550674602,0.1214603715367224,1.930812106910561,109.23765386780448,0.6559558493497264,0.3550244959807847,False,False,False,False,pachytene,70,late,2.1808546229744485,13.61
147,2.01064978588716,209.42397061999728,138.7938400484079,12.599173637999998,1.4435034205491923,0.5730776391733383,0.0369592608147837,0.5612734409071086,0.9847215377033022,0.1455922831130492,0.0761329856611073,0.9702800868539888,4.257608170371597,0.6598371370953465,0.0658489394314678,False,False,False,True,post,70,off_axis,104.2097371940492,13.61
1153,8.254320987654118,202.14110018832216,124.90781293157646,11.210473061999998,1.388390958248459,0.3414940364092906,0.0469412477286492,0.6123292024149984,0.6990407673860911,0.6477619793564354,0.0785138288643834,1.5669994786811186,27.40854261838484,0.6601319311005841,0.0766601487296623,False,False,False,False,pachytene,70,off_axis,99.86404583585428,13.61
590,4.894845360824733,173.5042174440788,101.7079068702584,60.29822348999999,2.432607096064568,0.809414510795565,0.1795344163456707,0.5337824045723617,0.9993886171631836,0.0690333579814012,0.1873789585371913,1.0818249771051418,65.32754876266578,0.6601646411533257,0.3363438262628836,False,False,False,False,pachytene,70,off_axis,73.20675609374447,13.61
1041,7.172774629866274,197.04277386218465,118.1975678806429,51.335005752,2.3055524249795023,0.7876530798757083,0.0308654848800834,0.7183128900365827,0.9989211144253348,0.1444219439168291,0.3828071095573745,1.5554965666807277,34.730751447084714,0.6605894560204175,0.0429694152899184,False,False,False,False,pachytene,70,off_axis,95.69204657407644,13.61
533,4.6808893594494085,198.1136658549512,118.60363562731692,4.431174641999999,1.0189278179872905,0.7421916357861302,0.0,0.4661190965092402,0.9924741298212606,0.0747280117674909,0.0832479068783157,1.0594629292905842,34.18743487553608,0.6606340152837104,0.0,False,False,False,False,pachytene,70,off_axis,96.70026667809195,13.61
631,4.812343201204173,205.14715273457097,128.87656527847295,4.675135554,1.0372940006753049,0.7541394882087306,0.0,0.4551020408163265,0.996512641673932,0.0958172828448429,0.1304903709798551,0.9637573470984724,14.853314063685666,0.6607152092379392,0.0,False,False,False,True,post,70,off_axis,102.11820026875236,13.61
730,5.443577981651358,206.2174826834861,130.1746749426619,4.091036832,0.9921597244854632,0.7178899082568808,0.0,0.4552845528455284,1.0,0.0928806370068653,0.1478320771241652,1.082463709632676,13.35884932825119,0.6630057736260652,0.0,False,False,False,False,pachytene,71,off_axis,102.8910327566488,13.61
1122,7.092704906308132,202.2964839221837,123.07628097553877,32.798667996,1.9857406781124147,0.8075382634816193,0.0481075344888574,0.5804533630620587,0.9997070026369764,0.1291017977424566,0.3537426606897218,1.0860733624984071,29.203755406203236,0.6635424486486966,0.0828792415553874,False,False,False,False,pachytene,71,off_axis,100.25884256480389,13.61
1254,8.751534691772044,200.0816940417845,122.39661236780977,18.189162612,1.6314534955120383,0.6194222336858395,0.0,0.6685869196882412,0.995967741935484,0.1025174558790238,0.09863553298005,1.6936293042499548,30.168668050808243,0.663940608852524,0.0,False,False,False,False,pachytene,71,off_axis,98.1526167414572,13.61
216,3.1336401169792394,91.09036055392951,53.48669277481447,54.544030056,2.3526258861946387,0.6239463271976604,0.2109727486013355,0.5076623970722781,0.9918329370412488,0.0347588371714843,0.0495542446598773,2.3556938504835925,114.29273058837325,0.6648064333085507,0.4155768672606618,False,False,False,False,pachytene,71,post,5.208903217624369,13.61
828,6.27986704653369,206.08152962962976,127.63083005697916,4.940208468,1.056539055225605,0.688034188034188,0.0,0.512937595129376,0.9913793103448276,0.0703403939154629,0.0811093268260844,1.046058224028011,15.874243581581391,0.6658590512263285,0.0,False,False,False,False,pachytene,71,off_axis,103.29404861933973,13.61
1272,9.843624338625029,94.37171391865444,50.35166758928676,70.93632672,2.5679902006374054,0.7123346560846561,0.2385329131652661,0.4913208414760317,0.9992624462200368,0.0934441942213144,0.1451443939653114,1.6318283258304074,116.11762689027185,0.667882861976866,0.4854931707123655,False,False,False,False,pachytene,71,post,5.749168483483927,13.61
267,4.129542445451187,183.3187878387747,111.42409587462292,682.11705573,5.460806231270263,0.833839434633836,0.1893664854707737,0.6367324130223316,0.9999147890355912,0.0145984992297283,0.0834424780130726,1.0221411179988824,43.249512090537024,0.6700223563440314,0.2974035585402689,True,False,False,False,pachytene,71,off_axis,82.97754963213431,13.61
597,5.893426573426548,207.9158294405556,126.16967671328705,10.06338762,1.3393225999869105,0.7125874125874125,0.0016194331983805,0.5028386050283861,0.9790575916230366,0.1355374130210037,0.1230848505530004,1.034053447789646,16.91616769395058,0.6703794022428099,0.0032205824735535,False,False,False,True,post,71,off_axis,105.39500531432631,13.61
702,6.082642132578685,212.07559951876047,135.3084155555557,49.71876471,2.281097806202253,0.7042226940316112,0.2425999758366558,0.4747168607433402,0.9936832740213524,0.0571039199585069,0.0980917160337334,0.9651718721140536,7.1061835749783935,0.6706792913383504,0.5110414141532242,False,False,False,False,pachytene,71,off_axis,107.53613733179559,13.61
116,1.7881681311916695,176.3246592908741,99.15634804667924,83.824031052,2.714938383457224,0.8450495326579728,0.1501151189562548,0.5681777135633014,0.9999632501561868,0.1167476969816623,0.4220823342738007,1.0327436295898569,67.93197978198253,0.6719701230609406,0.2642045180104206,True,False,False,False,pachytene,72,off_axis,75.97844938611281,13.61
21,1.813020509633212,95.84944177672418,49.42490768334441,60.389708832,2.433836736691146,0.6278356121814792,0.1839011925042589,0.5411752426677799,0.9978205910557056,0.0661101430620684,0.0567472680703748,1.7991955816853773,116.48358651040394,0.6726505208842883,0.3398181919736365,False,False,False,False,pachytene,72,post,6.527291954292938,13.61
1217,8.326741016109091,182.2560435687724,109.526433754645,9.46521423,1.3122420375394206,0.5097893432465923,0.0,0.6754297269969667,0.9858657243816256,0.2705405672177699,0.160228640480518,0.9697574432088052,57.67589730924288,0.6728931106010321,0.0,False,False,False,True,post,72,off_axis,82.10484876543973,13.61
791,5.757096922370264,210.2591519062956,127.79698484152404,5.106758705999999,1.0682811769476508,0.7096922370234267,0.0,0.5411392405063291,0.9940828402366864,0.1036826293915059,0.1185700863694752,1.0578227113572911,14.8317085035283,0.6734788937801893,0.0,False,False,False,False,pachytene,72,off_axis,107.34290721281405,13.61
564,5.222223575626262,200.35242763178528,113.10621278357786,77.03300374199999,2.639547050300936,0.8262127348579433,0.0877557544757032,0.61433327492553,0.99983945414409,0.0762553827832908,0.2745068257583947,1.322313227133714,39.3428597437649,0.6737924642705043,0.1428471451206042,True,False,False,False,pachytene,72,off_axis,99.64225693034045,13.61
701,6.134093264248696,209.7915212953388,125.67238616580322,4.52735154,1.0262469266799623,0.6968911917098446,0.0,0.494017094017094,0.9585492227979274,0.3567609170417831,0.332030045330447,1.0414415902743788,17.00714107753883,0.6746464516842365,0.0,False,False,False,False,pachytene,72,off_axis,107.33336587577905,13.61
120,1.5548895097790367,193.5509064770142,110.95671517652995,55.411967916,2.3650390808871444,0.848996697993396,0.2179346634509975,0.4690215867675918,0.9999431624417416,0.0400021286392849,0.1097491800333328,1.0173777381886964,42.36778877358218,0.6769342822033905,0.4646580660667712,False,False,False,False,pachytene,72,off_axis,93.18231619175222,13.61
1044,8.295336179295335,210.60441028815129,132.8256734791879,43.95987972,2.189387472319538,0.6203308431163287,0.1825597426470588,0.5510892480674631,0.9987775061124694,0.094336396290366,0.0921346013707193,1.01886142028018,9.84314365940596,0.6771063744965762,0.3312707393353287,False,False,False,False,pachytene,72,off_axis,106.62101140260457,13.61
862,6.456200527704495,208.3161930079136,121.59270580474823,5.334299172,1.0839175629736282,0.7893579595426561,0.0,0.4509394572025052,0.9993127147766324,0.0580722285867864,0.1048876236318339,0.9527458593902092,29.88314452127762,0.6775260660619353,0.0,False,False,False,True,post,72,off_axis,106.42133582601915,13.61
632,7.256197688322038,207.1873098844152,118.7280511757685,5.885557002,1.1200385920418434,0.8513351933041052,0.0,0.1045576407506702,0.6378120021242698,0.4249151522843841,1.0817256958606505,1.055682372818708,32.87133631433114,0.679279368190135,0.0,False,False,False,False,pachytene,72,off_axis,105.67881777386008,13.61
787,5.9958720930231975,181.64274340116117,101.46008892441895,24.20842896,1.7945655743415847,0.6697674418604651,0.2039243167484232,0.5132042253521126,0.9991938734381298,0.1683475923599356,0.1884325339458991,1.0131813437024373,65.72920397930704,0.6799163974933271,0.3973551009025881,False,False,False,False,pachytene,72,off_axis,81.33914144955052,13.61
633,4.477451971688584,211.25842280080977,124.31454767442,4.639948884,1.0346851013276903,0.6177957532861476,0.0,0.5648148148148148,0.9901719901719902,0.1079316892459701,0.0684377533624099,1.048000568406016,26.798155362667693,0.680179533552243,0.0,False,False,False,False,pachytene,72,off_axis,108.98023817057303,13.61
117,1.9027505315865776,178.3085029357325,95.41287199396344,34.199097462,2.013609934390096,0.7637012140750394,0.084750265674814,0.5663280116110305,0.9997886058556178,0.0714833245643017,0.1434162966889741,1.0748654252135608,70.23896747004298,0.6805147244129667,0.1496487264222113,False,False,False,False,pachytene,72,off_axis,77.93850293573249,13.61
531,4.972326156018408,177.73730764913626,93.82771388281314,66.45589073999999,2.5127442704094918,0.7587363219202259,0.1915069789448781,0.5454279444038039,0.9982431096958384,0.1216116462006018,0.2052675462411379,1.019541608408485,71.82412558119327,0.6816691752269004,0.3511132513648717,False,False,False,False,pachytene,73,off_axis,77.36730764913625,13.61
598,4.503733031674193,213.2637106900441,125.77201204751158,4.147335504,0.9966901970180176,0.7245475113122172,0.0,0.4661190965092402,0.9978791092258747,0.0646332138728975,0.0664069871864962,1.051158278077995,16.178256953812305,0.682695373356775,0.0,False,False,False,False,pachytene,73,off_axis,110.70663959998883,13.61
700,7.487372318122645,208.787574508231,119.25929432624208,52.589996982,2.3241893788120764,0.8820197154199563,0.0716040716040715,0.5194706994328923,0.9999451152579584,0.0814734258384312,0.3490672381003217,1.09823284114377,32.13434266199428,0.6833706683454899,0.1378404435172993,False,False,False,False,pachytene,73,off_axis,107.1953620388179,13.61
981,7.217265339771893,202.19011805441036,110.1267318513718,39.83600199599999,2.118665422200766,0.7474384642562714,0.0359631377837715,0.7071578456516671,0.9992976911596876,0.0807375751919509,0.1609212295419908,1.8740733152633309,42.05491481428929,0.6834784726679177,0.0508558845877337,False,False,False,False,pachytene,73,off_axis,101.85566380871379,13.61
615,5.8260561652000185,90.4756911299646,45.2113182729727,66.908625894,2.518437440431641,0.7166146618518389,0.1486201811670529,0.5134232339477917,0.9989928238700744,0.0340467300599083,0.0492895408984727,1.696237724521994,122.27993213383957,0.6838303582325546,0.289469138403202,False,False,False,False,pachytene,73,post,11.93331957374474,13.61
679,4.950789012273547,212.74202612507256,122.5543308007,4.013626157999999,0.9858619454578056,0.690239625949737,0.0,0.4962264150943396,0.9975874547647768,0.1349848857321129,0.128552040607228,1.018241740709748,28.34807274660902,0.6850516168757631,0.0,False,False,False,True,post,73,off_axis,110.6823540212861,13.61
1218,8.25881590319775,187.23708059637008,107.18260047536783,10.856260584,1.3736113898580733,0.5585566119273985,0.0,0.6304454233969653,0.9880043620501636,0.1566824979595112,0.1110241609678646,1.0374090890764294,60.11349200774268,0.6861276569941396,0.0,False,False,False,True,post,73,off_axis,87.04067862445956,13.61
676,6.227798329986368,205.3247921044309,111.91003815664374,22.193405658,1.743325358062172,0.6212873903392876,0.0170096021947874,0.6382919341334078,0.9951002227171492,0.0859547370567877,0.1048594777612261,1.2821527093745229,39.87501944087936,0.6863221510403589,0.0266486246890788,False,False,False,False,pachytene,73,off_axis,104.72871426759559,13.61
592,5.203856101575488,181.86579889489812,94.5382521984492,29.929781502,1.9260681322405733,0.7260757112626381,0.1342581124597474,0.5419170243204579,0.9945198329853864,0.230830822787878,0.3576379800699285,1.0455193836208003,71.11358726555721,0.6866533638849165,0.2477466225167988,False,False,False,False,pachytene,73,off_axis,81.49579889489812,13.61
381,3.0248785447971693,198.3917856626383,107.59814845780194,20.762481078,1.7050228886855974,0.5794825443452718,0.1173820251363528,0.5862439548629769,0.9931837546151662,0.2147911832694473,0.1740547668211178,1.0492446885777302,59.90892917838441,0.6873967541484735,0.2002272674415698,False,False,False,False,pachytene,73,off_axis,98.20124667854982,13.61
1294,8.928018731185157,206.96628694391663,115.39580537406488,21.039282882,1.712566487373295,0.5462147396588248,0.0014720314033366,0.6955773955773956,0.9884441939120632,0.2071675232999512,0.1767085275911245,1.9149435364698064,36.203720242219156,0.6882572785967251,0.0021162726286047,False,False,False,False,pachytene,73,off_axis,105.8977483115922,13.61
1043,7.404395604395623,208.49804505494265,115.21622967032886,4.055850162,0.9893070355825077,0.7270098322729901,0.0,0.4491525423728814,0.9944812362030904,0.2265910526048595,0.228705105814586,0.9962274907279004,36.18038261794858,0.6882974770324777,0.0,False,False,False,True,post,73,off_axis,107.43982019686851,13.61
1010,7.206144032230584,198.981488022496,107.22708097196688,27.947599092,1.8825736043194872,0.7127748866879302,0.2705180132167981,0.4585037989479836,0.981032833917756,0.1627661672882371,0.2196669228944972,1.0067344103429672,60.29108029988997,0.6890683017297905,0.5900016833829721,False,False,False,False,pachytene,73,off_axis,98.78382755070211,13.61
566,4.238974358974368,206.49656649572648,115.3784386324776,4.116840389999999,0.9942413168872172,0.731054131054131,0.0,0.4406779661016949,0.9925847457627118,0.1232816879536727,0.1238294810096772,1.0230726030344357,36.28268269781293,0.6897166943113332,0.0,False,False,False,True,post,73,off_axis,105.43438686113704,13.61
898,6.714988399072128,217.38971053364384,129.03588690487044,25.27575795,1.8205608229417356,0.7281670533642691,0.2894226103833091,0.4155001707067258,0.9945412924810706,0.176523274358739,0.2630307409758897,0.9982750584042114,12.118400162852039,0.6905004096014048,0.696564359747504,False,False,False,False,pachytene,74,off_axis,114.05243048269179,13.61
451,4.229347826086996,215.5807484949857,121.44971174749058,5.611100976,1.1023508085381208,0.725334448160535,0.009049773755656,0.517503805175038,0.9909774436090224,0.1943999848859373,0.2235707290782121,1.0384953960558745,29.069946171336984,0.6925767637987968,0.0174873569337236,False,False,False,True,post,74,off_axis,113.64164898881302,13.61
678,4.708938547486018,212.2960127932963,115.73839491619992,4.19894262,1.000807251702123,0.6379888268156424,0.0,0.5169753086419753,0.9812332439678284,0.0741681818051873,0.0446106064877058,1.0972878021920658,35.16349223576684,0.6947704232933364,0.0,False,False,False,False,pachytene,74,off_axis,111.1361899614074,13.61
384,3.346485436893185,216.77683392233172,121.60262568931893,12.080756699999998,1.4234269240188944,0.7038834951456311,0.171195652173913,0.3449180327868852,0.6099337748344371,0.6667880013970541,0.2866844046473361,1.0872404098271926,28.761129499546577,0.6952087797063821,0.4963372044966111,False,False,False,False,pachytene,74,off_axis,114.8072541047675,13.61
1081,6.871971745488639,188.08761199160864,102.11761850891192,42.507843138,2.165011229641017,0.6915181281386237,0.1596512327119663,0.5862254025044723,0.9399500384319754,0.2545020222501879,0.2932791424398064,1.0920485157483126,65.1936501883634,0.6956316757437233,0.2723376230881574,False,False,False,False,pachytene,74,off_axis,87.79529033566101,13.61
568,5.866135458167338,213.84580833807323,118.03085054069668,8.243063891999999,1.253141229545426,0.6670461013090495,0.0,0.5111111111111111,0.9938118811881188,0.444984224774401,0.3667668019141689,1.0344039265515106,32.6872036654981,0.6957167711850969,0.0,False,False,False,True,post,74,off_axis,112.37118548271653,13.61
677,7.326094727435193,209.7999891420922,112.24051340482696,5.249851164,1.078167228997154,0.7765862377122431,0.0,0.45,0.9847715736040608,0.1603315169737788,0.2443855711399074,1.017334833849918,38.95913144388726,0.6960930694237618,0.0,False,False,False,True,post,74,off_axis,109.12163488974662,13.61
827,6.249468306922626,203.74420175666967,105.03702780963374,45.001405152,2.206543473920408,0.8384070058381985,0.0375659733002172,0.6758064516129032,1.0,0.0288950245575119,0.0879911389639687,1.4400391489098656,62.570794360586575,0.6964813090981243,0.0555868817330183,False,False,False,False,pachytene,74,off_axis,103.50428078836839,13.61
567,4.63913787204929,209.36953927471924,110.8806374615121,6.856709093999999,1.1785346932892784,0.6240164214847759,0.0,0.5068243858052776,0.9652476107732406,0.1935900939372399,0.1041133066279414,0.9886939906532154,40.36379099530457,0.6970577069851265,0.0,False,False,False,True,post,74,off_axis,108.87368083323611,13.61
383,4.154606103619524,216.96320853087184,119.20689376863002,33.05201202,1.9908403341494867,0.8836763662171753,0.0370152761457108,0.4795607077486272,0.9987768652804472,0.0499021176563477,0.2308059164620377,1.062960951069705,31.111572451862074,0.6981431996319679,0.0771857984768703,False,False,False,False,pachytene,74,off_axis,115.30693886381728,13.61
408,4.753973755880174,218.55989751175997,121.68574861351728,18.949194684,1.653867511985634,0.8795493934142115,0.0061287027579162,0.5519013360739979,0.9998480704952902,0.0570449667120807,0.2592962587871354,1.1319179630303982,28.444337863436914,0.6987873841637239,0.011104707231755,False,False,False,False,pachytene,74,off_axis,116.56391805776562,13.61
1121,7.142367246959916,191.21498592423964,102.56294227101525,26.814588318,1.8567816755824096,0.7463039104190359,0.0934667083463582,0.6596551724137931,0.9982705866702142,0.2206902906036732,0.4294279339816085,1.0940665378324452,64.80753777832588,0.6994593207728421,0.1416902531126184,False,False,False,False,pachytene,74,off_axis,90.9305252829032,13.61
654,6.917901002034523,90.05941359526804,36.88862575529311,62.271022788,2.458852420001463,0.6431100730806901,0.1609246302364715,0.528287945957357,0.995578481945468,0.065164993574428,0.075353934648382,1.6915994582919258,130.24380378747264,0.7022568874579995,0.3046153739980682,False,False,False,False,pachytene,75,off_axis,19.872769802667996,13.61
952,6.684777517564481,209.7352329374405,106.96615995316246,14.023060883999998,1.4959534170312854,0.782870525259284,0.0490842490842491,0.5038520801232665,1.0,0.0831472310950567,0.2200043035914545,1.206776145388751,60.755284268575195,0.7022867062071009,0.0974179744821947,False,False,False,False,pachytene,75,off_axis,109.5307165958726,13.61
1090,7.695046168363613,219.7096632944752,122.70128684370422,139.21723274399997,3.2151516522505585,0.8346869313203478,0.2520963561518524,0.5286922841708287,0.9997977573537672,0.0368202306016895,0.1273542690501897,1.0625354129327622,27.286471351713132,0.7030572084940353,0.4768300270302341,True,False,False,False,pachytene,75,off_axis,117.57021045717178,13.61
520,4.114811229428883,219.4266509680532,119.2139770571157,4.846377348,1.0498071804765967,0.686350435624395,0.0,0.5354938271604939,0.992619926199262,0.214181620102361,0.2245656886788797,1.0041431334309336,30.78072239509561,0.7032743311431049,0.0,False,False,False,True,post,75,off_axis,117.74807324238381,13.61
599,4.628845070422536,217.61411509859204,116.9804738028167,4.16375595,0.9980038553599128,0.7014084507042253,0.0,0.4886792452830188,0.9933110367892976,0.1623589864567325,0.1549871499371995,0.9866825972767188,33.23310831064844,0.7038347717460139,0.0,False,False,False,True,post,75,off_axis,116.24486787176888,13.61
1120,7.420925666199285,192.20111882188093,100.17342925666291,8.36269857,1.2591745711827496,0.470406732117812,0.0,0.6059322033898306,0.9786096256684492,0.105732785623424,0.0742920746487905,1.040056845718206,67.21526922120803,0.7057094892439347,0.0,False,False,False,False,pachytene,75,off_axis,91.87130147123189,13.61
982,6.639520274129112,210.8102486008008,105.69708897772828,4.107457277999999,0.9934853832622816,0.5893774985722444,0.0013888888888888,0.4520166898470097,0.992,0.1116154299481143,0.08230696491638,1.0468056869414566,62.04445454910735,0.7062863976311864,0.0030726495726495,False,False,False,False,pachytene,75,off_axis,110.58154474783282,13.61
1219,8.46514275549202,196.5927236947404,100.48983901094203,26.373582054,1.8465461662362617,0.7674108334074535,0.0435259692757864,0.6741873804971319,0.9998700116989472,0.0642515228341602,0.1367707873923468,1.0894938326394057,66.98195159152444,0.7065166324953143,0.0645606407579021,False,False,False,False,pachytene,75,off_axis,96.26810387475253,13.61
521,4.140632847815181,221.98062250125776,118.15932521346174,4.670443998,1.0369469054509055,0.6659969864389754,0.0,0.5323308270676692,0.9820485744456178,0.182289532101181,0.1661171621663031,1.0398796043998308,31.490493715284487,0.7098772817739486,0.0,False,False,False,False,pachytene,76,off_axis,120.41851997968813,13.61
984,6.737708888350679,212.1735489706953,104.24524170501306,9.685717361999998,1.3223539824384036,0.666020828287721,0.0,0.580130529369108,0.991904761904762,0.1849598729191436,0.1969749047787116,1.5902914932068093,63.521819280173034,0.7110706665282729,0.0,False,False,False,False,pachytene,76,off_axis,111.91715017356616,13.61
382,2.858954978639374,208.24375754189865,101.9543721327636,21.414607362,1.7226901435822626,0.6040092014459415,0.0046806167400881,0.66417704011065,0.988431281813975,0.2340149227732222,0.2058999897097794,1.0783299134286604,65.73797563046513,0.711919848579522,0.0070472426136687,False,False,False,False,pachytene,76,off_axis,107.94474597686586,13.61
570,4.222969726093258,218.97599062950448,113.06629288803498,4.881564018,1.0523417320338266,0.6290245074483422,0.0,0.5077720207253886,0.9875141884222476,0.1636384305692048,0.1465843514268368,1.010283634052788,36.934299900766106,0.7121052287498792,0.0,False,False,False,True,post,76,off_axis,118.10945844575069,13.61
900,6.413393359594872,218.989243050084,113.01382301631992,4.168447506,0.9983785517928498,0.6100168823860439,0.0,0.5266955266955267,0.962043795620438,0.2406570985724715,0.1510535140847832,0.9918808708267636,36.984572378732295,0.7126192336836321,0.0,False,False,False,True,post,76,off_axis,118.12949321672893,13.61
863,6.244922663080303,209.69055051878203,101.73431900278553,48.83440640399999,2.267492023227392,0.8077144778557018,0.0330917874396134,0.6842368223832126,0.999805004874878,0.0450780078937901,0.1249623644833091,1.4918695951557148,65.98534508557879,0.7128328812381478,0.0483630613803478,False,False,False,False,pachytene,76,off_axis,109.38711959373808,13.61
1042,7.271601879097902,206.528547266536,98.63912117082172,45.44006563799999,2.213689882940409,0.8154457694491766,0.0441176470588234,0.7071328671328672,1.0,0.0800511663699609,0.252239515299746,1.5420630741503758,68.47183946400641,0.7134338812621214,0.0623894731943409,False,False,False,False,pachytene,76,off_axis,106.16857441038049,13.61
1179,8.688961946247915,198.3791725569145,95.55759307964064,28.541080926,1.895806185368104,0.7733212788690721,0.052233676975945,0.6823785351704134,0.9975062344139652,0.0933516104168121,0.2093367489578809,1.0767742182820703,70.09424638436577,0.7191387118292346,0.0765464830497643,False,False,False,False,pachytene,77,off_axis,98.0091725569145,13.61
121,2.6594988882258974,193.0806072319472,86.48546737079,86.50760108399999,2.743606900757451,0.8145235641846087,0.1066997518610421,0.5998538011695906,0.9997786876175722,0.0904467544554318,0.2623339756992015,0.995051595760139,79.16637209321641,0.7204022631102586,0.1778762619374917,True,False,False,False,pachytene,77,off_axis,92.7106072319472,13.61
407,2.9934173192600566,214.92750187266125,101.64040425604377,20.668649958,1.702450527235874,0.5510157757348768,0.1627513227513227,0.5882204246713852,0.9820415879017014,0.1845829328939407,0.1442333723927685,1.1191453797509754,66.17826224107318,0.7222480352903498,0.2766842427177622,False,False,False,False,pachytene,77,off_axis,114.6213590259449,13.61
1013,7.224577205881916,213.790013161768,99.48851092830952,25.52206464,1.8264553718227128,0.6095588235294118,0.0432432432432432,0.6878531073446328,0.997840596780526,0.1328481895041537,0.1364709232421984,1.824807592165498,68.30826347616005,0.7229010511006831,0.0628669737499306,False,False,False,False,pachytene,77,off_axis,113.44338610610117,13.61
406,3.009060161935036,211.48564710464325,98.73440277749276,22.887755946,1.761319736154557,0.6699805268012708,0.1732991014120667,0.562111801242236,0.9951257555078964,0.2681040469143964,0.3695098384288087,1.092103512548413,68.47183946400641,0.7229099873972603,0.3083000588656656,False,False,False,False,pachytene,77,off_axis,111.12651888491014,13.61
1255,8.517899622860561,203.0635525239335,95.31355126196732,16.171793532,1.5687600686344276,0.6988685813751088,0.0308123249299719,0.6729287090558767,0.999260901699926,0.1034560556256074,0.1496892239232943,1.074179536518633,70.3382882020391,0.7253616160019278,0.0457883940977966,False,False,False,False,pachytene,77,off_axis,102.6935525239335,13.61
983,7.230966945395129,210.8706449520285,94.07959128177778,83.598836364,2.712504960264641,0.7447948818676693,0.055064935064935,0.731390874106652,0.9996230050684874,0.0886914862313874,0.1813087345181944,1.4630117587286708,71.57224818222863,0.7285700852697561,0.0752879711989753,True,False,False,False,pachytene,78,off_axis,110.5006449520285,13.61
487,3.592985240438015,214.4657113950156,97.85464461196533,14.780747178,1.5224250681751963,0.5981590223774005,0.0538116591928251,0.5872827804107424,0.9849912739965097,0.3961648470903587,0.3862161159391077,1.0791023804677369,68.47183946400641,0.7289387198374584,0.091628191712329,False,False,False,False,pachytene,78,off_axis,114.09770595453331,13.61
491,3.955063016079988,224.48881486310336,108.26634745762662,5.397635178,1.0881906067491545,0.4545849630595393,0.0,0.5195219123505976,0.7259100642398287,0.8970203832800738,0.1415686195683485,1.023051555292299,40.96791272522668,0.7296889563847012,0.0,False,False,False,True,post,78,off_axis,124.20541405154378,13.61
1223,8.39760995441716,203.71857758408183,92.1903649932234,38.081360052,2.087090495916973,0.7222495996057656,0.0685808717207188,0.7037037037037037,0.9999026858699884,0.044079032419733,0.0781991768900761,1.2152819491298237,73.46147447078302,0.7305593792140479,0.0974570282347056,False,False,False,False,pachytene,78,off_axis,103.34857758408182,13.61
790,5.921015277276674,194.8978681342465,84.37785492601795,19.500452514,1.6697522090665726,0.6153013352580297,0.1787365177195685,0.5103189493433395,0.9916160740098294,0.1694346317160288,0.1352655343601628,1.0876103149866214,81.27398453798847,0.7307089683144237,0.3502447203843016,False,False,False,False,pachytene,78,off_axis,94.52786813424649,13.61
760,5.895394388565339,226.68537300158692,111.03209539438946,4.431174641999999,1.0189278179872905,0.6860772895712017,0.0,0.4654300168634064,0.974054054054054,0.505599410983171,0.4654939506498187,1.025986215940174,37.937419682184014,0.7308359161628992,0.0,False,False,False,True,post,78,off_axis,126.0193438245825,13.61
864,5.44323848119121,213.35949149854565,94.890053757379,26.626926078,1.8524399611424989,0.8007224033124835,0.0930232558139535,0.6180371352785146,0.998509872097355,0.1843791684287012,0.4478858118310616,1.3239009267303088,70.76178570662742,0.7316002322015644,0.1505140233556244,False,False,False,False,pachytene,78,off_axis,112.98949149854565,13.61
269,2.043041458799184,202.76459581971588,94.39700380182444,13.636007514,1.482061438272103,0.6669533803543781,0.2525096525096525,0.3770661157024793,0.9491208380097268,0.3369144021330373,0.370218407006525,1.0491437527396277,71.25483566218197,0.7319771012022572,0.6696694346009415,False,False,False,False,pachytene,78,off_axis,102.39459581971587,13.61
789,5.75717551435101,194.300955727711,82.5686682245369,9.235327986,1.3015311643136611,0.5859791719583439,0.3216812317935913,0.3128834355828221,0.926251097453907,0.1238532066212036,0.0550247186800702,1.029478096535593,83.08317123946951,0.7327600604849355,1.0281184467128506,False,False,False,False,pachytene,78,off_axis,93.930955727711,13.61
1049,7.626565143823961,227.1980071065971,110.56275532994889,5.545419192,1.098032658145331,0.4183587140439933,0.1048177083333333,0.3389090909090909,0.4636871508379888,0.7553357327019891,0.1519596800630396,0.9799972524471018,38.33529940040864,0.7334190042925813,0.3092797187947068,False,False,False,False,pachytene,78,off_axis,126.58922587512818,13.61
1161,8.20873272799057,230.21436606395957,112.83016377418106,29.70927837,1.9213264635174836,0.7084090011843663,0.2213788741302973,0.496344435418359,0.9986820910821496,0.119522950277202,0.19700218330462,1.0218927017744297,35.69105570365029,0.7354025652466758,0.4460186482068675,False,False,False,False,pachytene,78,off_axis,129.2813509994101,13.61
330,3.750735764555364,226.2912909788843,106.62439875239993,7.332902027999999,1.2052091617538023,0.8202175303902751,0.0,0.3523131672597864,0.9651051625239006,0.2331021182657554,0.54784068880146,1.0535267096046117,61.410022909258736,0.7355648730400847,0.0,False,False,False,False,pachytene,78,off_axis,126.0773529882757,13.61
224,1.445032190708195,201.17901846180484,92.53891085783908,13.481186166,1.4764310348944265,0.6476422481294588,0.1754885993485342,0.411358024691358,0.9505432746346948,0.1575028959231697,0.1539394032172459,1.012869972483367,73.11292860616733,0.73744671570523,0.4266079395927752,False,False,False,False,pachytene,79,off_axis,100.80901846180484,13.61
331,3.1878046314085555,227.3944731317604,105.98441260997134,23.197398642,1.7692270014700164,0.6455657801597735,0.1083693716611549,0.4858773181169757,0.9765487590384992,0.3697727318726327,0.4349802375884538,0.995332646156002,62.070753383405645,0.7386680202629792,0.2230385482515255,False,False,False,False,pachytene,79,off_axis,127.16823720094843,13.61
729,5.396297986945128,204.0934040763155,89.23838183000952,102.77791729199998,2.9058313250265013,0.8230246040078514,0.2085332244564662,0.5686097498065514,0.9996674828451376,0.1561095231097809,0.5327100605307695,0.9794759057536128,76.4134576339969,0.7407194327238299,0.3667422595680289,True,False,False,False,pachytene,79,off_axis,103.72340407631549,13.61
1154,8.195575221238727,207.8466285398215,89.71437387369234,11.663208216,1.4068349205350152,0.5971440064360418,0.0,0.673489765351972,0.9913988229968312,0.0980623493938737,0.0792920406002387,1.0781167687935105,75.93746559031408,0.7415447523296048,0.0,False,False,False,False,pachytene,79,off_axis,107.47662853982149,13.61
793,5.116767313375113,214.707894777078,90.62877402029956,36.514380348,2.0580619430264746,0.7706539894642168,0.1016607951685958,0.6574229691876751,0.999244499008405,0.1552898381793681,0.3436655223475681,1.2365102501953416,75.02306544370686,0.7419767700771226,0.1546352955909191,False,False,False,False,pachytene,79,off_axis,114.33789477707799,13.61
929,7.955412186379871,230.9618609677408,107.33337397849462,6.54472062,1.1603816017464044,0.5415770609318997,0.2104938271604938,0.1055512118842846,0.4354354354354354,0.8468007471642222,0.4830960492466992,0.9464054675445446,41.04188533023671,0.7446908206344716,1.9942341106538637,False,False,False,False,pachytene,79,off_axis,130.74493188080564,13.61
572,5.437282708142735,225.59511758920289,97.85994935955848,10.255741416,1.347802169070568,0.7509149130832571,0.0090991810737033,0.4618916437098255,1.0,0.2362094726279724,0.3532871145069958,1.077765206071618,68.47183946400641,0.7500821484299939,0.0196998174736837,False,False,False,False,pachytene,80,off_axis,125.22696357558644,13.61
449,4.484796259742227,205.24846674080703,82.07422780206056,393.361167042,4.545353082592381,0.7688280089928379,0.1777320549804852,0.6385141235650715,0.99941519446966,0.0610995858670957,0.178169143650286,1.021169350242709,83.57761166194585,0.7518238680776321,0.2783525820668436,True,False,False,False,pachytene,80,off_axis,104.87846674080703,13.61
596,5.18637404415294,206.45804444636207,84.02084027303678,54.29772336599999,2.34907925954757,0.6991834795005832,0.293455098934551,0.4516731293982479,0.985096153846154,0.0609068162273208,0.0832203002815878,0.9809800606035796,81.63099919096963,0.7526649101227922,0.6497067897873701,False,False,False,False,pachytene,80,off_axis,106.08804444636206,13.61
953,6.295928611265964,209.9509078167206,85.63429541378746,54.67773940199999,2.354546728087758,0.8023939250933116,0.0479536998759818,0.7082066869300911,0.9993614303959132,0.0856598932556604,0.2451258664839164,1.4208135843760403,80.01754405021896,0.752883841738448,0.0677114474643692,False,False,False,False,pachytene,80,off_axis,109.58090781672058,13.61
604,4.560525505490922,234.1351405624576,104.81171291183486,22.854915054,1.7604769128961484,0.6739197372472545,0.275814907681787,0.380547686496695,0.7846018863785919,0.3202425926799445,0.1364232591386708,1.0773479743773595,63.370694591638824,0.7543633670830963,0.7247840874317928,False,False,False,False,pachytene,80,off_axis,133.8855264494778,13.61
866,5.855903856698926,217.57705563882388,86.35770934929455,51.335005752,2.3055524249795023,0.7724821787607384,0.0443378119001919,0.7228359108254669,1.0,0.109431416647903,0.2623686246657121,1.499149082751346,79.29413011471186,0.7544727372615181,0.0613386955962921,False,False,False,False,pachytene,80,off_axis,117.20705563882387,13.61
755,4.5544396150262605,209.7310279493956,82.11505384973744,30.223003752,1.9323376029554176,0.7779416330332195,0.1172477630360999,0.5854596295001747,0.99870214146658,0.2841316546221412,0.7341520455920256,1.0537077525769587,83.53678561426898,0.7618954789916214,0.2002661791321086,False,False,False,False,pachytene,81,off_axis,109.3610279493956,13.61
1087,7.71885068526083,213.9439027891314,82.3246525246463,19.512181404,1.6700869092457318,0.6053137773503245,0.0563380281690141,0.6442278403898873,0.98840885142255,0.1896625604690766,0.1683520240416571,1.132919972257198,83.32718693936012,0.7629769552041202,0.0874504711484034,False,False,False,False,pachytene,81,off_axis,113.57390278913141,13.61
301,2.362507129729367,216.63260873946223,82.19364634641055,37.014031062,2.0674067279461235,0.6101780847962481,0.30638249887235,0.4244838237684929,0.9845159094776248,0.0982311539704006,0.0911486019716004,1.100486755435473,83.45819311759587,0.7638039614396,0.7217766183699061,False,False,False,False,pachytene,81,off_axis,116.26260873946222,13.61
680,5.085345289731317,221.9244658657836,84.32500107217622,48.13301878199999,2.256583961123153,0.7346849261659925,0.0668495029139526,0.6993019838354151,0.9998491818113264,0.0660043550588778,0.1287220588788749,1.2638687249398084,81.3268383918302,0.7650116829663892,0.0955946135706746,False,False,False,False,pachytene,81,off_axis,121.55446586578358,13.61
792,5.219899940958938,214.9250030763519,80.12410648830037,75.48948181799999,2.621798304775393,0.7704235418414592,0.0564495530012771,0.7468868435300487,0.9983346480848452,0.1024013720695077,0.2528698293203979,1.0977693811734606,85.29183946400642,0.7708293834605873,0.0755797929636527,True,False,False,False,pachytene,82,off_axis,114.5552459539582,13.61
1180,7.796298899039511,216.09128935348048,79.19233914265516,20.028252564,1.6846828315356304,0.6821269618177559,0.0644605308514305,0.6407516580692705,0.9983388704318936,0.2535055762895866,0.3370696137990169,1.1342133799452392,85.29183946400642,0.7721083454251223,0.1006014265271894,False,False,False,False,pachytene,82,off_axis,115.72718021929735,13.61
639,5.011610878661143,228.47221757322416,87.65417965481245,4.485127535999999,1.0230465516570049,0.7112970711297071,0.0,0.4800724637681159,0.566127497621313,0.8724649203474147,0.1579456645944034,0.9839873309222116,77.99765980919396,0.7755930179786831,0.0,False,False,False,True,post,83,off_axis,128.10221757322415,13.61
641,4.733992784824923,233.64852222739307,89.50589804491976,20.157270354,1.6882925490558531,0.5957174444315141,0.2829721362229102,0.395797351755901,0.9537495870498844,0.0989569471402883,0.0818499280883305,1.0652529305492533,76.14594141908665,0.7780281284709041,0.7149419645370109,False,False,False,False,pachytene,83,off_axis,133.27852222739307,13.61
600,4.669013068227296,227.15449619177164,82.81865017237266,29.258888994,1.9115679511951356,0.7387957989256795,0.0741687979539642,0.5687538367096379,0.9981869981869982,0.0683733352693299,0.1040816050253841,1.0146129057488156,82.83318929163376,0.7781336930141889,0.130405798021595,False,False,False,True,post,83,off_axis,126.78449619177164,13.61
270,2.6798611111110024,204.940361554786,71.23401163194377,36.48153945599999,2.0574447536483125,0.6461548353909465,0.3687772424868089,0.304015991277485,0.9768024032042724,0.125922580919048,0.0680569647433137,0.9928642372029346,88.24806704681585,0.7782522566130383,1.2130192261834485,False,False,False,False,pachytene,83,off_axis,104.92618785542147,13.61
1231,8.490059055117834,240.46733581974223,95.31864912823386,33.366346271999994,1.997131589172797,0.6991001124859393,0.3009962436714029,0.4212616822429906,0.9956331877729258,0.1012542878266604,0.1086785798112494,1.067009596362677,70.33319033577256,0.7811826132204105,0.7145113271844727,False,False,False,False,pachytene,83,off_axis,140.09733581974223,13.61
1045,6.988543441226984,217.0002287691691,74.094504322829,33.047320463999995,1.9907461333196803,0.7314026121521863,0.2727272727272727,0.3657505285412262,0.9885101493680584,0.136994430354568,0.2546534494439632,1.0469163124797578,85.29183946400642,0.7841548270152722,0.7456647398843931,False,False,False,False,pachytene,84,off_axis,116.79840195323465,13.61
602,4.420614284974712,232.3331791474621,86.69443327290517,45.28993584599999,2.211249250588763,0.672916558761071,0.1965648854961832,0.5699129057798892,0.9984426708195444,0.2497044041331945,0.2963626718606806,1.0448611325360018,78.95740619110124,0.7852619507706811,0.344903376468018,False,False,False,False,pachytene,84,off_axis,131.96317914746209,13.61
1047,7.340542933018545,220.1888236057861,75.34192765565197,31.799366568,1.9653653117840515,0.7898347595160815,0.0824476650563607,0.6465426465426466,0.9983397322818304,0.1291692234333444,0.313607548449779,1.0789760301185207,85.29183946400642,0.785669469819592,0.1275208456816349,False,False,False,False,pachytene,84,off_axis,119.92385726087863,13.61
830,6.53120694461027,241.5344739815956,90.91991784733035,58.90952291399999,2.4137871192231555,0.6230239318281368,0.2073844608171466,0.5528678567656068,0.994365441373759,0.3012622505572883,0.2905730818499181,1.0189469777354732,74.73192161667606,0.7924956535120052,0.3751067425594054,False,False,False,False,pachytene,84,off_axis,141.1644739815956,13.61
456,4.402296508935889,235.33356331142116,83.14015196777471,25.332056622,1.821911513095313,0.613019724048523,0.1668660287081339,0.5008375209380235,0.988631195998181,0.1410466163364128,0.11361309947401,1.1403706358788392,82.5116874962317,0.7938781312107059,0.3331739770526955,False,False,False,False,pachytene,85,off_axis,134.96356331142115,13.61
926,6.259683511996025,222.8149162940293,73.0101547626332,22.97689551,1.7636033427235764,0.7108728943338438,0.0373895309313392,0.669138418079096,0.9973063973063973,0.1962191420619412,0.2984279357294734,1.0519861974314224,85.42308840440323,0.794374059351746,0.0558771248535898,False,False,False,False,pachytene,85,off_axis,122.66523763878962,13.61
794,5.617490092470343,217.2817320475566,70.02155813738506,17.757539459999997,1.618445426499199,0.5649933949801849,0.0778493419210305,0.5842696629213483,0.9902818270165208,0.1850757354633513,0.1736422834870029,1.750005851120874,88.73213208488389,0.79450795582132,0.1332421429033022,False,False,False,False,pachytene,85,off_axis,117.31752152679103,13.61
703,5.588177750025853,220.2031868716836,69.65475276303467,45.081161604,2.207846264451843,0.683525861171818,0.1047983514866058,0.6142716211772443,0.9997206963969836,0.1182676795177233,0.1736123055034663,1.3990801558207302,88.9263747202146,0.7977389837899667,0.170605881622467,False,False,False,False,pachytene,85,off_axis,120.25549944888083,13.61
605,5.535784713470672,239.95712017198372,83.63040971902903,63.28439888399999,2.472118871909509,0.6404107050189043,0.2759367069711897,0.4695392227605401,0.997064410291832,0.0608012634363483,0.0472528394837286,1.0926093045800076,82.02142974497738,0.798841691243087,0.5876755201597172,False,False,False,False,pachytene,85,off_axis,139.5871201719837,13.61
416,3.560818713450313,235.2821135802483,79.05399197530808,21.660914052,1.7292696656532949,0.6143599740090968,0.1943438914027149,0.5004212299915753,0.9900210084033614,0.1425221574966615,0.103147272957166,1.0764126789986832,85.29183946400642,0.7998303730883062,0.3883606045370751,False,False,False,False,pachytene,85,off_axis,134.91843479543624,13.61
305,4.00201729106633,231.8730082550914,74.88601685879225,50.467067892,2.29248492217074,0.5211955006042577,0.1134348911266029,0.6227550723230755,0.9945556009255478,0.2369044418028742,0.1597712108971754,0.986421729048446,85.29183946400642,0.8003796937414097,0.1821500878402396,False,False,False,False,pachytene,85,off_axis,131.6168897655953,13.61
762,6.71315057608256,225.98790754866957,73.20633949145707,17.712969677999997,1.6170902426164726,0.5787312938683618,0.0779710144927536,0.5322225715183905,0.9727107337780472,0.2785467762645155,0.2606624690840862,1.3278694587284463,85.29183946400642,0.8006017491668764,0.146500766155611,False,False,False,False,pachytene,85,off_axis,125.82143519916463,13.61
637,4.667454203047407,225.5108780174616,72.1377567026181,13.701689297999998,1.4844372206792449,0.6248929977743537,0.038613426941641,0.5919671382930168,1.0,0.2410812403452789,0.3014557453902319,1.5511531192141037,86.13531767912664,0.8019270113091777,0.0652290041859179,False,False,False,False,pachytene,85,off_axis,125.40786729836037,13.61
761,6.025533934503999,227.171457522543,72.6306471286181,4.942554245999999,1.0567062555852924,0.5605125771238728,0.0,0.183585313174946,0.9271794871794872,0.7187584760849131,0.6769070678156256,1.5696462194713552,85.54555674747414,0.8028412404016898,0.0,False,False,False,False,pachytene,86,off_axis,127.03656226926043,13.61
1159,9.21624524065198,224.1620953431629,69.22464526017951,24.027804054,1.790091199358279,0.4904813043053793,0.0306463595839524,0.6606629622533052,0.9909194097616344,0.2330434262197956,0.1743875496415425,1.1330190648425038,89.12275584012295,0.8037752057627988,0.046387282676522,False,False,False,False,pachytene,86,off_axis,124.232858271681,13.61
638,7.170798360335597,227.03082476087744,70.17583678020688,48.06968277599999,2.2555937486288693,0.5030255709545188,0.037247116657213,0.6761586802827966,0.9897035107306784,0.1733805247574934,0.1229199604918494,1.2821066664074583,88.00438874785391,0.806781142188912,0.055086354347525,False,False,False,False,pachytene,86,off_axis,127.04063832481238,13.61
903,8.086734902763352,228.2329164687836,71.46825632548554,22.91825106,1.7621016361537922,0.5299897645854657,0.0876216968011126,0.5838414634146342,0.9979502946451448,0.2126999158201037,0.2019330114179902,1.1360676322934324,86.64346631325414,0.8081837883749426,0.1500778932154827,False,False,False,False,pachytene,86,off_axis,128.16458800439688,13.61
931,6.896709796672877,233.46152927910995,73.30512709796633,6.345329489999999,1.148475820942927,0.3541589648798521,0.0,0.4625071551230681,0.3681818181818181,1.193096370324342,0.1031735366049118,0.961787164334954,85.29183946400642,0.8091801758269572,0.0,False,False,False,True,post,86,off_axis,133.27837933256853,13.61
829,6.705411415863723,226.076394507041,67.7941140845078,31.64454522,1.962170534697557,0.6333580429948109,0.0409152608105487,0.6724625960372018,0.999140154772141,0.1109938058977863,0.1355469106974579,1.0933123975696273,90.43815158093507,0.809201333933869,0.0608439206160475,False,False,False,False,pachytene,86,off_axis,126.22802612889161,13.61
930,6.848582766439875,232.45849056122455,72.5373937925161,8.275904784,1.2548032225136794,0.3279478458049887,0.1123174840883564,0.4542387178405736,0.5626134301270418,1.035849557287465,0.1928389364673224,0.9751669776679126,85.32750766466799,0.8093621268267519,0.2472653247664744,False,False,False,False,pachytene,86,off_axis,132.3199200211349,13.61
1050,7.606423982869511,231.20616049250472,73.53241466809364,13.145739911999998,1.46408224990547,0.4735902926481085,0.0685191032522892,0.6213559322033898,0.980884109916368,0.1521640983923112,0.0990896956522279,1.034465501663801,85.29183946400642,0.8097731328748704,0.1102735158724786,False,False,False,True,post,86,off_axis,131.01418554448566,13.61
800,5.65466150870397,231.67565326885637,70.42754236943941,24.25534452,1.795724106344681,0.5321083172147002,0.1482394366197182,0.5204630012401819,0.9548004987531172,0.2649973703571098,0.1421668062242228,0.982596864522587,87.4797722089166,0.8118200779212195,0.2848222376355032,False,False,False,False,pachytene,87,off_axis,131.66260382222342,13.61
1191,8.141862264637634,229.61153128707912,70.23854183647195,9.094581305999998,1.294885497506503,0.3959246840340469,0.0669322709163346,0.5486763450042699,0.635752688172043,0.4939638934796668,0.0983746422065239,1.043332017240873,87.78991832557311,0.8123736273651386,0.1219886213899267,False,False,False,False,pachytene,87,off_axis,129.6131819175291,13.61
1162,9.380808690404182,230.32222655401452,72.15141641520698,11.660862438,1.406740597040228,0.5691007845503923,0.0424675905230219,0.5597572362278245,0.9995019920318724,0.2486661732271654,0.189634238947672,1.2040600954784824,85.83853477828421,0.8130966025601752,0.0758678723105196,False,False,False,False,pachytene,87,off_axis,130.2100731704264,13.61
411,4.6857541899441415,223.48241380533605,64.16537061130236,43.669003248,2.1845478236472835,0.6813493768801031,0.0447665056360708,0.7083614295347269,1.0,0.1165015235594285,0.1695713691353352,1.2482841033336478,94.21326111979624,0.8132627571711193,0.0631972659288844,False,False,False,False,pachytene,87,off_axis,123.85209198739105,13.61
1092,8.22038894575233,220.9626831525034,63.20993238485323,22.91825106,1.7621016361537922,0.7098259979529171,0.0340715502555366,0.6493827160493827,0.999481954757382,0.0568421843254307,0.0941107104776413,1.4149235884863058,95.31532905343853,0.8141443113503629,0.0524675964011115,False,False,False,False,pachytene,87,off_axis,121.39295574939564,13.61
603,4.713681868743054,233.90197908787547,69.02203548387152,4.217708844,1.002295996554465,0.7080088987764183,0.0,0.4419047619047619,0.986425339366516,0.1471116965725195,0.145510442892761,1.0275529420175051,88.75182432661478,0.8153941287044766,0.0,False,False,False,True,post,87,off_axis,133.96778487100664,13.61
1442,10.417298022125545,232.3873843949011,75.33958662420527,13.994911548,1.4949517740019629,0.627723768018773,0.0471900471900471,0.5763169743358847,0.9794520547945206,0.2161660708301079,0.1702338200295056,2.0623527964700337,85.29183946400642,0.815889523537098,0.0818821053196052,False,False,False,False,pachytene,87,off_axis,132.1128091175679,13.61
198,1.8694912185406607,241.8614505160249,76.82801607821854,12.955731894,1.4569940591316772,0.4468585913452834,0.0,0.6320785597381342,0.8269370021723389,0.598502270487455,0.135286437092241,1.0111250513271195,85.29183946400642,0.8165404934474159,0.0,False,False,False,True,post,87,off_axis,141.5355272698429,13.61
1321,10.00616478327751,229.1915857711373,67.71482637275157,44.215569522,2.1936240792118333,0.4506870391002175,0.1616873127681969,0.6002511106818621,0.9490884837705648,0.255046517407576,0.0967427280466423,1.328865289384059,90.33397351590386,0.8165408621384929,0.269366120096848,False,False,False,False,pachytene,87,off_axis,129.34248436169938,13.61
1158,8.501250480954289,223.6076225471352,63.62702089265217,24.386708088,1.7989600687420968,0.6469796075413621,0.0425254369945212,0.6784741144414169,0.9990664675130696,0.092826079429976,0.0925890019711263,1.3721568540458804,94.74330928866272,0.8174062259965066,0.0626780537228486,False,False,False,False,pachytene,87,off_axis,124.00876549272927,13.61
536,4.807486878666095,227.14103560512336,63.85670096480437,30.391899768,1.9359304298267264,0.6229546156221055,0.0477582846003898,0.6761514841351075,0.9958393342934868,0.1638683508829234,0.1624861327844387,1.3007081127131437,94.30608666177541,0.8200160810616628,0.0706325220323659,False,False,False,False,pachytene,87,off_axis,127.52253798798884,13.61
757,6.569778597785948,220.47991743542144,60.9965481642052,25.42823352,1.8242143200360617,0.7334870848708487,0.0424262512429566,0.6476289373485635,1.0,0.0942099245569797,0.1683194563303022,1.3947613348393684,97.5532878073788,0.8208824913158498,0.0655101228438811,False,False,False,False,pachytene,87,off_axis,121.04128394008265,13.61
1093,8.190819197684585,228.40417761074212,63.637746916955415,29.179132542,1.909829463935681,0.6518208859233057,0.0351971485854311,0.628261371507735,0.9996814779423476,0.056094450075479,0.0547669618999185,1.2833133470032252,94.45032558439325,0.8211970764519244,0.0560230983180823,False,False,False,False,pachytene,88,off_axis,128.79637617811744,13.61
1404,10.08435947896217,222.57241363508632,60.943366404271856,25.031797038,1.81468454216958,0.6639490207103365,0.0409200320941428,0.6765197992191857,0.9991286162425932,0.0603832766116466,0.0696013264994563,1.418046718282028,97.48323442832206,0.822190495840211,0.0604860820649613,False,False,False,False,pachytene,88,off_axis,123.13328326352524,13.61
1015,7.001807773425303,234.7231789093109,65.8431587225058,23.356911546,1.7732730029859567,0.312744802651401,0.1431254695717505,0.5398217156218033,0.3564463705308776,0.7299037163556605,0.0458253950805564,1.0286464458001936,91.87686417571469,0.8250144471531603,0.2651347017540577,False,False,False,False,pachytene,88,off_axis,134.97463766670924,13.61
640,5.253566995253743,229.36526050383745,62.246601314347664,32.12542971,1.97205994476148,0.6456370938298649,0.0669102095750817,0.6668040387389244,0.9980270574971816,0.0520126692379474,0.0750724377973574,1.2543603399577283,95.78250059294353,0.8250927161200938,0.1003446375364251,False,False,False,False,pachytene,88,off_axis,129.83766199942175,13.61
571,6.1529546638875,223.67161188119587,58.96614445544498,45.01547982,2.206773489920606,0.8180302240750391,0.0253977114150153,0.711340206185567,1.0,0.2003691730546768,0.6238877952612971,1.1650346115529788,99.05569430195061,0.8262574870561905,0.0357040290906737,False,False,False,False,pachytene,88,off_axis,124.34739124101284,13.61
867,7.670232713082553,220.1519441631372,57.47880895160167,49.29183311399999,2.2745498181792847,0.6879074858420977,0.0456926658905704,0.6723086306800854,0.9995866402116402,0.1040090906625448,0.1452410351628602,1.3593976018426734,99.05569430195061,0.8281214812674229,0.0679638246564665,False,False,False,False,pachytene,88,off_axis,120.93791122236449,13.61
1192,9.03310701256546,233.16526860559577,64.66740831475494,46.296274608,2.227507348115141,0.5542663153627888,0.1935276861019434,0.550983289757872,0.9642857142857144,0.2335167927294622,0.1394546242564156,1.1989201498864084,93.14225952851163,0.8282676784178598,0.3512405724445629,False,False,False,False,pachytene,88,off_axis,133.48862012412508,13.61
1317,8.859264575971393,222.25103922813705,56.67561675132553,42.486731136,2.164652744498748,0.7557420494699647,0.0413867822318526,0.6787974683544303,0.9998366146556654,0.2471847008470257,0.5111322059342103,1.2450883353123905,99.05569430195061,0.8302283369964367,0.0609707374604449,False,False,False,False,pachytene,88,off_axis,123.09338676418315,13.61
306,2.764631520455651,233.45220816836783,62.52812621379492,33.772165865999995,2.0051957159743528,0.7964853788983817,0.3547676723188725,0.331740614334471,0.9984107163128618,0.133271700908753,0.3354099583356934,1.0072971618629198,95.26094759698452,0.8317289011603998,1.0694128393974245,False,False,False,False,pachytene,89,off_axis,133.90095868487623,13.61
1188,8.659342676009288,226.7634960710685,58.37894877377367,28.121186664,1.886463230262494,0.5523023023023024,0.0585862129450973,0.6895844978572759,0.9958307275380446,0.0665870606586851,0.0491366496903716,1.2744021791911713,99.05569430195061,0.8321325620081426,0.0849587151786915,False,False,False,False,pachytene,89,off_axis,127.47017038513609,13.61
452,4.46959471522936,224.5945837975385,56.79227056775704,26.277405156,1.8442988239297589,0.7069273344045706,0.03099173553719,0.6631130063965884,0.999397318065391,0.1153845787183764,0.1698130735554404,1.296838385807715,99.05569430195061,0.8332294599751523,0.0467367330126756,False,False,False,False,pachytene,89,off_axis,125.4202193078016,13.61
798,6.25461297243789,229.13160945700795,58.50776571216378,28.426137804,1.893257776088415,0.6441657039115365,0.0355625139789755,0.7036178107606679,0.9996888612321096,0.0928227358518673,0.110394038898088,1.231554382775085,99.05569430195061,0.8341703124771157,0.0505423731962237,False,False,False,False,pachytene,89,off_axis,129.82530694136693,13.61
574,5.743508846727792,234.46783775314384,62.13882764868941,11.004044597999998,1.3798162147014512,0.808782775527606,0.0,0.4414715719063545,0.9673343605546996,0.2044365350869294,0.5588475692828313,1.0426613578313324,95.58980185868474,0.8344391826569713,0.0,False,False,False,False,pachytene,89,off_axis,134.93773817002582,13.61
1046,8.971835049495125,219.9679398298753,54.651084808236966,47.15717513399999,2.241229812512662,0.4948515146992986,0.1158802019850252,0.6321024126046283,0.9895287958115184,0.2451060788714378,0.1551309001931411,1.3795088463028211,99.05569430195061,0.8356177919903267,0.1833250430219553,False,False,False,False,pachytene,89,off_axis,121.0013508393294,13.61
796,5.814926431483742,220.60045724162225,54.02614903385796,13.232533698,1.4672973497457935,0.5727707853217514,0.0325170614211159,0.6344398340248962,1.0,0.3169437516386272,0.2796632768485219,1.2416249683458702,99.05569430195061,0.8376053861840057,0.0512531837965268,False,False,False,False,pachytene,89,off_axis,121.69386743553835,13.61
1095,8.56910864891665,230.27467940300693,56.94946634694973,28.369839132,1.8920070686881891,0.6203902761700016,0.0312302173454315,0.6392942714005663,0.9939992940345924,0.0978179839038614,0.0883044102636635,1.3480628020720542,99.05569430195061,0.8379170032511037,0.0488510827369254,False,False,False,False,pachytene,89,off_axis,131.07191397307687,13.61
1228,8.57338858876604,225.1672569155597,54.91334950048043,31.698498114,1.9632850466379403,0.6009768371198105,0.0556917688266199,0.7205118694362018,0.9995291902071564,0.1979218502765695,0.1804466557817065,1.2691240167108122,99.05569430195061,0.838161394610118,0.0772947278026087,False,False,False,False,pachytene,89,off_axis,126.15160980252817,13.61
492,4.895319408446477,227.22679095898343,55.06055218783292,30.771915803999995,1.9439658980376355,0.7113889312395183,0.0754578754578754,0.5927099841521395,0.9997320112555272,0.2005178251232923,0.312086324683926,1.190869280506187,99.05569430195061,0.8393086110202118,0.1273099449570037,False,False,False,False,pachytene,89,off_axis,128.18904144850677,13.61
1371,10.304212541886496,222.3642834849213,52.986721134513424,29.401981452,1.9146790998283143,0.623743417903303,0.0846273291925465,0.6189567430025446,0.9954675172066476,0.210872736614345,0.223783757203743,1.3384957927565893,99.05569430195061,0.8397561541701409,0.1367257569277319,False,False,False,False,pachytene,89,off_axis,123.55872423616648,13.61
332,3.2722945666816097,236.6862215536599,60.464420071844735,5.224047605999999,1.0763978927552609,0.699595868881904,0.0,0.4648729446935725,0.9926873857404022,0.1846761660903662,0.1757211398662868,1.0070387359975337,97.13075600831421,0.8410317055572466,0.0,False,False,False,True,post,90,off_axis,137.25081571488388,13.61
1088,7.833563903373379,218.22231025859315,52.43946621262087,22.043275866,1.7393854871892624,0.6048738959242311,0.047460236018471,0.6482628602208457,0.9972887483054677,0.1613675800995842,0.1566087547040699,1.2927408350938834,99.05569430195061,0.8410994598923595,0.0732114068702048,False,False,False,False,pachytene,90,off_axis,119.50661661348137,13.61
196,0.3792021515015681,235.78618722546068,59.79058050201637,5.233430717999999,1.0770419604588353,0.4979829672792469,0.0,0.4964285714285714,0.525,0.4295839441364546,0.1413527140025195,1.1959110053916084,97.85639454583709,0.8421054376957319,0.0,False,False,False,False,pachytene,90,off_axis,136.39199660082951,13.61
1324,9.675793203414225,240.3252525688533,62.14377492349941,14.564935601999998,1.5149791405101956,0.3456273151876309,0.0,0.6731479202559685,0.9061611374407584,0.8961518374811018,0.2088206592067693,1.0576903052080209,95.24015551227406,0.8423859628281726,0.0,False,False,False,False,pachytene,90,off_axis,140.78471005564853,13.61
409,4.32774765894529,222.17566952756528,52.80946819685919,33.31708493399999,1.9961482647454087,0.6159262127719496,0.0439887837364177,0.7037580201649862,1.0,0.0304250866465114,0.0363101250065356,1.3878277342908134,99.05569430195061,0.8435782541412609,0.0625055523006405,False,False,False,False,pachytene,90,off_axis,123.39097698931904,13.61
1156,8.291040462427707,219.4297287572249,51.40853887283204,4.869835127999999,1.0514982387804257,0.4147398843930635,0.0,0.4148148148148148,0.8705035971223022,0.8846499405926811,0.2503524980693798,1.2466220839405644,99.05569430195061,0.8436870402758077,0.0,False,False,False,False,pachytene,90,off_axis,120.83104080472869,13.61
388,3.3584382871536342,236.2944141057937,57.86679962216617,5.587643195999999,1.1008124995224116,0.7686817800167927,0.0,0.4482758620689655,0.9683766690091355,0.1631125459431328,0.2485457596288213,1.0326489991528345,99.05569430195061,0.8449306158654102,0.0,False,False,False,True,post,90,off_axis,137.01430041316556,13.61
415,4.193623602188871,234.79434846538464,57.26701984297021,9.859304934,1.3302070029516202,0.7337615988579587,0.0,0.4584450402144772,0.9894829097283084,0.1104968056184646,0.1379749278492692,1.07000831428104,99.05569430195061,0.8452258311967379,0.0,False,False,False,False,pachytene,90,off_axis,135.55739464402106,13.61
1185,9.13971560184229,219.49828846384816,50.5139245643919,23.424939108,1.774992900956574,0.6666332866012417,0.0411866359447005,0.6308200660859117,0.999263758512792,0.1487161478906876,0.1953170924095521,1.3244632300840442,99.05569430195061,0.8456352958712238,0.0652906243142419,False,False,False,False,pachytene,90,off_axis,121.01486977051519,13.61
734,5.263742556115448,229.6790047812656,52.9844417143829,40.96666699199999,2.1385234035082568,0.6712666055886395,0.0457114361702127,0.693955756836788,0.9980630033642574,0.2375792727432994,0.304325191805286,1.192699639584233,99.05569430195061,0.8470831701854543,0.0658708220515039,False,False,False,False,pachytene,90,off_axis,130.83150941202,13.61
990,6.986617267317891,227.27793376557744,52.23130141461778,41.787689292,2.1527152258507707,0.792803413045919,0.0279167764024229,0.6943917637496614,0.9996109554933084,0.206065573060962,0.5339560977153837,1.133290609306775,99.05569430195061,0.8472093488209711,0.0402032078428962,False,False,False,False,pachytene,90,off_axis,128.52589331465236,13.61
636,5.507281268349845,218.57828211979125,50.34617712859828,23.969159604,1.7886336596314858,0.7235271090232922,0.012583012932541,0.6576991150442478,1.0,0.0879564073222949,0.1412682063016221,1.1637956156601847,99.05569430195061,0.8477265333284558,0.0191318684254189,False,False,False,False,pachytene,90,off_axis,120.12572076618721,13.61
992,7.514473084980585,243.19913696147088,61.48315980508198,25.754296662,1.8319784538484485,0.3376445942253393,0.1961976345749972,0.4262926292629262,0.6829745596868885,0.3972615713659105,0.0480439894227591,1.1441887457077768,95.73049818505709,0.8479609873487841,0.4602416769772194,False,False,False,False,pachytene,90,off_axis,143.69249063541392,13.61
333,3.3400102301790646,239.43943408695395,58.56713321739113,22.92997995,1.7624021822343523,0.5790281329923274,0.0489946845389415,0.4755771567436209,0.9795544705523344,0.1857988586443827,0.0981669637612729,1.0029740926209656,98.86272859222333,0.8490418572439309,0.1030215262533185,False,False,False,True,post,90,off_axis,140.11091145281944,13.61
1370,9.8616030974544,220.97350355053752,48.4113044237569,28.475399142,1.8943507911297777,0.626328363127111,0.0569646569646569,0.6951058201058201,0.99933299983325,0.0968789413941503,0.1070230183689877,1.3171532609599148,99.05569430195061,0.8513012367749591,0.0819510574030078,False,False,False,False,pachytene,91,off_axis,122.77131358344538,13.61
955,7.547638266068531,217.3558174439467,48.17961849775613,31.38650964,1.9568226697533984,0.5860986547085202,0.137517520635415,0.5776453593355002,0.9893714495143852,0.1120695811263072,0.0599711197948882,1.316049924171249,99.05569430195061,0.8515721707776772,0.2380656546667484,False,False,False,False,pachytene,91,off_axis,119.23045868080823,13.61
387,3.941476147614647,227.1407483438313,50.04505957695871,26.06159358,1.8392359742133424,0.5757875787578758,0.0436282467532467,0.6961595586675153,0.9858780188293084,0.2239333038381499,0.1798695972271583,1.226227766173601,99.05569430195061,0.8515834097247623,0.0626698954428685,False,False,False,False,pachytene,91,off_axis,128.65292844704072,13.61
329,3.4236560805577123,222.33688840433743,48.88553783888371,30.28399398,1.93363655307711,0.7160340821068939,0.106289614822038,0.6333878887070377,1.0,0.0301315932766742,0.0607789132133661,1.1441430177186025,99.05569430195061,0.8518596171362003,0.1678112523417706,False,False,False,False,pachytene,91,off_axis,124.05110025467405,13.61
455,4.155733333333348,233.57975533333192,54.33877893333267,5.278000499999999,1.0800908142155337,0.6817777777777778,0.0,0.4804469273743016,0.9859022556390976,0.1811033970271078,0.156287705566996,1.0184049634714962,99.05569430195061,0.8525824479268974,0.0,False,False,False,True,post,91,off_axis,134.58128848578653,13.61
1441,10.39633792145448,228.3137206149779,49.70978889380044,37.152431964,2.069980302148194,0.5799974744285894,0.0464449541284404,0.7220384846662657,0.9804029809550096,0.321901871926405,0.2659262962336549,1.1527972607566772,99.05569430195061,0.853422246538829,0.064324762619693,False,False,False,False,pachytene,91,off_axis,129.85944637128262,13.61
799,5.587338501292155,230.0734290447577,50.09461320330197,56.284597332,2.377389378352121,0.6719179794948738,0.1472213194670133,0.6039126016260162,0.9956076134699854,0.5196643608129216,0.6346441835493192,1.167085674557385,99.05569430195061,0.85413758036396,0.2437791810778984,False,False,False,False,pachytene,91,off_axis,131.55547715622288,13.61
190,0.4430332922318084,230.3585067817517,51.83096448828603,7.609703831999999,1.220186966439368,0.344327990135635,0.0,0.5975552421250587,0.6330827067669172,0.4669697147273604,0.0663803179612557,1.1574081204769424,99.05569430195061,0.8545240129414564,0.0,False,False,False,False,pachytene,91,off_axis,131.6319298183487,13.61
453,4.245705252064024,232.37436202353464,51.12558981205092,13.354514154,1.4717921915007766,0.6890918672053399,0.0570058604155567,0.5016949152542373,0.984504132231405,0.1047688872325064,0.1163614655797586,1.0922575031701294,99.05569430195061,0.8553258105985034,0.113626546098576,False,False,False,False,pachytene,91,off_axis,133.7151132325398,13.61
386,4.30206709589957,218.6481398000679,47.13583177736263,27.689563512,1.8767618504401264,0.655879362927821,0.1505646173149309,0.5573609059576563,0.999826147426982,0.1156384114584941,0.1377279170344745,1.2096390690267944,99.05569430195061,0.8559716474075594,0.2701384609245802,False,False,False,False,pachytene,91,off_axis,120.67152875624203,13.61
193,0.459459459459453,232.38840858909623,53.61576795693895,10.241666747999998,1.34718532588644,0.3552450755840586,0.0675720437230871,0.5676731793960924,0.8123425692695214,0.4367610866616047,0.0198373307108058,1.1157950442945634,99.05569430195061,0.856033993533753,0.1190333561204569,False,False,False,False,pachytene,91,off_axis,133.46346383689308,13.61
417,4.08774732256295,243.60977229987355,59.92313310037997,25.845782004,1.8341450970521196,0.6938645852241786,0.1220718375845913,0.511710643344204,0.9942908117752008,0.2118891923755482,0.2814398084100491,1.0768459626773386,97.26365532358815,0.8570657900962292,0.2385563778521591,False,False,False,False,pachytene,91,off_axis,144.1942215285227,13.61
759,6.607938931297838,227.1242189312981,48.010203664120205,29.19320721,1.910136485798367,0.4672559260747287,0.0867768595041322,0.6402714932126696,0.9901987476177512,0.1383672093982194,0.0845509796892133,1.08019038506152,99.05569430195061,0.8574040731327429,0.135531349472885,False,False,False,False,pachytene,91,off_axis,128.91452389554513,13.61
413,3.4474463627827028,227.74174878278,47.73862904717047,32.472604854,1.9791384346651897,0.627537383515134,0.0495852534562212,0.7007370054305664,0.999442119944212,0.1993286487919475,0.2159708644636633,1.1346614095612728,99.05569430195061,0.8574348676490846,0.0707615739884518,False,False,False,False,pachytene,91,off_axis,129.56491380798306,13.61
1318,9.659205603756735,222.15166161744764,45.6802727692436,29.470009014,1.9161546310624191,0.6641725702459604,0.0497747747747747,0.6726712491111638,1.0,0.0673926420424595,0.0888525421550649,1.239177029495388,99.05569430195061,0.8584678693479331,0.0739956923096457,False,False,False,False,pachytene,92,off_axis,124.36714869540616,13.61
1296,9.678249232464555,216.4179455089386,45.92754650869919,29.798417934,1.9232461241852885,0.6477210107848539,0.0303358613217767,0.663463687150838,0.9973777572111676,0.1110042453980388,0.1266081064833474,1.3067744480006935,99.05569430195061,0.8589795333216085,0.0457234689844901,False,False,False,False,pachytene,92,off_axis,118.67584868059596,13.61
1348,10.156632454202454,226.5798020852247,47.40877877094877,36.110906532,2.050453511494395,0.5531375860724959,0.1701049583785739,0.6000872219799389,0.9910136592379584,0.2299887715871462,0.1615502836356124,1.142270499894935,99.05569430195061,0.8603723333981869,0.2834670563677835,False,False,False,False,pachytene,92,off_axis,128.46439640180935,13.61
418,4.304935603768668,247.1698070187605,60.475828368915806,27.138305682,1.8642237658483083,0.6306508773446279,0.2450530035335689,0.4509712146033232,0.9827890556045896,0.2325801879733147,0.1515982477010686,1.177905041200216,96.50241065519076,0.8604712059956698,0.543389457238682,False,False,False,False,pachytene,92,off_axis,147.7155601680714,13.61
634,5.753545868575042,217.2875273352547,44.936729054745776,25.238225502,1.8196592482123823,0.6194813644390742,0.0205741626794258,0.6663409868099658,1.0,0.058058465126823,0.0571448435227109,1.2036493812589495,99.05569430195061,0.86048290740642,0.0308763277161177,False,False,False,False,pachytene,92,off_axis,119.70770623213215,13.61
229,1.647091283565873,223.84739239886895,46.15344246687128,60.363905274,2.4334900407863307,0.7846733765981424,0.0,0.7078144739216747,0.9998915224819656,0.1671414998168012,0.4332620994346504,1.0507700890950569,99.05569430195061,0.8604944717283969,0.0,False,False,False,False,pachytene,92,off_axis,125.96124755879204,13.61
273,3.120978267756377,220.82077686751728,45.52120110245303,37.023414174,2.0675814100810834,0.6422733320661471,0.1864553314121038,0.5630534891958909,0.9998700792516564,0.0452596149324714,0.0453049705259901,1.1363915150976822,99.05569430195061,0.8607603628813826,0.3311502991987222,False,False,False,False,pachytene,92,off_axis,123.08263614918614,13.61
1230,8.933748378729465,230.18588617379817,46.6327251621268,27.12892257,1.8640088883123764,0.5797665369649805,0.056127403379297,0.6991769547325103,0.9996090695856138,0.1051200027239726,0.097792651365476,1.3951612626637735,99.05569430195061,0.8627675206996712,0.0802763921198891,False,False,False,False,pachytene,92,off_axis,132.146181534446,13.61
191,1.3804617049416612,231.5403411386312,48.49940810989393,39.019671252,2.104093326474191,0.5198388842130576,0.1197928146352215,0.6268937022661826,0.9919642857142856,0.2397607394216567,0.1861131259242289,1.059783232745049,99.05569430195061,0.8633155980852684,0.191089516774818,False,False,False,False,pachytene,92,off_axis,133.21849082434932,13.61
897,7.576482791136318,217.09079660537628,43.09595533239066,24.87697569,1.8109355353481813,0.6086751532296086,0.0448791714614499,0.6566265060240963,1.0,0.0643610976281782,0.0603121046057413,1.3837472719773247,99.05569430195061,0.863809793865145,0.0683480959871622,False,False,False,False,pachytene,92,off_axis,119.86187395589144,13.61
1322,9.180912665315985,235.61789549624783,51.367465506970994,19.688114754,1.6750913947177308,0.4000953175265102,0.0730854197349042,0.578550148957299,0.5276305828917487,0.6486529020797405,0.0573415166627525,1.082640436101263,99.05569430195061,0.864621942381983,0.1263251247391839,False,False,False,False,pachytene,92,off_axis,136.91015570559014,13.61
706,5.955961070559435,230.25440151199632,45.64780065172097,26.995213224,1.86094148550031,0.5903719151894334,0.0515090543259557,0.694102672889266,0.9963416864825316,0.1666714910348542,0.1669147845709217,1.1547805662200303,99.05569430195061,0.864872944669422,0.0742095605417345,False,False,False,False,pachytene,92,off_axis,132.36638444893347,13.61
272,3.154411463664284,219.2178227226192,43.6065903991824,22.91825106,1.7621016361537922,0.6455475946775844,0.0299719887955182,0.6433727981518914,0.9992004797121729,0.0269003213844315,0.029664834662651,1.2176594609625115,99.05569430195061,0.8649975442947782,0.0465857258522798,False,False,False,False,pachytene,92,off_axis,121.85077578814493,13.61
1507,10.69357974319016,223.11589620784835,42.92721917676701,19.547368074,1.6710902057199248,0.3315732629305172,0.0699615962598096,0.6464991023339318,0.7671691792294807,0.4578674278240462,0.0902088276346532,0.9509430984052538,99.05569430195061,0.8655955421872509,0.1082160764140905,False,False,False,True,post,92,off_axis,125.80702425088334,13.61
414,4.072602498680214,229.0211314798543,44.110125013198726,26.662112748,1.853255582928559,0.5475101178954778,0.032907107935314,0.720979972778534,0.9983488132094944,0.2286351160698878,0.1924985535574137,1.1116367238799505,99.05569430195061,0.8668052109002748,0.0456421942047788,False,False,False,False,pachytene,92,off_axis,131.4034970461804,13.61
1316,9.745108695652368,220.01758111412624,42.00211876940863,36.256344768,2.053202587481638,0.6904761904761905,0.1328620627152438,0.62688127090301,1.0,0.106400628647014,0.1653748682715575,1.213685950143659,99.05569430195061,0.8668814924940195,0.2119413497931732,False,False,False,False,pachytene,92,off_axis,122.9474234140342,13.61
175,2.0427020383078527,222.94935511625383,42.55227136126001,45.803661228,2.219578596271872,0.6082659018744239,0.1568562610229277,0.6204732644790169,0.998595669982446,0.1023520379749467,0.0831695391586317,1.1042482393506228,99.05569430195061,0.867511552999101,0.2528009988546932,False,False,False,False,pachytene,92,off_axis,125.71471082507814,13.61
1260,9.77882253876867,232.94002373166697,46.153187579818784,33.429682277999994,1.998394442337436,0.3770261736018525,0.0849309420737992,0.664564091011489,0.918359375,0.2632306898954191,0.0752092802711594,1.1700875965312791,99.05569430195061,0.8675285771522724,0.1277994752086762,False,False,False,False,pachytene,92,off_axis,134.94117659670425,13.61
189,1.071267973856221,228.9958056470597,44.26771701960893,8.97260085,1.2890702325213514,0.6671895424836601,0.0,0.4595443833464258,0.9926010244735344,0.2185320638423825,0.2223373495846846,1.0083608875925605,99.05569430195061,0.8679865336174623,0.0,False,False,False,True,post,93,off_axis,131.35163622101894,13.61
197,1.7168735632183956,235.3532280000008,47.43983158620696,5.10206715,1.0679539350288925,0.5857471264367816,0.0,0.5027746947835738,0.9735006973500696,0.1843594325127711,0.0766818886481243,0.9764622538828468,99.05569430195061,0.868238682134534,0.0,False,False,False,True,post,93,off_axis,137.1410938815994,13.61
199,1.6644116724191824,248.74593426419744,58.81737998744884,37.37997243,2.074197576399163,0.4384060244744273,0.2379938692098092,0.4202704212761202,0.9074926747593136,0.1961507496747414,0.0937989882149199,1.335767845040866,98.06522993407854,0.8683727853116673,0.5662874596007931,False,False,False,False,pachytene,93,off_axis,149.3865550900672,13.61
358,4.240455407969597,251.39123261587892,61.33887708321949,43.26787520999999,2.1778384098747376,0.5165085388994307,0.1177285318559556,0.6324287956941018,0.993975903614458,0.0579344514500728,0.0440149031859016,1.988878301675273,95.3924277145046,0.8691716640163775,0.1861530225339384,False,False,False,False,pachytene,93,off_axis,151.87887915977186,13.61
166,0.8456711214410233,219.01087588611213,42.88008762347447,12.111251814,1.4246236231541196,0.4051907805539415,0.0,0.6271572777596874,0.8998978549540347,0.2966016702543605,0.1066015377609263,1.222912425247091,99.05569430195061,0.8691801239765415,0.0,False,False,False,False,pachytene,93,off_axis,121.78708958508071,13.61
763,6.24716211012717,236.9978567038923,48.29099085098114,30.45992733,1.9373737802975053,0.5148247978436657,0.084568439407149,0.6565079365079365,0.9944852941176472,0.0766682225278145,0.0494649188528935,1.138819321763934,99.05569430195061,0.8692224843013084,0.1288155629267503,False,False,False,False,pachytene,93,off_axis,138.65466826524252,13.61
958,7.779179720877306,231.1213920820296,43.76023286813031,16.472053115999998,1.5784095803193376,0.6172030760467103,0.0310021629416006,0.6302083333333334,0.9985119047619048,0.2655732623705116,0.2705972007203734,1.154820932500782,99.05569430195061,0.8705421129888393,0.0491935147503084,False,False,False,False,pachytene,93,off_axis,133.53265083823067,13.61
519,5.3678727750219295,217.7340767070361,40.647759913918655,32.155924824,1.9726837410774007,0.6334257367960315,0.1233426378227494,0.614726368159204,0.9987750727300566,0.1118461406256746,0.127598743390465,1.253260479481726,99.05569430195061,0.8708904512037569,0.2006464082419281,False,False,False,False,pachytene,93,off_axis,120.99450260507501,13.61
901,8.80986117759656,227.80294249732432,42.38230791692619,63.70429314599999,2.477574356396145,0.6562580550134404,0.0734491315136476,0.7011247991430102,0.9996558606924084,0.2045472501290846,0.269958460198654,1.1763337594458334,99.05569430195061,0.8732228087460012,0.1047589981176318,False,False,False,False,pachytene,93,off_axis,130.5132867484607,13.61
1163,8.40459647247451,233.06711822554408,43.40885114911856,13.166851914,1.4648656006434313,0.3244254409406734,0.0321592649310873,0.6453059071729957,0.8461538461538461,0.5548630269752344,0.1060066889232619,1.041841863364235,99.05569430195061,0.8732391272756147,0.0498356896684442,False,False,False,False,pachytene,93,off_axis,135.50980793974722,13.61
1323,9.451276929661962,236.15767588814484,47.8276842630889,16.441558001999997,1.5774349292120522,0.4642602368383507,0.0883709638261713,0.5507323568575233,0.935191186001296,0.1373091798939132,0.063301479065118,1.221839884831449,99.05569430195061,0.8732542403832761,0.1604608168120278,False,False,False,False,pachytene,93,off_axis,137.88428550345546,13.61
1227,9.23400902068532,222.8976430348941,39.44871153507242,45.247711842,2.210561851160836,0.5751464565296283,0.1177737108407793,0.6579621720561318,0.9975532175189624,0.1216990433612509,0.1058780359178266,1.1271065873133983,99.05569430195061,0.8735897223949096,0.1789976929414293,False,False,False,False,pachytene,93,off_axis,126.29510325522232,13.61
1325,9.58672659350906,252.5647472157379,56.3474305159946,40.187868696,2.1248851191740865,0.4948050431940228,0.2689416335839175,0.4994800693240901,0.9262943703368756,0.4411053938548983,0.2110026991833736,1.5880252319327977,99.05569430195061,0.8741170038121753,0.5384431734140195,False,False,False,False,pachytene,93,off_axis,153.3492039573586,13.61
247,3.199520319786818,220.97195772151483,39.43052202531719,35.21012777999999,2.033260376207912,0.642838107928048,0.195045045045045,0.5459802275694833,0.9994159731347642,0.0784264724782042,0.0783697758433663,1.1335038003165483,99.05569430195061,0.875407728921189,0.3572382939824006,False,False,False,False,pachytene,93,off_axis,124.41917533204705,13.61
960,7.696175967666846,251.65276049277108,53.13152040261088,30.180779748,1.931437305758962,0.4039328462614643,0.2821976787719955,0.390402920850176,0.7635497319833234,0.3498558510060403,0.1011159085592105,1.3551752783710995,99.05569430195061,0.8765311728960087,0.7228370068478402,False,False,False,False,pachytene,93,off_axis,152.68970782656115,13.61
194,2.043350967461487,231.934837350531,42.09853861873939,32.369390622,1.9770393107296187,0.5785201826219291,0.146963919037841,0.5122077028885832,0.9949396652393928,0.0802722946278717,0.078732673780122,1.118522350231728,99.05569430195061,0.8766155399244682,0.2869225086015721,False,False,False,False,pachytene,93,off_axis,134.62689044857345,13.61
276,4.109869621903619,230.3544671186501,40.198248970012784,35.984234519999994,2.0480531344817225,0.6152542372881356,0.0762247613084989,0.6501186038630973,0.9989176024895142,0.1639212408458238,0.1777497656940559,1.1141736393241453,99.05569430195061,0.8767407782341947,0.1172474697010062,False,False,False,False,pachytene,93,off_axis,133.4365075844773,13.61
1374,9.648738033072563,226.19225878403356,39.51421708317842,18.867092454,1.6514754526565243,0.3028720626631853,0.1271793275217932,0.5901551631888711,0.4967741935483871,0.6722875882706714,0.0453980656297668,1.1072431829799092,99.05569430195061,0.8769232587890413,0.215501507831579,False,False,False,False,pachytene,93,off_axis,129.5007815894572,13.61
181,1.5908275225595605,225.028509690323,39.22828507229306,91.504108224,2.7954431281266654,0.799271944216571,0.0,0.6651340996168582,0.999647775703568,0.1377415769647664,0.3819243096789109,1.0599944519979965,99.05569430195061,0.8769990442125929,0.0,True,False,False,False,pachytene,93,off_axis,128.42372432923537,13.61
959,7.94242275625301,236.0901359367364,44.49642800392479,19.132165368,1.6591736385794906,0.4383276115743011,0.0424331103678929,0.6131848941279197,0.9058056872037916,0.2813598422841107,0.0612923344214063,1.167511319892112,99.05569430195061,0.8771564844477161,0.0692011671752644,False,False,False,False,pachytene,94,off_axis,138.31099181471168,13.61
328,4.722538704986791,218.53010405439997,38.15578244803873,27.424490598,1.8707538745680656,0.4246001197502352,0.1224889120793112,0.6054704920469749,0.517967332123412,0.7069901425643703,0.0592574549114739,1.2207092771370711,99.05569430195061,0.8773677556412154,0.2023036856266944,False,False,False,False,pachytene,94,off_axis,122.327827331152,13.61
1014,8.01685423128048,220.0894288790408,37.98738861320527,26.47210473,1.848842663790457,0.618520159503766,0.0699935191186,0.6508710801393728,0.9964110313562524,0.1255750992759412,0.1175582369605197,1.2267826372424973,99.05569430195061,0.877390344661024,0.1075382226286842,False,False,False,False,pachytene,94,off_axis,123.88369408737763,13.61
905,7.0417978257341325,240.3590307804652,45.73895773162453,14.457029813999998,1.5112285713503,0.3571312672399805,0.0,0.6665825340737002,0.4786885245901639,0.9862247163564816,0.0540910282251513,1.0848616189845262,99.05569430195061,0.8795459557241244,0.0,False,False,False,False,pachytene,94,off_axis,142.3389791832584,13.61
304,3.4443559337376133,223.63800005431548,37.6644596904151,25.913809566,1.8357528785426165,0.6547478953562054,0.0324708269913749,0.6866806502359727,1.0,0.1409463318973453,0.1666050532503523,1.1057929473666304,99.05569430195061,0.8798467433839952,0.0472866491581153,False,False,False,False,pachytene,94,off_axis,127.41182602921405,13.61
138,5.02520656716045,206.5193452690436,43.133815278704326,371.057509818,4.457768784973485,0.6772052269235875,0.1725143829511385,0.6247551899725813,0.9996591042670742,0.1469396948491851,0.2404986778182829,1.0692401112026206,99.05569430195061,0.8809408186031789,0.2761311722095653,True,False,False,False,pachytene,94,off_axis,109.50754500556253,13.61
195,0.5617187500000017,234.00061022727303,41.351447514204445,6.605710847999999,1.163974993150459,0.2560369318181817,0.0131888836552048,0.5517899761336515,0.7758620689655172,0.9354447932446291,0.0956452568934941,1.1276565021200462,99.05569430195061,0.8815945074166174,0.0239019993578323,False,False,False,False,pachytene,94,off_axis,136.79465421941367,13.61
163,3.116406951130032,216.0820384841357,36.91199229012021,28.752200946,1.9004691692709963,0.5711838133311578,0.2636592883160549,0.4153348554033486,0.9671532846715328,0.1153865453453347,0.1201730429212773,1.1809146693394033,99.05569430195061,0.8821027955581997,0.634811369394954,False,False,False,False,pachytene,94,off_axis,120.2495371075859,13.61
642,4.859626047711034,236.6010478916842,42.71265415860699,18.19150839,1.6315236263420052,0.3925209542230818,0.1300092336103416,0.5820420292931437,0.9249823071479124,0.2959821510073046,0.078990774012878,1.0783752917057896,99.05569430195061,0.8822105606179403,0.2233674323626256,False,False,False,False,pachytene,94,off_axis,139.11078316374636,13.61
171,2.8047791649885045,219.7343683246053,36.71674589206559,34.947400644,2.0281905577120534,0.6088736743187004,0.0678291473364262,0.5788570447914879,0.9917355371900828,0.2172409104645306,0.2143763718573634,1.0479703469488828,99.05569430195061,0.8826403706860391,0.1171777176191388,False,False,False,False,pachytene,94,off_axis,123.83894140560793,13.61
956,7.29189149667308,217.64726424654955,36.10575667909522,32.083205705999994,1.9711955747429,0.6191416246252833,0.0489318970239182,0.676713380687272,0.9959103302029688,0.176500915713772,0.1640525487022717,1.3935676755606303,99.05569430195061,0.8827502395506983,0.0723081564815857,False,False,False,False,pachytene,94,off_axis,121.96606504549453,13.61
1157,8.950218340611787,222.44646593886617,35.53022230085711,46.734935094,2.234520507850259,0.4941022938312502,0.1372935033809809,0.6485762476436154,0.9816543289346636,0.1272622717855959,0.0538768354380842,1.1986975616253703,99.05569430195061,0.8830962890420131,0.2116844455525327,False,False,False,False,pachytene,94,off_axis,126.75826516770509,13.61
681,6.529771885357867,231.1073786898025,38.455361356991226,36.094486086,2.050142668510088,0.6970169623708324,0.1379437869822485,0.6151866151866152,1.0,0.1646983289196877,0.2598257843448209,1.2122757212094504,99.05569430195061,0.8836436803122535,0.2242308001782575,False,False,False,False,pachytene,94,off_axis,134.5286575791551,13.61
991,7.784707135250262,228.35981143769908,37.42748811501711,33.04028313,1.9906048153570195,0.4767483138090167,0.1647778785131459,0.6012211668928087,0.9864995178399228,0.1872738120802452,0.1196250756813809,1.175686569765218,99.05569430195061,0.8854317647207908,0.2740719847984396,False,False,False,False,pachytene,94,off_axis,132.06662779272327,13.61
489,4.558237757145469,217.23306111414675,34.90576231567399,12.885358553999998,1.4543512199190405,0.4891680320407792,0.0699370235333112,0.5563079116179616,0.9625223081499108,0.2912280601315942,0.152031525684387,1.3896551715181007,99.05569430195061,0.8857890860157567,0.1257163920784569,False,False,False,False,pachytene,94,off_axis,121.87182686688355,13.61
1189,9.217460035524242,226.4004478774402,35.69104406749472,52.82692056,2.3276743914142064,0.4380994671403196,0.149768191896795,0.6480954638849376,0.9642920906980896,0.0779240034709179,0.0337675937179077,1.1915058614807073,99.05569430195061,0.8859390559408786,0.231089708604078,False,False,False,False,pachytene,94,off_axis,130.5568823648316,13.61
575,5.45322420634928,237.9510638640825,41.36653516864968,28.374530688,1.8921113574696096,0.3968253968253968,0.0793690851735016,0.5923793859649122,0.9183845183003786,0.2475779053485904,0.0596584785162954,1.3260258638347426,99.05569430195061,0.8861334991928368,0.1339835366556843,False,False,False,False,pachytene,94,off_axis,140.67630946048027,13.61
573,4.982182854815841,227.18308879046936,37.41106731826597,23.040231516,1.7652223185495324,0.4749541844838119,0.0441149212233549,0.6808221834399845,0.9652285898261428,0.270243967415021,0.1254392773680067,1.0769143218475312,99.05569430195061,0.887104794369634,0.0647965390910969,False,False,False,False,pachytene,95,off_axis,130.92293359387457,13.61
635,5.592882912430315,218.81301051164235,34.11931293866838,14.304554243999998,1.5058969021312754,0.3594621187274516,0.0617343262070622,0.5870455709165386,0.8784346378018318,0.5148942279514162,0.1170406902309307,1.0874074809516292,99.05569430195061,0.887317468388179,0.1051610458634038,False,False,False,False,pachytene,95,off_axis,123.60248854917317,13.61
275,2.8310425884955936,228.49282852599688,36.263855164545774,33.929332992,2.0083014612160515,0.581858407079646,0.1086219602063375,0.6236772486772487,0.997557003257329,0.2631043640442442,0.2215444420390081,1.147950308497263,99.05569430195061,0.8876464517070836,0.1741637368313704,False,False,False,False,pachytene,95,off_axis,132.45818132899603,13.61
174,1.84178163856259,224.21096189320747,34.64433944174694,110.17650110399998,2.973948582903424,0.7024144098109351,0.1488338103647768,0.6000572368891751,0.9993351309422672,0.2251954592557324,0.3279611255527599,1.05452257687507,99.05569430195061,0.8881803667734519,0.248032689575353,True,False,False,False,pachytene,95,off_axis,128.68684924668284,13.61
162,1.3491816693944416,218.5106707855973,34.272208551554755,11.466162864,1.3988672379894462,0.6749181669394435,0.0788405797101449,0.4033983637507866,0.9934325744308232,0.1703170697319859,0.175879079679066,1.1022267921986593,99.05569430195061,0.8897339430607453,0.1954410002487055,False,False,False,False,pachytene,95,off_axis,123.2706035189885,13.61
454,3.8928836850592634,231.61103452288944,34.88572842319184,33.457831614,1.9989551984362708,0.6246932622870364,0.0500443655723158,0.6629927143657762,0.999295675447246,0.3676533656139509,0.3820459937201815,1.2157966576359396,99.05569430195061,0.8898745144997185,0.0754825271650061,False,False,False,False,pachytene,95,off_axis,135.81067598342906,13.61
1091,8.885293288212056,220.78973790185916,32.78625211506035,33.272515152,1.995257754718094,0.5365200225606317,0.1086101694915254,0.6431396410100395,0.9973040631619488,0.1065534728912611,0.0790232439927779,1.205958721950671,99.05569430195061,0.890177969502459,0.1688749418725847,False,False,False,False,pachytene,95,off_axis,125.8625116851524,13.61
303,2.972918021159623,220.1532884981366,33.16861129499429,39.688217982,2.11604222667193,0.6833737218511733,0.0872380303288464,0.6242299794661191,0.9992693110647182,0.2454152231872478,0.3603357743413249,1.060091223876566,99.05569430195061,0.8912386310602939,0.1397530288491718,False,False,False,False,pachytene,95,off_axis,125.14686027658938,13.61
494,4.392333386352854,238.62844738348784,39.37758371242303,14.747906286,1.5212966887605617,0.5112136153968506,0.0766225961538461,0.5314025382362512,0.8488308863512779,0.5560307385558647,0.1748035010960692,1.861110254513572,99.05569430195061,0.8916600423311687,0.1441893680225163,False,False,False,False,pachytene,95,off_axis,141.71161668275315,13.61
986,7.344666230366697,218.0829882362609,32.37399213023673,43.01218540799999,2.173539981529768,0.5618455497382199,0.1985235434956105,0.5343539955190441,0.978614325472389,0.3076408592227614,0.1917092364830548,1.332672446674908,99.05569430195061,0.8917830199659642,0.3715206495326659,False,False,False,False,pachytene,95,off_axis,123.37134106213131,13.61
904,7.521150592216301,230.3912924443597,34.33435618898827,36.045224748,2.049209573538574,0.6243654822335025,0.0944461876372764,0.6612959112959113,0.9976136815590614,0.2022643097621533,0.2188174775664668,1.143106353384683,99.05569430195061,0.8939773585086103,0.1428198572288078,False,False,False,False,pachytene,95,off_axis,134.75603837659034,13.61
1190,8.989601121447416,227.70303414043715,31.82569467312466,36.814639932,2.0636877329551,0.5609787179813941,0.1751466538968035,0.5792452830188679,0.9727640133544192,0.2985553762808496,0.2036863838266567,1.2093020784581865,99.05569430195061,0.8957598509535509,0.3023704448381298,False,False,False,False,pachytene,96,off_axis,132.78283353618068,13.61
159,3.070156794425296,215.4909202656752,31.05225618031342,53.85906288,2.3427362330125527,0.5245209059233449,0.194138923746955,0.5159842447558853,0.9811134601832276,0.125037115653536,0.0877121776760391,1.1814278792281607,99.05569430195061,0.8962611909685645,0.3762497125058598,False,False,False,False,pachytene,96,off_axis,121.2643503840646,13.61
192,2.8614205416454483,230.5726922330112,32.628902912622195,18.362750184,1.6366269771167294,0.5312979049565661,0.0825206301575394,0.5287544289997275,0.9963623135685704,0.1718797421690652,0.102860981508775,1.2128892135927385,99.05569430195061,0.8963407754666595,0.1560660783752639,False,False,False,False,pachytene,96,off_axis,135.35036094279636,13.61
490,5.444099913867432,217.90447396641127,30.45712846683849,32.68137909599999,1.9833708306750224,0.4265719207579672,0.1927856926341316,0.5394918012266867,0.9261596718207636,0.3265344771981929,0.138119648435407,1.180825768161996,99.05569430195061,0.8963950698581259,0.357346844188881,False,False,False,False,pachytene,96,off_axis,123.74638498118051,13.61
227,2.743158652116485,220.02828137066632,30.033275734499565,39.122885484,2.105946931452433,0.5873006355678139,0.171421692548453,0.5584774081069301,0.9879892609862936,0.2740109403482383,0.2219050512621071,1.0874553638035382,99.05569430195061,0.8988019786525779,0.3069447215949538,False,False,False,False,pachytene,96,off_axis,125.90152981152289,13.61
1186,8.952568679186866,220.6643512494157,28.943179202234205,15.113847654,1.5337767270147762,0.3850690672047183,0.1322820849759088,0.5368500757193336,0.8742088607594937,0.1574931198087258,0.0316766299165965,1.2181650725849813,99.05569430195061,0.8994228245080664,0.2464041470026098,False,False,False,False,pachytene,96,off_axis,126.82983370236202,13.61
185,1.4746845956100636,227.72750054973116,31.414863903500716,59.31299673,2.419285295898634,0.6479731065849318,0.1110556276840107,0.5807212672733401,0.9962007281937628,0.3106692526355882,0.3426512444651803,1.1298080423215486,99.05569430195061,0.8996917897600352,0.1912374041430412,False,False,False,False,pachytene,96,off_axis,132.9146711418208,13.61
1184,8.890930232558045,219.37268148837225,28.90338104651145,10.0868454,1.3403624471437436,0.3225581395348837,0.0529908972691807,0.5355303810504635,0.8018372703412073,0.8734698033425641,0.1131715189147657,1.195679255441222,99.05569430195061,0.9001143573378815,0.0989503100930278,False,False,False,False,pachytene,96,off_axis,125.60900441734577,13.61
1187,9.148278310259144,222.5993567358901,28.962013125664587,26.432226504,1.8479138166193936,0.295438409655662,0.1048596234073739,0.5884872150144854,0.3245214220601641,0.8841669149359286,0.0516583633531641,1.1052946793801692,99.05569430195061,0.9003681561288828,0.1781850492789259,False,False,False,False,pachytene,96,off_axis,128.6732578332003,13.61
176,1.4961347953092647,224.40811776808945,29.50658510647185,55.409622138,2.365005707020197,0.5655560729859024,0.192985215476565,0.5827324108360943,0.9919981444972747,0.227433248347226,0.1641833107706873,1.1273056344374388,99.05569430195061,0.9005682188084079,0.3311729567258378,False,False,False,False,pachytene,96,off_axis,130.24767973094143,13.61
601,5.587959866221051,231.5666344063536,30.7207334806492,39.27770683199999,2.108721236006927,0.5050764452938366,0.1938715953307392,0.5781344274164354,0.9860111910471624,0.1566215703011959,0.0913478800360659,1.344826919784638,99.05569430195061,0.9006848889567787,0.3353399938438398,False,False,False,False,pachytene,96,off_axis,136.80098268623686,13.61
1405,9.4875123395856,224.7757679911137,29.60337201381973,9.505092456,1.314082339788836,0.2416090819348469,0.0673748103186646,0.5268467295802147,0.1973094170403587,0.916815698581565,0.0723360278544822,1.1767656393005652,99.05569430195061,0.9010995775396085,0.1278831328655074,False,False,False,False,pachytene,96,off_axis,130.5726590870833,13.61
569,5.067616480554405,218.2077566615337,28.44914226030052,12.183970932,1.427469206251202,0.238544474393531,0.0585574863127826,0.5689001264222503,0.3202979515828678,1.123807270384645,0.0198590392061451,1.0786396008888413,99.05569430195061,0.9013600853267912,0.1029310481631357,False,False,False,False,pachytene,96,off_axis,124.636690189522,13.61
1320,9.835758208609198,226.47766616776696,29.04883943612861,20.218260582,1.6899936006337728,0.4245272073326371,0.1486440096120838,0.5147177419354839,0.8861629048086359,0.4332299354920543,0.1792620809689086,1.1864338849203775,99.05569430195061,0.9033345320308024,0.2887874217297045,False,False,False,False,pachytene,96,off_axis,132.36195107200913,13.61
1094,8.283730991919949,229.8112632181752,29.343318934909888,36.868592826,2.064695371749285,0.2638544251447478,0.0856646119804014,0.6717372515125324,0.66723259762309,0.9431314737223522,0.0718025006794092,1.2111920264644185,99.05569430195061,0.9037708129573336,0.1275269635374735,False,False,False,False,pachytene,96,off_axis,135.48041379165775,13.61
1183,9.495267341040291,218.18950204118656,27.82158725614144,25.972454016,1.837136640206408,0.3826770231213873,0.0968551797040169,0.5869787856620337,0.955565142364107,0.693736389934203,0.2344479811546053,1.301074902726921,99.05569430195061,0.9038891584190328,0.1650062695107068,False,False,False,False,pachytene,96,off_axis,124.81296241169301,13.61
865,7.049868536371447,216.6066062050837,27.42934317265576,26.76532698,1.8556439414277004,0.3958808063102541,0.0755096566523605,0.6419556071376759,0.9818731117824774,0.4125762134648147,0.1756120149507752,1.3606611986426267,99.05569430195061,0.9042084385506668,0.1176244210858127,False,False,False,False,pachytene,96,off_axis,123.433446061781,13.61
302,3.1495145631067016,218.2456506818588,27.910707200179782,41.799418182,2.152916613696525,0.6014927885964421,0.1591474245115453,0.5616110406984932,0.9851466765688824,0.4265811179669717,0.310258023361864,1.0869244943265317,99.05569430195061,0.9046758684087683,0.2833765951495695,False,False,False,False,pachytene,96,off_axis,124.8386679952907,13.61
1160,9.67165893359719,229.21002216094465,27.338175507720784,61.67988673199999,2.451047076754325,0.277097436677569,0.1034385170510825,0.6709280303030303,0.7734231475811391,0.4323863860837166,0.0718089936849416,1.3589233927794169,99.05569430195061,0.9072571403449784,0.1541722992321004,False,False,False,False,pachytene,97,off_axis,135.47025497051249,13.61
169,1.917964713909639,221.47048609513493,26.85424070572228,48.130673004,2.256547302081606,0.5827566039575007,0.1029026511579167,0.5083518280574699,0.98318462594372,0.202646545557531,0.157668422631095,1.0984671693111143,99.05569430195061,0.9074251177496075,0.2024240800925839,False,False,False,False,pachytene,97,off_axis,128.23214196215596,13.61
1259,9.471194722697089,223.81453693135623,26.10256495968866,48.00634676999999,2.254602665957822,0.4522843879794771,0.1698266923418753,0.5933624765813186,0.5103051922314704,0.8689259696705329,0.0698644314186487,1.1208002543584112,99.05569430195061,0.9078773036198304,0.2862107043241738,False,False,False,False,pachytene,97,off_axis,130.6937354668219,13.61
168,1.3639221341023762,220.8239967123273,26.55751808219225,16.26797043,1.571863834039783,0.5234318673395819,0.0875207067918277,0.3406959152798789,0.6132238547968885,0.9073316731931343,0.1756646612234301,1.1179690937791142,99.05569430195061,0.9079925691761936,0.2568880425816969,False,False,False,False,pachytene,97,off_axis,127.71045124053865,13.61
188,2.502773206558174,230.36116950082055,27.67006582556222,76.97435929199999,2.6388770600571374,0.592033887974645,0.1312220131092218,0.5856427877791888,0.9925208974923008,0.1227965040035572,0.1134989126635142,1.3788551502426487,99.05569430195061,0.9083034814883092,0.2240649348843307,True,False,False,False,pachytene,97,off_axis,136.47726299635198,13.61
1347,10.149000935295083,220.4874920840081,25.178787722132807,27.588695057999995,1.87448016763491,0.3790494005611767,0.1341000711406212,0.5907161440503903,0.8462717058222676,0.4593166199944501,0.087321632341758,1.1453499557346662,99.05569430195061,0.9089277851964356,0.2270127073574309,False,False,False,False,pachytene,97,off_axis,127.8312654118197,13.61
179,1.1945113924051165,225.19661820759308,25.81417962531726,23.16455775,1.7683917004312608,0.5260759493670886,0.0254060807996667,0.6316239316239316,0.9462952326249282,0.4532354739874472,0.2397329688250483,1.0494236638668075,99.05569430195061,0.9096735971291602,0.0402234296828283,False,False,False,False,pachytene,97,off_axis,132.09721727232326,13.61
899,6.203642671292239,217.5393357762365,24.997481006070785,5.409364068,1.0889782377470334,0.1977450130095402,0.0,0.5881081081081081,0.6153846153846154,0.8604709849290875,0.0515107606056383,1.0629927362380445,99.05569430195061,0.9102420922991588,0.0,False,False,False,False,pachytene,97,off_axis,125.10618592860209,13.61
705,5.972811918063029,230.7038445597223,26.79003184357598,26.453338506,1.8484056755238083,0.4323844994236056,0.1834417655313177,0.5546008436181846,0.8975361752053187,0.5701764989686271,0.1985121587340787,1.5267904339489722,99.05569430195061,0.9104031594737038,0.3307635890608352,False,False,False,False,pachytene,97,off_axis,137.05887176409396,13.61
410,4.080762183950236,223.811692634664,26.373490619274875,12.803256324,1.4512557172071172,0.4604250641260535,0.1075757575757575,0.5446519524617996,0.7,0.4600014520229376,0.0529543250073474,1.0849770699533208,99.05569430195061,0.9104367748757612,0.1975128466712007,False,False,False,False,pachytene,97,off_axis,130.60729167972136,13.61
954,8.51596250272481,217.75992204054808,24.46209191628517,53.80041842999999,2.341885627958838,0.3337693481578373,0.0732654051431344,0.6797120418848167,0.792319749216301,0.5894422228191929,0.0806797901099889,1.3279475545920187,99.05569430195061,0.9115087997698588,0.1077888879825817,False,False,False,False,pachytene,97,off_axis,125.49307066283218,13.61
1368,9.543004261363508,210.46208980824,29.97081354758432,13.211421696,1.466516595421504,0.2183948863636363,0.0,0.5393003180372558,0.7725631768953068,0.6628220519365674,0.0701222386495408,1.3858100134861768,99.05569430195061,0.9117061815968674,0.0,False,False,False,False,pachytene,97,off_axis,116.80084071383587,13.61
412,3.442688546701137,226.7251735697399,25.67619296392177,41.740773732,2.1519092974216454,0.6316735978419692,0.134671243728545,0.5944461397619775,0.970081490104773,0.4881301533015948,0.4355399603621965,1.0761441289182532,99.05569430195061,0.9123032293550352,0.2265491097014589,False,False,False,False,pachytene,97,off_axis,133.59407435822024,13.61
164,2.677302810371851,217.9744719794001,24.23328930204316,73.368898506,2.5970150309634734,0.4452153339514659,0.1127927190919316,0.6522014753342554,0.9605387523629488,0.3413687680226459,0.144545331548395,1.2342702907198495,99.05569430195061,0.9130238963472253,0.1729415270551558,True,False,False,False,pachytene,97,off_axis,125.77209713586086,13.61
928,7.522438717787425,228.02570105279705,24.81036599622966,14.928531191999998,1.5274821958596745,0.1995600251414204,0.0733127160269238,0.5488810365135454,0.1895910780669145,1.5122920861722264,0.0929592138800565,1.0754624291437598,99.05569430195061,0.9155243234827352,0.1335675877829577,False,False,False,False,pachytene,98,off_axis,135.0980452949481,13.61
1373,10.12434170238814,224.16902930189855,22.91269542253476,15.322621895999998,1.5408067010665158,0.2985303123086343,0.1422688131785847,0.4882147533828023,0.4420382165605095,1.064599257522565,0.1236912152018182,1.1708640033932725,99.05569430195061,0.9157509141044454,0.2914062145660596,False,False,False,False,pachytene,98,off_axis,132.05203011309112,13.61
493,5.004926895195761,230.4887531330659,24.3949775156645,38.18457428399999,2.088974384475589,0.4695294262194373,0.1480019733596448,0.570816444701795,0.9368131868131868,0.3763575062882316,0.1462403830014496,1.3326106376769649,99.05569430195061,0.916174363165454,0.2592812010469736,False,False,False,False,pachytene,98,off_axis,137.56922228747953,13.61
1127,8.974277580071211,227.774139629894,23.90807675444666,32.958180899999995,1.9889546211251232,0.3918861209964412,0.1554808737768113,0.5636704119850188,0.5275196568977841,0.7182293160607005,0.0840441050309185,1.1895411442016912,99.05569430195061,0.9162467294178678,0.2758365003216519,False,False,False,False,pachytene,98,off_axis,135.14131118339793,13.61
756,6.051001581444491,217.46806988666413,22.28652149446461,17.799763463999998,1.6197271947961769,0.5342646283605693,0.0196948682385575,0.66723259762309,0.9825210084033612,0.3275636946020392,0.212820102367486,0.9764468530774034,100.425740876109,0.916771651774512,0.0295172452735634,False,False,False,True,post,98,off_axis,125.9598873974722,13.61
1372,10.45841013824872,224.58687546082936,22.349414343318124,4.072270607999999,0.9906403350875076,0.3369815668202764,0.0,0.3457862728062554,0.5598086124401914,1.1523152398102563,0.0912328240661524,1.3363689117769977,99.05569430195061,0.9173895173462158,0.0,False,False,False,False,pachytene,98,off_axis,132.63334551267016,13.61
172,1.2796275605213223,222.7133904655481,22.919742104281976,37.79048357999999,2.081762974258621,0.519056486654252,0.1216415372406756,0.6196437790397522,0.9740235814296242,0.1938856262092295,0.1269071908804655,1.113497841481777,99.05569430195061,0.9174621340919726,0.1963088170257768,False,False,False,False,pachytene,98,off_axis,130.67696860316286,13.61
187,1.8428226264923715,229.3543413871532,23.900390832858022,33.009788015999995,1.989992205531873,0.4274445707788517,0.1376431553034357,0.5612510860121633,0.8663563829787234,0.2687235663738774,0.0732489408177737,1.3237766388236631,99.05569430195061,0.9178164383563412,0.2452434547279482,False,False,False,False,pachytene,98,off_axis,136.6438292185865,13.61
1155,9.887400681044056,220.1788239689744,21.32525206205099,37.199347524,2.0708512494896336,0.2980199268508008,0.0802280426340577,0.6108515989938915,0.8146201624462494,0.5040243488643773,0.1116099315146731,1.132695796409101,100.40275416352829,0.9182423851100824,0.1313380250885779,False,False,False,False,pachytene,98,off_axis,128.8359434170065,13.61
183,1.1709282422646168,226.88112789993235,22.12427119157344,17.81618391,1.620225112809341,0.3701119157340355,0.0565963320844015,0.574623745819398,0.897887323943662,0.5413178430240395,0.1899996313611521,1.0497267252031304,99.05569430195061,0.919424702244692,0.0984928529253462,False,False,False,False,pachytene,98,off_axis,134.8723080988235,13.61
139,0.9846090534979428,206.72337425925795,27.097930185185383,11.40048108,1.3961910711184369,0.3325102880658436,0.0439139404656646,0.531442663378545,0.6514382402707276,0.6795315586289798,0.1224652350949587,1.2028452988363556,99.57593582649861,0.9199197015551712,0.0826315677903806,False,False,False,False,pachytene,98,off_axis,114.217827565722,13.61
1089,9.123989218328932,217.82920013477076,20.92880471698097,10.443403656,1.3559733427281593,0.2257412398921833,0.0339125560538116,0.4891209747606614,0.5709779179810726,1.6852615311346892,0.1550649795657554,1.3073706957178926,101.57830041738681,0.9201290738176676,0.0693336777683799,False,False,False,False,pachytene,98,off_axis,126.76326552000702,13.61
186,3.110595200997188,228.27265769710303,22.712372935493555,15.055203203999998,1.531790379051791,0.6054845746338423,0.0982905982905982,0.3503159557661927,0.9612881123672492,0.5631267125142184,0.5984484902692135,1.0044780069646002,99.05569430195061,0.9203803393775394,0.2805769953458791,False,False,False,False,pachytene,98,off_axis,135.99569098279326,13.61
151,1.8514522821577015,216.8364526402577,21.407929949411923,41.269272354,2.143775981090489,0.3176263286534417,0.0813437404346495,0.6129945855893377,0.4072519083969466,0.8439468412819511,0.0489393080240951,1.236033534258345,101.46728624456739,0.9206105227423688,0.1326989541945872,False,False,False,False,pachytene,98,off_axis,125.66655022894597,13.61
902,7.114667747163657,229.61991551863971,22.33340834684032,5.789380103999999,1.113904140646007,0.3225283630470016,0.1318795430944963,0.2434210526315789,0.7570754716981132,1.205387598136723,0.3365961589455157,0.96718045789981,99.05569430195061,0.920803499849058,0.5417754202800931,False,False,False,False,pachytene,98,off_axis,137.39317241031088,13.61
155,4.791740721380163,215.55754094789808,21.169646384387985,40.387259826,2.1283935118454,0.3404193529650926,0.0687223224536657,0.6166784078901022,0.7865132630233301,0.3265976940810638,0.0556046054044911,1.1774061480948006,102.12828277106664,0.9211458431982684,0.1114394821910363,False,False,False,False,pachytene,98,off_axis,124.54606918663842,13.61
1229,9.100167890870898,226.4046842392463,21.28080226652696,22.35526434,1.747553177574917,0.4820566631689401,0.1552284785213075,0.4929092382495948,0.9006092916984006,0.2469463094851793,0.1348324247085646,1.1637398900642262,99.05569430195061,0.922845663500627,0.3149230456149502,False,False,False,False,pachytene,98,off_axis,134.7041824549968,13.61
1403,9.834686832154864,207.3232317277636,26.56957032714175,14.269367574,1.5046611417681834,0.2350813743218807,0.0459298749231085,0.5308403180743606,0.6153846153846154,0.7623465611781219,0.0821102918953147,1.3771860032600738,99.86748781762074,0.9228543480896216,0.0865229587114266,False,False,False,False,pachytene,98,off_axis,114.96213298595393,13.61
153,2.0369909987141277,214.63279757822315,21.64333489069869,10.945400148,1.3773606709753348,0.4149164166309472,0.0533980582524271,0.4776556776556777,0.700815956482321,0.9276162249959856,0.1350541012710856,1.434240318189702,101.9991380597756,0.9233032858576888,0.1117919471082255,False,False,False,False,pachytene,98,off_axis,123.51512168830779,13.61
1261,8.698888888888883,232.43855833333257,21.28886666666669,8.02256076,1.241866185367765,0.1637426900584795,0.0,0.5101398601398601,0.4343434343434343,0.9155019123046404,0.068936869316948,1.2995760313884466,99.05569430195061,0.9239058688746784,0.0,False,False,False,False,pachytene,99,off_axis,140.39808728764544,13.61
795,7.271442429669162,217.3714506156252,19.384544347437785,31.435770978,1.957845883407275,0.4554137750914111,0.167560168814874,0.5620718004932859,0.9716203844980164,0.043442619870652,0.0367991992845279,1.1611309337195257,103.18601887963659,0.9241108749669952,0.298111680158691,False,False,False,False,pachytene,99,off_axis,126.86081580120015,13.61
1349,9.934440644846292,226.59404780166065,20.03428314606705,9.603615132,1.3186070072543397,0.3072789447972642,0.0392953929539295,0.4732016925246826,0.8501026694045175,0.6108034031597692,0.1526028037726591,1.3933328066587312,99.42364001772896,0.924810310575218,0.0830415308624026,False,False,False,False,pachytene,99,off_axis,135.30610825686938,13.61
178,0.6403165847223702,222.98458305552057,19.772302038614374,19.561442742,1.6714911871883966,0.5444297877443338,0.1156890130353817,0.6188470650171097,0.9875037191312108,0.3296593064582497,0.2053369931363666,1.1308581614895057,100.90335767804059,0.9251980223675071,0.1869428160448384,False,False,False,False,pachytene,99,off_axis,132.0034872522653,13.61
522,5.29317641977964,228.35218701144493,21.02328439861819,21.726595836,1.7310157739667849,0.4335996545022673,0.2191128311997618,0.4399542508577964,0.9165424739195231,0.1266019804372794,0.0611905005564708,1.0547011879947186,99.05569430195061,0.92579503310494,0.4980354906732889,False,False,False,False,pachytene,99,off_axis,136.6253560245107,13.61
1125,9.328983207722493,219.27992023006885,18.363938258627456,35.482238028,2.038484742495331,0.3328044426814756,0.1202161973672739,0.619500594530321,0.9298986486486488,0.2627398268976207,0.0873420880525054,1.2526810505281945,103.49297151802493,0.9258020995194404,0.1940534011245247,False,False,False,False,pachytene,99,off_axis,129.00316804477677,13.61
184,2.187786259541989,227.9389459430751,19.331640336687563,46.401834618,2.229199040842825,0.4914311713260199,0.1662522791314437,0.584493041749503,0.914708886618999,0.281754997406426,0.1375553419356058,1.1789583865781137,99.62436949865865,0.9270082787383972,0.2844384231398509,False,False,False,False,pachytene,99,off_axis,136.8101579913657,13.61
518,6.136435381021662,213.46593242629055,20.04644008460265,37.15477774199999,2.070023866923586,0.5008523265357662,0.0922034676771156,0.5929673665570453,0.9817123857024106,0.1843533697209734,0.1083387088425165,1.3762002420040496,103.89865736777809,0.927704959353703,0.1554950118291971,False,False,False,False,pachytene,99,off_axis,122.9642372148862,13.61
152,2.0335145584148644,214.0439132656749,19.828791844872143,19.416004506,1.6673383969421958,0.4049776489066087,0.1007851013328464,0.5504568527918782,0.9636156907333712,0.2260347438598287,0.1050962126946349,1.1822535765641613,103.90568080965403,0.9278893137454224,0.183093553693939,False,False,False,False,pachytene,99,off_axis,123.58179958276287,13.61
1256,9.168253968254094,203.71655589459232,29.67208039759477,15.221753442,1.537418223492787,0.2866389274156264,0.0,0.5554115359688918,0.4145299145299145,1.098197382410521,0.0474751848373777,1.351970656744665,99.05569430195061,0.927962928439314,0.0,False,False,False,False,pachytene,99,off_axis,110.51577669622168,13.61
927,7.911045655375705,226.4828478013891,18.739067199663936,33.448448502,1.9987683146957,0.4263973630689389,0.212800769971126,0.537596283164201,0.9154624277456648,0.1604049223637233,0.0665954476851306,1.1604105652560617,100.678877274864,0.9283965649038082,0.3958375022956197,False,False,False,False,pachytene,99,off_axis,135.6442342928048,13.61
1319,10.149995369083484,222.59938066129735,17.53552735482049,50.654730132,2.295322949174525,0.384736500879874,0.165032679738562,0.6302875206984796,0.8888610763454318,0.3766615062507278,0.1107206679822191,1.223133891450482,103.13710406180569,0.929070820146882,0.2618371367335246,False,False,False,False,pachytene,99,off_axis,132.40587880733682,13.61
165,1.4884482606002103,218.49620386828505,17.983954607417378,26.500254066,1.8494977591287536,0.536956714171904,0.1780326838466372,0.5215064041292296,0.9874489200233508,0.1730582379898745,0.1125213950906837,1.0509614193418306,104.11790728453245,0.929799165596782,0.3413815869507917,False,False,False,False,pachytene,99,off_axis,128.39649333897947,13.61
733,6.021483292583509,221.2624606356956,18.213341466992315,14.391348029999998,1.5089364709797377,0.5163814180929096,0.1352375400757797,0.4914054600606673,0.9782608695652174,0.4257424372137291,0.2511753430077279,1.1129266268463998,102.95698196149004,0.930453741654894,0.275205611388778,False,False,False,False,pachytene,99,off_axis,130.9178118886493,13.61
225,2.635954008701061,202.65864667495364,26.113004552517925,15.097427208,1.5332210682823109,0.5725605966438783,0.1501390176088971,0.43584151217739,0.9915329768270944,0.1669428373429942,0.1476429784345273,1.0466164089458998,101.89065491397785,0.930729164926246,0.3444807651727073,False,False,False,False,pachytene,99,off_axis,110.73441481634117,13.61
1124,8.727820094305214,217.2744139934764,16.297276256800252,32.336549729999994,1.9763704720165616,0.442727602466449,0.1534053339210932,0.5709450663889613,0.9616455304670584,0.2948586732995893,0.1352564819725717,1.1553755728278632,106.12057472024817,0.9313829617645688,0.2686866792480251,False,False,False,False,pachytene,99,off_axis,127.82467387573146,13.61
150,2.371280653950898,213.88934247956325,17.94897901907288,25.82701578,1.8337010747392897,0.4822888283378747,0.1143567433188316,0.5282456140350877,0.959271523178808,0.1310990389805753,0.0717125787511294,1.0532539508523318,105.7251400346389,0.9316057712286644,0.2164840375016075,False,False,False,False,pachytene,99,off_axis,124.07894796763003,13.61
985,9.006224742998944,214.80833179014897,17.021420014178375,33.087198689999994,1.9915465563918189,0.3481744062389224,0.0983622634108071,0.6125734174461606,0.5816326530612245,0.9551411407845684,0.087437727784209,1.1705683660261137,106.28279566539273,0.932005415751934,0.1605722034444177,False,False,False,False,pachytene,99,off_axis,125.25959493350096,13.61
177,1.5794091710758078,223.5072168981472,16.669437632274732,21.280898016,1.7190972557948003,0.3884479717813051,0.1042944785276073,0.5360490266762797,0.7920546244568591,0.3389634553098484,0.1137216881717589,1.060631400431841,103.64080275084294,0.933091891708386,0.1945614548995176,False,False,False,False,pachytene,100,off_axis,133.5550374870235,13.61
731,6.79440402909928,211.58212693527227,18.46507929490772,37.72714757399999,2.08059932785951,0.4732947833115712,0.1971377120652071,0.5333490733089363,0.9707776126795444,0.2300582341214073,0.1033169784792419,1.2581175311126809,106.028587296856,0.9336669569439732,0.3696223016609937,False,False,False,False,pachytene,100,off_axis,121.73426828341138,13.61
758,6.554269115053338,222.58482496109548,17.144859632741138,22.610954142,1.75419052120174,0.3660130718954248,0.1461506217688976,0.5534282441498937,0.4388853704876504,0.832991021494419,0.0565718113052053,1.0765257825678565,103.50922532735743,0.934736647247534,0.2640823328296077,False,False,False,False,pachytene,100,off_axis,132.52570744000536,13.61
182,1.1177507126198445,227.234167556364,15.69226493910324,27.157071906,1.8646533723773224,0.4719702859117215,0.1385287485907553,0.5416325862915099,0.8961497703991522,0.2383155629341826,0.1138590669945815,1.277321840466537,103.28548368758598,0.93491067374346,0.2557614739158222,False,False,False,False,pachytene,100,off_axis,137.39154319461068,13.61
704,5.738014594520188,226.89622399834585,17.145531722428228,17.037385613999998,1.5962642278795136,0.3352609114690899,0.1447298494242692,0.5140845070422535,0.4450317124735729,0.4027993785478091,0.0412518630383254,1.0918237087171685,102.0352029887105,0.9349502501341312,0.2815292961403594,False,False,False,False,pachytene,100,off_axis,136.57730221925925,13.61
144,2.1442348863288387,211.25892421756052,17.96505330308894,46.019472804,2.2230591070156605,0.434295035171781,0.1416860015467904,0.5883943052802306,0.915561900877014,0.2823089128010811,0.0896187815128218,1.1151319927220231,106.60896072228934,0.9353047789975956,0.2408011095201042,False,False,False,False,pachytene,100,off_axis,121.6014049089194,13.61
1126,9.241367521367568,220.77103944056088,14.613052797203324,30.19016286,1.9316374443341224,0.3858585858585859,0.1224603086488287,0.6266447368421053,0.6868556701030928,0.7238882198178139,0.089518610557298,1.1442635756719726,106.50844936050875,0.9355076725678718,0.1954222248254274,False,False,False,False,pachytene,100,off_axis,131.68635115930894,13.61
180,1.7030128489144885,224.55342820115143,15.45770170580396,10.588841892,1.3622389218868485,0.4401860877270713,0.0910071942446043,0.4360902255639097,0.9338919925512104,0.3540836658153037,0.1333174313901166,1.2392623312393172,104.42204875022024,0.9365262721450436,0.2086889109402134,False,False,False,False,pachytene,100,off_axis,134.95236233633048,13.61
868,7.035005574135859,225.13786128762848,15.447650808249596,25.249954392,1.8199410862765224,0.3941843180973615,0.1510220023434448,0.579512344732403,0.8761194029850746,0.1951323783676256,0.0341062903068424,1.1174811408476562,104.2317685645001,0.9371996734487484,0.2606018727921683,False,False,False,False,pachytene,100,off_axis,135.50504353198767,13.61
1182,8.811953005278456,220.20342295249364,13.152945564447284,13.776754194,1.4871431219148663,0.600715137067938,0.1097190584662111,0.4243070362473347,0.9630495790458372,0.3340208836011122,0.1854259393392072,1.04454842288765,108.07462753273138,0.9385847935384498,0.258584112666598,False,False,False,False,pachytene,100,off_axis,131.65189043491682,13.61
534,5.498979907264298,209.2714628670804,18.321539513137584,30.35436732,1.9351331763936968,0.4993817619783617,0.1046302695231513,0.6211793763507255,0.98725671918443,0.3205604144487003,0.2250650052310706,1.3566129970808791,106.95313845620082,0.9387147004841802,0.1684380929351328,False,False,False,False,pachytene,100,off_axis,119.61177511293054,13.61
1181,9.811929930534404,214.6013890818477,14.022764791604397,31.067483832,1.9501700865828036,0.4944880700694654,0.1556312271408753,0.5559372666168783,0.941722972972973,0.3453187313971423,0.1575805540167223,1.132557548337707,109.17163335789535,0.9394862419856488,0.2799438650478668,False,False,False,False,pachytene,100,off_axis,126.08988115810394,13.61
274,3.992307692307776,227.49589814463852,14.422644230769896,34.642449504,2.0222739822133757,0.485170639219935,0.2088449531737772,0.5412337235301855,0.9649974450689832,0.2856262785165362,0.1397313023735092,1.391432932794036,104.38922026666197,0.9396263025816164,0.3858683302503592,False,False,False,False,pachytene,100,off_axis,138.07139995002095,13.61
173,2.319859772129714,220.78859978965465,14.391570315513205,26.76532698,1.8556439414277004,0.5492550394390885,0.1398227128282321,0.5446237604510986,0.9833690987124464,0.1201086805021225,0.0587797611278048,1.0915191730143965,106.71059601273083,0.9397404771025752,0.2567326712158506,False,False,False,False,pachytene,100,off_axis,131.77854436161422,13.61
1048,8.499111039275753,224.7851484079536,13.889654420558893,14.513328486,1.5131877095949346,0.5039599159528043,0.1732219827586206,0.4248941023134571,0.962532299741602,0.3724257797324364,0.1717798422093251,1.1668461876039915,105.8165005033608,0.9400332672994516,0.4076827186243917,False,False,False,False,pachytene,100,off_axis,135.706000745097,13.61
1086,9.320923795519311,211.3772627108384,15.825298858229973,27.119539458,1.8637939612241017,0.3702101894299801,0.0893058161350844,0.61557478368356,0.5597883597883598,0.8894735902136123,0.0645257879483435,1.144413103395754,108.5794465182741,0.9407730428887342,0.1450771189824966,False,False,False,False,pachytene,100,off_axis,122.44386488488699,13.61
1258,9.454802002731086,218.13151415566605,12.119428903049558,15.461022797999998,1.5454318926535902,0.624032771961766,0.1554192229038854,0.513317191283293,0.9843624699278268,0.1925499301079841,0.1694172371810431,1.0299028696262695,109.75398015284284,0.9417833194958788,0.3027742408457768,False,False,False,False,pachytene,100,off_axis,130.0579213232076,13.61
141,1.806467400804088,208.57157391190628,17.694764263240227,26.840391876,1.8573770755308496,0.5203635728019578,0.0,0.7100947521865889,0.9995515695067264,0.0915914114655474,0.0749369391594874,0.9614328241187494,107.78135990942143,0.941848181396033,0.0,False,False,False,True,post,100,off_axis,119.16822016945257,13.61
629,6.660134220455319,199.5983598462009,25.434195264841872,81.443066382,2.688985760859781,0.6526397649701892,0.2896271426047004,0.4177446102819237,0.9961012357100376,0.0564966743235526,0.0589520979720748,1.109129554159155,103.57442721312053,0.942179922900744,0.6933115005582945,True,False,False,False,pachytene,100,off_axis,108.09035574591317,13.61
1085,8.679655378316188,208.71035931928816,16.970091734196963,27.499555494,1.8724591631917047,0.4763285848332338,0.1282306163021869,0.5658902101319433,0.9551848217206412,0.2180363549234184,0.1019904951286289,1.2622254023644892,108.4149734361686,0.9426301992991803,0.2265998138972727,False,False,False,False,pachytene,101,off_axis,119.54630159239626,13.61
146,1.201916167664688,211.696372403763,14.04555577416646,27.42214482,1.8707005341861205,0.5100940975192472,0.0906637027627818,0.6059018683429369,0.9908256880733946,0.1933845824829801,0.1146139076447985,1.026969127592095,110.14298384025531,0.9427298798370816,0.149634301360937,False,False,False,False,pachytene,101,off_axis,123.35197692872417,13.61
488,4.885566541652419,215.6710619502176,13.975770985339937,41.281001244,2.143979051717376,0.5706898511194454,0.1450718569650333,0.5683653209794838,0.9943076923076924,0.0781085253345799,0.0636877535825576,1.037916183409439,108.85024454542992,0.9428422375932098,0.2552440333886415,False,False,False,False,pachytene,101,off_axis,127.11121249238089,13.61
1369,10.22234628326748,212.85877169623785,12.23193670847336,30.673393128,1.941889009813176,0.43583664729275,0.1427077280650784,0.5696082418327233,0.933450704225352,0.2711277038623145,0.0767683334958857,1.085395799922929,111.45016921616676,0.9447755047212818,0.2505366277810766,False,False,False,False,pachytene,101,off_axis,125.06851559925448,13.61
157,0.5034738304770692,215.16767105141312,12.400324918943909,5.064534702,1.0653287496120776,0.3784159333024548,0.1263020833333333,0.4977645305514158,0.8388059701492537,0.3409755187579926,0.1054505186492548,1.1052921697119755,110.50286874537703,0.9460114603718264,0.2537386165169661,False,False,False,False,pachytene,101,off_axis,127.1765612562168,13.61
797,7.020961347869173,223.74457998017832,12.00012836967242,18.935120016,1.6534579360620048,0.3154112983151635,0.0364428945074106,0.6083966702859211,0.511307767944936,1.3209831136087071,0.0513687387893963,1.2419547349714637,107.94787170135322,0.946138602106154,0.0598998914479331,False,False,False,False,pachytene,101,off_axis,135.3738138003961,13.61
957,7.856388654872152,221.9080483010363,10.479857371524858,25.059946374,1.815364517705692,0.5050079565665075,0.1521564854898188,0.5448184568835098,0.9396835860250494,0.346245234102995,0.1653743862567146,1.184003992546637,110.00423434881827,0.9463372272132488,0.2792792416765575,False,False,False,False,pachytene,101,off_axis,134.1673954739391,13.61
1440,10.39512866382294,216.6693883032909,10.305876881795202,17.046768726,1.5965572144832356,0.590339892665474,0.2493696419566313,0.418206247900571,0.9780306002353863,0.1893858399382452,0.1243084267680738,1.1757256309380064,111.9580157829808,0.9478224300415504,0.5962838747830455,False,False,False,False,pachytene,101,off_axis,129.31286887713202,13.61
1315,9.835401002506051,210.07459419643024,12.98353125000029,29.950893504,1.926520898625902,0.4895050125313283,0.1573367808661926,0.5802393372200061,0.9626220362622036,0.1881636156303312,0.1050751519356199,1.0852105662577776,111.69529895587127,0.9483891299931414,0.271158418214131,False,False,False,False,pachytene,101,off_axis,122.19754751307676,13.61
137,0.9802383869889696,207.44557967026785,14.21578349114431,21.058049106,1.713075517011259,0.503063384204077,0.0815318097591105,0.5931405514458642,0.9749063670411984,0.232279522624024,0.1398096350917149,1.1063059970031712,111.43568388063541,0.9484615052053564,0.1374578243897929,False,False,False,False,pachytene,101,off_axis,119.3033512799998,13.61
228,3.159086551032687,222.74217602196865,10.720227429616964,26.913110994,1.8590529704162693,0.3466399372439641,0.119877891276271,0.5901814300960512,0.6993710691823899,0.5644061625510031,0.082150664480126,1.3455662730453273,109.49327878666281,0.9492113544635916,0.2031204052908968,False,False,False,False,pachytene,101,off_axis,134.86915842049402,13.61
630,5.560087070091353,205.5126637353087,16.069749194601467,26.94126033,1.859700893434805,0.5874619068350022,0.0234954657873042,0.6933305192064162,0.9935458634852338,0.0913307284779886,0.0701950285600971,1.157858407267954,110.35389971745529,0.9492490323741846,0.0338878285845501,False,False,False,False,pachytene,101,off_axis,116.84881412956298,13.61
989,8.171971170346643,220.8382457270312,8.645737306943882,20.504445498,1.6979300971715936,0.3892003203294817,0.0933944642553914,0.5607791721296123,0.4481558803061934,0.7405055148005772,0.1484774098607163,1.2881481835475646,112.0935259319382,0.9496344321047672,0.166544103092697,False,False,False,False,pachytene,101,off_axis,133.7994011287105,13.61
535,5.41286035794656,224.69870673025733,10.15034815132372,21.888454518,1.7353037142432144,0.3998499624906226,0.1234935044607919,0.5475,0.5052372150338879,0.9808034244015258,0.1037016590875359,1.6042181818882302,109.36021678731137,0.9505595424476468,0.2255589122571543,False,False,False,False,pachytene,101,off_axis,136.90264540315044,13.61
170,2.6222624252474467,220.8501559173808,9.693761616161382,46.678636422,2.233622884652353,0.369365294738429,0.1503148486695105,0.5766993385927166,0.6600181323662738,0.5340658878139718,0.0584239259805292,1.27149029338603,111.10452935354756,0.951058077556041,0.2606468199466197,False,False,False,False,pachytene,101,off_axis,133.44364923743626,13.61
142,2.390492159884092,210.3722837396908,10.88555368893254,51.761937348,2.311926223873157,0.501948699356476,0.1799119468696366,0.5606005459508644,0.9747280334728032,0.160688707879793,0.0666064191646129,1.043935419927398,113.5652311340263,0.9514477869995824,0.3209271702803614,False,False,False,False,pachytene,101,off_axis,123.22793624316209,13.61
167,0.937682832948429,219.4775576789844,9.480272690531152,12.188662488,1.4276524030199294,0.3344880677444187,0.0060362173038229,0.4927703875072296,0.4905183312262958,0.7738063717347587,0.0518991910565995,1.0079182425008315,111.77424076821946,0.9524040476987772,0.0122495536599881,False,False,False,True,post,102,off_axis,132.23188285545154,13.61
1314,9.7093218390805,206.2641156379316,13.695985224138749,40.8165372,2.135907870057785,0.5167816091954023,0.188495318984654,0.5583967649857279,0.970508866615266,0.2258501624265926,0.1185367185466652,1.3111846413502728,112.32794401084527,0.9527622073311148,0.3375652059686839,False,False,False,False,pachytene,102,off_axis,118.38179081303902,13.61
987,8.00619996276289,217.8701910351908,7.732027183019763,25.198347276,1.818700345145179,0.3818655743809346,0.1483904065666281,0.5060240963855421,0.7285483000539665,0.347251724752019,0.1375147118467113,1.2213919651645095,113.96653679917529,0.9529038081216472,0.2932477082150033,False,False,False,False,pachytene,102,off_axis,131.35987091876828,13.61
1346,10.225511836212736,211.6619392034552,9.017274184261094,29.331608112,1.9131502912096976,0.5065579014715291,0.1477900552486187,0.5769854132901134,0.972546887741234,0.1571301987577407,0.0900483529635364,1.0800320021238317,114.88029711724141,0.9530215770782478,0.2561417530572971,False,False,False,False,pachytene,102,off_axis,125.1179082861015,13.61
271,3.451179941002965,205.89211703539704,13.799515426388774,34.989624648,2.0290070596350827,0.4660096540627514,0.1958606764260474,0.5753923414940364,0.8845411959217415,0.267583962457867,0.0822111773368392,1.1034683214649272,112.35777494953241,0.9531508005402995,0.3403950005964363,False,False,False,False,pachytene,102,off_axis,117.9973478143229,13.61
124,2.450513347022587,196.9950314168372,18.666494599589253,11.423938859999998,1.3971480221179104,0.7513347022587269,0.0,0.4426094137076796,0.9975097829953752,0.100543200664909,0.1522793811558808,1.0430701992633038,110.8243372221347,0.9532238763220144,0.0,False,False,False,False,pachytene,102,off_axis,107.95737754288572,13.61
355,4.546499715424032,193.1134468412073,25.068255036995392,12.364595837999998,1.4344886133914434,0.7763232783153102,0.0,0.4130619168787107,0.990521327014218,0.0635764354103619,0.1368896882865929,1.0236871867102406,106.13450946681783,0.954264791705438,0.0,False,False,False,True,post,102,off_axis,102.12093468629644,13.61
136,1.1168858945567817,206.6931153352581,11.818065222970706,21.935370078,1.736542642100798,0.4254090471607314,0.1259150805270863,0.5713753954959985,0.8819108964036501,0.3519016201551503,0.0916273863632062,1.0412478964166845,113.94619320715277,0.9545115772759668,0.2203718982645064,False,False,False,False,pachytene,102,off_axis,119.46354859790198,13.61
161,1.2805122788486707,217.67567895431745,9.07470780301042,17.766922572,1.6187304393476551,0.5458146289939265,0.1930565329580108,0.4578488372093023,0.9658823529411764,0.3151290089526078,0.1830162354325559,1.0026182850857288,112.77116753698772,0.9561973747293192,0.4216599830955919,False,False,False,False,pachytene,102,off_axis,130.69138725286393,13.61
988,7.934192716725691,218.14335352884248,6.261924846922387,7.278949133999999,1.2022460487059938,0.3957460522075411,0.0,0.4058666666666666,0.9041322314049588,0.6917647304224519,0.2182513572778086,1.2363049729591886,115.25477791919367,0.9563311905264764,0.0,False,False,False,False,pachytene,102,off_axis,132.1596677127638,13.61
728,6.570618878933169,205.11242183788227,13.030384892686492,33.772165865999995,2.0051957159743528,0.4888518441341946,0.1724021592442645,0.5863568419622232,0.9805466633834032,0.2083718603122339,0.0734109477485007,1.1534021258969072,113.34705419198266,0.9564218890723092,0.2940225932511106,False,False,False,False,pachytene,102,off_axis,117.54806808392958,13.61
148,0.983390096934732,213.5431897039514,8.401057322504688,26.861503878,1.8578639371718977,0.4709632346519954,0.1510650224215246,0.5080884780455596,0.6572690217391305,0.2196352616986542,0.0621641358087073,0.9787754696721684,114.8165093628898,0.956452265269122,0.2973203072870683,False,False,False,False,pachytene,102,off_axis,127.09301096809915,13.61
268,3.04954525768733,192.2546384148993,22.913259419662896,5.416401401999999,1.0894502699854915,0.5513209181463837,0.0,0.4642857142857143,0.8109756097560976,0.476882573139272,0.1074151167956685,1.0116654069519853,108.45325199784449,0.9569147938287236,0.0,False,False,False,True,post,102,off_axis,102.05028697842135,13.61
732,8.14191253400272,215.05296397631847,7.623510008071149,78.473311434,2.655896357912716,0.3698621947209518,0.1871987661461346,0.5815939278937381,0.398689138576779,0.6603937448682873,0.0381913119508825,1.1983404101590311,115.03128833103732,0.9570970684114692,0.321871940486176,True,False,False,False,pachytene,102,off_axis,128.78413785645895,13.61
1295,9.988255613126102,208.0921758053635,9.682151745888776,31.238725626,1.95374659041996,0.4721784185627393,0.1611170784103115,0.5766111822449851,0.9741847826086956,0.1434827762865431,0.0639439046327021,1.098622811760827,115.47539143555736,0.9576536536005512,0.2794206622615543,False,False,False,False,pachytene,102,off_axis,121.56155252118744,13.61
385,4.453219521246967,218.7491792354812,8.666240758953395,25.282795284,1.820729768824567,0.5516793468175913,0.0387905311318877,0.6827400662251656,0.9780420860018298,0.3078174396979931,0.2072660890538377,0.9116581418923356,112.78818090439493,0.9581983543179105,0.056815958299267,False,False,False,True,post,102,off_axis,131.83996649597668,13.61
149,1.5622403667096314,215.07747047701008,7.070744262998937,16.375876218,1.5753315799856396,0.4780117461681707,0.1605620824694771,0.2963776070252469,0.3214676889375684,0.6612370095636633,0.0671626453325166,1.0330177431158791,115.54239901637399,0.9590756306719156,0.5417483597396062,False,False,False,False,pachytene,102,off_axis,129.0152611039161,13.61
1226,9.861037136165343,210.72786457678217,6.6744250117095465,35.05765220999999,2.0303211543975337,0.3975911676145868,0.134326923076923,0.6049094746195712,0.973624959794146,0.3995036422099582,0.1294796331759004,1.1531773817645747,117.4013048859015,0.9591101860632686,0.2220611987626769,False,False,False,False,pachytene,102,off_axis,125.15627604760476,13.61
125,1.9048927361686316,197.31418300715052,16.010119025216866,12.465464291999998,1.438378832387308,0.7642077531050057,0.0,0.4317637669592977,0.996875,0.1054736619261739,0.1676983083103444,1.0729583917608818,113.21171367518254,0.9597879546598594,0.0,False,False,False,False,pachytene,102,off_axis,109.20028043833408,13.61
154,2.835309503051439,215.4611504359214,7.078070662598149,5.381214731999999,1.0870860041559909,0.5170008718395815,0.0080572963294538,0.1615523465703971,0.5057471264367817,1.0235139729206697,0.1455884067377545,1.0418737025342006,115.40439374980946,0.9599977714306474,0.0498742141510327,False,False,False,False,pachytene,102,off_axis,129.3676523591305,13.61
354,3.2436525612471896,190.4734089086846,24.915331570155704,4.213017288,1.0019242250082845,0.6742761692650334,0.0,0.4495726495726496,0.5165816326530612,1.0128716660823185,0.0838977164534799,0.9976405538540916,107.18044058497621,0.9601991543727636,0.0,False,False,False,True,post,102,off_axis,99.69210493352725,13.61
246,2.94096161508818,204.1832733829176,10.333508726257971,35.322725123999994,2.035425436143836,0.5282241997609245,0.1949229374433363,0.5820664414414415,0.985708534621578,0.2444402346651189,0.1522721369227849,1.1525473382931932,116.19909071621679,0.9615313325024994,0.334880906311357,False,False,False,False,pachytene,103,off_axis,117.70227105258223,13.61
135,0.7619428969359177,206.44698812674008,8.740945038300517,13.474148832,1.476174085527091,0.5489206128133705,0.1216949152542372,0.541875723658819,0.9653906659674882,0.1724595787914942,0.1355846580683225,0.92178077936161,116.92216278613728,0.9618501229234732,0.2245808585639093,False,False,False,False,pachytene,103,off_axis,120.4077262016277,13.61
160,4.4610451749208,216.74691463990615,7.266234828807666,37.750605354,2.0810304597493983,0.4387000559249363,0.1988470066518847,0.5411269788553084,0.9574468085106383,0.2573791444729624,0.0951113582390438,1.03376046796478,114.78815730639258,0.9619135681699086,0.3674682919571347,False,False,False,False,pachytene,103,off_axis,130.4887229291103,13.61
1257,9.609374430056231,204.90751088820204,9.787452015320136,25.723801548,1.8312550993843535,0.3816341418931241,0.0930854620837233,0.6127414835569975,0.9205020920502092,0.6022080869393492,0.175596656251958,1.157413415616745,116.46476807854972,0.962710867752988,0.1519163702502354,False,False,False,False,pachytene,103,off_axis,118.58174383635183,13.61
1225,9.504189149416042,207.37287824977645,7.46452942215218,23.910515154,1.7871737405561274,0.4732659668399882,0.1711948132139549,0.5276587818960701,0.9443339960238568,0.3474244456301371,0.1492915550932253,1.059958100202314,117.80531326110324,0.9631823319615612,0.3244422704361891,False,False,False,False,pachytene,103,off_axis,121.7626375735789,13.61
145,0.9073278724817476,210.7226450741658,6.217887336727856,10.595879226,1.3625406359436438,0.5096302855877795,0.1470927993839045,0.508803611738149,0.90945194598888,0.246501977238104,0.1249206613891821,0.9220243966377824,117.8321397192359,0.9632515188891236,0.2890954309098034,False,False,False,False,pachytene,103,off_axis,125.33193214665158,13.61
674,6.225558547412715,203.98024811876823,10.15388359653572,32.233335497999995,1.9742654547918463,0.4846081071246634,0.1786128508466713,0.5641061846935894,0.9812775330396476,0.2878767703325153,0.1316745797537806,1.1249894115012935,116.4372837074774,0.9638993249597294,0.3166298397236862,False,False,False,False,pachytene,103,off_axis,117.58498212027934,13.61
673,5.471881360860717,197.6149690607753,15.27335469613232,8.067130542,1.244161691858489,0.788601337598139,0.0358090185676392,0.4800550206327372,0.9973094170403588,0.1115316990868181,0.2116925831643986,0.9689919884805706,113.80132839901756,0.964247041130334,0.0745935716294377,False,False,False,True,post,103,off_axis,109.75120678424396,13.61
158,2.946250604741116,214.5651790517683,5.420431591679165,29.092338756,1.9079339774390915,0.538139009837123,0.0722384191771946,0.6237779329608939,0.9778411584028084,0.2425249737437033,0.149260361765329,1.0758264869543872,117.26842405243512,0.9643977751863604,0.1158079107324295,False,False,False,False,pachytene,103,off_axis,129.17787380856748,13.61
1008,7.564733450497977,192.96852126537868,18.8720521968363,4.004243045999999,0.985093092000714,0.5014645577035735,0.0,0.4524089306698002,0.9107551487414188,0.4460173281932497,0.1532309949228451,1.083530075393008,112.007187456803,0.9647097183176636,0.0,False,False,False,False,pachytene,103,off_axis,104.11450707417373,13.61
1012,8.553379953379885,209.7149607774559,4.363110448375974,34.215517907999995,2.013932156175514,0.481489099136158,0.1268760101593166,0.5893164088324739,0.9666837519220912,0.1578333303643918,0.0730424991030122,1.0606993356680705,119.91961595912936,0.9657982495798956,0.2152935303645751,False,False,False,False,pachytene,103,off_axis,125.1606146242793,13.61
156,6.082570503929759,212.50565416089248,5.561452843273276,40.591342512,2.1319725173016946,0.4705270457697642,0.1636695572797809,0.5617769046059812,0.9378384232185402,0.1658707606397725,0.1063446879055556,1.0021058696192535,117.83972155232608,0.9661486235000694,0.2913426236248986,False,False,False,False,pachytene,103,off_axis,127.22908140313726,13.61
896,6.654967502321274,193.1745692200561,16.038204317548537,5.052805812,1.0645057202751893,0.7228412256267409,0.0,0.4472361809045226,0.9910313901345292,0.135702027235397,0.1433739668063985,1.061890404733276,114.60000359775009,0.9682713389733438,0.0,False,False,False,False,pachytene,103,off_axis,105.34772167447221,13.61
131,0.9193256704980712,204.2187290574738,6.359923724137844,15.306201449999998,1.5402561039035263,0.4737164750957854,0.1286475513828977,0.5235876528829354,0.96163215590743,0.3863452727370777,0.1795818462016167,0.9371180527900996,119.92132303805494,0.9689257959982188,0.2457039440761239,False,False,False,False,pachytene,103,off_axis,119.33076455993037,13.61
1222,9.336891983366977,203.9870977661744,7.242935596170279,24.257690298,1.7957819937147717,0.3206653128324146,0.0737078059071729,0.6029893238434164,0.4482237339380197,0.9618608240462886,0.0902196028571784,1.1329438400407892,119.17063267485203,0.9692389870873708,0.1222373315622969,False,False,False,False,pachytene,103,off_axis,118.7552337767497,13.61
226,2.9564320872689125,211.84786746042437,3.5400499467872297,35.266426452,2.034343482219763,0.6342290807502993,0.1352413901556848,0.5533733406073832,0.9918275327603212,0.3354279839597051,0.3368934519020118,1.0550855179290763,119.9642167425398,0.9697059030494676,0.2443944806001021,False,False,False,False,pachytene,103,off_axis,127.4432277325201,13.61
143,1.1685583460524367,209.93441826002845,3.6478782017481937,16.906022045999997,1.5921510730941806,0.4889690578604134,0.1462679647658785,0.52810209068694,0.961926091825308,0.2808720640303485,0.1444818625058094,1.066600763027456,120.51678844846538,0.9697441607582178,0.2769691075746687,False,False,False,False,pachytene,103,off_axis,125.6566115910209,13.61
1224,9.602664261430451,206.18873545410588,4.665300707695336,33.809698313999995,2.0059382608024614,0.4402969541386249,0.165770423991727,0.5899343002355275,0.914708722240103,0.1368763977590826,0.0415341242926839,1.0543526843558664,120.84068258391429,0.9704926768821924,0.2809981110193868,False,False,False,False,pachytene,104,off_axis,121.82898256641427,13.61
675,6.49731509254552,202.38828119833295,7.7219032994368115,32.064439482,1.9708111668498205,0.4892823176530836,0.1713946587537091,0.6102277610657499,0.9585987261146496,0.2863720400607737,0.1568712904397614,1.1125099798692846,119.26688644846669,0.9709173282475784,0.2808699795210431,False,False,False,False,pachytene,104,off_axis,117.10083939776594,13.61
130,2.640982179137412,201.7881534451746,7.145392215708265,40.410717606,2.128805504173269,0.4991002496081732,0.209436555199267,0.5352879823849809,0.943959390862944,0.2259059827162265,0.0892296703627358,1.2351944534290895,120.01377727013065,0.971144297749439,0.3912595875329022,False,False,False,False,pachytene,104,off_axis,116.79396375037224,13.61
565,5.05238550922772,205.111642597402,6.793459870129949,34.318732139999995,2.015955193353097,0.4763499658236501,0.215463389656938,0.561676021407127,0.8914253897550112,0.1270969475664741,0.0388036744011835,0.9577638900050928,119.20874161100038,0.9716883576474956,0.3836079544879856,False,False,False,False,pachytene,104,off_axis,119.96520261769683,13.61
450,4.51753566158381,210.4495668224322,4.209649766355204,19.075866696,1.65754460106805,0.5356615838662075,0.0754162585700294,0.5447563559322034,0.9641364902506964,0.335741985341491,0.201129049528232,0.8956312619150053,119.81279077888432,0.9731589902478104,0.13844034631037,False,False,False,True,post,104,off_axis,125.89327746511707,13.61
204,3.01271659324525,205.7544547356851,3.984215462555634,31.94949636,1.9684533896298777,0.4206314243759177,0.1468266839658341,0.5712837409707261,0.9581881533101044,0.3835817256818422,0.1385093994184339,0.9429555856036248,121.62917444108422,0.9746096123570944,0.2570118374388636,False,False,False,False,pachytene,104,off_axis,121.7243950403964,13.61
134,0.6700753851196131,206.28706061946835,3.349668239921333,14.313937356,1.5062260959120386,0.3272697476237299,0.0508670520231213,0.5895249695493301,0.3096774193548387,0.0529510627553817,0.012778206970451,0.9035701232326472,122.04350338166668,0.9748180213556844,0.0862848134524434,False,False,False,True,post,104,off_axis,122.47741326525919,13.61
129,0.916678545972916,202.44745557733415,4.086954846756851,13.164506135999998,1.4647786030425234,0.5269066286528867,0.185832566697332,0.4598870056497175,0.7012278308321964,0.4333965595413707,0.0844401770123287,0.9541357492299992,122.66276466547866,0.975853072749616,0.4040830995752797,False,False,False,False,pachytene,104,off_axis,118.69736738034824,13.61
1084,8.845492967504796,202.55002406984133,4.841106796924387,33.856613874,2.006865669455728,0.3766368738308043,0.1112318482663242,0.6134266977881516,0.6366473473027195,0.7251909311969972,0.0659232469770824,1.0865232619826488,121.91896555159464,0.9760104669879772,0.1813286716528573,False,False,False,False,pachytene,104,off_axis,118.46231894206635,13.61
140,3.5992861901589177,208.6269987341712,1.344035262205988,49.294178892,2.2745858992360515,0.4825830398781764,0.1269471655692949,0.525154051319783,0.9776476849387972,0.0827623499399078,0.0321282295333558,1.039842520976372,123.12872644530323,0.9775530156434058,0.2417331928607607,False,False,False,False,pachytene,104,off_axis,125.45451728814739,13.61
563,5.599900941059981,199.97755538102112,5.417521099554405,33.152880474,1.9928634994480376,0.5244463312813982,0.1665426587301587,0.5749144472548728,0.9895555555555556,0.113282663537075,0.0692425615058692,1.1924648472643553,122.25637851019033,0.9792195042283086,0.2896825075893883,False,False,False,False,pachytene,104,off_axis,115.89439797626606,13.61
1221,9.36137973993615,203.54492957252967,1.7618840691426796,30.126826854,1.9302857032038363,0.367826831737133,0.0941649001450407,0.593053331691095,0.4720221606648199,0.6250195947953239,0.0221396986052946,1.0656091053547254,124.47279676664948,0.9799502124602484,0.158779818126186,False,False,False,False,pachytene,105,off_axis,120.71120469874707,13.61
127,1.92851610904589,199.56460794609717,3.862347723048745,30.288685536,1.9337364000541064,0.5227695167286246,0.1714400968132311,0.578383641674781,0.980117820324006,0.1937690189103735,0.1229853291161991,1.037354765267943,123.85904214311937,0.98082897535959,0.2964124232780948,False,False,False,False,pachytene,105,off_axis,116.21159704538483,13.61
1011,7.587423744720759,204.2199530736763,0.2965925856405461,4.998852918,1.0607032912953636,0.4448615673392773,0.0,0.4319526627218935,0.7343096234309623,0.9800089074405616,0.2023671935568175,1.0047746444064434,125.61918346740106,0.9823949838276068,0.0,False,False,False,True,post,105,off_axis,121.97632216977412,13.61
132,0.6231607629427887,203.00048079019044,0.8337427792915598,5.165403155999999,1.072354893823536,0.4627611262488647,0.0,0.4344885883347422,0.9657039711191336,0.1836723880755644,0.1331185887855457,0.9348187864404794,125.53111944149009,0.9825480083061552,0.0,False,False,False,True,post,105,off_axis,120.64612470799436,13.61
133,2.0940110497237567,205.42200397790089,0.4393030939226615,10.61464545,1.3633445541984213,0.3737016574585635,0.0,0.5434015525758645,0.6353887399463807,1.1127388173839798,0.1480713975401973,0.971651339685866,125.07427251225897,0.9828797049662686,0.0,False,False,False,True,post,105,off_axis,122.98270166199796,13.61
1083,8.615515746893802,200.4212911152829,2.4796976307425598,32.474950631999995,1.979186090298116,0.4250939034960994,0.1498611407818841,0.5980650835532102,0.826978417266187,0.5113893925771663,0.0991019054048091,1.0755102951957636,124.86568207652203,0.9836473653476008,0.2505766427485328,False,False,False,False,pachytene,105,off_axis,117.60021811185666,13.61
128,0.7760709010339636,200.30400941654355,1.3022395125554005,12.704733648,1.447523595654067,0.6731905465288035,0.1903019213174748,0.4807909604519774,0.9938200077249904,0.1430159637348361,0.1832079407592468,0.9194364238939932,126.0123296793986,0.9843075599105708,0.3958101066180146,False,False,False,False,pachytene,105,off_axis,118.03627015746517,13.61
517,5.407050743990945,197.9339640366284,3.5568265318582104,30.74142069,1.943323525995378,0.4528042731781763,0.1575422932330826,0.5753730302607726,0.9487444100447197,0.1308969998089004,0.0382157985298783,1.1783935425186467,124.70343019376212,0.9858796128955126,0.2738089638328734,False,False,False,False,pachytene,105,off_axis,114.89524701773738,13.61
1123,8.456767561393475,200.77731433466533,0.2350932609937213,4.107457277999999,0.9934853832622816,0.5636778983438036,0.0,0.2761780104712042,0.8454011741682974,0.9902250348913176,0.3105768528237546,1.0222148011370609,126.85347803602367,0.9875290283485014,0.0,False,False,False,True,post,105,off_axis,118.95207569981963,13.61
123,1.7923686575700848,196.9047172072866,2.113491445379542,28.709976942,1.8995384030609348,0.6097720401993627,0.187063829787234,0.5037688442211056,0.9934115709285568,0.2287200259018047,0.2093430279744059,1.0115181602846273,126.41160498005644,0.9884884843114417,0.3713286995277762,False,False,False,False,pachytene,105,off_axis,114.65083090430207,13.61
980,8.461542991754888,197.05801283126965,1.3450359319787266,31.865048351999995,1.9667175391796408,0.5082449941107186,0.1328054004933142,0.5643712574850299,0.9657304818345788,0.2849393354987061,0.152064067711772,1.1443848690584453,127.0814067016962,0.9916881718394458,0.2353156698396125,False,False,False,False,pachytene,106,off_axis,115.14861521740922,13.61
861,7.998565993561179,183.3022664618088,12.386055794557016,48.093140556,2.25596059535632,0.5858452833869867,0.2609452519801549,0.4361088211046991,0.9436598999705796,0.1325622265078397,0.0673857165491639,1.406899790803905,121.40605974558326,0.9918156903454454,0.5983489426312437,False,False,False,False,pachytene,106,off_axis,97.85437555183302,13.61
516,4.973147023086352,195.1511471673744,2.5744114064398493,30.889204704,1.9464326120557596,0.4943803159173754,0.1928718632561522,0.5512165815560228,0.9693570451436389,0.2014384384021507,0.0953340953655716,1.2911214878009896,126.57770582867408,0.992769361142726,0.349902143204213,False,False,False,False,pachytene,106,off_axis,112.88694599687975,13.61
122,2.2291540638110363,194.1383010342481,1.0579670504439271,24.041878722,1.7904406559214483,0.4859986340130744,0.0749780509218612,0.4986712224753227,0.9448909299655568,0.0997351941918033,0.0411864893275014,1.1773855990339124,128.34898340149533,0.995530361442748,0.1503556803412125,False,False,False,False,pachytene,106,off_axis,112.72609424567928,13.61
699,6.293288745387415,192.68668062730828,0.8254627998155011,20.342586816,1.6934505635991826,0.4686346863468634,0.0,0.4963107638888889,0.90627973358706,0.2380656935164656,0.113017050916917,1.308924170839037,129.0635705714758,1.0000000000000004,0.0,False,False,False,False,pachytene,107,off_axis,111.57513472034488,13.61
