nucleus_id,cz,cy,cx,vol_env,r_eq,gap,gap_int,thick,void_big,void_off,offset,syp_io,s_um,s_norm,score,merged,mitotic,crescent,post,cls,row,zone,r_um,off_axis_cut_um
508,9.70949138966756,168.94852046455802,3.932456708049676,5.857407665999999,1.1182501042215185,0.5026031237484982,0.0,0.533011272141707,0.6892109500805152,0.6461614535377314,0.0980019280505368,1.04604169573828,294.8887599074525,0.0,0.0,False,True,False,False,mitotic,0,off_axis,75.79678992714727,10.89
437,8.755495162518017,163.62862045874556,8.886427644309016,21.578811822,1.7270820593746254,0.5991955647352973,0.0497422680412371,0.6834825061025224,0.9852763697803524,0.1698774222580674,0.1292691580212783,1.1598795995538556,287.68396144842245,0.0228529561801626,0.072777675503191,False,True,False,False,mitotic,1,off_axis,70.17275096300617,10.89
521,10.34153643381646,168.06130012238947,16.233305394463912,24.916853916,1.811902672504284,0.6314253436264357,0.0779557230334432,0.6738186462324394,1.0,0.069144540350449,0.0706507028004082,1.1354694144497233,284.8203053547295,0.0384920747122855,0.1156924396042191,False,False,True,False,TZ,3,off_axis,63.52868106283846,10.89
371,8.468106702977085,159.25740555177052,12.078074215509806,37.900735146,2.083785483329635,0.7169028903880671,0.0476785342494274,0.6972015741145605,0.9993997599039616,0.1013047426303768,0.1603938784042812,0.9724221122494476,282.4431311954203,0.0396499258762416,0.068385580325143,False,True,False,False,mitotic,3,off_axis,66.67148139018344,10.89
436,9.35003647733168,160.02722910891026,19.65603801980301,22.50773991,1.7515172796777525,0.6174048983845752,0.0379979035639412,0.6807409425224734,0.9945127304653204,0.1464370184658787,0.1280357565632355,1.196360775791425,277.0759919051971,0.0563612184471692,0.0558184489728805,False,True,False,False,mitotic,4,off_axis,59.14285146794291,10.89
101,4.114834588928914,178.1942455249061,23.80831389698706,286.46640935999994,4.089419828298265,0.6044300687848019,0.182442838526241,0.6374438487175772,0.9981836165812428,0.1419586880139979,0.12721897675925,1.3746945612817048,285.3984784244237,0.0705186851516787,0.2862100542554192,True,False,False,False,pachytene,5,off_axis,59.035977741268425,10.89
520,10.12458090700569,164.22823554790736,26.8975768131293,26.587047852,1.851514720674224,0.5724369154755602,0.0851425335095337,0.689847296739579,0.998321091290661,0.0646845442628965,0.0548545561978165,1.1605754611920804,274.1466857298506,0.0730906958953557,0.1234222905734969,False,False,True,False,TZ,5,off_axis,52.37472398512081,10.89
327,7.306664053312788,150.43078024304063,19.56955739905997,23.936318712,1.7878163987071742,0.6505292042336339,0.036476627938395,0.6982613572630398,0.9996275605214152,0.1150190632467518,0.1280178310980355,1.1349853905288485,271.0516909033091,0.0759172047276541,0.0522392189671954,False,True,False,False,mitotic,6,off_axis,59.42505747088912,10.89
407,8.269728601252298,173.82145084869182,29.935901243531912,25.843436226,1.8340896060195908,0.5599528002178451,0.0716200689391037,0.7027640264026402,0.9986728599867286,0.0991996089383118,0.0726583010391856,1.085038701611143,277.8879376009128,0.0825862434062155,0.1019119736474244,False,True,False,False,mitotic,6,off_axis,51.75980080294873,10.89
416,8.524061448959202,161.5632217616597,31.503486528497948,25.805903778,1.8332012924646743,0.5466775747659304,0.0839456282145481,0.6851814718267496,0.9897100093545368,0.1615942032948421,0.1018322723769675,1.0808761701543768,268.8959754520232,0.0890459486344089,0.1225159051524586,False,False,True,False,TZ,7,off_axis,47.463822589582776,10.89
498,10.031865755557488,150.7574407577192,26.582952097570303,27.119539458,1.8637939612241017,0.6582475564397543,0.0572655690765927,0.6884333080232853,1.0,0.0823890491623407,0.0905413869994697,1.1693572442316535,265.83952695898756,0.0905581794679966,0.0831824497873595,False,True,False,False,mitotic,7,off_axis,52.415989169795644,10.89
326,8.123342002600682,142.41187699935475,21.061295700585507,28.862452512,1.902895214899011,0.552665799739922,0.0,0.6297238372093024,0.9830284328851664,0.1962052371615936,0.1298026593643398,2.5280137793834845,264.8091541521027,0.0991262620297739,0.0,False,True,False,False,mitotic,7,off_axis,59.31151485294055,10.89
384,8.388068239861289,138.76584434569355,14.234762151394856,22.962820842,1.763243166395226,0.6285626723873736,0.3129251700680272,0.3641364136413641,0.9648495680667264,0.1595487739279171,0.1209944146578994,2.1052445150304067,267.7700277249319,0.102131854557731,0.8593624761082681,False,False,False,False,pachytene,8,off_axis,66.83452299682338,10.89
258,5.279472527472612,177.30868065933862,37.51515173626444,16.009934849999997,1.5635087585536025,0.673992673992674,0.0296554731792412,0.6391011235955056,0.9991753710830128,0.0836982233575431,0.0980846897613825,1.157500115816257,274.2446158704746,0.1102114765172435,0.046401847977364,False,True,False,False,mitotic,8,off_axis,46.16134705576843,10.89
288,6.032004409332901,169.58564286239158,40.954412033803976,25.536139308,1.8267910555964584,0.6203380488701085,0.0383899488134016,0.6965884345511735,0.999437570303712,0.0736933286936711,0.0702239908366545,1.0618900374047082,266.6849521514695,0.1200368574837977,0.0551113784111806,False,True,False,False,mitotic,9,off_axis,39.95976132836712,10.89
417,8.928240343347927,175.5715908154493,43.30349006008615,27.328313699999995,1.8685644198141669,0.6661802575107296,0.074047619047619,0.6376960658266907,0.999514091350826,0.0481860532148581,0.0623115225525046,1.1264405069306782,268.6691787738504,0.1246590105064539,0.1161174155145929,False,False,True,False,TZ,9,off_axis,40.22714074921813,10.89
519,10.267812650893251,154.22911486238522,40.30171926605475,24.29053119,1.7965920253325662,0.6649927571221632,0.0464540956569543,0.6964543095993082,0.9998224116497958,0.0355024903726463,0.0422944947744113,1.1689167323531866,257.4421045407207,0.125160214076542,0.0667008517524729,False,True,False,False,mitotic,9,off_axis,38.45189346182991,10.89
406,8.747726452544194,169.693769198844,45.77323340851717,26.000603352,1.8378001060063045,0.6826055575604475,0.0403709765411892,0.6753837407617965,1.0,0.065893027709102,0.088826231096429,1.1120723855918453,263.0299049544171,0.133622413192131,0.0597748718316093,False,True,False,False,mitotic,10,off_axis,35.48486889949554,10.89
355,8.06346676326746,151.51618225864857,45.23711204492028,25.902080676,1.835475875750123,0.6662742256837529,0.0801298052920619,0.6024423337856174,1.0,0.0327472178896342,0.0403142742145781,1.0687850286828342,251.90637537806725,0.142105656865524,0.1330082578834451,False,False,True,False,TZ,11,off_axis,33.813306458924785,10.89
146,3.6022360942886595,170.40380910276534,49.77664964129394,25.177235274,1.818192280956769,0.6749277927885959,0.0180129468055164,0.7128116938950989,1.0,0.0278765410101302,0.036543645052822,1.1935216381388674,260.38700181477816,0.1470054575644316,0.0252702739865086,False,True,False,False,mitotic,11,off_axis,32.10871834290119,10.89
394,9.053988745448825,152.24394386792412,50.72918443396378,28.346381352,1.891485452244494,0.6338960609069844,0.0227523746410426,0.6982368896925859,0.9998358233459202,0.0066375006260015,0.0068763032923538,1.1366886544127028,248.12438212085814,0.1584622552980106,0.0325854663036492,False,True,False,False,mitotic,12,off_axis,28.273911900927768,10.89
210,4.78552758529961,175.57139850012956,53.90087485308149,26.744214978,1.85515591371831,0.6846767827383563,0.0294276457883368,0.6767732962447844,1.0,0.0330832605412936,0.0418796855574464,1.1300365305059004,260.48007338289307,0.1601255534481741,0.0434822797406786,False,True,False,False,mitotic,12,off_axis,31.313114411063413,10.89
145,3.766054626838338,158.6008337900772,50.32322192381592,25.679231766,1.8301968599416516,0.7097835023294052,0.0257589696412143,0.6855524079320113,1.0,0.0307988839802024,0.0486396013183165,1.213232221271111,252.47297540029552,0.1648108101977828,0.0375740342287135,False,True,False,False,mitotic,13,off_axis,28.448959578371525,10.89
507,10.198443041259887,164.4443087622152,55.928130308797314,27.119539458,1.8637939612241017,0.678228526944036,0.1249117854622441,0.5981182795698925,0.999674107870295,0.0957027851110768,0.1274349195998221,1.1048565826818866,251.85087241450933,0.1695403789713822,0.2088412772672126,False,False,True,False,TZ,13,off_axis,24.128233888956032,10.89
435,9.325434101907645,157.52256579846383,55.3227798676343,32.962872456,1.98904899171841,0.6742100768573869,0.1911660777385159,0.5307994757536042,0.9980093843310108,0.0355297016365626,0.0401775490936724,1.1856482562434976,247.92522968233726,0.1731833200792597,0.3601474501592287,False,False,False,False,pachytene,13,off_axis,23.39228345891953,10.89
218,5.470043668122446,176.50065025009704,58.97077307661685,29.54507391,1.91778017061864,0.6470027788805082,0.0689005235602093,0.6421502474134053,0.9995300015666616,0.0922304576391029,0.0944312135128751,1.1415133113627527,257.1522006900208,0.1747535503284918,0.1072965771449004,False,False,True,False,TZ,13,off_axis,28.129656928455372,10.89
550,11.745817422004135,139.59707694358264,48.21862616182568,32.557052862,1.9808525936755172,0.49131781828662,0.1473429951690821,0.6219546742209632,0.9840835613031584,0.1132714349836938,0.0480045123431735,1.818093758592175,242.03707027723485,0.1772208763510694,0.2369031076961329,False,False,True,False,TZ,14,off_axis,34.816500120922115,10.89
475,9.562023156612089,139.19935612431362,50.4414146617927,19.24710849,1.662489693748291,0.4436319317489335,0.162999633296663,0.4584884994523548,0.947130883301096,0.2832401839682378,0.1215434702962359,2.7261950304869025,240.06699679355177,0.1817155101071615,0.3555152059241598,False,False,False,False,pachytene,14,off_axis,33.09414411732418,10.89
114,2.928365384615438,164.29937870192194,59.56274374999899,29.27530944,1.9119254827499477,0.6817307692307693,0.0656316160903316,0.6686807653575025,0.9998576715058356,0.0210667904288017,0.025004560145019,1.2116762919061246,248.9502838145435,0.1830183066796017,0.0981508957495471,False,True,False,False,mitotic,14,off_axis,20.679017511318737,10.89
182,4.331894409937769,152.4234043788815,57.86957527173978,30.21362064,1.9321376094119735,0.6582298136645963,0.0855837141670128,0.6394820536119945,1.0,0.0488305554396347,0.0680781764148503,1.2018330684236107,242.72065180154988,0.1832606016989776,0.1338328631485578,False,False,True,False,TZ,14,off_axis,21.204318575439725,10.89
370,8.366627565982288,147.12782080645312,57.77168221407719,31.99641192,1.969416429602312,0.6989736070381232,0.1436913451511992,0.5460301997077448,0.9993156309882288,0.0843552407668844,0.1237866660837302,1.173137286852962,239.4350460545238,0.1835122319356331,0.2631564064187439,False,False,True,False,TZ,14,off_axis,22.89743872850372,10.89
356,8.297654764420065,172.20128654130556,61.90770160574728,33.307701822,1.9959608549788117,0.6867385027114585,0.1252704031465094,0.5445143884892086,0.9987870619946092,0.0388172837018132,0.0643661024486091,1.1862437142092397,252.15380621445814,0.1836254038633229,0.2300589402129123,False,False,True,False,TZ,14,off_axis,23.02311214477481,10.89
542,11.301828787639906,136.57069653949424,47.5471745467433,29.758539708,1.922387802531045,0.5506069683115244,0.1200802592992745,0.5970882301350641,0.9881696428571428,0.1445936343722252,0.0803792094414204,1.892942716942784,240.63499912927645,0.1847422877624006,0.2011097409709648,False,False,True,False,TZ,14,off_axis,36.94136972579224,10.89
489,10.17966246268196,167.28912218973292,63.68224096143385,38.50125431399999,2.0947333946421653,0.7434960092609517,0.1296258011163944,0.4847980997624703,0.9986289812275893,0.0617481805823214,0.1248290081662989,1.2312408449818102,247.66467070902803,0.1952854651498359,0.2673810008329351,False,False,True,False,TZ,15,off_axis,18.518538917728343,10.89
385,8.749406598623043,172.23334206622323,69.28585042131716,39.53105085599999,2.113245324039821,0.6681699501542844,0.1960897067280046,0.5103719599427754,0.9985131953909056,0.0644837648699642,0.0792161253420999,1.288762627731714,246.47278972519354,0.2066665441472224,0.3842094043528388,False,False,False,False,pachytene,16,off_axis,18.381177408397342,10.89
236,5.837273159790636,147.5530048664466,66.11629982328354,34.513431714,2.019760361936027,0.6165975667776796,0.1375936401161901,0.5555752526147846,0.9987425337944044,0.0274062502571355,0.0294696763268246,1.2117305354081451,233.25673349815443,0.2107235091472028,0.2476597715046039,False,False,True,False,TZ,16,off_axis,15.397292574922426,10.89
127,3.588586595885895,158.82862143330877,66.54767903118591,31.815787014,1.965703543067496,0.6606945366069454,0.1020487804878048,0.6142981312472838,0.9998555122092184,0.0634117375605413,0.0793542472766727,1.2402802735884662,240.0803323781841,0.2107500681346785,0.1661225637795818,False,False,True,False,TZ,16,off_axis,12.375034176169551,10.89
169,4.471761406536513,150.98615704886268,69.71672612986924,43.49541567599999,2.181649399134225,0.710279365764211,0.1670026360676073,0.4940431868950111,0.998690440213559,0.0421567392295395,0.0686995896446435,1.3820158272672007,232.65366888072046,0.2204617424800791,0.3380324645648782,False,False,False,False,pachytene,17,post,10.500668877935423,10.89
132,4.076043933795591,168.20026570836123,72.49704615579142,46.345535946,2.228297124377276,0.6993976818342866,0.1903203817314246,0.4973901330190268,0.9990201842053694,0.0273473857411257,0.0575003850662806,1.4192405100367174,241.43147888058513,0.2212839352716304,0.3826380321946279,False,False,False,False,pachytene,17,off_axis,13.291219915709576,10.89
452,9.859123661148852,169.13921224439986,73.9060448734187,48.18228012,2.2573535260141404,0.7038461538461538,0.2092811646951774,0.4780535919776426,0.9959491285916156,0.0387370385125506,0.0350951507397416,1.2924652803600385,240.9386694672842,0.2225288817116661,0.437777622022271,False,False,False,False,pachytene,17,off_axis,13.570417026807204,10.89
405,9.307921532531534,147.5452895990335,71.00659626071376,40.77665897399999,2.135212041217732,0.6867054018293735,0.1414157338798676,0.4858611825192802,0.9930627818244884,0.0841609999585004,0.0991890818264726,1.2602381843592465,229.47292710555692,0.2248904278473407,0.2910620131178227,False,False,True,False,TZ,17,off_axis,11.753746897816844,10.89
209,7.134792154928159,135.17179890218264,67.26993606019562,285.25833369,4.0836631444682245,0.6310184614119485,0.1977758707001359,0.5927122799197683,0.9994886804429084,0.0901159854732348,0.1134398857852112,1.2477208431319773,224.5065880053902,0.2312628087520702,0.3336793877915058,True,False,False,False,pachytene,18,off_axis,23.68333575148869,10.89
308,7.655933089388841,143.58674212327188,75.71989839376693,49.362206454,2.275631752328166,0.7365394668060637,0.157830776241835,0.4471500721500721,0.9976962457337883,0.0823841260354803,0.1263266837089432,1.4914367359757763,223.31818971739915,0.243602979805773,0.3529704814379724,False,False,False,False,pachytene,19,off_axis,11.817382677165934,10.89
451,9.745361231741736,157.553320342901,76.06834170661652,41.592989718,2.149366668865365,0.7284981106536574,0.2179987004548408,0.4894058994599086,0.9995940322744342,0.06445214058334,0.0965885868566673,1.2903924229843564,231.9139028910395,0.2463135437939282,0.4454353752078114,False,False,False,False,pachytene,19,post,2.848258133172548,10.89
113,3.403989774491039,156.12991436592964,77.77396952889521,51.38661286799999,2.3063247573658883,0.6978909887702,0.1598324235114891,0.4856452100332427,0.9989512323020452,0.069213540972741,0.0970485054630561,1.5021449549477612,229.6924278754249,0.246744146455591,0.329113559053838,False,False,False,False,pachytene,19,post,0.9670909597598778,10.89
196,4.946572899148848,164.81028654639542,83.1634226417976,46.031201694,2.2232479531664366,0.7384192019568874,0.2166946436746528,0.443795051626729,0.9985190670122176,0.0543280972978923,0.0960547233673921,1.6286364118266348,231.03747098452033,0.2562753920260246,0.4882763854179074,False,False,False,False,pachytene,20,post,9.490690543944396,10.89
415,9.39041599751301,151.22369482464035,81.29868304926818,45.280552734,2.21109653209453,0.6905662332279956,0.208769373426944,0.4903733467269379,0.9991701244813278,0.0497221277006068,0.0835818649323363,1.4175817622340985,223.85464269244903,0.2589594291843595,0.4257355641786058,False,False,False,False,pachytene,20,late,2.375025820906184,10.89
168,4.472632537434282,142.90317033083846,81.32260038952136,46.371339504,2.2287105933717557,0.7124645892351275,0.2315803704204407,0.4669247009148487,0.9976851851851852,0.0308307622610267,0.0456096766661099,1.5242818252532035,218.55489716780343,0.2632373084807883,0.495969414268947,False,False,False,False,pachytene,20,late,8.789415680052658,10.89
126,3.5518902824145,158.77835834611437,85.80026214472423,51.99651514799999,2.31541340256302,0.7180366326806822,0.2101604953873372,0.49504,0.9992547818166764,0.0536949019823016,0.0922085220960698,1.6257986777941733,225.1712602603565,0.27309312897889,0.424532351703574,False,False,False,False,pachytene,21,late,6.320011467985365,10.89
468,9.831089058088557,157.14938718453487,85.91827486525611,54.839598084,2.356867772567944,0.7342800923945589,0.1621257081197734,0.4467160334835802,0.9993845680436956,0.0187756159311427,0.0593289628708166,1.3161954113884966,224.0461151489313,0.2754311315241556,0.3629278914738856,False,False,False,False,pachytene,21,late,5.136152301656443,10.89
144,3.980714571657414,145.57500767114004,85.95994926941397,46.87802755199999,2.236798726894052,0.7146216973578863,0.1363016810540663,0.4818516570226197,0.9995384899390808,0.051895872430977,0.0886670074023695,1.5413532615523409,216.66733761042755,0.2780766102036729,0.2828706284757425,False,False,True,False,TZ,21,late,3.781338371920308,10.89
449,9.691139240506008,138.24180029211297,87.5755381694257,45.773166114,2.219085904003461,0.676062112437862,0.1707988980716253,0.5203290618573011,0.9984531298339692,0.08074465936984,0.1072810399201612,1.377653793287503,209.89187990797163,0.2846325941314649,0.3282516979965775,False,False,False,False,pachytene,22,late,8.284843761299467,10.89
167,4.114632508155745,139.6869080742665,87.95704729418615,48.89539663199999,2.2684356019631235,0.7389176741508348,0.2697262479871175,0.4187798603454612,0.9993930460417932,0.0242253765262453,0.035490590084635,1.5256093624708515,210.65246751142993,0.2851304849988616,0.6440764552636655,False,False,False,False,pachytene,22,late,6.9982232998650264,10.89
328,8.42287337278078,159.2426230863871,90.67185135621244,49.55456025,2.278583802017346,0.7260118343195266,0.2511320998835554,0.4402211472011057,0.9972261989978526,0.0856507684025409,0.1310919610673704,1.4602827875639577,221.70148819719105,0.2873613497650203,0.5704680510698662,False,False,False,False,pachytene,22,late,9.770896140678113,10.89
433,9.58740285906139,143.19228996450488,92.89094030029683,48.900088188,2.268508152434979,0.6718315264319294,0.2087670599120981,0.4943721678117234,0.9976807502268832,0.0478973753567696,0.0442253695361961,1.3275568576686143,209.68177193515842,0.3026736116938598,0.4222872433053409,False,False,False,False,pachytene,23,late,1.024216897929556,10.89
85,3.0508653183642105,139.20248519839697,94.2014978356926,57.877380594,2.399606811868177,0.761358570096867,0.1333529584927877,0.4806385869565217,0.9998667288598654,0.0150847198788616,0.044481076424128,1.713264721216898,205.92142544834186,0.3049326390934855,0.277449547563793,False,False,True,False,TZ,24,late,2.893948810350793,10.89
79,2.913737133808431,147.95976011876155,94.7400468289808,59.25435227999999,2.418487694200351,0.7572842438638163,0.2057261303277626,0.4498450497471864,0.9989905787348586,0.0681461610671492,0.1276539552969768,1.5098265524223349,211.64630720208106,0.3066302369515177,0.4573266515734274,False,False,False,False,pachytene,24,late,3.6430018987198136,10.89
200,5.203265955455652,154.93048756316531,96.136286412127,50.133967416,2.2874300477102514,0.6957233763803107,0.2365578774360178,0.4714747039827772,0.998048871132584,0.0838594454076856,0.1240380990403596,1.4804292234619614,214.7418912021522,0.3071097675780402,0.5017403382147502,False,False,False,False,pachytene,24,late,9.907178632529424,10.89
341,8.143152639086644,132.74732972984904,94.03969212731968,52.62049209599999,2.3246385309256,0.6944543509272467,0.2123649735692944,0.4594397432156405,0.998205312275664,0.0340234560273556,0.0326491592691299,1.5308335207870232,201.44056588268336,0.3115133222176759,0.4622259539040786,False,False,False,False,pachytene,24,late,7.543369286413685,10.89
450,9.90785754137977,151.5413228798622,96.7373888692559,50.452993224,2.2922717867174685,0.6834201227450252,0.2410833704859563,0.4899397855779115,0.9986534577281908,0.0339145564399145,0.059976686240319,1.4273358772507798,212.1262023277218,0.3134165624857348,0.4920673470140517,False,False,False,False,pachytene,24,late,7.669784360905286,10.89
476,10.134101133705158,143.14929610851448,97.7865246310938,52.141953384,2.317570189130929,0.7250314918121288,0.2162092844319055,0.4895287958115183,0.9977146588312112,0.07833667343622,0.1351351200978421,1.374674956370976,206.21239651005516,0.3180286962339445,0.4416681639197215,False,False,False,False,pachytene,25,late,2.4300599542186814,10.89
76,2.4944570768255927,138.161180694823,99.11519354754856,62.93018640599999,2.467497963797972,0.745815782607075,0.2758840395030264,0.4003519577650682,0.9996666444429628,0.0324540296273392,0.0729128509446846,1.6923546611071576,201.7287714616756,0.3205957139178261,0.6891037602092077,False,False,False,False,pachytene,25,late,0.1280180147656226,10.89
432,9.634034068744324,137.0665989640666,100.13221031164828,54.11944423799999,2.346505480744391,0.70729487235057,0.192514647853641,0.4568339997038353,0.9989174785577484,0.0798196383032885,0.1262464392339443,1.6311431258213522,200.23531632620885,0.3239434717490848,0.4214105079272732,False,False,False,False,pachytene,25,late,0.17300714804824607,10.89
226,5.6641845196957865,129.89390294574912,96.64219637612116,54.30945225599999,2.3492483894663314,0.7033949550794747,0.2213402880145141,0.4614824523081404,0.9981600735970562,0.0611957907327788,0.0729048069715761,1.922633755857928,197.58155286782343,0.3250468121520378,0.4796288285880935,False,False,False,False,pachytene,25,late,7.69532759776979,10.89
227,6.0564247242883535,152.59476018209836,102.09557753269956,54.877130532,2.35740533330449,0.6934684107035992,0.1468173706127304,0.4861246688049087,0.9998331664998332,0.0621581604214253,0.0969003673182615,1.5338338930055555,209.90851100947452,0.3272372996824635,0.3020158820034108,False,False,False,False,pachytene,25,off_axis,12.131784856594697,10.89
78,2.771210229637142,146.4164539779817,102.446858835544,62.005949874,2.4553585413755603,0.7164529187001096,0.1920008624407072,0.4482988659106071,0.9994985673352436,0.0638904884988863,0.0991760772486222,1.7771917573947378,205.26429698515682,0.3311334950356963,0.4282876380931847,False,False,False,False,pachytene,26,late,8.042024203220777,10.89
434,9.522975383517716,149.94529099179923,103.42308061005824,52.601725872,2.324362150167922,0.6900196218337495,0.2101136363636363,0.4548985757444972,0.9987249544626594,0.0311589342333062,0.0447985365365691,1.613996485766147,207.0902576317881,0.3348751570426456,0.4618911721580127,False,False,False,False,pachytene,26,off_axis,11.215597479525954,10.89
270,6.656605886116987,126.3257095849306,100.31810638196148,58.663216224,2.4104183235076047,0.7270873320537428,0.2292490118577075,0.4096703296703297,0.9976626705873484,0.0159256982334824,0.0339473371806227,1.8775358816683063,192.45981265244652,0.3398877322193799,0.5595938862406487,False,False,False,False,pachytene,26,late,7.585348520590587,10.89
75,2.612511380880148,133.28093568664656,104.76688505690512,61.83470807999999,2.4530961366723263,0.7067147192716237,0.2451669595782073,0.4723839089380416,0.9997104806022004,0.0564302140028528,0.0857654190875949,1.8868031635896447,194.2853308998798,0.3438739132898697,0.5189993878694197,False,False,False,False,pachytene,27,late,0.46662545806287137,10.89
448,9.810503243906432,137.6611022882713,107.24081821409904,53.51188773599999,2.3376916244545067,0.692837103278976,0.3049300664616605,0.4201512772941344,0.997881941246892,0.0208891235063225,0.0287105042536524,1.755908247484716,195.66520525912765,0.3461853178068517,0.7257625596796384,False,False,False,False,pachytene,27,late,5.304202483490238,10.89
77,2.7998033663678363,140.9712368216112,109.2196130014114,59.64844298399999,2.4238375027084347,0.7203869749882019,0.1646105040535777,0.479746835443038,0.999857305936073,0.0257359926118885,0.0418537465016309,1.9572180834156063,196.6312714394691,0.3533005354923055,0.3431195203227609,False,False,False,False,pachytene,27,late,9.037744444457644,10.89
225,6.007944801180709,122.41339960116464,102.65626684082302,58.815691794,2.4125048777201124,0.7112830534838273,0.2143477317126112,0.4655339135239674,0.9990161204873989,0.0370134867746126,0.0536916520828223,2.0455262413236817,188.0328111989997,0.3539774863789748,0.4604341928390483,False,False,False,False,pachytene,27,late,8.669240522423896,10.89
249,6.281540815408294,145.5158997029978,109.54272568625382,52.127878716,2.3173616432655786,0.6491764917649177,0.1525165778889009,0.5165469471523858,0.999406116994952,0.0410737828182695,0.042570093036376,1.8016752260918092,199.63901466575828,0.355969093003772,0.2952617932013587,False,False,True,False,TZ,28,off_axis,12.460001477070897,10.89
403,9.248089756423228,124.26704987487516,106.32625327828072,56.24237332799999,2.376794733660395,0.7212629295962629,0.2553760445682451,0.4378273230585066,0.9989780677619684,0.029853929339299,0.049434443934184,1.6755296100771058,186.77427844533742,0.3612687108318737,0.5832802822452434,False,False,False,False,pachytene,28,late,4.755046467920494,10.89
369,8.791393850278732,141.51435431388666,111.6410149548098,54.241424694,2.348267096724016,0.6852052069368162,0.1766768465105757,0.4672345102349224,0.9988497611042292,0.0116138000503017,0.0060992396254123,1.9040739392356285,195.31699029367584,0.3624919991261408,0.3781331272421289,False,False,False,False,pachytene,28,off_axis,11.142697911912334,10.89
84,2.975962845491681,124.52067707294856,107.39950782736736,62.12558455199999,2.456936655050228,0.7672179429089261,0.2693766295330647,0.440551500405515,0.9998119475960634,0.0297839335738844,0.0516740939369889,2.1629285660595947,186.20092054945562,0.3634530119721982,0.6114532109982858,False,False,False,False,pachytene,28,late,3.81299402459915,10.89
74,2.389039865244226,132.5186407074685,112.30050430095498,62.66745927,2.4640593229041263,0.7063073179861501,0.2314624351062787,0.474509304104002,0.9991485134463918,0.0388768801507972,0.0756311428582462,1.967331984732417,188.45096826527532,0.3674865572223523,0.4877932489508093,False,False,False,False,pachytene,29,late,5.2932935839577295,10.89
257,6.310089334858136,134.37689208687945,116.12551525466787,55.40493058199999,2.364938956460417,0.7072272323129684,0.1879990605918271,0.4383224873463485,0.9990055523328084,0.0527591781850417,0.0832099171477415,1.8300079456595104,187.08681750581167,0.377662117381337,0.4289058079816841,False,False,False,False,pachytene,29,late,9.321059675795853,10.89
467,10.176366198255277,124.50400445561228,112.29639331657766,61.597784502,2.4499590625120824,0.7172017213145969,0.2706737379689649,0.4103151090762187,0.9980693547189426,0.0306616336157346,0.0531616940203942,1.728426050945923,182.7493655413603,0.3792149563566845,0.6596728513808773,False,False,False,False,pachytene,29,late,0.3393024008795843,10.89
73,2.4627069608560186,124.178450799959,114.38066618215846,67.29802504199999,2.5233136480357863,0.7167555509080135,0.176446741664133,0.4744031503814915,0.9995526013038476,0.0455059550915102,0.0634789670429105,2.014799097375936,181.05360723163218,0.3852982302299811,0.3719341693288572,False,False,False,False,pachytene,30,late,0.9155212185561229,10.89
87,3.044713532907337,130.9787898419093,118.8811289718579,62.765981946,2.46534993747363,0.7223530291138767,0.2304744147503625,0.4957598600080765,0.9995950050624368,0.0501582663210136,0.0915748823494512,2.2115098362449666,182.73257905912524,0.3886514999675239,0.4648912373555371,False,False,False,False,pachytene,30,late,8.895485504781194,10.89
393,8.885201076897067,117.4919693336719,112.69409528016268,55.763834616,2.370034531435778,0.691696113074205,0.2468399958894255,0.4607722745258562,0.998375374091492,0.0720862127769795,0.1005043059586437,1.971617243400392,177.4791303939735,0.3899594678671649,0.5357093070398578,False,False,False,False,pachytene,30,late,4.981653625680815,10.89
166,4.77665576451382,114.85102980784605,111.3540068683592,57.37772988,2.392681641922568,0.6953802125919869,0.2142781820099124,0.4357804321567575,0.999089253187614,0.0248317522644948,0.0310660867619244,2.362558857799421,174.95874566067351,0.3901075538360243,0.4917113440578557,False,False,False,False,pachytene,30,late,7.678542685937152,10.89
414,9.232303309226657,131.67263526626982,119.0159657725177,53.51892507,2.33779409636208,0.69612097304405,0.2380481371579295,0.464445406029136,0.9990494296577946,0.0499324751868498,0.0577132683589088,1.6873007083357097,183.13171730571912,0.3929980717392314,0.5125427748186103,False,False,False,False,pachytene,31,late,9.478830253471164,10.89
99,3.3573416470231106,118.37381054672892,117.46168918713686,61.698652956,2.451295630141934,0.7146985020150559,0.2640972835147592,0.4489605543710021,0.9992089745433624,0.0396334792256876,0.0526978888887019,2.322255419114743,174.59367168779602,0.4002255434277673,0.5882416193216841,False,False,False,False,pachytene,31,late,0.6372013055124915,10.89
488,10.35303368926381,126.36201689843446,119.47991989073658,56.678688036,2.3829251074935187,0.6810280605910106,0.2545700744752878,0.4466069806669261,0.9987811248476406,0.0442688193157373,0.0549167125922687,1.7934477497086214,179.02594395580064,0.4023495792470435,0.5700091702443472,False,False,False,False,pachytene,31,late,6.078749949757471,10.89
256,6.431557536677233,130.5716346431811,123.08979051802471,54.203892246,2.347725342583879,0.6814818020513265,0.2109777015437393,0.4698369565217391,0.9998229305002212,0.0234737446727459,0.0356327837645016,2.0948750007158794,179.48651928181076,0.4024019048887713,0.449044500683031,False,False,False,False,pachytene,31,off_axis,11.605043270937063,10.89
255,6.33536266744125,111.12628730974966,115.19294265333708,56.563744914,2.381313177597214,0.6795504499647493,0.2941445144788527,0.4292739743755662,0.9985668219276244,0.0179488725653481,0.0280562082887457,2.1630580336095244,169.74525852594283,0.4074737897625859,0.6852139473554703,False,False,False,False,pachytene,32,late,6.482429591657659,10.89
100,3.2740564541707045,125.0129217768776,121.55280890818165,59.169904272,2.4173382226896547,0.7184031081509673,0.2518432694333263,0.4802196255103477,1.0,0.0209588595127404,0.0380622967214825,2.2505445382151037,176.60966696588133,0.4079464092160113,0.5244335217780466,False,False,False,False,pachytene,32,late,6.606511291311906,10.89
447,9.841420557663591,114.53009553291294,119.42229474921388,56.871041832,2.385617754735426,0.7125061870978386,0.2564540217623213,0.4585365853658537,0.9994491658797608,0.0405230777820454,0.065220684684506,1.8601628778686856,170.3017971224363,0.4130666178083607,0.5592880261837859,False,False,False,False,pachytene,32,late,1.0820967906550734,10.89
72,2.77720268280717,116.55768277768853,123.48532533616944,71.69870456999999,2.577157138883172,0.7354163258629152,0.2655526291889928,0.4361320638061086,0.9985326916304732,0.0297881354431173,0.044418048112145,2.1537916083905086,169.79384715128944,0.4199193722369538,0.6088812339811128,False,False,False,False,pachytene,33,late,3.430254526842819,10.89
124,3.793236289776549,111.23749635071208,120.26966868990864,69.29428211999999,2.5480205728643344,0.7282329045362221,0.2922507273208146,0.4047085201793722,0.998976327575176,0.0416635681942282,0.0516262223908363,2.1889036262336377,167.07781027179055,0.4202499448114834,0.7221264508868881,False,False,False,False,pachytene,33,late,2.1615229145104644,10.89
383,8.791373082316698,124.90034053376208,126.03881833750869,55.19850211799999,2.36199819365702,0.6614253537886192,0.2519248826291079,0.4762143843353834,0.9979657882570504,0.0262851142893062,0.0237795238545049,1.9303198151435728,175.406458113084,0.4229676605848929,0.5290156931750404,False,False,False,False,pachytene,33,late,10.109989786148121,10.89
125,3.78227324526215,122.62845156375288,126.0294454691226,55.578518154,2.367406221967697,0.6753049423880471,0.279276747236275,0.4851163395294423,0.999649951868382,0.0311393397965901,0.035223978490133,2.3009697382761685,173.50496734953055,0.4229912105625479,0.5756902509347974,False,False,False,False,pachytene,33,late,8.866647428294836,10.89
402,9.167303591930557,107.86675115220488,119.83755141462836,57.20883386399999,2.390331650256448,0.6609808102345416,0.2393044438310791,0.4234397677793904,0.9988850692186192,0.0199681844319875,0.0080724164338004,2.1672408518359463,164.48404311690877,0.4269924100029728,0.5651439993131571,False,False,False,False,pachytene,33,late,4.357205149969722,10.89
466,10.065542056797744,119.07783615646392,127.07272769867504,60.62897818799999,2.4370468594685195,0.7324150738992494,0.2312138728323699,0.4397050318102949,0.9993674444756816,0.0275033851938653,0.0643240053211399,1.893377028844854,169.9579142293526,0.4351587645746936,0.5258385874740777,False,False,False,False,pachytene,34,late,7.811317269712365,10.89
153,4.220581896551528,115.86417687334291,129.0289288129966,56.59893158399999,2.3818068572650595,0.7135278514588859,0.236158691568129,0.4279513888888889,0.9988070621918244,0.0362612621682997,0.0419059960239032,2.50871842025056,166.19718277599986,0.4379053841272946,0.5518353198508817,False,False,False,False,pachytene,34,late,7.705356317347404,10.89
123,3.7053860164293777,106.3468803702206,125.66794576441104,63.10846553399999,2.469825880136364,0.7050886518232167,0.2800362976406534,0.4447945550794051,0.9992024940187052,0.0462198433297978,0.0635201597592191,2.4038448369069383,160.0379267460386,0.4429566003450145,0.6295857142195932,False,False,False,False,pachytene,35,late,0.29081182361923363,10.89
465,10.04437339615479,109.26587963905172,128.98460293634946,55.76148883799999,2.370001298111348,0.6968995835261453,0.2776942355889724,0.4270645385149202,0.9990549016238508,0.0473415561652986,0.0665313734648611,2.0185944370617275,160.68394257782265,0.4470965805924306,0.650239508423317,False,False,False,False,pachytene,35,late,4.079935832410746,10.89
340,8.324591933090133,117.45436198570285,130.3758098610533,52.167756942,2.317952425768499,0.6676559197805656,0.2701688555347091,0.4505479637396834,0.999123490455785,0.0933375223898149,0.1042633679630513,2.21988400200726,166.79923138687144,0.4474336931805461,0.5996450484255361,False,False,False,False,pachytene,35,late,9.700428927387716,10.89
325,7.889369397704005,101.33575564161067,124.83122264506792,59.667209208,2.4240916669742,0.6484510143104262,0.2456554749451661,0.4672332811451576,0.9979157227004984,0.0802446453058724,0.0777276734855714,2.130162199542433,156.2875684742887,0.4505706002846537,0.5257662175585629,False,False,False,False,pachytene,35,late,3.71809784285459,10.89
131,3.7388612885419095,99.93363924769636,125.06398340430428,59.49362163599999,2.4217386106464045,0.6817679993691349,0.2472486476403655,0.4850700037170115,0.9979964737938772,0.040967759738017,0.0512843260228168,2.4824603734383244,154.98432322313957,0.4585228169490478,0.5097174546884778,False,False,False,False,pachytene,36,late,4.285248412351624,10.89
248,6.314914254675529,110.80813623030936,134.5521527857527,60.46008217199999,2.434781769300168,0.7109102196011484,0.2357164837419222,0.4030331499127634,0.9986175115207372,0.0380228221569527,0.0627768222004918,2.207417171177632,158.95052611161438,0.4621412666139833,0.584856317136551,False,False,False,False,pachytene,36,late,9.590964236760115,10.89
112,3.211783726876296,105.93069928560912,132.87227479320126,62.388311688,2.460395220087517,0.6955933223041059,0.2828417043139339,0.4517045454545454,0.999400838825644,0.0446869333243852,0.057201336535735,2.375068518922782,155.7708760078514,0.4655026524130054,0.6261652825063192,False,False,False,False,pachytene,36,late,5.5287965350243,10.89
71,2.703440993336435,100.25362902815124,129.9604101227088,64.422101214,2.4868452371666825,0.7025816553180644,0.2804792107117688,0.4196865817825661,0.998837547224644,0.0363355532768965,0.050064134744035,2.32224481387778,152.59013409719668,0.4663979471516769,0.668306357378567,False,False,False,False,pachytene,36,mid,0.0021132875256436247,10.89
307,7.416535500427395,107.19684545337964,135.91553187767136,54.84428963999999,2.356934981070677,0.6630025662959795,0.2766914532268429,0.4151542073867242,0.9963228178827171,0.0601507646017641,0.0575752169892976,2.161282799060874,155.17848176105684,0.471084333711099,0.6664787404384884,False,False,False,False,pachytene,37,late,8.771266096439202,10.89
69,3.037180515759339,94.9883142922658,129.9389027048698,61.40073914999999,2.4473438779637564,0.7005157593123209,0.2793712079426365,0.4182931496364332,0.997602103960396,0.0507756563617726,0.0723876569316588,2.487736698621064,148.18313481364905,0.4801284786570367,0.6678837752553606,False,False,False,False,pachytene,37,mid,2.8834947533793223,10.89
339,8.196935584740705,100.58961909005951,135.52386170262375,60.01438435199999,2.428784123577742,0.7222482801751094,0.2869757174392936,0.3782718829158458,0.9954240390482,0.0601343570589209,0.1087203894060294,2.1202526343068846,149.84663756379436,0.4839945944971062,0.7586493482602754,False,False,False,False,pachytene,38,mid,4.849495680122996,10.89
264,6.7812916760326685,102.027452573612,140.63793615419524,62.618197932,2.463413508314852,0.6458380160335656,0.2842216838279831,0.4055426274592765,0.9944572748267898,0.0739565204052967,0.0629116169584457,2.3605744018612844,148.27219295227118,0.4929984113975852,0.7008429313796953,False,False,False,False,pachytene,38,mid,9.923177458465693,10.89
70,2.82592606958613,98.29749248671368,139.38829613281334,60.47650261799999,2.4350021713806065,0.6852333113533222,0.275898991701615,0.4536044362292051,0.998961744269627,0.057459469865116,0.0851732489389095,2.361793296770276,145.82154699278703,0.4964131913902838,0.6082369784456958,False,False,False,False,pachytene,39,mid,6.846078692719326,10.89
195,4.72622792049096,88.7118799428132,132.29746292948428,50.863504374,2.2984720296364314,0.6736613937185814,0.2441785943174536,0.4409270774448841,0.9971439826669292,0.0943806266703616,0.1069667071632082,2.489813115243145,141.633290427636,0.5002520533519894,0.5537845299327889,False,False,False,False,pachytene,39,mid,4.317361202925986,10.89
68,2.310807311500351,90.32908731911547,136.57181810357898,61.60013028,2.449990162045744,0.7023990860624524,0.2441972920696324,0.4441458733205374,0.9987399006745238,0.0351525792910733,0.060117766185766,2.439405366904397,140.66602582844698,0.5035887936231593,0.5498132634757066,False,False,False,False,pachytene,39,mid,0.14916664848524225,10.89
431,9.630538992166867,95.57272193382374,141.05944790131943,60.190317702,2.4311551510152847,0.6866986242643907,0.2888358103326256,0.4019156611518845,0.9973892538319016,0.0255516977696269,0.0257285230588773,2.0724419135207075,142.62610772852202,0.507705936184095,0.7186478115951648,False,False,False,False,pachytene,40,mid,6.766764711161253,10.89
165,4.6316964126040325,95.7820632139902,143.34534003004563,65.585607102,2.5017273581625936,0.7289244965842842,0.2673755437409376,0.3817126269956458,0.999312242090784,0.0239355413379181,0.0311018320141952,2.661138476481508,141.55869701333086,0.5120749148497764,0.70046292637835,False,False,False,False,pachytene,40,mid,8.798946041862123,10.89
67,2.593855629835508,84.50941937955234,141.45937665064244,62.45868502799999,2.4613199721929666,0.6779463682115225,0.2237711595908391,0.4735860058309037,0.9987636195039024,0.0162524638925966,0.02263571845248,2.345390605308137,133.1242082754723,0.5272939245564662,0.4725037413177655,False,False,False,False,pachytene,41,mid,1.086050566265606,10.89
181,4.72306668330656,80.58846324722496,136.5706474978151,56.390157342,2.378874690108217,0.6053080410998793,0.2493076983938602,0.4528878583473861,0.994614607876136,0.0620894880334914,0.0573478206324527,2.392381063696589,132.49225093918457,0.528862518884625,0.550484394312531,False,False,False,False,pachytene,41,mid,5.148867207566827,10.89
338,8.124144846796971,88.15404405571243,142.97680727576602,63.16007265,2.4704989322731232,0.6957845868152275,0.2277741114358442,0.4377975827127335,0.9978839177750908,0.0450492737532214,0.0533851053192248,2.309179391961076,135.35761277716148,0.5313896971732525,0.5202726566567206,False,False,False,False,pachytene,42,mid,4.341475125977098,10.89
66,2.356844772337686,77.78838976078633,140.66481620836404,62.95598996399999,2.467835170948244,0.7064982487517699,0.2207162643450732,0.4119588675891837,0.9991899852724596,0.044924005403257,0.0595375006289385,2.28943645088143,127.36011654835393,0.545992431936485,0.5357725775797046,False,False,False,False,pachytene,43,mid,3.0229555271034445,10.89
350,8.215052968711714,84.05302899728885,147.8788829145084,57.129077412,2.3892203240179284,0.6163669212449701,0.2401594014313598,0.4639837311356095,0.9953261100488634,0.0381717358333225,0.0317723475370831,2.3953130657631347,129.25020825060733,0.5496656919822224,0.517603065184128,False,False,False,False,pachytene,43,mid,6.225163005216841,10.89
297,7.1233262967433495,76.73545305714748,142.20186816948117,62.22879878399999,2.4582965377474038,0.6758142340168878,0.2913061392665842,0.422906976744186,0.9976382441566904,0.0761758961338588,0.0803191042733133,2.063407440656009,125.79394395589443,0.5514082204549992,0.6888184761321485,False,False,False,False,pachytene,43,mid,2.01384312321945,10.89
111,3.5611122994653024,79.9024813262036,148.26494321925156,65.7990729,2.504438597774743,0.7151158645276292,0.2676869501466276,0.4124640220247779,0.9986106286905176,0.0227644693812607,0.0231130993994967,2.6941068419890675,126.36480242244174,0.5530872053093807,0.6489946658439627,False,False,False,False,pachytene,43,mid,4.802685885544456,10.89
164,4.422178505751986,71.09373253645727,140.1838062310246,54.851326974,2.3570357866386145,0.6538938545096865,0.250856243636027,0.4469294451995552,0.991068799685936,0.0277404417879901,0.0318650264043987,2.3998905579926566,121.37458871084928,0.5605421663073884,0.561288244331315,False,False,False,False,pachytene,44,mid,6.059937986061416,10.89
269,6.649311369159758,74.70936432622464,149.85281092357857,52.118495604,2.3172225918330485,0.6508236564947341,0.2536078506830864,0.4270430523330755,0.9954167554892348,0.0624682366733694,0.067667109700646,2.387780313061312,120.96206914254206,0.5725596817861691,0.5938695157257424,False,False,False,False,pachytene,45,mid,4.254725003565089,10.89
65,2.4618965517241675,72.42692782523442,147.94267180250554,59.86425455999999,2.4267571799084133,0.6824451410658308,0.2600438276113952,0.434106614017769,0.9968716555528114,0.0244615049309136,0.0265506840604724,2.323779620184887,119.5978624417497,0.5730590491610453,0.5990321713936176,False,False,False,False,pachytene,45,mid,1.609524081060468,10.89
63,2.108000688231256,66.9762175757043,144.71129107020212,54.534646944,2.352490972449292,0.6657777013076394,0.2242412140575079,0.4203346203346203,0.9966323486962378,0.0961554084808636,0.1008338598088029,2.330412273155151,115.82464560995903,0.5809360387159619,0.5334826188692091,False,False,False,False,pachytene,45,mid,3.481143694558575,10.89
57,2.447405797663888,62.8872030501777,144.09703541852593,60.44835328199999,2.43462431480917,0.6966898211028756,0.2717107715244129,0.4199078812691914,0.9994465090535304,0.0415399758287796,0.0396751215137786,2.1476505480036345,112.29290623560318,0.5895422396785863,0.6470723309673404,False,False,False,False,pachytene,46,mid,5.631531284554423,10.89
428,9.304530985438676,60.75721686420378,143.91817196749017,34.635412169999995,2.022137036727603,0.6611581442600745,0.1080406489570333,0.5472716370177894,0.9998607630186578,0.1581367077396508,0.1913598687516756,1.1982186666361834,110.39854257317536,0.5980277029659202,0.1974168614799261,False,False,False,True,post,47,mid,6.62159168727198,10.89
461,9.838742329347358,59.75705145188707,140.30281785917413,37.079712846,2.068628883585622,0.6221294363256785,0.1528861154446178,0.4913778670684748,0.9908852155105824,0.0863507781421824,0.0782638562719913,1.3590559142415146,9.536544868149,0.5997068638324581,0.3111375698639531,False,False,False,False,pachytene,47,early,8.683271106368512,10.89
193,4.707193556104915,63.94097987080337,151.4655479105228,58.827420684,2.412665232452965,0.6879336470212936,0.2746315691908425,0.4577050856120623,0.99780950835632,0.040346391262949,0.0365111628746793,1.7994416616230406,110.40980542443656,0.6025414233540424,0.6000186098513495,False,False,False,False,pachytene,47,mid,1.5698125669350387,10.89
109,3.1609520775498314,58.174848523187926,145.99307247986386,51.543779994,2.3086736798489085,0.6657716288171847,0.279081181898498,0.457380174291939,0.9994016753091344,0.0551793595424336,0.0611833511229546,1.90824105376593,6.36064573762315,0.6055305869841024,0.6101733253535486,False,False,False,False,pachytene,47,early,3.7037100344877616,10.89
59,2.2206982543640725,64.9441095893078,155.21284743609772,60.202046592,2.431313055145981,0.6908120324189526,0.2370925872512258,0.437177063642092,0.9979269653962686,0.0685027582964084,0.0885574540558567,2.2166960296617257,109.88288354829136,0.6055877135104176,0.5423262265317028,False,False,False,False,pachytene,47,mid,5.41310234302018,10.89
463,9.677011705583745,64.27620597536325,150.3031763375637,38.276059626,2.090641358787921,0.7278298706870135,0.1001013171225937,0.5188020716054943,1.0,0.0958644992583553,0.1650287821327363,1.3953723763203116,111.16916074902807,0.6064508465317053,0.1929470266238883,False,False,False,False,pachytene,47,mid,0.6280781533043879,10.89
446,9.571638353008677,66.32114410451844,156.85748841059603,32.587547976,1.9814708670342207,0.7229340627699395,0.1334984241332732,0.4892179786957651,0.9990923236514524,0.1019961981447538,0.1705033008784473,1.358245177607682,110.51524585800685,0.6078203209934987,0.2728812716351401,False,False,False,False,pachytene,48,mid,7.4627818058463715,10.89
278,6.282431778928984,58.19968677720255,142.30726242487256,33.95513655,2.00881044255419,0.7401727115716753,0.1645935139937805,0.5038553576176549,0.9997629489154912,0.0580366136319139,0.1314254797551366,1.271686631447519,9.086065482569154,0.609227296535527,0.3266681826546747,False,False,False,False,pachytene,48,early,6.185221653278991,10.89
314,7.907338200717646,61.00350302561379,148.4820004640532,37.912464036,2.08400041293378,0.7041207771315432,0.1340094168779427,0.5190296946884149,0.9993111366245696,0.1650216325501773,0.2375491702898367,1.2718500141081366,108.85755261472282,0.6094229439880041,0.258192196418341,False,False,False,True,post,48,mid,2.3187394509883483,10.89
532,11.01327449898904,57.01113905129707,143.877628553045,38.276059626,2.090641358787921,0.6430103572960716,0.1587232813402657,0.4878969957081545,0.9959309667461764,0.0348535457285868,0.0272158283597315,1.1876856576234762,8.712052959962095,0.6108623233464631,0.3253212926836902,False,False,False,False,pachytene,48,early,4.251621356888989,10.89
536,11.170439253042822,62.43932637786381,147.30076477659435,31.027605606,1.9493353164576004,0.7607923187419672,0.1388132825258573,0.4687104930467762,0.9998748748748748,0.1226717980947083,0.2335961334945983,1.1882040610999736,110.63886780481148,0.6111610765688609,0.2961599635278574,False,False,False,True,post,48,mid,2.851489525368677,10.89
294,6.96395711611554,57.52240634182343,138.3005743887919,41.353720362,2.145237231856668,0.7040104373475523,0.1774905422446405,0.4837102338060559,0.9996754300551768,0.0849385612735508,0.1237296652224499,1.494519286182395,12.519387953332156,0.6126592108661997,0.3669356772712102,False,False,False,False,pachytene,48,early,8.35882571528596,10.89
295,6.9695171687937965,56.8423542428637,147.84537241152603,35.660517156,2.0418931362325887,0.7596368898829101,0.1085630641619906,0.5377668308702791,0.9997893628225382,0.0998430931899775,0.1960047995390479,1.2199463199553848,5.873083592892398,0.6158140830796568,0.2018775758004651,False,False,False,True,post,48,early,1.474620713944949,10.89
513,10.89544600084958,54.514270474804015,138.92895535746612,38.684224998,2.0980464403879218,0.6501121824025227,0.154082979035332,0.4864818024263431,0.9976986598077704,0.0404169446917491,0.0467461277015899,1.4045993755681032,14.062090213084659,0.6169186071817521,0.3167291731506469,False,False,False,False,pachytene,48,early,5.701042094673642,10.89
280,6.595887349128544,59.97572020563138,153.6621029280261,31.485032316,1.958868028669321,0.7766353747578603,0.0721138966264314,0.5583722481654436,0.9997749015194148,0.1144928538656439,0.2540804079370702,1.2732757504602552,-0.5480731631397726,0.6178482895808594,0.1291502162999052,False,False,False,True,post,48,pre,0.5540793807944738,10.89
540,11.139681171908428,64.68853255062425,153.89011607065754,32.667304427999994,1.9830860681684992,0.7251184834123223,0.1478183437221727,0.5164576802507836,0.9979537025195038,0.0991382708851074,0.1590587694947811,1.195937087061718,110.15969538756812,0.6185934601720732,0.2862157914863314,False,False,False,True,post,48,mid,4.094651322520081,10.89
377,8.933329583801592,56.4328641057383,135.2287279977491,41.70793284,2.151344788136189,0.6587176602924634,0.1540499093824062,0.5080751483190508,0.997359260592966,0.1563448272171491,0.1767398898384252,1.536290254934536,15.53273819631734,0.6188242467812543,0.3032030003673179,False,False,False,False,pachytene,48,early,9.601026523318659,10.89
306,7.371952264785245,62.43186887321165,155.71444262543784,35.578414925999994,2.040324895731327,0.7261159095404497,0.1806706114398422,0.4410207029369282,0.9997569571029288,0.0563456764070282,0.0999641669826772,1.214204647316064,-3.716203991024084,0.6188668448237028,0.4096646942800789,False,False,False,False,pachytene,48,pre,3.7350155808823833,10.89
514,10.902518306840838,56.48198005001069,149.2734871048424,39.402033066,2.1109438134800493,0.7111984282907662,0.1679245283018867,0.5003092145949288,0.9995518709388304,0.0868083794969881,0.1462257480238736,1.1847416693219286,5.051472540905967,0.6199602507688639,0.335641486111435,False,False,False,False,pachytene,49,early,0.2521901779249009,10.89
518,10.56207438449428,65.2709463331585,160.97019311157706,26.868541212,1.8580261676946548,0.7324951981840405,0.0609868219429972,0.5505874673629243,0.9998533939305088,0.1743329132966045,0.2935203259760451,1.0722600647666982,-9.523368258462698,0.6214064700089141,0.1107668182770263,False,False,False,True,post,49,pre,9.578439372785185,10.89
34,2.042168407020532,54.36412168406908,149.39507783826093,63.350080668,2.4729738326803883,0.6839220913870991,0.2083101465405304,0.4513823805060918,0.997726411519515,0.0345969475565504,0.0495994813486531,2.002152560191158,6.376270078583529,0.6218308431555076,0.4614937479548321,False,False,False,False,pachytene,49,early,1.4046199647304454,10.89
316,7.248351483289333,64.17239840030027,160.40375222681126,31.23403407,1.9536487783799248,0.703266992114157,0.0468033775633293,0.5702353834472286,1.0,0.1627398394991393,0.2509422327217885,1.1085798032124876,-8.36786884803501,0.622635446090818,0.082077294608395,False,False,False,True,post,49,pre,8.495036050560044,10.89
242,5.606813927368177,53.92700039310985,142.52935503556938,37.593438228,2.0781384573341555,0.7122800449269937,0.1782213509178399,0.5040121448709608,1.0,0.0714744044565122,0.129735910886224,1.5378108541585924,11.776054259325216,0.6227285862045966,0.3536052706893976,False,False,False,False,pachytene,49,early,2.8581907779392797,10.89
533,11.055804306716553,59.45146106264798,153.1126545110687,38.454338754,2.0938822056195217,0.7295186970048191,0.1744554086762242,0.4981957600360848,0.9980592991913748,0.1116583387148402,0.1933361913908945,1.235602957327998,0.21101782124652893,0.6243764088147304,0.35017441469913,False,False,False,False,pachytene,49,early,0.1042112311220097,10.89
535,11.061056783630791,61.78437127948082,159.3313622647695,28.545772482,1.895910056621928,0.6256060481551483,0.0306382978723404,0.6169885864793678,0.997143877186719,0.1591322417893037,0.1734473039062985,1.0344264955915774,-5.974282901940224,0.6245830425810097,0.0496578033107018,False,False,False,True,post,49,pre,6.485689564674895,10.89
512,10.79473581847715,52.49453708265796,144.32626004538164,36.18362565,2.0518289703029207,0.6916045380875202,0.0667059054345693,0.5085137691822578,0.9987400781151567,0.1484916913469512,0.1875179705910639,1.2341760908681445,11.396506615032928,0.6250263431973265,0.1311781695544631,False,False,False,True,post,49,early,0.5917481168972336,10.89
216,5.003339634530645,60.71869014650083,158.95405791587572,29.781997488,1.9228927904187605,0.7644139886578449,0.064435408195183,0.5262454028752925,1.0,0.0827983076500471,0.1796753007696854,1.1296456823786625,-4.981452694798512,0.625201171623507,0.1224436505157511,False,False,False,True,post,49,pre,5.8488403570810625,10.89
349,7.65452519712057,67.73292511141597,162.2462274425795,27.370537704,1.869526275382017,0.686235858758999,0.0743362831858407,0.4673586451789128,0.9976019184652278,0.0305098695878352,0.054065362455138,1.2633441077471617,-12.117871205354998,0.626183513976127,0.1590561851217784,False,False,False,True,post,49,off_axis,12.11796155692784,10.89
83,3.168166161122748,54.78915986324573,138.0414149298233,45.627727878,2.2167331254886613,0.7189861703768443,0.1562210558814448,0.5117087449688986,0.9999080290628162,0.0990500765576037,0.16851439948301,1.6579996395665004,14.53867199596021,0.6272613312708023,0.3052929179292019,False,False,False,False,pachytene,49,early,6.498639731837528,10.89
322,7.32217435013624,52.23757100387772,146.67035715208996,32.667304427999994,1.9830860681684992,0.6580496912250466,0.1077384298294922,0.508819823603528,0.9936002381306742,0.2058084442919123,0.2142727739074558,1.373395901902759,9.824358305287278,0.6282283647343462,0.2117418088518538,False,False,False,False,pachytene,49,early,1.1658560773074471,10.89
190,4.945655117083677,55.34925021812133,133.87248480168594,46.781850654,2.235267976673793,0.6763776763776763,0.1868464155222375,0.4635884722652618,0.9993717277486912,0.0392716276261815,0.0618744985914875,1.6132010899566802,17.265822709616963,0.6292715450973213,0.4030437051405485,False,False,False,False,pachytene,49,early,9.701190059922563,10.89
353,8.1859088947792,55.28287420945522,152.0839282808347,38.055556494,2.08661899202023,0.7417863527091166,0.1370004120313144,0.4678920983528288,1.0,0.0795165522495855,0.1417256361167462,1.2905703266219548,102.18824662538931,0.630393268012205,0.2928034316322326,False,False,False,True,post,49,mid,1.2142777403762475,10.89
192,4.504149891607157,62.76295243109411,162.57920367761062,30.298068648,1.933936063080828,0.7158563022607618,0.0841028200648864,0.5574931880108992,0.999457921127524,0.1070724587316616,0.1718322855150341,1.2741903877976308,-9.04441323461139,0.6305695939869475,0.1508589196667318,False,False,False,True,post,49,pre,9.876022294786285,10.89
39,1.954141815771942,56.853763770319965,155.0126738627066,60.176243034,2.430965638978736,0.6957081043152847,0.1738808339506826,0.4642582628747118,0.99930790525992,0.0740254610162728,0.1066773678419584,2.0662126193391104,102.50185910624316,0.63082690032365,0.3745347102149637,False,False,False,False,pachytene,49,mid,2.094331016733121,10.89
481,10.403227830053918,50.076690932421386,139.33922468776663,41.13321722999999,2.141417545034978,0.6635871114913031,0.1175766641735228,0.5592473300559417,0.9975478748248482,0.1080664697469254,0.1364649637996889,1.449421271997255,16.72227643529831,0.6308941039574486,0.2102409038980331,False,False,False,False,pachytene,49,early,2.1255921395627175,10.89
482,10.255368285160902,52.57623625475146,148.70774519113698,32.70718265399999,1.983892682999853,0.6487126156494298,0.0877258334885453,0.5616578195181707,0.9985149985149984,0.1317072829063875,0.1606207277789509,1.331367901311156,8.082353666594923,0.6314376965659134,0.1561908878323864,False,False,False,True,post,49,early,2.2753893181684655,10.89
501,10.764677677144071,51.73841229621786,135.01849855620495,44.03025305999999,2.190555145859475,0.6441662226957912,0.1822967678746326,0.4680341368468333,0.9971744471744473,0.0262432956516257,0.0205606014095006,1.36821340479767,18.826191912997,0.6318719230622366,0.3894945977718079,False,False,False,False,pachytene,49,early,6.2491260435772675,10.89
46,1.795182820661646,57.82468876958803,159.99206770168288,8.083550987999999,1.245005273271829,0.7939640162507255,0.0,0.4084507042253521,0.997773820124666,0.0849560588251188,0.1713339602299212,1.0483652533469845,-3.8197593790167073,0.6323484291383935,0.0,False,False,False,True,post,50,pre,7.038277999719003,10.89
279,6.424502017966176,57.73361471162698,157.90051876708702,36.035841636,2.0490317447900317,0.6504361411274573,0.2131868131868132,0.486778398510242,0.9991256193529584,0.0280299671371378,0.0182368566238605,1.353354824431373,-2.2029145414716154,0.6328036901584573,0.437954547365412,False,False,False,False,pachytene,50,pre,5.083745141602289,10.89
359,8.64712561174537,49.4483383556278,144.04018723654323,35.94904785,2.047385363604756,0.7047960848287113,0.153601496725912,0.4776746242263484,0.9996293092796243,0.0790780997431769,0.1213370406041819,1.417721570516734,13.644942115937491,0.6355677576217189,0.3215609306746997,False,False,False,False,pachytene,50,early,1.4832704697156542,10.89
312,7.658598658851831,52.59444625376186,131.4708190242357,44.426689542,2.197109901187185,0.6884735202492211,0.205921938088829,0.4933898305084745,0.9996824724809484,0.118523474891349,0.1538794767998307,1.4996035469497293,20.893406497209202,0.636032997289994,0.4173615371776337,False,False,False,False,pachytene,50,early,9.256691181831506,10.89
277,5.579099179054768,53.87001073884966,153.56079751497683,10.572421445999998,1.3615344021857767,0.8719769247836698,0.0136752136752136,0.4696707105719237,1.0,0.0620642521551125,0.2244196537359415,0.9001867500568643,100.31356887812862,0.6363566970466223,0.0291165988582961,False,False,False,True,post,50,mid,0.4000853397406317,10.89
484,10.264253393665452,55.540353218508535,155.15732049335767,32.141850156,1.972395884114161,0.6771274266530434,0.1093215220455002,0.516500904159132,0.9979671845506026,0.0551698678135202,0.0864390324543505,1.2829819577644823,101.23497588073776,0.636384765138772,0.2116579490281371,False,False,False,True,post,50,mid,1.718862218693475,10.89
177,4.584461177878718,49.6485534084674,142.26527898568736,47.039886234,2.239370147697741,0.669076946092854,0.1483572895277207,0.4980409885473176,0.9995878413189078,0.1164296938463025,0.1411537698815208,1.7693533752409876,14.831572370415984,0.6364647386303443,0.2978816863255537,False,False,False,False,pachytene,50,early,0.14824462521071696,10.89
529,10.880659833005572,63.48017255447832,165.7091455434106,34.555655718,2.0205836898464704,0.6985948000814608,0.1206179441473559,0.5353603603603604,0.996834240850956,0.1884294785759266,0.2235600427451303,1.1620373784662392,-11.852179634049826,0.6372285562879049,0.2253023441372572,False,False,False,True,post,50,off_axis,13.076549128922728,10.89
527,10.86893190166684,57.89592838372518,158.13100579259523,33.206833368,1.9939439734819628,0.6900254309126872,0.1258964143426294,0.5818140382862352,0.999604743083004,0.0977182837896641,0.1426273508860848,1.018052016466423,-2.482848539566902,0.6372818990839763,0.2163860031866266,False,False,False,True,post,50,pre,5.240433973086563,10.89
281,6.507799016049636,63.97693009920246,165.051907718362,29.085301422,1.9077801242026016,0.629163642229212,0.0340336134453781,0.6183123096998695,0.9965677020765402,0.1571897744282169,0.1763919346685052,0.9930221152360356,-11.69519178695127,0.6373192274973282,0.0550427557586523,False,False,False,True,post,50,off_axis,12.610208699461925,10.89
534,11.123368456832116,60.63460974676942,163.26548022603643,27.605115504,1.8748519829230252,0.6552515295717198,0.0848184073990525,0.5688932708898201,0.9979006298110566,0.1084289586178164,0.1210848994124171,1.082319110036077,-8.132701377639636,0.6373602185255416,0.1490937083266708,False,False,False,True,post,50,pre,10.111595529108806,10.89
430,9.334637106971115,66.84962882913105,166.0136570091871,27.827964414,1.8798835316230784,0.7158391637865633,0.049619396673245,0.5487985760901809,1.0,0.0752415429492461,0.125358017350876,1.331412964189004,-14.330348429382735,0.6383176795674124,0.0904145871273021,False,False,False,True,post,50,off_axis,14.687984071109963,10.89
38,1.8195068493150837,54.78146317808165,160.1176037260276,4.28104485,1.0072881453009184,0.7720547945205479,0.0,0.4471153846153846,1.0,0.0597308934930877,0.0966507942432462,1.0955136085474106,98.61371571910416,0.641842601670173,0.0,False,False,False,True,post,50,mid,5.997801223493381,10.89
30,2.7779138401903807,50.13986595894727,137.06606285349113,53.253852156,2.3339281007098758,0.6691040436965906,0.1707694005960922,0.4660543130990415,0.9996308600959763,0.0228580800313297,0.0247610411113861,1.8070362881906323,18.37115362180468,0.6421186253649295,0.3664152348694215,False,False,False,False,pachytene,50,early,3.691625291383617,10.89
208,5.031441728657448,66.95710607863877,166.8451539001076,33.110656469999995,1.9920170931031,0.7307828551186681,0.1173054587688734,0.5002631578947369,0.9998751872191712,0.07714596410479,0.1417585585907192,1.3112709612106426,-15.02075280174313,0.6428625221758509,0.2344875030624508,False,False,False,True,post,50,off_axis,15.46907042969796,10.89
187,4.803151073309259,48.22784982989025,148.66199319562818,57.91725882,2.400157804861254,0.6543539894694208,0.2222728515447006,0.4704710569486758,0.9980153360396932,0.0498160576678619,0.0574235011784444,2.2410420429071487,11.022188857296799,0.6429287960886801,0.4724474508300064,False,False,False,False,pachytene,50,early,5.479749909069723,10.89
32,2.954010073614896,51.77258211933393,132.2358105772956,48.435624144,2.261303025072945,0.6607419604804339,0.1990624285387605,0.4695217701641684,0.9982982344182088,0.0486947023493292,0.0427879725068569,1.767642107309851,20.873508125666195,0.6430140114604268,0.423968474282158,False,False,False,False,pachytene,50,early,8.134070682053476,10.89
262,6.282015889575872,57.64320298531492,163.74233422678682,29.230739658,1.9109547286167847,0.7365379985554932,0.1273258904837851,0.5561985988425221,1.0,0.1718364727499587,0.3051589326463433,1.220384472209628,99.84774914333977,0.6433820515908877,0.2289216311381526,False,False,False,True,post,50,mid,10.448125642601164,10.89
320,7.5367727380667455,47.19912545713511,139.4832181488963,39.512284632,2.112910870394283,0.6879601044882451,0.1386430678466076,0.5241628614916286,0.99873417721519,0.1111113045961763,0.1618391259798935,1.5224599828190706,18.538080111040156,0.6435622913990786,0.2645037984035461,False,False,False,False,pachytene,50,early,0.11136431789683865,10.89
152,3.800810372771607,59.127587358184016,164.97204722041957,28.94690052,1.9047492874082488,0.7403565640194489,0.0455764075067024,0.5536828963795256,0.9994635193133048,0.1602766058294233,0.2972115136174467,1.308223555299327,-8.395219129105678,0.6443114801536741,0.0823149998035369,False,False,False,True,post,50,off_axis,11.784536784863041,10.89
495,9.947279194732369,57.21168599863864,163.65339799439863,30.994764713999995,1.948647321482,0.6241580261863316,0.0936302244935207,0.5730970600080548,0.9903553299492386,0.2266127888476058,0.2198331220458159,1.1585501936538185,99.48438344619846,0.644500290211559,0.163375859042454,False,False,False,True,post,50,mid,10.198963178809782,10.89
425,9.150658044884356,55.5611049220242,160.23058737923043,30.835251809999995,1.9452987005487317,0.7190566755420311,0.1167184883999042,0.5196317357162199,0.9987713310580204,0.0965339679552041,0.1638918773895506,1.29714082599136,99.28870512626268,0.6450671867196445,0.2246177059201909,False,False,False,True,post,51,mid,6.403998041566371,10.89
142,3.736884314642851,62.90728869210789,167.20343848827562,35.099876214,2.031135944594448,0.6731938782329747,0.0887066716362281,0.5975460122699386,1.0,0.1372138771733478,0.2002568959271007,1.3168397952789854,-12.581014206125628,0.6451874246985342,0.1484516168039547,False,False,False,True,post,51,off_axis,14.372763393689084,10.89
390,9.077938598687918,47.55978743426516,135.32692753543336,46.83814932599999,2.2361642799031958,0.6413582410978114,0.1824409179130037,0.542661639435833,0.9966960352422908,0.1094101164625748,0.1220982898683694,1.5749382120187596,21.389095318041836,0.6459507660829812,0.3361964521809109,False,False,False,False,pachytene,51,early,2.9343771377675525,10.89
517,10.499095406361244,63.490404296821104,169.5572506431077,33.1927587,1.9936622235879364,0.7221908127208481,0.0954901058444547,0.5143729330959044,0.99949283631292,0.0952083348997247,0.1744257575876416,1.3180655691917742,-14.721772430792093,0.6492820498530212,0.1856437220942391,False,False,False,True,post,51,off_axis,16.79747414323405,10.89
502,10.518212058212749,58.97496388773296,166.82960546777844,33.849576539999994,2.0067266127985857,0.6695772695772696,0.1005470665912091,0.5102768456375839,0.9938200632365622,0.1186649528130851,0.1476786596232318,1.1160740419036947,-9.675138896819963,0.64975939822975,0.1970441485848274,False,False,False,True,post,51,off_axis,13.64731550176266,10.89
424,9.924852594339855,49.32552022405636,129.5485164062495,47.74127385599999,2.250445316666291,0.6551198899371069,0.1834574220567706,0.4909531272261005,0.998919269426132,0.0585850418845803,0.0686138359153403,1.6152000075170123,24.507934136613347,0.6498034054699683,0.3736760433593943,False,False,False,False,pachytene,51,early,8.109383600236097,10.89
178,4.581381642512182,50.47315221739257,128.46430375362294,48.5576046,2.263199725060546,0.7009661835748793,0.1715738758029978,0.4704361873990307,0.999813953488372,0.0297245628201949,0.0504879926281197,2.1779173391535047,24.547619966036894,0.6509844046365734,0.3647123252817846,False,False,False,False,pachytene,51,early,9.68767422720799,10.89
368,8.247379014614316,66.19339217642228,170.34776825938354,26.805205206,1.856565071809488,0.709460050756979,0.0616167326172979,0.5936746987951808,0.9984648449493398,0.1330284748369538,0.2014695606059942,1.051815172707461,-17.11613429557565,0.6523952024112815,0.1037887124756109,False,False,False,True,post,51,off_axis,18.34667822154543,10.89
130,3.8354141257345593,45.701549301475126,138.32366232952694,42.31314356399999,2.1617006877769414,0.693480430202905,0.1379794200187091,0.5037077229155362,1.0,0.0577367861356665,0.0718011845593226,1.7788438792469126,20.401470477979437,0.6540078590415833,0.2739275451646114,False,False,False,False,pachytene,51,early,0.4505993111280468,10.89
333,8.035068237247257,42.73153496964217,138.4912480618541,45.205487838,2.209874023957435,0.704374448653417,0.173029467266657,0.4612954186413902,0.998587855557797,0.0904120360792718,0.1457578611626804,1.6753785047255998,22.261501663306614,0.6550944383093743,0.375094701300664,False,False,False,False,pachytene,51,early,2.772097555491623,10.89
26,2.3663592072277053,46.72616076344471,134.00693960550635,49.592092698,2.27915892060485,0.6675653942576036,0.1703458859638768,0.46570859419465,0.9988948055862554,0.072040571540013,0.0862127260969367,1.6757879789041064,22.92815478422964,0.6564640402753796,0.365777844960014,False,False,False,False,pachytene,51,early,3.196288422354327,10.89
427,9.18656928383037,59.90779253398151,170.53995214039034,34.687019285999995,2.023140873226351,0.7305741529722053,0.0446043165467625,0.5755522088353414,0.9966883635948384,0.1767849376976043,0.2878675024123677,1.08140211318957,-13.058770931192832,0.6566865010219438,0.0774982979163986,False,False,False,True,post,51,off_axis,17.34158255524118,10.89
49,2.403718759409833,59.65091278229364,168.66611345980334,31.161314952,1.952131437685072,0.7460855164107196,0.0157572220601108,0.6113252297657872,1.0,0.1034522903073239,0.2008224172584515,1.1029815121126716,-11.49308999669152,0.656729542635449,0.0257755140682609,False,False,False,True,post,51,off_axis,15.466125237867118,10.89
186,5.002817560975939,43.32649588682909,148.4130985873165,60.11056125,2.4300808585403733,0.6318439024390243,0.2046201837956327,0.485690057239771,0.9981622714325096,0.0246598190792955,0.0258550097340519,2.383220871899027,90.44454173645218,0.6574393429329584,0.4212978642357047,False,False,False,False,pachytene,51,mid,7.565237452236731,10.89
346,8.161925395629085,49.149704530896734,158.4163350791235,24.902779248,1.811561447887457,0.8421250941974379,0.0328909405654933,0.5310262529832935,0.998999874984373,0.1522584980637852,0.4630107277291532,1.1857428377363464,94.77210364236254,0.6578718534404305,0.0619384453795133,False,False,False,True,post,52,mid,3.170064461257699,10.89
60,2.251888888888938,64.76959716666643,170.52603629166322,33.7792032,2.0053349850202222,0.7788888888888889,0.0298598415600244,0.5826005025125628,1.0,0.1070999230587556,0.2650141891221809,1.1920419474436337,-16.297307335814523,0.6579303143520324,0.0512526876156968,False,False,False,True,post,52,off_axis,18.060936433150513,10.89
161,4.085781959339528,56.34206496480237,168.5915626751776,35.653479821999994,2.0417588099947017,0.7716955062833081,0.1459512675363032,0.5048991354466859,1.0,0.0899993429564061,0.2018967969092672,1.418679140931001,98.04110760533106,0.6585754721186514,0.2890701474606006,False,False,False,False,pachytene,52,off_axis,14.470583506669149,10.89
217,5.162744616392464,67.36186398919145,171.90315433554449,28.648986714,1.8981923504862248,0.7381478752149349,0.1377729846319763,0.5409631019387117,0.9997209432119436,0.1221755114182878,0.2257556863347182,1.067833721373198,-19.054075063033252,0.6586841172711331,0.2546809276607284,False,False,False,True,post,52,off_axis,20.22307478420176,10.89
374,9.052414194298988,46.88961588132629,155.60555340314275,8.064784763999999,1.2440410868081155,0.7539267015706806,0.0,0.400709219858156,0.9979024646040902,0.0570968694054771,0.0822982481775074,1.0851824764295497,92.93872846440459,0.6588930585068989,0.0,False,False,False,True,post,52,mid,0.06406546080806015,10.89
302,7.37817692427161,47.788856353846974,125.84878198664413,45.318085182,2.211707279549217,0.6926859568300636,0.1943275885466142,0.4525854808826006,0.9997918401332224,0.0424385237681303,0.0698350747312317,1.874691941342364,27.744210206816113,0.6591030975646107,0.4293721225162816,False,False,False,False,pachytene,52,early,9.454142751405891,10.89
379,8.544837045261515,56.34582122657108,168.7176706354937,35.916206958,2.046761717538226,0.7021095944092482,0.0778406793368378,0.554702916027187,0.9998800671623892,0.0975009063472304,0.1427253963424297,1.3583393906543242,98.04110760533106,0.6608922651161836,0.1403285922748289,False,False,False,False,pachytene,52,off_axis,14.591873752551779,10.89
334,8.150728952771756,43.279287428131134,132.67514437884924,45.69575543999999,2.2178342400652604,0.6509753593429158,0.1763779527559055,0.5325783203412267,0.9997810618500274,0.0597628154915075,0.078200491523925,1.6174690066284394,26.22229379318449,0.6619099064107626,0.331177492622867,False,False,False,False,pachytene,52,early,1.5219937932270915,10.89
315,7.172789464682576,63.5511512570562,172.16872567983606,27.431527932,1.8709138774660887,0.6862493586454592,0.035995796111403,0.5835377487053693,0.9950534546034784,0.1705750261207012,0.2337652264012564,1.0118500611969363,-16.70514456467656,0.6624651768454816,0.0616854628364024,False,False,False,True,post,52,off_axis,19.3617119335306,10.89
139,3.989984585259968,47.84662235970422,159.60839172603386,56.30570933399999,2.377686589178865,0.6710411198600175,0.2771216698709146,0.4131205673758865,0.9975784669833286,0.0412321571622826,0.0490984048167097,2.6621123126993798,93.31145578812526,0.6629781785488018,0.6708009519622138,False,False,False,False,pachytene,52,mid,4.162803117820906,10.89
50,1.7929527836505177,60.59648308667906,172.37706751233358,29.957930838,1.92667177347174,0.679038446480307,0.1112315698178664,0.5091485728226397,0.9998427178357974,0.1720893423665861,0.213368090341186,1.0613979579077588,-14.885688466277994,0.6638596977784038,0.2184658383725129,False,False,False,True,post,52,off_axis,19.19943460840717,10.89
413,9.024240037801526,65.53883925815025,174.08598978579633,29.786689044,1.9229937561732344,0.7468892739014018,0.0673244341265235,0.5653391412570006,1.0,0.1375061081332464,0.2556404127413751,1.0914958763187206,-19.459739707865317,0.6644698943421192,0.1190868086310659,False,False,False,True,post,52,off_axis,21.69488058437738,10.89
137,4.15965476391943,41.1408588424425,136.53288199356962,41.583606606,2.149205028926508,0.6644666328199921,0.1786799226732947,0.5107599193006053,1.0,0.0425741037410607,0.0650854929131394,1.706684450322854,24.781371954315937,0.6670564547288513,0.3498315273406046,False,False,False,False,pachytene,52,early,2.6467902710284026,10.89
23,2.623965598236561,41.449552198892505,151.78418957828967,64.91471459399999,2.493167828813041,0.6841686842770932,0.2108352144469526,0.4729977116704805,0.997148288973384,0.055998968104102,0.0628057288875075,2.261736788165664,88.10329684957628,0.6671619725026041,0.4457425675535477,False,False,False,False,pachytene,52,mid,4.498358834361089,10.89
91,3.2506637355204697,45.129471674981566,127.91675892449598,55.487032812,2.366106547682605,0.6840703475099349,0.1714158997671582,0.490566037735849,0.9996652439534688,0.0695075150788857,0.0863255027680421,1.9967743987913025,27.744210206816113,0.6677296856016569,0.3494247187561302,False,False,False,False,pachytene,52,early,6.128251085279354,10.89
336,7.560616784631243,60.50547982810765,173.91608455510922,27.839693304,1.8801476047191557,0.5764239973036738,0.0504344540989799,0.5719116769444997,0.9897481613550256,0.1528829591103006,0.1382446494845619,0.9568343610198398,-15.969810563276303,0.6681249246405194,0.0881857393932425,False,False,False,True,post,52,off_axis,20.732925163555915,10.89
254,6.166709102482496,68.14336303310044,175.23449271960476,29.481737904,1.9164088034311697,0.63979949077021,0.1051591223561968,0.5736690965319196,0.9989761092150172,0.1336513091932718,0.1367431794606291,1.113194480669149,-22.054622416896105,0.6697994826537167,0.1833097215658464,False,False,False,True,post,52,off_axis,23.607557063386054,10.89
62,2.305788782073493,66.15017779237684,174.14678199737494,33.917604102,2.0080700207524336,0.7223182792724254,0.0308954863625392,0.5671232876712329,1.0,0.1220077323917295,0.2005693367488467,1.1051041098983423,-19.913490871718984,0.6700100160739839,0.0544775484170378,False,False,False,True,post,52,off_axis,21.926248659229547,10.89
311,7.92996776484699,38.20751575151797,136.7062503687926,42.934774734,2.172235264174138,0.5776648636835491,0.1367950865438302,0.5239327296248383,0.9965915826911678,0.0709084931491632,0.0452220868372343,1.7202341525011873,30.96440345231048,0.6702574030825712,0.2610928441935327,False,False,False,False,pachytene,53,early,3.9195231553099394,10.89
456,10.064815215042472,42.96859844931859,127.72845123189866,43.415659224,2.1803151046660743,0.6324832504862762,0.2408482142857142,0.4719200235224934,0.9970654928638122,0.0133572228518759,0.0298963600805674,1.6361878837652446,27.744210206816113,0.6704188465144907,0.5103581163773919,False,False,False,False,pachytene,53,early,5.169555856780959,10.89
207,5.01738357888501,58.27696204930805,172.2578490930624,31.684423446,1.9629944263914272,0.7070407936625454,0.1241699867197875,0.4996209249431387,0.9993079584775086,0.1182117706810291,0.189162473789466,1.0613278329268183,98.04110760533106,0.6712227080267711,0.2485283952707128,False,False,False,True,post,53,off_axis,18.56640420839842,10.89
22,2.166813627254502,41.56614287241031,132.98251771542957,52.67444499,2.325432759752103,0.6431084391004231,0.1061788980593352,0.4870227102570502,0.9968335642192756,0.0378545969047177,0.0321218682611612,1.737496159118419,27.1384314019531,0.6728736295582659,0.2180163179727164,False,False,False,False,pachytene,53,early,0.042117271811813004,10.89
497,10.33382316105885,66.67811361776582,176.9839015947207,28.095383106,1.8858860573748888,0.6603490022543208,0.0570236439499304,0.5208947885939036,0.9937998228520816,0.1097254985986119,0.1328892231605083,1.3641535415570738,-22.376926600559333,0.6741310360272318,0.109472479277167,False,False,False,False,pachytene,53,off_axis,24.794911404295696,10.89
335,7.90335856196824,56.54078824503464,174.91326031220382,29.753848152,1.922286773110924,0.7148375906654052,0.0631960631960631,0.6040917887752281,0.998910971957528,0.1552342791935756,0.2580237339751682,1.09289548352057,98.04110760533106,0.6743490949299163,0.1046133458032771,False,False,False,True,post,53,off_axis,20.625238020948476,10.89
44,2.545543571759464,56.20794364454591,173.5086030768238,35.45174291399999,2.037900585036862,0.7155429100774168,0.0806244653550042,0.4845312863456618,0.9981986309595292,0.1076016233171599,0.1574436896497006,1.413518297452443,98.04110760533106,0.674641783034728,0.1663968202405968,False,False,False,False,pachytene,53,off_axis,19.18172460574165,10.89
240,5.965730934288342,41.96673395802813,156.62696155360885,59.580415422,2.4229157101130987,0.6444741918973188,0.214030812081121,0.469656699889258,0.996100834240116,0.0624468210986364,0.0618123565875261,2.3916700772806383,87.9202271791824,0.6747153781477871,0.4557175744146483,False,False,False,False,pachytene,53,mid,0.36850903652891454,10.89
53,2.057977180429381,61.96975147940472,175.584151788822,36.390054114,2.055723484951302,0.6987687745761619,0.0323048250155311,0.6013267708110421,0.9997702205882352,0.105434703861782,0.1676277687257663,1.0776337132058054,-18.189246750497496,0.6747654878837624,0.0537225791094579,False,False,False,True,post,53,off_axis,22.50198009447275,10.89
352,8.570292405577609,39.51284522810372,152.54303868620354,69.313048344,2.548250569758021,0.7136523622580209,0.2217623252391464,0.4173265571445456,0.9980808682416784,0.023499705942106,0.0465931039937021,2.117772131082007,86.07774312753696,0.6748999622989784,0.5313880016563063,False,False,False,False,pachytene,53,mid,4.025264786188662,10.89
381,8.66590925330459,61.64221644158607,176.44543991425252,32.82916311,1.986355912757359,0.7320471596998928,0.1190979563072586,0.5208,0.9974978105842612,0.1498801746327706,0.2455693837936041,1.1256949019536142,-18.611118096644255,0.6759400383707699,0.2286827118034919,False,False,False,True,post,53,off_axis,23.328954423625312,10.89
149,4.276305073889583,36.35923886169195,138.94528289793132,51.27166974599999,2.304603854731872,0.6827103445120557,0.2063401235980774,0.4383561643835616,0.997983870967742,0.0565937988280181,0.0708339336583689,2.199122974351199,32.97271238497982,0.6781984104749051,0.4707134069581141,False,False,False,False,pachytene,53,early,6.016208481954564,10.89
260,6.550346674317263,41.656903916222994,124.45868832305308,49.057255314,2.270935916386804,0.6466790991249463,0.2065077319587629,0.4702936797942888,0.9983638743455496,0.04287465286122,0.0439807357617195,2.0820540878882623,27.744210206816113,0.6788706494216808,0.4391037788326041,False,False,False,False,pachytene,53,early,8.118428334595782,10.89
64,2.608359174868516,66.2238365241996,177.98271249157227,34.797270852,2.0252821021043004,0.7467978967237427,0.0398773006134969,0.6206070287539937,0.9996765149881388,0.1329268586144867,0.2772868611797754,1.1661935077802603,-22.816411433805847,0.6795428018033629,0.0642553157890581,False,False,False,True,post,53,off_axis,25.63465645617014,10.89
319,7.722564655172063,38.00283177801927,130.25818094288837,43.53763968,2.182355130065205,0.6614224137931035,0.2140087554721701,0.4716740929344367,0.9995376257080106,0.0775018212023957,0.0970072451922677,1.5610845244743945,30.693179519647188,0.6800492688396862,0.453721666459891,False,False,False,False,pachytene,53,early,2.526090270007993,10.89
287,6.892448357602297,67.66406495089771,178.60825547748172,27.708329736,1.8771857379419352,0.6680494412461904,0.057451923076923,0.6029074215761285,0.9993424297221766,0.1131150250804845,0.1424551250721007,1.1903211263569815,-24.244206349028268,0.6802888341633277,0.0952914510933228,False,False,False,True,post,53,off_axis,26.636150638711886,10.89
43,1.604408883083018,57.90650151045158,176.91880218810962,28.731088944,1.9000039001559603,0.7251796211626388,0.0673316708229426,0.5935828877005348,1.0,0.1883630446345539,0.3274953527988507,1.1143381451315424,98.04110760533106,0.6803236273008768,0.1134326346296421,False,False,False,True,post,53,off_axis,22.9023515058474,10.89
445,9.12663723325971,62.95977466887442,179.8014490618127,38.254947624,2.090256908363882,0.7967255334805003,0.0776293823038397,0.5547511312217195,1.0,0.165487401278268,0.3611758193865833,1.210335174464886,-21.988239219975025,0.6840175108395524,0.1399355096994175,False,False,False,True,post,54,off_axis,26.80409874553113,10.89
365,8.531921847246709,58.281142934281206,178.46746612433554,33.01682535,1.990133610506806,0.6764476021314387,0.0711809096471548,0.5340360122968819,0.999156711173577,0.1685648717345433,0.2170217477677918,1.11253372916808,98.04110760533106,0.6842028945704124,0.1332885947915884,False,False,False,True,post,54,off_axis,24.495157072281735,10.89
409,9.375364755654036,34.01094036448418,135.60885210717774,43.249108986,2.1775235056232534,0.6382817161143353,0.2283929191253036,0.4723346828609986,0.9979589233320576,0.1088129739574358,0.1013821739503009,1.612587141672571,35.068659826094716,0.6845089466342373,0.4835404373481429,False,False,False,False,pachytene,54,early,2.5157398593897473,10.89
90,3.341706143998949,36.01350777854057,153.77330305572377,64.86779903399999,2.4925670582193384,0.6497305898094239,0.2413847117794486,0.4716085071236837,0.9956724095696904,0.0253975327426329,0.0341772068047715,2.5022627202507404,81.1731963478544,0.6853431406642811,0.5118328192416243,False,False,False,False,pachytene,54,mid,2.021240556204612,10.89
215,4.929735514447319,55.497557644091245,176.7881434719437,30.687467796,1.9421859801511607,0.7144167558477297,0.1273067040411118,0.5701284796573876,0.99959715321606,0.1618689691628516,0.2615016581131157,1.1317223514720376,98.04110760533106,0.685778817588048,0.2232947635199972,False,False,False,True,post,54,off_axis,22.265809170502994,10.89
56,1.9871007204024136,62.849263375017934,179.55700587875958,34.515777492,2.0198061199868342,0.7126546146527117,0.0197078599582657,0.597918637653737,1.0,0.1154905329964745,0.1835729518986431,1.1525226664174626,-21.732539503405963,0.6874507101488809,0.032960772113745,False,False,False,True,post,54,off_axis,26.54805971254205,10.89
19,2.6050076606725603,35.87084461736892,132.7776208652519,58.179985956,2.403781569148415,0.6808321909523425,0.1405927695147106,0.4771349166245578,0.9996733360555328,0.0653147194565909,0.0794219956960884,1.92803838529771,33.005098345559084,0.6878009273409378,0.2946604086519591,False,False,False,False,pachytene,54,early,0.17067563178157324,10.89
184,4.946952285321244,33.55348594220731,149.9631739261447,63.075624642,2.469397383166096,0.6744765517497862,0.2452358368543589,0.4563006969039186,0.9974609220026978,0.0254468772534963,0.0330299851734437,2.499351445057087,77.63404381775025,0.6882833121921704,0.5374434852243875,False,False,False,False,pachytene,54,mid,4.8572925282179895,10.89
410,9.45640146319162,38.25106975308837,124.51975104595476,41.041731888,2.139828774443433,0.691358024691358,0.1719061493635945,0.4916666666666666,0.9994323986831648,0.0755888843872463,0.1314597705467897,1.625101612565199,30.02258059176804,0.6883033318844738,0.34963962582426,False,False,False,False,pachytene,54,early,8.230605749188951,10.89
323,7.245084029385074,54.80080267686272,179.1694732313592,23.309995986,1.772084919816993,0.6393277649189897,0.0239651416122004,0.5700334821428571,0.990025466893039,0.1570202069863154,0.1790060571521025,1.198637492008827,97.38681053977572,0.6888277308407023,0.0420416385404436,False,False,False,True,post,54,off_axis,24.519325836343732,10.89
20,2.6688990540481448,38.38965897322166,127.05555724119468,52.819883226,2.32757102650482,0.6539059377359329,0.1374654122855562,0.5076350571025279,0.9978021978021978,0.0385481788027283,0.0514745849203483,1.845587557857871,30.0713078243922,0.6889861318845736,0.2707957426545347,False,False,False,False,pachytene,54,early,5.6914827335485,10.89
194,4.413239565815467,66.71745254548081,181.0179861565505,30.687467796,1.9421859801511607,0.6932426234520715,0.1074288256227757,0.5078494891602292,0.9994139194139194,0.1422034597794323,0.1938159512461151,1.2223253390125153,-25.404327577191502,0.6891543279222001,0.2115367405418053,False,False,False,True,post,54,off_axis,28.696810644858083,10.89
231,5.770725636607247,32.69778753590022,138.04974873635973,49.007993976,2.2701755340753604,0.6738464484013019,0.2221461187214611,0.471822717933666,0.9986933360136696,0.0414877030542079,0.0624103702320692,1.956855441011089,36.558182175936324,0.6891724701248794,0.4708253975017221,False,False,False,False,pachytene,54,early,4.853189297322562,10.89
382,8.43842691654962,66.22680444919723,181.7106112226059,31.792329234,1.9652203198756104,0.719176566073932,0.121421975992613,0.4590120861797162,0.9993135639758376,0.1036212091418475,0.1581381756728518,1.138508841803024,-25.591723996823898,0.6900669152997455,0.2645289299529967,False,False,False,True,post,54,off_axis,29.254856637344766,10.89
45,2.746836805288695,57.2830326696913,180.34405876700785,30.516226002,1.9385666529334131,0.7296487047428704,0.0268400664084117,0.5621268126243958,1.0,0.1249178458365693,0.2182117050756505,1.2417958705564167,98.04110760533106,0.6917449682062529,0.0477473513193647,False,False,False,True,post,54,off_axis,26.089137890696826,10.89
496,10.390061081366966,59.40035721287892,180.7020086418813,31.107362058,1.9510041426726117,0.5604403891109268,0.1936644072485821,0.4794990564419283,0.9740440324449594,0.0968231243269516,0.0734306023819292,1.1379705050158253,98.04110760533106,0.6918695204423223,0.4038890267806745,False,False,False,False,pachytene,54,off_axis,26.948141835741986,10.89
439,9.84641859096912,34.203520826592026,129.86871197234836,47.846833866,2.2521027375899503,0.5945972446928469,0.2220340577664878,0.4865159027693796,0.9948467230443976,0.0521923405092529,0.0407599905860759,1.5890157849067186,34.45344088781772,0.6936707658478554,0.4563757453818265,False,False,False,False,pachytene,54,early,3.1945842697512554,10.89
221,5.847783708516718,36.2847182292875,158.87222944998604,60.647744412,2.437298276369637,0.6725845130347334,0.270635877994141,0.4277613703484938,0.9934808715045462,0.0303245375252431,0.047560558873673,2.579958392205032,83.04375266673026,0.6937625131090882,0.6326795656504843,False,False,False,False,pachytene,54,mid,2.7299303037637137,10.89
504,10.389018633540502,63.57306864596398,182.9261621614898,28.32526935,1.8910157513430752,0.6169772256728778,0.0675403225806451,0.4931891891891892,0.98965307364577,0.1241283733157085,0.1320531391245515,1.058801539811054,-24.722667345593027,0.6946946519548419,0.1369460727468144,False,False,False,True,post,54,off_axis,29.98130520351467,10.89
483,9.7380295022479,55.6182992269469,181.22870912676476,29.737427706,1.9219330864841528,0.7419736530724934,0.0529820497973364,0.5475389789055335,0.9990778553550256,0.1512499639566375,0.2945714338253584,1.2313234343194188,97.90036318657936,0.6950490101524508,0.0967639781614112,False,False,False,True,post,54,off_axis,26.67455593108703,10.89
180,4.38317247476594,63.417856479777534,182.47808743829376,31.839244793999995,1.9661865287974087,0.625138141899359,0.1465951023146595,0.4923349056603773,0.9989410518884576,0.0613073546841241,0.0676546985384143,1.0963539729950411,-24.28560693704393,0.6969624351399222,0.2977548425457037,False,False,False,False,pachytene,55,off_axis,29.51699226271853,10.89
175,4.606358214698051,35.93418689399721,123.61599101577391,48.773416176,2.266547658528496,0.6665063485956138,0.1709708273553324,0.4930775886933948,0.9989902049883872,0.0481424701365117,0.0571791429051618,1.992543561150354,32.266534094088605,0.6978918227443741,0.3467422395091766,False,False,False,False,pachytene,55,early,9.302706982434312,10.89
52,1.598999321574029,60.95523879748883,182.51374139246892,27.661414176,1.8761256599336051,0.7211668928086838,0.0093401626996083,0.6003649635036497,1.0,0.1376597496908862,0.2127274769038408,1.219832504716459,98.04110760533106,0.6984623333363981,0.0155574746485877,False,False,False,True,post,55,off_axis,29.136784697225828,10.89
343,8.228493249001472,29.74898447046005,134.53302616067822,52.294428954,2.319827034289378,0.6502040999416857,0.1688339373267959,0.4864067709669146,0.99789283564118,0.0875211908037875,0.0891549257517448,1.84128919354957,39.2397091143272,0.6986689397377615,0.3471044142563551,False,False,False,False,pachytene,55,early,1.128650336358191,10.89
247,5.917269691065836,67.33758972307227,184.43227011550545,33.713521416,2.0040343875187974,0.7689952685777901,0.0497996565540926,0.6213855421686747,1.0,0.1242783275801819,0.2740636654250109,1.2566233627006944,-28.358751710167468,0.6987232501704594,0.0801429276585495,False,False,False,True,post,55,off_axis,32.15970504729884,10.89
429,9.306206785656723,60.45745190544935,184.0081346116755,29.176786764,1.9097782840272008,0.6437530149541727,0.061228813559322,0.6095689460618371,0.9962969197104864,0.2285413295042448,0.2421887738181569,1.0698466200162715,98.04110760533106,0.6992845798200253,0.1004460839990211,False,False,False,True,post,55,off_axis,30.417897705155013,10.89
222,5.1979812430457,54.73919434906915,182.0664335717677,29.514578796,1.917120127618874,0.6572881894770306,0.1057652426379095,0.510899814471243,0.9977632484514796,0.0954038832561807,0.1203780228248733,1.2150411024701249,96.91014894261214,0.6998862678571551,0.2070175788718411,False,False,False,True,post,55,off_axis,27.3774665819584,10.89
220,5.736778889899599,30.82795074431264,153.81339132665786,64.45025054999999,2.4872073947044298,0.6880800727934486,0.2682093758005294,0.4366394399066511,0.997958566460003,0.0546545285800612,0.0616680809276859,2.5432247066222367,76.26671922173173,0.702237227125302,0.6142582444175673,False,False,False,False,pachytene,55,early,0.3425234759518973,10.89
17,2.754718708388861,30.79897066827535,133.59241228362498,56.373736896,2.3786437634276547,0.6838382157123835,0.1662460221661362,0.470781784680179,0.9982473710565848,0.0194655297250197,0.0221195303103658,1.978346406603401,38.123237992493664,0.7027191033598588,0.3531275584060115,False,False,False,False,pachytene,55,early,0.26800074714114114,10.89
464,9.939308838442912,65.74465595600152,185.5175958577145,30.070528182,1.9290825641600964,0.7416335127545051,0.0369293399243966,0.606280193236715,0.9997503121098626,0.1397990075567479,0.2467385370003587,1.0459148855940994,-28.101693799016523,0.702910502480611,0.0609113415486063,False,False,False,True,post,55,off_axis,32.8835589163696,10.89
18,2.924449287034056,33.43319864986511,127.09629126912604,49.517027802,2.278008392961293,0.6758254772845705,0.2256421862623062,0.4549174338740319,0.9982969344820676,0.0187510335675407,0.0348080348559219,2.1147861745131302,35.017284463124795,0.7029336071366322,0.4960069002868492,False,False,False,False,pachytene,55,early,6.016249245292842,10.89
86,2.959479495268196,65.14806998422675,185.24126524448332,29.74446504,1.9220846824057851,0.6805993690851735,0.0807989105764865,0.5622222222222222,1.0,0.1094555964835384,0.1597993994845004,1.2475350420880904,-27.49745357560309,0.7039108752350354,0.1437134773099563,False,False,False,True,post,55,off_axis,32.50618293831838,10.89
408,9.5700398561288,33.113859375911936,124.64483034412416,48.26203657199999,2.2585983768825457,0.571838242441917,0.1892314772204325,0.5098195027812464,0.9972152603731552,0.0576151453383005,0.053360873742713,2.00627440784194,35.155033384995725,0.7039560224628928,0.3711734764717859,False,False,False,False,pachytene,55,early,8.484581369060512,10.89
135,4.064510701934788,28.089400214972787,138.52243142349604,50.19495764399999,2.288357259018813,0.6747359566314609,0.2419952080156828,0.4642241379310345,0.9998022543009688,0.0345449150368837,0.0456829952203671,2.168185689864284,41.18887613032712,0.7040177992063528,0.521289584583458,False,False,False,False,pachytene,55,early,4.984856009788714,10.89
42,2.1411194496560464,57.2475137664177,184.3451071763629,30.007192176,1.9277272363854847,0.5884146341463414,0.0990759753593428,0.5306742640075973,0.996964177292046,0.0635195464544012,0.0602672168748704,1.2276575490092685,98.04110760533106,0.7043589166596042,0.1866982857075663,False,False,False,True,post,55,off_axis,30.009973485081325,10.89
443,9.393756932340306,56.57644511171132,184.88954206148367,29.608409916,1.9191495793302005,0.6805577562985263,0.1225244831338411,0.5419146825396826,0.999053926206244,0.1116106274540002,0.1580193173006031,1.1287282366077993,98.04110760533106,0.7068929838325397,0.2260955221948043,False,False,False,True,post,55,off_axis,30.43629909835805,10.89
245,5.739519122155651,58.400089059222495,184.15001175569157,29.073572532,1.907523646983416,0.6149749878973697,0.1835757057313943,0.4830259849119865,0.9886340152924158,0.1333248898265454,0.1081554834761941,1.0803221150883244,98.04110760533106,0.7072329131591585,0.3800534784165787,False,False,False,False,pachytene,55,off_axis,30.044938712841297,10.89
438,9.621185555302889,29.147709007493415,149.0530120554186,51.64230266999999,2.310143704875121,0.6348853054735408,0.2306661562021439,0.4613087832794227,0.9955156950672646,0.064236674835615,0.0546966925212802,2.52638931003624,73.16663225486269,0.7085050110745347,0.5000255025762763,False,False,False,False,pachytene,56,early,4.326727775186864,10.89
455,9.930280851063587,26.419609876596883,137.12975033616758,55.12578299999999,2.3609604969728677,0.5794893617021277,0.2044759298019642,0.4985832827362882,0.9852294921875,0.03793968086668,0.0268800217067433,2.001083128368176,42.75145465328128,0.7087034190504166,0.4101138904613377,False,False,False,False,pachytene,56,early,3.4728676683196706,10.89
420,9.785435097715618,27.959820797720504,130.2871139601149,46.931980446,2.2376565239055006,0.6316789123806668,0.1925268463730002,0.4901614873117112,0.9982486865148862,0.062951585869832,0.0620703800341065,1.6424316061711457,40.71099627603361,0.7096594941820753,0.3927824836441413,False,False,False,False,pachytene,56,early,3.237605628486405,10.89
243,5.584966524649987,55.17866049147862,185.72055876445785,30.832906032,1.9452493700547064,0.6295648204503956,0.1750254151135208,0.4707332101047443,0.9904059040590406,0.1125157720273291,0.0983183561908925,1.1192365430657016,96.82072928099508,0.7099259641479315,0.3718144616874926,False,False,False,False,pachytene,56,off_axis,31.056836845779813,10.89
380,8.565042091271454,60.69356885245693,187.4683396544045,31.766525676,1.9646884997473344,0.6553684832373357,0.1291285687628288,0.5583886865223913,0.9960949703217744,0.226671245032148,0.2739686952489433,1.047166442948144,98.04110760533106,0.7103392902305697,0.2312521221857721,False,False,False,True,post,56,off_axis,33.81371449595863,10.89
224,5.531653976996496,64.63698567147239,187.56929288028329,28.960975187999995,1.905057948779299,0.7131054592580592,0.0460544034473471,0.6273291925465838,0.9994487320837928,0.169211694385019,0.2632368243812923,1.127022068725387,-28.887833296521165,0.7116815464902954,0.0734134550002266,False,False,False,True,post,56,off_axis,34.72634791842217,10.89
54,1.818578100674696,62.30559456594303,186.89549141522767,31.642199441999995,1.9621220489297968,0.6116094595596412,0.1384640684098009,0.5102118724947509,0.9970792259948886,0.0394412639350696,0.0321411755570529,1.3322994781151345,98.04110760533106,0.712770589837132,0.2713854300033473,False,False,False,True,post,56,off_axis,33.72138374909124,10.89
41,2.1156441717791994,56.91603666341442,187.5456710262102,33.64783963199999,2.002732099674091,0.6456358059118795,0.1805577946155085,0.4597678536297462,0.9961277831558568,0.1357460233442728,0.1462064769384772,1.50190934282724,98.04110760533106,0.7143888221901781,0.3927151348012966,False,False,False,False,pachytene,56,off_axis,33.11321064386795,10.89
105,3.9161670993627737,25.222929417041,147.76978547085196,49.69530693,2.280739001979865,0.5584139721501062,0.177654711673699,0.5408872260823089,0.9948986626223632,0.0841225686058538,0.0561818235960484,2.646564837619381,63.84093313999167,0.7153263595427747,0.3284505588354653,False,False,False,False,pachytene,56,early,4.021806890534608,10.89
487,10.210866310160307,64.96680322994622,189.6025435721916,32.89953645,1.9877742323486949,0.6142602495543672,0.0535339398180545,0.5966728280961183,0.997567699043295,0.1649704123897953,0.1653738163056974,1.1890910699697417,-30.620847552709282,0.7158997735222009,0.08972076035182,False,False,False,True,post,56,off_axis,36.78588456163691,10.89
110,3.207752923233298,66.81208417640964,189.35236418403483,36.91316260799999,2.06552702780834,0.6809862735129639,0.1997449386258568,0.4695219123505976,0.9993430561030088,0.0474421135560592,0.0724281284186004,1.5030497468738226,-31.66783378729093,0.7163075015309027,0.4254219736537129,False,False,False,False,pachytene,56,off_axis,36.85108956975365,10.89
378,8.336459231166847,56.63660608515924,188.08431689363957,27.215716356,1.86599461850412,0.6674711256679883,0.0313833793622897,0.5972006220839814,0.9974991663887962,0.214973938534442,0.2614920901391472,1.1143526617904125,97.92440673903454,0.7169596459759466,0.0525508149217507,False,False,False,True,post,56,off_axis,33.605337172642834,10.89
238,6.154123193446154,24.3817709251099,141.5402614537426,60.70404308399999,2.4380522160283875,0.64943194991885,0.2381592206919718,0.4630731922398589,0.9985924166446732,0.0361023908007884,0.050593931805812,2.421461879317452,57.55488294688099,0.7173098449236431,0.5143014639651435,False,False,False,False,pachytene,56,early,4.012317002061989,10.89
500,10.87582117172106,26.74156426378531,152.72531407242093,55.775563506,2.3702006840794034,0.602683265340455,0.2143866943866943,0.4950778024769768,0.9893805309734514,0.0443848201095054,0.0268958575027885,1.8941579291882555,72.04599848514184,0.7177194895526833,0.4330363698676719,False,False,False,False,pachytene,56,early,0.08178789505726172,10.89
386,9.069145288553054,25.19304423100815,147.833893382077,56.784248046,2.3844035326820063,0.5878464906845127,0.2452530448596717,0.4774982459657211,0.9953493779793048,0.1157354097180235,0.0806324818880068,1.7453325408572935,63.90052305659617,0.7180868876767551,0.5136208288339514,False,False,False,False,pachytene,56,early,3.983701897883706,10.89
9,2.719763986014076,26.426496949301768,131.14376917395032,53.67140064,2.3400121186567864,0.6398164335664336,0.1542487684729063,0.5155927678679771,0.9993195956454122,0.0353806770815541,0.0407972313652594,2.030997722289795,42.303300457192734,0.7183402072594118,0.2991678279560417,False,False,False,False,pachytene,56,early,2.496317847537445,10.89
157,4.528614157527676,28.85440149098028,125.6685793709764,51.761937348,2.311926223873157,0.6590682497960663,0.1712932363956818,0.4834507510301741,0.9965689638270758,0.049377165537083,0.0580696535655982,2.1248363555850656,39.47837189395769,0.7186975732707412,0.3543137248844417,False,False,False,False,pachytene,56,early,7.777624736434493,10.89
366,8.309523407844589,60.912971868408434,190.4194456347524,27.80919819,1.8794608602883809,0.6209194432728806,0.0492913052676116,0.6165999109924344,0.999814574448359,0.148024754262402,0.1383022153406945,1.0188944793412815,98.04110760533106,0.7195976623361112,0.0799405001344809,False,False,False,True,post,56,off_axis,36.725010578664296,10.89
223,5.283755819969062,55.10506257113214,189.182526228658,27.206333244,1.8657801486880248,0.478099672357303,0.1110295197532676,0.5602180736824715,0.9477966101694916,0.2211213137754611,0.0933904804331884,1.185090092038563,96.25112812631568,0.7207601904337706,0.1981898210163755,False,False,False,True,post,57,off_axis,34.47241730913411,10.89
7,2.3898121053442427,24.683622412598417,153.8934993839506,60.924546216,2.4410006661573247,0.590212536577853,0.1927336165048543,0.5065301136897491,0.9979591836734694,0.0992463613882131,0.0705131491840138,2.4368697034777598,70.46338757444045,0.7207850500425417,0.3804978446412845,False,False,False,False,pachytene,57,early,1.677508637727684,10.89
4,2.647085264784352,23.38883325958644,136.00160806995294,66.798374328,2.517053392075197,0.6633305239499929,0.2110114393877047,0.4717847084593721,0.9981831945495836,0.0392806762744477,0.0517546548628086,2.357987213122684,45.69081796597898,0.7212205371055936,0.4472621422529129,False,False,False,False,pachytene,57,early,2.1243665778477565,10.89
55,1.7171487193064183,62.30590964325903,190.28297814547676,35.442359802,2.037720776889019,0.6230061552716923,0.1767596473478826,0.4624297752808989,0.9939312204989884,0.1085255245122134,0.0839164722302607,1.2823616799548276,98.04110760533106,0.7223619974635626,0.3822410597166057,False,False,False,False,pachytene,57,off_axis,36.959324661505214,10.89
263,5.996316438256625,64.25011564063534,191.0936498368503,32.350624397999994,1.976657172604034,0.7337393952577769,0.0452418096723868,0.613562091503268,0.999762808349146,0.1574972522179708,0.2692952484608235,1.072529598509686,-31.251214943467996,0.7228275374366043,0.0737363182942763,False,False,False,True,post,57,off_axis,38.16944009596443,10.89
471,10.533294552706996,22.50473730003641,132.66744600074668,56.455839126,2.379797948795728,0.6328167199900279,0.2481708354602688,0.4609030213873486,0.9896432681242808,0.0946636662665602,0.0766326252130034,1.83506477831081,46.32671423336953,0.7230678031623566,0.5384448006291176,False,False,False,False,pachytene,57,early,1.2658986487304134,10.89
373,8.900217416180102,24.53717289163539,127.14649678452729,61.499261826,2.4486521684986102,0.6301636342830987,0.2011205404960039,0.4741130363036304,0.9916666666666668,0.0662131186355276,0.0636914422503991,2.0730574743956454,43.89280516525089,0.7243992883583065,0.4242037765171316,False,False,False,False,pachytene,57,early,6.621994365780447,10.89
40,2.0861181490866216,56.70211932257774,191.1770407521024,35.181978443999995,2.0327183902096344,0.697626350180024,0.0664882667764512,0.5009922822491731,0.996532237349088,0.1054822984156434,0.1505974697125101,1.437750334287072,97.5454606737139,0.7257226430607157,0.1327131557355662,False,False,False,False,pachytene,57,off_axis,36.6754565072226,10.89
361,8.178078055408815,56.350050690724,190.99779661055413,31.074521166,1.9503173247929952,0.5591454668981657,0.1429410038156736,0.5363013698630137,0.9867160278745644,0.1473934491807849,0.1009579112870473,1.2161049142037774,97.22275554781447,0.726098191627471,0.2665311182259049,False,False,False,True,post,57,off_axis,36.44754822406249,10.89
61,2.378346881519334,64.98603787497271,192.67010959643207,32.608659978,1.9818986765186264,0.7506654197539745,0.0358831710709318,0.5830929024812463,0.9997683039851716,0.1091697190688492,0.2331861961786717,1.1592554176200485,-32.91578305761229,0.7271429822428976,0.0615393720593022,False,False,False,True,post,57,off_axis,39.82649633400488,10.89
474,10.010108087961177,64.12889843458866,193.1992561162861,31.46861187,1.9585274321200503,0.7499068207230712,0.1088977423638778,0.5695976154992548,0.999757986447241,0.1300986157584691,0.248175090072271,1.3086163140479397,-32.7366544748238,0.7274280082402076,0.1911836345530142,False,False,False,True,post,57,off_axis,40.247015604964176,10.89
364,8.241387177732094,59.04913981291274,193.00933773670823,30.844634922,1.945495997510002,0.6503156133546277,0.1948870600595342,0.4730317529360591,0.997262617621899,0.0685528396005884,0.0816918756734531,1.0576867350399342,98.04110760533106,0.7283834742492098,0.4119957251281557,False,False,False,False,pachytene,57,off_axis,38.857065704951275,10.89
419,9.820143209296964,21.00860666744961,140.90035099190027,59.95104834599999,2.427929419416758,0.5716633407676958,0.2152125600401462,0.4872567826801863,0.9909753557792432,0.0296640575143349,0.01919457410492,1.8514637901904172,56.47427156655348,0.729263606153787,0.4416820200149007,False,False,False,False,pachytene,57,early,0.7534826164205698,10.89
228,6.0739317711922505,21.09378543246082,148.10244249655207,54.459582048,2.351411104970299,0.5650413507925569,0.210970464135021,0.4850465438700733,0.9937316105922988,0.0286842866133354,0.0322139249468219,1.7445867999797382,63.624308826330235,0.7298853701971303,0.434948907071344,False,False,False,False,pachytene,57,early,0.11504754839276109,10.89
155,4.55633404104733,21.763522434536235,129.31820093182404,59.66251765199999,2.4240281309044787,0.6486985924353228,0.2044341554625589,0.4575265808617795,0.9969352803317107,0.0106162747926973,0.0068103687051968,2.340822168324411,46.81900627095858,0.730524659008267,0.4468246524114393,False,False,False,False,pachytene,57,early,4.660672655681019,10.89
276,6.424597820446479,53.63678533619826,192.2392200756176,31.642199441999995,1.9621220489297968,0.6076061976425235,0.1514908624559153,0.4759115813338371,0.9902783072817384,0.0680623964473568,0.0525757027340323,1.4664646885993502,94.35943409015401,0.731912309494919,0.3183172429452798,False,False,False,False,pachytene,57,off_axis,37.28679272585027,10.89
51,1.4412144803425857,60.94088636823548,193.7375032386129,30.13151841,1.930385897110388,0.6852471778902296,0.078623518687329,0.5152114766262677,1.0,0.1098445254684769,0.140505468201604,1.296457911664575,98.04110760533106,0.7339718796812119,0.1526043620032988,False,False,False,True,post,58,off_axis,39.95680895083427,10.89
253,6.01879204664355,64.51611850799786,194.6857807669282,31.381818083999995,1.9567251650111095,0.6758110330393183,0.0518146042850896,0.6128660364307125,0.9992983440920572,0.1421415061727682,0.1904577893582317,1.086685099820125,-34.1012969954805,0.7340551662335317,0.0845447474734514,False,False,False,True,post,58,off_axis,41.767868875909734,10.89
460,9.652825778445422,55.54149994991258,193.8328429251196,28.100074662,1.88599102417762,0.5663244010351449,0.1423146772329536,0.4895091434071222,0.9693221177634834,0.1044405337430556,0.0691706738746674,1.2273282277322903,96.01576546704803,0.7356559691050768,0.2907293543944924,False,False,False,True,post,58,off_axis,39.13723535291769,10.89
154,4.348579555814745,20.21273900660188,154.5181042084547,64.32357853799999,2.4855768543709598,0.6661317967980744,0.2442628363876506,0.4394320043691971,0.9964561855670104,0.0422859932770883,0.0434949066887648,2.291847835093578,66.66381413605177,0.7356790342492333,0.5558603696567094,False,False,False,False,pachytene,58,early,3.692664981219889,10.89
509,10.87158028095566,20.90106869247741,151.63757045124515,62.95364418599999,2.467804519560627,0.6160524648805753,0.2116900007650524,0.4869953416149068,0.9928977272727272,0.0672169967672854,0.0501875574216722,1.7331993119937597,66.66381413605177,0.7357233297378556,0.4346858843928059,False,False,False,False,pachytene,58,early,0.8896997183531157,10.89
171,4.7741885353018825,18.665636774626908,142.28829854130487,66.41601251399999,2.5122415618581053,0.6234591883587045,0.2173689619732784,0.4832567301378857,0.9920697167755992,0.0339726420283829,0.0360147621918794,2.0086280185365912,57.540000474393175,0.7357867086979323,0.4498001753876401,False,False,False,False,pachytene,58,early,1.7525357820686893,10.89
330,7.836643315534505,19.76978751775905,145.76413363543105,47.884366314,2.2526914553092108,0.5488169303874981,0.1972457073128214,0.5216069489685125,0.9965085830666278,0.1270886535665299,0.0992899546548977,1.8874402949547449,61.13137210846953,0.7365839092515967,0.3781500758432734,False,False,False,False,pachytene,58,early,1.1180058370935368,10.89
516,10.839550976472117,60.045113901275016,195.1916397047521,30.509188668,1.938417624131094,0.5712747962478856,0.1271133375078271,0.603299856527977,0.990497371613425,0.1256462555378441,0.1064501738262205,1.2448243186715704,98.04110760533106,0.7366498131155637,0.2106967806015589,False,False,False,True,post,58,off_axis,41.18897788092196,10.89
108,3.222417848262915,55.99986967273809,194.65553510516688,34.907522418,2.027418812903542,0.5758349573281365,0.1547937868237814,0.5101394169835235,0.9779005524861878,0.0431085384135482,0.027739233038403,1.4381711650144635,96.35134193502917,0.737337161668845,0.3034342802582945,False,False,False,False,pachytene,58,off_axis,40.01718629476127,10.89
81,2.800210909091022,18.699534829091256,150.77035302545653,64.508895,2.4879615510255726,0.6559272727272727,0.2309192879785417,0.484147114774889,0.9960436011303996,0.0739902647069269,0.0691942750664655,1.873182011003684,65.95196124089072,0.7379765074454988,0.4769609916727706,False,False,False,False,pachytene,58,early,2.841256780818894,10.89
537,11.391325994787849,19.26729834688329,145.17593726710757,60.30760660199999,2.432733270268094,0.5186510560504103,0.2260303958971793,0.4892121212121212,0.9867916489135066,0.1544153353773318,0.1058092110690907,1.8975545475300208,60.48185957579264,0.7395856941105259,0.4620294266976534,False,False,False,False,pachytene,58,early,1.5382483914023521,10.89
102,3.646730189196692,17.372903520015782,136.03173393199805,68.440418928,2.5375114853423426,0.6555730737592542,0.2272377729929252,0.484028261518559,0.9980471683941716,0.0244528470013453,0.035460770636998,2.366835381676081,51.16739637416388,0.7402296744909159,0.4694721177643721,False,False,False,False,pachytene,58,early,2.2060519998038997,10.89
163,4.179607843137294,62.15243074660688,196.41613063348248,31.10501628,1.950955100288028,0.6883107088989442,0.0583276372750056,0.5564964916525527,0.9998568155784652,0.1522418426330495,0.2139262130035706,1.2033674739448823,98.04110760533106,0.7415373368630843,0.1048122281989558,False,False,False,True,post,58,off_axis,42.84353156148058,10.89
347,7.859987337765416,53.43913340455715,195.45625914054864,29.641250807999995,1.9198588743818603,0.5159069325735992,0.1307375301975273,0.5214974660781428,0.9645943685531084,0.1080315372993986,0.0434616807646137,1.2941691487308438,93.70220798326098,0.7427246679215603,0.2506963862753212,False,False,False,True,post,58,off_axis,40.442178673051025,10.89
367,8.449415277432026,64.90057820353297,197.85009654143028,28.283045346,1.8900756489006207,0.7302811644687733,0.0353010975971521,0.6103936039360394,0.9983572895277208,0.1266869141040659,0.20696279989134,1.1423806857553438,98.04110760533106,0.7429072711573961,0.0578333347032437,False,False,False,True,post,58,off_axis,44.9520389885665,10.89
543,11.37703134444327,16.834693079180724,141.14258051118165,54.332910036,2.349586576265905,0.5646317243761334,0.2089119008394132,0.49970249900833,0.988477150713631,0.0539015210205732,0.0290334748151281,1.7090504680887568,56.16209105122417,0.7431699042674076,0.4180725556786352,False,False,False,False,pachytene,58,early,3.4157826795513264,10.89
426,9.365446127946392,56.24787948232471,196.85116529882248,33.441411167999995,1.998628128952871,0.6722081930415263,0.1289841565703634,0.525572437406377,0.9929108796296297,0.1945745510934927,0.2285268335957065,1.121548267539097,96.28172969375369,0.7436123562993543,0.2454165161454838,False,False,False,True,post,58,off_axis,42.22568237780238,10.89
329,8.150502572220276,15.692344285714087,131.70243428571246,59.27781005999999,2.4188067980032626,0.5962801741195093,0.2309084055785902,0.4716722211331111,0.9879651098597768,0.0434027795362896,0.0312430361323761,2.3386064181533985,49.58363556555667,0.745763845982308,0.4895526919602614,False,False,False,False,pachytene,58,early,4.4121792663689146,10.89
477,10.619037958880952,15.915946802948802,136.47869838489444,60.12932747399999,2.4303337186916245,0.6148324425545195,0.2266781546173729,0.4741213410310949,0.9956258077343672,0.0618518752075628,0.051626870409999,1.79568822810701,51.41765054974658,0.7467951130372577,0.4781015638832137,False,False,False,False,pachytene,59,early,3.7093393792370515,10.89
411,8.960055555555494,60.30559149999855,198.75082881249867,33.7792032,2.0053349850202222,0.6415972222222222,0.1909390186549615,0.4361557837628366,0.990194449060994,0.0972569569969312,0.0771512569807384,1.3102488239325127,98.04110760533106,0.7468397942446771,0.437777110296871,False,False,False,False,pachytene,59,off_axis,44.7319457401996,10.89
47,1.7982400924915385,59.49347706339416,197.96746810328176,36.521417682,2.0581941497425205,0.6927227182221081,0.0999059266227657,0.4945652173913043,0.995135337408008,0.0723211084969496,0.0942826067148952,1.4138208195008766,98.04110760533106,0.7479516693439706,0.2020075878965813,False,False,False,False,pachytene,59,off_axis,43.81521697280834,10.89
189,4.454116540090095,54.4587339740568,197.46847272666147,34.902830861999995,2.027327980761986,0.6087102627864776,0.1335020092275636,0.4787014771556166,0.9839371155160628,0.0682892843282233,0.0555533389051795,1.4237118519225134,94.42252049776687,0.7480466624897296,0.2788836375037227,False,False,False,False,pachytene,59,off_axis,42.57987339375071,10.89
2,2.237287570809693,15.4708453640452,142.72600685188053,56.31743822399999,2.377851674203778,0.5768493835388204,0.1731238808399804,0.5512353578108081,0.9940028350234434,0.1348042048689505,0.1162418179310479,2.2887457680528307,57.55113461501977,0.7485756764162995,0.3140652688309573,False,False,False,False,pachytene,59,early,4.977153085437595,10.89
237,6.550088072846397,15.84876329601382,152.52834907299257,78.57183411,2.657007379317313,0.6601582325720257,0.2473551970378207,0.4409206711763155,0.9936297190370816,0.029576952404677,0.0274995990625809,2.264518384304746,66.66381413605177,0.7513284981699997,0.5609970527757547,False,False,False,False,pachytene,59,early,5.935657455891158,10.89
191,4.44076725276245,63.00071946626015,199.9468785739075,33.753399642,2.0048242372421003,0.7310445479185489,0.0825035561877667,0.562015503875969,1.0,0.1809269694494175,0.3198312381447032,1.321745030320131,98.04110760533106,0.7518155615483587,0.1467994310099573,False,False,False,True,post,59,off_axis,46.47470964832702,10.89
80,3.05360072240199,14.576113217699564,146.90514821280647,62.346087684,2.45984003498704,0.6135901873730153,0.1892318623194127,0.5194741966893865,0.995371210746052,0.0383876288569048,0.044667498588091,2.165526487361748,61.57514222747312,0.7525853340480527,0.3642757687010999,False,False,False,False,pachytene,59,early,6.416990181509091,10.89
401,9.012577681707834,53.5129291272614,199.0618157727613,34.726897511999994,2.02391588332615,0.6002431775195893,0.2064896755162242,0.4594457587022643,0.9894012644105616,0.1368794766302975,0.0974508073949312,1.4452307033043046,93.25787125729869,0.7532518781398628,0.4494321072839334,False,False,False,False,pachytene,59,off_axis,44.021012185627896,10.89
515,10.652531795560144,56.77006607947033,199.7985284382622,29.695203702,1.921023008333803,0.5231060905284778,0.1700577398955183,0.477886367401027,0.9739875849837424,0.1431636597632538,0.0658156332867631,1.1885456557866605,96.37558919893475,0.7537684065542546,0.3558539257363064,False,False,False,False,pachytene,59,off_axis,45.217474267498844,10.89
412,9.100311407690148,63.70958972354743,201.238434795045,36.91081683,2.0654832731315245,0.6399110263743247,0.1831026528258362,0.4406989057536181,0.9886614173228346,0.0654511922076324,0.0502502407072725,1.2951496258722075,98.04110760533106,0.7542845975811566,0.4154824312820137,False,False,False,False,pachytene,59,off_axis,47.899460243022055,10.89
36,1.881077795786116,54.779943537276885,199.79455773905767,34.736280623999995,2.024098152408848,0.5381550513236089,0.1411528318472937,0.5202514987571283,0.9893162393162394,0.0703551572947998,0.0529318342709862,1.6434719832709217,94.4066312685912,0.7543233515849783,0.2713165309172687,False,False,False,False,pachytene,59,off_axis,44.92797786348678,10.89
211,6.003609365236531,12.594230764141887,142.39095081045403,63.821582046,2.479093949493357,0.6597199250192964,0.2237779827282636,0.4611147116007777,0.997809152872444,0.0768919472320864,0.0652530906879301,2.133632018161419,56.838399222536154,0.7550981618752913,0.4852978599433743,False,False,False,False,pachytene,59,early,7.7841412164375345,10.89
470,10.554571682991323,13.553474008905653,147.30886534995545,65.85771734999999,2.505182416825836,0.6269634906500445,0.2390467194652328,0.4716891053184379,0.9931767833407178,0.0281100845685871,0.0354324523692106,2.042482337720509,61.83999698302426,0.7573368004302061,0.5067887232711302,False,False,False,False,pachytene,59,early,7.4840564571697765,10.89
485,10.163673712808636,59.421865449604745,201.8205557020743,35.400135797999994,2.0369112472625868,0.5695447617785435,0.169628019941199,0.4842980295566502,0.9781710914454276,0.1061533625786909,0.0656786666038087,1.1941902663809532,98.04110760533106,0.7574801655525344,0.3502554410483245,False,False,False,False,pachytene,59,off_axis,47.60378551473414,10.89
418,9.784484262269311,12.15252992547375,138.77619786331636,59.174595828,2.417402110900237,0.5805518116229287,0.1823029366306028,0.4852093374917304,0.976500114077116,0.0411569537280581,0.0304670998228352,2.055949867914296,53.1969846416681,0.7576513468849083,0.3757201738388018,False,False,False,False,pachytene,59,early,7.743664680491132,10.89
241,5.716376156660212,53.41299134925626,200.78376421347068,32.702491098,1.9837978211792096,0.5074241446094254,0.1367693274670018,0.5188583078491336,0.9433865156973752,0.2277739886626622,0.1012105602928575,1.3953855571326816,92.91188174887313,0.7595746044139109,0.2635966802458326,False,False,False,False,pachytene,60,off_axis,45.7108007084891,10.89
96,2.8752595621066788,59.67786760449583,201.87224285867967,43.605667242,2.183491181873753,0.6871267954166442,0.1019147621988881,0.437242090784044,0.9924662087303346,0.0395356355204138,0.0519262701731956,1.457692498342141,98.04110760533106,0.760590508049757,0.2330854333262814,False,False,False,False,pachytene,60,off_axis,47.69574567302771,10.89
375,8.778900081676902,55.35560780696975,202.3633634971416,34.464170376,2.0187989635496795,0.5398856520555404,0.1793128566225568,0.4763313609467455,0.9557692307692308,0.0244470841884645,0.0171141597516706,1.184840931301133,94.6077350117355,0.761113407303054,0.3764456244622621,False,False,False,False,pachytene,60,off_axis,47.55280350696472,10.89
246,5.687166318304212,63.54006596596131,203.3277945774847,39.28005261,2.108763214810434,0.6267542550014931,0.2004605347319943,0.44768,0.984740897416528,0.1455829092995411,0.1457517624196859,1.3521875843651503,98.04110760533106,0.762494028302249,0.447776391020359,False,False,False,False,pachytene,60,off_axis,49.8875738275272,10.89
37,1.8560473694427893,54.80736901572379,202.99443142108345,24.166204956,1.7935216150749589,0.5406717142302466,0.1296670958249034,0.5004226542688082,0.987936507936508,0.0378240646000094,0.0344210771841995,1.498510946070751,93.97461644713061,0.764298101165841,0.2591151593933458,False,False,False,False,pachytene,60,off_axis,48.09867288695208,10.89
462,9.710560271646498,62.68428270967805,204.4104286451605,34.54158105,2.020309321767893,0.5445840407470288,0.1749507874015747,0.4747986877423203,0.9756818181818182,0.2019241328056767,0.1035698199482031,1.3931893140819538,98.04110760533106,0.764846417630668,0.3684736119079649,False,False,False,False,pachytene,60,off_axis,50.752902561167254,10.89
444,9.726277762911122,58.21077182231807,204.87877823120056,35.064689544,2.030456998179178,0.566095798769066,0.1499344692005242,0.4745605920444033,0.9818478482561696,0.0644203981878716,0.0350730263217772,1.1822079810446826,97.07241021145134,0.7678232276383413,0.3159437840268356,False,False,False,False,pachytene,60,off_axis,50.45188077374578,10.89
233,5.566549641904244,52.51300618592886,203.64045486588992,33.408570276,1.9979736686496044,0.5993540233113327,0.1347990902198635,0.482124079915878,0.985612855007474,0.1548996439109875,0.1196076065787508,1.4020980627659074,91.61129766693156,0.7685140695238564,0.2795941871299678,False,False,False,False,pachytene,60,off_axis,48.40878807384671,10.89
97,2.7678158860929454,62.28154843736093,205.04991701441853,26.195302926,1.8423760183643243,0.5604907316199517,0.172901921132457,0.4857375713121434,0.979898150629858,0.1725874734070921,0.1146457168294034,1.4586554484489034,98.04110760533106,0.7687042365701123,0.3559574785730282,False,False,False,False,pachytene,60,off_axis,51.29526115214435,10.89
313,7.521885187809881,55.29488681077224,205.74041130403933,33.098927579999994,1.9917818525372493,0.486392629340893,0.1176184098380616,0.4922036704843383,0.9181846248842236,0.0583150820389,0.0255326798676467,1.1608917865042212,94.06306282102925,0.77234690080888,0.238962886486244,False,False,False,True,post,61,off_axis,50.88619084331244,10.89
115,4.140412779255289,8.330208578069236,129.114720589481,421.897556412,4.65271160104552,0.5633124645545832,0.1864849187935034,0.6752482811306341,0.9986453103832976,0.2022218666201838,0.2040096215527282,1.3834318252544255,49.58363556555667,0.7724214662575692,0.2761723709703542,True,False,False,False,pachytene,61,off_axis,12.12401141954576,10.89
141,3.4027052335865924,57.61087856622722,205.1547149204061,22.545272358,1.7524903112474604,0.5635209655602955,0.158981555733761,0.4820023837902265,0.991772151898734,0.0939317814215175,0.0787451177792628,1.3487537024866687,96.43913024458595,0.7727928708576691,0.3298356213170759,False,False,False,False,pachytene,61,off_axis,50.63888200026576,10.89
268,6.364103816793682,61.43254834809105,206.54696900153056,38.41211474999999,2.093115543365493,0.5407022900763359,0.1620989304812834,0.4652306874085893,0.9443990188062142,0.2299893691967172,0.1247470793560541,1.196273028384887,98.04110760533106,0.7742072934934553,0.3484269951842619,False,False,False,False,pachytene,61,off_axis,52.60239905720215,10.89
121,3.27626689189195,54.19828070101218,206.38117696368369,33.328813823999994,1.9963824774786736,0.5789695945945945,0.1532908704883226,0.4672350384486793,0.9672772175344722,0.1790558535351313,0.1101532537567113,1.4403900703471355,92.88586018685147,0.7753876988092581,0.3280808541184781,False,False,False,False,pachytene,61,off_axis,51.362971242057476,10.89
48,1.6402068428136722,59.85992705248874,206.4843104979816,33.115348026,1.9921111737745087,0.5607423673585039,0.1707675849157528,0.4587969682309304,0.967173386208416,0.1209288038383789,0.0716679631140421,1.501419031572693,98.04110760533106,0.7754837668343256,0.3722073089850908,False,False,False,False,pachytene,61,off_axis,52.279232095542525,10.89
528,10.584870111332878,60.887179246359125,207.6947081358813,24.651781002,1.8054545657502397,0.5035683699685983,0.1759595640499131,0.509679892658616,0.9458814166335058,0.1528089958323674,0.0897728563082459,1.1993779726269524,98.04110760533106,0.7763967217013769,0.3452354440197054,False,False,False,False,pachytene,61,off_axis,53.63789159417769,10.89
162,3.7942446043165057,62.979648561152565,208.23172338129572,24.780798792,1.808598768198305,0.5848163574403635,0.0964153275648949,0.53077975376197,0.9880778588807786,0.1859741825122209,0.1688010396548367,1.5295842280138872,98.04110760533106,0.7789717711939458,0.1816484650771602,False,False,False,False,pachytene,61,off_axis,54.55250005593381,10.89
392,8.592319117335004,57.33502647995018,208.39962418841503,22.111303428,1.7411729504997897,0.4919371949925737,0.135403502437263,0.5159741073292963,0.951528384279476,0.0529056943384566,0.0241175368112463,1.2418888422666976,95.70051408687986,0.7796716644261247,0.2624230567268526,False,False,False,True,post,61,off_axis,53.81062863306751,10.89
304,7.282904854368757,52.70309517669904,207.7350624932042,30.20189175,1.9318875592461933,0.5512233009708738,0.1930167597765363,0.4376947040498442,0.941328508658568,0.0932298667514966,0.0452667699606198,1.2566843713123772,91.21187580655838,0.7803606045186975,0.440984910236784,False,False,False,False,pachytene,61,off_axis,52.48829878268525,10.89
337,7.383262832971403,62.02728661255384,209.703604081402,20.518520166,1.6983185062202948,0.540185206356465,0.2026169706582077,0.483092988562904,0.9754507096279248,0.2720092659696646,0.175804995365533,1.2461801784984703,98.04110760533106,0.7829856842619745,0.4194160864577002,False,False,False,False,pachytene,61,off_axis,55.814540811349275,10.89
95,2.93465636654232,56.98411204715067,209.25482079781716,35.224202448,2.0335312608868703,0.58151305274374,0.1388241743182129,0.5157542966263526,0.9854041233351578,0.0926095224249159,0.0809130437935104,1.3652075155880998,95.23051717497626,0.7852295701891759,0.2691672667126349,False,False,False,False,pachytene,62,off_axis,54.60662177542551,10.89
486,10.006340112671142,60.23406505299184,210.6644092523663,24.567332994,1.803390597599742,0.4483911009261911,0.0898062076571608,0.5930413709537823,0.8973536487570168,0.5974793455507247,0.2071887253401916,1.2250048435893015,98.04110760533106,0.7858032251527256,0.151433292946707,False,False,False,True,post,62,off_axis,56.46833209273268,10.89
199,4.453337905807098,61.15942904663873,210.1762674554213,20.520865944,1.6983832237916638,0.4799954275262917,0.1547751765143069,0.5346229940646295,0.4981884057971014,0.4436488904445797,0.0833190766628747,1.4313420829742978,98.04110760533106,0.7858845464853074,0.2895034037679204,False,False,False,False,pachytene,62,off_axis,56.13025861754232,10.89
391,8.667154031727211,54.28690500767466,210.25452573287487,32.087897262,1.9712916532932308,0.533079903501718,0.1668405948343334,0.5050884609362768,0.9606413994169096,0.2003780533233276,0.121087799310151,1.166557608728731,92.41777254369588,0.7871994055527572,0.3303195533809323,False,False,False,False,pachytene,62,off_axis,55.20895342010396,10.89
205,4.690251241161286,53.70598955167605,210.25414463667929,31.184772731999995,1.9526211601073236,0.560779298931849,0.1586455331412103,0.4815893132385682,0.9407909604519774,0.3133754603084083,0.1783402531910362,1.3704070942712006,91.84292339451515,0.7883305057424437,0.3294207923227337,False,False,False,False,pachytene,62,off_axis,55.12521950858306,10.89
362,7.9061707700365185,57.56548359350538,211.11532265060373,22.39045101,1.748469566404414,0.5101100052383447,0.1770503343892995,0.4702737382378101,0.6883491148620832,0.5495145956978356,0.0619516352201154,1.1974827137595934,95.5389051237648,0.7884320659681039,0.3764835668960275,False,False,False,False,pachytene,62,off_axis,56.53129236858558,10.89
348,7.401070079731512,60.04196537977232,212.4877471989081,22.359955896,1.7476754182844354,0.4289760805707092,0.125200900032144,0.5153408047032886,0.9295698924731184,0.2631025471360629,0.1018085061455029,1.2787217646638736,97.79282692327877,0.7936444747772422,0.2429477714349233,False,False,False,True,post,62,off_axis,58.244869825304725,10.89
179,4.049234030253274,59.42478076885928,212.462186626842,24.346829862,1.7979789540125566,0.5490895076596974,0.068842021488261,0.5072649572649572,0.9666368781650284,0.3035615591798752,0.1630362422011925,1.5074899342771706,97.18569700673618,0.7949173156398256,0.1357121569355777,False,False,False,False,pachytene,62,off_axis,58.13101267255967,10.89
305,7.269212664186272,52.27222715815054,212.7130981170783,30.896242038,1.9465804161881568,0.4356540885278263,0.1546684862959172,0.5159424189425534,0.9147792706333974,0.2783998821485353,0.0966984843804502,1.2508762040201529,90.07115802209333,0.7959353253406961,0.2997785811310438,False,False,False,False,pachytene,62,off_axis,57.35299290032229,10.89
503,10.317728055077357,58.874294951232834,213.665533935742,24.532146324,1.8025292148752687,0.4755211321476381,0.0929386472631056,0.5206927985414768,0.934010152284264,0.4343659058287639,0.1647604867676844,1.3181088417548517,96.46823711774293,0.7960546900109826,0.1784903642290386,False,False,False,True,post,62,off_axis,59.24291675517225,10.89
459,9.71480263157862,55.01610570652141,213.2868052989151,32.803359552,1.9858353544107423,0.5370423340961099,0.2159379920067821,0.4867160951498301,0.9725355566454144,0.0538922029476216,0.0514674474831088,1.1866850817931032,92.70431902488333,0.7968921632478434,0.4436631419396722,False,False,False,False,pachytene,63,off_axis,58.31448785719252,10.89
93,2.6050583294446783,55.49062563695774,213.1299325618293,25.13501127,1.817175299884548,0.5387774148390108,0.1012911438443353,0.4987859166329421,0.9780633030397994,0.0541109417740754,0.0316654450835086,1.3409218154977725,93.19643836353417,0.7982151125524177,0.2030753885917668,False,False,False,False,pachytene,63,off_axis,58.227328368047786,10.89
140,3.670278293135491,51.21508205565955,212.83138503896183,31.60935855,1.9614429964274165,0.5691280148423006,0.1559819741241459,0.4874267998622115,0.9615468172930698,0.2228121165140658,0.1476259747322914,1.5587501360053562,89.00797958532976,0.7999462282636359,0.3200110748285482,False,False,False,False,pachytene,63,off_axis,57.31836379103011,10.89
267,5.835878061490487,58.95909282178164,214.83692227722813,18.006191928,1.6259646094464175,0.5600573215216258,0.0569673275621335,0.5241338466094166,0.9838235294117648,0.25105196598,0.1884263343555552,1.2661185131633323,96.38407252123442,0.8023991658052994,0.1086885113996185,False,False,False,True,post,63,off_axis,60.41435076787371,10.89
363,8.409179030662525,58.61732679525168,216.22210691394935,23.71581558,1.782309622179985,0.455786350148368,0.1408494690818238,0.5281715739731007,0.8648537288833952,0.3751727402294369,0.1552442753308643,1.1555161984139817,95.84708026587931,0.8045190618028307,0.2666737023015123,False,False,False,True,post,63,off_axis,61.73616006288837,10.89
400,8.95695618754815,52.18439245964649,215.5565990084544,30.51857178,1.9386163241093328,0.4697924673328209,0.143318430203676,0.517541316323572,0.9362369337979094,0.068438342522868,0.0316703402293346,1.188675805924203,89.5762124654752,0.8050009948536762,0.276921717519596,False,False,False,True,post,63,off_axis,60.15446414763185,10.89
122,3.001451905626096,57.95369208924997,215.3469596348904,21.972902526,1.7375325130719963,0.5101953667129284,0.1343396226415094,0.506974716652136,0.8497870692992644,0.3887225048522966,0.1459110671290925,1.3540465194785376,95.3158898966369,0.8055261255252877,0.2649828842129171,False,False,False,False,pachytene,63,off_axis,60.77484295876593,10.89
303,6.988392643897696,49.545633389061365,214.29361781705293,29.465317458,1.9160529432318856,0.5447814664437545,0.1480929678188319,0.4965022735222105,0.974507824331146,0.245984812961035,0.1495588807453986,1.2623359876559956,87.14598845998898,0.8057977419976257,0.2982724867869254,False,False,False,False,pachytene,63,off_axis,58.52591196683205,10.89
35,2.184672236503865,54.37441277313485,215.95737765906344,29.200244544,1.9102899597252525,0.5129338046272494,0.1070692194403534,0.5437902028698665,0.9837151531879658,0.1199737870485186,0.0871498587830829,1.3355756107162755,91.68606072564872,0.8077804116391094,0.1968943516732977,False,False,False,True,post,63,off_axis,60.865345867271934,10.89
473,10.066436285097335,56.0387083369344,216.9533277753806,32.58285642,1.9813757731689776,0.4889128869690424,0.1471648246035559,0.533878010987463,0.9488188976377953,0.2335610649161218,0.116277543480347,1.2037950683719698,93.19022233244523,0.8088074884345412,0.2756525303062384,False,False,False,True,post,63,off_axis,62.08980257067728,10.89
92,2.9902473201149604,50.06218907027312,216.13755679955253,33.481289393999994,1.999422254972914,0.5553142296644014,0.1274401979653561,0.4962974633685205,0.970414201183432,0.0969565661443137,0.0535097880784711,1.4862175061084384,87.39260793320926,0.8110641610747498,0.2567818845987667,False,False,False,False,pachytene,64,off_axis,60.42489052869164,10.89
252,5.641350699469209,56.58224141823556,216.8463681331421,24.31398897,1.7971701724441818,0.4484322238301977,0.0964122016753595,0.5497638621654714,0.8296961916987591,0.4929362916554997,0.1399710761752629,1.0346857969370835,93.7434785040052,0.8119431967381412,0.1753702058472894,False,False,False,True,post,64,off_axis,62.061942488708105,10.89
94,2.553270392106832,56.94316726205751,218.37001459556075,27.579311946,1.874267635512832,0.4762269286382581,0.1187750429307383,0.5569990256576811,0.9524739583333334,0.3258993483140446,0.1456483354970991,1.5038568514657509,93.88203811580078,0.8151652441724601,0.2132410245969349,False,False,False,False,pachytene,64,off_axis,63.62161144113311,10.89
354,7.874391524291307,56.84438243772213,219.30866807292128,24.576716106,1.803620160737199,0.5252457764627279,0.1643145161290322,0.5046240450341777,0.9756180155773788,0.1570001109255228,0.1002355615632494,1.210073606904155,93.64958624245925,0.8157386927227814,0.3256176905282097,False,False,False,False,pachytene,64,off_axis,64.53637639381766,10.89
33,1.4466461538461703,53.56723492307585,218.60848181538373,22.8713355,1.7608984253760085,0.4634871794871794,0.0700444444444444,0.5205505639457083,0.8404059040590406,0.2845186389679031,0.0597753001314102,1.7110212565414216,90.50682356859144,0.8166703737963156,0.1345583873995185,False,False,False,False,pachytene,64,off_axis,63.373191368234856,10.89
321,7.593533749290743,48.42170247447393,217.7229290981313,33.084852911999995,1.9914994904902936,0.5181508791832105,0.1420275217775533,0.5,0.924435211633342,0.323132689694917,0.1377508460369461,1.1675549518581545,85.54160961949873,0.8172034856807526,0.2840550435551066,False,False,False,True,post,64,off_axis,61.758459739021006,10.89
360,8.536761128279212,52.821411289367816,219.45452282201347,35.676937601999995,2.0422064954104115,0.5570385955684134,0.2097360703812316,0.464598485972985,0.9643478260869566,0.1346554799332326,0.0899867645313867,1.1826476547212794,89.64731794288086,0.8173815659118874,0.4514351137886126,False,False,False,False,pachytene,64,off_axis,64.10345731764534,10.89
204,4.477230769230764,47.21063584615311,217.95381942307665,18.2970684,1.6346732936703212,0.4844871794871794,0.1880048465266559,0.4682914697836359,0.9586092715231788,0.0920688192177876,0.043898932485605,1.285111837564686,84.52119636301886,0.8203683389474111,0.4014697227210215,False,False,False,False,pachytene,64,off_axis,61.81354321855565,10.89
28,2.0316899504281047,49.46260615592616,218.9952797386202,26.02640691,1.8384078624515956,0.5097791798107256,0.0913798864016037,0.5030336458907887,0.9568768376347598,0.128429923202093,0.0685355655194328,1.3141514402474148,86.38916925283569,0.820643574028026,0.1816576031207321,False,False,False,True,post,64,off_axis,63.16700483746521,10.89
188,4.47458737228195,54.61950334031916,220.26945339926527,35.815338504,2.044843852962181,0.5605187319884726,0.1837975915338766,0.461698956780924,0.9680337756332932,0.1347538806956424,0.0968792128424933,1.2090691329348924,91.30986630721586,0.8230180860968647,0.3980896834061692,False,False,False,False,pachytene,65,off_axis,65.16796650298916,10.89
376,8.329867037110505,55.52286745385992,222.2241206588588,23.640750684,1.780427189334692,0.571740424687438,0.1598209071442475,0.4652455977757183,0.9669291338582676,0.1438409800358234,0.107591988193813,1.2744114346111215,91.92340268381601,0.825569036548785,0.3435194398578548,False,False,False,False,pachytene,65,off_axis,67.23203140796393,10.89
25,2.32369005328589,45.456027542185446,218.3005793072822,21.130768224,1.7150451553097057,0.624777975133215,0.1784151677199805,0.4627218934911242,0.984491830517862,0.1210461599996804,0.1156823604059526,1.6589753356708083,84.52119636301886,0.827061408127524,0.3855775363769401,False,False,False,False,pachytene,65,off_axis,61.93679866989784,10.89
31,1.8072358705867104,52.397318103101234,221.84850092629907,34.947400644,2.0281905577120534,0.5678614579138139,0.1331627844351689,0.4543336439888164,0.9755804643714971,0.0699975757278771,0.034897852641365,1.4480153089782029,88.88409663398149,0.8271853960254195,0.2930947029721769,False,False,False,False,pachytene,65,off_axis,66.41180725387218,10.89
345,8.115918909937202,49.07333942173442,221.10345880358545,35.29223001,2.0348395205943173,0.5695579926886009,0.1433862433862434,0.4644842495367511,0.9548347361938,0.0486784912224658,0.0413459137973942,1.1149046135125056,85.70142388802752,0.828057483344867,0.3086999043116064,False,False,False,False,pachytene,65,off_axis,65.19751065461789,10.89
261,6.19635538348554,45.7877666978176,220.155935545022,35.142100218,2.03195008160912,0.5420198918630266,0.1552573257818271,0.4818539571491036,0.9521264751725672,0.1963268539781998,0.0972706555570862,1.1666841809232498,84.52119636301886,0.8291986553665566,0.3222082614002166,False,False,False,False,pachytene,65,off_axis,63.81769291592671,10.89
27,2.174556152987638,47.77783543674407,221.4576016434995,23.122333746,1.7673165810860465,0.5628487369382165,0.1122785331685207,0.4724994198189835,0.9804045512010112,0.0580082455375793,0.0399539254370394,1.4054672033229774,84.52119636301886,0.829289149259,0.2376268170054793,False,False,False,False,pachytene,65,off_axis,65.36227243067248,10.89
399,8.889992160961459,52.230398771884175,223.4129175529197,35.90916962399999,2.0466280296399013,0.5356022994512672,0.1480105465004794,0.4845969897313265,0.9727937814357568,0.1054946272880993,0.0601683796184638,1.2109214782771245,88.49442329863884,0.8299052318039444,0.3054301814432244,False,False,False,False,pachytene,65,off_axis,67.93608286428653,10.89
129,3.235808259924551,43.91112149639767,220.577835087516,20.504445498,1.6979300971715936,0.6019906189223201,0.1665069477719214,0.4334578901983328,0.9822718319107026,0.1672393903650325,0.1433947809029432,1.5231841925646288,84.52119636301886,0.8340667157140166,0.3841363868027285,False,False,False,False,pachytene,65,off_axis,64.05258898481995,10.89
206,4.884166322456322,53.295417121023206,223.8432540066136,34.074771228,2.011166901899586,0.533319564918078,0.1709673474379356,0.4943206962678861,0.9388038942976356,0.1745278596947375,0.0842914923195202,1.267469749543945,89.48667040373299,0.8349660889570012,0.3458632194215952,False,False,False,False,pachytene,66,off_axis,68.51478765069574,10.89
442,9.788492808004774,45.54964910881873,222.4507060037509,30.007192176,1.9277272363854847,0.5057066916823014,0.1666007644655331,0.4901154515261743,0.9485383678440926,0.2625873323118788,0.1104608619396342,1.2027196955478234,84.52119636301886,0.8357539362577004,0.3399214694145099,False,False,False,False,pachytene,66,off_axis,66.07251968131604,10.89
29,2.0911447851308296,50.582311832604695,224.7483409672105,39.629573532,2.114999471325538,0.6145377056943293,0.1620126109895766,0.4573095823095823,0.9911901081916538,0.0586990586237687,0.0469838604730692,1.5141308618127594,86.67176897571969,0.8378854237384669,0.3542733790342925,False,False,False,False,pachytene,66,off_axis,69.02119920551627,10.89
24,1.2913186029935555,45.03507677833306,223.38824091233144,16.45563267,1.5778849178056271,0.5445473984319316,0.0,0.6910798122065728,1.0,0.2160334886593296,0.1465379077440995,1.3253963915364455,84.52119636301886,0.8401004110428444,0.0,False,False,False,True,post,66,off_axis,66.95305349803546,10.89
286,6.547204529370311,44.28774229771329,223.3247086812962,29.831258826,1.923952402499139,0.5399072108201619,0.1280178837555886,0.4638523329345411,0.9601201857416006,0.1833187743335243,0.1046315320265271,1.0870270712539665,84.52119636301886,0.8401811474847171,0.2759884443087506,False,False,False,True,post,66,off_axis,66.82150494170588,10.89
458,9.96481336465632,48.8095887627243,224.8000711824617,35.946702071999994,2.047340830056136,0.559775515531193,0.173992898249051,0.4702045656685443,0.965552805280528,0.1607529477451526,0.0917626947412632,1.1634015114469836,84.90996811285298,0.8409669689857668,0.3700365988613173,False,False,False,False,pachytene,66,off_axis,68.81802239271958,10.89
275,6.638595857417953,51.24821470375829,226.5563617413264,38.95868102399999,2.102996477560851,0.6469171483622351,0.2129915447590927,0.4348567530695771,0.9895909690661192,0.0973577940841281,0.080836953856785,1.359229543324642,87.07134409255502,0.8423400467234672,0.4897970268499294,False,False,False,False,pachytene,66,off_axis,70.90606139661973,10.89
423,9.193812749979704,45.43995194678054,225.8919472859348,28.738126278,1.9001590151782968,0.4966941474165374,0.1690026954177897,0.5090820629257217,0.9465327284510694,0.1641861446791676,0.0840251595165724,1.080644146502587,84.52119636301886,0.8466447160918342,0.3319753488200356,False,False,False,False,pachytene,66,off_axis,69.48438898284947,10.89
441,9.496778959810822,42.33138645833228,225.3231345523048,31.752451008,1.964398294647138,0.4680851063829787,0.1229138750152272,0.5484722222222222,0.8883343730505302,0.491110807874362,0.1626376577182255,1.153956166993459,84.52119636301886,0.8492305648601857,0.2241022790857523,False,False,False,True,post,67,off_axis,68.67731551157017,10.89
251,5.621174251355656,41.9637006130618,225.66369620372583,29.845333494,1.9242549345274764,0.5555293562838953,0.1279876638396299,0.500972590627763,0.9643916913946587,0.2812095566399325,0.1735633451483432,1.148787844477324,84.52119636301886,0.8508564667850662,0.2554783759312062,False,False,False,True,post,67,off_axis,68.99819473243511,10.89
151,4.021507709880065,48.18080211878747,228.10270937749905,41.07457278,2.1403993737398808,0.6957738435179897,0.229979762937265,0.4246292472310869,0.9972793943695292,0.0473871369687874,0.0719462692071286,1.3679653928686475,84.52119636301886,0.8520825413931483,0.541601325007432,False,False,False,False,pachytene,67,off_axis,71.99973253395517,10.89
457,9.672096491796818,46.67259466312144,228.9607795214387,36.174242538,2.051651595361335,0.566500226963232,0.1926328502415458,0.4732984293193717,0.9829351535836176,0.0921769467085546,0.0601247137816473,1.1466470100784965,84.52119636301886,0.8555751070706494,0.407000822966098,False,False,False,False,pachytene,67,off_axis,72.6661766102717,10.89
422,9.279345481591914,43.26355834139094,228.79876056527,31.53898521,1.9599862985307048,0.5724804760133879,0.1520873285145302,0.4791231732776618,0.9829787234042552,0.0504470330947003,0.0298588796162565,1.1532540744963669,84.52119636301886,0.8568447427151096,0.3174284547209585,False,False,False,False,pachytene,67,off_axis,72.20278063363834,10.89
138,3.5968372964742072,43.77617426496564,228.56524076373532,20.025906786,1.684617057013581,0.6846667447581117,0.0110213078618662,0.6890787518573551,1.0,0.0291362529532878,0.041629943779236,1.048889680061999,84.52119636301886,0.8581956806431982,0.0159942645628808,False,False,False,True,post,67,off_axis,72.0051505338407,10.89
292,6.726398620243461,40.466597941144265,228.5259231540385,21.761782506,1.7319497418689236,0.4936940821386224,0.1591478696741854,0.524164360229934,0.9639153878058896,0.2819529781373062,0.1273293288981249,1.089590314325708,84.52119636301886,0.8614978830291846,0.3036220730542848,False,False,False,False,pachytene,68,off_axis,71.80150759059617,10.89
160,3.697868525896323,40.31443768924264,229.2982720816772,23.55161112,1.7781866175811307,0.5547808764940239,0.0996978851963745,0.5118568232662193,0.9512269009391092,0.3452613732156744,0.1946247809676463,1.352676534185452,84.52119636301886,0.864666429367945,0.1947768998373227,False,False,False,False,pachytene,68,off_axis,72.56972524680167,10.89
480,10.17411979881083,39.55470562414321,231.0772601802853,35.911515402,2.0466725942132338,0.4783460709386635,0.1477963931277345,0.5336839469070874,0.9066965536564864,0.3057357374184141,0.1038186446318574,1.1489386577472402,84.52119636301886,0.8692569693026784,0.2769361791454922,False,False,False,True,post,68,off_axis,74.3340503356235,10.89
293,6.802209809097238,44.5551824074654,231.68237214412875,38.215069398,2.089530338132525,0.6113191332637653,0.1761644548529795,0.4605180037902716,0.9834631896962952,0.1346709187604201,0.1084843731388939,1.0882482973551764,84.52119636301886,0.8693593877989347,0.382535434886511,False,False,False,False,pachytene,68,off_axis,75.17261875771746,10.89
120,2.987692307692284,43.57009846153918,232.39004256409973,26.07332247,1.8395118458200312,0.7202878992352677,0.1009253903990745,0.6381473142489547,0.999549887471868,0.1164991771839365,0.1962253050504525,1.377549079048557,84.52119636301886,0.8702850005561557,0.1581537493703239,False,False,False,False,pachytene,68,off_axis,75.80644713784156,10.89
494,10.32581961446494,43.00012108484575,233.3390701772903,33.34288849199999,1.996663460237835,0.5080202617138032,0.1734042553191489,0.5119405119405119,0.975844084545704,0.0894592706031583,0.0375990858384702,1.1287545970914716,84.52119636301886,0.8713912285094892,0.3387195411862593,False,False,False,False,pachytene,68,off_axis,76.71824586297373,10.89
291,6.512698094282893,38.88494662989051,231.36541778335044,23.38740666,1.774044404135283,0.6541624874623871,0.1288529560384032,0.4744779582366589,0.988835725677831,0.2109764267815094,0.2122287187473565,1.0997306514877867,84.52119636301886,0.8716509675582574,0.2715678437777593,False,False,False,True,post,68,off_axis,74.6161695628287,10.89
119,2.907352941176532,39.18603681372597,231.9358108823513,14.356161359999998,1.5077056902778458,0.6655228758169935,0.1130849220103986,0.5070835368832438,0.998248072880168,0.0708093505072659,0.0780196613722399,1.342057662824114,84.52119636301886,0.8739417655769968,0.2230104386852466,False,False,False,False,pachytene,69,off_axis,75.18850112128256,10.89
150,3.42310074694841,40.62984299508075,234.32164060848976,12.875975441999998,1.4539981149048786,0.6278010566587722,0.0163697640828117,0.5648556045031816,0.99958071278826,0.1439279146630045,0.1431973676304399,1.2879037315372786,84.52119636301886,0.880378575332265,0.0289804402263296,False,False,False,True,post,69,off_axis,77.59951786948733,10.89
203,4.687354176388404,36.43257735650899,232.93023002799427,20.108009016,1.686916116132214,0.6443070461969203,0.1261106334193178,0.4368645457527058,0.9934691745036572,0.1935195407479783,0.2061801436326508,1.346066837184026,84.52119636301886,0.881521147166566,0.2886721631347598,False,False,False,False,pachytene,69,off_axis,76.20965113270948,10.89
118,2.913851992409912,37.64416946431293,234.3817186688071,16.070925078,1.565491650670283,0.5669245365640052,0.2123705866737456,0.4812942366026289,0.9617672047578588,0.2827808788289263,0.1961249734320561,1.360991269161709,84.52119636301886,0.8827307627619048,0.4412489710511227,False,False,False,False,pachytene,69,off_axis,77.63700324221819,10.89
472,9.956142668427518,39.95475614266861,235.39360779392828,33.739324974,2.004545537824144,0.5274977403879579,0.1835655934646805,0.4976456739258387,0.9789142026175472,0.1895210385112661,0.1058218779144274,1.177141590016899,84.52119636301886,0.8827858562110164,0.3688680583045442,False,False,False,False,pachytene,69,off_axis,78.6561528849815,10.89
344,7.678859581070348,36.57725376260675,234.23851181148768,36.284494104,2.053733817152816,0.460434445306439,0.1402966625463535,0.5486460579918524,0.9141595362958874,0.2151929243399939,0.0749060987645954,1.0861731090197022,84.52119636301886,0.8836989945281186,0.2557143362332095,False,False,False,True,post,69,off_axis,77.51361938702266,10.89
285,6.679983648998767,41.790814034608246,235.500430705823,34.431329483999995,2.0181575222308057,0.528682381795885,0.1908771929824561,0.5039028620988725,0.9438835407372622,0.1186291501850972,0.0514958395284014,1.0811372827134142,84.52119636301886,0.8840571461805228,0.3787975964006401,False,False,False,False,pachytene,69,off_axis,78.81708705578723,10.89
479,10.24631550585996,34.63350254613972,232.93339952849195,34.825420187999995,2.025828073852572,0.4488751178768692,0.108811676287986,0.5334881447078954,0.8249657064471879,0.4654885534108667,0.1584021260345336,1.4246627505522,84.52119636301886,0.8856528348755188,0.2039626885196567,False,False,False,False,pachytene,70,off_axis,76.28400432609658,10.89
21,2.0965509641872435,39.17614961983535,236.15845490909305,21.28793535,1.719286729758177,0.5925068870523416,0.2454601101815956,0.4594375338020551,0.9838709677419356,0.0852288465277671,0.0727392495474856,1.2825526316468907,84.52119636301886,0.8873443170213327,0.5342622056807185,False,False,False,False,pachytene,70,off_axis,79.41092352060821,10.89
185,4.216726594752865,41.80786719935914,237.73378805433316,17.614447002,1.6140864857476442,0.6649354108403249,0.021011673151751,0.6705087440381559,1.0,0.0076391486335667,0.0083680003635869,1.200892323566911,84.52119636301886,0.8882374264049783,0.0313369114699499,False,False,False,True,post,70,off_axis,81.04929133754233,10.89
148,3.882422539377512,35.42678558751636,236.17526304074724,31.721955894,1.9637692226043597,0.5939510463654514,0.1765146970605878,0.494263340010927,0.9853203729418766,0.1066597793322064,0.1057472928785573,1.2739744123018542,84.52119636301886,0.8918627974384026,0.3571268244508798,False,False,False,False,pachytene,70,off_axis,79.48664590582644,10.89
358,8.264006209171827,40.68856427139176,239.4345657201943,36.268073658,2.053423966581912,0.5525515813983571,0.1736741519350214,0.4865568083261058,0.9654178674351584,0.1201891292671857,0.0701236612219412,1.10154542227029,84.52119636301886,0.8927034202818509,0.3569452712675218,False,False,False,False,pachytene,70,off_axis,82.71221714765,10.89
283,6.741399986525971,32.934129960251404,234.1737562891633,34.818382854,2.025691608505318,0.4684362999393653,0.0909090909090909,0.5356147021546261,0.9629629629629628,0.3087637233678045,0.1561655262003889,1.440607943401932,84.52119636301886,0.8947472416314448,0.1697285204147485,False,False,False,False,pachytene,70,off_axis,77.62716041584349,10.89
493,10.20720984255405,32.96366691043694,235.51118517594804,27.264977694,1.867119777044448,0.4552181020390604,0.0720984759671746,0.5811749842072015,0.9657427592650264,0.3274853747965232,0.1668755226931119,1.228365709578364,84.52119636301886,0.8952271483146843,0.1240563994087364,False,False,False,True,post,70,off_axis,78.95904892859035,10.89
398,8.827353488051656,37.55800145995561,238.7631053715262,34.063042337999995,2.0109361205763405,0.498175056814269,0.1524773203070482,0.5187319884726225,0.9395109395109396,0.2430947629186434,0.1023099681438326,1.072446742722364,84.52119636301886,0.89614625656077,0.2939423897030317,False,False,False,True,post,70,off_axis,82.01910456585411,10.89
552,11.757215867608249,35.663593258699464,236.0343897542016,28.916405406,1.9040801777053884,0.4438225034477163,0.1404212637913741,0.5228996499416569,0.827037773359841,0.375377503602442,0.0863463670432124,1.1160164429770878,84.52119636301886,0.8968741361209487,0.2685434266537408,False,False,False,True,post,70,off_axis,79.33691324076312,10.89
117,2.97896692679305,32.79693719806825,236.9571803790409,18.937465794,1.6535262128071813,0.5156695156695157,0.1013560101126177,0.529156010230179,0.9603047313552526,0.2945599436605524,0.179408695296719,1.5441857537839143,84.52119636301886,0.8992506205834832,0.1915427740649277,False,False,False,False,pachytene,71,off_axis,80.41324216793508,10.89
539,11.45095072866046,37.779181103401605,240.70865473282183,33.80266098,2.005799075521637,0.4212352532963219,0.1552719538134306,0.544484412470024,0.9422272900038008,0.3225700832968265,0.1112806272054493,1.1469030208098974,84.52119636301886,0.9012835663819252,0.2851724498577431,False,False,False,True,post,71,off_axis,83.9621930771019,10.89
396,8.587548572393782,30.50010871768826,236.24019310694484,27.769319964,1.8785620519307369,0.4489778678830883,0.1301506867582343,0.5578721447186877,0.9689306358381504,0.3321163055726118,0.1395498894744552,1.3347572156877157,84.52119636301886,0.9029435560359792,0.2332984143237051,False,False,False,True,post,71,off_axis,79.89675556514432,10.89
159,4.094500111333843,37.1805764529064,240.4791974615932,21.069777996,1.7133935069793982,0.6158984635938544,0.0229396771452846,0.6927536231884058,0.998139534883721,0.0726646447963894,0.0719235103290253,1.1647132510685132,84.52119636301886,0.9034333861052796,0.033113759895913,False,False,False,True,post,71,off_axis,83.74039543979835,10.89
531,11.050946277973084,33.52795111229193,238.5260286406746,35.32507090199999,2.035470492600655,0.4820373198751577,0.1529105125977411,0.4998717948717949,0.9597260273972604,0.1296948777330157,0.0434472912106701,1.009247721139443,84.52119636301886,0.903598650084432,0.3058994609547014,False,False,False,False,pachytene,71,off_axis,81.93009114648271,10.89
232,5.569469256036682,40.22758658445195,242.33150707658612,40.706285634,2.1339830004573668,0.501527113467412,0.1685890042291427,0.5344508670520232,0.9255093378607808,0.3122751705672,0.1328302817214353,1.408984646688786,84.52119636301886,0.9039671891328778,0.3154434104655168,False,False,False,False,pachytene,71,off_axis,85.5979476988093,10.89
230,5.132074413387072,30.85502131438738,236.3159861456503,25.092787266,1.816157179230737,0.5048144339534448,0.0736271423574677,0.5538984330753256,0.9832826747720363,0.3300842489011025,0.1862076860621086,1.513616337145986,84.52119636301886,0.9053183926225814,0.132925348693765,False,False,False,False,pachytene,71,off_axis,79.9372181671457,10.89
440,9.36827404809633,39.819728807615405,243.26193669213168,37.457383104,2.0756284167714285,0.4436998997995992,0.1163831692032228,0.5683890577507599,0.9418798665183538,0.4137189248941009,0.1811115010130418,1.3181353011677717,84.52119636301886,0.9054119497503528,0.2047596934110178,False,False,False,True,post,71,off_axis,86.52125404470446,10.89
174,3.9740838685303874,31.16935644125489,238.85946184359457,18.627823098,1.6444644848124206,0.4207278680266969,0.1486211364057005,0.5160869565217391,0.9451977401129944,0.2161741428599849,0.1019909037643656,1.3340741448771891,84.52119636301886,0.90755322961237,0.2879769281660583,False,False,False,True,post,71,off_axis,82.44050960290068,10.89
511,10.68962576977692,29.667034722878817,238.47821603504931,29.711624148,1.921377030063025,0.4426022422232749,0.1247210513265558,0.5182719546742209,0.921915285451197,0.365446465088378,0.1289868014411911,1.1640767808582424,84.52119636301886,0.9091333243635068,0.240647888047413,False,False,False,True,post,71,off_axis,82.20953940015862,10.89
82,2.718277333917071,34.62700779249149,241.7788432527093,42.866747172,2.1710873991159927,0.558662580715771,0.160158283869624,0.4918784872907625,0.9581679894179894,0.1230429602710039,0.0577215851426828,1.2676689487900992,84.52119636301886,0.909875570936224,0.3256053842723766,False,False,False,False,pachytene,71,off_axis,85.11929307010239,10.89
301,6.6907407407408375,40.43739957264921,245.2285341880317,13.173889247999998,1.4651265314648825,0.6371082621082621,0.081981981981982,0.5642787046123651,0.9992107340173638,0.088051456714404,0.0951547325554284,1.8742263863440367,84.52119636301886,0.9114336698100252,0.145286329808069,False,False,False,False,pachytene,72,off_axis,88.4986626407966,10.89
526,10.971538098608704,35.391278821654986,243.0231050247713,39.775011768,2.117583621129397,0.4898560981363529,0.1507118311242022,0.5434682080924855,0.661794468180796,0.4104847510578346,0.0464752372262996,1.1040129566660954,84.52119636301886,0.9117562951544936,0.2773148987926717,False,False,False,True,post,72,off_axis,86.33091086104527,10.89
546,11.502045050385949,31.965849184944624,241.14774053793727,31.658619888,1.9624613989969109,0.4561351511558981,0.1678004535147392,0.5204359673024523,0.6827518747962178,0.4896931750897742,0.0506330270210107,1.0352958693038463,84.52119636301886,0.9132145637193811,0.3224228609419335,False,False,False,False,pachytene,72,off_axis,84.65417680105556,10.89
272,6.584566389024988,28.820473027926468,238.65104206270863,28.726397387999995,1.8999004760688716,0.530458925363384,0.1301059001512859,0.5408695652173913,0.9095464135021096,0.3566151545546879,0.1945756643439753,1.274357643787828,84.52119636301886,0.914027762543974,0.2405494938488406,False,False,False,True,post,72,off_axis,82.47693244815713,10.89
183,4.363822042467164,31.606966258848303,241.5160520930267,23.19974442,1.7692866356550916,0.5456016177957532,0.1425300515168861,0.5189141076991545,0.9804341180067258,0.2817396045711705,0.2146834953527259,1.0780222775917312,84.52119636301886,0.9145580781929172,0.2746698334120438,False,False,False,True,post,72,off_axis,85.04992242776291,10.89
176,3.854744648575753,39.08976512725477,245.0479439069604,13.917500873999998,1.492190311876765,0.6768919602224844,0.0584479371316306,0.5998956703182056,1.0,0.0471259437561021,0.0583935743416068,1.7982627504081794,84.52119636301886,0.9145897653116372,0.0974301699837704,False,False,False,False,pachytene,72,off_axis,88.29959368303642,10.89
128,3.3988550568323217,28.700308678336565,240.1643835725549,28.273662234,1.889866610200777,0.5027793910229819,0.1555586867690573,0.4838978808610045,0.946345975948196,0.2305585639609344,0.1293056484387362,1.525360935346702,84.52119636301886,0.9155204099602332,0.3214700723472279,False,False,False,False,pachytene,72,off_axis,83.99390338543249,10.89
14,1.545291292545412,30.64819895594038,241.7796708498676,22.467861684,1.750482247673844,0.5303821257047401,0.0333118418224801,0.5357936860827034,0.9713918354226936,0.3058325616818658,0.1989476264635832,1.5336868531986845,84.52119636301886,0.9163030172197616,0.0621728898412928,False,False,False,False,pachytene,72,off_axis,85.3960384595019,10.89
421,9.578635710101391,37.40420405240016,246.3325340167179,44.051365062,2.190905205282553,0.5576441770062304,0.1882939222200508,0.5025881786445167,0.9761666666666666,0.1293945622162918,0.0848005689911918,1.2968318831412948,84.52119636301886,0.9176072696435038,0.3746485297920867,False,False,False,False,pachytene,72,off_axis,89.58986130812991,10.89
530,11.0810692853247,28.90280621931165,241.19982605019237,25.798866444,1.833034637800805,0.3239679941807601,0.1437291258781526,0.5506388702084735,0.7676419965576592,0.654516339269889,0.0811509450790134,1.0371612324727877,84.52119636301886,0.9180288249550634,0.2610224843439338,False,False,False,True,post,72,off_axis,84.9990674522368,10.89
284,6.691544484733605,34.68075152136129,243.69874415891132,44.637809562,2.200584697268089,0.5347101792001682,0.1877064220183486,0.4829455613282132,0.9491056610732068,0.1667430075386708,0.0846124782329902,1.1087920056573084,84.52119636301886,0.9184983929183352,0.388669939324242,False,False,False,False,pachytene,72,off_axis,87.0347930117678,10.89
387,8.827155487063061,26.859304769243927,240.6821638900177,28.921096962,1.9041831482692373,0.499878335631438,0.1431350750416898,0.559033409017191,0.983013698630137,0.3143544017304878,0.2059982685085708,1.3129678700175085,84.52119636301886,0.9208614117734224,0.2560402879916042,False,False,False,True,post,72,off_axis,84.74243618305539,10.89
525,10.918345889111716,34.109645840333826,246.2385656549755,43.281949878,2.1780745283142604,0.5116253861579318,0.1963792027111388,0.4781933192764399,0.9484978540772532,0.1688320983057133,0.0674698477038858,1.157238461070829,84.52119636301886,0.922547046738021,0.4106690637340617,False,False,False,False,pachytene,72,off_axis,89.5986614188411,10.89
545,11.405583064226631,30.35431001076351,243.7961467814821,32.68841643,1.983513181269832,0.4517402224614281,0.1172732524552282,0.5238219895287958,0.8856168629882207,0.3115608284892731,0.0467077463918884,1.0867918419784923,84.52119636301886,0.9228825700372628,0.2238799722033842,False,False,False,True,post,72,off_axis,87.43112148373139,10.89
136,3.722343384889216,31.90742505285496,245.1309824524262,42.16301377199999,2.159141039795244,0.5154111494380772,0.1731535978735523,0.509414466130884,0.921021140805744,0.2247723061499685,0.0943281132881753,1.2122981323305382,84.52119636301886,0.923689684192802,0.3399071078383234,False,False,False,False,pachytene,73,off_axis,88.63025364504215,10.89
239,5.54301051547911,26.938165629826297,242.3797323185531,31.900235022,1.96744118246342,0.4780498566071034,0.1546981064665952,0.5247957171034094,0.8150305854937373,0.3616635718419864,0.1360219935221052,1.2935343831752173,84.52119636301886,0.9265892726095432,0.2947777609932598,False,False,False,True,post,73,off_axis,86.41345817861593,10.89
523,10.789323736691658,27.126105128205666,243.83908205127847,31.287986964,1.9547730260735785,0.3394062078272605,0.136937995885983,0.5772330041992964,0.6767990074441688,0.6054145764594451,0.093772184055378,1.1699510553412549,84.52119636301886,0.9276278422094686,0.2372317502460472,False,False,False,True,post,73,off_axis,87.83515006292254,10.89
89,2.755016039661723,28.07545638670137,244.31016102361903,32.174691048,1.973067419729705,0.5091863517060368,0.1408882082695253,0.5273321449792038,0.9482939632545933,0.1627436427581881,0.0714747717892149,1.3316483819730842,84.52119636301886,0.928166479532894,0.267171667062097,False,False,False,True,post,73,off_axis,88.18445363208295,10.89
389,8.610678140718507,31.11835532998016,246.59273365856927,38.707682778,2.098470433779088,0.4176716562632567,0.1501724595383391,0.5298157976896659,0.8405098174302446,0.1914400752097677,0.0609151484196771,1.0653080296566306,84.52119636301886,0.9306068820198636,0.2834427742494403,False,False,False,True,post,73,off_axis,90.14957644795703,10.89
274,6.47570589564018,34.092672424892555,247.8894283261804,41.53903682399999,2.1484369069779814,0.5526880505985995,0.1457996333441173,0.5085216513066532,0.975391105642468,0.1660924614347863,0.1257401416042305,1.213151101443948,84.52119636301886,0.9317059851047694,0.2867127347861852,False,False,False,True,post,73,off_axis,91.24835979202467,10.89
351,7.967746467879672,25.301216595114266,244.1569185153333,30.051761958,1.9286811841252776,0.4336897978299898,0.1334209268991877,0.5433494141971055,0.9651120088138084,0.292458294800588,0.1236577154933339,1.567084384077641,84.52119636301886,0.933029838800944,0.2455527206122797,False,False,False,False,pachytene,73,off_axis,88.40531469349392,10.89
15,1.882023939064173,30.43664849836722,247.24026192601048,21.55769982,1.7265186354353264,0.5650707290533188,0.1952889067847795,0.4448336252189142,0.9850140493287542,0.1295573688783033,0.1267681926817552,1.1725199110550495,84.52119636301886,0.9333688780781152,0.4390156132838941,False,False,False,False,pachytene,73,off_axis,90.85325517573395,10.89
107,3.053327893693782,32.56590720363785,249.38506984496604,40.248858924,2.1259595041165653,0.5388739946380697,0.1189309576837416,0.5064459049544995,0.9673063255152808,0.2073779733591532,0.1255961793184394,1.338021944765681,84.52119636301886,0.937268759171947,0.2348344739689952,False,False,False,False,pachytene,74,off_axis,92.82815053515398,10.89
538,11.305501188699608,28.967336971304118,248.523980262068,42.42808668599999,2.163656328924396,0.5072151268867142,0.1915646258503401,0.4633681139907999,0.889633601429848,0.2771175876937456,0.0954222990547666,1.1309395017226611,84.52119636301886,0.9382435527011542,0.4134177990808915,False,False,False,False,pachytene,74,off_axis,92.2729152236125,10.89
522,11.023931623931896,25.249259183065654,246.67771490757312,23.603218236,1.779484478355969,0.4151262174517989,0.1534810126582279,0.5107901444350043,0.947112462006079,0.3452760437365091,0.1170881122716162,1.4228400000277186,84.52119636301886,0.93826023747008,0.3004776312354195,False,False,False,False,pachytene,74,off_axis,90.90601528379193,10.89
388,8.306618610747075,27.44813584534756,246.3611380733955,21.477943368,1.7243868191473346,0.4051987767584097,0.1136067708333333,0.5262578038927653,0.7994774657086872,0.5685458408433964,0.1213968002678029,1.1041226121721768,84.52119636301886,0.9383514858247632,0.2158766482757619,False,False,False,True,post,74,off_axis,90.29622059930033,10.89
213,4.851339671564268,25.243673833189813,245.8558830596361,32.568781752,1.981090436792168,0.5110198789974071,0.1599851521900519,0.5231992929739284,0.9751710159614896,0.2084656835245448,0.1530144558533024,1.5755876574169452,84.52119636301886,0.938834583675433,0.3057824319308171,False,False,False,False,pachytene,74,off_axis,90.0939327141128,10.89
106,2.691498822913957,26.556715236725672,247.47463595344203,17.935818587999997,1.6238435991996534,0.5697096521056761,0.1906519065190651,0.4419452887537994,0.9738058551617874,0.1314499950537491,0.077925726475128,1.4582658918294176,84.52119636301886,0.9391091866060436,0.431392553265285,False,False,False,False,pachytene,74,off_axis,91.51392488740484,10.89
10,1.1648283038501497,28.281651578216717,247.66426912938084,20.288633922,1.6919521069646086,0.6323274366978842,0.1437802907915993,0.3685534591194968,0.9831640833778728,0.336503870423899,0.3004500252566308,1.436086143284618,84.52119636301886,0.9396153990306032,0.3901205842297662,False,False,False,False,pachytene,74,off_axis,91.492312849991,10.89
13,1.8625371066692225,29.34057684543716,249.93444208390585,23.706432468,1.7820745355028296,0.4993073421729666,0.1425182172513133,0.4715415019762846,0.9754358161648178,0.1132345469286821,0.0798923087317214,1.2207471957837603,84.52119636301886,0.942435266896158,0.3022389686888706,False,False,False,False,pachytene,74,off_axis,93.63842011337336,10.89
397,9.269364975614756,31.422900045251502,251.96567564985355,46.655178642,2.233248661969616,0.5663432047865654,0.1832386363636363,0.4789565217391304,0.9554043839758124,0.3007177438964047,0.1742025944080957,1.202883646368464,84.52119636301886,0.9429242529066866,0.3825788522479698,False,False,False,False,pachytene,74,off_axis,95.48204251702563,10.89
273,6.223757782932581,32.30809407886821,251.04966013917823,19.214267598,1.6615435996570336,0.4677084605054328,0.201757597949469,0.5130733944954129,0.9591942148760332,0.2158473585441985,0.0915820134681013,1.1682370454716893,84.52119636301886,0.9430458065359548,0.3932334050333861,False,False,False,False,pachytene,74,off_axis,94.50601722585064,10.89
342,7.941717376606242,24.933807054316247,247.9918017128696,31.224650958,1.9534531249119151,0.4101870633310795,0.1317186463171864,0.5333078588714814,0.8380952380952381,0.344324953198914,0.0821847252846053,1.2226251881048726,84.52119636301886,0.9447459759760064,0.2469842589530047,False,False,False,True,post,74,off_axis,92.25219287444989,10.89
16,1.5788907046044571,31.278410016342157,252.08336078054748,24.403128534,1.7993637462834935,0.5917523791214072,0.2225883214351088,0.4341888391805981,0.9754464285714286,0.0847343768116149,0.0743658448472545,1.9153637018038316,84.52119636301886,0.9476594310127398,0.512653254411555,False,False,False,False,pachytene,74,off_axis,95.61028029769844,10.89
8,1.902835134267615,26.04879753931843,250.10154540494187,21.925986966,1.736294997954391,0.6101422916443779,0.2455486542443063,0.4717343578485181,0.9842845326716294,0.1047721698019276,0.093173715745905,1.4298320983971429,84.52119636301886,0.9478037373545956,0.5205231507075349,False,False,False,False,pachytene,74,off_axis,94.1848771961501,10.89
202,4.544180557604427,30.50880814279352,251.7169340020659,15.902029062,1.5599881923843868,0.512907508482077,0.1686807653575025,0.5221078134463961,0.986328125,0.3198765979305812,0.201129440130109,1.2242875797495931,84.52119636301886,0.9480176919719074,0.3230765007021307,False,False,False,False,pachytene,74,off_axis,95.30676429423644,10.89
212,4.599925861855917,24.51310883479523,248.9085275793882,18.984381354,1.6548905652664394,0.5357716545162485,0.2521894904458599,0.4801703486824594,0.95527950310559,0.2899513520943473,0.1613562532284332,1.4614497387382628,84.52119636301886,0.9486497764061964,0.5252083789385231,False,False,False,False,pachytene,75,off_axis,93.22139517935062,10.89
266,5.929332299856114,32.619154135755565,253.73801390765223,21.184721118,1.7165035816631096,0.5627283800243605,0.2463740458015266,0.4520131678906052,0.9842215988779804,0.1599240896794561,0.0972477572899458,1.350094363693723,84.52119636301886,0.9505828268586136,0.5450594436247781,False,False,False,False,pachytene,75,off_axis,97.16918119659323,10.89
158,3.7027281913101255,31.20843784102461,254.45194430784767,13.929229764,1.4926093723099048,0.5968339508251936,0.1400862068965517,0.5108604845446951,0.9932088285229204,0.1202405165838825,0.1206993758299772,1.5943026650169037,84.52119636301886,0.9537441205517108,0.2742161727803309,False,False,False,False,pachytene,75,off_axis,97.9773874752122,10.89
492,10.404498562489415,24.77295800777939,251.65668374767407,41.611755942,2.1496898758278298,0.6805907886577598,0.2064425770308123,0.5167666784327568,0.988255416191562,0.2591011248344519,0.3041703513414551,1.1715198967782114,84.52119636301886,0.9539697494898304,0.3994889485848985,False,False,False,False,pachytene,75,off_axis,95.90143641279013,10.89
198,4.718997873717342,27.177603161690325,251.81055567163156,25.374280626,1.8229232179842665,0.6144032541370066,0.1874147671926748,0.461759769839367,0.9826807228915664,0.1825866665066213,0.1351985119352752,1.146404022337873,84.52119636301886,0.9541539319629384,0.4058707133752059,False,False,False,False,pachytene,75,off_axis,95.73839697032408,10.89
544,11.827966213540838,27.553981298667093,253.45506744753857,35.547919812,2.039741791943757,0.7407945097004092,0.0282038594755071,0.7008655804480651,1.0,0.1382665622373511,0.2540006505600053,1.04096661845945,84.52119636301886,0.954315473248132,0.0402414674972002,False,False,False,True,post,75,off_axis,97.32822045693143,10.89
300,6.99447277902979,24.3887206855646,251.03426181947628,19.777254318,1.6776156271518108,0.4863005574664927,0.1916759985069055,0.5008081274532441,0.9566502463054188,0.2988719489728008,0.1032581475805387,1.0783491837637211,84.52119636301886,0.9548226664610848,0.3827334022745079,False,False,False,False,pachytene,75,off_axis,95.34182638624566,10.89
156,3.788455008488904,22.874684060720195,251.6033106261854,23.488275114,1.7765911945773674,0.5879356836113053,0.1629133698518969,0.441832283082889,0.9818394844756884,0.2314693047124853,0.1476275642628016,1.6609900669357982,84.52119636301886,0.9566883700290562,0.3687221963844909,False,False,False,False,pachytene,75,off_axis,96.1398256007564,10.89
478,9.763417190775565,27.92811792452812,256.61142932389834,17.902977695999997,1.6228518954811388,0.6778039832285115,0.2962220950200344,0.4209028060187068,0.9968217278243282,0.0256525764486211,0.0401086085134634,1.2441883530847138,84.52119636301886,0.961110313817916,0.7037779049799657,False,False,False,False,pachytene,76,off_axis,100.4247451848257,10.89
259,6.516115038560434,22.92887091902211,253.49822238914024,29.200244544,1.9102899597252525,0.4112307197943444,0.1447076671723655,0.5509619320507573,0.8559771521827826,0.3319659745156547,0.0887719735183819,1.100429598318592,84.52119636301886,0.9638733581631254,0.2626454910119531,False,False,False,True,post,76,off_axis,98.00121534564308,10.89
299,7.778927126848246,20.73510895166164,252.4783228764725,35.376678018,2.0364612304025576,0.4041509183741131,0.0928730062588329,0.5937013131537948,0.9693911873528422,0.2111503416945349,0.0972013956112807,1.9253670856396503,84.52119636301886,0.9639060162398077,0.156430521882263,False,False,False,False,pachytene,76,off_axis,97.37187552782547,10.89
116,3.414006514657897,25.97257178099353,255.17851850929716,48.970461528,2.269595853096677,0.6566392029124353,0.2484009646639404,0.4268973214285714,0.9922174599593956,0.0362034629812201,0.0454494106279457,1.4067347686828664,84.52119636301886,0.9643166342003404,0.5818752008859887,False,False,False,False,pachytene,76,off_axis,99.22885143212793,10.89
549,11.733316898804658,24.6838833723652,255.33174028103,19.031296914,1.6562526717830643,0.5224947614938986,0.3029866858582224,0.4331440371708828,0.9676294820717132,0.1061351526737438,0.0546351007734057,1.1297869252227275,84.52119636301886,0.9650084148070988,0.6995056144307233,False,False,False,False,pachytene,76,off_axis,99.55214064583254,10.89
491,10.445624373119076,21.846605679538285,254.69855773570387,37.419850656,2.074934922427537,0.4005767301905717,0.1672907776713402,0.5187199330683957,0.8088176352705411,0.5414995931123374,0.113243530720233,1.3537763393061446,84.52119636301886,0.967127212869409,0.3225069387284991,False,False,False,False,pachytene,76,off_axis,99.36258523372541,10.89
172,3.998934317040596,21.21555828466052,254.7498762988019,22.892447502,1.761440073649288,0.5830515421662055,0.177979797979798,0.4389284836569181,0.9565600234810684,0.3512778841753654,0.2297920184136521,1.5863262878166522,84.52119636301886,0.9677955922644448,0.4054870089472553,False,False,False,False,pachytene,76,off_axis,99.52114661800765,10.89
548,11.5456925675673,25.78397527449415,257.6581970333599,22.219209216,1.744000732467223,0.6557221283783784,0.1875934230194319,0.5326586936522539,0.993238674780257,0.364901534770827,0.3721196875085273,1.284769738602486,84.52119636301886,0.9685582188596312,0.3521831620416623,False,False,False,False,pachytene,76,off_axis,101.71251454868084,10.89
310,7.70982970996736,25.93938332433744,258.8359210924085,47.799918306,2.251366407336035,0.5673553516219267,0.1804406433020359,0.4650635208711434,0.9865976241242764,0.1375582924510731,0.1028181491493382,1.1579976287700873,84.52119636301886,0.9724009292144696,0.3879913930123776,False,False,False,False,pachytene,76,off_axis,102.86186338107022,10.89
554,11.853675909438367,22.939653625031045,257.849874841005,18.442506636,1.638993053938762,0.4945306537776647,0.0580706328513865,0.5078007045797684,0.9449152542372882,0.4448654685501483,0.1880932127657174,1.264146528651659,84.52119636301886,0.9741782724530684,0.1143571332762191,False,False,False,True,post,77,off_axis,102.29793549634019,10.89
282,6.769444666400369,19.87715614063224,255.83722413103771,29.35741167,1.9137111380078968,0.4505793048341989,0.1524713422901515,0.539848749272833,0.9578207381370826,0.2655349687462187,0.1156653819923474,1.3480209439986324,84.52119636301886,0.9751607359731362,0.2824334454706579,False,False,False,False,pachytene,77,off_axis,100.83131003706552,10.89
103,3.037958252937964,21.12575672689029,257.51818487107704,26.746560756,1.85521015169968,0.6086651464655324,0.2044927794615796,0.4834155087404751,0.9924691921497032,0.1468023071463007,0.1241001689362213,1.5063098179696923,84.52119636301886,0.9760560259804036,0.4230165887610423,False,False,False,False,pachytene,77,off_axis,102.26353864331152,10.89
134,3.80049321824916,24.87848081072746,259.7011632244124,45.65822299199999,2.2172268638223542,0.5709515002055077,0.1547570850202428,0.5080828643276254,0.9922402644058056,0.2092638278055742,0.1464332648029172,1.4784222695829483,84.52119636301886,0.9788703996487796,0.3045902467603225,False,False,False,False,pachytene,77,off_axis,103.85495869818763,10.89
499,10.624249625458155,23.00919856899183,260.81727252156725,45.407224746,2.213156454489644,0.5220333729400217,0.2212121212121212,0.4977302204928664,0.9656015037593983,0.0743088696312316,0.0462235033339054,1.2486058248169556,84.52119636301886,0.9814608941617086,0.4444418122594017,False,False,False,False,pachytene,77,off_axis,105.2212607755494,10.89
395,9.465162731613502,17.760611748214618,257.48536343685765,53.551765962,2.33827217986113,0.5857023960751675,0.2298045602605862,0.4456544724043138,0.9825419918000264,0.0348367761837531,0.0400512577525555,1.7333727826439873,84.52119636301886,0.9828049115930813,0.5156563537235171,False,False,False,False,pachytene,77,off_axis,102.85821362749438,10.89
147,4.335715215975619,17.290260729324068,258.5090675059725,54.03499623,2.345284349261928,0.6962014326025614,0.2271673108779679,0.4326950557302086,0.9937799893371244,0.0557287234552798,0.0748452267273994,1.9257525296765523,84.52119636301886,0.9847691750527828,0.5250055619299933,False,False,False,False,pachytene,77,off_axis,103.95616544266235,10.89
104,3.3016358429203287,21.40327311781001,261.0903717780625,48.32537257799999,2.259585958283815,0.6246298723362944,0.2446029110090847,0.4448467606362343,0.9934462717942376,0.0901010427404223,0.088419223080925,1.615382865062322,84.52119636301886,0.9872543648076048,0.5498588112887361,False,False,False,False,pachytene,78,off_axis,105.73988568916043,10.89
551,11.873366701791216,19.658461367229528,261.8264694349302,35.618293152,2.041086913536421,0.3401606954689147,0.0856908194926081,0.5884818844196028,0.7569650266745702,0.4628677279948515,0.0802906424631706,1.629542252667369,84.52119636301886,0.9902483037984156,0.1456133515088943,False,False,False,False,pachytene,78,off_axis,106.76120391239166,10.89
331,7.964370972852573,20.211826402240597,262.3780336326168,44.414960652,2.1969165344765846,0.4797718390197528,0.1660316653966641,0.51502538071066,0.95297877196987,0.1200397912854251,0.0584521095908234,1.3175831575832389,84.52119636301886,0.993407038382171,0.3223756956745794,False,False,False,False,pachytene,78,off_axis,107.20806919255091,10.89
197,5.052669149596374,18.70567101179443,264.40586756673065,45.348580296,2.212203263603003,0.5525553486447341,0.1878696835977842,0.4815028901734104,0.988552079974202,0.1239344017456285,0.0827361925325211,2.080512975145031,84.52119636301886,0.9996624139005388,0.3901735325620248,False,False,False,False,pachytene,79,off_axis,109.46955382451134,10.89
357,8.777733636936894,15.600000857516433,262.5143886488004,48.419203698,2.26104745697455,0.592122474686304,0.1555667001003009,0.4822425466207388,0.9871352785145888,0.0843153433393678,0.0629652365205864,2.0186258490607685,84.52119636301886,1.0,0.3225901596414861,False,False,False,False,pachytene,79,off_axis,108.22572876582763,10.89
