nucleus_id,cz,cy,cx,vol_env,r_eq,gap,gap_int,thick,void_big,void_off,offset,syp_io,s_um,s_norm,score,merged,mitotic,crescent,post,cls,row,zone,r_um,off_axis_cut_um
472,5.243981686604656,0.6883311918475912,18.09435325653522,15.883262837999998,1.5593742956443708,0.4556195539802097,0.0,0.4856212696690179,0.9094202898550724,0.5585599137391438,0.1640763994693793,1.305530543517568,-155.8869196889812,0.0,0.0,False,True,False,False,mitotic,0,off_axis,160.59436394220012,20.0
376,3.705948399426656,1.156515157668411,20.457859651218865,19.638853416,1.6736931541725388,0.5286669851887242,0.1550321199143468,0.4480486568677141,0.8711864406779661,0.369238544555958,0.1302936600632667,1.1296368944768376,-154.74604835001696,0.0092334489018186,0.3460162585871112,False,False,False,False,pachytene,0,off_axis,160.0140243329172,20.0
833,8.733447996762514,0.9718511533791824,17.94858836503415,23.185669752,1.7689287702254972,0.4315054633751517,0.0188580408590884,0.4824701904253425,0.9154696132596684,0.2874845765267022,0.1198930442079906,1.2631669611720375,-155.6586280937027,0.0113186020131775,0.0390864373246839,False,True,False,False,mitotic,0,off_axis,160.3193640890206,20.0
350,5.532526798025288,4.096950994084522,19.51662532135544,52.740126774,2.326398915358242,0.7297068896499577,0.2099583983359334,0.5315122593384893,0.9967479674796748,0.4227810241070425,0.6296306339632095,1.1916562026185258,-152.21104661452472,0.0119669081972583,0.3950208008320333,False,False,False,False,pachytene,0,off_axis,157.11756931643762,20.0
586,6.69978721727502,4.814557624714967,17.405352265741342,29.765577042,1.922539326753516,0.5745921664433762,0.2427048260381593,0.4775842904779548,0.9864055299539172,0.2200352928768306,0.1627029951514013,1.5397218444189331,-152.14430093926555,0.0143079219036827,0.5081926497106223,False,False,False,False,pachytene,1,off_axis,156.5149110048641,20.0
1037,9.783932346723368,3.870155391120568,17.770141649047876,21.081506886,1.7137113789593412,0.4663402692778458,0.1731034482758621,0.536905754795663,0.9434434434434434,0.2633170884472719,0.1050904165290791,1.3975134199865158,-152.9401579425605,0.0179385756145715,0.3224093739537998,False,False,False,False,pachytene,1,off_axis,157.43595511261648,20.0
1081,10.315919819884552,2.1971788219910806,21.550264547171288,64.59803456399999,2.4891069937585626,0.6847265596630111,0.2453715775749674,0.4943561391384473,0.9934168613293692,0.2471522562491621,0.2754426856918967,0.8800022154340535,-153.43072883755548,0.020415375113563,0.4963457680582169,False,False,False,False,pachytene,1,off_axis,158.9335581260996,20.0
377,4.453019510684307,7.228639292350647,19.56262242180348,30.298068648,1.933936063080828,0.6104831217095076,0.1634519454605919,0.5122242098986285,0.9985024335454886,0.1143895563836603,0.094954032173431,1.2600424019601637,-149.2036229243828,0.0218025222394029,0.3191023428840659,False,False,False,False,pachytene,1,off_axis,153.98722572852193,20.0
227,3.2024533413606884,3.9039998344375535,23.818762612882665,31.170698064,1.9523273561365768,0.5376279349789284,0.1337938812914141,0.5626627604166666,0.9879248658318426,0.1592120654916254,0.0853564998626527,1.1861814327909146,-151.13357424193595,0.0222103221008354,0.237786984858099,False,False,False,False,pachytene,1,off_axis,157.16660020934123,20.0
1096,10.409051440599187,5.558158038415858,19.94058611367026,35.660517156,2.0418931362325887,0.6484673069332982,0.213886437187408,0.4781062874251497,0.9861770455180118,0.5792062716032601,0.5030252058757639,1.0605979409817026,-150.6897557652769,0.0236933792951153,0.4473616909313145,False,False,False,False,pachytene,1,off_axis,155.6384123472214,20.0
985,9.260951780648965,6.963283832334771,17.68664491017882,22.329460782,1.7468805477819835,0.4850299401197605,0.1246428571428571,0.5410036719706243,0.9815469179426776,0.1366185502180561,0.0836581107565449,1.240492835535992,-150.00758206552882,0.0241028263358708,0.2303918875242405,False,False,False,False,pachytene,1,off_axis,154.3531318478054,20.0
487,5.775663311985387,8.456637778872741,16.789762185937587,33.331159602,1.9964293134312416,0.6070096417763389,0.2232577549033245,0.5008954154727794,0.9924690693921464,0.138383953029435,0.123720832159256,1.4200317726633256,-148.84299836934932,0.0266071677071088,0.4457173054630548,False,False,False,False,pachytene,1,off_axis,152.91927329435353,20.0
460,5.114114798461729,1.67604314912407,26.123445442245853,32.939414676,1.988577049169561,0.538598490243555,0.23379848628193,0.496835931470906,0.9889582333173308,0.186601132877435,0.1058759730407418,1.220745642413464,-152.5875001907643,0.0281657329327062,0.470574834613428,False,False,False,False,pachytene,2,off_axis,159.36594756199116,20.0
228,3.21241672572648,7.161554330262274,23.06603487597323,33.098927579999994,1.9917818525372493,0.6712969525159461,0.1530314097881665,0.5528244933160845,0.9985791418016482,0.0776608674431311,0.0978415068387986,1.1613902829336935,-148.2401090721834,0.0288670428622026,0.2768173473469252,False,False,False,False,pachytene,2,off_axis,153.926700376873,20.0
351,3.519136807817628,10.125179102198658,19.086342660831285,23.044923072,1.765342124598397,0.5528298045602607,0.2037339133587095,0.5340314136125655,0.9681050656660412,0.2849097834437269,0.1607132879836756,1.25921034922372,-146.57420226615713,0.0317528482369989,0.3815017397207207,False,False,False,False,pachytene,2,off_axis,151.1179981138017,20.0
1105,10.332323612417524,1.9470159736594423,25.19015209783677,24.93562014,1.8123574388338537,0.4864534336782691,0.2796252309316442,0.4015387433595896,0.8530413625304136,0.3274770457059091,0.1083871790354645,0.9623990002351948,-152.6022077095078,0.0322007802687828,0.6963841859743823,False,False,False,False,pachytene,2,off_axis,159.1023882289957,20.0
320,3.7663739233238127,5.394614870799282,26.519955640940008,27.778703076,1.878773613625406,0.5234757642290153,0.1857142857142857,0.5158603579656211,0.979988726042841,0.1882979360715736,0.090106534258694,1.3568931461799878,-148.91619373191514,0.0323411885613633,0.3600088334887373,False,False,False,False,pachytene,2,off_axis,155.64589923125644,20.0
1014,9.026014518624136,9.161658455313162,20.276128001905036,59.134717602,2.4168589534311504,0.718473561029791,0.164665725047081,0.5777088910807383,0.995303020418814,0.2219403793266222,0.3333548663322184,1.0036812456701427,-147.14634254360567,0.0327370241453222,0.2850323538193009,False,False,False,False,pachytene,2,off_axis,152.0235891744818,20.0
801,8.124031007751777,0.7910517441860577,26.4968333139537,12.10421448,1.424347640267874,0.3823643410852713,0.0,0.3890806401004079,0.4779771615008156,0.979113544415322,0.1052904987024282,1.1953474977963394,-153.32403755660184,0.0334323859213571,0.0,False,True,False,False,mitotic,2,off_axis,160.24950697939357,20.0
923,8.953237928549417,10.316140862761143,17.15559862040468,22.784541714,1.758668140521278,0.3775352620199732,0.0988224772693396,0.5669864373139266,0.7496671105193076,0.5564680403481366,0.101445937606028,1.2526882527364067,-146.95798122636523,0.035113174743336,0.1742942525001247,False,False,True,False,TZ,2,off_axis,151.0398134516991,20.0
506,5.52534007463591,11.91894496208014,20.818670530877803,19.486377846,1.6693503916502477,0.3818466353677621,0.0822162645218945,0.6007789678675755,0.9262352122477384,0.1678800539993085,0.0364286043916028,1.0965699498001948,-144.35120092088576,0.0378649116709805,0.1368494386774485,False,False,True,False,TZ,2,off_axis,149.24582163971326,20.0
521,5.856387600323864,12.007161431411289,16.251180141373414,31.858011018,1.9665727466046363,0.5375156468595832,0.1952594490711082,0.5027861805444993,0.9862726849697534,0.1727611522959353,0.0986404253640375,1.4987658148752214,-145.6066363209632,0.0382101849571811,0.3883548447167925,False,False,False,False,pachytene,2,off_axis,149.41422518952754,20.0
190,2.775121951219493,9.355931341463505,25.16326286585411,11.541227759999998,1.4019132296168446,0.657520325203252,0.019208381839348,0.5792284866468843,0.9987352445193928,0.0613615181716882,0.0596108896213651,1.006832947208578,-145.52708336627768,0.0387732077468425,0.0331620116796121,False,True,False,False,mitotic,2,off_axis,151.69424118985566,20.0
1082,8.739776331163176,6.23844877315948,25.60063948422734,56.214223992,2.376398138503081,0.6704640293773994,0.2254046101029916,0.4814486513866025,0.9878767181763852,0.2508062358202708,0.3701312958271447,1.002047956141458,-148.37913931288827,0.039585881349914,0.4681799594906167,False,False,False,False,pachytene,2,off_axis,154.80717352373148,20.0
229,3.3778707945032385,8.33900591533719,27.071356357605936,29.702241036,1.921174747908552,0.5430421734323172,0.2186360567184334,0.5426892499135845,0.9868389566882028,0.1849718675754138,0.1051884076759545,1.4897861801357342,-145.93957958166183,0.0399850358905883,0.4028752306282981,False,False,False,False,pachytene,2,off_axis,152.70106909642516,20.0
554,6.358603311735164,4.631023785097835,28.35631609071225,26.066285136,1.8393463327864024,0.4247660187185025,0.1446540880503144,0.5447434292866082,0.9351535836177476,0.3194859472901548,0.0839656798691239,1.5265422962901385,-149.1075405754863,0.0402182626527299,0.2655453563519844,False,False,False,False,pachytene,2,off_axis,156.4155709784236,20.0
1054,9.882795207170965,9.349728299643226,24.05804312631397,25.646390874,1.8294163207773428,0.5219061556754779,0.1870917573872472,0.4782858236081883,0.9537037037037036,0.0320777185715036,0.0152226839971755,1.0207439962138205,-145.85720510031376,0.0418534026665698,0.3911714463452565,False,False,False,False,pachytene,3,off_axis,151.71726772412853,20.0
1015,9.26706645855578,12.346724907582525,19.64939043785539,28.555155594,1.8961177649916563,0.3952189271338208,0.1462368085353125,0.5767454496060853,0.4929063640048642,0.8677040209226294,0.0370931355739177,1.114672233994821,-144.28522040419955,0.0426121154954976,0.2535552012333892,False,False,False,False,pachytene,3,off_axis,148.87092335682777,20.0
352,3.782412434791856,13.359317502395855,18.049838581922486,22.033892754,1.7391386520510013,0.6536782710529118,0.1973846533432025,0.4691054411312634,0.990167865707434,0.1985362700433756,0.1652056389109085,1.369959581721817,-143.7863626224211,0.0427560667799568,0.4207682027034324,False,False,False,False,pachytene,3,off_axis,147.94682742979285,20.0
774,7.7652183502421135,13.23731623842162,17.572905138949466,42.54302980799999,2.1656084411988488,0.6015659461843846,0.2050605060506051,0.5416551342374758,0.9905140366619664,0.3495020990541668,0.2266571891398717,1.130582339855183,-144.04289507443255,0.043523814769451,0.3785813021772285,False,False,False,False,pachytene,3,off_axis,148.09794566254666,20.0
1013,9.592169689761004,4.570444632768844,27.53136497175153,23.666554242,1.7810747244912275,0.4983645554564376,0.2072368421052631,0.4852795890140288,0.9522437216961712,0.4149209319932269,0.1611651583903385,1.2837594072707057,-149.40743597475534,0.0438076988750036,0.4270462776444368,False,False,False,False,pachytene,3,off_axis,156.4707497392011,20.0
231,3.259073098229828,12.744821848398944,22.05669758816329,34.722205956,2.023824736472466,0.7023375219564923,0.2354676383827867,0.5242850658193373,0.9993704356585243,0.1665778427773712,0.2543520882657516,1.1755489662994008,-143.19850512493718,0.0445735808281211,0.4491213916513239,False,False,False,False,pachytene,3,off_axis,148.37490210060483,20.0
486,5.226466193500298,7.664682685841994,29.226668556218613,25.118590824,1.816779499663577,0.4191258871871498,0.1380266075388027,0.6135048231511254,0.9252053610030264,0.4949491771009795,0.1630518477488468,1.7807059526185802,-145.9520279077476,0.044688555874047,0.2249804766486773,False,False,False,False,pachytene,3,off_axis,153.39266175748728,20.0
1055,9.895104235449612,12.433924941043385,22.61775162720441,24.867592578,1.8107078234806588,0.4169417979435902,0.1166214091753609,0.550719948228442,0.9332358674463938,0.2198438774941332,0.0901216816931242,1.0820606475035428,-143.33115360198943,0.0460343901119262,0.2117617303504423,False,False,False,False,pachytene,3,off_axis,148.66833854418857,20.0
230,3.078500094215129,12.030085217636875,26.328766676089156,24.898087692,1.811447677778015,0.6559261352930092,0.2393251405957092,0.4654983570646221,0.9946672354948806,0.0454778324122499,0.027590306747994,1.253634920959954,-142.62868573976553,0.0478032508600304,0.5141267137973706,False,False,False,False,pachytene,3,off_axis,149.0110877092387,20.0
986,9.284786760025233,8.490012903519078,27.083331526780395,25.796520666,1.8329790795115035,0.5455124124761299,0.2175954915466499,0.5280112044817927,0.9728715728715728,0.1229713147698388,0.0792172608024467,1.124968859246512,-145.79170244627483,0.0484703607919118,0.4121039282872892,False,False,False,False,pachytene,3,off_axis,152.5500745339842,20.0
834,7.6417720745493245,14.649174848762836,21.284116608616102,38.38865696999999,2.0926893771023933,0.5789795294836542,0.1838426913053779,0.5583454281567489,0.9802710843373494,0.5716697852391504,0.3741412767552387,1.1256669102686694,-141.60454027441267,0.0491243941723249,0.3292633592654155,False,False,False,False,pachytene,3,off_axis,146.4992725922602,20.0
802,8.247392497712905,7.5913791628537055,29.328826543914676,20.511482832,1.6981243239059771,0.3739707227813358,0.046009062391077,0.6269638290098648,0.9466580976863752,0.4567854937617822,0.1414530025304913,1.522221247936946,-145.992141185979,0.0508395414100605,0.0733839182776095,False,False,True,False,TZ,3,off_axis,153.46752647430318,20.0
400,4.086304281810025,11.295660400849927,29.275252793803723,30.898587816,1.9466296792447195,0.4854995444883085,0.1670353982300885,0.5500959126457134,0.967269595176572,0.2017503455014306,0.0947107901464305,1.7266246962860925,-142.46651868492694,0.0521147735889427,0.3036477719434844,False,False,False,False,pachytene,3,off_axis,149.76286074226914,20.0
353,3.758482192388796,16.111214112947625,16.596635548651626,21.142497114,1.715362415510681,0.5523133251969378,0.1649420529801324,0.5509293680297398,0.9898921832884096,0.27291661339667,0.1924772243776479,1.3809341089341167,-141.58178123824808,0.0528088323561054,0.2993887466373524,False,False,False,False,pachytene,3,off_axis,145.29599042055645,20.0
726,6.814323806662724,15.572325504187273,23.80097390242929,62.461030806,2.461350785297443,0.6975626244038007,0.0928241523037062,0.6432385446417485,0.9853136709778798,0.3940652837095729,0.6509275106297623,1.065097367982375,-139.98373327412975,0.0536574984726842,0.1443075093632714,False,False,True,False,TZ,3,off_axis,145.50110874841144,20.0
568,6.435851798038652,10.299446049763716,30.83293722302936,25.831707336,1.8338121004767087,0.3880312386487468,0.1122381767883019,0.6134441311767325,0.8972823583602026,0.4275580594030457,0.1107725767398175,1.835725107479316,-142.96199954533867,0.0553944459659171,0.1829639751757055,False,False,True,False,TZ,4,off_axis,150.7913315908294,20.0
588,6.765738373298685,17.231756616681267,15.194824531822384,33.945753438,2.0086253882759446,0.5523460714532513,0.2453401677539608,0.4780796542142637,0.9872540250447228,0.0864523985189954,0.0453102223803684,1.4249672061214491,-140.92171918917555,0.0556769153312307,0.5131784329060892,False,False,False,False,pachytene,4,off_axis,144.28544834720992,20.0
233,2.794564486699292,15.851311351195388,23.669348256985295,24.426586314,1.7999401144789338,0.6316143282435418,0.2451790633608815,0.4520333680917622,0.996422609110422,0.1835126664072303,0.1235424192197815,1.281929559197604,-139.75562891419403,0.0558635113427206,0.5423915150244185,False,False,False,False,pachytene,4,off_axis,145.22507375902373,20.0
234,3.005487318551664,17.558783171159124,20.03690795182761,29.411364564,1.9148827565973687,0.5787206891051204,0.1414174252275682,0.56134040136312,0.999378753365086,0.0810625741556593,0.0491911363148652,1.2378558934186517,-139.18876075317317,0.0579714792374996,0.2519281079433442,False,False,False,False,pachytene,4,off_axis,143.64622006453376,20.0
988,9.479008391519333,17.340202914610906,16.832994561526192,36.619940358,2.060043263109307,0.5158542053680097,0.1852091418714962,0.5440592749404605,0.9896864686468648,0.1259831155160823,0.0683849794944756,1.181466380381165,-140.33752260262224,0.0580841618912071,0.3404208886830663,False,False,False,False,pachytene,4,off_axis,144.05339066158004,20.0
1083,7.929348688667105,12.400455857931188,27.790461263912235,121.19462036999998,3.069951947882063,0.769399012871383,0.2617882148832021,0.5106597280510324,0.99075650693262,0.2912410628573607,0.616528011891653,1.0510861697080147,-141.84585148289904,0.058654718748836,0.5126470729977761,True,False,False,False,pachytene,4,off_axis,148.6420929130574,20.0
232,3.0658593198101918,14.583995610051709,28.68546657583952,23.244314202,1.7704189222007187,0.5951155515188213,0.2238343973689301,0.4828015952143569,0.988626907073509,0.2253171157280138,0.1409921744215623,1.3860678426815105,-139.49583152589025,0.0590286593004497,0.4636156955313102,False,False,False,False,pachytene,4,off_axis,146.46664498819842,20.0
1058,9.973835204343407,17.89887743781624,20.372176403258663,31.970608362,1.9688868742044787,0.4886638784943869,0.1254862592546116,0.6003730807863396,0.975531914893617,0.0708886393933067,0.0372548633775963,1.0271035970289433,-138.76528304684527,0.0608415108085138,0.2090138003693567,False,False,False,False,pachytene,4,off_axis,143.29080557459417,20.0
962,9.300335180245217,11.052074635747454,30.29907151651865,34.292928581999995,2.0154498147424613,0.4587181065736371,0.1344344782323342,0.592569189940604,0.9851712051765976,0.2320693661152013,0.1059447473432152,1.5171909210561434,-142.3990752098259,0.0617516859560111,0.2268671414485947,False,False,False,False,pachytene,4,off_axis,150.02598401405783,20.0
1056,9.69003489148917,15.978373123654103,25.96404262205889,94.795234758,2.8285637136487134,0.7641731211798768,0.1837259100642398,0.6049317943336832,0.99599066919376,0.2248782353635252,0.4869431774735475,0.9773204683564626,-138.96105894538942,0.0617939165241899,0.3037134298199836,False,False,False,False,pachytene,4,off_axis,145.06477672584973,20.0
236,3.250292397660881,19.47564484848565,16.603777575757174,22.06204209,1.7398789474057257,0.5778841041998937,0.1393886841534792,0.5856423173803527,0.9974373576309796,0.202436817881961,0.1461237820858067,1.409871429740868,-138.36325026342456,0.0631303095416609,0.2380099251997043,False,False,False,False,pachytene,4,off_axis,141.93974459104305,20.0
507,5.556339434276612,18.14370622961729,25.025711720465992,35.245314449999995,2.0339374526403105,0.5017637271214642,0.184353889736326,0.5512957520705316,0.9199187908865328,0.3683120002638064,0.1548600009701966,1.2056341695645585,-137.16621303424728,0.0637150372165743,0.334401070648446,False,False,False,False,pachytene,4,off_axis,142.90884892615117,20.0
461,4.901584313725423,13.501510423530052,32.175972470589144,29.9086695,1.9256151528889105,0.4144313725490196,0.1005902903264667,0.6312617197964104,0.983927323549965,0.2780987657674074,0.0969485718673889,1.7069833495103983,-139.50683828330517,0.0641771359949285,0.1593479965154679,False,False,True,False,TZ,4,off_axis,147.63208036574477,20.0
235,3.2689039932031214,17.513131350891594,27.16785321792719,22.087845648,1.7405569985060896,0.6009983007646559,0.2282251437962201,0.4804365184988022,0.9876861397479956,0.2396910761447686,0.1494667536017958,1.322578176555966,-137.1407007451126,0.0657313082353245,0.4750370444556228,False,False,False,False,pachytene,4,off_axis,143.52708265493328,20.0
237,3.138395579268164,19.57793869093076,23.153665015242733,24.621285888,1.8047097884443444,0.4958079268292683,0.1126760563380281,0.595427059712774,0.9952800503461297,0.2294817033239256,0.0960581420345658,1.2872042615698776,-136.34419278180388,0.0680666000823856,0.1892356998225467,False,False,True,False,TZ,4,off_axis,141.51219053151667,20.0
1060,8.896943582253087,20.57715423407053,17.222227065910996,64.23913053,2.4844886378703657,0.7023187876574768,0.1411715128529287,0.6262266928361139,0.993030714197607,0.3179350123603394,0.4485599049711243,1.0141728328195163,-137.12878575754462,0.0687819911259316,0.2254319633255778,False,False,False,False,pachytene,4,off_axis,140.79722241771833,20.0
378,3.998460410557104,16.44054938599645,31.1887623991942,25.597129536,1.828244261675128,0.6764112903225806,0.0722543352601156,0.6519399603511753,0.998987341772152,0.20068569862281,0.2664372262538129,1.2819163401829357,-136.98665793402154,0.0695369919639621,0.1108297384028966,False,False,True,False,TZ,5,off_axis,144.6624465792433,20.0
727,7.747714036109465,21.70513025626086,14.816285206756284,32.221606607999995,1.9740259640991684,0.4144583576004659,0.1249047981721248,0.5883376849434291,0.9183214687148744,0.3048452303772932,0.0865490254498803,1.3931312297493468,-136.7561565552069,0.0705212876966716,0.2123012028103128,False,False,False,False,pachytene,5,off_axis,139.85959330092783,20.0
1059,10.128677760393805,19.744846479876013,24.754818958896283,49.479495354,2.277432693069656,0.5880149812734082,0.2482698961937716,0.5093210586881473,0.9907038512616202,0.1825823812585293,0.1243539562637549,1.0298892476770367,-135.71496415363322,0.0705988436964559,0.4874526430013274,False,False,False,False,pachytene,5,off_axis,141.31174196511824,20.0
725,7.944222078760784,14.33833620077527,32.95341248386131,29.068880976,1.9074210367816589,0.4355229180116203,0.1028600743875849,0.5977126518942102,0.961566091954023,0.2140032272425431,0.0848870824031272,1.4183632094087466,-138.4787781498206,0.0709142617616955,0.1720895049847301,False,False,True,False,TZ,5,off_axis,146.825679728245,20.0
569,6.402157411106471,16.315043807430374,29.106580503394696,35.228894004,2.0336215397442983,0.5267012917831935,0.2443924736898054,0.5233539673607203,0.9914766182907164,0.1929887681408177,0.0951143919298727,1.1394474127955128,-137.71740437138942,0.0712457837934712,0.466973576071811,False,False,False,False,pachytene,5,off_axis,144.74147325227494,20.0
354,3.543731744362706,21.693037889940467,21.215601787592128,20.077513902,1.6860629117105277,0.5257623554153523,0.1773408998783948,0.5126878541512688,0.9806858494284588,0.2961692230486286,0.1514626947600136,1.4368673279356765,-134.89062025915848,0.0719665014894707,0.3459042347940436,False,False,False,False,pachytene,5,off_axis,139.46367271898475,20.0
987,9.576892099965288,15.27586058865342,30.493472888782765,39.610807308,2.114665572362524,0.5191282719412531,0.2020440251572327,0.5294334975369458,0.9761118663818216,0.1576289898772394,0.0878704118660547,1.1764674913279394,-138.30406201869792,0.0724687163645624,0.3816230482151035,False,False,False,False,pachytene,5,off_axis,145.8079354727216,20.0
1038,9.116696655704496,21.42674207979134,20.93278334057285,75.613808052,2.623236825397712,0.7279890798535708,0.1526046196965303,0.6240875912408759,0.9964891162604071,0.1889103260240017,0.3140437428240195,0.9810656712420656,-135.22816071988828,0.0727077205874712,0.2445243613850838,False,False,False,False,pachytene,5,off_axis,139.74157774414036,20.0
1057,10.048822895830169,18.014719318356537,28.956468787504583,30.490422444,1.9380201019206893,0.4797661178642868,0.1379398266190719,0.5771960958296362,0.9646436525612472,0.2681064291819907,0.1185020259297347,1.0746032104145118,-136.1365261781461,0.0735431516108943,0.2389826050725504,False,False,False,False,pachytene,5,off_axis,143.0397781010072,20.0
413,4.424864130434675,22.2280272871371,14.719685076993173,31.076866943999995,1.9503663992564249,0.4887530193236715,0.1873050155987521,0.567252325409715,0.9634250070881768,0.3289883503308331,0.1608872441376796,1.6279942846551836,-136.28459623284047,0.0735653689951601,0.3301969991281489,False,False,False,False,pachytene,5,off_axis,139.34708986073994,20.0
294,3.374222521612292,22.48187382957178,18.104460053889987,20.893844646,1.7086112070517363,0.5607948804311216,0.1651728553137004,0.531441717791411,0.9703196347031964,0.3235421006213719,0.1828989255231486,1.445751768881483,-135.0490676811146,0.0739910810926383,0.310801447805289,False,False,False,False,pachytene,5,off_axis,138.83828028465985,20.0
462,4.9092861356931214,18.900988814159867,30.01508623008748,19.88046855,1.6805289647952413,0.5808849557522124,0.1840110268780151,0.4926801801801801,0.9946577629382304,0.0601784904880126,0.0236393280974412,1.1577324991322318,-134.97872013289515,0.0747880901725515,0.3734898099832628,False,False,False,False,pachytene,5,off_axis,142.17270504446367,20.0
473,6.007054327618587,21.80899359636406,24.293226915925977,45.423645192,2.2134232008536965,0.6521379880190044,0.0989834135901551,0.6518705463182898,0.991626225140356,0.3876087770054154,0.4704581542543233,1.170081231429506,-133.87701255099182,0.0758762034505447,0.1518452001692747,False,False,True,False,TZ,5,off_axis,139.25578293559133,20.0
164,2.9044000358454127,20.588597679004124,28.183087866295857,26.176536702,1.8419359560018136,0.6771216058786629,0.0498417721518987,0.662225922842076,1.0,0.0701398141864162,0.0885094935781116,1.0940353683371191,-133.902721720954,0.0762590008090262,0.0752640004456376,False,False,True,False,TZ,5,off_axis,140.4570817185528,20.0
522,5.878727064220142,23.55360438646674,17.340404200113813,32.728294656,1.9843194489709264,0.5556909403669725,0.1514031485284052,0.5844491046943056,0.9832075471698112,0.2830753499493859,0.1786405592766122,1.2167509209958982,-134.24859918896263,0.078981668497657,0.2590527512358774,False,False,False,False,pachytene,5,off_axis,137.8197287564091,20.0
587,6.50713620850184,17.47874802202868,34.48812323921758,30.241769976,1.932737465895534,0.5345950977350296,0.1988249432501001,0.5263333333333333,0.9961841770541848,0.2030570101323139,0.111301890826082,1.422187157875893,-135.0263337316202,0.0799165974251522,0.377754800348512,False,False,False,False,pachytene,5,off_axis,143.7605980748778,20.0
924,8.42496768634254,24.973112106850603,15.378850802455858,43.556405904,2.1826686417962917,0.6457345971563981,0.1543900244247332,0.582547886895713,0.9928280882038109,0.311891611310612,0.3157358038268245,1.217934796009126,-133.46691075617875,0.0814538942952107,0.2650254646831668,False,False,False,False,pachytene,5,off_axis,136.55546897040358,20.0
1062,8.78249858402767,24.16175278339694,19.0255689821192,57.98294060399999,2.40106477164757,0.6913180678048385,0.1860465116279069,0.5547837483617301,0.9902268511913256,0.4460682556443022,0.5867024801228468,0.9434449134493372,-133.17289655743224,0.0817489192117885,0.3353496063597756,False,False,False,False,pachytene,5,off_axis,137.10571323685085,20.0
488,5.666484931091957,23.966840845069896,21.034999273057903,30.978344268,1.9483031417400216,0.5357413296986218,0.1828601892576302,0.5906051215136193,0.9881948916076412,0.1506399590736754,0.1232813435271063,1.4579687697173027,-132.76981315840283,0.0820314925680285,0.3096149738576446,False,False,False,False,pachytene,5,off_axis,137.19943219368258,20.0
1084,9.249695139655609,23.0246516926994,25.878857598282057,40.39664293799999,2.1285583279151203,0.6499622553858662,0.2022233986236103,0.5253815527538155,0.9907440798172856,0.37282741311974,0.3527157206976469,1.1263271349046295,-132.2497194886511,0.0821524718539601,0.384907687686493,False,False,False,False,pachytene,5,off_axis,138.0192752693846,20.0
238,3.082576281607907,23.60712762277973,25.37200726308587,30.520917558,1.938665992740036,0.5612942894473907,0.1654970760233918,0.5655220742817099,0.9987674609695972,0.172559993304595,0.1006012166741729,1.4945712270615383,-131.84153877071358,0.0829249823110143,0.2926447676398762,False,False,False,False,pachytene,6,off_axis,137.4415901078231,20.0
240,3.346019900497526,25.02733526119432,22.35356114738737,30.176088192,1.9313372209154955,0.4713152985074627,0.1244850669412976,0.6137332745184532,0.9860552426924108,0.3003762664996307,0.1460554120331519,1.7277813886995963,-131.36919710626594,0.0833648283374525,0.2028325204283099,False,False,False,False,pachytene,6,off_axis,136.08929911328593,20.0
401,4.375701888718792,20.22361803981697,33.48341892802483,22.97689551,1.7636033427235764,0.5909137314956611,0.1887021664304514,0.4681806838033441,0.9921875,0.086902470813837,0.0662871653391086,1.305361117861065,-132.69691276056554,0.0838811600159823,0.4030541475942532,False,False,False,False,pachytene,6,off_axis,140.96925869274094,20.0
589,6.569045163951307,25.487686945762537,13.476705485667877,22.749355044,1.7577623574291836,0.4996906578676016,0.171448087431694,0.5321516900247321,0.9540775930324624,0.139096513103559,0.0685486896873012,1.6338016803105977,-133.53292294568337,0.0840308728298623,0.3221789776214483,False,False,False,False,pachytene,6,off_axis,136.2172960447867,20.0
1016,9.803998234218524,18.283877095289174,33.66480605410891,37.197001746,2.0708077195199004,0.5687708898278363,0.2069125492925075,0.507165837964317,0.9914163090128756,0.1976600892424328,0.1327929106874418,1.2329903310214323,-134.49812243563562,0.0851901715067643,0.4079780888299212,False,False,False,False,pachytene,6,off_axis,142.91537018631846,20.0
242,3.203395298817086,25.82086470272028,14.736195813489353,30.537338003999995,1.9390136019162652,0.5550007681671532,0.1396108718253379,0.5705161401691697,0.9894191319369466,0.168622485911685,0.0878353585687782,1.6476917550025685,-132.84495763836145,0.0858234154465702,0.2447097671661671,False,False,False,False,pachytene,6,off_axis,135.76693130140075,20.0
1063,10.153039225995744,24.873169544642764,22.86073311336637,89.22401200799999,2.7720286385953425,0.8026080555263435,0.1700198982975901,0.6226691529035695,0.9989885489289456,0.1044007059476285,0.3086602251223106,1.0209720533356383,-131.36781379442434,0.085895807398181,0.2730501382712955,False,False,False,False,pachytene,6,off_axis,136.2273223840024,20.0
622,6.222242788832849,25.8151528767553,24.85227461052,45.623036322,2.2166571462208777,0.6151987248701734,0.1538722442057659,0.5873864243719936,0.9788558548889128,0.3924062581221726,0.3441351234496033,1.1667853062684783,-129.88309219854585,0.088960751005045,0.2619608452311083,False,False,False,False,pachytene,6,off_axis,135.2406550109515,20.0
643,6.810708914067853,26.090559189813337,19.16930632708381,23.394443994,1.774222324546077,0.4026872555900932,0.0804260574251312,0.6192714453584018,0.896568871208354,0.3080487925387972,0.0931551265256351,1.1575469889266097,-131.28677242188863,0.0895230074141051,0.1298720585745477,False,False,True,False,TZ,6,off_axis,135.1718344456176,20.0
191,2.9784088883607738,27.41868890143213,19.15238945992596,39.481789518,2.112367157285792,0.5696631216208188,0.1518735362997658,0.6105205025541902,0.9946364719904648,0.1724020651693223,0.1312531944368537,1.652391099697574,-130.02202671918795,0.0903433295153171,0.2487607470418824,False,False,False,False,pachytene,6,off_axis,133.8468922059923,20.0
1097,9.258486302183933,22.948114351980195,31.38639453276757,59.16755849399999,2.417306277317941,0.741822939380724,0.1897474181908672,0.5787776412776413,0.9948847448847448,0.3526243915355733,0.6026209999746904,1.0402881360340837,-130.7073770214926,0.0914896614232317,0.3278416522310766,False,False,False,False,pachytene,6,off_axis,138.1640965010379,20.0
990,8.015005096839714,27.7088144342505,16.923154507644053,57.53020545,2.3947992045599027,0.7071559633027522,0.1719128329297821,0.5668337510442774,0.9954926842798696,0.4179564574180445,0.5872900936442209,1.1578793369015918,-130.39855957647444,0.0916875559885821,0.303286162147309,False,False,False,False,pachytene,6,off_axis,133.7054298230493,20.0
239,3.2650178784267125,23.43441826579157,32.23612750298116,23.617292904,1.7798381120056517,0.5629717918156536,0.1146881287726357,0.5743181818181818,0.9976464435146444,0.1306654384616812,0.0927479808410523,1.397186543441944,-129.9932144555826,0.0919381568674344,0.1996944070437663,False,False,False,False,pachytene,6,off_axis,137.7082326371153,20.0
241,3.0079314352121007,25.40666241284225,29.45133074520502,32.296671503999995,1.9755577016403172,0.5886112725159791,0.1209064100574266,0.6024011299435028,0.9993104637131528,0.1819461683802796,0.1410216857688036,1.4138570068682048,-128.92458346056637,0.0923559155562042,0.2007074755466777,False,False,False,False,pachytene,6,off_axis,135.65695669730144,20.0
537,5.4420596393898055,21.95758091192775,35.35089996532503,13.530447503999998,1.4782271814768335,0.6652219140083218,0.1967554076539102,0.5147591921284309,0.9966875230033124,0.0890227671191362,0.114742240349102,1.269767072918338,-130.49143962063334,0.092804474144366,0.3822280605429583,False,False,False,False,pachytene,6,off_axis,139.33771698149602,20.0
835,7.568319697222492,28.357125647018915,14.307992987144136,42.146593326,2.1588607098787382,0.6397283909389436,0.0483681270214643,0.6647613162366754,0.9862229758372192,0.5496727129123079,0.574685243717509,1.3776201363300933,-130.54586558828163,0.0932483698579522,0.0727601408807665,False,False,True,False,TZ,6,off_axis,133.28093587404499,20.0
243,3.0953289637435284,27.075494192317827,24.631120152659022,28.273662234,1.889866610200777,0.5471666804944827,0.1637812164853684,0.5890436057163796,0.987776210625294,0.3553338882710433,0.2313114640143527,1.618922800277267,-128.74306155365613,0.0932921385901486,0.2780459967580532,False,False,False,False,pachytene,6,off_axis,133.9840579593411,20.0
463,5.0413885898817465,27.967921259418627,21.748948223896548,26.150733144,1.8413305267011624,0.4895048439181916,0.1337899543378995,0.5832015463011773,0.9812018489984592,0.1265392828764926,0.0502810841787308,1.5568811317365048,-128.73531143514077,0.0945016884831384,0.2294060349915596,False,False,False,False,pachytene,6,off_axis,133.17251186641568,20.0
1064,9.938299274884503,26.99459599538581,26.21365090639484,14.234180904,1.5034233482333974,0.6478246539222149,0.0610720562390157,0.5161441272812354,0.9985406785844584,0.2000644366056181,0.1917612326366216,0.9800832711355588,-128.35620110890946,0.0952125019761762,0.118323648397803,False,False,True,False,TZ,6,off_axis,134.0472650366365,20.0
489,5.4246117732033055,28.739540492956827,12.69249404117032,25.981837128,1.83735784871429,0.5113759479956663,0.1568780183829257,0.5417590539541759,0.968653010552452,0.2516338011010709,0.1290204571856462,1.710043986977834,-130.65414299418597,0.0954510051869596,0.2895715673562052,False,False,False,False,pachytene,6,off_axis,133.06326882946814,20.0
752,6.712881242995887,25.192458857558805,28.29278375685163,77.45055222599999,2.64430757913101,0.7741769391525578,0.1040615236721942,0.6523605150214592,0.9979148566463945,0.2549514350658062,0.5768353162246507,1.104865112222725,-129.46919853172938,0.0954559592854111,0.1595153619448767,False,False,True,False,TZ,6,off_axis,135.85447717940812,20.0
753,7.803773959678241,27.328234203992743,22.945133469062515,23.619638682,1.7798970372866745,0.3228721819445823,0.086181477013805,0.6207098855969493,0.6692913385826772,0.3753084166993352,0.0577937624003768,1.1620593035159472,-128.99598565714797,0.0963013496877182,0.1388434098015413,False,False,True,False,TZ,6,off_axis,133.77083342876003,20.0
1085,8.796766061027308,28.709015361208905,20.39652824480637,80.95045300199999,2.6835532948161505,0.7513981859804688,0.1969484227276982,0.6161557291059564,0.9955449554495543,0.2313404738082868,0.4439392462993666,1.0535941936444162,-128.42351883743848,0.0970905918580165,0.3196406580743327,False,False,False,False,pachytene,7,off_axis,132.49167966031968,20.0
434,4.245359317904982,24.283722496954333,34.54405922046242,19.25883738,1.6628273236710074,0.4981729598051156,0.1531346351490236,0.5155339805825243,0.9303769401330376,0.4572560909269352,0.1734058891232559,1.520294533329526,-128.50428917651664,0.0974427502772255,0.2970408177090288,False,False,False,False,pachytene,7,off_axis,136.96863040669987,20.0
1061,9.988435481329615,25.09162720970569,31.455817756421528,14.888652966,1.5261208741775902,0.6050102410587679,0.1056011416339636,0.5568408456322298,0.9961494031574896,0.147576382215773,0.1208756964778478,1.0678666423948862,-128.63778934014084,0.0988075295319855,0.1896433109429418,False,False,True,False,TZ,7,off_axis,136.0240188608185,20.0
1065,9.947709181907008,29.893397723824236,16.971852352047865,88.11445901399999,2.7604900745715457,0.796182413545244,0.1570138735961241,0.6210815047021944,0.997725408307853,0.2968481021311248,0.7417945249385874,1.0531306345425449,-128.2957873986846,0.0988686970237436,0.2528071958468826,False,False,False,False,pachytene,7,off_axis,131.52337028152405,20.0
989,9.494298938812134,22.60953840595976,34.50655871528515,41.557803048,2.148760393681203,0.4742041092797471,0.1441565600882028,0.6176060118089104,0.9888636832336564,0.1207655783293792,0.0616188618108221,1.2456386667723744,-130.11582912664298,0.0990944127301015,0.2334118472486719,False,False,False,False,pachytene,7,off_axis,138.6381930431853,20.0
193,3.0509196754814334,30.50730581532105,15.77778815259774,37.877277366,2.0833554910590486,0.6287855329163312,0.1984487830970848,0.5447113780447114,0.9968082153760754,0.0846357164211729,0.0847646497501768,1.6027261166056306,-128.05913601306267,0.1013387475582565,0.3643191442217232,False,False,False,False,pachytene,7,off_axis,131.00737817376282,20.0
694,7.228951083796669,24.94495908977673,32.97533078648031,28.245512898,1.889239216475463,0.5267834897433767,0.1292787286063569,0.6154791154791155,0.997067448680352,0.153490171691886,0.1013952959615675,1.022029463960436,-128.33229057160582,0.1017760507380563,0.210045678813522,False,False,False,False,pachytene,7,off_axis,136.22968542608118,20.0
321,3.574821341164945,29.87969964757589,24.907748957415723,23.96212227,1.7884585951633392,0.484287812041116,0.128391793514229,0.6207289293849658,0.9595858383433534,0.4338630799601126,0.1999752375703381,1.5390873387718462,-125.98106471320312,0.102525078719796,0.2068403572577855,False,False,False,False,pachytene,7,off_axis,131.17573534307508,20.0
322,3.661185824240989,30.64682981476741,20.97871669627048,27.734133294,1.8777682708627133,0.5465617863486425,0.1195598620463129,0.5799291177019212,0.994218260660082,0.071751668623199,0.0372491831557483,1.5890089810147234,-126.40017305135123,0.1025253013356121,0.2061628885269488,False,False,False,False,pachytene,7,off_axis,130.52845543501311,20.0
524,5.729980816662229,29.447642573306524,26.932524212113584,34.238975688,2.014392294227574,0.4718416004384763,0.1680336714871573,0.6082500972888831,0.9857884051432438,0.2386974367325106,0.1263307484785925,1.2005924335153495,-125.80019379754752,0.1025754584942368,0.2762575332681799,False,False,False,False,pachytene,7,off_axis,131.5923580226851,20.0
1017,9.1107060765961,29.82353892971475,24.31819017449656,72.45873664199999,2.5862314148724384,0.7508498170869888,0.1904060593309489,0.576533264033264,0.9851087064429664,0.2424614364393979,0.4330849067568709,1.129041363724045,-126.20768894637416,0.102901737270041,0.3302603183707421,False,False,False,False,pachytene,7,off_axis,131.24225337206676,20.0
192,2.755532689567823,29.074323951241595,29.0238256688292,29.636559252,1.9197575786039915,0.5470159886021846,0.1476020256181114,0.5745238511270313,0.9981171548117156,0.2588891169355526,0.1915639237983316,1.4200201881632155,-125.54365424200857,0.1043112224076908,0.2569119198942979,False,False,False,False,pachytene,7,off_axis,131.98244480782535,20.0
1066,7.993994903423278,31.796551224286542,14.382113609337264,63.516630906,2.4751391230628044,0.7440632270931049,0.1431750741839762,0.5981240981240982,0.9965164753583462,0.4308201614794304,0.7780138682551995,1.157230317735022,-127.23599197135466,0.1044457133019969,0.2393735257165151,False,False,False,False,pachytene,7,off_axis,129.85017384118373,20.0
295,3.361616702355461,27.434618228051598,33.055019111349814,26.291479824,1.844628045433348,0.5310492505353319,0.1085481682496607,0.5764840182648402,0.9959225280326198,0.1886405508903123,0.1153199851977795,1.346158803111534,-125.9287718678523,0.1051312493293611,0.1882934562112926,False,False,True,False,TZ,7,off_axis,133.7461644232264,20.0
696,7.519095040123769,31.53484907667093,12.22572240162413,24.262381854,1.795897757260215,0.4257952238228754,0.0990594660194175,0.589324802155245,0.9431765253842572,0.1396021419893769,0.0423001847088369,1.5798698984006725,-128.11871160354912,0.1055214992503649,0.168089762482663,False,False,True,False,TZ,7,off_axis,130.3361266488013,20.0
523,5.4622900035743065,26.743880459907658,35.4288617300118,19.688114754,1.6750913947177308,0.4148695341355891,0.1280184659090909,0.5558949297495418,0.9335329341317364,0.0849450280934375,0.0344956258572114,1.3674959703757597,-125.89281166614174,0.1067579168234143,0.2302925590034965,False,False,False,False,pachytene,7,off_axis,134.56540584959873,20.0
402,4.018472933231728,32.29769996732494,12.595428014377594,21.536587818,1.725954843525609,0.5380677486112624,0.1784192173576133,0.5133223296392361,0.9831117499101688,0.2323097032896123,0.1213880385806048,1.635496691219696,-127.28097213572642,0.1078134791101056,0.3475773545308397,False,False,False,False,pachytene,7,off_axis,129.53676381736037,20.0
803,8.019318684560135,31.16370431352342,24.413416900161707,31.813441236,1.965655231438911,0.4386521162070491,0.1240363594523069,0.6157887823459871,0.984751871361242,0.3539956248553153,0.1390571815180276,1.2634105443913588,-124.89854217621577,0.1084930915140044,0.2014267927709925,False,False,False,False,pachytene,7,off_axis,129.9004816776192,20.0
1086,10.096730669434027,28.780662777076785,29.949048684111737,31.642199441999995,1.9621220489297968,0.5403662243309364,0.1492864983534577,0.5785483870967741,0.9960741548527808,0.0366211767079265,0.0279041360637221,1.1503296564004148,-125.55300430784601,0.1085967172614336,0.2580363227743067,False,False,False,False,pachytene,7,off_axis,132.29401883145601,20.0
435,4.994635294117761,30.13953834352855,30.27141461646973,24.92389125,1.8120732366277148,0.5122823529411764,0.1271686036718882,0.6001543805480509,0.9959607616849394,0.1410812467427472,0.092666594263064,1.2685686794894189,-124.1593441607677,0.1091466108791179,0.2118931524847989,False,False,False,False,pachytene,7,off_axis,130.94335737947472,20.0
1100,10.178850574713149,27.86990758620665,34.26690620689602,38.77571034,2.0996990467259207,0.5826376285541439,0.2374267713054051,0.5328308450500072,0.9937127729980144,0.1825832471945924,0.1274554931136523,1.1110798356719132,-125.15714999467394,0.1101490320672656,0.445595020466809,False,False,False,False,pachytene,7,off_axis,133.37260042569156,20.0
623,7.282491411120792,32.81259178648734,21.852835736098385,36.870938604,2.0647391598255576,0.5388726301056115,0.0431683168316832,0.6888796909492274,0.9858591629767176,0.5120996265317287,0.4341839781947839,1.270278011657593,-124.07327538694473,0.111982180065506,0.0626645224105827,False,True,False,False,mitotic,8,off_axis,128.32748875760086,20.0
508,5.408841407257435,32.031974184933524,24.14839647264642,25.470457524,1.8252234743927516,0.4899613188432492,0.1325187969924812,0.5767425063199711,0.9698435277382644,0.6707943625847502,0.3354929202733082,1.3074752484728822,-124.14620362446274,0.1119827324954745,0.2297711639775708,False,False,False,False,pachytene,8,off_axis,129.03779489286734,20.0
695,7.787671232877014,27.359816362252914,36.85909819888391,27.741170627999995,1.877927080764592,0.4920514121427363,0.1323125812509028,0.5714999167637757,0.9707655213984328,0.1991490679553979,0.1071985595270743,1.662330795538389,-124.88444161921247,0.1124425521849907,0.2315181111488998,False,False,False,False,pachytene,8,off_axis,134.04915952899083,20.0
414,4.2534712700984,29.184561971829904,34.83515463043685,18.820176894,1.6501054446009056,0.5398230088495575,0.199479618386817,0.5089382448537378,0.9817821782178218,0.0903028251371985,0.048611410487637,1.4514629835328787,-123.73364168246948,0.1133013444960183,0.3919525019074659,False,False,False,False,pachytene,8,off_axis,132.09279393829297,20.0
644,6.7475347559006105,32.17541178467639,28.532174224054245,58.043930832,2.401906342005817,0.6956029744584546,0.138412262640128,0.6336962294211365,0.9956058588548602,0.3302929443861245,0.5163305035520848,1.1877132510342474,-122.72319216739899,0.1133058470893229,0.2184205242416603,False,False,False,False,pachytene,8,off_axis,128.87467245985002,20.0
491,4.596723044397508,32.92898134249367,23.85490671247396,4.438211976,1.0194669333354922,0.4191331923890063,0.1013900245298446,0.367606915377616,0.9369158878504672,0.813949145469672,0.3549914195932639,1.4967091610790413,-123.3747427270144,0.1134557862667192,0.2758109825700478,False,False,False,False,pachytene,8,off_axis,128.14768003489243,20.0
297,3.795903614457848,34.03765919277102,19.94791400602554,38.9399148,2.1026587553007383,0.6724096385542169,0.1631271160357033,0.5719014343508643,0.9973017362740496,0.1708499434190072,0.2011241938897847,1.4617043131568284,-123.46086258370626,0.1139815394778128,0.2852364170424934,False,False,False,False,pachytene,8,off_axis,127.19357119612184,20.0
244,3.0325546345139616,33.61841291132896,24.686288118563198,28.015626654,1.8840998311075925,0.5268358033994809,0.136064821892677,0.6117501327198726,0.9964260185847034,0.2671012519374025,0.1688909413357515,1.7159751336276627,-122.47177071546146,0.1147491725795828,0.2224189495271963,False,False,False,False,pachytene,8,off_axis,127.44116416984369,20.0
245,3.087841085819215,34.63904989396227,14.838263692917057,33.183375588,1.993474346074353,0.5287713841368584,0.1434078643022359,0.5939093909390939,0.993394715772618,0.2509404545079776,0.1665934910045486,1.5922144050822182,-124.38472779812928,0.1150263111419972,0.2414642140537269,False,False,False,False,pachytene,8,off_axis,126.9770394201366,20.0
1039,10.032035977105483,33.7916455682748,22.50427067048172,28.68886494,1.8990726777064413,0.3861815208503679,0.0749229821318545,0.6547222592247236,0.9708302169035152,0.4847619720149982,0.1720534941522775,1.359305644946797,-122.94620435869726,0.1153066058191638,0.1144347562286535,False,False,True,False,TZ,8,off_axis,127.32494795244773,20.0
836,8.65142649022705,34.36950528104856,11.802320213669876,19.322173386,1.664648160496614,0.589777831734855,0.2225034514496088,0.4451021012133767,0.9816901408450704,0.0838167395585342,0.0481592215905498,1.4377972638622665,-125.53294195597284,0.1154759127577264,0.4998930601384496,False,False,False,False,pachytene,8,off_axis,127.5694260960122,20.0
195,2.796206121052093,32.50299345849327,28.377268583161744,23.990271606,1.789158647527683,0.5406277500733353,0.1553398058252427,0.5530012771392082,0.9900121065375302,0.2222508158045253,0.1075882291653011,1.556777546172852,-122.45545828310735,0.1155824610483817,0.2809031592636606,False,False,False,False,pachytene,8,off_axis,128.54526705551945,20.0
963,9.29271743053089,34.53818710934599,19.183889144713863,32.500754189999995,1.979710150862128,0.5997112955611692,0.2018995538926464,0.576992426974396,0.9964460991707564,0.2246444145874994,0.2115800935112451,1.3268927289018904,-123.20646155612413,0.1156209894038603,0.3499171643401929,False,False,False,False,pachytene,8,off_axis,126.738139783521,20.0
525,6.393816004354888,35.70320263473012,13.95447563418709,43.09194186,2.174882599497225,0.6806750136091453,0.1802683063163779,0.5738152062734402,0.9954490291262136,0.2854577142465564,0.3092704005813061,1.3542533114340969,-123.62662455978263,0.1181523188949838,0.3141574227129747,False,False,False,False,pachytene,8,off_axis,126.00562525484015,20.0
991,8.494754012789087,36.094006495498206,15.29172539475408,71.902787256,2.579600023166849,0.7247814171995302,0.1633442427848854,0.6024182076813656,0.9959144691462832,0.2421927357542399,0.3806782648759217,1.249918439253556,-122.86075901333773,0.1187267873293735,0.2711475860159964,False,False,False,False,pachytene,8,off_axis,125.48592774937758,20.0
194,2.8043747115828364,31.61327476695991,33.27987532994969,25.41650463,1.8239338011449664,0.5581910475311491,0.1166266838900166,0.5878420722790892,0.9962302085951243,0.0768504606958793,0.0315137965285533,1.672193005307922,-121.86796968654723,0.1187679756844697,0.1983979871291789,False,False,False,False,pachytene,8,off_axis,129.5828893749532,20.0
474,4.969925826028269,35.50769710047071,11.569879602157382,20.872732644,1.7080355293777538,0.5413576084513374,0.2010571652310101,0.4783141386914972,0.928076923076923,0.1718515360989976,0.0956311406370223,1.538198504725227,-124.51299823162259,0.1191242830260911,0.4203454361207748,False,False,False,False,pachytene,8,off_axis,126.46732885408561,20.0
490,5.69050903693341,30.41078751418804,37.431224142146974,26.866195434,1.857972094001551,0.4471317558718239,0.1500671140939597,0.5516424510423247,0.9834254143646408,0.2179526295821718,0.0936092640140836,2.0961152015283484,-121.79985632881028,0.120273786385738,0.2720369213979254,False,False,False,False,pachytene,8,off_axis,131.05142878896766,20.0
666,6.7189125657925794,35.40927412233583,17.66274545454515,45.904529682,2.2212067144183174,0.6632939853850478,0.1629827235772357,0.598118075580513,0.9662265595101416,0.4079950027378589,0.4319324441032215,1.274333009899617,-122.81988551687273,0.1207382487778246,0.2724925566227877,False,False,False,False,pachytene,8,off_axis,125.97133025521379,20.0
1067,9.970300894550723,33.13623599349488,28.70863019788456,43.26787520999999,2.1778384098747376,0.5361886690159935,0.1536406806489909,0.6079485680888369,0.9896521989077322,0.2249015046518707,0.1649986019448294,1.3158115959751342,-121.75287330967984,0.1208834662440794,0.2527198659781037,False,False,False,False,pachytene,8,off_axis,127.91626966502946,20.0
1040,9.338737110661928,34.9366106303809,25.589089922399268,44.133467292,2.192265485242202,0.5996066758796641,0.1112553091080698,0.6551174830744724,0.992755263753679,0.3156436738951607,0.284799191701363,1.3878947374843051,-120.94674116428351,0.1219509942246387,0.1698249733558439,False,False,True,False,TZ,8,off_axis,126.11041246519028,20.0
556,5.854565510479332,34.52585815050754,29.47591104914703,38.278405404,2.0906840667745072,0.6164358377252115,0.1502850936736356,0.5702188848058796,0.996186117467582,0.3592869487119566,0.3232278978759919,1.377185241366527,-120.19931318941069,0.1219809719787286,0.263556851023616,False,False,False,False,pachytene,8,off_axis,126.53995720405729,20.0
538,5.741775439076556,35.6149208979694,22.18817065536756,34.325769474,2.01609297991585,0.4983940408665345,0.148491879350348,0.6002724795640327,0.512990818519242,0.7874618252193164,0.0602851155898764,1.4960635298655909,-121.29585222469063,0.1223688065066532,0.2473741249277245,False,False,False,False,pachytene,8,off_axis,125.51430466961666,20.0
754,7.175527690700043,33.6159691849531,31.404448103448452,44.89819092,2.2048552227074136,0.7168756530825496,0.2136119576258888,0.5526849972319616,0.9971942130644454,0.3456598038348052,0.5377126020393397,1.26293830012811,-120.50348460541726,0.1228989127676984,0.3864985637311157,False,False,False,False,pachytene,8,off_axis,127.50291723700498,20.0
1087,8.084277661629619,31.43807101119444,34.308928120781964,88.639913286,2.765966427139264,0.7789716039907905,0.1415356151711378,0.6543342911877394,0.9966392973076188,0.3242013963499144,0.7604788785938296,1.1177116618851903,-121.73361689559233,0.1235147037697463,0.2163047498461745,False,False,False,False,pachytene,8,off_axis,129.81238868610916,20.0
246,3.262682579266098,35.413434458495246,27.22733184004305,26.338395384,1.8457246026084024,0.5041859636622729,0.1516306004266991,0.560265852344171,0.9656430525995744,0.2229242571758062,0.072697794242169,1.6877877808334,-120.0103501664916,0.1248261230337922,0.2706404464813832,False,False,False,False,pachytene,9,off_axis,125.62694146803818,20.0
298,3.6918338399189783,36.93959748733584,16.990327841944303,34.72924329,2.0239614536745623,0.5172576832151301,0.1755681162763871,0.5752063802994263,0.973287376130978,0.2267354594285203,0.1130389365949327,1.929253413750412,-121.55411678207817,0.1253874920807507,0.3052263018796738,False,False,False,False,pachytene,9,off_axis,124.49702122127952,20.0
775,8.790752704911595,31.203230435121174,37.686250354169545,30.136209966,1.9304860806171775,0.4020393866272281,0.0969789585047607,0.5869565217391305,0.966338880484115,0.2981071256915527,0.0934426583988663,1.720802067677612,-120.967465169706,0.1255486258350951,0.1652234107858887,False,False,True,False,TZ,9,off_axis,130.2823813020475,20.0
196,2.859884393063612,34.83564743187353,31.448862287366318,28.40737158,1.8928410572555876,0.6327002477291495,0.2047201859467191,0.5078687050359713,0.9936555327486472,0.1057920580710377,0.0696296355183148,1.6960707981053802,-119.32442970454078,0.1262382808896761,0.4030966742324067,False,False,False,False,pachytene,9,off_axis,126.28558587882426,20.0
379,3.794741285731511,32.39947786756823,37.19298399469338,19.448845398,1.668277931757936,0.4817271740441442,0.1397397397397397,0.5603909704444962,0.9785353535353536,0.3645433544987861,0.1951789801817043,1.8783886682500328,-119.96852699882288,0.1262646471104986,0.2493611551751086,False,False,False,False,pachytene,9,off_axis,129.05006057596367,20.0
888,7.984555922376948,37.906517368549466,11.897337966019084,29.132216982,1.908805344124357,0.7222803768419357,0.2112965927281043,0.4726007538416932,0.9932684044686336,0.2921168454692369,0.3815214234147784,1.2019336750182064,-122.12364476127208,0.1271065019285384,0.4470932198277495,False,False,False,False,pachytene,9,off_axis,124.04650305243167,20.0
403,4.50520869747596,38.04454140390237,19.647958183599204,33.551662734,2.000822116982392,0.671257778088513,0.2090832632464255,0.5276478094427903,0.9995689035781004,0.0995518790087872,0.1391037681235111,1.7007502678091746,-119.7182206171877,0.1271614483713088,0.3962553421139431,False,False,False,False,pachytene,9,off_axis,123.21024887339463,20.0
299,3.8597337230069777,37.32801544081919,22.39332411105632,28.895293404,1.903616672288413,0.6663419386264005,0.1874258600237247,0.5306569343065694,0.9980973521484066,0.2331878120282347,0.2460531642999604,1.5437521868893245,-119.59793616473382,0.1272255591384607,0.353195912286799,False,False,False,False,pachytene,9,off_axis,123.79477338795257,20.0
697,6.442506690454794,36.34326762711885,26.15852211864525,52.59234276,2.3242239351381517,0.6559768064228367,0.1423329256088068,0.6102683780630105,0.9944600628410782,0.3243158870526501,0.3904054414178383,1.3097681413111917,-119.43493002222456,0.1280350000321516,0.2332300520970315,False,False,False,False,pachytene,9,off_axis,124.69905738632404,20.0
296,3.229840142095927,34.377583794796415,35.0325210009394,22.451441238,1.7500557020471226,0.4861560965416361,0.1090579710144927,0.5843838958926393,0.95673438675696,0.3170290189335977,0.1161007505881128,1.7629219515449954,-118.71115769178112,0.1294296737946687,0.1866204249997479,False,False,True,False,TZ,9,off_axis,126.92194717987469,20.0
198,3.317649857278637,38.80089011061003,12.51027295432913,39.446602848,2.1117394480020475,0.6066841103710752,0.2102686567164179,0.4850317508315694,0.9957375551834372,0.1654912424441886,0.1279458950715963,2.01421560140947,-121.08882291995988,0.1304480077635617,0.4335152417463803,False,False,False,False,pachytene,9,off_axis,123.08549963371435,20.0
248,3.1264601041951283,38.216358788046605,26.33051050178319,25.665157098,1.8298624246925537,0.6112786765377936,0.1430586338907918,0.5781801081589466,0.9991478483170004,0.0680738890231464,0.0726921206766725,1.598430973545219,-117.59378351596679,0.1305254283119548,0.2474291866358429,False,False,False,False,pachytene,9,off_axis,122.82505582506838,20.0
1041,8.957747866905365,39.178347241889846,17.607921753676123,90.450853902,2.784676099158009,0.7794807956637879,0.2437744574884383,0.5596848171233683,0.9988514548238896,0.1798444443168575,0.3817962660786691,1.225557871401819,-119.23268784733163,0.1312757084849428,0.4355566740962787,False,False,False,False,pachytene,9,off_axis,122.21692687268762,20.0
539,6.188177258899908,38.726372202582745,9.87465741182277,28.531697814,1.895598408706948,0.4981501274356655,0.1640646398247055,0.5362057667103539,0.9876738305941846,0.1130016659007853,0.0453205212302132,2.057452852745447,-121.93316194701897,0.1315165306506353,0.3059732849037588,False,False,False,False,pachytene,9,off_axis,123.49561631456174,20.0
776,7.285295169946607,38.01418415352187,23.71609020653702,72.12094461,2.582206275981429,0.734525939177102,0.1134043015424722,0.6317079147267827,0.9815993290908194,0.3934867405766984,0.7384032771519603,1.2368378407545886,-118.55394674739115,0.1320423017227585,0.1795201530623853,False,False,True,False,TZ,9,off_axis,123.06752781565166,20.0
645,6.395701179554164,34.19387978374791,34.16622283093026,35.79657228,2.044486643792024,0.5907601572739187,0.0988455988455988,0.6563650920736589,0.9966433158201984,0.3444990543350102,0.3101609896196494,1.145622491723414,-119.14089016343844,0.1323548995000258,0.1505954537181665,False,False,True,False,TZ,9,off_axis,127.05292581924813,20.0
555,6.229218989280361,34.06946621745777,38.22878327718356,22.97689551,1.7636033427235764,0.3271056661562022,0.0850916157690172,0.6082536792595964,0.89240972733972,0.3492385710128547,0.0686923148817116,1.747083126649433,-118.0681695542423,0.1324941085267616,0.1398949462543259,False,False,True,False,TZ,9,off_axis,127.4731541471929,20.0
1042,8.472119109374532,40.14579620372539,13.77463858591431,69.63911148599999,2.552240155687252,0.7408966887863375,0.1820501914079115,0.5765730629225169,0.9973695512132272,0.3641186554493661,0.6072489478199485,1.2385820231755955,-119.43220316178994,0.1327024026483846,0.3157452248725267,False,False,False,False,pachytene,9,off_axis,121.60678039584023,20.0
1069,9.728818214672623,35.0990006216108,33.73434234188658,32.45383863,1.9787571069546528,0.4820383086375135,0.1467015956180043,0.6020094892548145,0.986052303860523,0.2276980189101844,0.1226249162451409,1.2952046350190962,-118.40226632324202,0.1350485217479532,0.243686516967691,False,False,False,False,pachytene,9,off_axis,126.12521788278447,20.0
436,4.2446272359315005,35.36463748531035,37.49810082256217,17.966313701999997,1.6247633835795736,0.4102363232798015,0.0898650010074552,0.5824662386539738,0.949374627754616,0.1828997724221467,0.0544210706275386,1.7257629808316155,-117.04429972810368,0.1360023165245131,0.1542836220261023,False,False,True,False,TZ,9,off_axis,126.1197564230559,20.0
1088,7.923026377545882,37.65182727400897,31.89624344550876,99.95829213599998,2.879011542083178,0.8047029005913827,0.1738310334557729,0.6218457101658256,0.9979004489809102,0.3014289031700879,0.8028615106731972,1.1296315924157168,-116.50089881383953,0.1362520784312351,0.2795404561196022,True,False,False,False,pachytene,9,off_axis,123.48847787339497,20.0
1068,9.863515312915938,34.52830406125105,37.596050976477066,31.710227004,1.963527164468759,0.5451250184938601,0.2134817088769506,0.5607415839973979,0.9902026274771766,0.2346304077890729,0.1698068598381121,1.3377997035517482,-117.81511299147184,0.1368381815163312,0.3807131751404783,False,False,False,False,pachytene,9,off_axis,126.96136134175154,20.0
324,3.5623111699195595,40.21937661263621,21.65943873635449,21.273860682,1.7189077400556625,0.579666997463888,0.1798623063683304,0.5236096537250787,0.9897466827503016,0.139015338899784,0.1111773729243057,1.5219046017053022,-117.04902920571028,0.1369091550171883,0.3435045650681742,False,False,False,False,pachytene,9,off_axis,120.93509226241888,20.0
1070,10.113559717149794,39.5783103193723,25.804938658793503,30.187817081999995,1.9315874135784643,0.4349988344082679,0.1175970873786408,0.656856003300784,0.9467511885895404,0.2013727067395335,0.0818480697197259,1.4639500890158508,-116.44590633761227,0.137168034435539,0.1790302391813436,False,False,True,False,TZ,9,off_axis,121.46680790186163,20.0
247,3.038998052752728,37.14763810408982,34.09861638343042,26.502599844,1.8495523294627616,0.562488936094884,0.1787672370825718,0.5717175804167509,0.9980916030534353,0.1205284076194117,0.0759967241672558,1.5203639040079997,-116.33689272633326,0.1376123229461872,0.3126845197803087,False,False,False,False,pachytene,9,off_axis,124.10016063377046,20.0
197,3.013315620848669,38.35597213409518,30.381336289754813,30.018921066,1.9279783667961297,0.6168633273423458,0.1414813517772719,0.5977972669794004,0.999131341209173,0.1100281752311715,0.0958181193209843,1.5000702124146257,-116.272092121104,0.1376606601439536,0.236671125132707,False,False,False,False,pachytene,9,off_axis,122.7328462242805,20.0
249,3.2524704007284724,40.7294982752725,16.46527411202091,41.210627904,2.142760050401759,0.6165755919854281,0.2379228419504468,0.5026722090261283,0.9950893466102853,0.1040207694541624,0.0770436312558322,1.7941996135620295,-118.08493910012206,0.1378277603222267,0.4733160848724779,False,False,False,False,pachytene,9,off_axis,120.76389410187316,20.0
380,4.462478368820872,41.64871205326771,19.234523271387545,31.177735398,1.9524742691746917,0.5417951997592356,0.1993163292137786,0.5568144499178982,0.9938217122683142,0.1383824442731649,0.0969117809361075,1.7631513107512315,-116.39386227913792,0.1388807846031162,0.3579582556508144,False,False,False,False,pachytene,10,off_axis,119.63839764108171,20.0
838,8.82688931706264,41.21926750160449,9.94107904089049,32.871387113999994,1.9872071474502653,0.5288660529508313,0.1926134279075455,0.5564980308997274,0.9899255365746824,0.1730800667577134,0.1115114986076041,1.7380911187161403,-119.5304409241063,0.1398282209014869,0.3461169981071354,False,False,False,False,pachytene,10,off_axis,121.017732970783,20.0
837,7.291810512653872,39.93798520441256,28.15870279039576,54.22265846999999,2.347996250903736,0.6849232100367726,0.1341100939246224,0.6421804201565289,0.9952923869069512,0.3235333138859223,0.4719818710806924,1.1830294713536242,-115.41162865311641,0.1416033742192115,0.2088355386044527,False,False,False,False,pachytene,10,off_axis,121.1083497210395,20.0
300,3.438573883161593,41.27515829896789,24.628155025773072,27.30485592,1.8680296274495796,0.6328178694158075,0.1489446435682995,0.5802526906878802,0.9971238540355924,0.1659731052395173,0.1875871964643916,1.5443003446887078,-115.16888259879543,0.1418779397095743,0.2566892768592387,False,False,False,False,pachytene,10,off_axis,119.78676830543166,20.0
925,8.261162658587207,42.53640510130663,12.035134345767752,61.94026809,2.4544912627380024,0.7198636621851922,0.2157548770144189,0.5471136947411113,0.9968006142820578,0.3626967602891764,0.5317412893144645,1.414028892442003,-117.65699722341148,0.1420952235455256,0.3943510811158036,False,False,False,False,pachytene,10,off_axis,119.4347572085202,20.0
250,2.8845429490123142,41.41298474965428,28.11263040881924,20.427034824,1.695790664084527,0.7266881028938907,0.257873401933271,0.4953781512605042,0.998766954377312,0.1317207244271324,0.2358789581927335,1.431225724494586,-114.01502575262509,0.1423732008567307,0.5205586909255174,False,False,False,False,pachytene,10,off_axis,119.63296011132753,20.0
1043,10.08413429888133,42.3866781315443,16.642674696270706,39.195604602,2.1072509236936523,0.5218145909390148,0.2289877448615266,0.5205256570713391,0.9792881560426302,0.183689821901249,0.1102602643690553,1.3678003766604945,-116.44861883489084,0.1426933592914708,0.4399163456224087,False,False,False,False,pachytene,10,off_axis,119.09758270350419,20.0
323,3.2020695267992827,37.76512036972573,37.58264349494325,20.176036578,1.6888163145678912,0.4336705034298337,0.064528519300941,0.623485937179224,0.994873985476292,0.3842647774252956,0.188667705694761,1.8303157565629635,-114.72461067501825,0.1431263521253587,0.1034963508445452,False,False,True,False,TZ,10,off_axis,123.73515229779638,20.0
326,3.5623185168640035,41.852724893901375,10.039944605762956,21.004096212,1.7116112403615322,0.5792941702032611,0.1314272538621166,0.5627820546854261,0.997995991983968,0.2080654356105922,0.1862992114039027,2.1282028479431045,-118.89584807350404,0.1431554854651836,0.2335313515559402,False,False,False,False,pachytene,10,off_axis,120.37667056921514,20.0
698,7.856084154662549,36.726909069370905,39.64341411106941,24.752649456,1.8079136928417785,0.5017058377558756,0.2001825372680256,0.5302396348421453,0.9737609329446064,0.1704336287611937,0.0778626044295314,1.810344662417931,-115.11267201270321,0.1435477395299829,0.3775322026381917,False,False,False,False,pachytene,10,off_axis,124.96251375259949,20.0
1071,9.97542876665494,40.63841503928865,21.81884246668928,34.330461029999995,2.0161848271622773,0.5792962077212163,0.1759903640256959,0.5855124248822479,0.9979042961928049,0.0383564151623534,0.0382467232491793,1.4001613140880649,-116.60166593047326,0.1456409875549544,0.3005749434968681,False,False,False,False,pachytene,10,off_axis,120.50959907505728,20.0
475,5.957774587221778,38.130167595119865,38.32076937545002,32.67668754,1.983275918925312,0.4321608040201005,0.1626971525351963,0.5979772439949431,0.9666961391099322,0.1882474587236561,0.0898387201974115,1.5283654003212384,-114.1591084031031,0.1456436006928113,0.2720791705186898,False,False,False,False,pachytene,10,off_axis,123.4374515459061,20.0
511,6.021355236139368,43.070238406570965,8.977780903490833,28.55984715,1.8962216021137928,0.4859958932238193,0.192203433587195,0.5023969319271333,0.9651275427833388,0.19289440144031,0.1055469809438532,2.078112499235324,-118.04345261834854,0.1458541586580077,0.3825728649455046,False,False,False,False,pachytene,10,off_axis,119.32639220439718,20.0
199,3.057557189542426,43.77984365808937,12.72216424632374,22.969858176,1.763423272950758,0.569546568627451,0.1216920191706605,0.5729537366548043,0.9978034047226798,0.0735790322305794,0.0630829879331368,1.9017414030879904,-116.2667301991625,0.1465674702320541,0.2123941452605938,False,False,False,False,pachytene,10,off_axis,118.11656448363918,20.0
570,6.420794161837801,43.25406694140325,20.12552916935064,54.64489851,2.3540752327281758,0.7285683623095085,0.1432249322493225,0.6109441720702198,0.998160136286201,0.180525243329685,0.2924453751529809,1.2856243810290786,-114.59776710583033,0.1475519546014455,0.2344321114709983,False,False,False,False,pachytene,10,off_axis,117.98173952079524,20.0
325,3.269987352855308,40.1334049907578,35.16100314232798,24.112252062,1.7921858959930823,0.4877906411129487,0.1272998508204873,0.5967711301044635,0.9748327492832112,0.2567937213717329,0.1294652631699175,1.4564017816810384,-113.17083642136188,0.1478764328606478,0.213314358551835,False,False,False,False,pachytene,10,off_axis,121.18712328263578,20.0
200,3.431028844267105,44.17007247694484,16.428194100332856,35.864599842,2.0457809337460957,0.5733533913270978,0.2178657074340527,0.5643108998926875,0.995986738789042,0.1356128393606315,0.1036174812170961,1.91167399763445,-114.806585609462,0.1489570904109463,0.3860738955697707,False,False,False,False,pachytene,10,off_axis,117.339924792376,20.0
251,2.311312821197322,43.82975739504779,21.78563320429812,70.29358354799999,2.5602106014669177,0.7134085296669559,0.143170707373042,0.5705635770843037,0.9897838899803536,0.3153072212128488,0.4774720521401787,1.6007366604061597,-113.56044566728134,0.1492583809568597,0.2509285785550377,False,False,False,False,pachytene,10,off_axis,117.32264356851391,20.0
1018,9.954371775205374,38.56044833356693,37.36214077534618,33.643148076,2.002639014287033,0.5276112118254079,0.189884012914026,0.5254612546125461,0.9919809276116168,0.1055985591211813,0.0647593195483546,1.2301882455870818,-114.02894718288279,0.1498879957384818,0.3613663448012714,False,False,False,False,pachytene,10,off_axis,122.92387433034557,20.0
1072,10.130217432889062,43.51868696040353,25.606040980680444,36.788836374,2.063205470715312,0.5911496524899573,0.1692148224928737,0.6085464753587024,0.9980882352941176,0.1668210817063693,0.1424285339239095,1.4797186080449998,-112.73720133958062,0.1499125414739714,0.2780639266592277,False,False,False,False,pachytene,10,off_axis,117.52865823642877,20.0
699,7.580241601853376,42.166344241270245,29.93958249213889,28.351072907999995,1.8915897985486856,0.454410061227867,0.1143049026192075,0.6178343949044586,0.9807344972907888,0.2756534064510877,0.1142026726576591,1.5259113740799362,-112.75890943650153,0.1508646952466821,0.185008966095006,False,False,True,False,TZ,10,off_axis,118.91200070586574,20.0
476,4.813899184581117,42.26400809859095,29.685901056337133,37.973454264,2.085117332893985,0.6218186310847542,0.0774562989752862,0.6679189807252531,0.9792758456407812,0.466562942753782,0.4877161204200717,1.3959576953897803,-112.73995341014708,0.1508716473285277,0.1159666085416245,False,False,True,False,TZ,10,off_axis,118.80819189271855,20.0
1101,10.18127071300116,41.60305378278446,29.64752749739499,24.773761458,1.8084275480166323,0.4273269576744626,0.0515916575192096,0.6590608465608465,0.9844520288206297,0.3837135385786852,0.1664039128463137,1.4878914937139505,-113.38308966818414,0.1511997542079676,0.0782805681575966,False,False,True,False,TZ,10,off_axis,119.46808581350537,20.0
755,6.566175260046106,44.77010806705109,16.635858209233565,62.693262828,2.4643974716751758,0.745304198159096,0.0925209972003733,0.6712208021154694,0.9976677032430032,0.2297210996954292,0.4929857318181861,1.2510353416085684,-114.17203077599638,0.1513155809418533,0.1378398835506546,False,False,True,False,TZ,10,off_axis,116.72382508499369,20.0
464,6.130195322323907,42.77340230111407,24.876602602900583,55.96557152399999,2.3728891176757787,0.698382094056501,0.1335340156532209,0.6403557531962201,0.9955375819272068,0.1595968993345423,0.239851099434173,1.341407944220763,-113.6636668607017,0.1518609109612233,0.2085309845140144,False,False,False,False,pachytene,10,off_axis,118.2842491804915,20.0
327,3.517757442372359,42.01567057801374,32.794414201321224,20.251101474,1.6909081348623167,0.5999073323294335,0.1941203919738684,0.4875506658946149,0.9828622970535176,0.2459377232357188,0.1872727605208578,1.381254568443904,-112.06555407326803,0.1519141350886746,0.3981542956518655,False,False,False,False,pachytene,11,off_axis,119.16920632681158,20.0
777,8.728666666666568,44.97052638095336,8.82171402380959,29.5568028,1.9180339123747925,0.5626190476190476,0.1712781954887218,0.5574305933587371,0.9975647553686074,0.237724799263515,0.1874185175114191,1.7557558500607182,-116.27253332522191,0.152477467309773,0.3072637159304511,False,False,False,False,pachytene,11,off_axis,117.47199947850778,20.0
415,4.376580125335542,40.71640788719717,38.25098795881976,26.20234026,1.8425409875645584,0.5051029543419875,0.1809156912135131,0.5238784370477568,0.9895992658305292,0.0978367430339329,0.0517465949309893,1.648871373317634,-111.70710057506665,0.1534650130213274,0.3453390680346342,False,False,False,False,pachytene,11,off_axis,120.85593947775618,20.0
1020,7.772141043453199,46.241708091793264,11.65757429693838,97.926848388,2.859374607479265,0.8080534662003546,0.2154117301478507,0.5432422313740172,0.9942321797692872,0.3328363242452589,0.8427583891576593,1.1767756710452095,-114.2254320669807,0.1542293134570975,0.3965297940902201,True,False,False,False,pachytene,11,off_axis,115.80841706621896,20.0
510,5.812989339783077,42.097130690674,34.51981733404948,26.185919814,1.842156013464079,0.4473707784645704,0.1184624178336667,0.6010698654563138,0.9890583554376656,0.1392229164520157,0.0732572774482985,1.2187450888992082,-111.48156871807572,0.1542649088265507,0.1970859373289887,False,False,True,False,TZ,11,off_axis,119.18541598302338,20.0
992,9.17881645766382,39.84778908695204,39.67487274328951,22.634411922,1.754796941038203,0.4192144263654265,0.1391705069124423,0.5529978586723768,0.941944194419442,0.3703919584531756,0.1297345243462561,1.615389981816702,-112.11984570344383,0.1544973426328934,0.2516655439617061,False,False,False,False,pachytene,11,off_axis,121.86155572899193,20.0
203,3.4313789763838223,45.37724817850024,10.088246256425276,31.487378094,1.958916675651452,0.5041346941816285,0.1024811218985976,0.6170372596153846,0.992491787893008,0.2138565904104554,0.1355616918751437,1.9140834089596248,-115.51219344987894,0.1545493085841378,0.1660857919057866,False,False,True,False,TZ,11,off_axis,116.88105104338422,20.0
201,2.9848846253563304,45.2190757389174,25.2590094827589,36.190662984,2.0519619813865493,0.6871273010111485,0.0892452830188679,0.6138388232856847,0.9998828765518856,0.1273406724103435,0.1759787746850095,1.808534472826592,-111.21340327854496,0.1548624820726862,0.1453887887722157,False,False,True,False,TZ,11,off_axis,115.83283380022175,20.0
994,9.42142893107054,46.11560246714656,15.726811137404706,46.589496858,2.2322001706849512,0.6508232213886511,0.2772277227722772,0.5267483777937996,0.9939949431099874,0.1775401894247446,0.1874381172463353,1.3932955625264456,-113.15237071452546,0.1552798794981198,0.526300097844441,False,False,False,False,pachytene,11,off_axis,115.46819746234482,20.0
202,3.2062185241953176,45.31033757390072,30.214451083861675,32.139504378,1.972347899784155,0.6610466389314649,0.0408921933085502,0.6897071490094746,1.0,0.0864155770038426,0.111171968410988,1.4999213000116425,-109.67258764076453,0.1567141374409062,0.0592892119028745,False,True,False,False,mitotic,11,off_axis,115.77654414087014,20.0
1019,9.686448646236958,44.10219722384323,20.919054963797503,68.358316698,2.5364963994330267,0.7010397721423425,0.1612592663906806,0.5910238751147842,0.9990094971741535,0.1825535213966625,0.2628137149369628,1.2940595142478992,-113.55418132516657,0.1572386569341803,0.2728472963285318,False,False,False,False,pachytene,11,off_axis,117.09167801104765,20.0
590,6.561115764784756,44.67145481655352,27.341195920589925,28.003897764,1.8838368649598176,0.5950745518512314,0.1387849634776412,0.5608191973520894,0.9883972468043264,0.1218061538086225,0.0901111527073755,1.4157089014857658,-111.12617249410599,0.1572982600362352,0.247468282350025,False,False,False,False,pachytene,11,off_axis,116.3693074402153,20.0
204,2.917325227963423,46.8793852488596,16.17442189399663,24.696350784,1.8065419823812776,0.5984042553191489,0.1208151382823872,0.5451750236518449,0.999768892997458,0.0854656632687058,0.0695187729185546,1.670840875447304,-112.29088861191366,0.1577447480099252,0.2216079846672161,False,False,False,False,pachytene,11,off_axis,114.66522318990407,20.0
603,6.62323593545593,41.54325655473062,40.103598630614734,26.89434477,1.8586207707039888,0.4618403837767117,0.1459025470653377,0.5636952998379254,0.9740467798782442,0.3350098692134127,0.158032539117291,1.9289019953297717,-110.37320135340607,0.1582663927387067,0.2588322930975084,False,False,False,False,pachytene,11,off_axis,120.22179073228645,20.0
328,3.5237122969838177,43.1357978654292,37.0267900232022,30.33090954,1.9346345592171812,0.5005413766434648,0.1972653822249844,0.5252400123877361,0.9687412782584428,0.2874343433182199,0.1124345075461192,1.8692096823683184,-109.75322597201806,0.159324230870304,0.3755718863233932,False,False,False,False,pachytene,11,off_axis,118.33658811019873,20.0
205,2.716650334075679,47.71681598218102,12.955439358574932,26.33135805,1.845560202090689,0.5778173719376392,0.0888290713324361,0.5650981219666597,0.9997751798561152,0.1690053335344213,0.1204297370580444,1.5396743341057917,-112.43451152305839,0.1593544716105195,0.1571922961330899,False,False,True,False,TZ,11,off_axis,114.1803529064633,20.0
805,7.590053074124702,46.77019038702331,19.78522618522391,39.336351282,2.109770205097695,0.6822708569383982,0.0861063464837049,0.6739864864864865,0.99876708106442,0.2962383632188688,0.4203958789791608,1.4316080594654086,-111.33613132812674,0.1595716246428193,0.1277567847577778,False,False,True,False,TZ,11,off_axis,114.49233330827855,20.0
540,6.225047993418096,47.13072642837455,7.625313995794601,25.660465542,1.829750919105934,0.5314928238413017,0.1234821275867966,0.5615609756097562,0.9855233853006682,0.2232473742042658,0.1436582027817405,1.7863620761277654,-114.5582934998521,0.1596944157450619,0.2198908630584895,False,False,False,False,pachytene,11,off_axis,115.53184631787154,20.0
571,6.369845201238687,43.77014911764783,32.23020573529541,30.30745176,1.9341356848889224,0.5422600619195046,0.1013523780580458,0.6254649983090971,0.9953216374269006,0.1098684556034887,0.0784105117819359,1.2526943403312614,-110.55374957183327,0.1607070998232999,0.1620432451568757,False,False,True,False,TZ,11,off_axis,117.3900175096685,20.0
804,7.651846153845697,45.80288580000028,24.952975353846305,45.742671,2.2185929928579697,0.6794871794871795,0.1213271474764515,0.62224,0.996118217909131,0.2552185583806178,0.3758954347764797,1.3528497172202576,-110.74504216174068,0.1610022248401844,0.1949844874589412,False,False,True,False,TZ,11,off_axis,115.25390091056506,20.0
252,3.133987016499796,47.38866871111588,21.097606038680357,34.68936506399999,2.023186478493785,0.5887205842575061,0.1343580984913179,0.5955277869122,0.999839820599071,0.0756970558773878,0.0476513517867753,1.5639230622771252,-110.3599013042161,0.1612649910101257,0.2256118042584748,False,False,False,False,pachytene,11,off_axis,113.80037510999908,20.0
1098,9.889477361654135,41.74178024035671,35.836176397427856,33.572774736,2.001241693840137,0.5612073784237004,0.1317572238351998,0.6003184713375797,0.988833746898263,0.2518123288821595,0.1780999253251229,1.2565405744947142,-111.43516343668223,0.16128727037891,0.2194788768395371,False,False,False,False,pachytene,11,off_axis,119.63094682969867,20.0
993,9.267148997134992,43.34426664756472,33.30031053008653,32.74706088,1.9846986424540671,0.5824498567335243,0.0555735580038885,0.6985760850917825,0.99855792340971,0.0669644872781635,0.0626016741367392,1.569029948072437,-110.64700694034671,0.163593327620648,0.0795526202369023,False,False,True,False,TZ,11,off_axis,117.86854547260637,20.0
301,3.2573911516853804,45.18360229108213,34.575535533707345,26.723102976,1.8546676291071305,0.5664501404494382,0.161744738628649,0.5663089694270095,0.9950657894736842,0.1727968708272417,0.1238041946457186,1.7348772317556531,-108.51452126429666,0.1636837453626874,0.2856121787940284,False,False,False,False,pachytene,11,off_axis,116.10905268063642,20.0
700,6.986050940252264,43.70736391335517,36.880528231373326,29.563840134,1.918186125208728,0.558200428469412,0.077534791252485,0.6059626436781609,0.9802332476774066,0.4664606698029524,0.3015806347272726,1.1613660993425472,-109.24970462784684,0.164242962906232,0.1279530876389558,False,False,True,False,TZ,11,off_axis,117.75465856469974,20.0
1089,9.941561266414205,45.73376471441268,30.189866091999548,29.118142314,1.90849789379382,0.6108112462740676,0.0714972131462617,0.6435520596149865,0.9961048158640228,0.1116210225086962,0.113147496647526,1.33245008939591,-109.27499768924672,0.1646795304477938,0.1110977924443842,False,False,True,False,TZ,11,off_axis,115.3525895677892,20.0
165,3.136512531423841,48.44095564104331,9.124046057743604,30.793027806,1.9444103685732148,0.563038013255123,0.1889140271493212,0.5782775453277545,0.9949433656957928,0.1692637236237452,0.1188780746348452,1.7670629448377917,-112.86607909074928,0.1649678456161527,0.3266840095654226,False,False,False,False,pachytene,11,off_axis,113.99666998322893,20.0
509,5.086485897854806,44.14974570401955,39.81127105521095,21.541279374,1.7260801624473434,0.4045518893607753,0.1166397415185783,0.5808339429407462,0.9052396878483836,0.3516516081461029,0.0917221992429184,2.015538403396675,-107.96711432612176,0.1658608275952775,0.2008142653096934,False,False,False,False,pachytene,12,off_axis,117.59896436107715,20.0
964,9.563112737745165,43.431535939281055,38.97431548569123,39.097081926,2.105483836136421,0.5405891882162357,0.2959080459770115,0.4689826302729528,0.9710264900662252,0.1566279038446069,0.0836498861846006,1.4286120279378478,-108.89923369361105,0.1663577959009594,0.6309573678769081,False,False,False,False,pachytene,12,off_axis,118.22460547851279,20.0
995,9.080592968340367,49.30681907468946,16.971824278466993,53.643251304,2.3396029540884427,0.6656025887703341,0.2118932288982788,0.5470119000915392,0.99548974555357,0.2780342146983074,0.3037757976303824,1.3553658700259583,-109.73633264469188,0.1663994931252954,0.3873649345888449,False,False,False,False,pachytene,12,off_axis,112.17517514973925,20.0
778,8.813864245925133,49.140419310913735,7.576419537858758,34.109957898,2.011858928277888,0.5399216009903033,0.2007168458781362,0.5150971599402092,0.9719937763947544,0.2825564308192402,0.1758445775188998,1.728973498791396,-112.65134516730647,0.1665375511026147,0.3896679335242981,False,False,False,False,pachytene,12,off_axis,113.55919277402715,20.0
1102,10.269856663292218,48.57704254276082,26.567714882507538,44.023215726,2.1904384345189665,0.7005381787179623,0.1008,0.6715302491103203,0.999547838668837,0.0311047391558324,0.0438877504880623,1.2997415794779226,-107.61926732373952,0.1665508029076285,0.1501049284578696,False,False,True,False,TZ,12,off_axis,112.46350921446829,20.0
253,2.372595955427256,48.68238172005525,24.151082224832884,73.88966122199999,2.603144973397629,0.7991364805231912,0.0321248279027076,0.6122965070333491,0.9981966131515284,0.2313159742660043,0.5969497472066682,1.346308611522998,-108.22742708270175,0.1666975706057498,0.0524661296180772,False,True,False,False,mitotic,12,off_axis,112.39173141822938,20.0
206,2.842224499703472,50.02591333405292,16.668637073196223,43.488378342,2.1815317329132355,0.5998705431792437,0.1717284502009826,0.5792666486923699,0.998086246491452,0.0933701872955245,0.0693689363398545,1.6264723726959134,-109.13780313485033,0.1679838426610767,0.2964583764465648,False,False,False,False,pachytene,12,off_axis,111.48640222077066,20.0
996,9.72541429311263,50.22228821854069,11.551728922837432,36.237578544,2.0528482815923814,0.6535473847747282,0.3106646058732611,0.4276905829596412,0.9952823010196316,0.1659221626089381,0.1851557751114653,1.4685704136179991,-110.45099723850761,0.1685560601083786,0.726377007703667,False,False,False,False,pachytene,12,off_axis,111.87827760731632,20.0
646,6.548956805216697,48.23095485330043,24.96673793398565,57.56539211999999,2.3952873413864184,0.7247351263243684,0.1898536819381147,0.5894892672094745,0.9936836446714152,0.146537154498821,0.211367026359748,1.2932109377145125,-108.41974216215492,0.1696166636356864,0.3220646965072739,False,False,False,False,pachytene,12,off_axis,112.82595401594719,20.0
303,3.339943035399346,49.30888130340454,30.849129411365755,34.590842388,2.021269284256386,0.6165739861657399,0.1495186522262335,0.571453837990803,0.9977695167286246,0.1305161456805924,0.1420994940251146,1.6803283800718174,-105.6637632872884,0.1697990431226449,0.2616460723265627,False,False,False,False,pachytene,12,off_axis,111.80018310863342,20.0
404,4.496646391582986,46.400781596251726,37.388247164229455,28.538735148,1.8957542454725884,0.6617622883445669,0.1199743370402053,0.5640340218712029,0.9991751897063677,0.1141735016190269,0.1229439046943376,1.5705931407959124,-106.52583708956084,0.1703908325590158,0.2127076246964433,False,False,False,False,pachytene,12,off_axis,115.11617868446508,20.0
1044,9.86914296407172,48.98979074663113,21.370676468937283,25.071675264,1.8156476905619887,0.5402320359281437,0.0417316692667706,0.6786731786731787,0.9925317401045556,0.0686333334564012,0.0396681113545456,1.4256064992581836,-108.74911037123705,0.1710533828467854,0.0614900817921771,False,True,False,False,mitotic,12,off_axis,112.18754113258814,20.0
304,3.386486704922014,50.46377365230903,20.938697316738537,29.024311194,1.9064456887713832,0.5540289339691263,0.1525111350023038,0.5956868430590794,0.993653480008462,0.2888234306267983,0.2190725008976762,1.7771238412298391,-107.46667653146523,0.1712448215867281,0.2560256899734446,False,False,False,False,pachytene,12,off_axis,110.73787886303663,20.0
701,7.699207225288602,45.481218063221895,40.437231149021166,23.37567777,1.7737477907868129,0.4892122428499749,0.2381380032929202,0.5023575638506876,0.9788649706457926,0.1253189329208665,0.0621809733464008,1.931929725365272,-106.51059939917923,0.1714970188944433,0.4740408434731967,False,False,False,False,pachytene,12,off_axis,116.3466700024023,20.0
667,7.404817059139043,50.70304119045956,15.255521623072925,30.581907785999995,1.939956484833948,0.5403083531487305,0.2501251251251251,0.5159352578007675,0.9797016385424308,0.2120147339606022,0.1202309952119441,1.4091333231314584,-108.90496669498916,0.1715382072934939,0.4847994420682001,False,False,False,False,pachytene,12,off_axis,110.95181177044394,20.0
477,4.959708315193836,50.77381704397143,10.840089769264216,21.553008264,1.72639338016534,0.412494558119286,0.0841533763148965,0.6148573545757688,0.93519882179676,0.276481652985257,0.096589611273051,1.6578145025416848,-110.1324725535277,0.1716598261949182,0.136866503569693,False,False,True,False,TZ,12,off_axis,111.43246661866947,20.0
647,6.575110095135335,50.391585517867945,19.75299598951295,69.779858166,2.553958431465108,0.7104245806299795,0.2158397815202548,0.5302995124216392,0.9744962579159472,0.3484062229715882,0.4435576400187826,1.223131830796717,-107.88348828131474,0.1717206190564318,0.4070148594604805,False,False,False,False,pachytene,12,off_axis,110.8802848747063,20.0
1,2.111787535195258,51.034411490755325,10.651260908606178,30.825868698,1.945101363558658,0.4836009436115973,0.081856311730483,0.6323312702623047,0.9958086785009862,0.2748759692331625,0.153261245685118,1.848807794399341,-109.93872987907416,0.1725475730711565,0.1294516269874289,False,False,True,False,TZ,12,off_axis,111.20207450802842,20.0
465,5.288670577425987,51.12182514665478,7.043105152307506,33.19041292199999,1.99361525752927,0.574669587956746,0.2152823053853175,0.5094715852442672,0.9982017982017982,0.0942564487722829,0.0725640759951186,1.7962896912302588,-110.9135333676024,0.1730693925252004,0.4225599849343904,False,False,False,False,pachytene,12,off_axis,111.70092260978329,20.0
513,6.162411379141177,49.84378686404827,28.54306452044349,52.60876320599999,2.3244658006541314,0.7927052213849378,0.0832183001380398,0.6500322650032265,0.9998118060347532,0.1813937593892743,0.4522746772189885,1.2417795614484288,-105.82881985883125,0.1744993103554367,0.1280217992527291,False,False,True,False,TZ,12,off_axis,111.20805795540863,20.0
302,4.460007781668601,48.31690336834827,35.33715047523727,42.202891998,2.159821538137943,0.7081874270468568,0.1999390429747028,0.564,0.9990360516676308,0.4236611993686768,0.5672536007156914,1.506318543517014,-105.29564521071865,0.174800463503956,0.3545018492459271,False,False,False,False,pachytene,12,off_axis,113.03691846627576,20.0
702,7.288756319514833,51.4484132457032,9.868517199191151,23.19974442,1.7692866356550916,0.5724974721941355,0.0600266785237884,0.6381267738883633,0.997848948374761,0.2221991343833423,0.1918769594971241,1.9476395371936648,-109.7725396532804,0.1757825607314737,0.0940670114153363,False,False,True,False,TZ,12,off_axis,110.91018417183717,20.0
166,2.673493162248844,52.89784867465739,13.611479706230442,27.788086188,1.8789851276844547,0.4714671619111936,0.0874508089199824,0.6344034499281265,0.9973958333333334,0.2062458171107373,0.1134908513899433,1.886121745844047,-107.28894750685062,0.1762244312272691,0.1378473098308183,False,False,True,False,TZ,12,off_axis,108.95798091779682,20.0
478,5.140640809443598,51.40118249181724,22.91953942069142,23.647788018,1.780603836541857,0.4869556591607975,0.1288529560384032,0.6038283062645011,0.9856379425517702,0.2995287892005531,0.1686483601682175,1.6335683792529183,-105.98946663350542,0.1769060679097874,0.2133933681173939,False,False,False,False,pachytene,12,off_axis,109.71177689491317,20.0
1073,9.277563540753892,47.00801026042253,36.21908208964463,37.471457772,2.0758883577155074,0.6799173657192938,0.0828699551569507,0.6549970663015842,0.99841968619483,0.2504773589686356,0.3183752988701517,1.3719338223631776,-106.28826771359496,0.177396964619889,0.1265195821790053,False,False,True,False,TZ,12,off_axis,114.41052229439846,20.0
1106,9.713578431372529,52.44477933823517,13.449453161764106,9.57077424,1.3171022375984829,0.7544117647058823,0.0730804810360776,0.5159680638722555,0.993421052631579,0.1870996314269948,0.2973831319216049,1.5065044232704934,-107.76961408283212,0.1779962844791706,0.141637605412282,False,False,True,False,TZ,12,off_axis,109.42749920700234,20.0
512,5.701287886123617,47.82490036796588,40.32045599883767,24.224849406,1.7949712306676175,0.576546915851651,0.061587982832618,0.6825977589755317,0.9993278064082456,0.1511003368359909,0.1307463919358602,1.980697063596912,-104.30426447119056,0.1780091185325695,0.0902258790375338,False,False,True,False,TZ,12,off_axis,114.00539901981921,20.0
1045,10.011193572546471,52.72282470892583,16.04647335058173,34.452441486,2.0185699241608663,0.6765166473752298,0.0868729579088987,0.6710166280782993,0.9972208796520058,0.2106208073386581,0.2925937184910313,1.8975053595550333,-106.74202145325168,0.1782201506922589,0.1294646872726404,False,False,True,False,TZ,12,off_axis,108.86158204266967,20.0
492,5.209432811547177,52.67716183167287,16.78902090872057,23.077763964,1.766180311990987,0.5485871112014638,0.1910746812386157,0.5469488853861743,0.9609397112935184,0.4465113476447986,0.2626891523672113,1.3951460823925987,-106.5678659509271,0.1794713959167459,0.3493465044794946,False,False,False,False,pachytene,12,off_axis,108.83538686127318,20.0
1090,10.081170275015351,50.11395240491542,31.66338393212478,40.08934602,2.123147275679558,0.6220011702750146,0.2300357568533969,0.5568111455108359,0.9994604073924188,0.1258092593379698,0.1235369102557009,1.3751070828865255,-104.65526228918276,0.179614354462416,0.4131306614603682,False,False,False,False,pachytene,13,off_axis,111.02741880362034,20.0
443,5.2976766543824105,51.86497585322841,30.969036604710865,29.280000996,1.9120276100661373,0.6221759333440153,0.0700059159929008,0.6664546225614928,0.9996773673173092,0.2153879991016774,0.2136603184873217,1.501648974048331,-103.18493422781302,0.1802064507219648,0.105042284385148,False,False,True,False,TZ,13,off_axis,109.25008281403932,20.0
965,9.663081789426323,53.35359982489776,8.07127405106226,41.529653712,2.1482751270897964,0.6611500225937641,0.1550704225352113,0.5700950158359727,0.9979397962687422,0.1503339272065778,0.1451257196539905,1.6850817453706837,-108.47833967718573,0.1805123738498621,0.2720080306399803,False,False,False,False,pachytene,13,off_axis,109.32353476068369,20.0
254,3.3737299512471277,53.21031595421362,19.034645163570463,33.199796033999995,1.9938031084886656,0.5537341906309616,0.1312242090784043,0.5956301456618113,0.941884521346624,0.3183046532531265,0.1849613810441885,1.8461413170411336,-105.3994604607536,0.1809130675497975,0.2203115642049979,False,False,False,False,pachytene,13,off_axis,108.11761920385834,20.0
355,3.949003528177645,49.72399266711202,38.25332179841863,24.600173886,1.804193813064528,0.6082769142748164,0.0595238095238095,0.675267770204479,0.9967246673490276,0.1355263186019218,0.1248229642448105,1.9749888556787856,-103.0950572183169,0.1816233709603446,0.0881484533250935,False,False,True,False,TZ,13,off_axis,111.89145486372979,20.0
330,3.632205626953846,52.87895147620613,25.827545001737928,33.76747431,2.005102859195134,0.6550885724209795,0.0774804905239687,0.6656596173212488,0.999085803839624,0.1664842803621876,0.2159484017374159,1.930417591359273,-103.72370325461131,0.1818514046563995,0.1163965614074145,False,False,True,False,TZ,13,off_axis,108.1665654243016,20.0
526,6.002309197651599,52.992786594910925,13.527178649707,35.96077673999999,2.047608002293288,0.6864318330071755,0.0658764088612514,0.6613272311212814,0.9983998171219568,0.2473039667248152,0.338253751375834,1.8411154395221825,-107.22291355374348,0.1818531752299942,0.0996124244718577,False,False,True,False,TZ,13,off_axis,108.87409236510642,20.0
329,3.791533558895406,50.88741669683068,35.075250271460014,29.812492601999995,1.923548878401102,0.6429302069399638,0.1164330218068535,0.6366240634640811,0.9995234312946784,0.0921080727178684,0.1096836951382728,1.5900983452887534,-102.91502630778591,0.1822590633599557,0.1828913302040503,False,False,True,False,TZ,13,off_axis,110.45406156113863,20.0
728,7.230618219390084,53.93971299293818,17.68291702255836,27.243865692,1.8666377323301564,0.527208541415533,0.0950889914304548,0.6565288654161355,0.9942003122908768,0.342113958622452,0.1998659335031025,1.774108212460624,-105.09864745997021,0.1826765288427767,0.1448359644783987,False,False,True,False,TZ,13,off_axis,107.49788453233467,20.0
779,7.926166080440708,51.84872851353471,23.36861095733201,30.678084684,1.941988010017773,0.5802110414436459,0.1376060320452403,0.636976320582878,0.996035321679582,0.2151973034628453,0.1873696352746955,1.5125482162869313,-105.42988216828822,0.1831445921405656,0.2160300588871517,False,False,False,False,pachytene,13,off_axis,109.24900975735821,20.0
926,8.901098901099061,48.86919010988947,39.7558505494507,24.335100972,1.7976901869906925,0.5531135531135531,0.1048464954624445,0.6028904227782571,0.9951093951093952,0.1946331112048472,0.1376915538316241,1.639523577577449,-103.47152540017372,0.1833158188342275,0.1739063874647201,False,False,True,False,TZ,13,off_axis,112.90283278435112,20.0
167,3.0036401611219388,54.432948493211214,8.22812602566019,31.447499868,1.9580893481286723,0.6220349097419067,0.0644387001477104,0.6358792184724689,0.9998410427594976,0.1014880291755426,0.1102278511381068,2.3909915904018644,-107.40046041446782,0.1845430212058554,0.1013379558188854,False,False,True,False,TZ,13,off_axis,108.23331087813824,20.0
1046,9.749712954488524,53.220903319742845,21.309554571927748,28.193905782,1.888087911163814,0.6121141525917297,0.0846259571961516,0.6561561561561562,0.9994654312188168,0.0753397826657006,0.0770557763237862,1.5392764492799451,-104.72204489359196,0.1847275745043496,0.1289722825918466,False,False,True,False,TZ,13,off_axis,107.96496981358358,20.0
1075,10.134619051110686,53.90217351323484,28.64550486177226,31.989374586,1.969272033646842,0.4896971474664515,0.1583212385099177,0.5795372898404944,0.9976001919846412,0.1461518038149122,0.0823729085872893,1.4633707646065552,-101.91890509684185,0.1850202148445451,0.273185593550835,False,False,False,False,pachytene,13,off_axis,107.15172061771194,20.0
573,5.646495049504848,53.909713396038114,22.913770871286157,23.6923578,1.781721789148503,0.5103960396039604,0.0552158960641956,0.7170879676440849,0.9972229235041656,0.241628389463879,0.1840065263214338,1.468049285676095,-103.59297316323544,0.1851722454072038,0.0770001709073455,False,False,True,False,TZ,13,off_axis,107.20516862389971,20.0
604,6.862801783792127,54.557294933107286,6.5427155928034,30.509188668,1.938417624131094,0.624788559126557,0.1656693451872114,0.5657786885245901,0.9994770786125152,0.0485863908499013,0.049794204435341,2.1692954348771862,-107.77596127782205,0.1853826399048491,0.2928165173899282,False,False,False,False,pachytene,13,off_axis,108.41494453337435,20.0
255,2.9435292314764,54.29928488238391,31.26009670523369,30.614748678,1.940650654625784,0.6661558501264271,0.0723866297636789,0.6867110397062198,0.9998603741971516,0.0951178556403084,0.131365746316556,1.842529490474315,-100.77232969590402,0.1860242005805201,0.1054106102541273,False,False,True,False,TZ,13,off_axis,106.82891323621547,20.0
256,3.238976538870275,54.851121433825966,22.527170219896227,28.695902274,1.89922794487071,0.6167742990272215,0.0711313651674262,0.7088310580204779,0.999669366837494,0.1251861682479517,0.1348669786820267,2.0821838913445347,-102.80637649579884,0.1863246224436227,0.1003502377083642,False,False,True,False,TZ,13,off_axis,106.27970118803788,20.0
257,3.4299970691676824,55.32091439771381,15.79968290592006,32.015178144,1.969801382002578,0.6554073856975381,0.1197828935055212,0.5934509887305975,0.9992665395335192,0.0778577505691008,0.096322299559748,2.1279015332202653,-104.33060710934329,0.1870500602369688,0.2018412569532306,False,False,False,False,pachytene,13,off_axis,106.3023354064077,20.0
574,6.06334679228344,53.62977408190552,27.208252797539483,36.601174134,2.0596913069656746,0.7049285393834519,0.0627035830618892,0.6828844483058211,0.999265014699706,0.1584587858142832,0.2599777551620551,1.4134255229808683,-102.60090803728406,0.1874705623900599,0.0918216591656928,False,False,True,False,TZ,13,off_axis,107.41061270401255,20.0
572,6.387114801213728,51.22551957528422,39.70817857256939,29.383215228,1.9142716562665467,0.5550854223215711,0.2374110563765736,0.5560739278664992,0.9963218390804598,0.1750672786195829,0.1407685708110023,2.0488199494271138,-101.23282976123072,0.1893881471520276,0.4269415350715214,False,False,False,False,pachytene,13,off_axis,110.55658108929657,20.0
1074,9.473595591611495,50.61990295423353,37.43706487065806,45.97490302199999,2.222341198866253,0.678452982295015,0.218501984126984,0.5079339892097747,0.9966955000485956,0.2215845516882763,0.2487035019729559,1.3413787564088415,-102.47798702720091,0.1897258568215982,0.4301779143918318,False,False,False,False,pachytene,13,off_axis,110.91982007328588,20.0
494,5.452731107717036,56.02184368317815,18.524097054331744,32.252101722,1.9746485190889704,0.6148083496981598,0.2104949314251639,0.5553247734138973,0.9966644429619748,0.0989643572854594,0.1314718599118646,1.4525626223922157,-102.86136422396325,0.1916679331076725,0.3790483362215805,False,False,False,False,pachytene,13,off_axis,105.35323603220505,20.0
258,3.389227251943283,56.34433528120801,20.194349903978797,25.65108243,1.8295278671524724,0.5802469135802469,0.042952460383653,0.6762527233115468,0.999390119943078,0.1174244819429318,0.115916429043581,1.8573509617047412,-102.06312699118597,0.1917075455119089,0.0635153972812395,False,True,False,False,mitotic,13,off_axis,104.91147020285158,20.0
668,7.244571259171203,55.34927822574725,21.601006077225136,31.651582554,1.9623159776255747,0.5104128066404803,0.1841422749166358,0.5914320314865275,0.892547274749722,0.3833989726805492,0.1780729551691594,1.705944349708589,-102.6018022324162,0.1919715692986603,0.3113498510620159,False,False,False,False,pachytene,13,off_axis,105.82447904673577,20.0
1021,9.57727946388347,56.1498129905288,18.65030817707342,36.404128782,2.0559884831475927,0.5965590566402474,0.1037789865445175,0.6522919661395943,0.997990526769054,0.159762622957075,0.1583706132353005,1.960057614460996,-102.70200281872967,0.1921933100016632,0.1590989801065682,False,False,True,False,TZ,13,off_axis,105.215679124967,20.0
144,2.2929840030231823,57.59590165008287,11.535027679808076,37.246263084,2.0717214648500684,0.7106688499811059,0.100802505382658,0.5925119721375708,1.0,0.0447875444133676,0.0988722723348885,1.980433415013894,-103.4066335492882,0.1928617096208852,0.1701273731550076,False,False,True,False,TZ,13,off_axis,104.58192413950125,20.0
416,4.633367119399979,53.45213130954673,38.53290069937284,23.143445748,1.767854304216921,0.6048043786742348,0.0398916523023885,0.6476019492177482,0.999329009170208,0.0933642481499114,0.0944235837377801,1.7432019235484917,-99.44890385612501,0.193900468091737,0.0615990306245596,False,True,False,False,mitotic,14,off_axis,108.21279477033993,20.0
889,8.171517381375471,54.557711989342,25.47114460162476,36.978844392,2.0667514068904467,0.5140827201217966,0.1369014084507042,0.6321148825065274,0.963348966475595,0.4781942005561344,0.252954992931204,1.4884303668749208,-102.22333023237,0.1942498143281492,0.2165767841248232,False,False,False,False,pachytene,14,off_axis,106.49214450817543,20.0
207,2.9204785362419754,58.22184720107499,15.393163789904731,36.666855918,2.0609226277234423,0.7184441174588958,0.1198,0.6109975005680527,0.9998913161612868,0.1604104481802286,0.2647522395800992,1.961455542220547,-101.67652396802265,0.1943769714186862,0.1960728151729267,False,False,True,False,TZ,14,off_axis,103.46226605868176,20.0
331,3.488958757166588,54.4531278342877,36.59718786757897,25.367243292,1.8227546784846016,0.6055113741446274,0.0630353613002415,0.6664322550398499,1.0,0.1170488670409145,0.1215953343575723,1.7075907497953389,-99.05973737815106,0.1948203901844274,0.094586300143099,False,False,True,False,TZ,14,off_axis,107.02527403886576,20.0
839,7.168491854966008,55.73836964792404,29.233931760377548,66.96023301,2.519084770479538,0.7504992117708881,0.1047140163419233,0.6547318169053636,0.9992755498059508,0.2409365362776659,0.5055427291630454,1.2853490177431814,-99.99087772962918,0.1951890305750824,0.1599342106770701,False,False,True,False,TZ,14,off_axis,105.32705082264921,20.0
966,9.171982366524585,52.944483304176885,39.10751573018062,33.523513398,2.00026240729042,0.5692393814288713,0.2051646223369916,0.5579922027290448,0.9922121268310772,0.0981293709665087,0.095462589485563,1.577604288803198,-99.76567092157572,0.196674048201875,0.3676836725200932,False,False,False,False,pachytene,14,off_axis,108.78040388512248,20.0
756,7.77764676983552,58.36195929746974,17.30049270449426,28.648986714,1.8981923504862248,0.5514615573569148,0.0897308075772681,0.6637458926615553,0.9977244517997518,0.1573875862940245,0.1215636145731595,1.8055420702378469,-100.98310274578873,0.1971230365942113,0.135188493924168,False,False,True,False,TZ,14,off_axis,103.12766342315115,20.0
260,2.9057367515006205,57.987381459080375,23.671025133763663,50.417806554,2.2917387746100064,0.7690876099195086,0.0418918918918919,0.6989723957283901,1.0,0.1409398153048972,0.3086236166586185,1.4669522679198386,-99.47255008488456,0.1971617154860357,0.0599335426519053,False,True,False,False,mitotic,14,off_axis,103.10382158689232,20.0
1093,9.412252637720345,57.87667424515,10.702480133222322,48.245616126,2.25834219623321,0.7593718092089269,0.1361494152557165,0.5578904829258436,0.999923242247467,0.1664123481732286,0.3122592851339393,1.5472756544208193,-103.38242083816495,0.197434520090232,0.2440432655199352,False,False,False,False,pachytene,14,off_axis,104.43026252686826,20.0
806,7.87923747763876,57.15617866167366,22.44922535219068,41.961276864,2.155691926830526,0.6272361359570662,0.1420483787956767,0.5956808638272345,0.9971378247468076,0.250187501057074,0.261469011967245,1.5337311783387315,-100.62557760624804,0.1979878124081277,0.238463894715401,False,False,False,False,pachytene,14,off_axis,103.97997962014034,20.0
259,3.996076573161421,57.05335242134351,28.629451904851194,49.50529891199999,2.2778285180045303,0.7817001516300227,0.0398082534389329,0.7039288039939223,1.0,0.1633468513863443,0.3992730166517975,1.6616295956706313,-98.91104915051102,0.198133869713082,0.0565515336395818,False,True,False,False,mitotic,14,off_axis,104.00069759603878,20.0
1092,8.532238052453913,57.08560510845972,25.715682787833064,54.827869194,2.3566997345394136,0.6694904376845078,0.1718481989708404,0.594822006472492,0.9888767037443208,0.5182140097277331,0.6034112841510927,1.2777896692431223,-99.73490435683284,0.1999231917691948,0.2889069286288885,False,False,False,False,pachytene,14,off_axis,103.96137069707102,20.0
1091,8.842386530014895,55.40900291605573,34.856611346998136,57.67798946399999,2.3968480437933937,0.79099560761347,0.0885065626108548,0.6750340533177661,0.9998294485503126,0.2934016451105813,0.7356060204561045,1.2379223265059556,-98.6564686561163,0.1999847922983299,0.1311142188691793,False,False,True,False,TZ,14,off_axis,105.92873710481751,20.0
1076,9.88573420074327,57.62807228159926,31.58891749535404,30.288685536,1.9337364000541064,0.7231257744733581,0.1609950715794414,0.5658741258741259,0.9997346424306752,0.0863399706747568,0.1643959131791054,1.4876716548898727,-97.49351688877904,0.2003790894257191,0.2845068615405355,False,False,False,False,pachytene,14,off_axis,103.51727191640128,20.0
757,8.351931466645324,59.3294494328539,6.9847959149679415,29.573223246,1.9183890380841435,0.5711906083921631,0.0534057082822623,0.620236773954865,0.9984139571768438,0.1472976588930872,0.1148200006749371,2.065407354048232,-103.08405010367895,0.2005839101423182,0.0861053560912347,False,False,True,False,TZ,14,off_axis,103.64578360253668,20.0
305,3.179502459981928,57.59481204351824,34.70886294782009,33.851922318,2.0067729671589265,0.678539255768831,0.1087415946205571,0.6195300711360207,1.0,0.1301864033051012,0.1737732298014089,1.7762308182192503,-96.61014768525717,0.2014516147793861,0.1755227061394448,False,False,True,False,TZ,14,off_axis,103.73800314914378,20.0
356,3.970291663695464,59.363761099621264,20.654616415888736,32.894844893999995,1.9876797406682656,0.6339584967553304,0.082901554404145,0.6317942723553478,0.9983979027090008,0.129877395100518,0.1540355104071917,2.139824669026689,-99.04151088537596,0.2017505012566566,0.1312160588209918,False,False,True,False,TZ,14,off_axis,101.86909535469007,20.0
382,4.247702205882245,59.47786893382273,6.938084880514697,30.626477568,1.9408984520970185,0.6299785539215687,0.1374754508123549,0.5632374249637756,0.9988095238095238,0.157371287213891,0.1453458665180788,2.487455831805075,-102.95586092549044,0.2018368274407971,0.2440808169329241,False,False,False,False,pachytene,14,off_axis,103.50914644873508,20.0
496,5.232320516267914,59.50626348480687,18.07728612530252,26.171845146,1.8418259075501104,0.5497893699023035,0.1308184807060045,0.6097949432609994,0.997075310748233,0.1905751545088135,0.1436169322416976,1.880877404197469,-99.6612792384015,0.2030377649787934,0.2145286413928373,False,False,False,False,pachytene,14,off_axis,101.91807121117641,20.0
648,7.27394703254604,55.38072030153143,40.30072282227159,29.406673008,1.9147809336280928,0.6425494575622208,0.0674297606659729,0.6806516402588708,1.0,0.1250537361154706,0.1442678442831374,1.8415078917519052,-97.08659853697174,0.2032453764484661,0.0990664778833523,False,False,True,False,TZ,14,off_axis,106.50317896497583,20.0
381,4.151031405236948,56.980188936601664,39.45243074008633,27.860805306,1.8806227494461607,0.5768291656142124,0.0840167669035902,0.6583764424990052,0.9962818003913896,0.0820587991365283,0.0788179949068789,2.029237308445325,-95.806314948729,0.2057801142782949,0.1276120490956315,False,False,True,False,TZ,14,off_axis,104.81176507818776,20.0
261,3.0669705949395483,60.53770038750656,31.60557880100373,41.163712344,2.14194661168932,0.7048096649190791,0.0838344534842588,0.6629343629343629,1.0,0.1567368224818367,0.2422970032119782,1.4850676327159733,-94.70699039917848,0.2062103211573273,0.1264596590123649,False,False,True,False,TZ,14,off_axis,100.6114649336735,20.0
128,2.700527668786258,61.72831118251933,10.285334961439174,34.675290395999994,2.0229128160423886,0.6462589636043837,0.0792393026941362,0.6662841843564735,1.0,0.1569520597630228,0.1782805998669356,1.943885130588661,-99.8225700910434,0.2068692308582201,0.1189271853581051,False,False,True,False,TZ,14,off_axis,100.69520155759774,20.0
262,3.522445031916939,62.18677617512423,15.752828209426376,36.380671002,2.055546781524198,0.7275775356244761,0.0970292797606325,0.6248520710059171,1.0,0.0500837734891116,0.1114968105537857,2.089458933028174,-97.78050491681101,0.2073832276872122,0.1552836011320729,False,False,True,False,TZ,15,off_axis,99.48198624058111,20.0
928,9.90611321973662,59.53697826051741,23.03170088023799,29.047768974,1.9069591541975877,0.4447226035694096,0.161565662724058,0.5705351948807447,0.9656946826758148,0.2786608898064973,0.1329405001717611,1.5465926354743873,-98.17864851581929,0.2082615163556257,0.283182640043493,False,False,False,False,pachytene,15,off_axis,101.57746941271286,20.0
1094,9.844653721143269,59.79004810400748,14.353933436120156,28.146990222,1.887040050188167,0.6153846153846154,0.0731070496083551,0.6758396533044421,0.99947303706306,0.1384205826929096,0.1388018872698299,1.5337108306702711,-100.48214018757517,0.2096310989404842,0.1081721814500028,False,False,True,False,TZ,15,off_axis,102.02675525482842,20.0
358,3.750163398692921,61.8301422794122,23.8435102696073,28.71232272,1.8995901362273384,0.6580065359477124,0.095114569822741,0.6390348781653129,0.9996888612321096,0.1089316582509668,0.1295600285356475,1.6965808905834483,-95.74823011639432,0.2098829547370779,0.1488409679543902,False,False,True,False,TZ,15,off_axis,99.2575471085221,20.0
997,8.903449086314842,57.47771619954271,37.1729202538352,39.922795782,2.1202030062608714,0.7694341618191434,0.0712426035502958,0.6174821610601428,0.9996491228070176,0.1996938179403946,0.3873874803942768,1.2996492283111347,-95.99931647775526,0.2100184850584135,0.1153759704215274,False,False,True,False,TZ,15,off_axis,104.06857834955737,20.0
729,7.309154199377621,60.6031463783128,21.017186320545317,31.672694556,1.962752177101477,0.6062805510294771,0.0716032134125044,0.6755079006772009,0.997546388590707,0.2574784687110406,0.2721893401709173,1.7129356258156652,-97.75029194417908,0.2100556459316507,0.105999076162872,False,False,True,False,TZ,15,off_axis,100.61016238312399,20.0
841,7.994381817518346,62.066816526211234,18.84757017620756,64.30012075799999,2.485274667596147,0.8066834482507023,0.130741469816273,0.6031326665408567,0.9984425241157556,0.2770459630701514,0.7359158327158478,1.4014293771790287,-96.98741426714422,0.210110830576051,0.2167706660063925,False,False,False,False,pachytene,15,off_axis,99.30183870501244,20.0
840,7.991509312781408,58.439925067437365,33.9804987475912,36.52376346,2.058238214873769,0.7212588310854207,0.0956449260262555,0.6283410138248848,0.9998949469482088,0.1855744486889362,0.2999052745325461,1.3012728267014462,-96.01585891464556,0.2105401980375818,0.152218180767858,False,False,True,False,TZ,15,off_axis,102.8427246757504,20.0
357,3.70961615836494,59.788876937312864,36.49119130119868,29.150983206,1.9092151238968549,0.6396555886376438,0.1831448376504925,0.592228673514962,0.9991734170937344,0.0608712011032434,0.0640100234661256,1.9784895658053805,-93.9897891499196,0.2107418041171751,0.3092468261685164,False,False,False,False,pachytene,15,off_axis,101.70249566446023,20.0
967,9.611005353955704,62.04342552795985,8.790725817965562,31.546022544,1.9601320657704608,0.610202260559191,0.1207648440120764,0.5793590232735597,0.999315537303217,0.1011048255250588,0.1033085022371027,1.8324115752033705,-99.95972725393949,0.2118721930629705,0.2084456082684572,False,False,False,False,pachytene,15,off_axis,100.64289512710558,20.0
263,3.3276497695852085,62.32973804723504,19.608249949597703,32.578164863999994,1.9812806701750152,0.6836837557603687,0.1314748912613681,0.623491918961985,0.9996067636649626,0.0536978606358299,0.0940348307446021,2.491883650382314,-96.51292970871864,0.212119828025016,0.2108686372074444,False,False,False,False,pachytene,15,off_axis,98.98069257983111,20.0
495,6.438611223253883,58.932636431166046,38.46505572063109,29.05246053,1.90706181410757,0.4498183286233347,0.0800594032671796,0.6772820663340182,0.9972276129747712,0.1389282652812518,0.0857968942584475,1.4994625068296945,-94.2293762258613,0.2125405307778953,0.118206884910631,False,False,True,False,TZ,15,off_axis,102.75797782445173,20.0
332,3.6795059201871743,61.56875580324486,27.812915450957263,32.094934595999995,1.9714357535607976,0.730887297178775,0.0512754444730739,0.6825095057034221,1.0,0.0966915044497194,0.179644680066904,1.4009640297797754,-94.83378226574423,0.2129913020913869,0.0751278100079022,False,False,True,False,TZ,15,off_axis,99.47525179688186,20.0
444,5.942487046632002,61.985476943004855,22.87577024926394,33.502401396,1.9998424193706088,0.6608318162722308,0.1240506329113924,0.6209744013212222,0.9973407791517086,0.1775447743143851,0.1972531092878859,1.8450881051553365,-95.88359326382894,0.2135814881429726,0.1997677080527874,False,False,False,False,pachytene,15,off_axis,99.1370482328656,20.0
1095,9.909756480753908,60.933221194029,28.41791999999933,29.86175394,1.92460776837187,0.6809112333071485,0.0610263522884881,0.6698670605612999,1.0,0.1483713274051958,0.1999693456113409,1.7170814235615643,-95.26389636679922,0.2143446343634088,0.0911021841219548,False,False,True,False,TZ,15,off_axis,100.11798503382897,20.0
927,9.006546733396393,58.627918612200574,39.322744122819245,17.342336753999998,1.605731776662973,0.5658054916813202,0.0383463151587777,0.6395638629283489,0.9980682549903412,0.2166789313554976,0.185816417210948,1.7121727255579906,-94.26910634833786,0.2150535875156255,0.0599569759667201,False,True,False,False,mitotic,15,off_axis,103.16037260478163,20.0
557,6.495082811293242,63.44820509740104,6.724590774907695,27.335351034,1.868724797844292,0.6104865699819788,0.0983313468414779,0.6197400308437981,0.9982568274259151,0.0818471280476332,0.0908904744295572,2.210393124112729,-99.22279580194122,0.2152020161235719,0.1586654757602091,False,False,True,False,TZ,15,off_axis,99.65948517868172,20.0
1047,8.487878682480366,60.71001324823291,36.069192389829965,67.443463278,2.525130057145423,0.8125978226844284,0.0695907442583319,0.6848552338530067,0.9990199738659696,0.2140043289671452,0.6329098676131143,1.3646842457821835,-93.23295578559984,0.2175876528708368,0.1016138021853366,False,False,True,False,TZ,15,off_axis,100.74628510766975,20.0
265,3.5621522842638647,63.55826288832616,33.43937319289364,46.2118266,2.2261521415254326,0.7042131979695432,0.1179231002119285,0.5889823236656941,0.9968062149331032,0.1434364350278769,0.1948516846718379,1.4219695612603096,-91.28139385278925,0.2177361946727089,0.2002150072654159,False,False,False,False,pachytene,15,off_axis,97.69949486633851,20.0
1077,9.394875603416986,64.01151997772088,12.995101856666196,37.903080924,2.0838284727974496,0.7190246317613567,0.0815294355654461,0.6493392070484582,1.0,0.2139240564918176,0.3430033966985213,1.53374515800127,-96.84494551580273,0.2185898988381805,0.1255575432385093,False,False,True,False,TZ,15,off_axis,98.02259292497845,20.0
1022,9.664158881396306,62.62845006496384,23.994430186227174,37.914809814,2.084043393535045,0.6370104559797067,0.0743136636162827,0.6669507414351458,0.9996399423907826,0.1467482657541076,0.1755902891193912,1.4475538649328028,-94.94076933559829,0.2187497529309881,0.1114230167229059,False,False,True,False,TZ,15,off_axis,98.4550258714677,20.0
306,3.3148214595750747,64.11734183112489,30.0688973725318,40.532698062,2.1309452981295824,0.7440824121766305,0.0923645320197044,0.6135232926277703,1.0,0.0650613571425689,0.1118533862106902,1.4238185789501498,-91.73556157980558,0.2188191181269224,0.1505477186108119,False,False,True,False,TZ,15,off_axis,96.97379656991546,20.0
208,2.993155585555083,64.85786917988536,13.37968098548831,34.75270106999999,2.0244170443379352,0.6862639217009787,0.1491854292513271,0.5892857142857143,1.0,0.045600775919901,0.0836721462476485,2.175226437246741,-95.92301784947367,0.2190507709493707,0.2531631526689188,False,False,False,False,pachytene,15,off_axis,97.13054374455233,20.0
405,4.362608945503239,62.50240800689684,37.49545983143501,24.492268098,1.8015519848258736,0.5540657025189157,0.0734328358208955,0.6419673539518901,0.9982707509881424,0.1758160603313841,0.1323877987231113,2.037454578817448,-91.10104122761325,0.2200776543177564,0.1143871808571728,False,False,True,False,TZ,15,off_axis,99.10346808485342,20.0
267,4.131947268315117,65.13022922542082,8.51527661835125,35.766077165999995,2.043905912527158,0.7023676788876501,0.0383555838101292,0.6626267078007932,0.9998879300683626,0.1698618495376191,0.2220803623883889,2.0954574760872973,-97.08950287925687,0.2200913958820773,0.0578841500932379,False,True,False,False,mitotic,15,off_axis,97.65970495955499,20.0
264,3.062672886488324,65.14499818315736,24.64024866191973,28.663061382,1.898503147438236,0.6439152140109665,0.0576131687242797,0.69179498965755,1.0,0.036549805421683,0.0423184171474418,1.8136406336269637,-92.3454827967315,0.2211172144325641,0.0832806967173891,False,False,True,False,TZ,16,off_axis,95.92209672237014,20.0
780,6.8582825922392106,64.71968505414223,21.201121390251547,71.27177297399999,2.572031704930505,0.7777375506039561,0.1236698676356086,0.6315711535613802,0.998838775604998,0.2872971829178763,0.7209723582320462,1.206917467605363,-93.76087848891406,0.2221398461421384,0.1958130401273774,False,False,True,False,TZ,16,off_axis,96.48994063539612,20.0
1078,9.39666496163638,65.59699978004954,18.24227358567777,45.85995989999999,2.220487607777721,0.7447058823529411,0.1332059742966307,0.610699258665598,0.9999181937172776,0.1498825429013965,0.257113222958899,1.5832603209352996,-93.79006710675988,0.2225355330090808,0.2181204126359855,False,False,False,False,pachytene,16,off_axis,95.83667996496585,20.0
209,2.476319796954296,65.5475029949231,18.880297709391684,36.96946128,2.0665765844055244,0.7156091370558375,0.0,0.6273984828201695,1.0,0.0388073643218059,0.0769322691055637,2.3309660990459884,-93.65023648366491,0.222592590176067,0.0,False,True,False,False,mitotic,16,off_axis,95.83033860519451,20.0
890,8.459863605080603,65.82916198460745,9.053047913407918,37.492569774,2.0762781471139875,0.6875430144528561,0.1285988483685221,0.6095314377252703,0.9994313658592062,0.3216894039645088,0.4100237301408794,1.4021603756134502,-96.26357159138928,0.2226193349582073,0.2109798451880418,False,False,False,False,pachytene,16,off_axis,96.87276011582355,20.0
1048,8.13889519700252,63.79143301635174,34.25770821221766,82.63706738399999,2.702062741731949,0.8620415578517089,0.0661029976940814,0.6831275720164609,1.0,0.1701171335602102,0.7353705613937853,1.373173287370998,-90.81844010184581,0.2227960222746318,0.0967652315642276,False,False,True,False,TZ,16,off_axis,97.52500060077297,20.0
669,7.474439383321686,61.89998632620896,39.13674173966434,26.779401648,1.8559691506775111,0.4712683952347583,0.0974880382775119,0.6616964877402253,0.9949911608721272,0.1497191819707572,0.0850760982765325,2.298192827432904,-91.19553013019997,0.2229221149380978,0.1473304454289089,False,False,True,False,TZ,16,off_axis,99.8898948341279,20.0
266,2.73130938586324,66.12705135573465,31.64940125144921,10.12203207,1.3419191993526034,0.6815758980301274,0.0888594164456233,0.4963609898107715,0.9970501474926252,0.1852674575492717,0.2667799224938673,1.645389912464462,-89.35064968887757,0.2242981012350587,0.1790217568860505,False,False,True,False,TZ,16,off_axis,95.03070586155907,20.0
210,3.0742485443005365,68.14316331637218,16.1617141583167,44.71756601399999,2.2018945464894637,0.7537638357026701,0.0768928220255653,0.6250532594801875,1.0,0.0986616203632932,0.2014735526065668,1.8675052548734328,-91.96619000320446,0.2267230707813836,0.1230180322385834,False,False,True,False,TZ,16,off_axis,93.51771479284544,20.0
1049,9.644828563332323,64.8341141612353,27.534569162652478,33.113002247999994,1.9920641345496084,0.6383536412581468,0.1276486671223513,0.6201762977473065,0.9998538439052908,0.0455515608441701,0.0567375065034635,1.3108478641162478,-91.79370729647786,0.2272926286839958,0.2058264199809234,False,False,False,False,pachytene,16,off_axis,96.20784877169382,20.0
168,3.699471065723929,67.94869611940301,11.204146865670833,44.79263090999999,2.203125923784064,0.7262110500130925,0.1119415661627314,0.6113236419280795,0.999827779212951,0.2180565049474667,0.3429887737507225,1.9586242504721587,-93.60629472552881,0.2274350266835419,0.1831134255002378,False,False,True,False,TZ,16,off_axis,94.4085742818387,20.0
624,7.433090287154604,67.28923988657799,7.1072935187684285,26.059247802,1.8391807899601296,0.6130164731298946,0.0825864276568502,0.6038613631076994,0.9941496873108736,0.0686656859285358,0.0795741826464652,1.9231741277334768,-95.43846329476267,0.2280336082210624,0.1367638877106313,False,False,True,False,TZ,16,off_axis,95.82143998060056,20.0
384,4.07268369513128,66.7813561323009,33.641904697665026,34.255396133999994,2.0147142658293484,0.6576730808737931,0.15414551607445,0.6125225045009002,0.998520312079634,0.0579833526321592,0.0460249752735605,1.80273573998755,-88.14067006633503,0.2282974986985739,0.2516569023044336,False,False,False,False,pachytene,16,off_axis,94.49802086045092,20.0
1080,8.583324347223538,67.36836409920545,21.41040866517767,60.910471548,2.440812679967428,0.7723561580528383,0.1018082358304208,0.6760277448824226,0.9999444907021926,0.2817373953555119,0.647582838406632,1.4432050167286965,-91.16731989195429,0.2292267691101298,0.150597718216621,False,False,True,False,TZ,16,off_axis,93.83352795780284,20.0
999,7.87136084059426,66.88101263134216,12.136334056253576,73.225806048,2.5953255997850917,0.8347321886212199,0.089802399435427,0.652452025586354,0.9999165658504026,0.232350292845872,0.7562823770254925,1.3965979905813368,-94.35357659502533,0.2294447835132753,0.1376383180889387,False,False,True,False,TZ,16,off_axis,95.31249488407778,20.0
998,7.635574541852039,66.6109133822428,24.227441521174143,75.77801251199999,2.625134343706809,0.8078566121842496,0.1790768416876075,0.583856935717738,0.9987307497038416,0.2506792612032896,0.6727558803685372,1.1892230354597866,-91.06513809913872,0.2298212970642213,0.3067135641156125,False,False,False,False,pachytene,16,off_axis,94.46746673128156,20.0
268,3.1687738699196664,68.11269309696237,23.85551503733605,41.151983454,2.1417431554473154,0.722738414182295,0.1128944008754331,0.5970394736842105,1.0,0.0464290976754687,0.0801527297833228,2.248791495616731,-89.73851506706404,0.2302635720270793,0.1890903463698714,False,False,True,False,TZ,16,off_axis,92.97782228218585,20.0
527,5.674997387942582,65.22579381464794,38.56795984745711,22.451441238,1.7500557020471226,0.5805036046390137,0.1222125054656755,0.5957658779576588,0.998995983935743,0.2003171959740836,0.188038518333633,2.589713252368296,-88.1828578737278,0.2304392095620705,0.205135121005304,False,False,False,False,pachytene,16,off_axis,96.51962015847933,20.0
383,3.869889278963003,65.69750577909694,36.75089187145552,26.059247802,1.8391807899601296,0.6681969574219102,0.0945713583886023,0.609875203472599,0.9994912667458028,0.1424741345052335,0.2139963440367099,2.253123572739702,-88.26489194409676,0.2305096565046869,0.1550667379983933,False,False,True,False,TZ,16,off_axis,95.84799235900135,20.0
842,8.576452521115812,64.59554008190447,37.54021167136052,27.494863938,1.872352673632332,0.6461052811193584,0.0739004242018307,0.6321118611378977,0.9983484723369116,0.1421439366842982,0.1448371972527332,1.785369124071622,-89.08685497704502,0.2310110747353322,0.1169103583482814,False,False,True,False,TZ,16,off_axis,97.02743294985,20.0
269,2.891080100189255,68.02461232939744,29.06447481981186,45.890455014,2.220979678415876,0.7631242651944998,0.1195135854075621,0.6409149762624082,1.0,0.158637023505534,0.3290971545479199,1.873595205227877,-88.29478919996738,0.2319224047348247,0.1864733854473546,False,False,True,False,TZ,16,off_axis,93.04010487830121,20.0
807,8.845143385754213,69.37395987721969,8.938169952064529,27.893646197999995,1.881361386595814,0.5896055840551677,0.1124045107311749,0.6040983606557377,0.998391959798995,0.1177346758061109,0.1017230726016413,1.8843040282043455,-92.90839929848357,0.234143137435186,0.1860698820787428,False,False,True,False,TZ,16,off_axis,93.41311002029641,20.0
1050,9.62987720700388,66.6618172418798,35.80338353556515,32.284942613999995,1.975318524212178,0.665407251326019,0.1443701226309922,0.5889250814332248,0.99761034579702,0.129339823531728,0.170029405158522,1.5030443478116022,-87.62092908320074,0.2343758332805031,0.2451417458391295,False,False,False,False,pachytene,16,off_axis,94.79533682499938,20.0
406,4.4788507278090055,69.54280851489033,8.11058916373276,24.656472558,1.805569092349281,0.6139282656264866,0.030809648913303,0.6609167077378019,1.0,0.0926058513527527,0.0963219484798142,2.0517548984629013,-92.98973034148068,0.2344485067307516,0.0466165381395167,False,True,False,False,mitotic,16,off_axis,93.41054536651797,20.0
1079,9.866166152118833,67.06119590232898,30.353240696041997,33.43202805599999,1.998441184032788,0.6677659275891104,0.1769511559186511,0.582259767687434,0.9998627316403568,0.0432532362510621,0.0684125181139879,1.259380998416383,-88.83779611040593,0.2351033724879008,0.3039041433713504,False,False,False,False,pachytene,17,off_axis,94.04149489084797,20.0
211,3.694687610307001,69.51805862160498,21.11024752470896,53.164712592,2.3326251494514367,0.7924020472996823,0.0716258879242304,0.6297555791710946,0.999937193819872,0.0969072231028889,0.2215087880018839,1.908611217019664,-89.20023179260663,0.23781994361997,0.1137360117055363,False,False,True,False,TZ,17,off_axis,91.7061556139746,20.0
1024,7.683971638415008,68.62782385321057,33.73383302752351,92.304018522,2.803565238327016,0.8672393199318915,0.1129223976906096,0.5888208269525268,0.9993080673061804,0.1677967861836231,0.7079726759875109,1.2114182270670837,-86.34845971753866,0.2385784558491991,0.1917771799531029,False,False,True,False,TZ,17,off_axis,92.66303805030464,20.0
359,4.16562650602418,70.09798398795266,34.562835903613845,38.9399148,2.1026587553007383,0.6913855421686748,0.1498506471954862,0.5834471989068905,1.0,0.1123856928346729,0.1464511111125147,1.9611499819128368,-84.69979954846198,0.2394202472503165,0.2568366897231435,False,False,False,False,pachytene,17,off_axis,91.26260579769264,20.0
445,5.816870956758613,70.8324682073548,12.28098769152184,27.558199944,1.873789261925052,0.6710078311201907,0.0506018177352002,0.6582147477360931,0.999222395023328,0.1592776087277957,0.2097007878898481,1.9300548867978344,-90.5335068898962,0.2395036499480495,0.0768773685324484,False,False,True,False,TZ,17,off_axis,91.38763304456938,20.0
670,7.4683994246970515,67.47480520854697,38.7502829463745,22.833803052,1.7599346715129072,0.473186768029587,0.1109570041608876,0.640795631825273,0.969188634029442,0.1433840632467284,0.0729922559242493,2.0341808351884696,-85.97929567058837,0.2397495649584226,0.1731550570106609,False,False,True,False,TZ,17,off_axis,94.31013344786354,20.0
929,8.163488985031954,70.07151642548236,15.60083877368313,47.171249802,2.241452764994861,0.7217166442886269,0.1537879933464387,0.593638313080772,0.9995849933598936,0.2991974985069489,0.4483951000224221,1.5764449026644527,-90.28718164881364,0.2397858681468913,0.2590600875275952,False,False,False,False,pachytene,17,off_axis,91.66999735308517,20.0
1051,9.660091434718495,70.99767632109644,18.69263533682981,34.891101971999994,2.027100864791637,0.6526153018690333,0.1794505319993647,0.5678343332688214,0.9998603741971516,0.0767554323603032,0.0911724831623157,1.4004942265994138,-88.49485217181777,0.2400619958311323,0.3160262095571635,False,False,False,False,pachytene,17,off_axis,90.41741858069837,20.0
145,2.6225049387593797,71.64232845515504,12.181272493085457,29.685820589999995,1.92082065160428,0.6269458711971553,0.0540973752754958,0.6922262232577844,0.9998421717171716,0.0816160164431219,0.0940963685948524,2.0115424527406,-89.78852003607126,0.2402575417761691,0.0781498496559412,False,False,True,False,TZ,17,off_axis,90.60449087193781,20.0
333,4.166304672710921,70.93963991232413,30.0950075968902,47.089147572,2.2401515830071226,0.7561024210421441,0.0588235294117647,0.690359477124183,1.0,0.1584972204620172,0.3307720235387976,1.9069125847309576,-85.20570417025624,0.2412793367563921,0.0852071005917159,False,False,True,False,TZ,17,off_axis,90.15628409139967,20.0
417,4.685364705882389,68.99699734588434,37.32314614588295,24.92389125,1.8120732366277148,0.5254588235294118,0.0607302533532041,0.686037286790956,0.9984736708216738,0.0969242238194067,0.0671560614170145,2.3925122807582646,-84.94268052179989,0.2416428817760789,0.0885232545264109,False,False,True,False,TZ,17,off_axis,92.62904397281741,20.0
968,9.135728822182315,70.86661881200646,23.00070496056852,36.885013272,2.065001849288929,0.6624904604426355,0.1617438003474964,0.5914829470510646,1.0,0.0475101031361654,0.0876909893873647,1.43623177390541,-87.35646861177426,0.2417672447198807,0.2734547143817024,False,False,False,False,pachytene,17,off_axis,90.25851510235086,20.0
2,2.309174988931068,72.19654575195453,18.558582525705173,47.682629406,2.249523471387473,0.7222413538643184,0.0,0.6751682607155508,0.9999208108964206,0.0611943652308803,0.1304200856479293,1.9245651638495265,-87.3880400591543,0.2421335853193633,0.0,False,True,False,False,mitotic,17,off_axis,89.23605025382953,20.0
1023,8.438025277632642,69.30325156933998,27.82824095125025,94.842150318,2.8290302693240283,0.8379213969478865,0.0825983480330393,0.6766366549671906,0.9999683062880323,0.1484164249470774,0.5400824172671247,1.2914484776791688,-87.43501641807319,0.2422759358039173,0.1220719383537453,False,False,True,False,TZ,17,off_axis,91.74124434656275,20.0
969,9.313464270789762,71.7610191725859,11.181366293354918,28.06723377,1.885256011038056,0.6101128290848308,0.0452312730249693,0.6488745980707395,0.9988978692138134,0.0827575394168984,0.0716678067995936,1.430315673638801,-89.9683504653433,0.2431622898839383,0.0697072641762411,False,False,True,False,TZ,17,off_axis,90.65561763362332,20.0
591,6.667693817468038,71.95737894994942,6.899953483807319,23.90347782,1.7869983899132675,0.5919528949950932,0.0689655172413793,0.6176046176046176,0.9992884250474384,0.0555786501131349,0.0537791871876333,1.8743473686944776,-91.0364850942276,0.2433286265765571,0.1116661295520464,False,False,True,False,TZ,17,off_axis,91.30452144147864,20.0
270,3.090401191869645,72.11595234649282,25.52572914228041,44.086551732,2.191488389191401,0.7674789826540385,0.0708058685945141,0.6480549199084669,1.0,0.1077525772472289,0.2344018640977484,1.6807088873588722,-85.4214313037294,0.2442775015579186,0.1092590557055178,False,False,True,False,TZ,17,off_axis,88.93497760896946,20.0
781,8.642976881274903,69.70790298425098,37.25794316109517,25.468111746,1.825167439533342,0.485861656074422,0.0901385493072535,0.6812970261554998,0.994979079497908,0.1133318707218999,0.0771118142383123,1.85507706024472,-84.2821720701873,0.2457360031597731,0.1323043340081749,False,False,True,False,TZ,17,off_axis,91.91531436108036,20.0
970,9.215996778091458,73.73283827627893,8.66380808699157,29.12283387,1.908600388243349,0.6814337494965768,0.068535091851154,0.5835651074589128,0.999100584619997,0.1053161532558313,0.1438025481708614,1.5302716002503811,-88.82173735020302,0.2483018005705915,0.1174420659754394,False,False,True,False,TZ,17,off_axis,89.19545409613978,20.0
271,3.5170558514270183,74.31310706677772,8.942381134780975,34.356264587999995,2.0166898375007936,0.6644817697664891,0.1371378402107111,0.5547415547415547,0.9998632759092152,0.0127241078680897,0.0198870606530875,2.3230543983623004,-88.18528025840277,0.2503955609393116,0.2472103253101374,False,False,False,False,pachytene,18,off_axis,88.57058618928565,20.0
930,9.043701751082764,71.63394506684125,35.38823320466821,24.916853916,1.811902672504284,0.6595744680851063,0.1727293525509037,0.6258296460176991,0.9979606970708196,0.0564565184538136,0.0999937723865021,1.4456532940276163,-82.98929050481861,0.2505007544810878,0.2760005916147007,False,False,False,False,pachytene,18,off_axis,89.80620041132819,20.0
418,4.193209377526268,73.53223299919222,35.03057616814783,29.01727386,1.90629159519742,0.6497978981406629,0.0881919595874553,0.6542012927054478,0.9992279184681904,0.0987582182605411,0.1338586528755114,2.5392970706107216,-81.27941525059416,0.2506163170216686,0.1348085987765901,False,False,True,False,TZ,18,off_axis,87.88282386932607,20.0
558,6.088543353849607,71.49100395205657,37.37966138645992,21.724250058,1.7309534735969645,0.5010258071482561,0.0575158066489903,0.6883791387145639,0.99131996408261,0.193904690007898,0.1315753746939787,2.301360566503547,-82.54180289400139,0.2508883397953319,0.0835525125825163,False,False,True,False,TZ,18,off_axis,90.15779062018981,20.0
1025,9.74309785235849,72.07415481665518,31.22629807333764,33.969211218,2.0090879600603184,0.6332435605275879,0.2572027972027971,0.5034833364714743,0.9988747789744414,0.1347450417297822,0.1250974669953403,1.4014646769186678,-83.78925553246454,0.2515447626892902,0.5108466925744413,False,False,False,False,pachytene,18,off_axis,89.0700051211591,20.0
1028,9.617298769416406,74.58885031773423,21.281944079080453,46.512086184,2.23096318293151,0.7074843655436756,0.1267690454682324,0.6460344827586207,0.9997454823110206,0.0694332188661081,0.1019119836643687,1.5550186804922543,-84.30213093284063,0.2527919346219064,0.1962264381413792,False,False,True,False,TZ,18,off_axis,86.63480222146835,20.0
1027,9.758815680792534,73.62624014867635,14.507403945613405,36.920199942,2.0656582807176216,0.6657347989071732,0.1035951610155051,0.5831590952290439,0.9989897714357874,0.1190654427022618,0.1590473366917029,1.7228022318960905,-87.20955796728687,0.2528578799547891,0.1776447660047498,False,False,True,False,TZ,18,off_axis,88.29064476010046,20.0
671,7.010216903515281,72.98503054599816,29.002253986536022,31.363051859999995,1.9563350488336948,0.7258788332086761,0.0805318615153035,0.6461118690313779,0.9998792124652736,0.1034562817126806,0.193302967164644,1.831649774059339,-83.57082115335679,0.2531326903295369,0.1246407400564136,False,False,True,False,TZ,18,off_axis,88.07958575748209,20.0
385,4.405179063360743,74.79991603305957,30.36714099173484,29.80310949,1.92334705284776,0.6683982683982683,0.051980198019802,0.687396154759079,1.0,0.0595942117399148,0.0787742641787877,2.2996034962830656,-81.43540977159302,0.2538035230422117,0.0756189828236968,False,False,True,False,TZ,18,off_axis,86.30895007843527,20.0
1026,8.159541011475214,72.69741147798231,26.334227150284185,71.75500324199999,2.5778315005111465,0.8235313347935532,0.0832201086956522,0.658577250833642,0.999396733744129,0.1905957307823517,0.592373931979516,1.4570653331665038,-84.6283945678628,0.2542885963981729,0.1263634730630466,False,False,True,False,TZ,18,off_axis,88.34453054152246,20.0
592,7.540360058614276,73.51169127067138,36.86917862675365,22.411563012,1.7490189389478144,0.5907473309608541,0.0560115886045389,0.650383631713555,0.9968109339407744,0.1192423981259592,0.1165348580931113,2.253508195788125,-80.75974037883624,0.256622804478616,0.0861208460258541,False,False,True,False,TZ,18,off_axis,88.09194619466479,20.0
559,7.18339697571396,75.90969819764898,8.109853696349477,30.715617132,1.94277964852992,0.591339544829693,0.109502413047096,0.6146514670155111,0.9984262983038992,0.12026856917424,0.116696256689294,2.105818114044161,-86.90312339207033,0.256783715203177,0.1781536674414749,False,False,True,False,TZ,18,off_axis,87.18365608830652,20.0
891,8.017601593247262,75.72836288586569,12.59121918535734,49.47011224199999,2.2772887226106038,0.8008440419175874,0.0697674418604651,0.6588095238095238,1.0,0.1788229553276586,0.4763991828137265,1.5784861862195925,-85.761973537059,0.2568715468115043,0.1058992612265824,False,False,True,False,TZ,18,off_axis,86.50658579974018,20.0
212,2.7478747874788807,75.97219005400676,24.869347404740463,46.910868444,2.237320942538155,0.7476247624762477,0.0979445933869526,0.5637012086387954,0.999842059543552,0.1005253115536065,0.209758194098615,1.961069616314388,-81.92735687424775,0.2569614122920943,0.1737526758607907,False,False,True,False,TZ,18,off_axis,85.09252296808498,20.0
1029,8.566490852934692,76.24671479686458,18.530364148254108,49.36689800999999,2.275703844699706,0.8025184129246852,0.0704540371281592,0.6684311838306064,1.0,0.178416853839007,0.4691085710028996,1.4637762460403023,-83.52430724514043,0.257389430193031,0.1054020800232648,False,False,True,False,TZ,18,off_axis,85.20731896536331,20.0
3,2.490741703942699,76.23900341724807,14.98542807656336,45.099927828,2.2081525800555726,0.7132008738167066,0.1025390625,0.5937613347841857,0.9993803116147308,0.0566693122793894,0.1091879614049743,2.04756224890446,-84.57150732130629,0.257655699406672,0.1726940716631032,False,False,True,False,TZ,18,off_axis,85.63669206843282,20.0
514,5.5238167279013055,75.87867348173899,35.138048519558126,21.707829612,1.7305172453845408,0.5037821482602118,0.0371146990983434,0.6946864111498258,0.9973238180196252,0.1643083652779947,0.0905750595432667,2.4237403338923955,-79.00466547026659,0.2593365593702774,0.0534265511785557,False,False,False,False,pachytene,18,off_axis,85.55692757351491,20.0
931,8.424226991633747,74.05469917372706,33.420942139999354,45.139806054,2.208803218690348,0.6489112924180221,0.099680170575693,0.6126406157489639,0.9951757408683668,0.3641891035134728,0.419582702923493,1.3804352106961415,-81.25208156860685,0.2607736072094834,0.1627057821718729,False,False,True,False,TZ,18,off_axis,87.2278900842203,20.0
129,2.9938868799889744,77.92383393600225,10.71713362215941,34.382068145999995,2.0171945950410985,0.6884764958722794,0.1020648967551622,0.5751204555409549,1.0,0.0414307088946848,0.0770557696500212,2.1477854183605327,-84.21279814306692,0.2611264421538119,0.177466991083043,False,False,True,False,TZ,18,off_axis,84.68075306724785,20.0
4,2.2261830529403146,78.63593964809533,18.404440821114527,75.99147830999999,2.627597023885448,0.8287698718938108,0.0731829573934836,0.5734631332251667,1.0,0.0991466856940888,0.3118888962917617,1.3181241109615578,-81.27711651164219,0.2629417747379591,0.1276158015283414,False,False,True,False,TZ,19,off_axis,82.8428869041238,20.0
971,7.307946686784699,77.23713472274596,23.117109116057065,111.935834604,2.989694717939966,0.8889727146988557,0.06113769271664,0.6515666289165722,0.9999751713179064,0.1220757424624069,0.6638160334545006,1.2806953001503167,-81.23203465019624,0.2631787929950577,0.0938318354614018,True,False,False,False,pachytene,19,off_axis,83.88910660957575,20.0
272,3.265927541499938,77.55904565612418,30.580079043983478,38.719411668,2.098682366239301,0.7030170846964741,0.1354497354497355,0.5744594043247654,1.0,0.0553766480077304,0.0831800718943346,2.4126003060332417,-78.73518822704143,0.2634704115040563,0.2357864357864358,False,False,False,False,pachytene,19,off_axis,83.56115076261507,20.0
528,5.488265186459239,78.20115155968928,8.059049120475361,30.004846398,1.9276770024509635,0.6382612774607146,0.1790276792051099,0.5763993948562783,0.9991843393148452,0.1070527533465564,0.1228365082777234,2.4871115366695893,-84.727368961851,0.2641926046846335,0.3105965773086029,False,False,False,False,pachytene,19,off_axis,84.95887404501434,20.0
933,9.08225660953442,78.43399980570258,10.148358552494193,33.805006758,2.0058454727614934,0.7023107348553188,0.1090342679127726,0.6074592074592075,0.999755501222494,0.0662452390768185,0.1218063166585392,1.7887550365960083,-83.89191094689863,0.2642324956478207,0.1794923289891767,False,False,True,False,TZ,19,off_axis,84.29139472653159,20.0
730,8.709971396261322,76.02980584713721,35.11620115745236,35.264080674,2.034298375825606,0.5003658617707709,0.1997656083528659,0.5083211290107842,0.9792184323469618,0.1313037291799802,0.067488007215785,1.4871353932081783,-78.86658955769273,0.2647681936842173,0.3929909597533724,False,False,False,False,pachytene,19,off_axis,85.40439580794919,20.0
334,3.58058889422314,77.75395813730105,33.75775470475291,29.317533444,1.9128442361266944,0.6153784605536886,0.058005095042132,0.6877470355731226,0.9995066600888012,0.0961610543662755,0.1029929663735742,2.209134837101715,-77.61674930646946,0.2649964373660544,0.0843407416417207,False,False,True,False,TZ,19,off_axis,83.56625909155926,20.0
437,4.592253835840747,78.39761659466583,25.75520970505053,31.494415428,1.9590626021028,0.6590198123044838,0.120630042258932,0.6317169069462647,0.9998595308329822,0.0247392272393726,0.0433410424525545,2.35904181646663,-79.34877215298658,0.2651535480507797,0.1909558552771061,False,False,True,False,TZ,19,off_axis,82.65059147607752,20.0
1000,8.576996086105977,76.3881757632098,30.068170391387408,47.94770232,2.253684219275633,0.7640410958904109,0.0894846139324145,0.6527057847812565,1.0,0.253810614689345,0.5253065862498252,1.5338851810440517,-80.00471082980548,0.2657148621172001,0.137097932972057,False,False,True,False,TZ,19,off_axis,84.71034366256359,20.0
605,6.781595806639994,78.32698945107677,28.01398370704705,32.221606607999995,1.9740259640991684,0.7055183459522423,0.1204609697760382,0.5775030902348578,0.99987253027406,0.1120879150590242,0.1803826553417458,1.7375224764959825,-78.75373158929389,0.269504054026767,0.2085893076815388,False,False,False,False,pachytene,19,off_axis,82.72024488852514,20.0
672,7.240805743916995,78.81107349421568,35.63905181491702,35.285192675999994,2.034704261386222,0.5805079111820237,0.2181885763845867,0.5438985736925515,0.9981193366387416,0.1278067651950928,0.0918670782581804,2.265422796035071,-76.05429784918809,0.2704035395544841,0.4011567357187479,False,False,False,False,pachytene,19,off_axis,82.68989187829965,20.0
758,8.297931558935163,80.10305317870713,7.759410866920179,30.8469807,1.9455453154981976,0.6198479087452471,0.1012225818051061,0.6135227045409082,0.9980276134122288,0.1228279576362869,0.1308022810077709,2.185645953799656,-82.99702046443761,0.2708449861329718,0.1649858775493073,False,False,True,False,TZ,19,off_axis,83.17401960155279,20.0
1030,9.638721302723106,79.70997811665792,16.175079137746366,35.149137552,2.0320857076996046,0.6750533902829685,0.1179347826086956,0.5576093653727665,0.9998700116989472,0.0774993358768974,0.0838816343199738,1.84426942313581,-80.9042564007857,0.271354654185374,0.2115007206341579,False,False,False,False,pachytene,19,off_axis,82.03673435651247,20.0
5,2.8642984466512806,80.77578160173435,14.995473007384884,55.271221236,2.363034979358857,0.7724726254138019,0.2003281622911694,0.5012124603618728,0.999866515384102,0.0549226904444869,0.1254669023609435,1.6993671711108689,-80.23134666240925,0.2723600118065715,0.399687115014127,False,False,False,False,pachytene,19,off_axis,81.14517298695031,20.0
932,9.141863799283245,78.15557809139672,32.273400000001345,26.17888248,1.8419909752967865,0.6524193548387096,0.0634958957025592,0.622840938386182,1.0,0.0924321020558612,0.1149219763200441,1.700278796003745,-77.66819816210543,0.2747230667077568,0.1019456040688026,False,False,True,False,TZ,19,off_axis,83.05712664596199,20.0
169,3.0163574954533616,81.40199973499786,25.716531395168325,45.14449761,2.2088797392155586,0.7565601454923356,0.136723788465082,0.5575240128068303,1.0,0.0892545869743663,0.1743586815751287,2.362721537354624,-76.48789135876667,0.2747341361272056,0.2452339008265349,False,False,False,False,pachytene,19,off_axis,79.64709299711632,20.0
446,4.918959782279859,81.75356425763648,9.82832160870866,38.78743923,2.099910731276879,0.6322951315391594,0.1613793103448275,0.5748355263157895,0.9987290289781392,0.0892718787017463,0.0930098598318869,2.04908357844257,-80.81224332715627,0.2752667062600007,0.2807399733609589,False,False,False,False,pachytene,19,off_axis,81.1077330650985,20.0
1032,9.15480062742458,81.67840622471832,21.23930371914494,56.82881782799999,2.3850272065419595,0.7165442087013951,0.118824586167073,0.5737585554099316,0.9988029854950008,0.166304186753933,0.2478511706053675,1.864923558220625,-77.53693829553437,0.275741681307419,0.2070985871089569,False,False,False,False,pachytene,19,off_axis,79.56464589745968,20.0
1052,9.51821509009031,79.2304292652023,26.74253851351442,33.328813823999994,1.9963824774786736,0.6326013513513513,0.0681899321670831,0.675095785440613,0.9998597868760516,0.0872388805814465,0.0921747555359494,1.8480349172308412,-78.2629824023019,0.2758833766966834,0.1010077882838178,False,False,True,False,TZ,19,off_axis,81.80976320947917,20.0
934,9.9075221525123,83.17212346549354,9.198537306772089,36.268073658,2.053423966581912,0.6994372938361038,0.1454578889297535,0.5915644501829137,0.993370670933821,0.2137282527499732,0.2522390599849481,1.5221166777287791,-79.64081693276313,0.2800680480042984,0.245886798783763,False,False,False,False,pachytene,20,off_axis,79.85897843060985,20.0
448,4.904027196652829,83.95508610094083,11.562143684623218,17.940510143999997,1.6239851723127685,0.7090742677824268,0.0820957095709571,0.5303370786516854,0.9872168647678852,0.2504909823721793,0.3774857107511849,1.616140507624139,-78.19898409316828,0.2817437685952744,0.1547991133859149,False,False,True,False,TZ,20,off_axis,78.59992176477736,20.0
731,7.618923198733187,83.47604079572405,7.627839964370177,23.701740912,1.7819569689016503,0.5755146476642914,0.0706392199349945,0.622522732571695,0.9942829919009052,0.2316711139739153,0.197003639368561,2.1899416760012564,-79.81099735165247,0.281967094763043,0.1134725147195474,False,False,True,False,TZ,20,off_axis,79.92718690334932,20.0
447,4.84257575757559,82.98293325757561,34.232064299241976,37.15712352,2.070067429865367,0.6383207070707071,0.1137066831683167,0.5803805201605865,0.9997374294341604,0.1465822207393569,0.1601197909795595,2.7210896986411,-72.47865841773209,0.28243942403428,0.1959174700364772,False,False,True,False,TZ,20,off_axis,78.3988007098804,20.0
466,4.87374647887326,83.83146067605603,8.349762211266736,16.6550238,1.5842323698666445,0.5073239436619719,0.0398023606917375,0.6761006289308176,0.9977229601518026,0.2161019426137189,0.1445407048662131,3.184643298386812,-79.25945191115409,0.2825116972134143,0.0588704683719653,False,False,False,False,pachytene,20,off_axis,79.41040407948508,20.0
1031,9.50686123193505,82.52055033674775,14.111344120949298,33.436719612,1.9985346608645829,0.7294092886207381,0.1080018501387604,0.5903551983406793,0.999882615330438,0.1312417418479626,0.2301239925463944,1.5485577826451895,-78.82266636785202,0.2826260041538604,0.1829438454041277,False,False,True,False,TZ,20,off_axis,79.55731041738366,20.0
843,8.898448038766158,82.10435685285887,33.348265621112255,35.822375838,2.044977774231341,0.5980616855477703,0.1603283173734609,0.5685891169762137,0.9976544175136826,0.0803944389756244,0.06583263416118,1.907065224303319,-73.57783059175324,0.2844246717857457,0.2819757054551013,False,False,False,False,pachytene,20,off_axis,79.19695927211082,20.0
170,2.91870384152979,84.12841592145143,29.69181494818647,40.973704326,2.138645849738327,0.747695654663079,0.2004716981132075,0.5881552076242341,0.999908282124186,0.0779433601185598,0.1808490391952691,2.128543939861661,-72.7153441404629,0.2849132207831405,0.3408482922781272,False,False,False,False,pachytene,20,off_axis,76.96151456136134,20.0
703,7.430513615994238,82.33698452947381,30.520836463288685,34.025509889999995,2.0101972641493666,0.7515339538090313,0.0468130124305739,0.6589900110987791,0.9994891182180444,0.1250819458425451,0.2620207314544436,1.7079051668191416,-74.1847990110178,0.2849231112661829,0.0710375144420161,False,False,True,False,TZ,20,off_axis,78.78534551164469,20.0
782,9.503629745189398,82.36278639625645,29.061361669265636,45.10931093999999,2.2083057059934483,0.6758190327613105,0.1134812286689419,0.6092396535129933,0.9985790071996968,0.2285873001337323,0.307642297425469,2.2435602028226023,-74.58823648605727,0.2855136935228581,0.1862669772306961,False,False,True,False,TZ,20,off_axis,78.70634898308832,20.0
419,4.605925563173326,85.42227469392571,10.174206904995351,19.160314704,1.6599869591208167,0.6743388834476004,0.0927694406548431,0.5676691729323309,0.9993147555961628,0.0809542792354315,0.127571092637148,1.9872093884944124,-77.20345453908,0.2872127828791537,0.163421663670121,False,False,True,False,TZ,20,off_axis,77.44973832651478,20.0
704,7.872082570334661,85.47423803063069,7.069085533544177,28.182176892,1.8878260549650767,0.6378391876144498,0.1402884805374431,0.54102505171225,0.9987623762376238,0.0847861992047184,0.1113291450691876,2.251258747659813,-78.06459504321187,0.2883916778214047,0.2593012654283836,False,False,False,False,pachytene,20,off_axis,78.12965625910513,20.0
1053,9.302178922261712,85.14265629219278,17.51361648946838,58.027510386,2.401679823386837,0.7337591462182156,0.190113133300541,0.5601275432736107,0.9983818770226536,0.1779575408670231,0.2716135403397855,1.6260291135112084,-75.31792102433796,0.2894607409882351,0.339410435325932,False,False,False,False,pachytene,20,off_axis,76.47801535505627,20.0
844,8.584420649553651,85.53686366472579,24.22584679478089,66.160322712,2.5090135218741128,0.7972982555665863,0.1622215709261429,0.5737274794472625,0.9999492256918,0.0981413472721813,0.2262203204469578,1.7103120649286652,-72.97217105914143,0.2916099565388571,0.2827502198124266,False,False,False,False,pachytene,21,off_axis,75.5511883292129,20.0
1001,8.578250691636821,85.86754911683163,11.160742530325171,66.136864932,2.508716955180034,0.813151734411577,0.1770035931885643,0.5523917995444191,1.0,0.1798020427999237,0.450057262533538,1.4994331217255437,-76.48838865051948,0.2916619459126874,0.3204312470506381,False,False,False,False,pachytene,21,off_axis,76.80658544537611,20.0
625,7.270841889116698,85.17239045174445,33.80334002640068,31.987028808,1.9692238969557043,0.6356702845409211,0.2383872451326076,0.4921497584541063,0.9991734170937344,0.0939226580132566,0.0788241037224031,2.4882909907675894,-70.5112678551162,0.2917905332907562,0.4843794821344764,False,False,False,False,pachytene,21,off_axis,76.17922648915257,20.0
171,3.3441892694516566,87.63645219758617,10.136727766779163,23.697049356,1.7818393867852482,0.7075826568996239,0.0690198550267885,0.6066350710900474,0.9989875126560918,0.1082907525348292,0.1786978485468477,2.433681820251996,-75.09766803383134,0.2954456425156088,0.1137749172707217,False,False,True,False,TZ,21,off_axis,75.2978024701628,20.0
935,9.364798206277854,87.88419540358922,8.71697634529138,25.109207712,1.816553250657544,0.648168908819133,0.0575575575575575,0.6449814126394052,1.0,0.1705358948008824,0.2016767882104957,2.0638662277111197,-75.27727496918088,0.295468351319741,0.0892390950027837,False,False,True,False,TZ,21,off_axis,75.38648298151412,20.0
335,3.5717263427108943,86.87099614450088,31.76336516624137,36.68796792,2.0613180970873244,0.69693094629156,0.1827586206896552,0.5303797468354431,0.9991757918285648,0.1014272237981801,0.1543146608929743,2.58432588237139,-69.48576160918755,0.29621406253798,0.3445806929470825,False,False,False,False,pachytene,21,off_axis,74.32697571575613,20.0
142,3.0468627315930865,87.71489185894393,7.941286404022561,34.058350782,2.010843793213635,0.6324127005992148,0.1389157792836398,0.5904065954656174,0.993612596553773,0.2177403205781309,0.2092259050056274,2.739940970923293,-75.66666252040538,0.2964373242208393,0.2352883256225915,False,False,False,False,pachytene,21,off_axis,75.74142231075216,20.0
1033,9.558610195282844,88.3746059155469,21.29084476921137,36.997610616,2.067100963160434,0.7798630484402739,0.128732747804266,0.5601958525345622,1.0,0.0752893803365426,0.1852896720382662,2.1787370636359893,-71.12017288993894,0.2974116522112842,0.2297995374685921,False,False,False,False,pachytene,21,off_axis,72.88310425648173,20.0
541,6.663156847133772,88.41028680334408,7.460876244028293,23.570377344,1.778658786115691,0.5155254777070064,0.0505168714647942,0.6754313886606409,0.9972587719298246,0.1344302342789533,0.0754442737219098,1.816786356988824,-75.14277423882382,0.2982108858487555,0.0747920104290201,False,False,True,False,TZ,21,off_axis,75.19130758524364,20.0
172,3.896087149844425,88.97011133837258,10.863347154291482,10.551309444,1.3606275184346523,0.6325033348154736,0.0559680182752713,0.4688445251058681,0.9971896955503512,0.1257513406597557,0.1767796030290515,2.4866295748558174,-73.60953635955848,0.2984206974063274,0.1193743667213206,False,False,True,False,TZ,21,off_axis,73.83688070542371,20.0
845,8.746610424827159,86.79702249171358,31.01009034347686,46.713823092,2.234183983672301,0.7295872250677915,0.1568811648661343,0.5968430826369545,0.9991694352159468,0.118388097282642,0.2158301676766658,1.6621422496665093,-69.77743766877948,0.3000269696129411,0.2628516094599046,False,False,False,False,pachytene,21,off_axis,74.35555492573319,20.0
273,2.906026280018148,89.29607344811964,11.79650512007264,5.177132046,1.073165932473213,0.5863162664250113,0.0888223552894211,0.4129244249726177,0.9595765158806544,0.1490719932728827,0.1448110939684501,1.9507097576321624,-73.02419161482045,0.3001794108446504,0.2151055978229218,False,False,False,False,pachytene,21,off_axis,73.32060484246425,20.0
1034,9.52354220756475,89.15945879587508,13.718656087292626,33.429682277999994,1.998394442337436,0.6688653427829626,0.1256253474152306,0.5950413223140496,1.0,0.0668052686814083,0.0896845874487849,1.9284901475540683,-72.59097675539296,0.3041085284862171,0.2111203755172626,False,False,False,False,pachytene,22,off_axis,73.08274546635118,20.0
497,6.209692769215031,89.30241887865827,32.413606320473114,45.35327185199999,2.212279549104757,0.5070342401986139,0.171793534932221,0.5632147728465009,0.9952676240208878,0.1683656792636627,0.0930948145810561,2.8464403359920687,-66.9705586614529,0.3041351131263426,0.3050231336510802,False,False,False,False,pachytene,22,off_axis,71.94762161145722,20.0
479,6.340924599112906,90.22509580347852,6.362264738996879,27.501901272,1.8725124034295264,0.6222279085636302,0.183142751752121,0.4725671709189433,0.9903104607474787,0.1180074835003412,0.114836446382251,2.442261114758692,-73.7300483039663,0.3046760595723637,0.3875486132394381,False,False,False,False,pachytene,22,off_axis,73.73853222992715,20.0
846,8.009002271342426,90.41696175004007,9.943894091739962,84.687277356,2.724226336484657,0.7925322696803501,0.162754303599374,0.5372496662216288,0.9968669665809768,0.3057928424780779,0.6872533132183908,1.5731271873045016,-72.49603110405324,0.3055589866638096,0.3029397947214989,False,False,False,False,pachytene,22,off_axis,72.63471417623782,20.0
213,4.093830935251898,91.4796075539559,10.180643133992492,52.17010272,2.317987168303139,0.7962230215827338,0.0745354298550132,0.6037069726390115,0.9988780852655198,0.1660360835027545,0.4310029490393082,1.817262300002915,-71.41068395725856,0.3068457262871511,0.1234629269382018,False,False,True,False,TZ,22,off_axis,71.54616876909077,20.0
972,8.684457970406717,89.17427568999935,27.40852058453173,44.705837124,2.201702019335215,0.7056879000944485,0.0661005661005661,0.6858620074879658,0.9993897654955975,0.2301782352101001,0.3450621332128047,1.7544448824651444,-68.56119531377168,0.3072256024585316,0.0963758968697882,False,False,True,False,TZ,22,off_axis,71.86738469544115,20.0
808,8.756782334384772,89.71313285058793,32.516477129338206,16.359455771999997,1.5748048641907466,0.5510467450530542,0.1089926010244735,0.4908974768444586,0.9468363908648446,0.3121201094961678,0.1873540477189395,2.6690929890392963,-66.54773633568682,0.3077734359540139,0.2220272178318975,False,False,False,False,pachytene,22,off_axis,71.54608678054366,20.0
6,2.977230543048752,91.41196688412955,13.373607061473018,51.05820394799999,2.3014010566103247,0.7411559312689515,0.0,0.670926517571885,0.9993692620365828,0.1281406877067653,0.2682043821452063,2.156916709866079,-70.53876451714312,0.3087069602616787,0.0,False,False,False,False,pachytene,22,off_axis,70.93354465434336,20.0
892,8.352594444220026,91.19680447929473,18.48142141676422,58.182331734,2.403813875000949,0.777083417328549,0.0811035399700847,0.6308554892385603,1.0,0.1999793716268236,0.4282292336441196,1.7234068479005085,-69.24619896951948,0.3095012544266541,0.1285612019766625,False,False,True,False,TZ,22,off_axis,70.35113054563452,20.0
173,2.560085267645702,89.94480194694418,24.532817820937662,49.51937357999999,2.278044364544059,0.726290857413548,0.1579714368988632,0.5835929387331257,1.0,0.0547377736148113,0.0949498221072666,2.098987575407772,-68.66808624238628,0.3100536523510084,0.2706877112697604,False,False,False,False,pachytene,22,off_axis,71.13526428543906,20.0
386,4.440113202903933,92.10912334809775,6.488498597268256,38.128275612,2.0879472303409803,0.5770887166236003,0.2423674639038906,0.4981088158277568,0.990578734858681,0.1443034192971479,0.0990242071133528,2.908828318823208,-71.89186755313789,0.3120499040350045,0.4865753349519112,False,False,False,False,pachytene,22,off_axis,71.89514591103902,20.0
275,3.1306605574647044,93.23513505154784,9.758330355097122,6.143592581999999,1.1361733527864069,0.6540664375715922,0.0,0.5253863134657837,0.9809451219512196,0.0893917421794577,0.0924464154670207,2.341047079008004,-69.8562547055073,0.3128656219795458,0.0,False,False,False,False,pachytene,22,off_axis,69.94299547258908,20.0
274,3.17721249408412,91.60710287505763,29.033427135588003,39.653031312,2.115416696829797,0.630619971604354,0.1026156941649899,0.6065022421524664,0.9997575757575756,0.1530219888641931,0.1501614619752852,2.529725043331639,-65.75875334592725,0.313918044170181,0.1691926047969889,False,False,True,False,TZ,22,off_axis,69.4650543613137,20.0
974,8.275359248667396,92.79432539985324,24.407519341171863,66.43947029399999,2.5125372971328077,0.7894643928962327,0.1760397954953709,0.550897199396277,0.9998467276350074,0.2056102120065821,0.4786908756795566,1.5945220990572675,-65.98066125564687,0.3150815646449082,0.3195510808337586,False,False,False,False,pachytene,22,off_axis,68.29190772478172,20.0
146,3.018181818181884,94.0290376496696,11.71300920177334,31.738376339999995,1.9641080037762573,0.6906873614190687,0.1167159138877163,0.5921146953405018,0.9947559499798304,0.1008250709685187,0.1566790687594351,2.664675770151056,-68.5239128983841,0.3152318048482564,0.1971170700646056,False,False,True,False,TZ,22,off_axis,68.71478475739225,20.0
936,8.411371701897512,91.45530608702276,29.367877769632443,60.811948872,2.4394959651034136,0.692254281746644,0.1712890827879921,0.5533968413136124,0.9986888413498032,0.3994507020107181,0.5138739662385743,1.7273726706454955,-65.8057692592035,0.3160185123193471,0.309523058319955,False,False,False,False,pachytene,22,off_axis,69.62773680465129,20.0
480,5.279137391304738,92.87633213217484,31.060658483478317,33.720558749999995,2.004173818006099,0.5723130434782608,0.2302491548766746,0.511060507482108,0.993931348378532,0.0824889863050599,0.0667089903937812,2.9444805449423708,-63.95071191057237,0.3165086177110491,0.4505320828077007,False,False,False,False,pachytene,22,off_axis,68.28931592769092,20.0
937,8.748663853726805,93.37213972573838,13.125788639241131,66.71392632,2.5159922395918994,0.7568565400843882,0.1686703534503486,0.5274041937816342,0.9996097669751366,0.1342449382877051,0.2340452814899754,1.8924571803007184,-68.73750784267195,0.3180765056361264,0.3198123098736388,False,False,False,False,pachytene,23,off_axis,69.05953649686828,20.0
673,7.934140474663848,94.10207145606344,6.665990041693631,58.513086432,2.4083603346107845,0.6777581783194355,0.2301503687386266,0.5028614083105251,0.998192392329456,0.1657501764787566,0.1889253533438669,2.1632636198132618,-69.93452217181817,0.3182511577973365,0.4576815101239684,False,False,False,False,pachytene,23,off_axis,69.93504984729996,20.0
8,2.681310475389141,95.30714375262968,8.146323038494549,44.607314448,2.200083460241526,0.6966238956668069,0.0912098298676749,0.5760097070549489,0.9996228549877428,0.1831397305394382,0.2430367230316546,2.8106644699546823,-68.34823598740398,0.3214689280198512,0.1583477305165863,False,False,True,False,TZ,23,off_axis,68.36124148296614,20.0
606,7.869956722043884,94.39947652519989,31.19073262599506,33.605615627999995,2.0018940194675645,0.6399553259807343,0.132817753866846,0.5569988367584335,0.997200117889773,0.0987833160877215,0.1083078252350741,2.5398615830523865,-62.456413306994534,0.3218958728416052,0.2384524797929661,False,False,False,False,pachytene,23,off_axis,66.77723059664964,20.0
973,10.199486433278304,95.58550769494424,23.54350969785224,82.21717312199999,2.6974784077220986,0.8522925047790236,0.080951535593822,0.6629322001158973,0.9998568821782532,0.2455642485683735,0.9588999989714908,1.5644023203299595,-63.56569555185251,0.3219020609860938,0.1221113344315899,False,False,True,False,TZ,23,off_axis,65.54152309546292,20.0
938,9.639880656389684,95.27238781700623,8.348416708105463,4.717359557999999,1.0404074580682074,0.5350571854798607,0.1659232827832292,0.1219251336898395,0.8440779610194903,0.2383126233955817,0.1932208968296214,2.1807562340836943,-68.3221834084901,0.3228881598991338,1.3608620123010466,False,False,False,False,pachytene,23,off_axis,68.33946530534494,20.0
7,2.6971034560712503,92.40428257269764,20.579934967644384,83.01004608599999,2.706121854019085,0.6719416734959166,0.1407105847520355,0.5953139805323456,0.9999471011426152,0.0600925604750453,0.0764250852352502,2.265800032340642,-67.47628334133742,0.3232176553222949,0.2363636490213255,False,False,False,False,pachytene,23,off_axis,68.92791982480679,20.0
894,8.991842223218038,95.8425256224278,17.727550698829983,57.567737898,2.395319876768194,0.7421050486940223,0.1791180285343709,0.5719702954653184,0.9998024626325146,0.181165512482166,0.3161808977521386,1.8321739152396543,-65.025965150964,0.3248437275215503,0.3131596692248712,False,False,False,False,pachytene,23,off_axis,65.84232521234927,20.0
9,2.155159971133042,96.9505751022354,10.64599594659541,58.508394876,2.4082959657657823,0.7292919573410312,0.0396814108946096,0.5845675355450237,0.9995440927445616,0.1424975867377726,0.2399809855294392,1.935772323165449,-66.0438726853389,0.3256009726700004,0.0678816534989623,False,False,False,False,pachytene,23,off_axis,66.12335133412732,20.0
1002,8.370519575260937,94.96376401070006,27.54423562454436,57.87972637199999,2.3996392302255427,0.7105455134959877,0.2269726160839917,0.5704284514141696,0.9987351556461248,0.2721093317902883,0.3766526328475377,1.7983960764360716,-62.98656626001828,0.3259593885603036,0.3978984840628054,False,False,False,False,pachytene,23,off_axis,66.07918456388975,20.0
214,3.3651341739410863,95.01524902036984,26.525222560621817,36.27745676999999,2.05360103550008,0.6570320077594569,0.1546063117628306,0.5989819004524887,1.0,0.0584312403978752,0.0720898151210486,2.445921445409281,-63.23625072197987,0.3276004559945499,0.2581151644916757,False,False,False,False,pachytene,23,off_axis,66.02593120243603,20.0
893,7.025143766058917,96.34422593906687,8.466812639177865,38.344087188,2.09187918266644,0.8054569925364004,0.2152023692003948,0.2943396226415094,0.9799313893653516,0.3744471447035756,0.8653869479617607,1.4942531457401924,-67.26276454018281,0.3279935560809845,0.7311362543346748,False,False,False,False,pachytene,23,off_axis,67.27602325581464,20.0
467,5.262185636505277,96.88049926108128,5.406604433497695,36.190662984,2.0519619813865493,0.6344309048483276,0.1918612981802551,0.5237588652482269,0.9970887918486172,0.0931695964565558,0.0941064778901762,2.625779719133748,-67.6477246310764,0.3280751682241963,0.366316087250047,False,False,False,False,pachytene,23,off_axis,67.6702868611336,20.0
407,4.425045066698765,96.6636979750017,29.727979065015003,39.038437476,2.1044305884838104,0.6584545126787646,0.1978549252046288,0.5423997185080929,0.999749655776693,0.1276217274723482,0.1542182742919302,2.9737012637092746,-60.72085664313287,0.3297680303223292,0.3647769688170972,False,False,False,False,pachytene,23,off_axis,64.43751243525283,20.0
975,7.427387311305545,97.3796673049727,24.009800179457265,111.10777497,2.9823042477045982,0.8662303388578064,0.1404151404151403,0.5670770202020202,0.9996573446848888,0.1848900690926861,0.7541173637590669,1.4064309308506775,-61.71368159787974,0.3301989497444027,0.2476121151322931,True,False,False,False,pachytene,23,off_axis,63.72681713248393,20.0
895,8.699262381454226,97.7269985247609,8.927027871443277,13.356859932,1.4718783620039888,0.5769230769230769,0.0791284403669725,0.5342465753424658,0.9954280964256028,0.0912955056034775,0.0858349396605316,2.507649139680604,-65.80582354035809,0.3315825293607868,0.1481122088920255,False,False,True,False,TZ,24,off_axis,65.82008205572708,20.0
783,7.158413985305196,97.97217779833056,13.560883141627404,92.58785765999998,2.806435995476503,0.8342791993919433,0.1355887405841151,0.5904295979208072,0.9998341955166468,0.2277926180203424,0.7396001802315133,1.605280283460412,-64.21219116570745,0.3338610795112771,0.2296442134025627,False,False,False,False,pachytene,24,off_axis,64.46717149446718,20.0
649,7.351788788980187,97.63470495503834,29.20298691409884,36.784144818,2.063117762445998,0.6095912250494229,0.2039011703511053,0.523031688990526,0.9971671388101984,0.1599986816299734,0.1550820144193755,2.3896566231747274,-59.94655709162647,0.3342748729755033,0.389844773544493,False,False,False,False,pachytene,24,off_axis,63.44638263123111,20.0
939,8.632113974046064,99.96785588677984,7.913247982885762,49.89000650399999,2.283713664158153,0.6870885837878503,0.2367243949994265,0.4784372652141247,0.9948382339386118,0.1513885055493008,0.135368383168432,1.8847331533193137,-63.96090681415684,0.3377531555036591,0.4947866987189647,False,False,False,False,pachytene,24,off_axis,63.96142125395594,20.0
560,6.774900268131924,99.88508079262488,5.313655110849528,35.869291397999994,2.045870134772337,0.6390687332417762,0.2069262825118552,0.4850516397898169,0.9983353510895884,0.1009164295084901,0.1126953491326255,2.333188384869953,-64.80257336323169,0.337797405367235,0.426606706456081,False,False,False,False,pachytene,24,off_axis,64.85952730886571,20.0
759,8.713037210559495,99.43135310388531,27.321921853320283,52.071580044,2.3165270842150085,0.6627624110280206,0.1945341080266839,0.5002671653753673,0.9957848437643178,0.0405547913578512,0.0281774817309458,2.130473330165892,-58.78070844093596,0.3399670474080254,0.3888604359646878,False,False,False,False,pachytene,24,off_axis,61.60995790898024,20.0
147,2.0704898986638174,98.62878133996271,24.09399584005682,72.686277108,2.588935746617653,0.8060414380688052,0.0637170898893908,0.5823627287853578,1.0,0.1630112215328533,0.4302673078813385,1.7006140593617929,-60.49481672295359,0.342277274522063,0.1094113457814968,False,False,True,False,TZ,24,off_axis,62.47516717979234,20.0
276,3.7208922121539127,99.88610361827672,27.507328439262505,37.018722618,2.067494072703317,0.673468094544072,0.1596542726679712,0.5270716087715893,0.9986031746031746,0.1239274296920738,0.1473529811839457,3.0026690465866515,-58.29157662517831,0.342612281545728,0.3029081248372813,False,False,False,False,pachytene,24,off_axis,61.15671669867598,20.0
149,2.6761705831159013,101.90338161879788,7.414299060052509,40.42948383,2.1291349832559625,0.6945749927473165,0.1600446784745491,0.5784574468085106,1.0,0.0837786422845064,0.1274185076385852,2.922168225352217,-62.25687660056569,0.3429068795669761,0.27667493842037,False,False,False,False,pachytene,24,off_axis,62.270474566383385,20.0
810,7.645503498718505,100.80205172632203,20.24243230627566,81.46183260599999,2.6891922782713054,0.8135744521553834,0.141607000795545,0.5838739573679332,0.99992056241808,0.1518039466172632,0.3918077209975183,1.601577235178213,-59.546914471905644,0.3433248968059669,0.2425300854895128,False,False,False,False,pachytene,24,off_axis,60.6069329575963,20.0
940,7.333924757680219,101.85862309019224,24.3757406686384,85.67250411599998,2.7347499133841096,0.8291988390559115,0.1244912280701754,0.6167040718178903,0.9998191223817964,0.1843633320312674,0.5678337311422565,1.5421332296460646,-57.32440582261087,0.344341120831126,0.2018654225894864,False,False,False,False,pachytene,24,off_axis,59.236041634176964,20.0
809,8.52593986874891,101.58982962812271,13.256841186346076,46.110958146,2.2245312570252067,0.6789947601363382,0.1870651893841793,0.5426307448494453,0.999904104334484,0.0889785533068664,0.1174474540169334,1.970849255973392,-60.84285667470694,0.3463923969621789,0.3447375423522698,False,False,False,False,pachytene,25,off_axis,61.00003824599099,20.0
626,7.087417757580169,101.35986008953329,28.61559559790996,34.583805053999995,2.0211322025818896,0.6341314522146103,0.1905762304921968,0.4655172413793103,0.9737126952218956,0.1335847269148089,0.1242963409501135,2.4157443947203805,-56.55756236880232,0.3464864241434777,0.4093859766128673,False,False,False,False,pachytene,25,off_axis,59.70422216363373,20.0
760,7.458769809293235,102.9484399217198,6.565254794520141,61.13332045799999,2.4437857343929514,0.7522351406315951,0.1414705491291051,0.5682205358525632,0.9972171235715556,0.2987778959943025,0.5416285902068662,1.7231890292852836,-61.50683655660165,0.3487125756028147,0.2489712007976647,False,False,False,False,pachytene,25,off_axis,61.55440686667725,20.0
705,7.190666100975859,103.33543058973125,18.326593084429422,5.528998745999999,1.0969477980731457,0.5545184556639796,0.1025641025641025,0.4038095238095238,0.581270182992465,1.0220093882911565,0.0948984330384056,1.5036679573098592,-57.68694267136501,0.3498118492048809,0.2539912917271407,False,False,False,False,pachytene,25,off_axis,58.340928799952266,20.0
336,3.666952548330453,103.02046445694027,28.65543389103597,33.36869205,1.997178389997438,0.6489982425307557,0.1292291594000697,0.5998397756859604,0.9991405242801892,0.105533904943369,0.1208813522984286,3.263645648854557,-54.95831905889813,0.3507353457642449,0.2154394634005169,False,False,False,False,pachytene,25,off_axis,58.04548419491844,20.0
847,9.005302708067378,103.7986171416407,10.57652712320936,49.63431670199999,2.279805582271159,0.7109031617751311,0.1589440395985151,0.5242766061794998,0.9972837619896444,0.1208305804725919,0.1529193803023993,1.8034971183282067,-59.51743972503363,0.3519299592421591,0.3031682850714427,False,False,False,False,pachytene,25,off_axis,59.52885869233224,20.0
706,7.0555870469758935,103.35308255290823,16.93390960320772,155.600146296,3.33662293400986,0.8004884520291865,0.1465789643386857,0.6109264016926099,0.999811660318922,0.1856522129001797,0.4764504787593062,1.6292254788335137,-58.07857981030208,0.3543319601820291,0.2399290060678005,True,False,False,False,pachytene,25,off_axis,58.54487548847027,20.0
420,5.103058994901597,104.76695336073442,5.998294266985756,45.090544716,2.207999432877493,0.6633544896472792,0.1317590232121293,0.5515376294235821,0.996862983201781,0.1665109537862649,0.1857425261694119,2.3046146186517062,-59.934621181367326,0.3546119525255701,0.2388939868886771,False,False,False,False,pachytene,25,off_axis,60.036435177680225,20.0
215,3.543498542273942,102.29814661224384,23.33285926530485,40.23009269999999,2.125629039804069,0.7156851311953353,0.215067611075338,0.5445036915504512,0.9995887735170144,0.0842361053044984,0.1389403077481621,2.377727572395454,-57.21012207077475,0.3552839082099812,0.3949791606792271,False,False,False,False,pachytene,25,off_axis,58.85127796470649,20.0
148,2.802177898772234,100.81790746152666,18.673317173176653,42.221658222,2.1601416243267515,0.7626534807489305,0.1158940397350993,0.5479868913857678,1.0,0.0114448942778478,0.0212207220108532,2.6321975435815363,-59.992021114951555,0.3555703054048039,0.2114905329980113,False,False,False,False,pachytene,25,off_axis,60.78411147132669,20.0
542,6.610266398592502,104.14044577155164,28.230950760240685,37.335402648,2.0733728629243804,0.6508544860517718,0.139116963594113,0.569012056865215,1.0,0.09169886895326,0.1089177395048125,2.136819642757162,-54.01211618327991,0.3556838543639392,0.2444886042670734,False,False,False,False,pachytene,25,off_axis,56.91465420515098,20.0
896,8.17169557233249,105.66809565394963,24.596461358906424,57.48328989,2.394148045747419,0.7446235462150581,0.2137203166226913,0.508309364014062,0.9995282700990632,0.1844017628113231,0.3084815570278101,1.7651221696851165,-53.61776100182133,0.3569606736132628,0.420453235279724,False,False,False,False,pachytene,25,off_axis,55.42063354676492,20.0
1003,9.387297584285012,105.64403378019776,20.85891205866796,35.346182904,2.035875910980637,0.7010220334483674,0.1394460362941738,0.5425083240843507,0.9992747491840928,0.1197864364798369,0.1821512663839202,1.77655423538102,-54.73709113909812,0.3600655050319543,0.2570394408777632,False,False,False,False,pachytene,26,off_axis,55.72656332897293,20.0
421,5.300117721633545,106.8118189350728,4.7615223308889005,25.904426454,1.835531282997289,0.5881553925563705,0.1141410206466693,0.5477132805628848,0.988327721661055,0.1509985557530111,0.1427628502347095,2.710784472937576,-58.342484690114304,0.3607430620344475,0.20839556880813,False,False,False,False,pachytene,26,off_axis,58.58066024058643,20.0
811,8.014105541463218,106.67782549573168,7.797116327843899,65.65598044199999,2.502621822595118,0.7982421665654365,0.1543875411799939,0.5548078625819018,0.9988289801944912,0.2523462769456295,0.6258370439313892,1.6714034564415088,-57.580160249224946,0.3615255855666555,0.2782720858740587,False,False,False,False,pachytene,26,off_axis,57.6275168367624,20.0
174,3.0385149241099416,105.82415677368662,22.231833532697127,41.574223494,2.149043364670379,0.6834057439485415,0.1642835865355972,0.5523079664943861,0.9998936170212764,0.0335450114531654,0.0439147037623513,2.4449025081759124,-54.162175520170095,0.3644547240222537,0.2974492429981401,False,False,False,False,pachytene,26,off_axis,55.41451297284818,20.0
607,8.193038773670503,107.49021677907946,27.317951372407983,65.03669504999999,2.4947284788708743,0.578214607754734,0.1573106579231822,0.5600307850179579,0.9985598559855986,0.1161743758169091,0.0874692439551528,2.3423246993090943,-51.0775030384173,0.3650520752687584,0.2808964473589392,False,False,False,False,pachytene,26,off_axis,53.55126187404349,20.0
337,3.5923914687642555,107.66491084555966,27.86573252155487,31.015876716,1.949089659720896,0.6389351081530782,0.1273990129775177,0.5504817762882279,0.9928371223917782,0.2283206524389555,0.2596399589427448,2.707411905572367,-50.74981404311152,0.3659550438573979,0.2314318447316095,False,False,False,False,pachytene,26,off_axis,53.38346703097112,20.0
150,2.752719757915752,109.1359938298024,6.257428363716677,31.782946121999995,1.965026964044096,0.6466159864196619,0.1768953068592057,0.498329156223893,0.9969754855141676,0.1242122247627109,0.1069425762111869,2.6341331026792467,-55.68175503513752,0.3665679025444131,0.3549768353905603,False,False,False,False,pachytene,26,off_axis,55.8656220151575,20.0
707,7.312706904147573,107.73384639687868,13.544977191768943,37.272066642,2.072199771848138,0.8093649694757379,0.0682866810212242,0.5840211290855067,1.0,0.138734182545399,0.422584535253149,2.1540345007962274,-54.884584895067924,0.366643406703273,0.1169250179837695,False,False,True,False,TZ,26,off_axis,54.95850477478681,20.0
976,8.984324062617729,108.46797598579724,18.73108770240502,43.605667242,2.183491181873753,0.6933132497713701,0.1313423739143684,0.6074372917032099,0.9998078585839176,0.0895081156099811,0.1024575066520008,1.824572665820848,-52.66151841794253,0.3674227420970049,0.2162237579225568,False,False,False,False,pachytene,26,off_axis,53.20597704739208,20.0
627,7.621047447052629,108.94700848793153,5.601118584796975,42.864401394,2.1710477959092,0.6263886608657583,0.1532928190499813,0.569210487769152,0.9990520203815618,0.1175034154219638,0.1302609629578722,2.25189785134765,-56.05494111278036,0.3683448119353383,0.2693077909557959,False,False,False,False,pachytene,26,off_axis,56.28653897222608,20.0
360,4.009507042253642,108.34444876056298,25.21494750000034,33.3100476,1.9960077107198253,0.6552112676056339,0.114327062228654,0.5676062091503268,0.9972109887045044,0.1421547121373871,0.1767933131515732,2.610234622768476,-50.87771631335541,0.3712411371822469,0.2014196821415942,False,False,False,False,pachytene,26,off_axis,52.72312893271687,20.0
674,7.606235178128683,109.68150676277148,10.778113885261687,88.03470256199999,2.759656940949108,0.7328998907511524,0.1046002679767753,0.6397645650438947,0.9997877308427086,0.2436229342299632,0.4167148916120892,1.8745582316483345,-53.834195911037725,0.3714736904555853,0.1634980642755646,False,False,True,False,TZ,26,off_axis,53.83544664010534,20.0
561,6.414369007514558,109.08774989634456,28.88136345555727,36.209429208,2.05231659333198,0.5697719616480954,0.1283633022706392,0.5791296491492245,0.9960526315789474,0.2068419667632394,0.1828974954800845,2.8721261852702438,-49.091650219338774,0.3718145455661163,0.2216486454444396,False,False,False,False,pachytene,26,off_axis,51.989260789489606,20.0
216,4.051024364684281,110.8146879800903,7.022022190202052,44.76917313,2.2027412662600896,0.6571653130730941,0.1649010848755584,0.5624331346477152,0.9994798168955472,0.0288331511895285,0.0368968167721487,2.447507063005823,-53.852626810871094,0.3738542771018593,0.2931923365056464,False,False,False,False,pachytene,27,off_axis,54.02324951737443,20.0
812,7.516878315933317,111.29416600376604,26.83319240116423,68.53190427,2.538641625246783,0.7966455587882937,0.0840271353684859,0.6556135330752398,0.999571775229576,0.2937410826986406,0.7794993893514238,1.4808718136180183,-47.58307531447791,0.3776300343337492,0.128165651148697,False,False,True,False,TZ,27,off_axis,49.745909736782195,20.0
977,8.723689890356239,112.06554041699108,23.00525093240008,54.342293148,2.3497218237306603,0.6991711991711992,0.1934027777777778,0.5246089826373942,0.9966947351853308,0.2552608377163873,0.3171210712873999,1.878691904482509,-47.96847337416529,0.3783298169860654,0.3686608201130562,False,False,False,False,pachytene,27,off_axis,49.13067220901875,20.0
449,6.078999916100331,112.0823586458614,6.097165517241381,27.959327982,1.8828369234272264,0.5556674217635708,0.1823375019299058,0.5113293051359517,0.9888509670079636,0.1632645671595939,0.1420360970112971,2.3501478875967603,-52.91200456391893,0.3784536413833082,0.356595055472962,False,False,False,False,pachytene,27,off_axis,53.20188984290711,20.0
10,2.346809015421168,111.27425459075025,24.702478451957298,39.54981708,2.113579671853966,0.7645314353499407,0.1638584667228306,0.5015113350125945,0.9998110533774208,0.0644425047748491,0.1305590114863085,2.7962526413182167,-48.22710826177376,0.3819714140764303,0.3267293384679245,False,False,False,False,pachytene,27,off_axis,49.81512639705229,20.0
784,7.989123211500533,112.67350018986916,16.378878687189875,34.593188166,2.0213149740162124,0.7681562351664746,0.0846050870147255,0.6191868967534366,1.0,0.0718360479010893,0.1731404053118788,1.895275420017472,-49.33095501646233,0.3833164044239474,0.1366390139363943,False,False,True,False,TZ,27,off_axis,49.501853929067806,20.0
609,6.547127864372972,113.41881096690156,9.176291349438015,37.774063134,2.0814614130760853,0.7112339315655468,0.1520787746170678,0.5479569892473118,0.9995647442872688,0.1455239757338617,0.2500674254978733,2.191422078619332,-50.73114729749598,0.3842508880881895,0.2775377951214151,False,False,False,False,pachytene,27,off_axis,50.81945337763997,20.0
562,6.714164631518702,113.60084237178567,28.8542798520317,32.657921316,1.9828961810539985,0.6137049274529522,0.1063476237952808,0.555596876162142,0.9996740547588006,0.0852109356457008,0.0968234376990379,2.711114415423085,-44.78502420873161,0.3859579870102184,0.191411486201814,False,False,True,False,TZ,27,off_axis,47.47857532635684,20.0
675,6.916674407803094,113.90958662912216,23.79244234207979,40.403680272,2.128681923219539,0.6775429633070135,0.224084939927354,0.5261073100468131,0.9981171779820578,0.2291623700952793,0.2828506989553658,1.9811390013906471,-45.97463810437545,0.3870486428310402,0.4259301014224929,False,False,False,False,pachytene,28,off_axis,47.23407119245001,20.0
608,5.984826665395322,114.20535818987948,13.782353745649736,49.193310438,2.2730333789729547,0.7820323303609746,0.0793554884189324,0.6333406256836578,0.9999311010059252,0.1775580184453635,0.4082410175893028,1.6822941084337788,-48.62811310813982,0.3879969512466793,0.1252966969129327,False,False,True,False,TZ,28,off_axis,48.64238298630868,20.0
676,7.961758091993156,115.24686014310056,18.880081063033145,34.42429215,2.0180200174594987,0.6655536626916525,0.0949658860409367,0.6299918500407498,0.9998711007991752,0.14533956941843,0.1916083399069785,2.072650719278708,-46.13712021249158,0.389572822566389,0.1507414517105166,False,False,True,False,TZ,28,off_axis,46.493568958153226,20.0
11,1.979682391405936,114.4323462867805,25.19549843531135,30.133864188,1.9304359901635848,0.6454149151486844,0.0557628524046434,0.5538968166849616,0.9974034404414152,0.1283754846051066,0.1132483650815194,2.305156761820548,-45.063318418488926,0.3919706066548927,0.1006737188676776,False,False,True,False,TZ,28,off_axis,46.63954642037159,20.0
515,5.4422006576311,115.2360117892366,27.080237380704663,29.249505882,1.91136358738749,0.6788034325126313,0.1268803139306736,0.580274656679151,1.0,0.1590286379955308,0.2634937267052996,2.3103951650022267,-43.74215846766303,0.3920410049085818,0.2186556184562599,False,False,False,False,pachytene,28,off_axis,45.80426849137454,20.0
978,7.930236834363218,116.88131729920912,24.935565203001417,63.786395376,2.4786382671896043,0.7979920564872021,0.1229442759061152,0.6271618423448024,0.9997940373822152,0.2240480487812885,0.5667814161921176,1.8796899228134656,-42.798318456110096,0.3952836959889465,0.1960327743257738,False,False,True,False,TZ,28,off_axis,44.203249194291885,20.0
151,5.047536494058251,117.47654816461775,7.142246363157346,93.364310178,2.814259199930587,0.6341297957337755,0.1613200483787363,0.5687405576157121,0.9966780912206696,0.1369324517008779,0.1487115157598842,2.31977207056082,-47.44854372228736,0.3956162755410946,0.2836443545630475,False,False,False,False,pachytene,28,off_axis,47.84280379255914,20.0
650,6.542649818591564,116.90951804078811,16.25073815213273,37.499607108,2.076408044395803,0.7621043412986364,0.1494072914336837,0.5040757296870891,0.9994159447094324,0.1986573086976065,0.3497267975813281,1.9649216545626011,-45.31885845677652,0.3977812465539572,0.2963985025155446,False,False,False,False,pachytene,28,off_axis,45.40190069072749,20.0
12,2.689233644859922,117.125240481311,23.65672811214864,50.1996492,2.288428551848912,0.6797196261682243,0.1081327260897853,0.5682812955938138,0.9997386987196236,0.0484605229520001,0.058641914885515,2.444152003131591,-42.940243305064335,0.4012025814865708,0.1902802835993295,False,False,True,False,TZ,29,off_axis,44.035838211601316,20.0
387,4.57231819448302,118.35614837001997,28.44381513652764,33.675988968,2.0032904303692205,0.6425884647534132,0.0616313094367227,0.6063145585655818,0.99885370396905,0.0763409609634822,0.0806123745417748,2.935817361498063,-40.35929546907532,0.4028568590537536,0.1016490674123512,False,False,True,False,TZ,29,off_axis,42.711043098248716,20.0
651,6.939920909045258,118.80169004355152,12.921701982280116,46.861607106,2.236537527607529,0.7233318316063473,0.1345129971813341,0.5572643387009227,0.999486916367368,0.074088370515675,0.1296528889305646,2.0175446359604883,-44.48641787825713,0.4034138859833362,0.2413809530588421,False,False,False,False,pachytene,29,off_axis,44.497496282037204,20.0
677,7.871059870076732,119.39914327851471,8.740045145432594,40.082308686,2.123023035099037,0.6688710715748816,0.1702595688517377,0.5326970661010958,0.9982624811768794,0.130347026565003,0.1649258881543771,2.180490915458879,-45.14184117582601,0.4040863641836248,0.3196179962054188,False,False,False,False,pachytene,29,off_axis,45.43645790566618,20.0
13,1.325535935361859,118.3500452335972,7.34215711213952,36.000654966,2.048364611922408,0.5894311591842054,0.165540987948616,0.5372163148706555,0.9972985857301764,0.0929664409625014,0.0742299504172505,2.2046774623275964,-46.554830719666754,0.4041797377143381,0.3081458685566409,False,False,False,False,pachytene,29,off_axis,46.96513781624904,20.0
941,7.62579485671317,119.62607508086936,25.69116076855316,71.787844134,2.5782247152458617,0.8248537725059635,0.1140495867768595,0.5888059701492537,0.9989464442493416,0.252117246426729,0.73680401016467,1.638576163577379,-39.95266008960914,0.4045320492531699,0.1936963831191276,False,False,True,False,TZ,29,off_axis,41.43215204480854,20.0
678,7.864581530473412,120.4655147916921,28.64699009766248,37.949996484,2.084687889924948,0.6596612683891705,0.1710328214393255,0.5188884852887758,0.9980458572173008,0.1168213656054101,0.1377711640142356,2.4546694764516968,-38.28311910093444,0.4084514154506319,0.3296138308872686,False,False,False,False,pachytene,29,off_axis,40.61122190622464,20.0
732,7.538067137467698,121.22421209248076,21.040436412886013,48.496614372,2.262251772620953,0.7658895230724582,0.1680990030938467,0.5541322314049587,1.0,0.0880060036942319,0.1734249264024376,2.0169254768285314,-39.789008220104854,0.4101487867286469,0.3033553970821097,False,False,False,False,pachytene,29,off_axis,40.24756184753894,20.0
14,1.2996568176111547,119.99122386373216,9.293041064702413,28.025009766,1.8843101511864877,0.6306185653302084,0.0746487733277416,0.5399954679356447,0.996140350877193,0.1259267909555121,0.1269632046892268,2.5364662646419838,-44.41359604035132,0.4117659998725069,0.1382396293308115,False,False,True,False,TZ,29,off_axis,44.673389210939646,20.0
17,4.67282547149283,122.40419877172477,8.798107278192045,53.856717102,2.3427022206686843,0.6483296310814931,0.1289243715611177,0.5698538518702007,0.994359938472056,0.0955577975196568,0.1118591509368735,2.3625742283983544,-42.25194095375528,0.412451771760416,0.2262411162756931,False,False,False,False,pachytene,29,off_axis,42.67467788245753,20.0
15,1.8196912013535345,121.59571475253672,24.04883045685217,44.363353536,2.196065316290662,0.7407466159052454,0.084407096171802,0.5443605955537426,0.9993952483801296,0.1236115219959684,0.2118828731310191,2.006042418384327,-38.551401961992916,0.4154099670946367,0.1550573220420927,False,False,True,False,TZ,30,off_axis,39.548644138942976,20.0
16,1.2531751263458402,122.73722368710088,9.77483451988554,32.026907034,1.9700419008677008,0.6034571156522376,0.1182410423452768,0.4988917620982637,0.9926162107736196,0.0961172142086595,0.0946918041585059,2.456733403673993,-41.64706400735915,0.4182282021449352,0.2370074058709104,False,False,False,False,pachytene,30,off_axis,41.96497792941745,20.0
422,4.875491415775107,123.28520072157178,26.41130432943612,28.283045346,1.8900756489006207,0.6452683088662188,0.0356257046223223,0.6651858779518354,0.9998370804822416,0.1048426805614074,0.1173844703841131,2.839401062575177,-36.243254168957705,0.4195000872085442,0.0535575179858252,False,False,False,False,pachytene,30,off_axis,37.75822612146463,20.0
733,7.755729816431907,124.4697696845484,27.438863036892126,39.486481074,2.1124508236749198,0.6126655973385612,0.1976372138813684,0.5645705521472393,0.9971781779091642,0.1930025820092955,0.1560136690699353,2.1982783992475627,-34.80938065253136,0.4211707643134346,0.350066458708645,False,False,False,False,pachytene,30,off_axis,36.573910977310426,20.0
679,6.36527035056412,124.19810216577652,16.353393306594395,78.95888747999999,2.661363136917013,0.8458704693998812,0.0975821882066446,0.5815343099460293,0.999961443553362,0.2326785157393947,0.7897491769173209,1.6570990235446377,-38.320773265316156,0.421334106811204,0.1678012570156024,False,False,True,False,TZ,30,off_axis,38.327256789920206,20.0
652,7.173350065068324,124.47963544338911,23.67403973786836,50.47175944799999,2.2925559585156714,0.7440044617958728,0.165328080012123,0.5644517066085694,1.0,0.1455972668920227,0.2188366681697583,1.9738199768874616,-35.90427578631709,0.4215728351156295,0.2929003102948774,False,False,False,False,pachytene,30,off_axis,36.70417570979665,20.0
361,4.443877551020446,125.2263743440244,7.201217024155921,22.528851912,1.7520647429181375,0.5663265306122449,0.0497376226328998,0.5387755102040817,0.9610228401191658,0.3084371399173268,0.1994229302878892,2.8609367695338244,-40.02231948202521,0.4229522194406695,0.0923160420080337,False,False,True,False,TZ,30,off_axis,40.883324041408265,20.0
22,3.019015280135831,125.2679500000009,7.990204838710051,8.289979451999999,1.2555141593357582,0.4929258630447085,0.0508474576271186,0.4268973214285714,0.9508928571428572,0.2333227821920191,0.089598693058389,3.0422968644564805,-39.7511406855089,0.4234481413998915,0.1191093386507144,False,False,True,False,TZ,30,off_axis,40.47192491160795,20.0
18,1.0447612259444068,123.89280705631016,22.473060513186976,6.582253067999999,1.1625955476851055,0.5940841054882395,0.0388185654008438,0.4679543459174715,0.9850746268656716,0.1546883481934885,0.1663617203252234,2.0636592790295056,-36.81757120294628,0.4240218790386835,0.0829537448246925,False,False,True,False,TZ,30,off_axis,37.41242058989362,20.0
653,6.739490587754226,125.66640140347702,10.377014229755268,126.357677748,3.1129418549149506,0.744012920951992,0.1810298746807626,0.5434766843135833,0.9993737699051708,0.1089983478368219,0.1768080855592438,2.0537439925876275,-38.67009909605574,0.4253268715257746,0.3330959356782806,True,False,False,False,pachytene,30,off_axis,39.050759990843346,20.0
529,6.564369007514889,125.68000308370144,6.128751444674881,36.209429208,2.05231659333198,0.690722985229334,0.0972012102874432,0.5515291160452451,0.999409750914886,0.1024971840654547,0.1733168239934483,2.0822893852936626,-39.90322883146186,0.4264601049768818,0.1762394902819042,False,False,True,False,TZ,30,off_axis,41.019573357239494,20.0
680,7.542332426415919,125.93561566287516,18.72809157803677,37.935921816,2.0844301391940907,0.70016077170418,0.1503416856492027,0.5568158383171788,1.0,0.1381676800507676,0.1794811261738904,2.477029003785701,-35.96312482639601,0.4271017094632464,0.2700025310048088,False,False,False,False,pachytene,30,off_axis,36.047540322224584,20.0
19,1.8316330728096095,125.23654294529103,24.55520218017291,34.215517907999995,2.013932156175514,0.7805429864253394,0.0885535307517084,0.5107778819119025,0.9998955613577024,0.0893185806694963,0.21651170877306,2.167784244739903,-34.92219381946375,0.4272838197691009,0.1733699400221521,False,False,True,False,TZ,30,off_axis,35.881468835556994,20.0
20,1.5094456890944945,125.9972860157556,9.483118053046196,32.458530186,1.978852452660679,0.6526703765267038,0.1705212288574387,0.4725343320848938,0.9948286052009456,0.1368633717755102,0.1732925615533194,2.670628999107292,-38.615973949045305,0.4280728628504747,0.3608652689955308,False,False,False,False,pachytene,31,off_axis,39.14123982979538,20.0
543,5.739710640376504,127.12503378914428,28.177126542945643,38.42618941799999,2.0933711598476545,0.6751724558940235,0.1467286722257857,0.5658710768652508,0.999292369383182,0.1273332575332324,0.1869601401686654,2.311539035085795,-32.05436328457074,0.4310823999696117,0.2592969993070097,False,False,False,False,pachytene,31,off_axis,33.93825717723971,20.0
897,8.916163630113399,127.3742770024051,27.17454367136516,34.11934101,2.0120433882627182,0.6780336885527674,0.1473051711580481,0.547939355114243,0.9990721102863204,0.1041229932483671,0.1220102123214919,2.395822955616431,-32.110169108437454,0.4313099959479318,0.2688348076902335,False,False,False,False,pachytene,31,off_axis,33.66668527537902,20.0
23,1.4732487715689428,127.41230778196616,10.88326513541291,20.527903278,1.6985773469187164,0.6574105816478117,0.0294593719650372,0.457638425617078,0.9846598488216984,0.0656309251919549,0.1153202943398488,1.9774459780974525,-36.85249430969256,0.4327959371797631,0.0643725926757883,False,False,False,False,pachytene,31,off_axis,37.25585254732303,20.0
681,7.835255805172991,127.21948046063804,14.77743481687795,49.702344264,2.280846655100103,0.7525014158957901,0.123076923076923,0.5720823798627003,1.0,0.1539292329171166,0.2833648181067745,2.097126546566124,-35.89457174237476,0.4333221073640025,0.2151384615384615,False,False,False,False,pachytene,31,off_axis,35.93423758950134,20.0
813,8.232056750741483,129.00559118601632,23.3165511359408,50.593739904,2.2944013603936613,0.7397069732937686,0.2193019051592267,0.5320627003918774,0.9997679634929229,0.1510068167987489,0.2034605322671936,1.9426527271846448,-31.682269273005613,0.4366315545167144,0.4121730483976897,False,False,False,False,pachytene,31,off_axis,32.23644198383756,20.0
21,1.3963053253155402,127.2709049569314,14.090487697059146,43.300716102,2.1783892732876,0.6192643155100492,0.1075555555555555,0.6173875924871941,0.9992007307604476,0.082567356615751,0.0760115656938138,2.284529997979168,-36.046909919918456,0.4384523282590155,0.1742107500448131,False,False,True,False,TZ,31,off_axis,36.12406629878633,20.0
24,2.3725877362128656,128.58373379097267,11.877824427304056,30.41301177,1.9363785964674365,0.6348630929425376,0.107297755987177,0.5485847063793832,0.996863729026188,0.0872902074280211,0.1154652056189544,1.9208769211331784,-35.44086525674751,0.4385473168381133,0.1955901335553701,False,False,True,False,TZ,31,off_axis,35.772562980461146,20.0
682,6.306972518736883,129.38199825119472,19.13825245571226,82.627684272,2.7019604683502565,0.858732682262094,0.0849577050386171,0.5986736334405145,1.0,0.1841931422142984,0.7145014525190198,1.6852114179465276,-32.54803031219919,0.4390017701561606,0.1419098826022687,False,False,True,False,TZ,31,off_axis,32.60037836544825,20.0
544,6.826674278687508,130.06634526371118,7.819382706074426,53.415710838,2.33629027377725,0.7413376663299811,0.1628766344513929,0.5300509337860781,0.9993489112348984,0.1207194959195135,0.185063444064836,1.7992101782740415,-35.213924287743254,0.4404922629801086,0.3072848740931146,False,False,False,False,pachytene,31,off_axis,36.38957087864372,20.0
593,6.937848213406602,130.27702189191834,29.812498641597607,23.830758702,1.785184414728704,0.5977950585687568,0.1829634073185363,0.451786588350465,0.9939467312348668,0.0616135349705157,0.0473433261707282,2.4063952402325786,-28.56132504360321,0.4416072760152311,0.4049775093735316,False,False,False,False,pachytene,31,off_axis,30.898662923659902,20.0
610,7.36048616825976,130.6953526808887,10.48782355510504,37.056255066,2.0681925652322977,0.6910172817623599,0.1450341565948502,0.5248924400737554,0.9996405463695184,0.0586548076050286,0.0879037245661432,2.2709747880591302,-33.829858087149006,0.4416986648984907,0.2763121461122029,False,False,False,False,pachytene,31,off_axis,34.508173577247014,20.0
594,6.776810344827644,131.0001468103456,28.725874784483576,5.44220496,1.091177565032603,0.6599137931034482,0.1291390728476821,0.1685678073510773,0.8918918918918919,0.2014350292775064,0.2234939020776217,1.7862920149643329,-28.1887458379364,0.4429022080078183,0.766095702833242,False,False,False,False,pachytene,32,off_axis,30.094085189505645,20.0
338,4.18283220174597,130.41798279756208,28.87907961756871,33.858959652,2.0069120173926835,0.6219343217403352,0.1052631578947368,0.5559831409199194,0.9966917293233084,0.1593009573484183,0.1555947216609722,2.8304442332302617,-28.700362377013878,0.4430646949127029,0.189327967248378,False,False,True,False,TZ,32,off_axis,30.684620422849896,20.0
152,3.113180947166592,130.39540127977122,23.21749808376546,34.276508136,2.0151280781645164,0.6957979742677252,0.1124201277955271,0.6224971878515185,0.9997603355302576,0.0569851694387798,0.0915985035116911,2.1362825611936787,-30.38264920463036,0.4449897835504705,0.1805953986451456,False,False,True,False,TZ,32,off_axis,30.867457802086122,20.0
450,4.39463802827793,132.0431454376896,7.885466669242057,30.361404654,1.9352827114515825,0.7128177393185506,0.1866520787746171,0.481302125369922,0.9997248968363136,0.1075911670443236,0.2002472908986935,2.5522396841821475,-33.30469542343652,0.4450829493748414,0.3878064711041094,False,False,False,False,pachytene,32,off_axis,34.68617928840703,20.0
25,2.4116667905179385,130.47073304599914,26.516985799213312,31.567134546,1.960569237459725,0.6632979118674296,0.052092050209205,0.5687486206135511,0.9998569794050344,0.1024529982629639,0.1264247133198464,2.495703983176436,-29.34280002921781,0.445436768019484,0.0915906400845588,False,False,True,False,TZ,32,off_axis,30.571923435580633,20.0
654,8.160980666095272,131.8994480553402,27.648742543602648,52.05046804199999,2.316213969489292,0.6613637387894903,0.1703654631776526,0.5556294916156508,0.9988235294117648,0.0611337314950124,0.0866952910163595,2.294699676657808,-27.644955803214543,0.4462082881899905,0.3066170276208101,False,False,False,False,pachytene,32,off_axis,29.14966266244383,20.0
734,6.683394748070547,131.5925318684347,20.474992750475952,60.47650261799999,2.4350021713806065,0.8042356774368721,0.128475220169228,0.5841093719041014,1.0,0.2504280213667832,0.607182939630999,1.7430334857882737,-30.042630795700365,0.4464263114162155,0.2199506228609546,False,False,False,False,pachytene,32,off_axis,30.14451024325941,20.0
628,7.086604755190128,131.65678776194878,13.977319006176105,48.245616126,2.25834219623321,0.7466815772839986,0.2385267465653318,0.5155470249520153,0.9999184405839654,0.1680347635837982,0.2802686921189135,2.08175092522674,-31.88714901533586,0.4480860322479274,0.4626672932261276,False,False,False,False,pachytene,32,off_axis,32.10741585263836,20.0
26,2.6431352459017017,131.4942315061496,16.874167795849853,36.631669248,2.0602631746425453,0.7240650614754098,0.1342174000401849,0.5901601299605477,0.9989274989274988,0.0518149822420918,0.0881172550701124,2.5498203469510137,-31.192828779571837,0.4517735934513411,0.2274253939336047,False,False,False,False,pachytene,32,off_axis,31.206909179957943,20.0
848,7.0918644504571615,133.4352759721719,25.044081260148225,91.02791529,2.790585473266884,0.8445045741528153,0.1495419309372797,0.5898243288034472,0.99996667444263,0.219544273348227,0.7501805001867348,1.5533820672551808,-26.940705221301474,0.452425364976885,0.2535363897936347,False,False,False,False,pachytene,32,off_axis,27.668390986305603,20.0
28,1.9775106792864088,132.87118273724735,13.709061931485737,56.01248708399999,2.3735519914476333,0.7885920093810201,0.0186625194401244,0.570324881141046,1.0,0.0952144022779582,0.1885384401729657,1.9502949477791307,-30.804860122972986,0.4527183453453812,0.0327226113698326,False,False,False,False,pachytene,32,off_axis,31.11287756914282,20.0
423,4.320511860174848,133.66205499999958,29.429051254680807,37.57936356,2.0778790790916544,0.6696004993757803,0.1712854235165178,0.5399584356697525,0.99887232176419,0.1256133061394362,0.169095415977111,2.938372458194642,-25.437668644335737,0.4537025050224954,0.3172196454418926,False,False,False,False,pachytene,32,off_axis,27.49267558135553,20.0
575,6.70610982211901,134.496944654648,7.368761895413564,39.43018240199999,2.1114463892536914,0.6542328514486286,0.1691208005718369,0.555230557467309,0.9954623497669856,0.0783444757384234,0.1198877189282347,2.150479752651047,-31.110397842619573,0.4548830689843506,0.3045956284237733,False,False,False,False,pachytene,32,off_axis,32.966417738187026,20.0
481,6.973950994451418,134.21379496227726,31.042680123448932,37.623933342,2.078700221515837,0.6503522663507699,0.1624850657108721,0.5128388017118403,0.9982587731047416,0.0889240355792596,0.0823923085475869,2.642927907034736,-24.436876615056704,0.4549307406945748,0.3168345787575004,False,False,False,False,pachytene,32,off_axis,27.141145298719824,20.0
154,2.88027157075989,135.2493745699025,8.705718093731663,35.587798037999995,2.040504245245116,0.6293586447828092,0.1125315656565656,0.6179975102258581,0.999581764951903,0.0909135899373126,0.1046264720449637,2.534091748758048,-29.998899573108087,0.4568392755310563,0.1820906456652859,False,False,True,False,TZ,33,off_axis,31.57398336346882,20.0
27,1.854816730491729,132.6017185358309,20.126855065401298,47.166558246,2.241378452429037,0.6841398517929079,0.0796985944066077,0.581640686506062,0.9994477680625864,0.0155026830750319,0.0278025634565948,2.3895089641758305,-29.17995469473533,0.4570347205216566,0.1370237609843979,False,False,True,False,TZ,33,off_axis,29.238376677540884,20.0
217,3.345515196441892,134.28729549295605,22.408859577464185,31.64454522,1.962170534697557,0.7394366197183099,0.1827481980934666,0.5277382645803699,0.9991494532199272,0.1526449938757858,0.265248046202108,1.9446898118821496,-26.899147855381166,0.4578517715662672,0.3462856691636308,False,False,False,False,pachytene,33,off_axis,27.130381242309255,20.0
683,7.932297164066413,135.64910081192411,9.814707127530102,40.448250054,2.1294643603978374,0.6780722612074466,0.1038101388440426,0.5907043775896235,0.9970027831299508,0.2154021823274708,0.2656258115230682,2.1946759281662964,-29.291459314914515,0.457952577589507,0.1757395793605614,False,False,True,False,TZ,33,off_axis,30.615172804215916,20.0
708,7.921992591147979,134.6072661776149,16.869482842658947,48.125981448,2.256473980425001,0.7177325014622733,0.144229348307965,0.5625971334829909,1.0,0.0700032012726011,0.0919645888414971,2.0754278351460065,-28.218104629401985,0.4581279756180091,0.2563634610348145,False,False,False,False,pachytene,33,off_axis,28.279008335779178,20.0
761,7.367005002537186,136.01735255926909,27.83649198143925,64.710631908,2.490552363608676,0.8242949322119916,0.1204863001270186,0.5974829791623685,0.999803343166175,0.1270351351256489,0.3145886385460293,1.6909567584099146,-23.653117740163545,0.4594714712522498,0.2016564560482249,False,False,False,False,pachytene,33,off_axis,25.03942576208886,20.0
153,2.971449345613072,135.85083361003464,26.654576302715387,38.714720112,2.098597598391796,0.6955889481337858,0.1251958906494863,0.6202229299363057,1.0,0.1168340882369799,0.1607294239360835,2.6930883057618296,-24.1590004415913,0.4624274850816108,0.2018562755529587,False,False,False,False,pachytene,33,off_axis,25.19056476461852,20.0
408,4.084983099951796,137.00627855504786,30.04351032110002,38.864849904,2.101306780161681,0.6927209077740222,0.1764801035263669,0.4967589864466706,0.9991759858740435,0.0673998334275973,0.0923154063920576,2.5970021049144987,-22.06031307219016,0.4647121505613292,0.3552630316539082,False,False,False,False,pachytene,33,off_axis,24.235842944275127,20.0
498,5.540210052513083,137.23665506376744,31.48182693173276,6.253844148,1.142929603127248,0.7430607651912978,0.2062572421784473,0.1693430656934306,0.9715950473415876,0.2167527460798425,0.2844502923288066,1.2946687293877406,-21.41817228740625,0.4652859713858872,1.2179845766572104,False,False,False,False,pachytene,33,off_axis,24.236532241811123,20.0
814,8.884603841536626,136.99594633853445,19.885455312126044,46.896793776,2.237097165687039,0.7067326930772309,0.1805730258560447,0.4963329353573256,0.999719887955182,0.0426204809452265,0.061813675337629,2.2553625258470333,-25.049829593731868,0.4653690804269585,0.363814312918897,False,False,False,False,pachytene,33,off_axis,25.05197268562159,20.0
29,1.814626144803428,136.78332931152306,14.301087292113444,51.482789766,2.307762725393842,0.6840114822071354,0.1646591182847506,0.5172314347512618,0.9995692625775328,0.1158441323749684,0.1567727078201185,2.194905974330821,-26.8911437793693,0.4655100502394945,0.3183470826051702,False,False,False,False,pachytene,33,off_axis,27.34269611465696,20.0
849,8.37407573985755,137.6978143473976,24.99725617072968,52.156028052,2.3177786974711574,0.7333363317441756,0.1220198430327261,0.5911620846685782,0.9994874798652804,0.1114370676079289,0.1771288370132484,2.0416612965968763,-22.879402651465856,0.4668044514192835,0.2064067473155587,False,False,False,False,pachytene,33,off_axis,23.42124195839225,20.0
611,6.896139705882557,138.10890310202294,31.789641750919422,30.626477568,1.9408984520970185,0.6710324754901961,0.0620222756060274,0.559254947613504,0.9995584339122756,0.1370458247666176,0.1968455488609179,2.29285734803687,-20.494002121565185,0.4677444331876945,0.1109016127093621,False,False,True,False,TZ,33,off_axis,23.44245327875712,20.0
942,8.42539764201526,138.04345163987296,11.645794996784216,54.71527184999999,2.355085348806966,0.7705466237942122,0.1423076923076923,0.5696935724962631,0.9992827802047336,0.2404668957067131,0.4629079639519942,1.899624371637823,-26.465322515078817,0.4678186698907642,0.2497969069303934,False,False,False,False,pachytene,33,off_axis,27.606929835820637,20.0
219,3.287384367877624,139.2080853197462,8.227925164231433,34.99431620399999,2.029097741514964,0.670197077356214,0.077615298087739,0.5957317073170731,0.9979349509550852,0.089141466009585,0.109907732759937,2.8731857250654143,-26.354474647302958,0.4697864463532484,0.1302856590213838,False,False,True,False,TZ,34,off_axis,28.7406708389323,20.0
563,7.280715458199151,139.47335839701103,8.468806214977567,41.442859926,2.1467775066382826,0.6616856285730458,0.1662714465057888,0.5327087167475322,0.9987284706970292,0.0426295574474899,0.051634565832859,2.2435917481102527,-26.030213330967168,0.4708998329898622,0.3121245087201947,False,False,False,False,pachytene,34,off_axis,28.382504859934844,20.0
218,2.5706383699272832,137.41356090760394,17.415553248291886,41.560148826,2.148800822671291,0.7687531749167467,0.0887455516014235,0.5484500854283623,1.0,0.064921929674649,0.1598118046046625,2.395558243426857,-25.375075735254327,0.4709754210347256,0.1618115375661024,False,False,True,False,TZ,34,off_axis,25.466510013010332,20.0
979,9.312989551735644,139.34245935288078,30.81275530839214,34.79961663,2.025327610993651,0.6502190765082575,0.1274592231377165,0.6089805357486991,0.9969349680170576,0.1908665189431581,0.2349726167594635,2.4193955400526344,-19.60125543532417,0.4731540751683233,0.2092993382473452,False,False,False,False,pachytene,34,off_axis,22.043974551437078,20.0
362,4.039924417895931,140.69379347799637,12.141779294160427,38.484833868,2.094435557179537,0.6595148116542728,0.1531231049120679,0.5515574650912997,0.9998787143723468,0.0489573507999226,0.0498007464936714,2.319913956541856,-23.786078093071893,0.4779700433080881,0.2776194949817629,False,False,False,False,pachytene,34,off_axis,25.146847258981165,20.0
763,8.258490879858451,141.88279305317107,9.822702522592238,42.310797786,2.1616607398773926,0.6899151743638077,0.1793103448275862,0.5424637940282496,0.9984193888303478,0.0570018988318687,0.0955623210118407,2.1732368008223766,-23.329629708878606,0.4781161906200598,0.3305480417339122,False,False,False,False,pachytene,34,off_axis,25.677152471304215,20.0
451,4.594254207777481,140.07091439930448,24.785822106790665,40.41775494,2.128929070780476,0.7272199651770168,0.1511648907350551,0.5695744680851064,0.9996099463676256,0.0782779791560697,0.1532914385193406,2.078961804299144,-20.672710085765036,0.478146948252012,0.2653996960981543,False,False,False,False,pachytene,34,off_axis,21.077411278645183,20.0
612,6.887667304015637,141.35427080715758,32.84022965719825,34.351573032,2.016598036251691,0.6810980606391697,0.1765120789984129,0.5271948608137045,0.9900912646675358,0.1476523575581949,0.1773289073634259,2.167542340677171,-17.08322525957986,0.4787632457778716,0.3348137322999953,False,False,False,False,pachytene,34,off_axis,20.556679037429607,20.0
943,9.064469670450682,141.75805479822017,26.86838675801443,46.908522666,2.2372836495049184,0.7627644146621994,0.1524030730748615,0.5836846543001686,0.9996931809465368,0.0854180944849261,0.1651565440065921,1.988971994434079,-18.44890981080526,0.4790599601106688,0.2611051566150752,False,False,False,False,pachytene,34,pre,19.28201427992387,20.0
452,4.900372108073108,141.58772180876954,30.305263743729377,43.49776145399999,2.181688618387458,0.7009113951356307,0.1388198757763975,0.5164082221420844,0.9996012361678795,0.0555987847473019,0.0799781484524893,2.270582294192632,-17.6036190027607,0.4797674269175832,0.2688180974357195,False,False,False,False,pachytene,34,pre,19.744648324131486,20.0
762,6.292244758820231,141.17065902505294,16.975318936423292,82.576077156,2.701397826305559,0.8184194079881825,0.1542736173590897,0.5544430538172715,0.999884433144574,0.2036897471804483,0.5848831016636639,1.6881430633471548,-21.91237791472463,0.479975518739159,0.2782497071555591,False,False,False,False,pachytene,34,off_axis,22.21907721384871,20.0
30,1.831557159537184,141.876333722534,14.65354408767698,44.199149076,2.193352495046439,0.6907440823691753,0.1358445795639923,0.5445340655568903,0.9995110980737264,0.0459508885245903,0.0651770875957396,2.215417044529077,-21.918785314735853,0.4820008906377429,0.2494693870530675,False,False,False,False,pachytene,34,off_axis,22.753286484441123,20.0
815,7.366610496645136,141.76564566316503,21.999018585127985,76.563848142,2.6341775733242407,0.8229725175403658,0.1529101304794018,0.5334025614399446,0.9998325799430772,0.1595807336393618,0.4439887487450755,1.754388047173476,-19.869973365442696,0.4829199228895444,0.2866692842018117,False,False,False,False,pachytene,34,pre,19.892631630515467,20.0
898,8.530334327086853,141.85936448573355,14.496731042376904,44.063093952,2.1910996344132894,0.7578258091993186,0.0789633529054464,0.629808749175643,1.0,0.1890712727498443,0.4004400614573845,2.2855459406410965,-21.981005716222157,0.4832087956139205,0.1253767163584208,False,False,True,False,TZ,34,off_axis,22.852448234808033,20.0
735,7.985342121782268,143.76261858129496,32.15921930320233,44.84189224799999,2.2039332676667405,0.7325277254655786,0.1936603059454344,0.5667905339331116,0.9991325468424704,0.1521472422088935,0.2553013145289365,2.0633363014728032,-14.980575177777757,0.4863811376695767,0.3416787937539705,False,False,False,False,pachytene,35,pre,18.05428834361692,20.0
307,3.6485320620892674,143.73542504505613,34.524504999708725,40.349727378,2.1277339921713465,0.6103133538747747,0.1402001026167265,0.5897359391317321,0.9993370458764254,0.1326851457620253,0.1299885242468877,3.233632377835772,-14.312768736822385,0.4892570608282537,0.2377336928509785,False,False,False,False,pachytene,35,pre,18.901767395189932,20.0
31,1.580442938400018,144.24759840856893,12.316500399370671,38.766327228,2.0995296683484885,0.6793537456129735,0.1770461251747165,0.521985280241555,0.999766818234814,0.1386710470856864,0.1873595838367762,2.6959950445062115,-20.337347539270205,0.4914617082674585,0.3391783865874269,False,False,False,False,pachytene,35,off_axis,22.2541445981075,20.0
364,5.2637401487811895,145.06819698755783,10.88501547469929,63.697255812,2.477483121517716,0.6307358031965824,0.0809349220898258,0.6769721751271567,0.9999270445757642,0.0658381522523176,0.0827434063498471,2.677921627882532,-19.97273964827829,0.4915290533186645,0.1195542816432946,False,False,True,False,TZ,35,off_axis,22.632260607259052,20.0
363,3.617886563399563,143.82247256710735,27.41050333451601,59.514733638,2.422025037451044,0.7598045012021599,0.1474538332400671,0.5808992451591729,0.9997565873547132,0.1163948388025797,0.2433849813736147,2.223045109209948,-16.316283931605685,0.4922856419093754,0.2538371920240025,False,False,False,False,pachytene,35,pre,17.224512893651937,20.0
613,6.692956340956363,144.90418415800332,35.619018910602065,28.20798045,1.8884020427578585,0.5883575883575883,0.1109913793103448,0.6208080808080808,0.9992251065478496,0.0843990215189063,0.089918572312326,2.716163369829513,-12.874369811023419,0.4933390792553744,0.1787853327647924,False,False,True,False,TZ,35,pre,18.331325181062148,20.0
32,3.036412495801463,143.88470667019047,19.8868220140132,97.767335484,2.857821219993641,0.7346321800470272,0.1966879721092388,0.5594936708860759,0.999920232919874,0.0208369314704746,0.0403549632961807,2.557959204648339,-18.463691438142437,0.4934014137011396,0.3515463754893635,True,False,False,False,pachytene,35,pre,18.541026989203605,20.0
944,9.0939511438543,146.5076699447472,24.48273409751819,48.398091696,2.260718784503066,0.722663823187282,0.1851324409000284,0.5405452638937435,1.0,0.0786504005525922,0.1434168899690228,2.25719418919472,-14.60799890838895,0.4962290066493276,0.3424920229000849,False,False,False,False,pachytene,35,pre,14.735293750523073,20.0
899,7.830426757031942,145.94709639639652,18.13454960740559,85.14470406599999,2.7291223768759223,0.8397939223627298,0.1595606301488654,0.5800515907136715,0.9999639236624698,0.1306491698292587,0.4127984611087396,1.7012223860436533,-17.00601220973716,0.4966115526750013,0.2750800665033064,False,False,False,False,pachytene,35,pre,17.463673089828614,20.0
736,9.090291557611256,147.31153344695488,11.67249740093672,38.538786762,2.0954138481326057,0.7132509586706434,0.1354376949899064,0.5438335809806835,0.9990250243743908,0.0784933635772956,0.1118151652293471,2.193995116382077,-17.597092910188355,0.496835965016369,0.2490425375087624,False,False,False,False,pachytene,35,off_axis,20.517239809645933,20.0
308,4.567756188749922,146.98772255990588,31.860997428199987,82.82003806799999,2.704055527139286,0.8021865971789497,0.2313449262601805,0.5445303550973654,0.9998382007928162,0.1706950053336766,0.3953896555012639,1.8784907832210835,-11.984813936536176,0.4979517227289481,0.4248522127270842,False,False,False,False,pachytene,36,pre,14.89563549630753,20.0
614,7.286810102899758,148.23139532273404,9.335597157659931,32.599276866,1.981708561773556,0.6167518169389077,0.1683322923173017,0.571723619977469,0.9988323603002502,0.0839043569474745,0.0804005405651958,2.547335523857517,-17.403171503167894,0.4989218086870838,0.294429487317553,False,False,False,False,pachytene,36,off_axis,21.754805839174402,20.0
737,8.243832783494668,147.2597584913087,35.02558194888873,47.64040540199999,2.248859274664237,0.6450834605347383,0.2294205687406457,0.4891786903440621,0.997806777058888,0.0516161177862071,0.0625178024551389,2.228220292845038,-10.796484069044563,0.499569753571796,0.468991338480594,False,False,False,False,pachytene,36,pre,15.987354839622757,20.0
980,7.119491983816234,147.63526108310643,29.22691272853059,108.419513382,2.958055250421831,0.8396763235898657,0.1523678792038435,0.5968960863697705,0.9983496503496504,0.247775853977781,0.8305675645190966,1.494757019424935,-12.138409341222781,0.5023192917956238,0.2552670099254986,True,False,False,False,pachytene,36,pre,13.60179663747173,20.0
175,3.3064523457910777,150.160207531525,11.507277910939122,41.299767468,2.144303884728932,0.7082244689310462,0.1926764104981927,0.4930893517617286,0.9998935943817834,0.0461790781947435,0.0675516498220586,2.6808404973949003,-14.92218986740692,0.5092647874767224,0.3907535415433146,False,False,False,False,pachytene,36,pre,18.86589214301063,20.0
388,5.074615875878307,149.8703522484014,36.83042184154228,62.44226458199999,2.4611042588565417,0.6455539276456665,0.1506121714079942,0.6177000529941706,0.9997737897752978,0.0741879404365229,0.100914596106407,2.5270817669277004,-7.771315701075274,0.5106588791532259,0.2438273571095445,False,False,False,False,pachytene,36,pre,14.932430879535657,20.0
277,3.3182140946453225,149.2275186323627,25.21264136471978,48.231541458,2.2581225665506937,0.7067263265405379,0.1573504751257686,0.5975124378109453,0.9999150526673464,0.0290300053799606,0.0595075230662426,2.5121279943654367,-11.793689022883816,0.5111580941856072,0.2633425936742671,False,False,False,False,pachytene,37,pre,11.93523311754925,20.0
1004,9.03447280888021,150.24849223740867,33.17707762994498,58.534198434,2.408649951842255,0.7321764918045927,0.1221594640746092,0.5856651204548855,0.9995355934452332,0.1937959591701374,0.3330102223614608,1.8797203081574363,-8.481436363328653,0.5112050113908441,0.2085824472178368,False,False,False,False,pachytene,37,pre,12.474279949449052,20.0
900,7.804696735715239,150.06811042387602,21.33948009744975,88.10273012399999,2.760367586459737,0.8318068054741999,0.1469277515192437,0.5575431375652999,0.9998582816651904,0.1644612528130806,0.5087574832387416,1.7237466269836408,-12.126178660099367,0.5121256929235218,0.2635271454704891,False,False,False,False,pachytene,37,pre,12.309531398612107,20.0
339,3.3637467700256445,151.57421036821668,32.55718377907067,36.31264344,2.054264772144712,0.7417312661498707,0.1448128342245989,0.5642821410705353,1.0,0.0503789359110986,0.0974387161568508,2.44006111156204,-7.395866005787493,0.5134331539992775,0.2566319641976712,False,False,False,False,pachytene,37,pre,11.017214453399454,20.0
902,8.554020687354091,151.07248935602826,27.27503760427135,63.27266999399999,2.471966138100973,0.7853779705631557,0.0954687499999999,0.5864570737605804,1.0,0.1358455149931024,0.3070744815600155,2.0163623429755475,-9.42491702345453,0.5136019542026808,0.1627889819587628,False,False,False,False,pachytene,37,pre,9.973831768088761,20.0
901,8.081699137655256,151.50895877515632,14.56265756148247,58.75704734399999,2.4117027841170544,0.8170712232513574,0.0908730158730158,0.5613269314709733,1.0,0.1611566886876737,0.4261537247425512,1.942146331990824,-12.736540096479633,0.5136170315284201,0.1618896418079933,False,False,False,False,pachytene,37,pre,15.605917434500801,20.0
764,8.392707563439641,153.00318630820237,11.811703880265492,38.086051608,2.0871762010129924,0.7365114560236512,0.2221818181818181,0.451846657316503,0.9998893193137798,0.0434559080908509,0.0863041940377143,2.5814289890437614,-12.1149715899227,0.5153641487869915,0.4917195127686591,False,False,False,False,pachytene,37,pre,17.112889468416796,20.0
738,8.176496135913819,152.39312379766096,36.58680701283787,36.727846146,2.0620646810342,0.6702433416363288,0.164427900954847,0.527019174898315,0.9987362567926198,0.1173547424727815,0.1426395552608524,2.1449941717134893,-5.430974903243674,0.5169028168239285,0.3119960502131111,False,False,False,False,pachytene,37,pre,12.969796678515376,20.0
499,5.364890327220773,153.08439825242556,11.45883318230807,32.61804308999999,1.9820887547969657,0.6620640057533261,0.129653639562882,0.5654394552032347,0.9984274481772696,0.0994999505030914,0.1266994844199591,2.5671694059217858,-12.140838746275039,0.5171240543221507,0.2292971216808365,False,False,False,False,pachytene,37,pre,17.387906099657528,20.0
365,3.661945748565608,152.44660902451628,28.104372574334448,53.962277112,2.344231799466176,0.7396105025213007,0.292213163180905,0.4836393989983305,0.9998507128461596,0.0623867810186659,0.0983911979399706,2.5568626168424675,-7.867975276367607,0.5195559542430331,0.6041963574227206,False,False,False,False,pachytene,37,pre,8.674624306121883,20.0
155,2.1210765365288373,151.85534946365968,21.89147188828739,48.548221488,2.2630539379095977,0.7863838422883649,0.0565514297908663,0.621805021488351,0.9999301334451198,0.1037090127717031,0.2852825360557012,2.24950915737034,-10.255642287079544,0.5201141005201505,0.0909472066589378,False,False,False,False,pachytene,37,pre,10.471098339953665,20.0
220,2.940173597616287,151.8535299131998,16.656719588028746,54.321181146,2.349417495036189,0.7325646672712355,0.1664872139973082,0.5281769740029065,1.0,0.0316404705503529,0.0719130699174216,2.2830266867126974,-11.792879593013264,0.5218369869729811,0.3152110413590125,False,False,False,False,pachytene,37,pre,13.774111857772454,20.0
530,5.869293649130174,153.44353047579077,37.584117836932215,11.191706837999998,1.3876158078559155,0.5937958499266401,0.0744985673352435,0.5185758513931888,0.99444724886421,0.1581961500511174,0.1541897295992416,2.692747161650888,-4.134234677381135,0.5227309874892286,0.1436599238763203,False,False,False,False,pachytene,37,pre,13.093118745058998,20.0
816,8.050439969073533,154.00900365965825,20.29243986598544,63.71367625799999,2.477695992449432,0.7818931556275542,0.1772222222222221,0.5227886563133018,0.9998884862001672,0.1259253610165275,0.2406335333085126,1.9605041307174471,-8.665763486296639,0.5253210818808985,0.3389940085387291,False,False,False,False,pachytene,38,pre,9.662270068047059,20.0
340,3.347050441721317,154.1310538614998,36.88273935594212,8.231335002,1.2525465909302125,0.6984895981761186,0.0257826887661142,0.4716446124763705,0.9815400843881856,0.1158375999340063,0.1694752258450989,2.403859330563561,-3.6826878269558194,0.5255110368588058,0.0546655004299576,False,False,False,False,pachytene,38,pre,12.123931384626639,20.0
945,9.05679385122156,154.76755236069067,32.74306169366002,34.182677016,2.013287609446544,0.6953746911885809,0.0962947882736156,0.5987835097995043,0.9976603866518902,0.1241506611914523,0.190658189258272,2.6433821234576964,-4.288469730701082,0.5258698065615748,0.1608173683771932,False,False,False,False,pachytene,38,pre,8.558717595297074,20.0
629,6.74219588777501,154.78732525828698,16.47285725463316,92.639464776,2.8069573207375877,0.8334092980856882,0.1238513783459848,0.567563459492324,0.9998325126452952,0.1475859232012922,0.4755372252857617,1.629739719278854,-9.042068069326293,0.5266146346214942,0.2182159127311821,False,False,False,False,pachytene,38,pre,12.175332971534162,20.0
850,9.353931983186994,155.56073779900726,34.970198288115135,30.69450513,1.942334431269996,0.5626289644631257,0.098456206679269,0.6262449764109733,0.9947848761408083,0.1282112186326791,0.1081012178709891,2.6708307405027485,-2.876894135463558,0.5290035798131898,0.1572167608329956,False,False,False,False,pachytene,38,pre,9.7379672799409,20.0
309,4.649089981289391,155.4943669501652,38.31433801667064,41.372486586,2.145561684037716,0.6930316947326642,0.1142015706806283,0.5550424824528999,0.9997905101078872,0.1234919648994125,0.1870812194120745,2.862136820576288,-1.959416682961339,0.5294974917852573,0.2057528464775113,False,False,False,False,pachytene,38,pre,12.672213096439226,20.0
851,7.696824609277736,156.1867820950178,25.87690270404533,75.64664894399999,2.623616548670681,0.8332609774249566,0.1458300238284352,0.5382183373628417,1.0,0.1653606452189319,0.4884534245735625,1.7873423654683642,-4.945703678917596,0.5309507097744672,0.2709495639687271,False,False,False,False,pachytene,38,pre,4.964048348079181,20.0
278,2.830317015548723,156.01888645129594,29.174327756715364,42.69550537799999,2.168192559610114,0.6961705400802154,0.2098871267323903,0.5059674502712478,0.9996935022476502,0.0604759195649518,0.071707566104689,2.806623790388195,-4.1389878524322015,0.5315578083644363,0.4148233777091201,False,False,False,False,pachytene,38,pre,5.503959929330582,20.0
279,3.941349410649077,156.29871112993038,14.804394309714477,34.628374836,2.02200007269056,0.7241566183443977,0.0981173864894795,0.6028978388998035,0.9994305887712106,0.081506256329119,0.124948695805251,2.7528835172518584,-8.08657147998388,0.5318658425198088,0.1627429726212467,False,False,False,False,pachytene,38,pre,13.010292901849864,20.0
684,7.881078246276422,157.05889627648514,37.8772491189442,67.093942356,2.520760398009032,0.7081322984406685,0.2068408551068883,0.5283900335409679,0.997669878455822,0.2053240693087604,0.2883493557230361,2.166877223857057,-0.5919182120003256,0.5325690824412681,0.3914548760898444,False,False,False,False,pachytene,38,pre,11.658065667682061,20.0
739,7.748413969881515,157.79503165652037,14.735635982057316,21.963519414,1.7372851510708505,0.6890953754138631,0.0452607412266317,0.6111301958090003,0.9998130491680688,0.1429578840930127,0.1958275809027776,2.4044785033336957,-6.676239882465754,0.533615834936688,0.0740607182185075,False,False,False,False,pachytene,38,pre,12.60906602694749,20.0
482,5.591061831758746,159.10057268766892,13.356017700967906,41.466317706,2.1471824749576056,0.7194094020478587,0.1492281303602058,0.5084677419354838,0.9998028779814704,0.0488280640048912,0.1088611238183409,2.6181896256819126,-5.83280728478695,0.5375139398647953,0.2934859344118244,False,False,False,False,pachytene,38,pre,13.701933955039769,20.0
903,7.492130354347351,158.26431211327633,30.56684352355098,82.41891002999999,2.6996828801434107,0.8219439305535791,0.1136299234910739,0.595108695652174,0.9993876535650044,0.1958081582062646,0.5614505257036947,1.8582530598378175,-1.583870633548289,0.540101533060211,0.1909397801128548,False,False,False,False,pachytene,39,pre,4.583002392511939,20.0
817,6.9387564912282,158.87916127999318,18.34163632000024,83.56834124999999,2.712175098384667,0.8047157894736843,0.2046415914027666,0.5564179962627569,0.9987762030713356,0.2209563906107069,0.5465274989592674,1.7493444451197804,-4.5820592515190075,0.5411591611233659,0.3677839192428435,False,False,False,False,pachytene,39,pre,8.846329600473844,20.0
221,3.256190583974662,159.15128078881833,36.910064225894274,41.454588816,2.1469800098944587,0.6859438660027162,0.1826215022091311,0.5293693693693694,0.9997822773786196,0.0702664786298674,0.1021428906426916,2.367233250962064,1.1247242965652615,0.5417302493999562,0.3449793523691891,False,False,False,False,pachytene,39,early,10.104634518521438,20.0
1005,9.211288475786258,159.92506431602237,35.58326449787754,34.827765965999994,2.0258735582162646,0.6574392133090861,0.093727726300784,0.6515926071569013,0.9993570785649992,0.0695006942175519,0.0792988010888794,2.528720582581148,1.4752835049516255,0.5432470749864466,0.1438440603397066,False,False,False,False,pachytene,39,early,8.609225976800104,20.0
280,2.83939700633903,159.48635402972292,22.32904512864145,44.037290394,2.1906718447647013,0.725243701060033,0.1300387923764546,0.592865451725475,1.0,0.0293513679107578,0.0555936647513913,2.841586314738004,-2.831958310641456,0.5449130208536979,0.2193394673243143,False,False,False,False,pachytene,39,pre,4.846718728357259,20.0
946,8.572664343343083,160.06968005442798,21.550242006015026,49.13701176599999,2.272165933054066,0.7799207523750418,0.151012891344383,0.531887201735358,0.9998554704437056,0.0986327195547007,0.1991031016344031,2.2152028081140385,-2.502736174688916,0.5453864451717454,0.2839190167608506,False,False,False,False,pachytene,39,pre,5.456722616254232,20.0
576,6.622916666666682,161.14289070169104,16.125993194017948,36.706734144,2.0616694980653367,0.6905035787321063,0.1300520926890604,0.6025190997315714,0.991305329719964,0.0172138442577115,0.0603911263936166,2.404173812392377,-3.0678163284699917,0.5458769700965588,0.2158472532190267,False,False,False,False,pachytene,39,pre,10.794497182550069,20.0
33,2.127726375524297,159.52690537564487,17.366020568097042,76.05950587199999,2.628380864877617,0.6947322970639033,0.1358477387812118,0.5722368155182865,0.9996148979479562,0.0435425553917428,0.0675749801346507,2.6979071267156503,-4.248983263007327,0.5464097600824414,0.2373977610269128,False,False,False,False,pachytene,39,pre,9.673054239870526,20.0
468,5.578734043953531,160.72443282668917,40.167763106987465,35.651134044,2.041714030654175,0.5317804974338729,0.1588652482269503,0.5505902192242833,0.9948463825569872,0.1823362988639587,0.1177640402701804,2.8635517441984546,3.5842497428428017,0.5476709001836363,0.288536270133481,False,False,False,False,pachytene,39,early,12.757584558240668,20.0
709,7.467304590904304,162.40079283948108,38.74759984947952,21.818081178,1.7334419987121392,0.5504784431781529,0.1585832159388207,0.5101650322889261,0.9971461187214612,0.1499304787787201,0.130875708682084,2.859381471309552,4.770296757602953,0.5501030007619264,0.3108468944398544,False,False,False,False,pachytene,39,early,10.908168691205399,20.0
852,8.178723899712745,162.1493189164051,26.87829380967215,60.441315948,2.434529832337996,0.7482341069626639,0.1536855838225701,0.5318328965623554,0.9990493091646596,0.1108694033900868,0.1877798407190578,1.8855464668732165,1.0482885707067944,0.5505425488829179,0.2889734441324674,False,False,False,False,pachytene,39,early,0.3652655706898133,20.0
1035,9.478042691300024,162.89784098115183,15.095189539383492,18.792027558,1.6492823465994664,0.5388840344526276,0.0824639841033283,0.5831077422847861,0.9934597776324396,0.2526972374227265,0.1712991313703219,2.829397045928277,-1.6924261264218168,0.5510587606001948,0.141421521484538,False,False,False,False,pachytene,39,pre,11.969866980913066,20.0
176,2.912411780313201,161.73816240382453,40.85727121782846,44.20618641,2.1934688964952085,0.6131069249137702,0.1805102843655164,0.5412151968179948,0.9995127892813642,0.0987844417782121,0.0884531934658818,3.10772802708489,4.755639163010003,0.5519856747028685,0.3335277453900102,False,False,False,False,pachytene,39,early,13.11940760448692,20.0
366,5.326277520867611,163.4042955152253,15.292503027659151,80.654884974,2.680283229245497,0.6318238664456273,0.2422029332535169,0.5132316928667351,0.9957836014530358,0.1228869992935216,0.1312873155616102,2.793434139908465,-1.1503720253443865,0.5527822517035168,0.4719173360098924,False,False,False,False,pachytene,40,pre,11.86543632257618,20.0
785,8.633213281365444,162.62475791109816,41.26564480240624,47.546574282,2.247381875599128,0.7249494301642903,0.2584463953179037,0.4826905829596412,1.0,0.106437298224066,0.200199548057687,2.666501296423849,5.723022351068521,0.5537572345672661,0.5354287082487228,False,False,False,False,pachytene,40,early,13.249754624247332,20.0
904,8.744167103511868,163.38719524577527,32.63737691439273,58.17294862199999,2.403684646380311,0.7508770514940118,0.1641185225273982,0.5221754613143412,0.9996049252650292,0.1589495947861524,0.2762833467768448,2.1255177018180724,3.921011683124977,0.5554571500902522,0.3142976541147756,False,False,False,False,pachytene,40,early,4.777383351147202,20.0
786,6.22640158467594,164.1409812855546,19.19835617424264,129.08112600599998,3.135147985847329,0.8427317498682465,0.210977388767323,0.5648255142130807,0.9985288883616088,0.2038892469375513,0.6690486126539781,1.5045098410366833,0.6996032580509264,0.55853274174498,0.3735266617005756,True,False,False,False,pachytene,40,early,8.29158751907867,20.0
34,2.239303294206592,164.46419649280602,22.39083021582659,49.561597584,2.2786916588669826,0.7391613025369178,0.1842806394316163,0.5042641988749773,1.0,0.0794061501855513,0.1357179682182858,2.262088583835076,1.945041894046269,0.5611100767107468,0.3654446217731693,False,False,False,False,pachytene,40,early,5.334352124262092,20.0
1036,9.41175827180792,165.08305423844646,37.61949213836592,51.471060876,2.3075874593741674,0.6654817245465318,0.2246751874933981,0.5223433242506812,0.9977804494589846,0.1038442211966893,0.1435412600694905,2.145751303321148,7.003665506192139,0.5611713944755032,0.4301293365157908,False,False,False,False,pachytene,40,early,9.042902690582743,20.0
905,8.95446762448353,165.2003372219998,23.70679753001287,47.67559207199999,2.249412799170853,0.670438889982287,0.1595984943538269,0.6058524932815766,0.9987906976744186,0.0613150734172451,0.0863390718867905,2.265921465976698,3.034810885997161,0.5634062339892889,0.2634279731843106,False,False,False,False,pachytene,40,early,4.2922020921808475,20.0
469,5.551159531090953,165.43586743119093,41.854907167430326,36.819331488,2.063775392785846,0.6917048929663608,0.1543166724921356,0.510642694771647,0.9995204986813714,0.1767663235234436,0.2668870433045471,2.9023913890519326,8.583323639763513,0.5638363548419493,0.3022008815011916,False,False,False,False,pachytene,40,early,12.988520233939036,20.0
281,4.251315370093462,167.85249639101147,16.624696555274276,95.677247286,2.8373093387589607,0.6779365974452645,0.2068590749909431,0.5227618757612668,0.9988963531669866,0.0828949117501979,0.1073086672938551,2.5470452591072643,3.4929304592962347,0.5681780494842215,0.3957042098559821,False,False,False,False,pachytene,41,early,11.840727042840168,20.0
853,8.209206131712346,167.5271015885985,29.229698848161597,54.78329941199999,2.356060971384641,0.72026205360966,0.2441281962281615,0.4797183529771927,0.9995368941031184,0.0959639334556333,0.1498149639286631,2.1557812580198776,6.8792453270997544,0.5695020604161201,0.5088990127500252,False,False,False,False,pachytene,41,early,0.3052532056710641,20.0
906,8.788119438044687,168.03583289064017,42.73036503591139,51.928487586,2.314403202361464,0.603740344220084,0.234688536032106,0.5012539899680802,0.9927641099855282,0.0798520463253695,0.0556178208839219,2.4084358586573327,11.32571774686665,0.5718720206791478,0.4682028287636193,False,False,False,False,pachytene,41,early,13.06282656705056,20.0
907,8.164155675274358,168.9708299136172,34.48356599944231,50.50929189599999,2.293124090862457,0.6754133382872005,0.1265933516620845,0.6226928029761053,0.9994900560938296,0.1912277777514771,0.2422881995841959,2.0332730054749235,9.800571581279227,0.574545887299095,0.2032998471429937,False,False,False,False,pachytene,41,early,4.904527543695438,20.0
424,4.339965616045913,168.99720978223664,41.760870997133246,40.9338261,2.137951802281114,0.6868767908309455,0.1665649786455155,0.4857247437774524,0.9988860421076085,0.0722982907946787,0.0844632042209012,2.6663499743174093,11.96042610719631,0.5759910773430261,0.3429205136846635,False,False,False,False,pachytene,41,early,11.85398020946425,20.0
818,8.448883241287861,168.92155618982457,20.604687664337984,47.99696365799999,2.254455764772154,0.7305605786618445,0.2230834272829763,0.5280246689642663,0.9987228607918264,0.0988105840117421,0.1950422018742365,2.179940029711504,5.682406006182563,0.5761576242453568,0.4224867518416519,False,False,False,False,pachytene,41,early,8.349392783384149,20.0
409,4.357513686992441,168.98754166508965,38.24366495658084,49.702344264,2.280846655100103,0.7491032659996224,0.1958856451368931,0.5285929270127916,0.9996158278908952,0.0623546176477257,0.1055908968709217,2.336285223848451,10.919489352494997,0.5773118852043095,0.3705793912981223,False,False,False,False,pachytene,41,early,8.494325096673741,20.0
595,6.727040843214473,171.42708545454036,15.859828695651952,44.51113755,2.19850113784275,0.6295652173913043,0.1800046663555763,0.4824299331341585,0.9983319432860718,0.1223089280830955,0.1429265022748,2.322542251233684,6.6859234332521424,0.5791532268769712,0.3731208492519451,False,False,False,False,pachytene,41,early,13.620475812765793,20.0
35,2.4139528261592296,170.58680910729882,21.137815238954317,49.427888238,2.2766406301629663,0.6722035024441175,0.193954953903606,0.5437961488345157,0.999722940524566,0.0654848351477302,0.0839002808385685,2.479141002072648,7.430788790419631,0.5813051145368131,0.3566684948381808,False,False,False,False,pachytene,42,early,8.328181235674853,20.0
854,7.942441001393426,170.89020347025377,24.887515569722115,55.564443486,2.3672063649559023,0.7597838476801622,0.0893085787451984,0.6446397188049209,1.0,0.1900098369873649,0.3835471461388349,2.2048935756895265,8.820728361789909,0.5824597004480923,0.1385402979989584,False,False,False,False,pachytene,42,early,4.832416841730091,20.0
310,3.2038698079289465,170.34957763269432,25.30051028952629,49.58505536399999,2.2790511079783595,0.725470716245624,0.2018979507633063,0.5545407547820093,1.0,0.0646411788533934,0.1343694639766328,2.744336453082746,8.425026382065518,0.5825451317062983,0.3640813574516676,False,False,False,False,pachytene,42,early,4.27900842287004,20.0
981,7.020889681564122,171.02731274263985,39.30027365759984,135.47102527799998,3.186050115220683,0.8484182092084985,0.1968070465180291,0.575508339045008,0.9998668294306958,0.1977100597901861,0.7091562989257307,1.456482070796626,13.179467485826933,0.5825677521106208,0.3419707989715814,True,False,False,False,pachytene,42,early,8.90613431553711,20.0
577,6.592812122837684,171.85075079790784,43.42519202092058,17.492466546,1.6103519897680298,0.5322515757006839,0.1238382316001004,0.5040137614678899,0.9800613496932516,0.1855909157030196,0.134203984229363,3.2448781198133467,15.17663688488159,0.5854331954236708,0.2457040681576509,False,False,False,False,pachytene,42,early,12.608068421704298,20.0
710,8.323567093729368,172.6072556262614,17.93210295010088,55.66062038399999,2.3685713825710404,0.6689565070802428,0.3098752416095589,0.4509229789942711,0.999015131166622,0.0408976262179338,0.0568590129707348,2.3232024444781407,8.42203564953452,0.588423393028068,0.687202152129612,False,False,False,False,pachytene,42,early,11.985533430800286,20.0
855,9.18062181522827,173.17104416956212,44.51329948305294,31.764179898,1.964640138184244,0.5959678014917658,0.1060457516339868,0.6730031072929995,0.9990632318501173,0.2049372565202912,0.2057216022152281,2.7508001250927974,16.75802518548933,0.5894768280731685,0.1575709688184525,False,False,False,False,pachytene,42,early,13.261033565554516,20.0
36,2.76038123501865,174.19270965358166,19.094738779820304,82.20544423199999,2.697350129849708,0.6458737587033443,0.1667785685510944,0.5303787268331991,0.9991170237814928,0.17502796541259,0.1756267964830664,2.3902426306478133,10.278781942000101,0.5906789316171308,0.3144518437737893,False,False,False,False,pachytene,42,early,11.339097238505419,20.0
389,4.151795419254411,171.95226344138104,35.244823442351766,48.341793024,2.259841857035525,0.7099184782608696,0.2588643689561121,0.4775844764135162,0.9995496306971716,0.061560652079376,0.0961573011101876,2.621630523641195,12.874155577009322,0.5908791499143842,0.5420284404972463,False,False,False,False,pachytene,42,early,4.757761757317247,20.0
578,6.18420291467362,173.69156168650727,42.90857084214006,21.086198442,1.713838494739132,0.6626988541550785,0.2300660233621128,0.3957783641160949,0.9988574040219378,0.1647216440855431,0.2208270280438732,2.245078175645579,16.784934813416374,0.5917485743442441,0.581300152361605,False,False,False,False,pachytene,42,early,11.574211592630974,20.0
982,8.667461883407954,174.2746165156953,31.719326515695016,52.3108494,2.320069817373411,0.7519282511210762,0.1547746371275783,0.5359725234996384,1.0,0.1280924917279107,0.230188719406672,2.2008404107401214,14.060227024994592,0.5927812652359634,0.288773454499077,False,False,False,False,pachytene,42,early,0.7061340718163677,20.0
130,2.3650565056505557,174.10377968797107,41.650020282026816,23.455434222,1.7757628088877755,0.6913691369136914,0.2081088016422889,0.4358392741412832,0.9895754359363154,0.098962728688818,0.1328811668669629,2.5951789373823355,16.80985242569239,0.593680525164997,0.4774897857755418,False,False,False,False,pachytene,42,early,10.250107251693061,20.0
908,8.662389862389894,174.0818016929029,46.18980525690504,23.694703578,1.7817805899072388,0.6618156618156619,0.0466089868825007,0.6589578454332553,0.997106167480557,0.0815284239739319,0.107142909425698,3.6844925601685463,18.120485834111918,0.5943763748811951,0.0707313634787305,False,False,False,False,pachytene,43,early,14.59664273632124,20.0
1006,9.049478663343928,174.79905884238124,37.24328540257417,46.120341258,2.2246821366361504,0.7367377040842277,0.1563162184189078,0.5428902627511591,0.999915023793338,0.0354186877619574,0.0632983894558206,2.2540432699516724,16.18193025502849,0.5955714856268797,0.2879333617566787,False,False,False,False,pachytene,43,early,5.833271376552284,20.0
410,3.8876722395737855,174.88800529119993,38.49055221385363,12.768069653999998,1.449925021689958,0.6773837957009002,0.0704076230809952,0.4618451025056947,0.9974729241877256,0.178234272138647,0.2388889485136259,3.082979414411931,16.63282201499664,0.5964484927080449,0.1524485648954718,False,False,False,False,pachytene,43,early,6.999582908720909,20.0
740,6.983864957940465,174.89864875515525,23.18957776774077,83.10153142799999,2.7071156276706247,0.7608818381979338,0.2235563703024747,0.5315783260535946,0.9981247488502925,0.2337521823406229,0.4068425328676446,1.8679984209733955,12.154797822410792,0.5968583670301346,0.4205520792432298,False,False,False,False,pachytene,43,early,7.631453678429703,20.0
341,3.530662147439781,175.88410306258237,42.69889733688385,19.378472058,1.666263344685609,0.6232901585764435,0.2446601941747572,0.4418380462724935,0.9915397631133672,0.0421236361351055,0.0291387811622721,2.871833012634952,18.819527546216687,0.598594179167809,0.5537327449249779,False,False,False,False,pachytene,43,early,10.730628119438268,20.0
579,6.596309696092703,177.4249043053522,17.73287900144662,32.41865196,1.978041721098033,0.6372648335745297,0.1313463871079535,0.5874725713145821,0.999248572287346,0.0653343275892358,0.0699824836288669,2.204897430784802,12.969327503615766,0.5994544980133844,0.2235787567307881,False,False,False,False,pachytene,43,early,13.589143661083472,20.0
282,4.841233373639662,175.9138485791972,39.5421099002421,46.55900174399999,2.231713036168578,0.6657597742845627,0.1736422521175884,0.4880916490804944,0.9973279893119572,0.3064546714820194,0.3538695492681861,2.491724750564965,17.9219914528675,0.5998689477949636,0.3557574739184934,False,False,False,False,pachytene,43,early,7.7039763923587605,20.0
438,4.739831066257113,175.45946027862774,45.30419119679784,42.768224496,2.169422818858393,0.6441970162351909,0.2484939759036144,0.5000770772313858,0.9992840949767332,0.0832936064477272,0.1048663674546893,2.859265335800667,19.17776879288735,0.5998743610021205,0.4969113507049158,False,False,False,False,pachytene,43,early,13.345879694268898,20.0
38,3.0264880952382125,177.42432055011508,17.604634965437118,48.867247296,2.2680002016449503,0.606902841781874,0.1626789366053169,0.5579435828550494,0.9979363527750624,0.1414068973564985,0.1603151060204948,2.794093301023409,12.93115189993624,0.6022060392495043,0.2915687922654718,False,False,False,False,pachytene,43,early,13.711575261685141,20.0
947,8.235402236713453,177.0023592222169,41.63324680203924,69.427991466,2.5496583956667007,0.7760583842957056,0.1883419054616703,0.5559746529873265,0.9984561547962124,0.1752902399031279,0.3439536818667877,2.13370498661164,19.46628367203151,0.6038334755656345,0.338759877720475,False,False,False,False,pachytene,43,early,9.38447945634757,20.0
37,1.5934779533129568,178.7690250035407,21.01282003772718,99.48444498,2.8744550657258263,0.6269983494458854,0.2355385879282849,0.5250015803780265,0.9969927192149416,0.0914329592602779,0.1105167547873341,2.870050059758388,15.216420490003195,0.6071444926091109,0.4486435788606309,True,False,False,False,pachytene,43,early,10.847748621454121,20.0
177,3.089648565522248,178.64614950839908,39.584034972016745,46.523815074,2.2311506934959366,0.6292038521655826,0.2242616033755274,0.4862659776992113,0.9993338514488732,0.0905840015587615,0.0884092512035415,2.933815526594407,19.55532649780042,0.6093515767161387,0.4611912279708134,False,False,False,False,pachytene,44,early,7.0255526171752765,20.0
545,6.148411416262443,179.56400356565817,20.15200227325278,60.98553644399999,2.4418149385910253,0.7095930456188937,0.1651000774079398,0.5407947019867549,0.9979308503537578,0.2143479680388449,0.2983421442330538,1.9530548182414744,15.723927817662847,0.6099853905421613,0.305291595500844,False,False,False,False,pachytene,44,early,11.903889923663652,20.0
630,7.070658634859052,179.1789822316188,27.43363816970541,58.801617126,2.4123124238979305,0.6981290142418319,0.2919434827360344,0.4695387868375842,0.997978855721393,0.0601939663454503,0.0903191311418936,2.2725810633967933,17.4917482461566,0.6106100005893015,0.6217664885627843,False,False,False,False,pachytene,44,early,4.82962150291701,20.0
596,7.273385623724331,179.17910926184774,46.78170762329423,43.664311692,2.1844695889366323,0.6635865477597507,0.2645055203194738,0.4741296710316193,0.9983498349834984,0.0634278671080034,0.0840669549861517,2.6897308458712947,21.200371133097775,0.6111167473921185,0.5578759071204261,False,False,False,False,pachytene,44,early,14.052953690233752,20.0
39,2.7497803915729544,180.20949080622617,15.814750777934645,31.510835874,1.959403012639991,0.6476587508374898,0.0624009508716323,0.5596873019226706,0.9992651381540272,0.1554797439899339,0.1941510359762439,3.8731582840207928,15.068785382354593,0.6128146348227242,0.1114925256607911,False,False,False,False,pachytene,44,early,16.239693505565608,20.0
1007,7.806892663330059,180.20334979562065,38.23786851081854,133.136976168,3.1676463802111745,0.845637465642399,0.2802924505052164,0.4946923867138454,0.9991836544292578,0.2154418540403157,0.6749480022833865,1.639998447710388,20.88440586662175,0.6137697273356509,0.5665994828971392,True,False,False,False,pachytene,44,early,5.453743179886089,20.0
856,8.602747517171691,180.8667995012488,44.21546857855399,53.617447746,2.3392277608043432,0.5745285908036926,0.2443667443667443,0.5016966580976864,0.983788900721808,0.0992964789944314,0.0780625553567847,2.3574075812104454,22.468748758832227,0.6172030882920353,0.4870806700074992,False,False,False,False,pachytene,44,early,11.25561578117536,20.0
41,3.105987681757409,181.99226016889497,21.26322549368244,36.943657722,2.0660956699954616,0.5644802844625055,0.1018724630090349,0.6206444088059484,0.9847481127715298,0.1185451062903289,0.1000582009107852,2.2214069518104003,18.371322710450418,0.6186739092626764,0.1641398223582266,False,False,False,False,pachytene,44,early,11.5538221324753,20.0
283,3.9557945870923072,180.8241296495492,47.610939694654725,40.563193176,2.131479575661627,0.659206569511913,0.1012658227848101,0.5742406244697098,1.0,0.0842970131286743,0.1055314546182531,3.55014096819909,22.954273165298762,0.618906624851934,0.1763473681060537,False,False,False,False,pachytene,44,early,14.61646550516537,20.0
42,3.538345028465707,182.46704612736264,16.39359740765186,88.58830617,2.765429531075899,0.7443135178074938,0.1350770333213902,0.5123239436619719,0.9972838973916792,0.2507501525949415,0.447825368356544,2.636053826859861,17.396827012979074,0.6189879758262995,0.2636555152115107,False,False,False,False,pachytene,44,early,16.348512689562977,20.0
655,6.248050647113387,182.0302685418856,23.57205457386574,58.54358154599999,2.408778648258718,0.7501702929037946,0.1934023285899094,0.5688853247794707,0.998980826804255,0.2284264725244663,0.4003060721817703,2.0491088438125784,20.4099765532725,0.6200501193191168,0.3399671606309798,False,False,False,False,pachytene,44,early,9.31780539720657,20.0
178,2.746587624320277,182.1222697271044,40.14244478467484,47.87967475799999,2.2526178824216783,0.7214737151535937,0.2351674963002825,0.5400175901495162,0.9997445939043078,0.0664915895892949,0.1230731983416346,3.079994986173103,23.07599446862244,0.6205178942532609,0.4354811780023148,False,False,False,False,pachytene,44,early,7.036968964783043,20.0
40,0.9133654103180292,183.2124937850848,19.23459095830039,35.102221992,2.031181191552462,0.6684041700080192,0.2225007834534629,0.5064490124949617,0.9939425862523044,0.0700358011444124,0.103674626060682,2.765552301322587,20.903771676552708,0.6227597644679108,0.439335012931191,False,False,False,False,pachytene,45,early,13.78629658755654,20.0
711,7.252533963926072,183.7702412018361,32.65880478508895,50.591394126,2.294365899883936,0.7007928780080679,0.221686165721867,0.4977529831086316,0.9989508655359328,0.0684947890421372,0.0956134332698477,2.57251356029313,23.540943334537314,0.6239407754828632,0.4453738566012478,False,False,False,False,pachytene,45,early,0.6118544857232954,20.0
43,1.5888017630176907,184.13890941727396,23.54421019372681,91.541640672,2.795825280302052,0.8000461254612546,0.1980472764645426,0.5459438677431757,0.999196933747034,0.2213772047224892,0.5185620850953373,1.886102086174526,22.488671779709236,0.6263209818484669,0.3627612437213208,False,False,False,False,pachytene,45,early,9.673006476108498,20.0
857,8.404284432481484,184.2529181022853,40.38219042171358,62.744869944,2.465073490965653,0.7443173321369823,0.2861914205197787,0.4494809182629039,0.9988893970079048,0.0530433935475784,0.0778897883492049,2.49372011378159,25.218014855899035,0.6276065474449591,0.636715395229267,False,False,False,False,pachytene,45,early,6.942686783902841,20.0
909,9.309365596020182,184.0475859976669,45.6011838973164,38.19630317399999,2.0891882478224097,0.6248848492292576,0.1386264278663094,0.573510150622135,0.9949716348633316,0.1065958301171888,0.1068394697743233,1.7542962008319112,25.82623916045692,0.6285839901829411,0.2417157354859885,False,False,False,False,pachytene,45,early,12.130183036134444,20.0
439,4.764973236923687,183.87851116536805,45.05546453188207,24.980189922,1.813436595168265,0.6886092590853601,0.1355578727841501,0.5033172496984318,0.9996513857416768,0.1081735555194917,0.1611956859478244,2.771469553678049,25.574410520147925,0.6292048138981573,0.2693288832547883,False,False,False,False,pachytene,45,early,11.617368975633893,20.0
712,7.888293097173245,184.85870602936083,47.91838804439928,38.672496108,2.097834379413688,0.5645396093655223,0.2057749751078659,0.4944978409249199,0.9911798968214344,0.2233307356694609,0.1679143162331231,2.948686650808826,26.987611593366786,0.6299319034171567,0.4161291679716533,False,False,False,False,pachytene,45,early,14.293182073848108,20.0
531,5.628983997727319,185.9921444796902,22.070880622099672,49.54752291599999,2.2784759349559267,0.6741312375721996,0.212381279322577,0.5227371785558622,0.9983699300028764,0.0710663675240992,0.0871503366852557,2.4518665288664234,24.090427431110754,0.6338809521823315,0.4062869220615057,False,False,False,False,pachytene,45,early,11.416439599690596,20.0
597,6.381330570902176,186.659903222839,26.770260819521997,61.140357792,2.4438795025510665,0.7188459177409454,0.2026115342763873,0.4953602620087336,0.9991766158913132,0.1275125662479354,0.2001852967582375,2.5528730127147865,25.480384248331042,0.6349716367416203,0.409018546329853,False,False,False,False,pachytene,45,early,6.877927065253837,20.0
1008,9.38486105675146,186.40171277494923,44.65255202348449,29.96731395,1.926872903183092,0.6799999999999999,0.1268688594617685,0.5467221135029354,0.9995569994093324,0.0920968564525156,0.1190411451798655,1.1861528152876208,28.00434210934023,0.6353146700363231,0.2320536454047918,False,False,False,False,pachytene,46,early,10.82723144085804,20.0
390,4.029041961197267,186.70713954730223,19.118688133554624,31.194155844,1.9528169803122275,0.5699353286208453,0.1347957639939485,0.5296380486098968,0.9970402525651144,0.0858727399508977,0.0621870586786343,2.364887618281681,24.337948034911694,0.6353460705193282,0.2545054388515654,False,False,False,False,pachytene,46,early,14.443879440021918,20.0
367,4.73219978746013,186.34093517534572,46.64231859723645,41.940164862,2.155330334663805,0.5497511046479109,0.1301059001512859,0.5894409937888199,0.9954498752385146,0.1367054098850267,0.1049810049463805,3.0804862608898227,28.2535241478459,0.6371725689236237,0.2207276072113492,False,False,False,False,pachytene,46,early,12.802268971215458,20.0
131,0.6070175438596348,187.7537581395346,22.119777906976765,11.499003756,1.4002014901494129,0.7441860465116279,0.027906976744186,0.5167464114832536,0.9943408788282292,0.1232372145895709,0.2217174753321404,1.6890755305759595,25.8382376718776,0.6391476934817095,0.0540051679586563,False,False,False,True,post,46,early,11.64190133322699,20.0
44,2.1473797559225165,186.98329307250427,47.79606310121867,32.67668754,1.983275918925312,0.5425699928212491,0.0908831502354116,0.6053044569993723,0.9947696640514988,0.0818196557201085,0.0527860714797207,3.407609339565938,29.0673764271279,0.6396504011908868,0.1501445250972368,False,False,False,False,pachytene,46,early,13.842170176147267,20.0
46,1.889450753517505,188.7839018855809,17.94284093636153,65.68647555599999,2.503009225360222,0.7806228126562389,0.1370979070094113,0.5026859840468826,0.997915023103798,0.1214764869568161,0.3174847871731799,2.85287572946935,26.206745747977443,0.6406620067637053,0.2727307133286315,False,False,False,False,pachytene,46,early,15.92818181773332,20.0
713,7.229959273715398,188.59757213219217,30.32130306719775,55.294679016,2.36336923235915,0.7577210249448498,0.3274054881639383,0.4029066713360182,0.9969755089997048,0.0648740761050499,0.1137068378367944,2.3910792843556914,27.9463643767389,0.6412660565455481,0.8126087539783797,False,False,False,False,pachytene,46,early,3.6711523844648184,20.0
910,8.547358657956826,188.8109615654485,38.59620188725031,58.170602844,2.4036523370539133,0.708847487700621,0.3448870338444787,0.4493074792243767,0.9964045646396748,0.0964098372733125,0.1331371133141884,2.633044051333948,29.443128418648,0.6417006832523894,0.7675969125638521,False,False,False,False,pachytene,46,early,4.4700504096670555,20.0
45,2.035037296135536,188.3496467402716,43.87459421804514,55.662966162,2.3686046560329057,0.6540098613510894,0.1022416621104428,0.5637028014616322,0.999416520796866,0.0723576924868131,0.0844162667601601,2.467276279563388,29.807710934383945,0.6440818288595624,0.1813751179616974,False,False,False,False,pachytene,46,early,9.756005059012933,20.0
911,8.649260950142041,189.2988246801959,46.80476043032058,51.89564669399999,2.3139152037200565,0.6444876373005469,0.228013349038084,0.498410680228862,0.99613746657423,0.0795432313640946,0.0792957501769732,2.3208526190561902,31.2007218213311,0.6449215065312622,0.4574808648429925,False,False,False,False,pachytene,46,early,12.503064115903818,20.0
425,5.139852691218003,189.6266424645859,49.75325930311589,41.4029817,2.146088709640737,0.6418696883852691,0.1852281515854601,0.4730264198702737,0.999216914643696,0.1085671378538405,0.1119131373656696,3.190500661545125,31.982770633561636,0.648670908760412,0.3915809853417035,False,False,False,False,pachytene,46,early,15.364796066650852,20.0
546,6.252914913711633,189.9999225122341,17.728576101141503,54.64255273199999,2.354041547260356,0.6590109040954752,0.2089433323374165,0.4941457887448067,0.998642779587405,0.1088513141469406,0.1359251582388688,2.7214767332574823,27.37469460327091,0.6489437920341254,0.4228374238869044,False,False,False,False,pachytene,46,early,16.32882012777942,20.0
47,1.7921919663006525,190.36677303294584,45.74984988716753,31.184772731999995,1.9526211601073236,0.656235895892884,0.0417278255399454,0.6266958424507658,0.9960142348754448,0.080122393219603,0.1075605752357547,3.067537583543979,32.09175616930417,0.6523671751938238,0.0665838556974688,False,False,False,False,pachytene,47,early,11.29500462691788,20.0
714,5.568898848298228,191.88311976392305,25.46649751680813,90.026268084,2.7803120761628684,0.8006931054249831,0.2862075401269131,0.4920904693423977,0.9986600163775776,0.3086683338495724,0.7164327804403784,1.6855234857599537,30.437530104243173,0.6525582174878701,0.5816156945884055,False,False,False,False,pachytene,47,early,8.977568641278296,20.0
685,7.092697082057296,191.95222595518172,22.394483395130635,43.652582802,2.184273977639409,0.6791337524853566,0.1813819577735125,0.5819795679115726,0.9988094056950094,0.0823143313281852,0.0959429334857079,2.726371000481907,30.028387942549546,0.653732798240481,0.3116637898893937,False,False,False,False,pachytene,47,early,12.022999500940173,20.0
858,8.922155216585448,192.3099632493804,43.09006899609732,59.514733638,2.422025037451044,0.6391155256000947,0.292972972972973,0.4716033202271734,0.9962618526622904,0.0143938645543296,0.0139923595563168,2.4277061939999665,33.59799268702369,0.6551120752027043,0.6212275452849793,False,False,False,False,pachytene,47,early,8.365555163548132,20.0
156,3.3126852878893978,192.9456178783892,16.2140072199248,46.526160852,2.2311881918269267,0.6755571241302814,0.2249789232807418,0.4239316239316239,0.9998896490840874,0.0432824770348584,0.0640953711923317,2.776165006534585,30.049229123602885,0.6559276621265332,0.5306962504807823,False,False,False,False,pachytene,47,early,18.28276618273856,20.0
51,1.063258631132652,193.21210662628545,21.495529624470134,38.72879478,2.098851881394211,0.6391883706844337,0.2692590775269872,0.4891724022158805,0.9974909395037636,0.0930783879261407,0.1002792271863759,2.656969183916436,31.133259353609763,0.6569552483894154,0.5504379975388685,False,False,False,False,pachytene,47,early,13.106824372507216,20.0
580,6.500824698667761,192.8031456544741,49.78790012687714,33.27955248599999,1.9953984144122303,0.5982942130119123,0.1669346586756321,0.5353570801895069,0.9991301322199024,0.0569957407144883,0.0441546787513019,2.8338134066598024,35.126064976898434,0.6598343169945203,0.3118192788569085,False,False,False,False,pachytene,47,early,14.905369061363135,20.0
787,8.017470643590148,193.8202707867908,35.95746548422703,57.33316009799999,2.392061953624565,0.7389632175442904,0.2359281437125748,0.4584639498432601,0.9996407271682116,0.0277308224673323,0.0524638403887222,2.602495685769013,33.981503234033895,0.6600693650787539,0.514605660473924,False,False,False,False,pachytene,47,early,1.0848971317878804,20.0
48,1.3387129109863378,193.39005395448655,28.20648856756164,46.802962656,2.235604174609777,0.6932638331996792,0.2976818912095478,0.4405228758169934,0.999189216580521,0.0522680942871999,0.0642633348753988,2.6905843393678164,32.35196658418984,0.6625298981031389,0.6757467263362139,False,False,False,False,pachytene,47,early,6.505052801663104,20.0
52,2.945513621594642,194.65115488627777,47.753938965257504,9.385457778,1.3085458677448496,0.5161209697575606,0.0315157578789394,0.2014462809917355,0.4306282722513089,1.0406247176439158,0.19273865277122,3.083631619508137,36.067982380296286,0.6645532839447034,0.1564474544964789,False,False,False,False,pachytene,48,early,12.62169451445764,20.0
788,8.296661152974664,195.39189689395343,46.07038741040196,38.290134294,2.09089758053922,0.6616430803161184,0.2040639861651535,0.5028064457722252,1.0,0.1050983230891143,0.1513557252673908,2.624908530840376,36.067982380296286,0.6647784537952449,0.4058499804069654,False,False,False,False,pachytene,48,early,10.88030856190235,20.0
948,8.755405160432666,195.77097623421471,30.31037497129673,38.82028012199999,2.1005032210851766,0.7024593631035108,0.1079710144927535,0.6062144597887896,0.9998935604044704,0.1095243173734749,0.1902783315530246,2.887912223971447,35.03091848487922,0.6649557134616355,0.1781069599203747,False,False,False,False,pachytene,48,early,4.796736198770051,20.0
631,6.636568328751232,194.7180200081685,20.327311239504617,63.134269092,2.470162452051848,0.6875975328825147,0.257637294720113,0.4953615604186489,0.9965093447749256,0.2746381124634888,0.2630066009880191,2.14287049403014,32.439329076395225,0.6649833768248011,0.5200994895574333,False,False,False,False,pachytene,48,early,14.494877393082811,20.0
50,2.765901755316909,194.6705117522239,48.02824158376293,53.05446102599999,2.331011588232667,0.6228500685325198,0.1090453311050762,0.4626025791324736,0.9940599660569488,0.1296765114607357,0.1460901418169513,3.199763556034484,36.067982380296286,0.6656142301707515,0.2357214075839584,False,False,False,False,pachytene,48,early,12.892257565122623,20.0
715,8.071816447885269,195.50539453046207,48.593127364523205,41.815838628,2.153198493400029,0.635644564119825,0.1752380952380952,0.5362586605080831,0.9996482176360224,0.0890823767212099,0.1230332474565169,2.388504710683361,36.067982380296286,0.6658688248007315,0.3267790492596693,False,False,False,False,pachytene,48,early,13.39420371550696,20.0
598,6.820614778505096,195.8729656282969,16.85675682807204,51.205987962,2.303619326776405,0.6395162398644005,0.2424184076249157,0.4613038505528021,0.9933442444080742,0.1574536828041238,0.1660988260670575,2.4041400157042347,33.04089870876289,0.6682102218439949,0.5255070109092181,False,False,False,False,pachytene,48,early,18.102752291909113,20.0
49,1.6223252245628716,196.35880166224337,45.18278215644312,73.38297317399999,2.597181085826995,0.607518460505706,0.1674803363167887,0.5548949340283433,0.998336226851852,0.0731241337419149,0.0705796582520848,3.1194695495801303,36.067982380296286,0.6718168251366475,0.3018235093640881,False,False,False,False,pachytene,48,early,9.97756194701263,20.0
53,1.068046454291783,197.2843194316509,17.892631356646728,36.155476314,2.051296753439592,0.5568675793161617,0.1702101810229619,0.5777452415812592,0.9953645926190052,0.1719453548849939,0.1349688140066121,2.962185496199748,39.22541576192438,0.6726126524911775,0.2946111344112594,False,False,False,False,pachytene,48,early,17.071772480610406,20.0
179,2.334536437525857,197.4304897162144,25.488343084447404,34.056005004,2.0107976263527223,0.6722000275520044,0.0907527703477264,0.6205085101912167,1.0,0.1077531544807296,0.1574915132582694,3.055608212315577,38.52378639879026,0.6733007266934831,0.146255480557003,False,False,False,False,pachytene,48,early,9.507123206471775,20.0
311,3.5103345355054003,197.3460822845435,19.623721608009834,37.724801796,2.080556204842422,0.6372341748538739,0.1491906081376695,0.5346246143297909,0.9944810876295598,0.1695426117452555,0.1801212183411047,2.7751561700734366,39.09378461179793,0.6736092817435664,0.2790567514828995,False,False,False,False,pachytene,48,early,15.344589413104764,20.0
716,7.203241514645315,198.56181993604423,26.606139475980104,64.551119004,2.488504260608196,0.6814448724471256,0.2330037623589115,0.4836869723933379,0.9979882166978014,0.1307650820151044,0.1689011902641515,2.359038805173776,39.52343334133999,0.6750712918336726,0.481724287933542,False,False,False,False,pachytene,48,early,8.270158037408914,20.0
284,3.7333677863909513,198.87634897502224,15.900063100774798,40.85172387,2.1365214604018106,0.5892621303474017,0.1887263241465351,0.4681951628687264,0.9940846824408468,0.0942813993685127,0.090384764095843,3.014678733265801,41.029681438159415,0.6751599747830892,0.4030932805673829,False,False,False,False,pachytene,48,early,18.874412680660246,20.0
500,6.8085163832744,198.0076767313757,50.04012841348664,64.28839186799999,2.48512354664746,0.5243742246223455,0.099979286059518,0.6411967779056387,0.9964930376482724,0.0593176971365869,0.0284981946382011,3.2166779446719147,36.35995912818698,0.6760586238400431,0.1559260581222561,False,False,False,False,pachytene,48,early,14.955933823194218,20.0
656,7.593317972349848,198.31953572252368,40.121261347926136,85.51768276799999,2.733101570571219,0.6282916392363397,0.1833795347716041,0.5957493911888422,0.9997670762243056,0.0344559616129269,0.0414431749731459,2.754930729628926,37.775783468505274,0.6771851148641735,0.3078132138845544,False,False,False,False,pachytene,49,early,5.133682485950657,20.0
54,2.581195763144338,199.3275908212169,50.10955034456465,73.526065632,2.598868106280453,0.6515122511485452,0.2083635309465139,0.5382221001556349,0.9997982650796852,0.1422955243610428,0.1683993012645558,3.535225681423081,37.66390322304991,0.6815081776650072,0.3871329900542221,False,False,False,False,pachytene,49,early,15.172087487396263,20.0
789,8.683936640349334,201.0823211604425,46.39169162073581,94.483246284,2.825457196088077,0.6046476984954565,0.1784553474694319,0.5929414719919618,0.9989334231503312,0.0477100026819749,0.0535691097826208,2.574695395721296,39.822217501406385,0.6832313695898771,0.3009662098181777,False,False,False,False,pachytene,49,early,11.673054545340483,20.0
516,6.379868354430391,200.86314908354564,16.89431196455606,46.32911549999999,2.228033927832734,0.647240506329114,0.2702419608253902,0.444380651643462,0.9963886300093197,0.1158195135290625,0.1196728945002398,2.347287803085482,42.8932393577627,0.6843926971346453,0.6081316993121749,False,False,False,False,pachytene,49,early,17.664843602582113,20.0
180,3.194877623702432,200.60775744487185,20.830036462833096,30.957232266,1.947860446168832,0.6492384632871107,0.1027330878077146,0.6079066753078418,0.9958665485680545,0.1801560241069384,0.21829477986558,2.92776314293371,42.20062422793547,0.6848887418175329,0.1689948342082128,False,False,False,False,pachytene,49,early,13.782133660109345,20.0
599,6.774752293577947,200.83557777247967,21.26494942018381,63.9224505,2.480399311213658,0.6775412844036697,0.2395499783643444,0.4436098782292022,0.9983161117489476,0.0614907293928513,0.0913576086206783,2.374493051882845,42.37853320851453,0.6849800307864864,0.540001451997818,False,False,False,False,pachytene,49,early,13.3245314564737,20.0
790,8.179764550917865,201.50905877994884,34.854304816003534,56.988330732,2.387256634200861,0.727998682802338,0.3587578845220767,0.3976997578692494,0.999373727884766,0.0355245247230006,0.048081634252655,2.6623972847379727,41.532661986841916,0.6851654646922823,0.9020822301833648,False,False,False,False,pachytene,49,early,0.2551835117302463,20.0
859,8.316755123704331,202.3675875275587,28.00884542336869,57.457486332,2.393789757369964,0.6929860373969136,0.272797601779325,0.4648936170212766,0.9979898689394548,0.0714406525379854,0.0744943931121909,2.6421642785176287,43.14907619601017,0.6875681769796115,0.5867957566877929,False,False,False,False,pachytene,49,early,6.451871804210131,20.0
222,3.182584879334513,200.77264702082863,43.65539924034936,45.393150078,2.2129277635601428,0.6471500180869205,0.1783393501805054,0.562829525483304,0.9994620185065634,0.0519398706952374,0.0721051809084693,3.126619641154278,39.81955870092348,0.6877234787883041,0.3168621085174319,False,False,False,False,pachytene,49,early,8.919295842315373,20.0
615,7.544597223153858,201.87621220739615,52.04871195586588,69.946408404,2.555988742341597,0.6659064994298746,0.1646121593291404,0.5763902830756876,0.9990813648293964,0.0476554187149728,0.0552879645123298,2.85156181863591,39.98042583285405,0.6893420039067838,0.2855914892436254,False,False,False,False,pachytene,49,early,17.383318303729304,20.0
55,2.3011044176706674,201.6969250753,22.190490587349466,9.345579551999998,1.3066899266797871,0.5005020080321285,0.069223573433115,0.4336683417085427,0.976709241172051,0.2040862672682013,0.1192815434691786,3.345780591143976,43.13131620369964,0.6903877706629095,0.1596233037449581,False,False,False,False,pachytene,50,early,12.308724688257257,20.0
181,3.4787094122481927,203.36179021783855,18.095343855322465,34.243667243999994,2.014484296616111,0.659062885326757,0.1448453608247423,0.5501306007635122,0.9988836170806586,0.1423642225060834,0.1894688176534289,2.8936115334187478,45.24239154552116,0.6913120177088437,0.2632926810901178,False,False,False,False,pachytene,50,early,16.192712793391525,20.0
342,3.734614340032645,203.2072210958713,49.62051133215716,34.548618383999994,2.0204465151216877,0.6052417164584465,0.2281959378733572,0.5266597867217062,0.9988573294156056,0.0760410683172507,0.0749478660369538,3.110430123635173,41.57386941867234,0.6946773440938173,0.4332890864780205,False,False,False,False,pachytene,50,early,15.118659285467652,20.0
56,1.6447815912636934,204.01321264820396,21.322462184087566,60.14574791999999,2.430554928169751,0.6028861154446178,0.1909415971394517,0.5074641524258495,0.998377243222604,0.1730918829212202,0.1660335039764595,3.0933028202292734,45.52994288968181,0.6966359877980713,0.3762661780673306,False,False,False,False,pachytene,50,early,12.913085053066983,20.0
912,8.922180420380833,204.59036082849545,23.989220597856704,57.36365521199999,2.392485985560429,0.6842643330334506,0.2507520621057739,0.5163838880973967,0.9984995656637448,0.0899727881586343,0.1091543123949122,2.551265858466768,45.80616074125356,0.6970143627572984,0.485592342994402,False,False,False,False,pachytene,50,early,10.19860459487699,20.0
860,8.01660680211042,204.9984308788829,40.87909864182242,83.594144808,2.7124542175049715,0.7640026939050398,0.2975862356969848,0.4815695600475624,0.9988828313522208,0.3037881338718912,0.5095241466061963,2.175007788723996,44.32853973961755,0.6989407018608241,0.6179506770892944,False,False,False,False,pachytene,50,early,6.631461883945439,20.0
368,4.464289105776912,205.1516472803989,51.90756436824092,44.46422199,2.197728446051546,0.5623845950936428,0.2172312918750589,0.5003013863773358,0.9961703431372548,0.1266428059273743,0.0833140576879239,3.411017101990692,43.251175670852014,0.7010835823903871,0.4342008593020756,False,False,False,False,pachytene,50,early,17.6082473062726,20.0
182,3.645547910033796,206.04711764403976,16.458569112662236,45.68168077199999,2.217606512962308,0.6197494094690357,0.1992863321799307,0.47508440243079,0.9957011000126438,0.1694274326463264,0.1583474859634451,3.1330518501514266,48.0934689125761,0.7014847504643738,0.4194756366663977,False,False,False,False,pachytene,50,mid,17.51987999882797,20.0
717,7.995946182072547,205.93166466887783,16.957971846058868,53.69954997599999,2.340421140185595,0.689149047702254,0.2437832093517534,0.4503934794828555,0.9975214658758964,0.193909723369948,0.257100881058968,2.5220783145725374,47.92305459861649,0.7015783141444428,0.5412671818243612,False,False,False,False,pachytene,50,mid,17.036463572549916,20.0
949,8.262953126121625,207.00933831741165,46.57244130356723,98.03709995399998,2.8604472867238515,0.7377551264565836,0.2486460547062452,0.4947992700729927,0.997471098265896,0.204095619070604,0.3120985275060926,1.930653476957052,45.69212650152382,0.7024339077510198,0.5025190410437853,True,False,False,False,pachytene,50,early,12.51351344212883,20.0
913,8.7753118891065,206.8692016953908,35.09722193708866,65.99846403,2.506965782736407,0.7130620223920383,0.2383962264150944,0.5141830794004707,0.9996171760352198,0.1090996893015502,0.1593889842849516,2.3952889005865776,46.832299851550985,0.7026039811923241,0.4636407458080118,False,False,False,False,pachytene,50,mid,1.0942182575071417,20.0
791,8.574870651203979,206.76964957626905,51.11019483050909,52.59234276,2.3242239351381517,0.5564228367528992,0.2536585365853658,0.493614881850176,0.9769616479197724,0.240272040324001,0.1273934033963611,2.625256695967641,44.94799278632986,0.7051370654469862,0.51387943498502,False,False,False,False,pachytene,51,early,16.99624952378872,20.0
792,8.048353514471032,208.94292052938596,28.39353091036548,63.542434464,2.475474251822392,0.6660513880685175,0.2976708074534161,0.4663939862922839,0.9977753058954394,0.0100082845122613,0.0105940540376064,2.6441143542585115,49.640520806080325,0.708861766419875,0.6382389486190098,False,False,False,False,pachytene,51,mid,5.336464307724749,20.0
57,1.745981037784282,207.09855283732725,44.564992237635416,50.225452758,2.288820583036136,0.638223343141376,0.1255362384285392,0.5614510715207849,0.9973346025702048,0.1942864172618355,0.2261990933498079,3.4720810794463324,46.00460645561032,0.708882686005611,0.2235924816894607,False,False,False,False,pachytene,51,early,10.528527985968406,20.0
343,3.5802931088243954,209.2669553320876,19.646150187091568,30.091640184,1.9295339171396364,0.5434985968194574,0.099076923076923,0.6272199453551912,0.9953870838347372,0.3098534635333818,0.2279352014182686,3.714944573354832,50.93782949462828,0.7110364031226368,0.1579620096755953,False,False,False,False,pachytene,51,mid,13.993176052832354,20.0
61,1.2167949439959225,209.3443675990251,18.79884967148493,37.487878218,2.0761915398956208,0.545898254176835,0.1671066222885343,0.5618023976849938,0.9971155579592572,0.0545941463397436,0.0433923590357754,3.8647592551316303,51.109229350984855,0.7120966179465847,0.2974473284149849,False,False,False,False,pachytene,51,mid,14.826562465044972,20.0
58,3.383252467241412,208.27219934646604,47.75801582334817,71.07003606599999,2.5696026738398565,0.7060765092253358,0.1564838495784787,0.5702414373947221,0.9995878959142824,0.0991244182906109,0.1781377548167507,3.269630763904406,46.814927187949706,0.7121462095042737,0.2744168334967217,False,False,False,False,pachytene,51,mid,13.83249924160496,20.0
426,5.2339165409752,208.56771733031937,52.770043469079546,46.65752442,2.2332860898817697,0.5994469582704877,0.1771328237967362,0.4867578762394879,0.9976650668050332,0.1252187112602398,0.1016809229147707,3.686918109319167,46.549783679606634,0.7123277035337954,0.3639033540971113,False,False,False,False,pachytene,51,mid,18.846225492642194,20.0
59,1.8272561464943893,208.6243374808473,22.91408192164519,64.307158092,2.485365331344498,0.7166411322681842,0.2442109359797626,0.4897013388259526,0.9998037419861312,0.1216148504390438,0.1476729675403195,2.4005338312614195,49.93485847461041,0.7124041827717571,0.4986936253130378,False,False,False,False,pachytene,51,mid,10.817269149688041,20.0
861,8.54388953585106,209.0322028347993,20.52663896855869,70.50235778999999,2.5627427326864174,0.6869406088837131,0.2524233275067535,0.5084493569986184,0.9965635738831616,0.1917068739185816,0.2013227905424227,2.24603711517496,50.60637009039444,0.7152478205553109,0.4964571673309039,False,False,False,False,pachytene,51,mid,13.144351045768177,20.0
862,7.975696339455256,210.6654092042193,40.16047922413159,95.41921170599998,2.834756360085606,0.784964476239644,0.2452976704055219,0.5184634731908083,0.9991497227356748,0.1141019664198932,0.2206775605023599,2.2219932407275045,50.0403069456718,0.7173932172691792,0.4731243049695922,False,False,False,False,pachytene,51,mid,6.5491661297557435,20.0
547,6.345155373327471,210.63295979715292,18.807484570566007,43.481341008,2.1814140539976488,0.5533016832110488,0.1831902929860905,0.5320048309178744,0.9972123277063653,0.1018905854787174,0.0702629871487364,2.831383357877564,52.38882433355835,0.7187464283013135,0.3443395291543314,False,False,False,False,pachytene,52,mid,14.674309073848729,20.0
60,1.8383494825654711,210.3582978643445,46.12088742337318,35.587798037999995,2.040504245245116,0.695471623492189,0.0791309547538369,0.5023809523809524,0.9956652618904276,0.1251360086300187,0.189766538822621,3.8295189281815913,49.070551312068886,0.7205540591041485,0.1575118530645095,False,False,False,False,pachytene,52,mid,12.438169210733152,20.0
863,7.931944566010467,212.51591931729152,33.46607132603997,80.40154095,2.677473951376763,0.7532895696571845,0.2667360388484218,0.4749290444654683,0.997957397140356,0.1551907922172157,0.2448587289163762,2.317101235095438,52.62609999981836,0.7217842037822149,0.5616334523162985,False,False,False,False,pachytene,52,mid,0.1025948723377996,20.0
62,2.4832057232387146,210.0499550418316,38.44953830372267,79.35063240599999,2.6657572212785183,0.6492742483814704,0.1834824501032347,0.5441672285906946,0.9997573846060532,0.0531838817765678,0.0380594249598835,3.292647090862204,49.61945252905815,0.7243833268689961,0.3371802645639369,False,False,False,False,pachytene,52,mid,4.780272628397665,20.0
864,8.86100516124297,213.00933904975184,50.13958586698,64.084309182,2.482491094706319,0.7184743219005088,0.3051766193874785,0.4341438044467559,0.997109428768066,0.0439783132132458,0.0623697032553877,2.598325322508729,51.25699596640141,0.7250642361824199,0.7029390175828384,False,False,False,False,pachytene,52,mid,16.72739015641951,20.0
532,6.466673960612549,212.8179838949666,52.86751590262525,42.88082184,2.1713249880212726,0.6805251641137855,0.2160021479393207,0.4460616438356164,0.9972164231036882,0.0927310999891392,0.1348815762339566,3.4732202099240093,50.76268178963993,0.7265917483778598,0.4842428191806652,False,False,False,False,pachytene,52,mid,19.41697610397556,20.0
453,5.7206971248522285,213.49865418964623,16.63774745470557,47.647442736,2.248970001364301,0.6285447026388342,0.2708735987630459,0.4425447316103379,0.997780791517692,0.1217483508360407,0.109322811401468,2.8686373555899247,55.41036163515264,0.7271231464911874,0.6120818516523455,False,False,False,False,pachytene,52,mid,16.522871716419072,20.0
686,6.279168901560896,214.13051969341723,20.167570784519764,83.094494094,2.707039209445385,0.7483273579312876,0.2195570340541014,0.5108244531688166,0.9992237442922376,0.366074788016827,0.6056099207739936,2.075929455729532,55.65950182028401,0.7290822067209464,0.4298091696513645,False,False,False,False,pachytene,52,mid,12.945605172993906,20.0
66,2.488901092866144,214.61451586028585,18.374880174638868,42.714271602,2.1685101795168182,0.58635839420067,0.0880251846470516,0.5576208178438662,0.9992112527934796,0.1544111113594145,0.1387857869480356,3.0286046849572723,56.33321775927972,0.7291380901903011,0.1578584978003793,False,False,False,False,pachytene,52,mid,14.675951596644902,20.0
865,8.9044288128263,212.9597164027228,23.597998432034675,59.693012766,2.4244410558381264,0.7002004165520493,0.3044944844561947,0.4709660505964084,0.9982366020087404,0.038723054971081,0.0760460916757459,2.5520137122258766,54.12707248267062,0.7292567247166406,0.6465317066285304,False,False,False,False,pachytene,52,mid,9.660749846566668,20.0
63,2.1605895736472407,212.17976587199425,37.40523872786709,23.713469802,1.7822508563247483,0.6683153625482243,0.1474701245868294,0.4613778705636743,0.99902761571373,0.1680067485812713,0.2104128113820056,2.8289189987252588,51.85241862402239,0.7310009834525372,0.3196298175433995,False,False,False,False,pachytene,52,mid,3.979948821960288,20.0
1009,9.299689927881872,215.90076829251103,44.73447655645784,67.33086593399999,2.5237240335063937,0.6812876702783681,0.2947887758248535,0.4930039352864014,0.998658381584522,0.0553297837120486,0.071697988314226,2.4866026334745785,54.78124895940044,0.7319527497835907,0.5979440623604789,False,False,False,False,pachytene,53,mid,11.669335639899142,20.0
64,1.8361191759988489,213.24578818955385,27.137785700954563,67.868049096,2.5304179053893394,0.7476496612747131,0.1877850706418956,0.4682920147924941,1.0,0.1254898438882952,0.2192730657307403,2.4197534257743323,54.031348684710366,0.7326277786006252,0.4009999417246213,False,False,False,False,pachytene,53,mid,6.110712110016238,20.0
866,7.994708423325821,216.3004822354152,27.471257721382518,82.54323626399999,2.701039659304162,0.7623621689212231,0.3059428950863213,0.4622099976082277,0.9984164687252574,0.1495000985728351,0.2432725302356791,2.193749770951144,57.032565145334495,0.7328147485433179,0.6619131924222041,False,False,False,False,pachytene,53,mid,5.451122041331304,20.0
65,2.4658783258128443,214.0704990625511,31.829470262175462,60.305260824,2.432701727944228,0.6906799439863078,0.2409316533027873,0.482645875251509,0.9984768867565303,0.0767427571124459,0.082539459851195,2.85086847204344,54.34744558232775,0.7352826199365478,0.4991892931380314,False,False,False,False,pachytene,53,mid,1.35759368130492,20.0
69,2.5256129123336324,216.70092065785263,20.147428516306224,49.85012827799999,2.283105027067064,0.6722977742223895,0.1596476408833111,0.4797530155083285,0.9993242590983684,0.0584409507137433,0.0767646663986381,2.790019146735692,58.21720091262455,0.7353440237256501,0.332770479231182,False,False,False,False,pachytene,53,mid,12.689593099099639,20.0
344,3.867024900446048,215.80725834092564,52.21655168641781,48.893050854,2.268399324986866,0.6413184282492923,0.2715580239695995,0.4501070090957731,0.9981594386287818,0.0224673704346856,0.0247299108513912,3.620806342078464,53.884772471280755,0.7361930810585849,0.6033188074878829,False,False,False,False,pachytene,53,mid,19.098098812033488,20.0
67,2.321725308244196,216.0758544271141,44.59500137904431,54.60267450599999,2.353468746746748,0.7122481419426903,0.1088344864289515,0.4756643774260973,0.9988967691095352,0.0527751514244605,0.086284365783304,3.162724792183147,54.970300922456396,0.7395607613999007,0.2288052071880469,False,False,False,False,pachytene,53,mid,11.549469736033732,20.0
157,2.2554054054054067,215.7647211844219,27.372738910969368,5.901977447999999,1.1210792443718625,0.6184419713831478,0.0,0.465625,0.9982014388489208,0.0913779002907362,0.1311254701293736,3.0022020926614394,56.51048250235039,0.7396314990600914,0.0,False,False,False,False,pachytene,53,mid,5.6066070041457206,20.0
950,8.522702898113065,218.3408619780604,39.99112083810375,77.86575493199999,2.649024427535179,0.6920527806230041,0.2695440903244247,0.4999021717863431,0.9959633862072886,0.2104080597754789,0.2426895529635636,2.3651485245224504,57.71662483812014,0.7422553355560735,0.5391936773573913,False,False,False,False,pachytene,53,mid,7.215455408490702,20.0
657,7.950991395435883,217.85430787036975,17.441784890571604,50.162116752,2.2878580847800687,0.5961466517022073,0.2380448208928887,0.4864520611394164,0.9961298377028714,0.1289315721654489,0.0943306120031996,2.6928489998225635,59.65447963132987,0.7430463730855875,0.489348981964053,False,False,False,False,pachytene,53,mid,15.255726255471922,20.0
68,1.8381510524143616,216.1858854725544,36.40015295088729,56.83820093999999,2.3851584647468167,0.7427569129178704,0.0754968851972708,0.534894914166533,0.9999322860238352,0.0810500916812464,0.1188876675585104,2.8726403177007462,55.95974837770088,0.7443831820504174,0.1411433969509865,False,False,False,False,pachytene,53,mid,3.413829544583608,20.0
868,8.154887974663918,219.76831750968975,34.08314502323361,79.256801286,2.664706065435157,0.7774883831059283,0.2677510470439271,0.5122372971534983,0.999005424954792,0.1714714899052526,0.3542774977683279,2.294772618429381,59.770288467317414,0.7453065436853958,0.522709003291676,False,False,False,False,pachytene,53,mid,1.4949420379983291,20.0
581,7.239794024865527,218.6159847049531,52.92643005659653,50.565590568,2.2939757619122982,0.6645481536463166,0.2393225331369661,0.4205504079657032,0.999161337666422,0.0785732132521941,0.0869855531286179,3.3897371164088224,56.601021070236754,0.7454871519032348,0.5690697918820791,False,False,False,False,pachytene,53,off_axis,20.105503714294745,20.0
70,2.702985730844613,218.4543977976712,48.546185990647146,58.689019782,2.4107716866306594,0.6514249170630321,0.2517374517374517,0.4782708404999427,0.9974012008244466,0.0297387587520486,0.0322844606007761,3.225592113529918,56.910767307100855,0.7479967557892936,0.5263491528655758,False,False,False,False,pachytene,54,mid,15.733238206044101,20.0
867,8.771294551885958,220.12379943480943,49.47874688761625,61.01134000199999,2.442159275039722,0.675496943365758,0.3175386108191154,0.4201421800947867,0.9966848997182164,0.056536403114272,0.0481814897475383,2.723389772732192,58.470365952354776,0.7481460832727312,0.7557884589152098,False,False,False,False,pachytene,54,mid,16.83968464322838,20.0
470,5.513962792558425,220.09752239447724,17.33318860772075,23.453088444,1.7757036089007705,0.6018203640728146,0.3150378527185133,0.4343129866867621,0.9882094872497944,0.1389683310558142,0.1317041568007287,3.164771857502397,61.896383608505985,0.7485672296583111,0.7253705562015048,False,False,False,False,pachytene,54,mid,15.122793524597519,20.0
427,4.033115874494911,219.68140006657123,29.58531738783041,52.857415674,2.3281221999743558,0.6795366795366795,0.3138540478905359,0.4784655864838665,0.9982915205467134,0.1100489865296555,0.1634398583985441,2.937477186163318,60.16689975868096,0.7509712282829316,0.6559595021179624,False,False,False,False,pachytene,54,mid,2.986208212024308,20.0
71,2.274077864819076,220.28586215407503,23.495071727747824,59.589798534,2.423042895620615,0.6836200448765894,0.1857142857142857,0.4868732113972875,0.9995236583042236,0.0236783705109749,0.0226955317415885,2.774462985568805,61.42190355979517,0.7512087885088405,0.3814428096820123,False,False,False,False,pachytene,54,mid,8.976319402525961,20.0
819,8.707169095137957,220.49296529937783,23.64292632239488,76.631875704,2.6349575046546705,0.7099914289212685,0.327321783584209,0.4097530082330589,0.9961465496798672,0.0268042865517349,0.0307932979172102,2.559785514082162,61.61193075156906,0.7512977467384598,0.7988270421630079,False,False,False,False,pachytene,54,mid,8.807078862645335,20.0
312,3.9665889944434687,221.4460784943611,18.962536045887077,65.43547731,2.4998170266724222,0.630435561928661,0.1708356792407303,0.5046076244058589,0.997848091177174,0.1108534651896248,0.1191844090057132,3.0243334927817727,63.06216362523816,0.7517953644829752,0.3385515219709128,False,False,False,False,pachytene,54,mid,13.358046069186106,20.0
72,2.22486077801711,221.1659713182433,44.41109575627057,57.708484578,2.3972703844309127,0.7024917686272916,0.1973900647000768,0.4596256319169285,0.9996087636932708,0.064488666813669,0.0973833979439173,2.916121475693224,60.050730795684245,0.7560165392752024,0.4294583482579852,False,False,False,False,pachytene,54,mid,11.913260261831915,20.0
820,7.685107256491716,222.49260711280044,31.904787616751168,45.709830108,2.2180619204118006,0.7091244996407677,0.1818706697459584,0.568983768525053,0.9984150744034516,0.1631370609280001,0.2479587878552355,2.4137434996928624,62.712759060306375,0.7566755893148083,0.3196412267039046,False,False,False,False,pachytene,54,mid,0.37825353144685414,20.0
1010,9.280450608761164,223.71337427514212,46.23493113468021,74.755253304,2.613270520645839,0.7002635872976026,0.2547979403963176,0.4682788944723618,0.998379157161724,0.0535114997405336,0.0816868153479522,2.444410797402288,62.38753833013462,0.7576502824776328,0.544115789551895,False,False,False,False,pachytene,54,mid,14.000116236567946,20.0
741,8.0833341051171,222.87801484140135,20.489868525122613,50.65707591,2.295358380120136,0.6067608242648761,0.2753029527223075,0.4620819594912859,0.9938738738738738,0.0854050211963696,0.052219287696773,2.524649259010968,64.32179717564004,0.7620321118540594,0.5957881433531691,False,False,False,False,pachytene,55,mid,11.685769320916036,20.0
158,2.752283491204387,222.8958809117064,28.880584671007043,55.472958144,2.365906471024482,0.7080937077131259,0.2368159203980099,0.4603795451253078,0.998805922623786,0.1068104852160723,0.1542594681440925,3.052276811326112,63.438472765658815,0.7623780133578878,0.5143927937405482,False,False,False,False,pachytene,55,mid,3.34165914522893,20.0
428,5.0100052938064845,225.17623438327067,20.17149131815872,53.174095704,2.332762370767681,0.5958178930651138,0.2590975254730713,0.4333115040384195,0.9905956112852664,0.049375671280875,0.0605635940379084,2.760362614802025,66.64091664650286,0.7649023013174981,0.5979474882580048,False,False,False,False,pachytene,55,mid,11.755497280940045,20.0
951,8.295196559452457,225.7941084590204,32.966473423587985,77.45289800399999,2.644334275286356,0.764189230116906,0.2870616243933706,0.4952478808117133,0.9994733062006224,0.162893519821739,0.2978577350828161,2.251588854591089,65.88115191594478,0.7651076180646856,0.5796322114955351,False,False,False,False,pachytene,55,mid,1.0318438424498713,20.0
285,3.3342010595851472,223.61776774806043,36.085083278827724,71.729199684,2.5775224619002945,0.7554450912420695,0.3656260604004072,0.3759026477667825,0.9988979118329466,0.0348497562108541,0.0684779916561268,2.8512552665940296,63.382486730034344,0.7662568102122829,0.97266157227828,False,False,False,False,pachytene,55,mid,3.8986990198348956,20.0
159,3.1024029881718533,224.5403114878664,47.83623360448147,56.52152090999999,2.3807204916696527,0.7053745590371446,0.2396101113967438,0.4633046908015213,0.999919659355668,0.0487095724481454,0.062583412849486,3.126024429345383,63.03772782734402,0.7678307670101859,0.5171760963227376,False,False,False,False,pachytene,55,mid,15.680963752346349,20.0
1011,9.19865835222953,226.4417386243376,39.92263322940288,74.48314305599999,2.610095884264103,0.749244142101285,0.2307989566225485,0.4819140919366993,0.998934696921274,0.0700621530209899,0.1462838141149255,2.446554289927826,65.77800799067217,0.7685146250861523,0.4789213689415511,False,False,False,False,pachytene,55,mid,8.017324885709728,20.0
517,6.381230076879938,225.87881014438167,52.85106507125437,50.04013629599999,2.2860020992476957,0.6330864429026815,0.1606434316353887,0.477449853072697,0.9957203994293866,0.0478837603433697,0.044917037350992,3.7195022149090073,63.829938145430035,0.769112109254817,0.3364613699251238,False,False,False,False,pachytene,55,off_axis,20.810536454389556,20.0
794,7.976948082688653,224.7655021240355,27.75739766766624,74.32597593,2.608258734151962,0.7064225974435853,0.2345292955892034,0.5202107073747582,0.999141385231826,0.138454772423932,0.1753385757397801,2.194663576390787,65.41790185389252,0.7706025035936751,0.450835194786272,False,False,False,False,pachytene,55,mid,4.257570170776112,20.0
133,3.4077304568844062,226.56315689045223,22.985199646642503,75.67948983599999,2.62399616205866,0.7191742607401896,0.2467575656800797,0.4520971302428256,0.9990436543654364,0.2547330874339762,0.3461450920790417,2.6098372168829824,67.7176515258986,0.7718794094846533,0.5458065295560358,False,False,False,False,pachytene,55,mid,8.809118045641497,20.0
73,2.032336512846995,225.4886547950484,41.79373964939262,54.595637172,2.3533676353552013,0.7127266477614506,0.1877050176163285,0.452886628776548,0.9988979848866498,0.0893007553184609,0.1491935594042298,3.209658431518355,64.62949603542334,0.7723516280174214,0.4144635890960279,False,False,False,False,pachytene,55,mid,9.775257850651773,20.0
821,8.632149400987117,228.22787868921503,49.87768329809829,66.57317963999999,2.5142216603726477,0.6978858350951374,0.3178997613365155,0.4437835316071845,0.9963565022421524,0.1079867654897264,0.1395181322027708,2.7147886932318794,66.48473607240807,0.7743593994164901,0.7163396987383138,False,False,False,False,pachytene,56,mid,18.10661889570263,20.0
743,8.679520417643296,227.20342909790497,19.62888747511504,53.021620134,2.3305305209218785,0.574304295889926,0.196157059314954,0.5174599875285804,0.9953884356154664,0.1956927320049886,0.1314809517514444,2.6151789351661985,68.71465857895241,0.7759253460477763,0.3790767673686459,False,False,False,False,pachytene,56,mid,12.077260764150095,20.0
870,8.964778755230888,230.46931883957296,45.0662701492539,71.19670807799999,2.571128415518797,0.6878191822345228,0.291588785046729,0.4356728232189973,0.9958961248654468,0.0795318456819268,0.0980090206158941,2.661328709483741,69.22991600926758,0.7798208668986324,0.669283851336666,False,False,False,False,pachytene,56,mid,13.563741222820251,20.0
75,2.478352685050722,228.64696034106927,27.321700798258565,64.64964167999999,2.489769663254301,0.7143323657474601,0.1933401639344262,0.4764384605614124,0.999668148934758,0.0689955532416327,0.0898681165014247,2.9098011522049183,69.32370299310492,0.7816458198479297,0.4058030153707644,False,False,False,False,pachytene,56,mid,4.273913778637044,20.0
314,4.035608448928028,228.0886514423004,40.95427492906612,59.526462528,2.4221841341853527,0.687421185372005,0.1777754742406966,0.4992435703479576,0.9996283080582812,0.0861416434684813,0.1302484093543095,3.0894958544957607,67.30460748891835,0.7816863187491476,0.3560896620396984,False,False,False,False,pachytene,56,mid,9.219864032020045,20.0
824,8.187192653899084,230.84883989004877,31.66412499244843,77.65932646799999,2.64668142925133,0.6998429287742403,0.2908727610076358,0.4726778705846835,0.9973067445991634,0.1195161808873924,0.1347627730468146,2.473048049946013,71.046511627633,0.7819722375487921,0.6153720728407233,False,False,False,False,pachytene,56,mid,0.279859584113355,20.0
223,3.504804916658874,230.24329898500943,20.016414633579668,50.38261988399999,2.291205514451466,0.6196573237731633,0.2149721314626177,0.4861060105276044,0.998397435897436,0.0463074991765022,0.0255579623161143,3.0467303337363494,75.0919998709552,0.7819841506152094,0.4422330249101295,False,False,False,False,pachytene,56,mid,11.292431063944814,20.0
564,6.643800338072806,229.39551523814148,17.23548679526618,47.18297869199999,2.2416385248549062,0.6571045043253455,0.2677566620660367,0.4304770189937654,0.9944613993444106,0.1032536519103579,0.1203574975356339,2.9532747200269083,75.40912594598866,0.7823249313209715,0.6219998983730063,False,False,False,False,pachytene,56,mid,14.182366699195931,20.0
825,8.279960764367791,231.47633838915937,38.04671145099248,64.56988522799999,2.4887453889021987,0.7067136525466831,0.3134036400748426,0.4705809488418184,0.9986856668511344,0.109975716325284,0.1609594843258587,2.818650349751501,70.98494905923683,0.7861214991614052,0.6659930472030021,False,False,False,False,pachytene,56,mid,6.692922371685954,20.0
687,7.957820154662008,231.16849197133288,20.65040581805028,57.938370822,2.400449404646029,0.6031418276043565,0.2627858002406739,0.4668435013262599,0.9943392118441106,0.1429252087210055,0.1092009479170889,2.599909656712433,75.69234966620691,0.7865292103783218,0.5628991289246253,False,False,False,False,pachytene,56,mid,10.345062599581656,20.0
77,2.9039993689358887,230.03619247061457,50.03551410428422,59.474855412,2.421483952150808,0.6623018064210775,0.2046446818392939,0.473954683485167,0.9980351956261746,0.106147217925502,0.1024828313366505,3.399781536629782,68.26564253165493,0.7869629387430773,0.431781115305085,False,False,False,False,pachytene,56,mid,18.457733519142877,20.0
822,8.62401363044155,230.0443416663836,25.713498262787816,70.216172874,2.559270447264001,0.7130257575251395,0.3078162771958098,0.4316647264260768,0.9971780400205232,0.0355926155393732,0.0679068690514778,2.486249990529773,70.88570950943719,0.7890067885428435,0.7130911060172618,False,False,False,False,pachytene,57,mid,5.722749727379069,20.0
134,2.9976742121617046,232.35777498002565,31.372481478029357,52.85037833999999,2.3280188748277624,0.7094984465157568,0.2676513371377419,0.4751718869365928,0.9999163109883672,0.063255593496097,0.0822796200031601,3.3692959372003517,72.57804022610563,0.7928358487237123,0.5632726693139938,False,False,False,False,pachytene,57,mid,0.1519486880695813,20.0
632,7.546841900479639,234.3335573040547,50.830732117073545,54.26019091799999,2.3485378800807526,0.5791362241148242,0.1709248850281042,0.5213148433487417,0.996060776589758,0.2354877902955804,0.1813943827591977,3.8388657147618,72.45275589909923,0.7946262742262264,0.3278726612312501,False,False,False,False,pachytene,57,mid,19.709850864970246,20.0
78,2.91327776860871,233.5781207542557,22.42573676761769,56.85227560799999,2.3853553249709485,0.684023766298069,0.2115721198393905,0.4460694698354662,0.9987255734919286,0.0340329298913815,0.0397795970644417,3.0184876254548647,77.20700599258541,0.7946671083334431,0.4743030719350271,False,False,False,False,pachytene,57,mid,7.763604278216853,20.0
345,4.007256505576239,233.19081921190025,16.44286557620735,47.32607115,2.2439023204104287,0.6466418835192069,0.2230819529206625,0.4558844157665871,0.9958511006108102,0.1199796190184079,0.1128987276971735,3.085092647337208,79.2095503293487,0.7970351257912077,0.4893388438065857,False,False,False,False,pachytene,57,mid,13.414671996534866,20.0
688,8.001747866214888,234.0247831461685,17.005740384693198,57.441065886,2.393561699821097,0.5995017764528117,0.2365716954694068,0.4820026511675334,0.9875842877020228,0.186348221375933,0.1442784915892281,2.748573012815465,79.75409309860369,0.7979261177052607,0.4908099465767871,False,False,False,False,pachytene,57,mid,12.56862408646106,20.0
873,8.858176711140251,235.8713786112627,47.6374565120397,56.78893960199999,2.384469197926733,0.7436903630881078,0.2960862166761202,0.4955680902497985,0.9996423717902868,0.0931719501439514,0.1839048872583604,2.822695249534299,73.14989024786408,0.799149376148808,0.5974682843822199,False,False,False,False,pachytene,57,mid,16.74145562325462,20.0
369,4.126948597717191,234.730280421134,49.99426656197549,53.02865746799999,2.33063362349328,0.6242148102273732,0.2627787902455958,0.4399058269570335,0.996606830122592,0.1539501690126793,0.1300932194335445,3.549312778242558,72.93701356233356,0.7999150582553557,0.5973523744009462,False,False,False,False,pachytene,57,mid,18.920827182125773,20.0
874,7.788705404450558,237.49134639262004,33.187083221476435,106.254360288,2.9382317717152726,0.7546582479689156,0.2870340668505806,0.4585620444524431,0.9972320355464908,0.1718548967086581,0.2591929699746581,2.201147133116812,76.56116094311238,0.8040231664083857,0.6259437960970374,True,False,False,False,pachytene,58,mid,3.668928099554989,20.0
871,8.744013691495233,234.6910117382346,25.037660142124025,63.049821084,2.46906060262216,0.6785103058263264,0.2559200895548092,0.4704316630019673,0.9980116243499542,0.0549324422425399,0.0592844169489803,2.577794840727423,77.20014189598184,0.8041793252273769,0.5440111915973203,False,False,False,False,pachytene,58,mid,4.924480656270823,20.0
183,3.043490652461365,234.5229573474087,37.78835877243658,69.13711499399999,2.5460927167379594,0.7293794320225291,0.3090184527419215,0.4385656970912738,0.9983988175883728,0.0673223169163061,0.1208871680069294,3.036994159395264,73.14989024786408,0.8044403579532458,0.7046115434732894,False,False,False,False,pachytene,58,mid,6.821786527054088,20.0
872,8.540189195424723,236.93625123108788,39.75880442994128,71.16855874199999,2.5707895183038767,0.7084280958502258,0.3013741904912336,0.4637124123897806,0.998169885144516,0.0481076690852555,0.0759147904583987,2.679362769721583,73.46040501510866,0.8046239615364348,0.6499161601866047,False,False,False,False,pachytene,58,mid,9.489663702130732,20.0
82,2.828581423823787,237.42097809603032,17.02687883067954,53.643251304,2.3396029540884427,0.6195557110372574,0.2016151234284665,0.4958620689655172,1.0,0.0901605343897254,0.0467491895408852,2.9817506392722035,83.11441126472315,0.8071949307883486,0.4065951724218031,False,False,False,False,pachytene,58,mid,11.179033294803467,20.0
955,8.645478848008475,238.2513204795328,27.879025646961363,85.11655472999999,2.728821589131841,0.7260851591566764,0.3066620160446459,0.4731864372673307,0.9957917400665492,0.1425860608597413,0.1844567075922276,2.1327003258663493,79.3520615009549,0.808869069213685,0.6480786258702393,False,False,False,False,pachytene,58,mid,0.9097081497423988,20.0
501,6.12283486888763,236.90753690999315,13.88631656980956,49.64839136999999,2.2800210546586497,0.6337821875738248,0.177525466893039,0.4603276996516579,0.9971500227998176,0.0227125361257173,0.0401873561550925,2.8844468534655374,83.94865832299486,0.8089459039953731,0.385650194475321,False,False,False,False,pachytene,58,mid,14.249991616188673,20.0
440,5.497716136533325,237.25554245909805,22.975128606427106,56.491025796,2.380292257124333,0.6993605182293829,0.2181425485961122,0.4828729281767955,0.9958948448725032,0.133611067672326,0.1828587845842885,3.104550702794898,80.37006451367505,0.8090269236865639,0.4517597402276467,False,False,False,False,pachytene,58,mid,5.8090397282574004,20.0
80,2.052848052149493,238.0680881305234,24.623416110507662,60.455390616,2.4347187899475977,0.6407729318640385,0.2404627122815653,0.4988118384100237,0.9983356692361598,0.0867661042525792,0.0976170805295876,2.955005683548204,80.46704735230392,0.8110521768110569,0.4820709810096865,False,False,False,False,pachytene,58,mid,3.9739167096911716,20.0
875,8.701571501619577,238.14014086244427,17.10673721152163,68.81339763,2.542112682894426,0.6930288051815238,0.2786767061839154,0.4610771793448084,0.996964177292046,0.0149486225333991,0.0193130804130518,2.432493500142085,83.7358148389575,0.8114143123395827,0.6044035980698839,False,False,False,False,pachytene,58,mid,10.808317711754064,20.0
185,3.703758020165382,239.07446695691385,30.678874415673132,61.421851152,2.4476243436868126,0.7058890925756187,0.2435910028484431,0.4672120503830671,0.9980765120752296,0.1208029776077101,0.2130295440924566,3.3252871334587057,79.00483448732462,0.8147663805424616,0.5213714043735022,False,False,False,False,pachytene,59,mid,1.9879040830946622,20.0
81,1.5796020245441684,238.73307944948644,28.33721348540464,33.833156094,2.006402072296898,0.6367607293905567,0.0883939446667826,0.5697652223706814,0.9986990459670424,0.1349651083155961,0.1623634504311448,4.029739418526183,79.61418832487087,0.8160996040794467,0.1551409970215324,False,False,False,False,pachytene,59,mid,0.29871115415909694,20.0
765,8.597413959970734,241.96702879485903,46.52030671673523,60.593791518,2.4365753129106658,0.667995818977198,0.2395140551565132,0.5004664179104478,0.9916487711763302,0.1988063876384689,0.2217861255976889,3.1929986682722906,75.4183770544963,0.8191851783440176,0.4785816721859873,False,False,False,False,pachytene,59,mid,17.686796222923544,20.0
916,8.72763732102336,242.74936251307776,26.770071071519304,65.04138660599999,2.494788464888159,0.6661376997150792,0.2630363824536262,0.5088041482121638,0.9985067940869046,0.0991041562351323,0.130323040026671,2.817368708241922,83.92588546764641,0.8238360392422002,0.5169698072979232,False,False,False,False,pachytene,59,mid,0.10370101284532379,20.0
224,3.055903110569101,238.1157997342457,43.07868170689144,53.844988212,2.342532144133307,0.703581075193866,0.2244386184885444,0.471928277483833,0.9986730801127882,0.0281045688615459,0.0287996554517666,3.337818622044419,73.23572106052325,0.8240630113125964,0.4755778138262398,False,False,False,False,pachytene,59,mid,13.005689430970568,20.0
287,3.301923828549137,240.9720244538976,45.92154218091802,54.016230006,2.345012813957041,0.7075606896252226,0.298176133402814,0.4196614196614197,0.9993107013613648,0.0454061556960808,0.0639739538976897,3.522066591278165,74.7399825254959,0.8241354994781619,0.7105159527015391,False,False,False,False,pachytene,59,mid,16.744281782234815,20.0
876,8.627638623685337,242.34856119285783,17.29075654273785,62.653384602,2.46387483899501,0.7097981953648582,0.2813166434863235,0.4685846987485486,0.9982485638223344,0.0843033466056509,0.1385823037906461,2.393655056688675,87.48957020847914,0.8249051687175988,0.6003538831669862,False,False,False,False,pachytene,59,mid,8.896777647437641,20.0
136,3.052808017971359,241.37041548729752,13.178862687921882,54.30006914399999,2.349113087479655,0.6779851391048903,0.2400856356407381,0.4299704856452911,0.9975025437054852,0.1275932101740068,0.1246091127107671,3.345565371613885,88.30343931575324,0.8250212702536746,0.5583770134371489,False,False,False,False,pachytene,59,mid,13.044313924651401,20.0
634,7.633893980913549,241.81863177737716,12.288918581687629,49.650737148,2.280056962763964,0.6499574789757158,0.1985938345051379,0.4605209879875827,0.9985804760864818,0.1493066495964479,0.1612014687464108,3.104556810247527,89.08016739367365,0.8263271896803319,0.431237315313179,False,False,False,False,pachytene,59,mid,13.668486855724119,20.0
983,9.206440658117778,241.6776040576188,21.25427607588292,40.063542462,2.122691655773794,0.7478189589554424,0.1231677524429967,0.6148130949616902,0.9998153618906942,0.0851150263075397,0.1727451836904286,3.321416941822247,85.23636826500417,0.8264666872088192,0.2003336517265811,False,False,False,False,pachytene,59,mid,5.56770096329962,20.0
441,5.1543498029704224,244.19302788723695,45.518313822370985,46.43232973199999,2.229687274356836,0.5910882085480449,0.2318496725823289,0.4437855201383741,0.99661733615222,0.073635047784095,0.0587706317630483,3.573729014967112,77.85911103170949,0.8293580031671137,0.5224363167821187,False,False,False,False,pachytene,60,mid,17.643444497457267,20.0
917,8.9751055824307,244.2465043308049,42.360318797510566,61.09813378799999,2.443316785629828,0.693503800967519,0.2376086333683507,0.4831516973568834,0.9968150507369824,0.0661986701543907,0.0947452242488388,2.690395799526653,79.15315729258387,0.829727557597784,0.4917888825977556,False,False,False,False,pachytene,60,mid,14.762257835372205,20.0
878,8.256693560216364,245.52938450345368,36.63394214170523,79.95584312999999,2.672517345792851,0.7755610972568578,0.2534400312286523,0.4725490196078431,0.999213618281062,0.1249194823088784,0.2227360718704666,2.468159330166937,82.36812294462561,0.8323145763907911,0.5363253772888493,False,False,False,False,pachytene,60,mid,10.025358700578046,20.0
84,2.0619246861925475,244.0831365656429,34.67660553545092,41.48742970799999,2.147546815882295,0.6774850163971503,0.0744767158851208,0.6076437587657784,0.999896082302816,0.0132965127391643,0.0194630643602146,3.6232552431780034,81.86308108290437,0.8326366482466702,0.1225664129857845,False,False,False,False,pachytene,60,mid,7.644658718279926,20.0
918,8.102744361970755,245.88711905128253,19.198642803515728,82.484591814,2.7003998390101582,0.7379916389386572,0.2597621725855696,0.4504504504504504,0.9974913160941722,0.2044767498240205,0.2964045577482044,2.386200611708614,89.91928383773424,0.8374069213187693,0.5766720231399647,False,False,False,False,pachytene,60,mid,5.693979904635861,20.0
719,8.306524338928813,246.30399365283373,11.235056486689288,52.960629906,2.329636582921368,0.6419364840324224,0.2592321084944561,0.4591786244433449,0.9953360186559254,0.2016807632358478,0.2030846750097174,2.847473772236256,93.5989696782804,0.8413680892198666,0.5645561328311377,False,False,False,False,pachytene,60,late,12.768752238347247,20.0
957,8.934542130122823,248.66124883132423,28.29543852506419,76.97670507,2.6389038661993744,0.7256132866067347,0.2540182270091135,0.4534651266103954,0.99961409118474,0.0816254206085964,0.1375456872034259,2.6897997154842432,88.67405271646753,0.8435693258883079,0.5601714709747876,False,False,False,False,pachytene,61,mid,3.7345347127747384,20.0
88,1.9350264900662149,247.8241523046385,29.345731837747604,70.84249559999999,2.566857430221071,0.7503973509933775,0.3001578312134435,0.4326081188644202,0.9997719238225568,0.0965284671582002,0.1692174400908234,2.6892906760124,87.47695841380082,0.8439210551010189,0.6938330977267517,False,False,False,False,pachytene,61,mid,4.343477951656433,20.0
86,2.338710031864642,245.4883675365352,37.97576805845637,42.697851156,2.168232267187583,0.6907482694209428,0.103376871615164,0.5940664416414994,1.0,0.0999088035786712,0.1383731973760938,3.466623417949552,81.77471027583084,0.8442544724549821,0.1740156729431096,False,False,False,False,pachytene,61,mid,11.22953501115474,20.0
371,4.331984077502521,246.59171413841477,9.912080758716248,48.91181707799999,2.2686895083151017,0.5631384585871182,0.2363346747149564,0.4706334394554836,0.9923800986104886,0.128842358384665,0.0887256597021593,3.4228640322470394,94.40909138949982,0.8453407471895282,0.5021629465776856,False,False,False,False,pachytene,61,late,13.853533629983223,20.0
89,2.3436414020370857,247.9853026887385,13.094903239215803,62.641655712,2.463721081297661,0.6825943678849611,0.2417248166040436,0.4322793770646531,0.9986838030349954,0.0593048204013902,0.0590287788452984,2.7521071919630637,94.35833900938547,0.8465128053113788,0.5591865571877386,False,False,False,False,pachytene,61,late,10.379361471629606,20.0
827,8.850880294138658,250.5932013964428,39.91976440641989,66.35267650799999,2.51144272863379,0.6391501095948526,0.3286635096027361,0.4572352307240129,0.9911415677753636,0.1961457144615283,0.1899202700661758,3.173882191615001,85.61490223739077,0.8516958115351166,0.7188061800975204,False,False,False,False,pachytene,61,mid,15.114297067770934,20.0
879,8.810148858749992,250.9650982467636,33.69542234866042,70.91286894,2.5677071017264312,0.6594111809460801,0.2976328535370762,0.4647435897435897,0.9939942112879884,0.1005398328145158,0.1112289727143605,2.5057869341467103,88.53287138597258,0.852354342133544,0.6404237951970192,False,False,False,False,pachytene,61,mid,9.603743795440058,20.0
92,3.770863265849204,248.8086683332094,39.98623664465525,96.981499854,2.850143734839503,0.6616355852260358,0.2381963731416435,0.4768746872542712,0.9977603000156258,0.0494303774812855,0.0502536783200956,3.710809201428429,83.9632790869178,0.8530558551845014,0.4994946880345453,True,False,False,False,pachytene,61,mid,14.435240530322888,20.0
958,8.91723740421823,250.79459955244144,19.513681562352268,69.186376332,2.5466972842307345,0.6611514206279243,0.2908536152699922,0.47208324994997,0.997585778037896,0.0293434704579206,0.0349641300162532,2.584353942099401,94.25494540089323,0.8531321333316524,0.6161066195439385,False,False,False,False,pachytene,61,late,3.373494373853577,20.0
93,2.276127320954727,250.30237315270156,33.40985234937527,74.28609770399999,2.607792179727137,0.7018441328786156,0.203408419809331,0.4588011014615547,0.998973615890841,0.0641400358009616,0.0642064115981912,2.808635235703361,88.04808251525962,0.853150160131122,0.4433477146444375,False,False,False,False,pachytene,61,mid,9.069202379248464,20.0
767,8.275005924371133,250.20128214224567,11.654479075120786,69.291936342,2.547991820333014,0.645722604015031,0.3002340354396523,0.4500716674629718,0.9919323255267488,0.1522915256291214,0.1049107187073662,2.387176021786025,96.97201227797572,0.8535610873896047,0.6670805054938347,False,False,False,False,pachytene,61,late,10.77191561557861,20.0
91,1.7338813030496227,248.7914892005215,20.000481534539738,69.92060484599999,2.5556743982738745,0.6925554399973161,0.2693932870924022,0.4615888258402444,0.9970355731225296,0.0559028889900634,0.0611244896487026,2.8623466796711803,92.2302049342256,0.8566167149338645,0.5836217690105848,False,False,False,False,pachytene,62,mid,3.76060073847319,20.0
94,2.193892624848287,252.97425811928,14.010950843347803,63.835656714,2.4792761755184536,0.6487708080696726,0.1327465747209871,0.5580665411173886,0.99812874251497,0.0698932809869658,0.0877110698766084,2.723713830877564,98.51907762571905,0.862904655477573,0.2378687216316451,False,False,False,False,pachytene,62,late,7.478142130125756,20.0
394,5.073344665695385,252.03601159543,8.81265608305041,57.95948282399999,2.400740933602581,0.6327100534239922,0.2169974115616911,0.4328374655647383,0.9963931469792606,0.0666736954543802,0.0706653049881247,3.144284381376632,99.78997791630336,0.863441009683999,0.5013369424445895,False,False,False,False,pachytene,62,late,12.597894226208895,20.0
826,8.029256042072353,253.05339410565185,23.865472575784096,79.39520218799998,2.6662562300311032,0.7592920876913076,0.3254677926809074,0.4152448754142629,0.9976926163723916,0.1403691282335049,0.1869957581202981,2.3204335591900467,94.50715575176449,0.8639311142961463,0.7837972530213871,False,False,False,False,pachytene,62,late,1.5230991152072044,20.0
1104,9.917467444993058,252.5838542882808,8.193111405478257,5.224047605999999,1.0763978927552609,0.4526268522676245,0.0,0.4749794913863823,0.9736842105263158,0.1740375845186522,0.0934398353102486,0.9438584585791896,99.78997791630336,0.8645007168212827,0.0,False,False,False,True,post,62,late,12.958448350122675,20.0
768,8.40971754132517,255.57993529129368,32.858399891671546,58.46617087199999,2.4077164912569446,0.7108810784785748,0.1875070470177021,0.5455176242020539,0.9982026026313896,0.0685661390475294,0.1094056655048677,2.7247841983502,93.07964361484883,0.8675595002007906,0.3437231698828699,False,False,False,False,pachytene,62,late,10.754478273845285,20.0
1103,9.80167729742561,252.2741811835586,5.868527037562047,19.859356548,1.679933876585148,0.5112213560122845,0.2640939000533523,0.3438859352344127,0.9195467422096316,0.2421121682982897,0.0754702820236692,1.1407972943599531,99.78997791630336,0.8677448217593796,0.7679694718346957,False,False,False,False,pachytene,62,late,15.24923022803852,20.0
535,6.59601468707508,254.84271870952296,36.00049452535178,56.859312942,2.385453742899226,0.6327818804406122,0.2708879423328965,0.4205145489270868,0.9967735220649458,0.1228046541518571,0.1148546823451554,3.530160190438406,91.10655751357523,0.8685864184963309,0.644182093161932,False,False,False,False,pachytene,62,mid,13.308529607002232,20.0
160,2.949737348975751,254.3123507791996,35.97006433636818,53.58695263199999,2.3387841953324875,0.6192873402206269,0.2392407277816655,0.4943083822007589,0.995923486986516,0.1801532445262934,0.1633552560873174,3.634496802402373,90.63648896578977,0.8686713630357197,0.4839908372917294,False,False,False,False,pachytene,62,mid,13.061038802526713,20.0
95,1.9526113561974,254.836839245064,26.08725375693844,65.935128024,2.5061635821538486,0.7058132915895831,0.1996709252806814,0.5000604668037247,0.9990075426756648,0.0820863677212963,0.1099057525621636,2.998485458830116,95.20948352755171,0.8688994246494476,0.3992935625504122,False,False,False,False,pachytene,62,late,4.284208290444976,20.0
828,8.38505188993579,254.6543494430237,13.604018451871635,73.91311900199999,2.603420418072926,0.6789171347868863,0.3199112664694811,0.4756350696846891,0.9969903166710286,0.1421125412122357,0.1779903151123603,2.405472686318379,99.78997791630336,0.86926748866937,0.6725981468977016,False,False,False,False,pachytene,62,late,7.164937198159196,20.0
797,7.79669115520301,256.8571717533444,26.194450896628823,81.102928572,2.6852371218484694,0.7335570081564181,0.2528185578716846,0.482957012592271,0.9990495723075384,0.1891606284029563,0.2541001259851368,2.2790730194354105,97.00373143269529,0.8711458184069665,0.5234804574317731,False,False,False,False,pachytene,63,late,5.219039358424769,20.0
143,2.1187674247982216,255.446884225972,8.37607932501746,15.986477069999998,1.5627447668568069,0.3049156272927366,0.0075424261470773,0.5613257335866583,0.4264392324093816,0.7183138475781751,0.0584625486977162,0.998394473840758,101.08577236339744,0.8750398554208746,0.0134368080702163,False,False,False,True,post,63,late,11.97672427937807,20.0
96,1.948193132403544,255.63090021368444,17.749702564102236,62.575973928,2.462859683316801,0.6701904333483281,0.2542803865061874,0.464764719254376,0.9985609210105532,0.0387612483362202,0.0461728300882498,2.9121901190804964,99.38742047218373,0.8754548377575602,0.5471163708685344,False,False,False,False,pachytene,63,late,2.974588827654525,20.0
746,8.023687001610798,256.8121767097494,8.714825317201905,59.716470546,2.424758594715622,0.5794476961150175,0.2533649487411953,0.4799178031010648,0.990273224043716,0.0632798927011268,0.0494118683791595,2.545770305811052,102.32056861417196,0.8769457098845403,0.527934048505885,False,False,False,False,pachytene,63,late,11.30289148665184,20.0
881,8.949223290324628,257.63980978472017,16.633651288423636,64.17814030199999,2.4837021104695545,0.6785335721334844,0.2810430801929208,0.4462762933484934,0.9959951639715884,0.0998044397308774,0.1172017760166467,2.5989652869211177,101.1134252831486,0.8771210961336359,0.6297513096297422,False,False,False,False,pachytene,63,late,3.432974952936438,20.0
100,2.326752301752201,257.4206807766617,30.82342398648597,63.185876208,2.470835320862617,0.6599346599346599,0.2386968085106383,0.4624454148471615,0.9963738920225624,0.1506732774363383,0.1491665687779688,3.050559173034169,95.59821836905087,0.8776150248741698,0.5161621260522774,False,False,False,False,pachytene,63,late,9.665326271558756,20.0
747,8.58848100727346,258.88321487940726,31.83540437704722,55.146895002,2.361261857716936,0.6191671274830917,0.1520174275430953,0.5315536691611751,0.999413432398084,0.2010576682219538,0.1727491216903461,3.2811316678379217,96.5098595484517,0.8786373757351598,0.2859869781032427,False,False,False,False,pachytene,63,late,11.192421773678682,20.0
98,2.5006491964215427,256.74454471142883,10.733793828674685,59.259043836,2.4185515216975224,0.6413981474150898,0.2448945569725764,0.4533612981565294,0.9963578632797908,0.0668052289284211,0.0511839076208053,2.6288078342726333,101.74325862894086,0.8790714291497786,0.5401752597064938,False,False,False,False,pachytene,63,late,9.367039963815474,20.0
769,8.460779126653655,261.1036666062644,25.99260831672502,64.73174390999999,2.490823183759813,0.6566406957782207,0.2835538752362949,0.4405277044854881,0.9982595723520636,0.0541803335714506,0.0616736363163924,2.6522333151270447,102.0912375031672,0.8850448496209111,0.6436686554537361,False,False,False,False,pachytene,64,late,6.498402796405941,20.0
395,4.591563530469754,259.831230268508,31.53003002441052,54.776262078,2.355960082377907,0.6084964241360113,0.2712053571428571,0.4787792605556771,0.9943757030371204,0.0972534774337575,0.0885019294944022,3.1568606674036634,97.4991876770676,0.8865095970100997,0.5664517649074707,False,False,False,False,pachytene,64,late,11.30738492929618,20.0
430,5.085839964414507,259.0394529679241,6.650309420254191,47.46212627399999,2.246050553645317,0.5787574754114566,0.2325078793336334,0.4480816613868356,0.9939912873666816,0.0545746919930229,0.0530761215012668,3.191639210572629,104.99850472423175,0.8871172861267608,0.5188962177430108,False,False,False,False,pachytene,64,late,12.735247451283668,20.0
102,1.612931034482701,260.9028721355265,12.14836695766022,42.993419184,2.1732238302552678,0.6600283718900044,0.1959999999999999,0.5507944150216658,0.9992192728083872,0.1037179082409663,0.1239558702378847,1.1039151888293937,105.40706319222397,0.8892796860626656,0.3558496503496502,False,False,False,False,pachytene,64,late,6.944388477258565,20.0
101,1.7523490416485872,259.9756912343255,21.835384662775287,65.10941416799999,2.4956579381646784,0.6572993226689725,0.231167151632719,0.5181875525651808,0.9978840776845764,0.1000532918561759,0.1090433318584241,3.0333080709230704,102.05413818935207,0.8904538847659873,0.4461071102313702,False,False,False,False,pachytene,64,late,2.191029978832066,20.0
635,7.698195337956508,262.4749308254571,30.627550359260944,56.15323376399999,2.375538394576977,0.6344306124154064,0.2485186775440103,0.4409781739229802,0.995153639925758,0.1234249671491115,0.0957656122312731,2.6921858074057283,102.24255583817198,0.8910809869953108,0.5635623081595322,False,False,False,False,pachytene,64,late,11.329567879281555,20.0
920,8.843100958868702,261.2694057309926,19.66870095886942,63.36180955799999,2.473126442052971,0.6757987486579542,0.2078697421981004,0.5188991663811807,0.9974281725328826,0.0285053068338366,0.0432666887402711,2.6295470975088757,103.85492014065063,0.8924080663138532,0.4005975643549219,False,False,False,False,pachytene,64,late,0.423149938915544,20.0
829,8.604015570580213,261.4815931059148,10.642958215528914,68.698454508,2.540696479937928,0.6688861572082223,0.3139238715154945,0.442920490873466,0.99596833308899,0.0260430093035343,0.0507601103710356,2.4119994160955813,106.34855477935638,0.8933160921901238,0.708758971382014,False,False,False,False,pachytene,64,late,8.253879612704479,20.0
104,2.0217153982545715,262.9992698814382,26.63927351458553,67.471612614,2.525481318503756,0.6746166950596253,0.2464573268921095,0.461053531360188,0.9984018596542206,0.1132451073252178,0.1489311888682692,2.928815927616636,103.7609470678005,0.89532684491433,0.5345525196716693,False,False,False,False,pachytene,64,late,7.604548186825097,20.0
103,2.4106022019355304,262.7327194138555,8.233138020609696,59.871291894,2.4268522685484504,0.6781334482623516,0.2146271510516252,0.4480827754108338,0.9995019093475012,0.0654640691269182,0.0909721311041188,2.6445471302873065,108.1697847622092,0.8985979280144254,0.4789899608500682,False,False,False,False,pachytene,65,late,10.267749459496901,20.0
636,7.676847862917333,264.2452636865286,6.331924972166847,48.461427702,2.2617045154094555,0.6043370927924876,0.2439881613022567,0.4535111328602887,0.9879270485486772,0.2342742702253091,0.1978420802518013,2.7557350606669773,110.11493900245142,0.9021845381190798,0.5379981738561227,False,False,False,False,pachytene,65,late,11.723351126861047,20.0
664,7.968444801346131,266.67636120225603,28.106382425145902,61.344440478,2.446595654925429,0.5966884631562847,0.2109673075484401,0.5102872854840239,0.9882659713168188,0.1801936660691356,0.1291914572525248,2.7477168023281218,106.94591999023068,0.9043627606765804,0.4134285010615753,False,False,False,False,pachytene,65,late,9.956006589703234,20.0
397,4.3620293501045895,265.14723913208024,28.589292830187844,55.9468053,2.372623864439612,0.6076310272536687,0.2485344896812013,0.4764907031416969,0.993962015588978,0.1222089840529551,0.1253030147560828,3.0958796899665333,105.34432508533675,0.9052032843696032,0.5215935757875492,False,False,False,False,pachytene,65,late,10.035445405242395,20.0
105,1.9124999999999115,265.66094528213404,14.193308544817338,69.510093696,2.5506630345458934,0.6259111771058316,0.2765776936631208,0.4826341903473162,0.9975575999348694,0.0529542818648948,0.0398166011052177,2.828434134762212,109.49119366347321,0.9060365241099898,0.5730586419169521,False,False,False,False,pachytene,65,late,3.7599066580034814,20.0
771,8.371908330931104,266.5272951174812,21.961735226289647,65.10003105599999,2.4955380468338757,0.6413231478812338,0.3249694832496949,0.4286718906972071,0.9931725483241708,0.0772105252378847,0.0867991612404964,2.584842113071731,108.35963415622359,0.9068747571058058,0.7580844237795789,False,False,False,False,pachytene,65,late,3.9743410897849203,20.0
106,2.2625314761099107,265.6154760462915,20.21874665158042,73.594093194,2.599669364823924,0.6990724508335193,0.286124763705104,0.4250609045651943,0.9978197221703108,0.0582400702410175,0.0768934392043518,2.5864100249953403,107.91952479080594,0.9094766886536904,0.6731382741440036,False,False,False,False,pachytene,65,late,2.0571225480887136,20.0
396,4.663101487314127,265.85280049212514,5.148815797243957,42.89958806399999,2.171641692370575,0.5258639545056868,0.1991318001293063,0.498789067004959,0.9955323901712584,0.0983930515998961,0.0567708823819767,3.7456958662755073,111.9699143518439,0.9096951531537182,0.3992304829875642,False,False,False,False,pachytene,65,late,12.460228561907464,20.0
798,8.483794037940596,266.303630504073,8.33838778319848,64.91940614999999,2.4932278899500973,0.6086359530261969,0.2841847862005154,0.4978303019111809,0.9890625,0.041074291816293,0.0333940089512337,2.450955548595605,111.59733169440995,0.9105840631118488,0.5708467023994405,False,False,False,False,pachytene,65,late,9.26057243715933,20.0
884,8.769006117972834,266.6740889328314,14.97745057428182,81.285899256,2.6872549308496327,0.686973334872446,0.3930050363738109,0.3753111459389693,0.9944540065021992,0.0517829834835783,0.0489952419516108,2.4765130225960257,110.27242211539514,0.9151711927849736,1.047144590898238,False,False,False,False,pachytene,66,late,2.744514672005597,20.0
108,2.139609236234474,268.71472517466736,24.294359561870685,59.43028562999999,2.420878923456438,0.6208407341622262,0.2133966590239109,0.4895898396835311,0.9959334216001512,0.1227845333860915,0.1031829324108376,2.8813352479140275,109.88417819421136,0.9152859403560526,0.4358682344426298,False,False,False,False,pachytene,66,late,6.785346607791307,20.0
110,2.5821149634282743,269.31282198851653,10.41307699904866,56.76548182199999,2.384140835528386,0.6220091739328071,0.192175218581648,0.4802667541270362,0.9970783800120896,0.1100212767143404,0.0820752385925193,2.8825944496212315,112.1746458569467,0.9171938509739116,0.4001426643219518,False,False,False,False,pachytene,66,late,6.737707613281367,20.0
109,3.1726660839161287,268.52832111451704,6.538167561188925,53.67140064,2.3400121186567864,0.6376311188811189,0.2993323755598749,0.4338439271499216,0.9945986820784272,0.1405069779870214,0.0992179976893971,2.8649890838615497,112.1746458569467,0.9182577680911296,0.6899540522009794,False,False,False,False,pachytene,66,late,10.633704613741923,20.0
225,3.881922157732824,270.5663540372174,27.82286252560587,54.966270096,2.358681058456159,0.625512120177535,0.2482652274479568,0.4567521367521368,0.9958212793314049,0.0849707642513575,0.0675871702903866,3.021493118073713,116.71064466801722,0.920786448262788,0.5435447532075403,False,False,False,False,pachytene,66,late,9.755737058301907,20.0
692,7.9061016024016,271.9840474443397,27.602376116028047,60.16685992199999,2.430839281203758,0.5958127022496004,0.2622927488792429,0.4819137648307128,0.9951527924130664,0.1487628523344289,0.1048491893527679,2.8099143876218844,117.99426043640086,0.9215859286410846,0.5442732040894939,False,False,False,False,pachytene,66,late,9.11480070220768,20.0
536,6.507013682900912,270.9638124485712,6.74385374605328,49.031451756,2.2705376844075857,0.4971773036073103,0.2028216019417476,0.4941008563273073,0.9827169671064858,0.0662276824517955,0.0412474460077991,2.538322833358768,112.1746458569467,0.924253442640374,0.4104862384763657,False,False,False,False,pachytene,66,late,10.552901874048331,20.0
799,8.510285433071163,271.9546166971278,22.27416317842997,66.73269254399999,2.516228128608806,0.6772005061867267,0.3358165774627513,0.4400522704998366,0.9976388148373828,0.0241469785082747,0.0244775468803676,2.542794737532693,116.34681564999012,0.924440780918536,0.7631288371295336,False,False,False,False,pachytene,66,late,4.047587962150585,20.0
111,1.8234348408588024,271.53335836621966,18.04519485823946,64.78335102599999,2.491484940768532,0.6707462794655465,0.3217722085477735,0.4326404926866821,0.997305682560418,0.0856903842041576,0.1104821569383297,2.7536995620925446,114.6601729290156,0.9287239533789176,0.7437403895081101,False,False,False,False,pachytene,67,late,0.1467075530226435,20.0
113,2.08327642720556,273.69906727669144,24.256899993171405,68.703146064,2.54075431505017,0.6354821087134663,0.2114049342591224,0.512457849381791,0.9989845336666144,0.1130857871867658,0.1122449067616759,2.6911141874075963,118.61135776515076,0.9313878248888116,0.4125313613873864,False,False,False,False,pachytene,67,late,5.406338163524907,20.0
800,8.400276032397818,273.2932150401279,8.620200904369732,64.58630567399999,2.4889563378373047,0.5880579668034722,0.2567496723460026,0.4776935284782225,0.9919563058589872,0.1312700733135454,0.0868338557255611,2.5641995957828345,113.47223532113424,0.9331817451061274,0.5374778116922041,False,False,False,False,pachytene,67,late,9.367303734702498,20.0
161,3.2541800839686,274.6748894713134,7.604957286105319,57.54897167399999,2.395059568961836,0.601190233562956,0.1999345817319486,0.4900858544562551,0.9957819597663856,0.0693119368794393,0.0306458554242947,2.8770820878478798,114.47998508435201,0.9368659764473009,0.4079582789708834,False,False,False,False,pachytene,67,late,10.754453421273086,20.0
114,1.8847847154920616,275.2676416135844,13.216412165998175,67.77421797599999,2.5292512226173898,0.6315589090405649,0.2249726974881689,0.4976045091592296,0.997501410494076,0.144612821096304,0.1491265540888718,2.7629128364222875,116.75018876270696,0.9385729740743036,0.4521114526640661,False,False,False,False,pachytene,67,late,5.58860826002176,20.0
374,4.741921492084182,275.8863934938138,29.595268536107547,54.08191178999999,2.3459629125834844,0.6672305356755585,0.2560124127230411,0.4438216892596455,0.997413049726933,0.0934564868472935,0.0932622742161569,3.1401320132175314,122.31770367988764,0.9390445208312316,0.5768361910164966,False,False,False,False,pachytene,68,late,9.82737589698004,20.0
885,8.24712778429078,274.0531367130933,13.263305741705969,86.04079126199998,2.738663006555345,0.6518443796177649,0.3022620478636214,0.4329678935003915,0.992883211678832,0.1428232741064175,0.1256734401407669,2.315942211028423,115.60738935682528,0.9396996332076132,0.6981165402818675,False,False,False,False,pachytene,68,late,5.174807971626534,20.0
773,8.214062154215712,278.2256582118857,27.164256511018056,74.199303918,2.606776160263365,0.6817995004900257,0.3369565217391305,0.4289120715350223,0.9907289217332884,0.0622074963063246,0.103744112852937,2.28434903347296,123.8074490066062,0.9418216285816096,0.7856074568692027,False,False,False,False,pachytene,68,late,6.800390969884121,20.0
886,8.709282624368324,276.1741616438272,17.87762705479438,78.08625806399999,2.651522606071201,0.697128094208123,0.3710935063314827,0.4165840111089069,0.9962958312405826,0.0501621620294634,0.0729025352263234,2.336800339844596,119.03051040180387,0.9441353598260358,0.8908011263890497,False,False,False,False,pachytene,68,late,1.4234148639075774,20.0
115,1.8884548611110092,277.2695949761263,20.721086631945276,64.856070144,2.492416820312532,0.6261935763888888,0.2474331901259739,0.479729075955491,0.9966690042075736,0.0875023915991369,0.089700909814153,2.818973759077508,120.9383374173526,0.94763176042316,0.5157769302041028,False,False,False,False,pachytene,68,late,0.9525970533911614,20.0
116,2.1232991646298225,279.1316567285703,25.872468215810983,64.30481231399999,2.485335110830015,0.6390763506365593,0.1654154365246731,0.4889832221548413,0.998669991687448,0.0699888514991682,0.0629556269304096,2.688224062562893,124.27797472319628,0.9496961385470768,0.3382844830457041,False,False,False,False,pachytene,68,late,5.294351175623623,20.0
117,3.1728579075225523,278.9169624408194,9.45393851443148,56.971910286,2.3870273265296134,0.6062090830485445,0.2797650425483846,0.4393559180259305,0.9928694652098908,0.0320898238015779,0.0174777145978053,2.857327240468269,119.0833452024473,0.9518160714481432,0.6367617484371134,False,False,False,False,pachytene,68,late,10.28223495017547,20.0
189,3.711298035866665,280.2651908326304,29.87480933390146,54.93812076,2.358278346981974,0.6189581554227157,0.2345827257912343,0.4588749439713133,0.998557318832538,0.0272442071347305,0.0370006015276037,3.182508971819284,126.57431953965293,0.9524571506283118,0.5112127582322283,False,False,False,False,pachytene,68,late,8.762842847021702,20.0
638,7.461582852431701,279.1943152803048,9.673297073371431,56.90857428,2.3861424411227707,0.6050700741962077,0.3309824732909713,0.4480743137459555,0.9964792864687244,0.0602077758827415,0.0212433473557081,2.749204848796288,119.41424739888943,0.9526413369569028,0.7386776325648255,False,False,False,False,pachytene,68,late,10.15754930007653,20.0
751,8.365513259967502,281.94089709904443,29.674496979973945,65.01323726999999,2.494428505504324,0.6280353599134043,0.2752390326209224,0.4613444563003201,0.9928990970456736,0.1795522762318961,0.1675790736556434,2.6766337349224947,128.10987417673113,0.9563133851325858,0.5966020158303383,False,False,False,False,pachytene,69,late,8.062708226407283,20.0
162,3.450310414403249,282.9911777432822,24.59006297144206,60.455390616,2.4347187899475977,0.635340679807543,0.2712468982630273,0.4429665886358799,0.9974424552429668,0.068052171596086,0.0436250180231143,2.655334662375012,127.56515603210283,0.9635149698358312,0.6123416646351022,False,False,False,False,pachytene,69,late,2.8995850667597396,20.0
922,8.817111315547072,282.22217192387023,21.420300940087355,81.59554195199999,2.690662797567623,0.6576586936522539,0.3063839701770736,0.4295431642593215,0.9949543954977684,0.0530369103890131,0.041986444977332,2.4498594764957056,125.8691413600615,0.9645087404043936,0.7132786543242605,False,False,False,False,pachytene,69,late,0.11349542033270946,20.0
584,6.810754487374985,284.9795310693554,28.59280621387169,61.68457828799999,2.4511092198271363,0.6243154852449042,0.3520692595264642,0.4321287579714546,0.9874284546197876,0.0325009632803454,0.0478643296685374,2.350695559960289,131.50035650070222,0.9645767083442848,0.8147323061283531,False,False,False,False,pachytene,69,late,5.929122573096136,20.0
118,2.1029863542186424,282.00358244623953,18.003553843680663,65.66770933199999,2.5027708378519007,0.6278845466885761,0.2596304193319119,0.4528175098396851,0.9978607719048044,0.0565796376943432,0.0427422882369369,2.925282144382764,124.62243886468349,0.9652758213908036,0.5733665631080191,False,False,False,False,pachytene,69,late,3.0751837683836283,20.0
831,8.784753841329481,283.44156459077703,14.5459974788342,74.80686041999999,2.6138717374015608,0.6120100344935717,0.265348533428334,0.4668229208761011,0.98545426260112,0.1728613228427206,0.1479991779813693,2.5448712354968683,124.94153938988785,0.9699608919479088,0.5684136779966719,False,False,False,False,pachytene,70,late,6.8062243094275345,20.0
442,5.4818229389656805,284.4678351362901,11.773319223632852,49.310599338,2.274838434588325,0.5959754531183102,0.2313331523214771,0.4867537972447898,0.9942013705851344,0.1900893224113678,0.1491286403497553,2.74365684848341,125.07655998503549,0.972060041833088,0.475257005966692,False,False,False,False,pachytene,70,late,9.759653736100876,20.0
457,5.555256634290747,286.1429918803512,31.75464973381604,57.722559246,2.3974652606976274,0.582517169911001,0.2731196490483266,0.4865180570427334,0.9926546539653393,0.1555431483320261,0.1254263758621037,2.956193040503775,133.91287340107152,0.9732618515320408,0.5613761814072549,False,False,False,False,pachytene,70,late,8.280857615308502,20.0
123,2.35027010099428,287.45691353245394,30.883860890158637,59.92524478799999,2.427581034026982,0.575354262898301,0.2318912412376973,0.4640486725663716,0.9936948297604036,0.13711249210735,0.0957245385042401,2.7489791795118723,134.7232341751146,0.976323786740476,0.4997131873155623,False,False,False,False,pachytene,70,late,6.928829977279261,20.0
122,2.4068831375039825,286.963097241182,23.090284808668777,59.094839376,2.416315551717182,0.6825579549063194,0.1947437317490685,0.5035638364386645,0.9996012123145638,0.1642274096480341,0.2091783149716739,2.929013710626773,130.9188642058135,0.9765577816031572,0.3867309716407502,False,False,False,False,pachytene,70,late,0.10897280838077497,20.0
121,2.38727445394113,285.4844477517578,13.979603146290986,56.81239738199999,2.384797469913193,0.6146001073537306,0.225265604249668,0.4725733876151703,0.9972343367726838,0.0872381546480426,0.0844886413941808,2.835550264795497,126.71563786094649,0.9777041613854972,0.4766785649663118,False,False,False,False,pachytene,70,late,7.966719360835872,20.0
163,2.1513230154767644,286.89243130304607,10.47957948077925,9.397186668,1.309090732009908,0.5049925112331503,0.109964093357271,0.5068078668683812,0.959964412811388,0.3302563757206027,0.1777794286068684,1.091914746341324,126.99325179308788,0.9779993105864342,0.2169739274900184,False,False,False,False,pachytene,70,late,11.72910076687667,20.0
832,7.693665200711481,289.1493131865902,25.722580062226704,100.277317944,2.8820711634407794,0.6833302142790306,0.2892844017430567,0.4819383910763093,0.989293263486812,0.3173814535991325,0.3221988895772226,1.966485212598831,134.026065542264,0.9811752682460416,0.6002518311458858,True,False,False,False,pachytene,71,late,1.5420877083873086,20.0
724,7.974328204689043,290.91320609009057,29.66015947799113,54.734038074,2.355354566802116,0.5928513264475207,0.2486554887693768,0.4743157894736842,0.993835775761805,0.042823651225004,0.0164585142368307,2.388467910166664,137.31470901622652,0.9844106496121942,0.5242403780091167,False,False,False,False,pachytene,71,late,4.335056367651949,20.0
124,1.9643116300548205,288.81535303779583,12.905024856521136,35.559648702,2.039966102081702,0.5842074015436374,0.0888985255854293,0.580358559416151,0.9961215255332904,0.2276270845500743,0.2124621423387158,1.1371898030216216,129.56237496810513,0.988015723985853,0.1531786240472829,False,False,False,True,post,71,late,10.002827503378107,20.0
126,2.0427439232489246,290.95096643283074,27.933822983580143,61.86051163799999,2.4534373140231165,0.6581472071593797,0.2944353134538624,0.47210205213533,0.998886891000942,0.0749244466463961,0.0808419119874103,2.792638816377173,136.60479051564988,0.9893517476939352,0.6236687854291753,False,False,False,False,pachytene,71,late,2.7609918016451624,20.0
620,7.760958438337783,289.52908310333083,14.757323028921505,58.64210422199999,2.41012913114448,0.6211048441937678,0.2586679189168036,0.4719172297297297,0.9934553635341036,0.0790817647879123,0.0897488771547478,2.5652043399768467,129.7773558755774,0.989912601149018,0.5481213709127436,False,False,False,False,pachytene,71,late,8.517337468529561,20.0
566,6.66669485986753,291.789528561001,33.37248823959142,61.016031558,2.442221871235396,0.6404213601937642,0.2936867542667271,0.4491606971025339,0.9942819647544056,0.069339047987089,0.0633767662557308,2.457590771144494,139.7053618017975,0.99073531232662,0.6538567514060221,False,False,False,False,pachytene,71,post,7.326511003600034,20.0
125,2.564745859713132,290.03687920378775,18.38152033480017,65.580915546,2.5016677044550737,0.6137282254891441,0.2247110345322708,0.4896749699046208,0.9934251443802754,0.1088760213283323,0.070716977590038,2.62849291870392,131.6632301682189,0.991296435632058,0.4588983475631605,False,False,False,False,pachytene,71,late,5.464761822727852,20.0
127,1.9723099590220776,292.8976117869158,23.11952936599195,50.947952382,2.299743367270897,0.5846954279662968,0.1697349042709867,0.4729490022172949,0.9957103204642948,0.1064804892973992,0.0990363246822894,2.5600770008705256,136.28658478567488,0.9957789870196652,0.3588862720403891,False,False,False,False,pachytene,72,late,2.422211482458443,20.0
375,4.126139474955701,293.2111537123534,34.92465400225363,43.694806806,2.1849780144255164,0.5629999463144897,0.0960577456968351,0.5175675675675676,0.9956153613547022,0.1320786223355922,0.1039743196241891,3.3638592947306942,141.6571217013182,0.9987067376181534,0.1855946000408824,False,False,False,False,pachytene,72,post,8.467257330897144,20.0
459,5.502516065788083,292.39418142904174,14.27317561267858,21.536587818,1.725954843525609,0.5517917438187561,0.1970731707317072,0.3380315917375455,0.9110442629995704,0.0837537412933382,0.0557348729349232,1.0063338497831669,132.019828067814,0.9989069688152276,0.5830022268590765,False,False,False,False,pachytene,72,late,10.187918402280989,20.0
887,8.683704710144685,293.04207372282565,21.500169211956543,51.79477823999999,2.3124150622725232,0.6673913043478261,0.2186402808809447,0.3861655773420479,0.9891973750630996,0.1768425333876668,0.1755368539066249,2.607282077255714,135.71905356826184,0.9999999999999998,0.5661827301797103,False,False,False,False,pachytene,72,late,3.94572875399364,20.0
519,6.412526958197726,292.6069556233662,17.956292066259532,51.12153995399999,2.302352267258679,0.6085899141926306,0.2967848309975268,0.3754982415005862,0.9885073012439156,0.1325708609661102,0.1044424732427114,2.4383403732726703,133.79912648371484,1.0043930383372563,0.7903760875457083,False,False,False,False,pachytene,72,late,6.956089691538112,20.0
412,4.048934253977758,293.835391864302,15.631224136896195,7.813786517999999,1.2309988411786157,0.4509156409486641,0.0,0.3969382176052488,0.7006369426751592,0.8644514182598858,0.153944625082468,0.9032298723418922,133.9056031861503,1.0051104430779965,0.0,False,False,False,True,post,72,late,9.58357122069047,20.0
