nucleus_id,cz,cy,cx,vol_env,r_eq,gap,gap_int,thick,void_big,void_off,offset,syp_io,s_um,s_norm,score,merged,mitotic,crescent,post,cls,row,zone,r_um,off_axis_cut_um
1,2.6298860906627195,4.257328807438977,9.409367511816903,151.36132544999998,3.306045078393852,0.7407206509104998,0.1333851333851333,0.5743574417214584,0.9987307166569028,0.1184379165440532,0.1997327423720381,0.899567021349304,162.18679403454286,0.0,0.2322336644326445,True,False,False,False,pachytene,0,off_axis,127.81675917427283,18.1
245,4.827561837455738,1.0213397968197415,13.806679394876834,31.865048351999995,1.9667175391796408,0.5343786808009423,0.0,0.606798418972332,0.9943103786541104,0.1315270944931443,0.1154274751087347,0.920377407917168,165.94321375139015,0.019914272710761,0.0,False,True,False,False,mitotic,1,off_axis,127.89438379145527,18.1
510,6.7034075723826,8.234458240534847,7.310362561247686,63.19525931999999,2.4709576212796294,0.7125835189309577,0.4580008399832003,0.3323001420637995,0.96748799496182,0.2872198587557773,0.2717268017447251,1.0804191430212502,157.98002696330974,0.0205311619342753,1.3782745837504546,False,False,False,False,pachytene,1,off_axis,125.9520479523805,18.1
2,1.6452842546502209,9.090163479172125,13.150498447734345,35.815338504,2.044843852962181,0.632761330888132,0.1898569570871261,0.4481897627965043,0.9946414499605988,0.080556218211078,0.0680501207811218,0.9001369616414614,157.85530929066726,0.0209465492361131,0.4236084195732257,False,False,False,False,pachytene,1,off_axis,121.70605151266793,18.1
390,5.456044916931058,5.386620405909013,16.27257715035153,50.971410162,2.300096267266811,0.6565419485480234,0.2332271653138806,0.4833177006565724,0.986438788779491,0.2582799637995078,0.2861654088684232,0.9549840221701354,161.91749935096811,0.0254037979223163,0.4825545702072335,False,False,False,False,pachytene,1,off_axis,122.8994525093281,18.1
494,6.629590506434523,10.24346037773719,12.921839027244395,70.17394886999999,2.558757344611042,0.6200233996322915,0.402899616536219,0.2929532858273951,0.601339243610299,0.931476528314404,0.1184963542083274,1.095204631764199,156.68255658240685,0.027105146008887,1.375303285635796,False,False,False,False,pachytene,1,off_axis,120.92130123223451,18.1
413,5.8573562845078175,1.3893810165637714,17.778962747645174,28.890601848,1.9035136404267543,0.6006008444300097,0.0797006548175864,0.3964220369993901,0.8808221761267208,0.4192739499892682,0.2790578449562775,1.0382047378542274,166.07071570269318,0.031866278375294,0.2010500107936963,False,False,False,False,pachytene,2,off_axis,125.38891074370379,18.1
512,6.81154499151114,12.626465322580591,11.784750000000232,5.526652968,1.0967926427955352,0.4121392190152801,0.2192784667418263,0.1472924187725632,0.1481481481481481,1.5361554918259812,0.1180020937974486,0.9903372357347894,154.17691495984096,0.0326610640380429,1.488728806065831,False,False,False,False,pachytene,2,off_axis,119.73043024432806,18.1
282,6.823060188542306,11.275486827411113,16.29145748005763,64.69655723999999,2.4903717841153217,0.7240391588107324,0.3430864836872087,0.355669425831034,0.9691022964509396,0.2913295984980766,0.3791884650154038,1.1090896837771642,156.07644929867365,0.0361595833600796,0.9646218054463782,False,False,False,False,pachytene,2,off_axis,118.08282917055472,18.1
3,2.618863625575422,14.99155529026425,11.489927260644574,148.25551537799998,3.283276184744951,0.841236689292891,0.1128989479267968,0.604644209687064,0.9998156833029552,0.0858868399588792,0.3019269846735116,0.9576799051154914,151.7935202482442,0.0369971997071164,0.1867196379590374,True,False,False,False,pachytene,2,off_axis,118.06761910269067,18.1
218,3.547523719636533,13.88360702399322,15.893631568227716,47.222856918,2.242269878206313,0.719934429486861,0.2567888215133139,0.464349059950337,0.9934601153084932,0.1159130216057082,0.2064954825499648,1.0993033930492602,153.43912509640862,0.0393952717858347,0.5530081648938365,False,False,False,False,pachytene,2,off_axis,116.22543058489171,18.1
527,6.340492476060184,15.195639010487694,13.394779069767251,30.865746924,1.945939769422636,0.5753153974768201,0.4430934821606538,0.2292412312097351,0.4385272846811308,0.8159240877686312,0.0796908338702744,1.1075559902712606,151.82728027624535,0.0430433667693158,1.9328699284260216,False,False,False,False,pachytene,2,off_axis,116.71647867101578,18.1
265,4.763838708007827,11.234066240487904,18.6377466432014,45.318085182,2.211707279549217,0.6819193540038304,0.1548617796726722,0.5077298616761595,0.972119462239466,0.4602454000950358,0.6003914393601437,1.033802846913466,156.40857138433816,0.0435011697990821,0.3050082166950547,False,False,False,False,pachytene,2,off_axis,116.74895956927818,18.1
227,3.978084924480016,1.343240980336173,21.79208803790242,32.925340008,1.9882937760818007,0.6803932744371616,0.0457349500106359,0.4335711101203745,0.9934325744308232,0.3167788410799714,0.43371698930807,1.083675351090153,166.61426637012292,0.0468613612613073,0.1054843114384128,False,False,False,False,pachytene,3,off_axis,123.2941365456849,18.1
496,6.44923234390982,16.51092804503589,13.471655373592563,4.583650211999999,1.0304832881295205,0.4539406345957011,0.3151476251604621,0.2080599812558575,0.3924528301886792,0.667711626660774,0.4168292766955856,1.0019418948431302,150.53168339772026,0.0470430954274865,1.5146960182261853,False,False,False,False,pachytene,3,off_axis,115.64047855168596,18.1
228,4.868460951411785,15.91778577969932,5.291861439837014,46.10626659,2.224455809544031,0.7269905876367336,0.2847240735803785,0.4234066343645173,0.9963143831198746,0.0727113767255901,0.081460608201138,1.065701017733293,150.10566677578979,0.0481190477325243,0.6724601139226722,False,False,False,False,pachytene,3,off_axis,121.37471500991208,18.1
493,6.70606759718516,1.6605104683354153,22.567607469142047,40.671098964,2.1333679488322077,0.5591186988118584,0.1213793103448276,0.5262951334379906,0.9701556475796088,0.3982342423867078,0.2915097010459556,0.9943070399276016,166.39563822304757,0.0483476041698909,0.2306297410578827,False,False,False,False,pachytene,3,off_axis,122.6208984863217,18.1
534,7.087441555603032,9.30603420144184,23.172265044789164,107.36625906,2.9484452700448047,0.7413152720122351,0.4441053570590169,0.313597972972973,0.9677784770295784,0.2014903450138811,0.2283850057797443,0.976896526773061,158.8841527087095,0.0528155828864591,1.4161614402312843,False,False,False,False,pachytene,3,off_axis,115.81262189121708,18.1
197,3.5499460214643666,17.658092512859472,7.537754277005414,36.93896616599999,2.0660082069550354,0.757160093986156,0.2553067185978578,0.4691422594142259,0.9980418427290528,0.1027390581528505,0.1866060162444431,1.1110016571406731,148.6573676277531,0.0534340286604176,0.5441989364092576,False,False,False,False,pachytene,3,off_axis,118.58322432410287,18.1
441,6.410204081632999,16.81041440816306,16.749736938775282,17.241468299999998,1.6026125753500982,0.5537414965986395,0.380547686496695,0.1265243902439024,0.6138014527845036,0.3626687862406209,0.2023516250769627,1.0400476543078128,150.64110568211095,0.0535478265820671,3.007702196889541,False,False,False,False,pachytene,3,off_axis,113.37859988755115,18.1
442,6.274932215922993,18.876046660093344,12.799794675868515,9.516821346,1.3146226253277926,0.5814641360611289,0.3341176470588235,0.2561837455830388,0.878133102852204,0.464342933114819,0.2230675824012706,0.9949914176887258,148.10149445687196,0.0541615724466233,1.304210953346856,False,False,False,False,pachytene,3,off_axis,114.23511930406117,18.1
283,4.7271242343331865,14.265595099733869,20.80125005889836,59.742274104,2.4251077914492845,0.6024030155489242,0.2455669795857546,0.5279478570017776,0.9929753211941954,0.043899181424222,0.0350039380106592,1.090335629950503,153.66880193663818,0.0557942506633631,0.465134911201899,False,False,False,False,pachytene,3,off_axis,113.0246579325432,18.1
263,4.406430828325592,6.189297026206417,25.27072240257743,37.863202698,2.0830974104752924,0.7186667492720402,0.3227442207307979,0.4186302576524994,0.9927998111425872,0.1969385018401111,0.2779859880414426,1.113492800912888,162.2371036566467,0.0561771927965136,0.77095292285037,False,False,False,False,pachytene,3,off_axis,117.34679994798998,18.1
466,6.845724755700319,16.627269014657756,19.15781140065164,11.522461535999998,1.4011529728356358,0.616042345276873,0.1789290378754897,0.2608695652173913,0.7040072859744991,1.023457976253061,0.3222136453650535,1.140171400472192,151.12152168105817,0.0567022056677708,0.6858946451893774,False,False,False,False,pachytene,3,off_axis,112.07324563744012,18.1
284,4.724877636110863,17.324675545349564,20.011410792193686,38.82028012199999,2.1005032210851766,0.6046891050818781,0.1870262209519075,0.5250687863038827,0.9969644978223572,0.2006892767900082,0.2134361972516509,1.0763006829529416,150.5353765835525,0.0579849712402134,0.3561937518100085,False,False,False,False,pachytene,3,off_axis,111.00498359629046,18.1
548,8.570524370524568,1.0542300762300825,25.547129417880186,20.309745924,1.6925387755646626,0.6458766458766458,0.0,0.4220482713633398,0.8261390887290168,0.5426143200621818,0.3517701462076666,0.9179372283373352,167.36680105733345,0.0597314764772949,0.0,False,True,False,False,mitotic,4,off_axis,121.6348947822718,18.1
229,4.343738765728013,20.01375564409914,5.176876267225937,39.15103481999999,2.106451894169652,0.727621330137807,0.2777248172863044,0.3438187417509898,0.9834902776079246,0.1390810679153621,0.218000448327757,1.1506183692223009,146.02706434029344,0.0618164745855356,0.807765207539053,False,False,False,False,pachytene,4,off_axis,118.42210252380775,18.1
309,4.549699157641364,15.661378989169748,23.23442916967514,9.74670759,1.3251237644409994,0.608904933814681,0.1915422885572139,0.3723076923076923,0.967877830437072,0.5603393484427417,0.5701582786132424,1.0639848675382295,152.58559518769079,0.0651081590325534,0.5144730890999547,False,False,False,False,pachytene,4,off_axis,110.488564084086,18.1
443,5.518462623413232,21.747128801128238,16.644824047954074,33.263132039999995,1.9950701776036373,0.764033850493653,0.3350556438791733,0.3496712492528392,0.9893517435057336,0.3625864815228232,0.5623487919485268,1.001737929508606,145.72950036374965,0.0669434885810233,0.9582018670253964,False,False,False,False,pachytene,4,off_axis,109.57406212870373,18.1
445,5.397883536014989,20.860217416978895,19.906944404818898,40.122186912,2.1237268728899177,0.7943171188026192,0.2593684210526316,0.4269471290505969,0.9978827913279132,0.2629140688004537,0.5951878734015995,1.027677398056033,147.01417914150832,0.070168063269389,0.6074954096292662,False,False,False,False,pachytene,4,off_axis,108.24364220628551,18.1
333,6.547182131267634,15.847858318236906,25.05970328867484,117.83546627399998,3.0413224781007053,0.7895606473831943,0.1394496906545099,0.6510263929618768,0.9998314275278848,0.1052211845362728,0.2550809710872601,1.0180733576749583,152.62695326589574,0.0709296496505479,0.2141997500594049,False,False,False,False,pachytene,4,off_axis,109.30867660323538,18.1
444,5.849597780859986,22.069306907073305,18.17513331484017,25.36958907,1.8228108617808327,0.7318539066111882,0.3919060599706437,0.2106896551724137,0.9498865025318666,0.3510370186029243,0.3161365590298468,1.0739015244297354,145.59962166061646,0.0714219684510423,1.860110595605347,False,False,False,False,pachytene,4,off_axis,108.36163031933577,18.1
217,3.324176663031261,11.243990627044491,29.93291240185337,86.04313703999999,2.7386878948939803,0.8024809160305344,0.3965014577259474,0.3737750172532781,0.9970256796950274,0.0783903180190209,0.1317686957162648,1.1285239651248338,157.7997165221336,0.0797314175201466,1.060802459831791,False,False,False,False,pachytene,5,off_axis,110.61884893126735,18.1
196,4.6696884308832205,4.23570620723035,32.29478796393344,29.136908538,1.908907805561744,0.7990499959745592,0.0613012410680706,0.6434294871794872,0.997741899062888,0.2640202641786877,0.6488036099014398,1.0199777935133216,165.0468367141076,0.0808626147612711,0.0952726635777735,False,False,True,False,TZ,5,off_axis,115.60386981576026,18.1
244,5.107750742732651,1.7174495919668935,33.78711151517444,62.376582798,2.460241027137482,0.7620247452145463,0.0957416404687053,0.4470606826801517,0.998101791434334,0.1953321953756436,0.3814750066400776,1.0942286750861323,167.73074699692077,0.0866946130891038,0.2141580420240253,False,False,False,False,pachytene,5,off_axis,117.16950128926227,18.1
247,3.762361738588417,22.601850630938824,28.234862237108203,45.17264694599999,2.2093387510713014,0.6914368800955497,0.278883495145631,0.4516997643890946,0.996333638863428,0.2269061831204396,0.2314015370906146,1.0636695164333478,146.31894611195492,0.0912071777829188,0.6174089896256854,False,False,False,False,pachytene,6,off_axis,101.93645367857707,18.1
280,4.680213303396204,3.888276996912862,36.05370527083856,41.79003507,2.152755506434315,0.7971933763682291,0.0839249492900608,0.6410185441461389,0.9993795082602964,0.1229007626226855,0.3173004899415472,1.104220515965621,165.85781934373452,0.093635859554958,0.1309243703734844,False,False,False,False,pachytene,6,off_axis,114.22206506297151,18.1
525,7.216434229611017,7.711339406449108,34.26828648331958,42.050416428,2.1572173136048383,0.6002454535311837,0.2140820355341083,0.5013954786491767,0.984680043383948,0.2294671353163741,0.1574318817675094,0.9624268986095948,161.84282514801552,0.0968987832825683,0.4269724093062678,False,False,False,False,pachytene,6,off_axis,111.60945871173415,18.1
246,3.753012967200503,9.967927424748812,35.1702454849494,39.979094454,2.1211991668614294,0.7120225312444992,0.1994780623063121,0.4920537897310513,0.99799759711654,0.083526774632645,0.114082920499345,1.1498539499773162,159.7155370259771,0.0980289422041957,0.4053988943268654,False,False,False,False,pachytene,6,off_axis,109.19187191386976,18.1
477,7.527401386218067,3.165353115360727,36.73149127263535,64.642604346,2.4896793200028977,0.7629640381754182,0.1957645900024625,0.5332210655235763,0.9985775248933144,0.165036816328454,0.353042044743619,1.045433918182915,166.65922972478782,0.0984054844165915,0.3671358891461627,False,False,False,False,pachytene,6,off_axis,114.58047034398622,18.1
264,5.399078871617876,7.550351073278822,36.21498914384369,28.522314702,1.895390586486979,0.6769471173616252,0.326705519369215,0.4394093686354379,0.9961214165261384,0.1281823213430752,0.2242757795282746,1.0621779558527815,162.24402905725162,0.0984078667086656,0.7435105910094302,False,False,False,False,pachytene,6,off_axis,110.86623838732103,18.1
541,7.557075836639489,16.641010148315377,33.18782894368644,142.503667722,3.240254663276384,0.8010666842252547,0.4380899242107221,0.3165080678527099,0.9953281943471152,0.106849636933274,0.1905039958822092,0.9754524544106704,152.84809616036102,0.0987737576572946,1.3841350938788437,True,False,False,False,pachytene,6,off_axis,104.31678441836559,18.1
281,4.483403095493043,6.037980648301399,38.37559317628864,24.098177394,1.791837119902541,0.7208215711087316,0.0739425250242169,0.6345885634588564,0.9957440100882724,0.1684441542873118,0.2748358438569459,1.1183639935404628,164.01271071906945,0.1023320956119515,0.1165204185546451,False,False,False,False,pachytene,6,off_axis,111.28054646864038,18.1
350,4.805164131304959,26.039574539632948,30.2090161529216,35.158520663999994,2.0322665143299474,0.7363223912463304,0.227672464334571,0.4597672064777328,0.9985693848354792,0.1473205383151605,0.2111041683596649,0.943899546151853,143.15263238809425,0.1050772486361422,0.4951907424602227,False,False,False,False,pachytene,7,off_axis,97.98540035773773,18.1
349,6.14273102250494,23.439379423257236,31.540221774368565,64.832612364,2.4921162901506597,0.7032346768941313,0.2187827412134488,0.5253596683735674,0.9959011143845268,0.1669228561808472,0.2227195287948527,1.020711476099481,145.89786421315264,0.1052781766272938,0.4164437325209347,False,False,False,False,pachytene,7,off_axis,99.40149484750225,18.1
348,6.306904450261468,11.200305554646066,37.3364427192416,57.34958054399999,2.392290297191688,0.5367719240837696,0.1636511335942693,0.6290507726269315,0.9919861381849686,0.1934435779890544,0.1456059159212334,1.0510453272327005,158.7613591709576,0.1067396539654516,0.2601556833176726,False,False,False,False,pachytene,7,off_axis,107.10262536166815,18.1
465,6.4437817926683465,5.18317417119821,39.98206710226289,26.746560756,1.85521015169968,0.5776179617610946,0.1663493162541111,0.5128737541528239,0.981501169466298,0.2339088678159042,0.1635680795740424,0.9521466080689448,165.06017484220322,0.1077494495829634,0.3243474927448579,False,False,False,False,pachytene,7,off_axis,111.38223710219715,18.1
347,5.435770893371909,1.361142957492771,40.16933218659934,26.047518912,1.8389048190073705,0.5119776657060519,0.2982387982387983,0.3007935043365934,0.768688293370945,0.5024059438195043,0.0903030011824778,1.1154929723571902,168.87591923470566,0.108352107467724,0.9915067777030968,False,False,False,False,pachytene,7,off_axis,114.80044979492882,18.1
414,6.297046287295058,8.791015419128263,39.4826345173114,31.370089194,1.956481360632074,0.5858072235100575,0.1794074074074074,0.5091171691641091,0.9750974080975776,0.2735031498297158,0.2537668299526597,1.03398223641423,161.41824680106754,0.1106187411040491,0.3523892303651169,False,False,False,False,pachytene,7,off_axis,108.31855778787124,18.1
476,8.272459061700406,2.047351150417821,40.67381113452608,67.90088998799999,2.5308259903022488,0.7382021695571064,0.3812867406923579,0.3652678807073106,0.9898285929553589,0.2341453722748631,0.3234256712453595,1.0078249915566,168.25758293845846,0.1123639963191265,1.0438551015053064,False,False,False,False,pachytene,7,off_axis,113.97023496782616,18.1
478,6.239512316496849,18.634552326449956,36.50179955710391,47.13840891,2.24093247351811,0.6896740482707141,0.2399756246191347,0.4320076972418217,0.9949420636380356,0.1855609909523778,0.2217221863140391,0.9601879239300288,151.28099582617418,0.1125983196906973,0.5554892335281826,False,False,False,False,pachytene,7,off_axis,100.93890055437218,18.1
298,5.008755760368642,14.84831458389788,38.828353645975255,17.307150084,1.6046450601854854,0.6165627541339116,0.0522613065326633,0.6415694591728526,0.9937425506555424,0.1172376220584315,0.1074458764458836,1.0374187406245825,155.32656929300748,0.1190994837695255,0.0814585323310769,False,False,True,False,TZ,8,off_axis,103.17521732191152,18.1
391,6.543237090304473,21.75021934376438,37.253947660174966,64.91471459399999,2.493167828813041,0.7109095508257146,0.1981557582439611,0.575625,0.99889387328704,0.1175469183996405,0.1863734782252188,1.017391362317466,148.2826808640228,0.1211330138225865,0.3442445311512896,False,False,False,False,pachytene,8,off_axis,97.85759684019959,18.1
367,5.688045118754795,25.61999134959149,37.68127692429985,29.530999242,1.917475591852203,0.5086980697434268,0.2701203681850366,0.3854486661277284,0.5784786641929499,0.4534026487102976,0.0680608629803659,0.9943003869799109,144.4957953865726,0.1253894338893773,0.7007946632652899,False,False,False,False,pachytene,8,off_axis,94.30020284765746,18.1
543,8.098125440451472,20.325040317125456,40.39916655391077,33.28658982,1.9955390542783864,0.6813953488372093,0.3342659402149904,0.431320504313205,0.991055741894266,0.099809861977699,0.1318913322327773,1.0139735440594306,150.08697087322238,0.1262354620416909,0.7749827260061394,False,False,False,False,pachytene,8,off_axis,97.59124503628554,18.1
219,3.748558152248165,21.303173923739305,38.98153189831971,17.164057625999998,1.60021050902621,0.6132294656279896,0.0557223890557223,0.6378091872791519,0.9927470534904804,0.1167396711358126,0.1041830616529662,0.9946370603308996,148.94055459665861,0.1270447365388563,0.0873652969682516,False,False,True,False,TZ,8,off_axis,97.40190145382896,18.1
101,2.4393808370805967,29.22813211691337,37.47589262366058,27.126576792,1.863955161186956,0.5460048426150121,0.1999390429747028,0.5036190476190476,0.7208081868276043,0.5561627046983303,0.0817943965618393,1.1202306256477916,140.89004233987185,0.1330967786478657,0.3970045293559721,False,False,False,False,pachytene,9,off_axis,91.32682157536762,18.1
154,3.253712320453148,34.317099656078845,35.363280285250575,23.190361308,1.7690480747898452,0.4460853732551082,0.1392643822697264,0.4671292914536157,0.4948770491803279,0.7579076417050936,0.0144750539988984,1.2083777550148451,135.57833512475938,0.13848686882368,0.2981281303006342,False,False,False,False,pachytene,9,off_axis,88.24655953462236,18.1
6,1.4135261044176348,21.98800836947756,41.53111596787053,43.80740415,2.186853231149759,0.6803748326639893,0.2303030303030303,0.5037694756240576,0.9966894489534388,0.1281590130911446,0.1490523365306875,1.0078271308662752,148.5772455103207,0.1387710167571113,0.4571595569932784,False,False,False,False,pachytene,9,off_axis,95.59259404857583,18.1
9,1.9127515460882367,27.0190480121729,39.8045077942478,23.896440486,1.7868230048508091,0.4176892117404535,0.0864007392576621,0.5279838165879973,0.7302661253946775,0.6106616761913224,0.1171452417236949,1.0903198877345002,143.37089678944983,0.1389462707122687,0.1636427794624686,False,False,False,False,pachytene,9,off_axis,92.01888738306904,18.1
153,3.7331120882769175,28.36806767609691,40.62723591636887,28.273662234,1.889866610200777,0.4731602090765784,0.1546858359957401,0.5077165354330708,0.96177750155376,0.3907337440597311,0.1763007764402598,1.044261592983578,142.13434128595267,0.1405415167801857,0.3046696831801954,False,False,False,False,pachytene,9,off_axis,90.4392051865934,18.1
415,6.489001435420116,23.229638715705278,43.458913089402856,86.61316109399999,2.7447223998506622,0.8211412940443625,0.194437667723835,0.5640520896426409,0.9994834138961662,0.1526997059011608,0.4270986937883146,1.0111999536297789,147.5843169910137,0.1408228736398995,0.344715800710928,False,False,False,False,pachytene,9,off_axis,93.60486655180276,18.1
285,4.698061897514022,37.04033631659087,37.635244535769374,23.11764219,1.7671970426108543,0.5384069000507357,0.1662390029325513,0.4671356342053198,0.9539588419951168,0.237438354143968,0.1376451332466818,1.1601528611244771,133.15793011628696,0.1514442008098673,0.3558688114542005,False,False,False,False,pachytene,10,off_axis,84.71354196002535,18.1
4,1.1120736196319072,17.627160478527056,47.60091960736074,19.1180907,1.6587666791227496,0.5250306748466258,0.1053847931592327,0.5853784551795401,0.9982357092448836,0.0652139733198378,0.0536222267779532,2.1396215152917124,153.6572848796571,0.1529132949617319,0.1800284793995543,False,False,False,False,pachytene,10,off_axis,96.92092690527778,18.1
394,7.022489560548757,35.1522332272806,38.360510359913626,23.593835124,1.779248644481581,0.5465301252734143,0.1910251862362539,0.4665643499232624,0.9106671692423672,0.2332524749001092,0.131983783262481,1.0862225629772455,135.12141119476863,0.155023529743958,0.4094294522667078,False,False,False,False,pachytene,10,off_axis,85.86829324064567,18.1
155,3.827471862724293,41.58269715006218,27.72956121018048,275.326309638,4.035707681711203,0.7805846418621295,0.2113612004287245,0.558032073933134,0.9998710309783588,0.1360563663435041,0.3494529336504316,1.086782648983594,127.42199715096854,0.1554554644721004,0.3787617420249768,True,False,False,False,pachytene,10,off_axis,87.28605441433737,18.1
11,1.1579896447063245,31.65443098553908,45.21058039635873,26.277405156,1.8442988239297589,0.458935904302803,0.1706349206349205,0.4911730737502062,0.4848355403673643,0.5512777773183072,0.0330571973301294,1.8238397100835728,139.44184959525614,0.1608665429383395,0.3474028397609182,False,False,False,False,pachytene,10,off_axis,85.33149624179953,18.1
5,1.578449181340679,19.39294676552462,50.27708895273455,37.96641693,2.0849885185776698,0.7523632993512511,0.2057074910820452,0.3310878243512974,0.9910526897161162,0.0697601311440001,0.1395792019564537,1.611961997625355,152.2370721665343,0.1638763158287426,0.6213079308642331,False,False,False,False,pachytene,11,off_axis,94.2577867961589,18.1
558,9.33201699001292,33.07175661806964,43.94775707725956,20.434072158,1.6959853811219583,0.5394329009298588,0.0173891746265001,0.4077766699900299,0.9597970335675252,0.1982634027922812,0.1447754606546682,1.2079906259564883,137.87883477077935,0.1676313821909342,0.0426438683383365,False,False,True,False,TZ,11,off_axis,84.70667181684594,18.1
10,2.0171334769672566,30.96568888888902,48.43221111110934,22.864298166,1.76071780188255,0.6432748538011697,0.1193009118541033,0.5404083980442911,0.9967546516659456,0.0862885320838333,0.1282509599432377,0.9492932986628208,140.5248672511719,0.1689744878961558,0.2207606548785083,False,False,False,False,pachytene,11,off_axis,84.45983624663346,18.1
359,5.6984333744059095,23.61187826086861,52.37926354515034,13.326364817999998,1.4707573574865451,0.4219327583171977,0.0445155659004946,0.4765529841656516,0.8045178105994787,0.5468273340132247,0.103724251510495,1.088245860003647,148.3114624479644,0.1711524014127929,0.0934115772634022,False,False,True,False,TZ,11,off_axis,89.55797171035682,18.1
12,1.768491996630127,32.36445593934383,50.08682258845956,22.275507888,1.7454724637415666,0.619418702611626,0.1047807778053009,0.4640287769784172,0.9916407929304992,0.1272432307555135,0.0977798903152738,0.9875695130956396,139.34213094777098,0.1763537947541081,0.225806637440881,False,False,False,False,pachytene,11,off_axis,82.47673334692259,18.1
446,7.605885681946903,25.64438580645241,52.65139032258033,20.72494863,1.703994875992663,0.5254102999434069,0.1237199582027168,0.5025041736227045,0.989059829059829,0.1678777330148922,0.1481972527700334,1.0938147477330449,146.32840334884114,0.1806288350094612,0.2462068271210212,False,False,False,False,pachytene,12,off_axis,87.57282562895385,18.1
535,8.535235864125804,24.080818102438258,54.26712222340368,22.029201198,1.739015208202622,0.6150569694388244,0.2558666117743927,0.4810511756569848,0.9963206307490144,0.1670087120478688,0.2202250389402195,1.2373961383100172,148.08030386776431,0.1827911684540242,0.5318906276966243,False,False,False,False,pachytene,12,off_axis,88.43053906484835,18.1
334,5.610820186668825,34.0645497893777,49.53384556041972,28.400334246,1.8926847403784,0.7513009003056084,0.204701531959852,0.4762537363002325,0.9932664756446992,0.2240737592062093,0.4131925927437365,1.0879045985070908,137.58657707313856,0.1833945991524433,0.4298161176646545,False,False,False,False,pachytene,12,off_axis,81.19480636103731,18.1
266,5.0140244402527,13.528475740179342,55.63935815631958,28.602071154,1.897155624891276,0.485360452718773,0.2004332313965341,0.4393625498007968,0.5455218356772761,0.74430030112214,0.0400591532246583,1.3709766782205102,158.72136466107526,0.1861769625998078,0.4561909782420209,False,False,False,False,pachytene,12,off_axis,97.9243956108439,18.1
198,3.968600744574485,20.753064941433365,57.19586251702634,25.834053114,1.8338676083043448,0.5511668028693362,0.193900848010437,0.4477038235889136,0.6205827650340979,0.6635919364272217,0.0857421694300268,1.1297589117107631,151.74562523359364,0.1884006792636725,0.4331007192569319,False,False,False,False,pachytene,12,off_axis,90.57554305549726,18.1
8,1.2042687890024764,25.99346920502925,54.51900553495375,25.937267346,1.8363066334790843,0.5703174459618341,0.2512214342001576,0.4630604083350873,0.979316288422867,0.1460142237109615,0.0881464164283655,1.1132106988488113,146.21366477248682,0.1896482328851372,0.5425241063113404,False,False,False,False,pachytene,12,off_axis,86.55550822513393,18.1
532,8.302649253731227,36.55962506529831,49.94910159514976,25.14674016,1.81745790880044,0.6159514925373134,0.2204128006059458,0.4097643915472431,0.9522905936568176,0.3962266611941536,0.3218915742861772,1.2058500815418736,135.16227524816156,0.1913753249547375,0.5379013041462234,False,False,False,False,pachytene,12,off_axis,78.78153122465706,18.1
514,7.977771078283413,21.400693819716675,58.174524208622536,23.342836878,1.77291674521585,0.6020500452215858,0.2422502870264063,0.4174242424242424,0.9728395061728397,0.1131757162144929,0.1222352526173508,1.1089445629157673,151.224385468522,0.1935128235456119,0.5803455151993765,False,False,False,False,pachytene,13,off_axis,89.65406459386855,18.1
531,8.307218167072318,30.27024525547402,52.20509210983667,20.246409918,1.690777547679123,0.4194183756227552,0.0180286106212032,0.5483935342247056,0.664637857577602,0.740400380127528,0.0862455813565702,1.0108351358449292,141.68290887642482,0.1939045438819727,0.032875315801619,False,True,False,False,mitotic,13,off_axis,83.49096626375466,18.1
13,2.0340725619374425,32.10730717268388,55.808385830936736,25.280449506,1.8206734570140333,0.4883548297299805,0.118747003356241,0.5134203844758796,0.5909257226491036,0.6617088411324651,0.0503265310302437,1.3456642337485214,140.30696655816791,0.1942303462599718,0.2312861096807887,False,False,False,False,pachytene,13,off_axis,80.39657487171901,18.1
545,8.51698304226795,28.74893534548144,56.481040318908256,18.536337756,1.6417679564755054,0.455960516324981,0.0429652715939448,0.500581530588509,0.5414997137950772,0.7100753953901199,0.0367244145366664,1.1402071271994962,143.72283714496513,0.1953541640470699,0.0858307168133683,False,False,True,False,TZ,13,off_axis,83.28030490048816,18.1
542,8.60003887269229,16.71280548104884,57.762420699709125,24.13805562,1.7928249664847442,0.4247813411078717,0.1125937031484257,0.4184828518330799,0.5229813664596273,0.6976897741387462,0.0388318706986769,1.2064049185515826,155.8249582061347,0.2023474750504288,0.2690521311810787,False,False,False,False,pachytene,13,off_axis,94.2455366089567,18.1
393,7.1118889143906925,31.03908573559819,58.07814316043178,20.441109492,1.696180053458508,0.4053247647463851,0.0,0.5040524893863373,0.6184459886291851,0.7788605578186528,0.0578944308197601,1.197745638410617,141.6484678055651,0.2059304398539802,0.0,False,True,False,False,mitotic,13,off_axis,80.57653747950106,18.1
230,4.536086662152985,41.28158429248351,51.08150244414464,34.64714106,2.022365268900729,0.547867298578199,0.241394978984437,0.382000598981731,0.9590143324113654,0.175258640780933,0.0980606467630178,1.3349618034508928,130.61723661103542,0.206007119619868,0.6319230378902668,False,False,False,False,pachytene,13,off_axis,74.07202584290472,18.1
557,9.27304598886411,24.372681604454385,61.08432683027368,11.374677522,1.3951369076465945,0.5473293462569602,0.0,0.5571753986332574,0.969097651421508,0.3848421105516347,0.2318405055756807,1.1234526323013774,148.63626433574697,0.2060141338635039,0.0,False,True,False,False,mitotic,13,off_axis,85.94777718822387,18.1
511,7.6845002905287005,10.9040983439855,60.40876146135812,32.296671503999995,1.9755577016403172,0.487361998837885,0.2385370590139173,0.3920374043638424,0.5236376759292675,0.6346108112300719,0.0373035225686362,1.2207353030440071,161.9170479645552,0.2066939128788825,0.6084548473148639,False,False,False,False,pachytene,13,off_axis,99.09084692437673,18.1
121,3.0705963342224902,7.136029679029262,56.37803881765911,27.260286138,1.8670126775072848,0.4574477239480251,0.1293841480254073,0.4315622521808089,0.6796573875802998,0.7189116245199983,0.0799552472085552,1.435640571288459,165.15606952541535,0.2089222372640441,0.2998041357222319,False,False,False,False,pachytene,14,off_axis,103.81024448724271,18.1
152,2.9687148132453736,11.97101481324508,62.29456123252021,38.749906782,2.0992331904103025,0.5592348205097161,0.3084156534954407,0.4053014695783546,0.5244893476828465,0.490786203146084,0.028818612786577,1.3967434646442405,161.09227502991192,0.2103177523900263,0.7609537014911231,False,False,False,False,pachytene,14,off_axis,97.58699019389178,18.1
7,1.9686290654590664,24.72170208316172,62.38822806916552,28.48947381,1.8946628495805475,0.4857966241251543,0.0997549372927778,0.5072858286629304,0.547045229448663,0.719146079339359,0.019374502584807,1.177737770808172,148.45166808030214,0.2115265146896604,0.1966444392024613,False,False,False,False,pachytene,14,off_axis,85.24487131104205,18.1
113,2.3822830258760628,19.882965544138894,64.50556903553355,37.893697812,2.0836565042823056,0.5250092856258513,0.2265900614857373,0.3955428124592727,0.6308378314949542,0.535888841463678,0.0928648907527932,1.3179937261896213,153.51566312401891,0.213880792483913,0.572858498115342,False,False,False,False,pachytene,14,off_axis,89.37547418194225,18.1
323,5.680344307391796,24.774607667050997,63.84220129559063,26.434572282,1.847968480539456,0.5066110568817108,0.1316570357644854,0.4834532374100719,0.5765796703296703,0.6981391789030168,0.0663479633149153,1.1639299408143768,148.57951422309367,0.2153167375543142,0.2723263090961826,False,False,False,False,pachytene,14,off_axis,84.80426853175037,18.1
509,8.05351679014699,5.25779670932409,56.372416453382925,24.379670754,1.798787008609356,0.4450110651399981,0.1798663443765107,0.4256241331484049,0.5398899587345255,0.7574548049107864,0.0921933263016969,1.2148996957867322,167.01910118010724,0.216095300859103,0.4225943276430606,False,False,False,False,pachytene,14,off_axis,105.61384862936308,18.1
554,8.977465462591965,6.617096967884603,60.170161306140336,39.223753938,2.1077552618745066,0.6366246037916392,0.178141485188692,0.4432192231731402,0.9937125748502994,0.1585881356786156,0.1322290803808189,1.2553583745290402,166.14134988057577,0.2171896981588948,0.40192635128351,False,False,False,False,pachytene,14,off_axis,103.29863041834233,18.1
530,8.35338233727543,29.49946861617012,63.85599667625515,22.019818086,1.738768267916267,0.4049217002237136,0.0433293372152765,0.5186179735051916,0.5247148288973384,0.884425845161291,0.0460779262547456,1.3222965138343843,143.8928503391137,0.220064138841815,0.0835476968189626,False,False,True,False,TZ,14,off_axis,80.24765221470514,18.1
114,2.661677401288203,44.60266959535258,54.32188947773628,33.507092951999994,1.9999357652641052,0.5434052086250349,0.2040517451793996,0.4262496166819994,0.6163803833706746,0.5054119302118172,0.0855623993504621,1.3463062135469095,127.72371768399739,0.2202775160267522,0.478714202179872,False,False,False,False,pachytene,14,off_axis,69.629658344041,18.1
467,7.135392829900751,21.33785086956525,66.16075913043312,30.753149579999995,1.943570642417929,0.4961098398169337,0.2152530292230934,0.4429306690887072,0.4714941022280471,0.6679824290078292,0.0175430738088845,1.2404112869822277,152.2773136665585,0.220686446697416,0.4859745423949949,False,False,False,False,pachytene,14,off_axis,87.57572016456916,18.1
135,3.158369971782828,8.010774539012049,64.27144126255021,35.747310942,2.043548375351949,0.5899993437889626,0.3067021748779405,0.3823623559539053,0.9792060491493384,0.1319832561783694,0.0851433502699909,1.4638225340513216,165.26713563034332,0.2214064969475602,0.8021243987598878,False,False,False,False,pachytene,14,off_axis,100.99239692725462,18.1
497,7.947191550648331,44.71075120019356,53.719902208352,29.317533444,1.9128442361266944,0.5000800128020484,0.1742003700766587,0.4071702944942381,0.4856938483547925,0.6223232588328815,0.0424157661183836,1.4164391786963493,127.54180336744983,0.221788238085005,0.4278317265090268,False,False,False,False,pachytene,14,off_axis,69.80879687217326,18.1
513,8.063114882917027,13.262154526167476,65.63339127769862,29.852370828,1.924406164875044,0.4066478076379066,0.1330654420206659,0.4587471858032049,0.4710221285563751,0.825822507004951,0.0245156834196676,1.205538913723751,160.22523655552482,0.2261318453104862,0.2900626884232242,False,False,False,False,pachytene,15,off_axis,95.57140246044713,18.1
392,6.687033572905183,27.58295546913475,65.94918743723383,23.826067146,1.7850672574246935,0.4862656296150438,0.1219922598014471,0.5672671521655807,0.5612244897959183,0.6917948490811052,0.0501585374362763,1.553422890757138,146.05419229583038,0.227405727047724,0.2150525715013348,False,False,False,False,pachytene,15,off_axis,81.55497467139006,18.1
498,7.538468509288419,47.66367075215053,50.77559053013276,31.062792276,1.9500719154229809,0.4612596284549162,0.149904671115348,0.4255677039529016,0.5388749552131853,0.6706656111730398,0.0428368112449192,1.344150408024402,124.24648970677185,0.2291404463578881,0.3522463516919936,False,False,False,False,pachytene,15,off_axis,68.66069476292502,18.1
134,2.687634335464604,0.7095263229492638,56.44295158481912,17.243814078,1.6026852528965836,0.5580193170997143,0.0163487738419618,0.311788242536165,0.6099750623441397,0.6756240881964818,0.09647581087485,1.381308006963816,171.54099806812582,0.2303444928214221,0.0524355046520573,False,False,True,False,TZ,15,off_axis,109.96918010845462,18.1
122,2.6987519260400905,48.7985866178728,49.30792201848998,30.448198439999995,1.9371250801946065,0.6129429892141757,0.1512079743199864,0.5027866242038217,0.9894413515070072,0.1472844512205918,0.1563796554534541,1.5352572300220422,122.93829592697776,0.2321130108030323,0.3007398507456896,False,False,False,False,pachytene,15,off_axis,68.46110815333272,18.1
549,8.908358228772766,9.961220175263463,68.4603247161927,35.334454013999995,2.0356506984839458,0.5610436168094005,0.0974610974610974,0.544162129461585,0.9731428571428572,0.2273917021620215,0.1726388079556742,1.494614649360955,163.851318623156,0.2344348498295612,0.1791030506983813,False,False,False,False,pachytene,15,off_axis,98.25882298092885,18.1
136,3.0400842961993635,45.36488752997703,58.89126712448149,32.280251058,1.975222837021183,0.5804810696897027,0.2203916272788656,0.4434436168369998,0.974694589877836,0.1200814282114857,0.1011832285110212,1.339503794877316,127.53414723388707,0.2360046806470513,0.4970003376097231,False,False,False,False,pachytene,15,off_axis,66.98180696468168,18.1
544,8.664583462756966,20.79806736659057,70.83939532832169,37.759988466,2.081202862497303,0.5119587500776542,0.0912666281087333,0.529786150712831,0.9494568831744624,0.3314047801136048,0.1508760217589472,1.651888324052472,153.39324229381987,0.2374414584714309,0.1722706944791467,False,False,False,False,pachytene,16,off_axis,87.17277836928635,18.1
492,7.54276891405051,0.5231898867730402,63.43871765311459,9.115693308,1.2958866980323198,0.4338651569737519,0.0,0.3886363636363636,0.4761904761904761,1.1151715109393814,0.0327677483364912,1.305832074200647,172.59361357889836,0.241086621927044,0.0,False,True,False,False,mitotic,16,off_axis,108.48747239049172,18.1
526,8.46943572933667,9.010575214235809,71.59052955747977,50.09408918999999,2.286823387502841,0.6518379770545539,0.2458667207627548,0.4419636852723604,0.9915621183523926,0.1659120810156105,0.1822074082311748,1.95152252794756,165.18287671329193,0.2451599209461194,0.5563052552863914,False,False,False,False,pachytene,16,off_axis,98.6923051982067,18.1
495,7.957376377565452,15.675090605923696,72.39218972100335,57.25809520199999,2.391017541728886,0.6102667049039289,0.2379235760634462,0.4556922106590981,0.9860460045786548,0.118341874995246,0.1017619894247238,1.7276973577643988,158.66925923671573,0.2493127265337244,0.5221146433890576,False,False,False,False,pachytene,16,off_axis,91.98214324520625,18.1
536,8.664206642066471,43.38266521430623,66.19946630002677,33.056703576,1.9909345260655125,0.4995742265114958,0.197085278378686,0.3817356778218945,0.5281079344683585,0.5561076843008268,0.0847002017175448,1.436459718330935,130.40753312951915,0.2562017036463701,0.5162872894229176,False,False,False,False,pachytene,17,off_axis,66.27316293677669,18.1
231,4.498840756558923,49.31844413260115,63.7279312995738,34.602571278,2.0214977124033777,0.5822656091112467,0.2500912741876597,0.3638429081467056,0.5514144589133363,0.4932952390013996,0.0643438175151574,1.409265496031838,124.21103484002262,0.2564191906552956,0.6873605849885636,False,False,False,False,pachytene,17,off_axis,61.478896051819625,18.1
500,7.859674782758385,55.417286105136185,60.20620905101807,27.264977694,1.867119777044448,0.5636238492643896,0.1623451692815855,0.383872239747634,0.9758690031600116,0.1715274250151159,0.1169221286807842,1.475168836977352,117.72247299270686,0.264146443737538,0.4229145858223943,False,False,False,False,pachytene,17,off_axis,57.3235258915644,18.1
550,8.688215137068022,47.61432412097599,71.08224191746126,31.489723871999995,1.9589653202175423,0.5508045292014303,0.2874867068415455,0.3676616915422885,0.9722303420052616,0.1719396001225502,0.0878678375035694,1.3466866322618007,126.81418539239957,0.2780648507584609,0.7819327209086692,False,False,False,False,pachytene,18,off_axis,60.87657837463764,18.1
515,8.11577854118404,57.69707807781486,68.58025470160658,29.362103226,1.9138130748412856,0.5490932332028442,0.2112912241475685,0.3550673281360737,0.9651986449029872,0.1381104653039437,0.0676353079267045,1.2841356568293836,116.49895838441702,0.2913922585295203,0.5950736871700981,False,False,False,False,pachytene,19,off_axis,51.93593457673809,18.1
468,7.5698528222548385,48.10778658418072,76.1232782872402,29.007890748,1.9060860983386945,0.5826459647420346,0.2560184517803084,0.3543886843634954,0.97285675893577,0.1513401061585657,0.0856196925605216,1.488009107516543,126.94979711535296,0.2935766806046901,0.7224227608737954,False,False,False,False,pachytene,19,off_axis,59.36283335000441,18.1
499,8.009513576870342,49.4594294686464,81.17002489744236,24.016075164,1.7897998812956952,0.4869115061535456,0.1370133070478068,0.4407005520654863,0.3995444191343963,0.7767585849228092,0.0127888631946032,1.452333517025582,126.23456366021566,0.3113175987480059,0.3108988777201422,False,False,False,False,pachytene,21,off_axis,57.3958006615743,18.1
479,7.736070809380483,60.37359849438661,76.39831240076711,25.707381102,1.8308653640134984,0.5308878547312711,0.1397255689424363,0.4458276599883291,0.4963624338624338,0.8860335204917243,0.0695380370373038,1.1788887860522832,114.81281710019894,0.3193828928815459,0.3134071334786498,False,False,False,False,pachytene,21,off_axis,47.25159289984058,18.1
416,7.116803760281906,50.51156753819213,84.45470919506276,23.955084936,1.7882834964158756,0.5189972581276929,0.1875620244789944,0.4155130293159609,0.9489795918367347,0.1065658807098824,0.0782863714385269,1.5487555710933445,125.59796527562185,0.3229575190931352,0.4513986595986382,False,False,False,False,pachytene,21,off_axis,56.16703066238267,18.1
417,6.444889975550262,53.51663829828734,84.26893434718663,23.98558005,1.789042010176231,0.5087530562347189,0.1112880396319886,0.5237905634083218,0.9798994974874372,0.073417789872975,0.0387321144683835,1.209504133617146,122.5930575084706,0.326880251309284,0.2124666754357578,False,False,False,False,pachytene,22,off_axis,53.16838598380477,18.1
199,4.21392306190221,62.78162561023296,77.26522617652881,72.076374828,2.581674243355504,0.7760528542602356,0.1598290598290598,0.4457200988228455,0.9989511773034768,0.0558574358858797,0.1358603867631211,2.955318690284458,112.53091248670631,0.3279150032444204,0.3585861625965962,False,False,False,False,pachytene,22,off_axis,44.719917912168256,18.1
372,7.490920622839741,70.91849293121487,70.81681120730683,73.969417674,2.604081247601088,0.7017093203945073,0.1578476139314173,0.426217308101212,0.9963933181473044,0.0427066801276236,0.0551399936297477,2.617413835809715,103.65705161911302,0.3368141376442206,0.3703453870388903,False,False,False,False,pachytene,22,off_axis,38.793787024522906,18.1
370,6.834002869440173,64.96434156025734,80.11211650287147,65.40029064,2.4993688701503287,0.777116212338594,0.1761898448893013,0.4295140006437077,0.9979625101874492,0.0823836518098018,0.1898594504500309,2.4311688511578056,110.71816502437957,0.3377178109054345,0.4102074545305801,False,False,False,False,pachytene,22,off_axis,42.09545733330398,18.1
552,8.816227808888451,60.93473112117178,82.11901372572483,19.688114754,1.6750913947177308,0.3399261289169546,0.0,0.4893501805054152,0.6609442060085837,0.6472299059191101,0.0725725652923681,1.1302763411150545,114.96558327924305,0.3385544082511492,0.0,False,False,False,False,pachytene,22,off_axis,45.88132595345729,18.1
551,8.643721508496299,59.561162598424005,84.41013307086433,22.641449256,1.7549787852820993,0.4679859096560298,0.1187575081517076,0.5261927945472249,0.7041828374299267,0.6049571076159292,0.1058082488853131,1.0329479234365366,116.61272331640251,0.3415492507700925,0.2256920075347959,False,False,False,False,pachytene,23,off_axis,47.122395822439096,18.1
232,5.27543739918076,53.95888591016183,89.79952382739668,75.618499608,2.6232910783102312,0.7688609008561856,0.2308248167647362,0.4002147362770098,0.9984889537307212,0.0875715717809764,0.1802043751303608,2.6912869189415733,122.84021018547782,0.3453619110219743,0.5767524177444834,False,False,False,False,pachytene,23,off_axis,52.84518627453756,18.1
369,6.5401195669737,59.67689162627145,88.43767238245515,58.07208016799999,2.4022945602673063,0.5916545483923089,0.2214863303812091,0.476308240182016,0.9931698577986788,0.0391516884451812,0.0371288085593166,0.8910400140362967,116.9974427319367,0.3520508829930561,0.4650062957058449,False,False,False,False,pachytene,23,off_axis,47.05159140324796,18.1
18,2.838629524802442,72.67457867719439,72.94295875763552,78.73603856999999,2.6588570195800494,0.7622225532548785,0.1591866835229667,0.445934093471996,0.9987600436464636,0.0355752015930342,0.0694205400880506,2.6066186572666634,102.17824273086785,0.3551136199188048,0.3569735659445904,False,False,False,False,pachytene,24,off_axis,36.37160678668106,18.1
17,1.9910926004742944,66.88987152064115,84.15084826108097,77.162021532,2.64101983281412,0.7719644920046209,0.1748074807480748,0.3959472070390614,0.9986990893625538,0.042009876338252,0.068960009858802,2.268415224415937,109.30844726544788,0.3560688771352954,0.4414918899297338,False,False,False,False,pachytene,24,off_axis,39.808575094701304,18.1
14,2.2883796109218406,53.8174946804816,92.30455013277222,81.27182458799999,2.687099822339571,0.7272989666916816,0.2237923102201774,0.4250635055038103,0.9972904048453936,0.0903076090066054,0.161308290507507,2.7073835279975804,123.29121984757708,0.3560870066369203,0.5264914708566325,False,False,False,False,pachytene,24,off_axis,53.22920843715904,18.1
420,7.435755464048378,75.45647271143562,75.14328777320306,74.05621145999999,2.605099369837637,0.7697180867912575,0.2196221554315156,0.4103163686382393,0.9976649153531816,0.049707865461497,0.093401518857188,2.099051379063539,99.69074805078338,0.3580303122210251,0.5352507777362114,False,False,False,False,pachytene,24,off_axis,33.00555973132867,18.1
501,8.098291040911448,57.51604924909467,92.94994722941613,18.118789272,1.6293467608654286,0.7017089590885551,0.0526315789473684,0.5403645833333334,0.999757516973812,0.0595771335729124,0.0928748623045362,1.0283913980058346,119.70127763091097,0.3597017965662774,0.0974001268230819,False,False,True,False,TZ,24,off_axis,49.647050781944344,18.1
107,4.055588341563388,70.66053913043503,83.66157391304407,77.90797893599999,2.649503166899976,0.7377453932313622,0.1485826001955034,0.4249138920780712,0.9980793854033292,0.0444587905154806,0.0769202154004798,2.913872984771717,105.50621020190856,0.3622582305590826,0.3496769650642622,False,False,False,False,pachytene,24,off_axis,36.068985766806705,18.1
480,7.647617072749304,62.70919584240603,91.9288390150332,67.87508643,2.530505363237036,0.7909452220494211,0.29350619014249,0.3967597950074392,0.9961883408071748,0.1224121874384903,0.2863127633724646,0.9297597497453112,114.42158026947928,0.3681401639093867,0.7397578934049676,False,False,False,False,pachytene,24,off_axis,44.362372411407,18.1
422,7.562903995010448,80.14254032796583,73.11945676290456,63.94356250199999,2.4806723526400605,0.7737261088081001,0.0908018867924528,0.4424448767833981,0.999168744804655,0.0520921917393666,0.106816617670361,2.4993713998274307,94.78984148390035,0.3689841149490513,0.2052275697089956,False,False,False,False,pachytene,24,off_axis,29.43667700154391,18.1
15,1.816525183927605,61.77098853046422,89.49462741935534,74.60981506799999,2.611574692446921,0.7685342388228636,0.1746636771300448,0.4709318120076066,0.999846829367916,0.0705767890256246,0.1738876810147174,2.2945004623398293,115.05061583968626,0.3698963155699506,0.3708895272660484,False,False,False,False,pachytene,25,off_axis,45.03270696944717,18.1
555,8.966574547464713,47.87482534199136,98.17129375431692,33.95279077199999,2.008764182181049,0.6092994334669062,0.074770942408377,0.4799292661361627,0.9914004914004914,0.2013647510016644,0.168731988841745,1.456212992950968,129.9156791487868,0.3706324804288748,0.1557957550918835,False,False,False,False,pachytene,25,off_axis,60.05232226964514,18.1
502,7.097088465845437,60.279258510638,94.3001936170216,4.189559507999999,1.0000612154571824,0.7133258678611423,0.0,0.4609375,0.9937952430196484,0.1141294519358433,0.1464615070653625,0.9389178078306396,117.12688366426787,0.3706457452921419,0.0,False,False,False,False,pachytene,25,off_axis,47.13529923429441,18.1
137,3.541680778298277,76.32129740014051,78.53629976093367,70.647796026,2.5645037365924126,0.7758408872065611,0.1941990928622583,0.4406754554880758,0.9997325058848704,0.0342353780454037,0.0822402069603485,2.5641602890902218,99.25345298630191,0.3713835978930592,0.4406850675338171,False,False,False,False,pachytene,25,off_axis,31.21956048142809,18.1
287,6.283635608472964,67.00394902395034,90.11895195209668,33.887108987999994,2.0074680257373494,0.7765471410771148,0.1073008849557521,0.5173482032218092,0.9997835966241072,0.0518681929051218,0.1114195813371918,1.0371550221344663,109.93550283999946,0.3723240746274556,0.2074055428965078,False,False,False,False,pachytene,25,off_axis,39.87984371319864,18.1
299,5.942737057337239,51.73824360889487,98.02145254025504,82.60188071399999,2.701679176621363,0.7807911850736944,0.1841242997568967,0.4179297836507319,0.9977718980643364,0.0338894983832563,0.0522623580798844,2.680731664255064,126.06350915883033,0.3742674818234374,0.4405627618795678,False,False,False,False,pachytene,25,off_axis,56.24347905997239,18.1
324,5.4409624413145705,65.96828516725216,93.85647262324034,15.988822847999998,1.5628211996441173,0.814994131455399,0.0031620553359683,0.5067406819984139,0.999790224459828,0.0706662348341598,0.167395907558172,1.0911474674689106,111.42675155717998,0.3829693264634228,0.0062399871340471,False,False,False,False,pachytene,25,off_axis,41.462285424636725,18.1
156,3.969486257541825,61.75393512706322,96.64728234200588,76.983742404,2.638984281358681,0.7554390883051983,0.1639583333333333,0.4302267630201844,0.9972378569939544,0.0235100804336859,0.0427785262763654,2.451487433300692,115.95471520954291,0.3833093754240186,0.3810974756250603,False,False,False,False,pachytene,25,off_axis,46.17422159724187,18.1
250,5.676896758189942,70.54375386194485,90.56325573518068,27.424490598,1.8707538745680656,0.7874433324779745,0.0386847195357833,0.5098591549295775,0.9994797763038108,0.06690308301914,0.1462654955142218,1.068987047663238,106.47814191318528,0.3839827135506638,0.0758733449458734,False,False,True,False,TZ,25,off_axis,36.4160567491358,18.1
337,6.324551954392109,77.59370089766641,83.20616786355606,74.47610572199999,2.610013679108801,0.7809064852436297,0.1976006459799284,0.4077055779183439,0.9990309089054372,0.0286253375977575,0.0544518460885684,2.7412894362354865,98.57010099612926,0.3845965932255381,0.4846650541030967,False,False,False,False,pachytene,26,off_axis,29.19086286983748,18.1
516,7.502628918099086,64.620606066734,96.5383900404442,4.639948884,1.0346851013276903,0.7320525783619818,0.0,0.4339622641509434,0.7176470588235294,0.5740761524319019,0.1108811963635803,1.0112858399499047,113.0966746285666,0.3850323217901869,0.0,False,False,False,False,pachytene,26,off_axis,43.36457061852388,18.1
312,7.278345327950259,68.97621360365319,93.29142975250214,40.09169179799999,2.123188685975363,0.8057457141185419,0.0074738415545589,0.4605421686746987,0.9459598558929492,0.1083839321203952,0.1127798702441933,1.0651916077118857,108.37196577249779,0.3854044864241917,0.0162283544546343,False,False,False,False,pachytene,26,off_axis,38.401835775802,18.1
290,5.911799576569869,84.34588958362512,65.13882344036597,66.47934851999999,2.513039887385208,0.7585038814396612,0.1352034369471821,0.4436002337814144,0.9996452852497782,0.0084141694009852,0.046675665501524,3.5633481681605748,89.62907527339388,0.38643190726701,0.3047866674790891,False,False,False,False,pachytene,26,off_axis,30.478615057355665,18.1
21,2.6303301532853127,83.9858228615068,75.29406293279092,87.535051848,2.7544261194275697,0.8128684746489442,0.0664438502673796,0.4552484605470428,0.9998444185141968,0.066609013087876,0.1862249697591156,2.644681449188944,91.24596395102549,0.3911601147303661,0.1459507412447662,False,False,False,False,pachytene,26,off_axis,25.03206363808959,18.1
517,8.14564851207201,81.03633918282871,83.61361536733885,54.31179803399999,2.349282212527935,0.7962683021638665,0.1539013452914798,0.4880220479118083,0.9987621343409994,0.1068973405945926,0.2327615027668671,2.0308694370893585,95.20458483122596,0.3924351085986102,0.3153573613118637,False,False,False,False,pachytene,26,off_axis,25.725464978536504,18.1
375,7.338472452116425,86.36524586697081,76.53094881600038,69.44206613399999,2.54983067570342,0.7205688612640611,0.1528929851510496,0.4721953578336557,0.998826508554135,0.0487035055964135,0.0618780787585116,2.489214044292988,89.03833195560102,0.393008428900253,0.3237918006066264,False,False,False,False,pachytene,26,off_axis,22.35299007758269,18.1
469,7.744137380664212,56.4295336624001,102.89396604793626,79.364707074,2.665914823172012,0.7280761386811693,0.1940429259745948,0.3697826086956521,0.994446018702182,0.0136276237741253,0.022807725955682,2.310104329539371,122.01280674519776,0.3935706565552907,0.5247486534292394,False,False,False,False,pachytene,26,off_axis,53.027300803747934,18.1
418,6.606971813419707,67.53290438388575,98.15283163507004,37.616896008,2.078570610577634,0.9010975305562484,0.044578313253012,0.5340479192938209,0.999555489702178,0.0682951271925054,0.3688374173547714,1.079246466304367,110.40711227276566,0.3950163140367085,0.0834724968350379,False,False,True,False,TZ,26,off_axis,41.0007499252138,18.1
421,6.236181102362139,74.97830716535594,92.23375895669255,11.916552239999998,1.416948298279125,0.8724409448818897,0.0046082949308755,0.4953703703703703,0.999024628139478,0.073401240463283,0.3322994304911026,1.101209891192555,102.2850332008136,0.3955630957816806,0.0093027262155992,False,False,False,False,pachytene,26,off_axis,32.308608193331686,18.1
234,5.494663920614134,73.35417938588179,93.02556347126124,12.528800297999998,1.4408108132519135,0.7603445047743869,0.0,0.49453125,0.9969049829774064,0.1965393122176354,0.3280703573401977,1.041018209760485,103.99483052815296,0.3955855150744281,0.0,False,False,False,False,pachytene,26,off_axis,34.059526443607425,18.1
267,4.2859512039548,72.2396230744685,94.78560722372823,14.710373838,1.5200050592183716,0.8912454154042417,0.0043795620437956,0.4882697947214076,0.999611046285492,0.0561449170410838,0.2591894830818779,1.0207743362074544,105.3190866580226,0.3969996105088129,0.0089695534951009,False,False,False,False,pachytene,26,off_axis,35.54878849454693,18.1
16,2.5634382429523845,66.23838825144335,99.79834271765392,82.881028296,2.704719136654956,0.7657647458394656,0.2457851089036726,0.4052682455292412,0.9986548162382896,0.0407564279312322,0.102002545029079,2.641249223455047,111.89573252242911,0.4024552989148499,0.6064751226257588,False,False,False,False,pachytene,27,off_axis,42.74424670816432,18.1
313,5.045237161897266,70.20603751470016,98.34595213641724,5.984079678,1.126253757039207,0.7918463347706781,0.0,0.4858757062146893,1.0,0.0817769615304792,0.1507040933490763,1.0321820809628508,107.77857505567653,0.4039018719593095,0.0,False,False,False,False,pachytene,27,off_axis,38.52003511760648,18.1
123,3.619172539367168,83.58501756752344,85.21381567926485,69.56873814599999,2.551380149504378,0.7831203425835385,0.1356000537562155,0.455068407960199,0.9996291390728476,0.0656952773169128,0.131776911623951,2.77765471276492,92.87406807621436,0.4047702480784794,0.2979772961257186,False,False,False,False,pachytene,27,off_axis,23.085182762567086,18.1
182,4.846660622544839,90.52446473254712,72.99639692883021,62.097435216,2.456565516577052,0.7504155333937745,0.1376925084834247,0.5065839261389435,0.9996211882063262,0.0684843965932611,0.1240153549624868,2.7764502650150065,84.4728238856626,0.4052980538637029,0.2718059168060912,False,False,False,False,pachytene,27,off_axis,20.660553491751337,18.1
336,6.955197975049818,69.4533519616717,100.5707361055878,12.974498117999998,1.4576971992826329,0.775085879587778,0.046743295019157,0.5144694533762058,0.9991448118586088,0.0733708611246312,0.1346595899349416,0.9932064407343052,108.80139876720304,0.4055306092374092,0.0908572796934865,False,False,True,False,TZ,27,off_axis,39.99456408223293,18.1
314,5.363059889280355,76.7862261197785,94.9431271766483,4.661060886,1.0362520170501697,0.78610971313538,0.0046838407494145,0.44,0.9977186311787072,0.0774444359075271,0.1862034272959619,1.0550360260022602,100.82713098751545,0.4069734764488458,0.0106450926123057,False,False,False,False,pachytene,27,off_axis,31.212505746569576,18.1
235,3.7436179981634585,75.29266611570324,95.85350564738292,5.109104484,1.0684447227519431,0.6955922865013774,0.0,0.530920060331825,0.9892280071813284,0.1567705100429559,0.1545383772471162,0.9513918312484418,102.422076089097,0.4080966462579717,0.0,False,False,False,False,pachytene,27,off_axis,32.90869048870579,18.1
335,5.8031369548584735,69.99581465187472,101.65521082631992,6.131863692,1.1354498596254148,0.7850038255547054,0.0,0.4733096085409252,0.990122022080186,0.2174369882448573,0.4337093752379214,1.077818159605475,108.39763757492673,0.4097571882062407,0.0,False,False,False,False,pachytene,27,off_axis,39.906004002198365,18.1
220,5.191519785512048,53.57721070453114,108.76204271882747,94.49262939599998,2.825550724852146,0.7516756864108038,0.2624244211768175,0.365590322903129,0.995819097284661,0.0658275142468013,0.1277739474149281,2.752446877586008,125.57094904595675,0.4112265879611452,0.7178100861448471,False,False,False,False,pachytene,27,off_axis,57.79667392389146,18.1
533,7.617074701820464,75.58252241054723,96.71361661958424,14.947297415999998,1.5281219790531697,0.8683301946013811,0.0187134502923976,0.5458879618593564,1.0,0.0574921185949216,0.2161410503353404,0.9693217424383213,102.24114173645137,0.4115565232046917,0.0342807528282132,False,False,True,False,TZ,27,off_axis,32.90507434603799,18.1
546,7.9758253275110835,72.49802520523866,99.1460299912676,13.42957905,1.474544658325572,0.886113537117904,0.012121212121212,0.4723926380368098,0.9997833152762732,0.103659353631262,0.4316117401636015,1.067051701951342,105.60352382103218,0.412764567222046,0.0256591892955528,False,False,False,False,pachytene,27,off_axis,36.64011234163276,18.1
22,2.987999344584717,89.4266337080138,79.88140922497192,71.58141567,2.575751084188188,0.7860724233983287,0.0803043110735418,0.4871323529411764,0.999950127175702,0.0458187064761098,0.1333773827650366,2.4074387931975503,86.4161579964723,0.4142810818745474,0.1648511140528557,False,False,False,False,pachytene,28,off_axis,18.2541049813739,18.1
159,5.303683032352989,86.68437931118189,54.24300499904949,233.684058582,3.8210274633476753,0.7093325570423312,0.1793680034008785,0.5166114104158033,0.9979605586612524,0.0845551099300024,0.1489555241078679,1.0959842806763092,85.95718370331625,0.4145680525169685,0.3472010098586696,True,False,False,False,pachytene,28,off_axis,37.43248261061166,18.1
419,6.516331096196863,71.52965449664411,102.56901597315348,5.242813829999999,1.0776852587813894,0.7181208053691275,0.0,0.5222222222222223,0.9917763157894736,0.0785406669947017,0.0989106490834132,1.0256254404823275,106.98898580939388,0.4151726431972816,0.0,False,False,False,False,pachytene,28,off_axis,38.88440906968245,18.1
233,4.19092480553156,72.35937666378494,101.08129485738968,5.428130292,1.090236082628103,0.7588591184096802,0.0141342756183745,0.4569892473118279,0.9941348973607038,0.1209904389973123,0.16934791636041,1.0647559847107948,105.98114176538459,0.4157944418526403,0.0309291207649137,False,False,False,False,pachytene,28,off_axis,37.510058315069394,18.1
553,8.41662226957908,70.2663901438462,103.47467820990822,4.403025306,1.0167656304434354,0.6856686201385189,0.0,0.4627118644067796,0.984216459977452,0.1495563938209617,0.1321117566761497,1.0226010484780057,108.3548286542796,0.416869566325257,0.0,False,False,False,False,pachytene,28,off_axis,40.41490013032023,18.1
251,5.400977039570087,73.46062540302802,101.03781573033704,4.801807566,1.0465790752240889,0.7420615534929165,0.0,0.4564393939393939,0.9924050632911392,0.0539789189304065,0.0835923710778362,1.0332535588440053,104.88300408269073,0.4182436654957867,0.0,False,False,False,False,pachytene,28,off_axis,36.48769571671672,18.1
371,6.259400781589216,68.89826860616681,104.8688227529315,5.402326734,1.0885057959360054,0.7689969604863222,0.0,0.4642857142857143,0.9992795389048992,0.0378517833484206,0.0616429665027937,1.028228808576208,109.88530773714723,0.4203825464549768,0.0,False,False,False,False,pachytene,28,off_axis,42.25830799372046,18.1
19,1.4009164757343116,77.58550513881052,98.20175571160703,78.83456124599999,2.659965569643689,0.6092778290237153,0.3119727534713126,0.4021780519381616,0.9830263939573962,0.1210744134327656,0.0942099302123417,0.9543025246490758,100.43820722506699,0.4205817038282572,0.7757080526096962,False,False,False,False,pachytene,28,off_axis,31.569913604908542,18.1
374,7.319696869851417,79.18904801977183,98.25408248434871,106.79154345,2.943174992211524,0.905414607358594,0.1625826526643329,0.5027868091035764,0.9997894736842106,0.037404253974853,0.198126882598218,0.9745625028319332,98.8535374372963,0.4206910414685173,0.323363003405366,False,False,False,False,pachytene,28,off_axis,30.121031800555794,18.1
376,7.361757544454932,91.40856414815909,82.99675140190398,63.58465846799999,2.476022448692418,0.762192872426769,0.1070785427344507,0.484176233322991,0.9990351564855576,0.0403992153547666,0.0806713730139296,2.0648601768652006,84.83594290760107,0.4207550786242364,0.2211561315175486,False,False,False,False,pachytene,28,post,15.525306694721518,18.1
124,3.5956247928405545,93.9238201414248,77.28484314440355,63.694910034,2.477452708398287,0.7625308437373403,0.1122125843315434,0.4933312655086849,0.9994059641202327,0.0512189263093109,0.0888599042730674,2.367648444703472,81.63163500649507,0.421661907421122,0.2274588946148356,False,False,False,False,pachytene,28,post,15.376319619353232,18.1
351,5.4097297297297535,74.2411720540548,102.87879470270188,4.3396893,1.0118667907040466,0.6762162162162162,0.0,0.4941569282136895,0.9860950173812284,0.1175899408883145,0.0903855752485364,1.038553351987985,104.3368302473555,0.4247660168162518,0.0,False,False,False,False,pachytene,28,off_axis,36.59589970126837,18.1
396,7.426978704847595,84.16305959371977,93.44977081910224,64.551119004,2.488504260608196,0.7641180318337089,0.1750127097102186,0.4105684794330612,0.995420792079208,0.063359549239104,0.0975844622781904,2.7551893891282058,93.32203427166736,0.4271704488847417,0.4262692302923186,False,False,False,False,pachytene,28,off_axis,23.729967700456143,18.1
222,3.557396034391921,76.34800338655923,101.49235967713638,13.368588821999998,1.47230906325231,0.8705035971223022,0.0067294751009421,0.5474254742547425,0.9995617879053462,0.0805994727458184,0.3352946411077007,1.09633530317922,102.07430202572297,0.4275182428889156,0.0122929520408299,False,False,False,False,pachytene,28,off_axis,34.08722369150109,18.1
395,6.143836978131185,69.40598200795266,107.07258205765422,4.719705336,1.0405798822440635,0.7186878727634195,0.0,0.4717314487632509,0.9980988593155894,0.0280371427009842,0.0385278846950131,1.148531097829073,109.65485766130388,0.4277020055219334,0.0,False,False,False,False,pachytene,28,off_axis,42.85020522167762,18.1
202,3.255231762174823,80.8809944650906,99.04919319381972,11.993962914,1.4200098735569435,0.8638763935067475,0.0619946091644204,0.3979885057471264,1.0,0.0876388250125373,0.3689322963201079,1.064275006387639,97.27327775684043,0.4278510554717037,0.1557698482976051,False,False,False,False,pachytene,28,off_axis,28.938873648041042,18.1
537,8.120555555555523,76.22605249999982,101.84381583333322,4.2224004,1.0026674925101111,0.6633333333333333,0.0,0.4735973597359736,0.9792746113989638,0.0844100141235701,0.0643331086112451,0.9921123090916733,102.23890396355512,0.4283431753292211,0.0,False,False,False,False,pachytene,28,off_axis,34.357392563464614,18.1
249,5.727355505328266,64.56602963190156,108.9118023312845,72.64874465999999,2.5884900603534846,0.7551178559896674,0.2009271941839637,0.3995253164556962,0.9972940977507188,0.0858686326921575,0.1517987748943791,2.69997933963497,114.68556252689797,0.4284872953167934,0.5029147989079805,False,False,False,False,pachytene,28,off_axis,47.97338207677733,18.1
170,2.780022701475608,71.85729585698067,105.9465955164594,4.133260836,0.9955614415823278,0.6191827468785471,0.0,0.4918032786885246,0.9417613636363636,0.2937115485590638,0.1783472815774966,1.1011088684343768,107.08281171824342,0.4286029058085033,0.0,False,False,False,False,pachytene,28,off_axis,40.16334407724367,18.1
138,3.392224708326705,88.119609589261,91.02049441025918,58.71013178399999,2.411060724882166,0.7752517180757552,0.1024413595021541,0.4872888888888889,0.9987321711568938,0.0943844217538042,0.1944175551997624,2.4818764956048067,89.09472258836556,0.4297113489835946,0.2102271605981821,False,False,False,False,pachytene,29,off_axis,19.234488285060195,18.1
316,6.28963907902908,96.30145765790182,81.03956067983917,60.314643936,2.432827892332377,0.7856253889234599,0.116383456235973,0.4981857764876632,0.9998813338079982,0.0652432153626615,0.1432093624813386,1.9136989203139645,79.7380732930157,0.4300988870083225,0.2336145705654345,False,False,False,False,pachytene,29,post,11.44217067859094,18.1
221,3.695532994923868,70.8135217766497,107.6605902030456,4.62118266,1.0332882922027622,0.7314720812182741,0.0,0.4669187145557656,0.9915572232645404,0.1263429975836176,0.1296903120182452,1.1236004050693384,108.33112052248106,0.4314695740713442,0.0,False,False,False,False,pachytene,29,off_axis,41.9343926509257,18.1
448,7.767992479027641,91.06088071666,89.64953466517255,64.87483636799999,2.4926571922708463,0.7650419438819787,0.1821271239773442,0.4347491535857187,0.9983590616263522,0.0487493035655251,0.1037617164816346,2.4678595427474,86.00611769111657,0.4373621246663948,0.4189246200370912,False,False,False,False,pachytene,29,post,16.043426461364184,18.1
126,3.9835747681458025,99.71948073120684,75.90659593010027,61.21073113199999,2.444816788637648,0.7754273012953169,0.1129276415379957,0.5411262798634813,1.0,0.1077110437880669,0.2217959455553143,2.091357543741256,75.70977869488864,0.4380626000242908,0.2086899966611967,False,False,False,False,pachytene,29,post,12.167125076400659,18.1
158,3.6626180233531302,83.71640220124033,100.12305654505948,41.987080422,2.15613370814136,0.898150734677915,0.0156587473002159,0.5019199122325837,0.9998668530723652,0.0487061451582364,0.2568576696669161,1.1457630820643614,94.59296174455238,0.4382024044544806,0.031197700905239,False,False,False,False,pachytene,29,off_axis,26.994518284926084,18.1
311,6.224378856094724,62.93436859143737,114.45291000499756,98.473414662,2.864684486365885,0.768503299268682,0.2334148457837027,0.3578925704877547,0.9962952290783352,0.0415623747481308,0.0836618711031503,2.5018391799254536,116.9919134992854,0.4387439848412116,0.6521924874427899,False,False,False,False,pachytene,29,off_axis,52.222595797518224,18.1
423,6.658435063980267,84.5130176275907,100.20982752610747,31.897889244,1.96739295613772,0.8957934990439771,0.0070077084793273,0.5010585744530699,0.999822679315542,0.0536690115615841,0.2586747252292165,1.131755809289139,93.81326049634042,0.4400126846447942,0.0139858069228264,False,False,False,False,pachytene,29,off_axis,26.367783221779398,18.1
447,7.591427050053279,82.6794666932907,103.06172276357692,8.810742167999999,1.281271878781368,0.6850372736954207,0.0,0.4843617920540997,0.999437570303712,0.0633823651917462,0.0435678126420272,1.0174036347646127,95.98638659312972,0.4408147832417178,0.0,False,False,False,False,pachytene,29,off_axis,29.488823406302053,18.1
23,2.4448978161039943,95.07924532548236,85.67323068671523,66.91800900599999,2.518555161556019,0.8084972131664738,0.0140768814293449,0.481237415339557,0.999949127537264,0.0442196502886684,0.1200139984996137,1.564631376189381,81.52558358059899,0.4417269325337386,0.0292514276335151,False,False,False,False,pachytene,29,post,11.582974710876723,18.1
288,4.526809496236223,76.79573694267508,107.42964927620156,4.051158606,0.9889254320593708,0.6740011580775912,0.0,0.5133214920071048,0.9616336633663366,0.1045538018758752,0.064555997621969,1.0826179171106054,102.3664560629262,0.4426757763646651,0.0,False,False,False,False,pachytene,29,off_axis,36.81575757625188,18.1
203,3.2122649955237232,82.00113384064495,104.6240536705454,5.240468052,1.0775245062046042,0.7215756490599821,0.0,0.5257234726688103,0.9958813838550248,0.1000280896541332,0.1210060376740869,1.1031271935641258,96.85326457524454,0.4470921701408499,0.0,False,False,False,False,pachytene,30,off_axis,30.96207141201069,18.1
181,4.480929483692427,56.26987689127599,119.18429727160472,107.814302658,2.952540904043809,0.7861012597637127,0.2471858488398806,0.345641338622724,0.9986957939354418,0.0411449093431777,0.0814768788296085,2.466326430073215,124.19179753674979,0.4477294132220444,0.7151512889773002,False,False,False,False,pachytene,30,off_axis,60.39047070338924,18.1
25,1.8146747316327303,100.28613660076148,81.28286167069363,98.116856406,2.861222766239638,0.8472995911731657,0.0455768081291093,0.5805542508219822,0.9999383895015712,0.1743727963757855,0.6180159241012043,1.1199697709133658,75.81434230603517,0.4477919557794628,0.0785056832579885,False,False,True,False,TZ,30,post,7.870457482516655,18.1
398,7.540825815405717,101.98218309160136,78.23726905274019,67.60532196,2.527148477109387,0.770853573907009,0.1087719298245614,0.4884918231374924,0.9986149584487536,0.0934936690860794,0.1942984218313806,1.7303722174781098,73.7536336232622,0.4488943516784257,0.2226688854809062,False,False,False,False,pachytene,30,post,8.977717783412082,18.1
397,6.970947368421221,98.73918830769357,87.37223515384588,57.9407166,2.400481800249216,0.794008097165992,0.096590909090909,0.4742531446540881,0.999014353477484,0.0552728816525004,0.132858859722014,1.865263746946896,78.1046386974638,0.4496723295243807,0.2036695173868815,False,False,False,False,pachytene,30,post,8.056471573412136,18.1
289,4.685686080947622,81.55401604146164,105.69133845014946,4.752546228,1.0429878442768157,0.7379072063178678,0.0,0.4632768361581921,0.9973285841495992,0.0803645664160069,0.1000808999491478,1.0259922718652112,97.42931006002833,0.4504692461083086,0.0,False,False,False,False,pachytene,30,off_axis,31.968852156040096,18.1
28,2.602080162354104,103.236792498366,78.65666828658526,64.729398132,2.4907930955400603,0.7685366383996521,0.0266686985675098,0.5075935493972131,0.9993745735728906,0.0353325710044688,0.0649120095775104,1.5996528031685298,72.56073253766968,0.453691010007554,0.0525394749385211,False,False,True,False,TZ,30,post,8.0115044723075,18.1
315,5.1903126376046815,86.02038665786036,104.51467417437236,10.654523675999998,1.3650497397176458,0.7848965213562307,0.0774315391879131,0.4892528147389969,1.0,0.0444937245591904,0.0914223788552974,0.9720259706907132,92.85148206702527,0.4540673605041218,0.1582648823987262,False,False,False,False,pachytene,30,off_axis,27.793879425713023,18.1
338,6.300258434029229,95.25474040651147,93.10189873926204,67.16900725199999,2.52170012563792,0.7888174896975624,0.1264085524414908,0.4221928228873822,0.9996170887807012,0.0365489476614212,0.0982090644266991,2.345988691513612,82.27285656447069,0.4564016212125681,0.2994095247213847,False,False,False,False,pachytene,30,post,13.488783927598739,18.1
27,2.0953985080485755,101.9592539811533,84.9204451707882,59.74696566,2.4251712709611697,0.8221044365920691,0.0268470790378007,0.5972191569190024,0.9998930138012196,0.1174239156568512,0.3673124159419052,1.2528006071584132,74.60533164830757,0.457308317034876,0.0449534793496951,False,False,True,False,TZ,30,post,4.80172269057005,18.1
115,2.65380116959065,78.47101884057783,111.63697826087034,18.451889748,1.639270967136787,0.7557843885075006,0.0168884339815762,0.6621551275377408,0.99730665640631,0.2925295576017841,0.5618465767387836,1.0029715944208355,101.2259658323213,0.458127878986154,0.0255052528919873,False,False,False,False,pachytene,30,off_axis,38.17080964306062,18.1
253,3.641039671682632,105.58410465116452,74.61889753762082,5.144291153999999,1.0708919248940547,0.5800273597811217,0.0335781741867785,0.5179153094462541,0.9966442953020134,0.2413388637957879,0.203629047737641,2.174595025822532,69.7307227955267,0.4584123791023242,0.0648333300335912,False,False,True,False,TZ,31,late,11.327436792397506,18.1
209,4.852277227722858,92.86339190448288,98.18673112405254,60.41551239,2.434183333851608,0.7582217045233935,0.1333333333333333,0.4645896900594186,0.9990373507893724,0.0815559285636467,0.1517241508002555,2.886542101667228,85.27643461382415,0.45920770017789,0.2869915888927295,False,False,False,False,pachytene,31,off_axis,18.474581366192027,18.1
300,6.1301975703601554,105.55632196619445,74.31322105399799,54.26019091799999,2.3485378800807526,0.7889412476762786,0.0842243481523166,0.4991806636624334,1.0,0.0480924986002389,0.1009065164742974,2.066123748136529,69.7203764376619,0.4597856160243984,0.1687251816494089,False,False,False,False,pachytene,31,late,11.634198822484516,18.1
24,2.5418164837730832,97.47296267802658,90.63504278543036,60.28180304399999,2.4323862597082107,0.7896334345085221,0.0617841027421034,0.4926008139104698,0.9989411764705882,0.0605989903643478,0.1587050588376613,1.5487239419042278,79.76578785530941,0.4603706398293016,0.1254242806698502,False,False,False,False,pachytene,31,post,10.335486681099665,18.1
125,2.526246814706953,97.1011413177998,92.78885373134467,6.443852165999999,1.1543893718640883,0.7448125227520932,0.0112834978843441,0.3908701854493581,0.9981538461538462,0.0571954405008749,0.0916282817831702,1.7239174334579976,80.40188533418383,0.4608237372851133,0.0288676350982672,False,False,False,False,pachytene,31,post,11.782533048463536,18.1
204,4.046323341019701,83.00125318985411,108.88084650268928,9.155571534,1.297773644925962,0.7473738150140917,0.0,0.5365111561866126,1.0,0.0481320515178659,0.0742114356774354,1.0704763140661802,96.38885844008723,0.4621547554292434,0.0,False,False,False,False,pachytene,31,off_axis,32.98265614844799,18.1
252,4.479823594266797,94.7890078280044,98.5036261852265,4.255241291999999,1.005260290329034,0.7458654906284454,0.0,0.3297180043383948,1.0,0.1763008884244613,0.2765113503116711,3.092823304989794,83.40499452867152,0.4638280303988996,0.0,False,False,False,False,pachytene,31,post,17.313920646823686,18.1
377,7.210554070649679,100.837935978473,91.80252948782648,64.945209708,2.4935581744906616,0.794769919815069,0.0679133858267716,0.5960929250263991,0.999896217113798,0.1391051233837627,0.3624162560093313,1.6344926437243126,76.57160819681238,0.4662798548923036,0.1139308704658153,False,False,False,False,pachytene,31,post,8.29073481818229,18.1
139,3.189102390617866,89.66188752367995,105.9947878484466,26.00294913,1.8378553732034637,0.6742444745151105,0.0484848484848484,0.6560509554140127,0.9985034918523444,0.173231967336589,0.236182928651689,0.9636647586297484,89.42168682656447,0.466522479353117,0.0739040894380699,False,False,True,False,TZ,31,off_axis,26.319884620410182,18.1
31,3.0994522436248566,108.08925755794549,78.53687983458575,64.666062126,2.489980438681225,0.7646098596147568,0.0350929368029739,0.5654184003698567,0.9996114349153484,0.108654722684842,0.2305488902872659,1.7196860477586084,67.73088088267228,0.4678991634799802,0.0620654311568542,False,False,True,False,TZ,31,late,7.128983661865461,18.1
30,2.035209531635158,106.6754396143928,84.0749146906919,79.934731128,2.672282102788368,0.8120084516962085,0.055022864729311,0.526537620980331,1.0,0.137317635856526,0.3802001902832181,1.3236530213793969,69.82068983328332,0.4713972056459381,0.104499398593527,False,False,False,False,pachytene,31,late,1.8090767270681907,18.1
26,2.7313644762862723,101.73711900671148,92.0933773884001,72.36021396599999,2.585058710588313,0.7974195221577463,0.0528948166110943,0.470955352856457,0.9986907821364496,0.0182187080299294,0.0466746229593846,2.348039692462703,75.71544401292842,0.4734186531012717,0.1123138664637201,False,False,False,False,pachytene,32,post,7.911553624240114,18.1
310,6.628454015607976,59.37191724390043,126.25672413315738,118.73155347,3.0490123274661247,0.8153511804800948,0.2127695417789757,0.3827305799272416,0.9972861744005724,0.074535740672496,0.2129558616708613,1.929835233744272,121.99093811084177,0.4737750587934611,0.5559251153106816,False,False,False,False,pachytene,32,off_axis,62.16774045682767,18.1
528,7.947443745150553,109.3947506293622,79.20507288128356,54.417358044,2.3508032433908737,0.7191137166997155,0.0858585858585858,0.5386740331491713,0.999394810500038,0.1405426435315445,0.223594783870369,1.4373426067688413,66.51834813690401,0.4742263926544802,0.1593887593887593,False,False,False,False,pachytene,32,late,6.304023997632092,18.1
424,7.710214911116743,105.93691477087796,85.62727205776298,61.888660974,2.4538093993086734,0.8004017738695373,0.0990590248075278,0.4893657424990505,0.9996059224230142,0.0821658028883868,0.1918006120985102,1.3280457233851075,70.7460579309188,0.4748571746288135,0.2024232924472027,False,False,False,False,pachytene,32,post,0.7728083714940642,18.1
29,3.814224744709846,105.70530352601946,88.69390793913705,104.980602834,2.926443548973099,0.7848859294348982,0.0412309530923215,0.6013295938506285,0.9999672774869108,0.0311223334065997,0.0878501504365349,1.4915012495405289,71.35625001281798,0.4759342556128846,0.0685663129071997,False,False,True,False,TZ,32,post,2.952518743345055,18.1
518,7.706894031668757,91.93984056029102,107.7901325700363,9.62941869,1.3197869214184117,0.6153471376370281,0.0,0.6238125395820139,0.9983286908077994,0.0178682028515141,0.0043448448350352,0.945955395800382,87.38400953018112,0.4759995015359846,0.0,False,False,False,False,pachytene,32,off_axis,26.379177353818623,18.1
481,7.074874731567753,80.74377433786846,117.11265085898368,6.554103732,1.1609358801214755,0.4989262705798138,0.0,0.6042857142857143,0.9382239382239382,0.4123155563895908,0.1420067456375071,0.9043448643583992,99.6499344305848,0.4790940324584304,0.0,False,False,False,False,pachytene,32,off_axis,40.569450652126655,18.1
301,5.860434350603029,111.56876302058365,74.81064849112873,82.63003004999999,2.7019860374215283,0.8298935415188077,0.0725893824485374,0.5215287049399199,0.9996877561375436,0.0848009188876712,0.2119271829647061,1.884636371228356,63.816062474488405,0.4800199439986859,0.1391857854821235,False,False,False,False,pachytene,32,late,10.394861050934876,18.1
223,4.16832799204336,82.50480464139729,117.30140674107628,21.226945122,1.7176432324892246,0.6358713670018787,0.0128819652486519,0.7044006069802732,0.9958936676031986,0.1667399312963168,0.1719605598623429,0.9711156996483924,97.92591530590832,0.4812814351904784,0.01828783950638,False,False,False,False,pachytene,32,off_axis,39.61719081574023,18.1
538,7.4151124849734575,78.80269185986444,120.47217233384788,13.659465294,1.4829108060081873,0.7087411986948309,0.0247268545140885,0.6202830188679245,0.9887206886316414,0.3647298602967724,0.4847459509959242,0.9311835512980864,101.99272498486629,0.4840854255310917,0.0398638262888727,False,False,True,False,TZ,32,off_axis,44.3989269768509,18.1
556,8.749380564620468,102.42578617597437,97.4397037261182,74.03509945799999,2.604851791728961,0.7288742435284052,0.3181673306772908,0.3398387285263527,0.996623311655828,0.0834015081599397,0.1089752526955396,1.155508306788394,75.69522498477598,0.4859461572988278,0.9362303468382316,False,False,False,False,pachytene,32,post,12.292002635622717,18.1
32,3.0980572676913734,112.1412785636273,84.22282799016803,60.13167325199999,2.430365322511117,0.8024108605757978,0.0932688865019691,0.5480750246791708,0.9998872667831576,0.1031095089332267,0.2792945946390605,1.7386791034915663,64.4154051531208,0.4902449293359449,0.1701753999036289,False,False,False,False,pachytene,33,late,0.9843517489506429,18.1
116,3.5790453827780304,114.79818414638584,76.71886328083941,57.94306237799999,2.4005141949780398,0.7986316343467876,0.0119189511323003,0.5679533574587857,1.0,0.122712929176283,0.3175142827050157,1.7388703126901666,60.84826425174411,0.4903900495298786,0.0209857921883405,False,False,False,False,pachytene,33,late,8.100821338871487,18.1
269,5.3648067254596095,95.0363785873248,111.44161938514958,28.461324474,1.8940386298336709,0.7345256737822468,0.0203771289537713,0.6938838869916175,1.0,0.0733773762526455,0.1296606709526456,0.9938209732465358,84.76429454952148,0.4925434332971679,0.029366770630916,False,False,False,False,pachytene,33,off_axis,28.062125642243313,18.1
425,7.617244665423372,108.94702687383206,92.23638399005404,56.61535203,2.3820371710900483,0.7900559353635799,0.085709130277878,0.5425300967041642,0.9996934771947033,0.1172109368016499,0.2683932591565485,1.5554527624871664,68.57894972912149,0.4937921223214706,0.1579804158304868,False,False,False,False,pachytene,33,late,6.571124422987445,18.1
201,4.207698986975278,80.65929053545662,122.42057507959342,24.31398897,1.7971701724441818,0.6701398938736132,0.1160806618407446,0.6042702544603685,0.9996283909327388,0.0830459466788956,0.1035569816663311,0.9579570924448152,100.3921328105817,0.4950689839225826,0.1921005725234781,False,False,False,False,pachytene,33,off_axis,44.830673615325196,18.1
426,7.774477669902789,115.6881545009694,80.80826160000163,60.4037835,2.4340258019243075,0.8158446601941748,0.1207120341183014,0.49514972585407,0.9998335090737556,0.1086739081986425,0.2872399590796772,1.550324203507357,60.47239379310666,0.4962091491579714,0.243788954765326,False,False,False,False,pachytene,33,late,3.932614620973729,18.1
127,3.647644726407617,111.06506389770269,92.93512859238702,59.16052116,2.4172104361364384,0.7856463124504361,0.1048186785891703,0.5114687384387717,0.9998793945606946,0.0549504300501916,0.1290587008806391,2.270305100202336,66.56393704957021,0.4990680371276393,0.2049366280119548,False,False,False,False,pachytene,33,late,7.527183393461448,18.1
399,7.35700887014641,113.00046724589362,87.54650659080966,64.527661224,2.488202784512421,0.7890068343754544,0.1226001511715797,0.5161957270847691,1.0,0.1177648334258911,0.2769823605054485,1.4305797997974938,63.97510282487558,0.4996533538457676,0.237507101935864,False,False,False,False,pachytene,33,late,2.420230235939641,18.1
449,7.448116158551135,117.56165986274247,76.17632086932234,50.24421898199999,2.289105612298656,0.7847238433166814,0.0807416267942583,0.5092170895684234,1.0,0.1089015412188974,0.2767902455195263,1.3576710792148592,58.03883433155205,0.5015004928713155,0.1585603241687926,False,False,False,False,pachytene,33,late,8.296407193976746,18.1
450,7.327289293849627,117.762064920275,74.56674560364601,5.148982709999999,1.0712173745189812,0.5699316628701594,0.0,0.3855932203389831,1.0,0.2330471206114774,0.2355401228184303,1.384340640482747,57.640333585701484,0.501571673647791,0.0,False,False,False,False,pachytene,33,late,9.86869593289151,18.1
171,3.770052587877069,86.10417528369798,122.60479236091734,25.425887742,1.8241582231597373,0.6898237844819632,0.0574712643678161,0.5660321237358715,0.9946597760551248,0.1701703415486189,0.2299152577605856,0.9674104725953124,95.01214347524188,0.5030108916312106,0.1015335737281123,False,False,False,False,pachytene,34,off_axis,42.06879736842246,18.1
33,3.074510277140988,116.08920120671016,86.20119790032396,58.318386858,2.405686130645911,0.7874582679699127,0.0283192350128723,0.5609386828160484,0.9995268232093216,0.104668195322525,0.2686589076580314,1.5250010238001066,60.743355442138196,0.5051870938254016,0.050485437856956,False,False,False,False,pachytene,34,late,1.4684204820666158,18.1
248,5.861908900362428,58.09530128827611,136.91232923163122,137.65729037399998,3.2030978244532062,0.7996182880902476,0.2946433927178933,0.3312356492899056,0.9981834195750304,0.0186720318555415,0.0420062397799867,1.986164243963113,124.57936103094406,0.5077239153163633,0.8895280243824666,True,False,False,False,pachytene,34,off_axis,70.43285948047865,18.1
160,3.9218157295791545,120.10452198010256,75.08743094495654,55.65592882799999,2.3685048328426315,0.8225575318216303,0.057321988356471,0.5672209026128266,1.0,0.1094452870446824,0.3275064001611694,1.7095988881621456,55.38054833619678,0.5092102243884477,0.1010576092884184,False,False,False,False,pachytene,34,late,9.061485348277634,18.1
547,7.960102301790123,96.44916269638212,116.53910946291442,6.420394385999999,1.1529868806619283,0.5031055900621118,0.0,0.6147058823529412,0.7351485148514851,0.6356271049547636,0.1329103030020301,0.9716071277806592,83.99468596239795,0.5093150624270496,0.0,False,False,False,True,post,34,off_axis,32.295761751682,18.1
353,6.909303499980771,113.74071299382,95.34423545041348,60.38736305399999,2.43380522296302,0.8004117624208522,0.0927070457354759,0.5445698715453484,0.9999437158777508,0.1229291306757368,0.3034653675879606,1.5786206067374324,64.20776257537645,0.5127486838904882,0.1702390282304772,False,False,False,False,pachytene,34,late,10.249560256811057,18.1
34,2.300893126806776,119.05410542347929,81.86509005479638,54.368096706,2.350093674001741,0.807956163437891,0.024545255314486,0.5589755111210963,0.9999394709763332,0.133000125798229,0.3628755057799556,1.5293540716074658,57.26351859549293,0.5133966481056311,0.0439111460630134,False,False,False,False,pachytene,34,late,2.4664522964855946,18.1
36,2.0910684474123715,120.65799728714504,81.2178131469125,5.620484088,1.1029649316782664,0.7328881469115192,0.0,0.3,0.9951923076923076,0.1444907457640662,0.3022868947541848,1.6592028335185858,55.59172736306125,0.5158896453330424,0.0,False,False,False,False,pachytene,34,late,2.909792550666816,18.1
140,3.4831730769230664,116.63020926161262,93.73900409107524,51.71971334399999,2.311297413445802,0.7721788824383164,0.0780102790014684,0.5857057535337448,0.9998638066053795,0.0845253363959491,0.190060414303584,1.6078215457620069,61.14147490838932,0.5181022981367361,0.1331902214222895,False,False,False,False,pachytene,35,late,9.015122594604886,18.1
360,6.427258413698219,91.01287094075892,124.19989366266628,23.837796036,1.7853601218572726,0.6604999015941744,0.0278951817413355,0.6997101449275362,1.0,0.0564773364848861,0.0656243812819116,0.9649319386131334,90.33920133782519,0.5191241182137584,0.0398667676087852,False,False,False,True,post,35,off_axis,41.372871575080346,18.1
379,7.2920283467901,118.79294999471112,88.54380502415302,66.533301414,2.513719542621124,0.8129605471917639,0.1264613864646797,0.5070688030160226,0.9998493219487694,0.1024342034504772,0.2477332488878072,1.4884410142696891,58.351049988464375,0.519542868398114,0.2493968978420543,False,False,False,False,pachytene,35,late,4.128296468189607,18.1
519,8.028365408039251,122.24339415347238,83.28641465042612,48.14709344999999,2.256803890363972,0.7416321559074299,0.0607509741409847,0.6192721101263435,1.0,0.140567351896494,0.2771907134131779,1.144141828202761,54.2751515652526,0.5199376343796814,0.0981006138458106,False,False,False,False,pachytene,35,late,0.6605207634601535,18.1
339,7.350349588459165,122.75623845030653,77.8319338746783,53.009891244,2.330358663027848,0.7718382157713072,0.0754886139501523,0.637121799844841,0.9992780731115048,0.1747750725907408,0.3889332110526735,1.2740672008686094,53.08972243996348,0.5199514178498945,0.1184838032045618,False,False,False,False,pachytene,35,late,6.009270859951305,18.1
205,4.298242772694015,100.89428480848764,117.44995119443028,28.968012522,1.905212241964454,0.720787108267876,0.0713708591435496,0.6580626450116009,1.0,0.0300083353631409,0.0494332623431108,1.0362874054219111,79.69686564368627,0.5209374888705579,0.1084560257060199,False,False,False,False,pachytene,35,off_axis,32.07246314271121,18.1
35,2.4352871471497166,120.93150443099502,88.0769905285884,55.42838836199999,2.3652726715870425,0.7746413305683694,0.0361990950226244,0.604131455399061,1.0,0.1170752518843886,0.2739989866720295,1.3919808569052845,56.17110852113224,0.5228909337614293,0.0599192356218448,False,False,False,False,pachytene,35,late,3.9303418036206317,18.1
540,8.022055239642416,97.00013547928384,120.74493247359818,11.550610871999998,1.4022930489878038,0.4904549147034931,0.0102564102564102,0.657632522917497,0.9215817694369972,0.2908233149899134,0.1066264111747254,0.9246929807306924,83.96963600011256,0.5230719529411266,0.0155959595959595,False,False,False,True,post,35,off_axis,36.15912473564878,18.1
141,3.9973061344004734,124.6430466204678,75.61815081255348,48.067336998,2.2555570573926103,0.772827094822117,0.0368301262156011,0.5980665950590762,1.0,0.1202841653322594,0.2599523171140313,1.6255202136423126,50.942898440561116,0.5239393622999107,0.0615819818727094,False,False,False,False,pachytene,35,late,7.9719290657344954,18.1
37,2.597757260867944,122.60812495794994,79.82267429447404,62.756598834,2.4652270800133262,0.7685867005569469,0.0535086378229628,0.5369084154417703,0.9997693726937268,0.0532243585956334,0.1090364629846919,1.1703380363336844,53.48361314127709,0.5241821828799451,0.0996606428285088,False,False,False,False,pachytene,35,late,4.052274400821843,18.1
270,5.430304961310729,119.70275763768524,92.86950768775546,51.53674266,2.308568606406207,0.7720983158852981,0.0899672846237731,0.5494307968843619,1.0,0.1066682114392858,0.2536751314032855,1.4229917163241692,57.98480537406792,0.5289120261752703,0.1637463446423962,False,False,False,False,pachytene,35,late,8.533443272047219,18.1
210,4.542372556534851,124.2041324262194,87.08027056343484,73.44161762399999,2.597872752637989,0.8081001660917337,0.0890068233510235,0.607190412782956,1.0,0.1258377971114369,0.3022986979386847,1.203646200913383,52.800124266419694,0.5332491233966646,0.1465879919662689,False,False,False,False,pachytene,36,late,3.3472381777168034,18.1
362,7.388140135458194,127.27654731764466,84.9620069872813,48.142401894,2.2567305853799056,0.7637772255518199,0.0501567398119122,0.6318069306930693,0.9995612110574812,0.1222912073813443,0.2611120115239314,1.29087961632072,49.488696681114604,0.5380174341395997,0.0793861817199316,False,False,False,False,pachytene,36,late,1.6264182596571437,18.1
401,7.26819123154867,126.36327563780478,91.44525596827332,53.23743171,2.3336881926815627,0.7914077990746861,0.070488906342038,0.6032953105196451,0.9996175908221796,0.1047529723775027,0.2629046666203157,1.424563197235809,51.199064031081946,0.54697550086023,0.1168398048400589,False,False,False,False,pachytene,36,late,7.946325382305169,18.1
38,2.2843166654171987,128.33342558287976,88.88708900592398,62.580665484,2.462921231728255,0.814191468625834,0.0154915590863952,0.5251159975791809,0.9999468847931162,0.0507623548652853,0.1551377753389681,1.2864079083880815,48.92682626656551,0.5480914147700705,0.0295012133658321,False,False,False,False,pachytene,37,late,5.652279926164432,18.1
254,5.133430618201185,129.78166465905923,86.22995993632121,53.047423692,2.330908519096159,0.7631997877421066,0.0669106116048091,0.6446311858076564,0.9997361129436602,0.1414774546263879,0.2917012201689645,1.5889037141090274,47.16019437216293,0.5490197151924748,0.1037967338191636,False,False,False,False,pachytene,37,late,3.195301484260473,18.1
206,4.376496161945551,105.08074369268618,125.17540737721738,34.532197938,2.02012636830677,0.7044358399565247,0.1096787395129936,0.5364284072626982,0.9971720152465264,0.087979229027697,0.109895706307268,1.029372169422549,76.50096001833721,0.5502134279464527,0.2044610949533142,False,False,False,False,pachytene,37,off_axis,39.307145344460864,18.1
271,6.281297392269198,132.33794312003334,80.61831119151248,101.468973168,2.893442694106414,0.7505548363232846,0.1092214975645999,0.6088044485634847,0.9998915009041592,0.0633235241035218,0.1464893842364787,1.8178259195688389,43.92761644594844,0.5539091329110835,0.1794032514419293,False,False,False,False,pachytene,37,mid,2.0559460966582237,18.1
361,7.086199939906004,126.39715917929176,95.95119209769533,54.649590066,2.354142600771846,0.788127226681547,0.084230055658627,0.5334278768233387,0.9992924224880998,0.088115832516544,0.2248927175907283,1.7050255930651437,51.72433473436848,0.554470315820658,0.1579033629817634,False,False,False,False,pachytene,37,late,12.421668853490726,18.1
451,7.593540484259341,132.75413204033893,88.78923165244508,57.45044899799999,2.393692023741579,0.814707443550692,0.0641369354506083,0.5619215513442045,0.999310027598896,0.1326253637756211,0.3927344112652391,1.3600253199791283,44.528119338517165,0.5606385011411159,0.1141385933626905,False,False,False,False,pachytene,37,mid,6.103499391381326,18.1
39,2.422117578874904,132.4320386097739,84.27583771507156,64.75989324599999,2.49118418571186,0.813960227478538,0.0511731017919823,0.5741822429906542,1.0,0.1434827625586613,0.3994421539733814,1.5974325818366804,44.287907904782976,0.5623496859714587,0.0891234488991594,False,False,False,False,pachytene,38,mid,1.5850076652589309,18.1
363,7.243658029430086,131.5726471089225,93.87071827015784,58.663216224,2.4104183235076047,0.7984245041586693,0.0631852815461809,0.5986907359650863,1.0,0.1451537737068921,0.3704345555875126,1.383772255538651,46.33076154157887,0.566419465584441,0.1055391001571564,False,False,False,False,pachytene,38,mid,10.999200973064868,18.1
142,3.4941590241296736,129.20428180927937,96.83796714005744,52.690865436,2.3256743739157826,0.7827441901878729,0.067456525893369,0.5432377049180328,0.999663571524694,0.0915371950340482,0.2213892808685995,1.6992513955296351,49.04887995842921,0.5701849850169686,0.1241749703355869,False,False,False,False,pachytene,38,late,13.649776820018348,18.1
272,5.180338706755988,135.8095093687712,90.22221228491156,51.804161352,2.312554692431807,0.8142546640101431,0.0487012987012986,0.6323744514870795,0.9998771272347484,0.1091967275796143,0.3294729624070033,1.219426135567148,40.94648409000396,0.5734842743388335,0.0770133875376743,False,False,False,False,pachytene,38,mid,7.772480309486123,18.1
184,4.062322533673274,135.3307456315967,64.59745245462577,90.213930324,2.7822426144443355,0.7266628529824743,0.3427946233197874,0.3270547945205479,0.9982818712876148,0.1032992083428808,0.1798544876150241,1.1136451699607504,40.615452352516485,0.5758859864314073,1.0481259686845856,False,False,False,False,pachytene,38,mid,17.854613733043116,18.1
400,7.905412262156584,112.94584561522448,129.3878279746306,55.47764969999999,2.365973167003742,0.642706131078224,0.2435771193268283,0.3750295857988165,0.99265605875153,0.072923995350127,0.0485480014041727,1.4353229609352054,69.2190798532826,0.5779462108879142,0.6494877432349951,False,False,False,False,pachytene,39,off_axis,43.93167279810879,18.1
340,6.661410159211236,133.0248711635376,99.2857432234776,52.599380094,2.324327597951506,0.7928912277572135,0.1017408123791102,0.5546942291128337,0.9997380484610348,0.1286722307874465,0.2983182339083279,1.5328335193511082,45.56140292303184,0.5796159349067843,0.1834178310126506,False,False,False,False,pachytene,39,mid,16.552536661274765,18.1
452,7.062658719875294,136.20712230629337,93.5497729334046,90.52357302,2.7854221578851863,0.8634879502461777,0.1066644056299813,0.6249050873196659,0.9999354484717424,0.0871852974351632,0.3376485360883383,1.1046482256983343,40.65419640409506,0.5806187742486265,0.1706889698841864,False,False,False,False,pachytene,39,mid,11.110941605674894,18.1
380,7.535618729096642,138.6792036941333,85.81566956141442,61.72211073599999,2.451606251011768,0.7870553359683794,0.0763270689086712,0.505800464037123,0.9991423180284752,0.0829547369948624,0.1701096725935033,1.59414402323308,37.939007467326725,0.5819748229401366,0.1509035169708133,False,False,False,False,pachytene,39,mid,3.458798742764847,18.1
238,4.518596596898265,138.50436065351576,87.55803588314923,46.734935094,2.234520507850259,0.6953270089845907,0.107746582390122,0.6026359143327842,0.9983076511980048,0.1127969464342983,0.1766677064521294,1.159159079583994,38.168809364463016,0.5830925547002729,0.1787921692476874,False,False,False,False,pachytene,39,mid,5.194771546710995,18.1
42,3.151564554299146,137.7512096450191,73.90885230607559,44.60496867,2.2000448940862385,0.7206415987378385,0.0159318266024452,0.6656626506024096,1.0,0.1637674292007901,0.2750241574287957,1.360380389963223,38.49036925054118,0.5849424106730922,0.0239337847602345,False,False,False,False,pachytene,39,mid,8.471392801851545,18.1
41,2.8091755181122804,138.38105098432436,92.17282866138466,67.800021534,2.529572167669675,0.7743832820122478,0.0925410520456443,0.5397945100444717,0.999787899676547,0.0724597300794306,0.1577714377501683,1.2578048714824894,38.437851449207265,0.5870359728181855,0.1714375569288769,False,False,False,False,pachytene,39,mid,9.80336504334382,18.1
40,2.109831634229222,135.98208389712556,95.36582417747854,60.746267088,2.438617364916509,0.7800818659252394,0.0,0.5654082528533801,0.9999425914231588,0.06301226907282,0.1491087741464173,1.3764194530415037,40.936496522409136,0.5898707636060392,0.0,False,False,False,False,pachytene,39,mid,12.918976740815571,18.1
102,3.255525076765706,135.5654572446267,99.30068457728126,57.29562764999999,2.391539861703281,0.7449744114636643,0.0866568914956011,0.5227163268582437,0.9981211836542978,0.0957947561156474,0.1716824834981357,1.8419746793077767,41.47722824401611,0.5899507473754749,0.165781872581726,False,False,False,False,pachytene,39,mid,16.838710576008467,18.1
453,7.274141732283682,137.8920386740171,97.20156949606208,74.47845149999999,2.610041081402595,0.8078425196850394,0.105425219941349,0.5661366989018194,0.999911453490946,0.0899617617090777,0.2103839351452444,1.3052570771528311,39.08549138046991,0.5905909461546138,0.1862186644071135,False,False,False,False,pachytene,39,mid,14.814146413691,18.1
482,7.488560784528153,140.7619415602897,89.70997837341906,85.63497166799999,2.734350497599204,0.8367665589218211,0.0614269963773822,0.6413827823460312,1.0,0.0635466453763293,0.2024869912427775,0.9761951876590872,35.98034115545691,0.5920535261611566,0.0957727554716956,False,False,False,True,post,40,mid,7.416963016910759,18.1
43,1.9743304108645936,141.5187955131511,82.37086501289555,68.22695313,2.534870570031922,0.8158500945504555,0.0330384545946922,0.5782300224047797,0.9999524058826328,0.0921910742833435,0.2763843022886657,1.1905356992079008,34.99200227290616,0.5938012969810124,0.0571372175683473,False,False,False,False,pachytene,40,mid,0.10542425425518821,18.1
273,5.435784662867708,142.40748698361972,85.72081917734914,79.043335488,2.6623115914295634,0.7837725546058879,0.2541713583785443,0.4339829810595663,0.9987739897203752,0.050555093802988,0.0643216447894343,1.2255866142696834,34.20958866096911,0.59645698160758,0.5856712577944573,False,False,False,False,pachytene,40,mid,3.481782406684996,18.1
143,4.6370187216527485,142.25236863124164,65.82841383444935,469.61537248799993,4.82189665870542,0.7726528002557493,0.2646460076905678,0.4697675440523794,0.9996602294636366,0.0830863187793542,0.2201868961874485,1.2039086209019854,33.736173904605586,0.5997533998202548,0.563355240354918,True,False,False,False,pachytene,40,mid,16.405593752525387,18.1
44,2.2156281083611185,142.77008848517207,89.12143935404845,80.18338359599998,2.675050118358996,0.8233573225674331,0.0501809029416391,0.5917522358396821,0.9999603457847568,0.1111704158156525,0.3219285825578933,1.1648538957177708,33.95460308518523,0.6003275351347346,0.0848005295162656,False,False,False,False,pachytene,40,mid,6.892160654217754,18.1
255,5.541998805792002,141.1551669390943,96.33301570756755,62.857467288,2.466547156533199,0.746044185699358,0.1043695709397209,0.5729610580455547,0.999939617172876,0.0740809882096385,0.145043675420613,1.4415682405663055,35.79655199070828,0.6005054994810665,0.1821582278134909,False,False,False,False,pachytene,40,mid,14.049117363047605,18.1
45,2.574507577240873,142.39583577554228,76.76792297842286,59.90413278599999,2.427295917041152,0.7912832360888123,0.0485540878257765,0.5774859287054409,0.9995461507913996,0.1002575474357291,0.2627597479918213,1.1587692074124465,33.938387491804576,0.6035002444872031,0.0840783911992816,False,False,False,False,pachytene,40,mid,5.467012820899661,18.1
302,6.384473279084926,142.8501711073248,73.86433345612573,42.665010264,2.1676762287007776,0.7175060479436992,0.1326806212018906,0.5858310626702997,0.9999048253545256,0.1128561863359199,0.2073248435145337,1.3155908809593275,33.392546591396126,0.6053718640395541,0.2264827347957853,False,False,False,False,pachytene,40,mid,8.3547992429089,18.1
402,7.572392242448393,143.5803593571755,93.75244846485928,47.293230258,2.24338316466012,0.7834928822975051,0.0425531914893616,0.6492554410080184,1.0,0.13423042938005,0.3175845715184928,1.080345172501166,33.291042967566405,0.6056364156075353,0.0655415246475171,False,False,False,False,pachytene,40,mid,11.546456760046855,18.1
427,7.031504563745506,143.45328998920672,79.92881194425502,71.70339612599999,2.5772133491657265,0.852455262210881,0.080342577487765,0.6376940133037694,0.9999169021106864,0.1161771923235816,0.4558299501842987,1.2126061326506412,32.98132229037611,0.6076776985909234,0.1259892296487554,False,False,False,False,pachytene,41,mid,2.274293812197075,18.1
46,2.1084492440606954,145.4228798552938,79.63037957235285,108.6095214,2.959782264864276,0.8172138228941684,0.0262340352088367,0.5293631100082713,0.999819765695404,0.048818927174508,0.0879806819871887,1.4744378315871935,31.003287297328917,0.6099475690749961,0.0495577321366931,False,False,False,False,pachytene,41,mid,2.510352464808558,18.1
144,2.624765642031723,145.17707210959082,74.46420270329025,96.840753174,2.848764287955181,0.8121018336845676,0.0123503947033358,0.6233079798891324,0.9996041955274094,0.1065036941400417,0.299493282167623,1.2000438609909236,31.085758636521557,0.6102023105743134,0.0198142733637593,False,False,False,False,pachytene,41,mid,7.681716247071096,18.1
185,4.681367372056949,146.4844765196344,86.77277467344116,59.083110486,2.4161556811610976,0.7408186763012665,0.1614643545279384,0.4410232843137255,0.9993726474278544,0.0460871593161759,0.0692342709014795,1.3695610708788457,30.167868418688926,0.6109309172927466,0.366112992830282,False,False,False,False,pachytene,41,mid,4.662016080867362,18.1
175,3.851699648348716,146.80523126249804,90.44623385506355,34.020818334,2.0101048688988907,0.6845480245466455,0.0414833438089251,0.6756284153005464,0.9995157384987894,0.0716627756807486,0.1045707975206251,1.0376526358135725,29.96332844566856,0.6157276349041633,0.0613996434570794,False,False,False,False,pachytene,41,mid,8.34377508486969,18.1
454,8.091539345003515,147.7572861796543,87.21328177008886,67.40123927399999,2.524602981800737,0.7580482372185292,0.1224438273163343,0.5046029919447641,0.9985298275374612,0.145070276233863,0.264358666757068,1.481373474873383,28.909610941970918,0.6172686402726585,0.2426537877717092,False,False,False,False,pachytene,41,mid,5.142514837494464,18.1
274,5.698577053525716,145.74789470975978,100.97395317141635,60.17155147799999,2.4309024617332597,0.7035983002611984,0.148027790228597,0.4903327633828752,0.9993428738317756,0.0560830621451379,0.0763950736310952,2.030005576428375,31.352736747545645,0.620556649538956,0.301892513172753,False,False,False,False,pachytene,41,off_axis,18.83283505992653,18.1
47,2.2455113140400176,146.11095287047905,95.71307192640712,69.871343508,2.555074072050852,0.782548848452293,0.0498753117206982,0.5294117647058824,0.999747155499368,0.0800563690545729,0.2044654980011821,1.4674394413083396,30.82365414001751,0.6207542228932814,0.0942089221390967,False,False,False,False,pachytene,41,mid,13.58604992076122,18.1
428,7.259525907278999,146.82411613593226,97.25771200755052,55.91161862999999,2.37212635470298,0.7932871827144955,0.067032758947169,0.6184290643393546,1.0,0.1171066015899772,0.3015635398078872,1.3076493697092757,30.159646287350427,0.6207912174465826,0.1083919932171651,False,False,False,False,pachytene,41,mid,15.152449740431463,18.1
48,2.083685304059361,150.34504767885446,89.23173751977131,75.64430316599999,2.623589429224842,0.7983998511489441,0.0530225782957028,0.5326872788801723,0.9997743784125264,0.110189451964309,0.2941308079044841,1.4178113464439537,26.38690974607114,0.6259653950304445,0.0995379097604286,False,False,False,False,pachytene,42,mid,7.241717511457755,18.1
108,2.8842441674657,147.8502886505258,98.970737224356,58.71951489599999,2.4111891640857377,0.6878395653563438,0.1167627444331411,0.5231635525979011,0.9990924217213736,0.0285871698008549,0.0622328898164451,1.720215274163743,29.188105180592128,0.6264620899404445,0.2231859307731323,False,False,False,False,pachytene,42,mid,16.89703946325961,18.1
161,4.107243020712839,149.38278226553808,72.31230569278169,36.467464788,2.0571801305259534,0.6988936060723016,0.1229154955967771,0.4729758598590045,0.9926776922105794,0.1325369143105244,0.1679817036422277,1.630551004996745,26.81416353513355,0.6269562873845973,0.2598768901935473,False,False,False,False,pachytene,42,mid,9.69966915768907,18.1
103,2.7075718015665915,151.65035039164425,80.23686853785976,5.390597843999999,1.087717480338756,0.8080939947780679,0.015625,0.3242630385487528,1.0,0.135064503703417,0.3754061477828552,1.5862353006914085,24.79808601155252,0.6312158806862729,0.0481861888111888,False,False,False,False,pachytene,42,mid,1.707423358726442,18.1
239,5.17981712663388,152.81460538599654,87.87692879629206,56.183728878,2.375968344314594,0.7101582397394681,0.1910976462363085,0.4572169403630077,0.9976803525864067,0.0932343633476806,0.1429049417798424,1.2295337177879442,23.875782655519785,0.6327387799052498,0.4179583680442514,False,False,False,False,pachytene,42,mid,5.965605180501181,18.1
50,2.556984882418868,152.26919361701945,74.75777393617263,33.516476063999995,2.000122430914365,0.7327127659574468,0.0920114122681883,0.4791830322073841,0.9996345919610232,0.1193613523769194,0.1852883078274201,1.3715741878403782,24.00645206216236,0.6342214422047537,0.1920172587170553,False,False,False,False,pachytene,42,mid,7.164231975674887,18.1
303,5.96585223967388,151.44430388307558,78.15924845113449,64.51827811199999,2.488082173616231,0.7970840605002909,0.1636445376891953,0.4739294033327361,0.9996141975308642,0.1045966821075979,0.2394416730061781,1.6708440836135323,24.938391946426986,0.6346510760279673,0.3452930679937235,False,False,False,False,pachytene,42,mid,3.790515923423617,18.1
354,7.004820891885416,151.269439119477,91.78914993501836,115.51549183199998,3.0212305955556444,0.7625294452115994,0.1605168700646088,0.5110312981015905,0.9996100224237108,0.0372847094876528,0.0738555117894532,1.180381225480891,25.543775415616338,0.634771108613204,0.3141037949356652,False,False,False,False,pachytene,42,mid,9.827057392008188,18.1
145,2.0593150684931065,152.8000249315056,61.833247068493776,17.1241794,1.5989702614857744,0.3797260273972602,0.0878323932312651,0.629196113074205,0.9421768707482994,0.3593103015853136,0.1292515623908033,2.5631636506099347,23.067564451764103,0.6361144468719233,0.1395946214640816,False,False,False,False,pachytene,43,off_axis,20.065536820256774,18.1
211,6.61710434037314,151.0581151601349,99.04053988155847,60.20673814799999,2.4313762110556945,0.7424608431387828,0.1287729010148939,0.499697428139183,0.999541914796152,0.1268201949207939,0.2401078865206204,1.477535943437056,25.984085196370533,0.6364872470549029,0.2577017486250223,False,False,False,False,pachytene,43,mid,17.068151319692543,18.1
51,2.4673064063126047,152.9892519493096,81.79726852681715,70.15752842399999,2.5585577491054043,0.8030292898221212,0.022402920677066,0.5165506705143439,0.9994724726644926,0.105883165440046,0.2642378200174329,1.445990337779275,23.509150118535725,0.6366066424844383,0.0433702286258942,False,False,False,False,pachytene,43,mid,0.10550270827278001,18.1
503,8.117795382089238,153.9003108540244,86.67178585643777,48.562296156,2.2632726115932384,0.7327794415998454,0.0965213130818226,0.4526391901663051,0.9994323710671424,0.1062667766683033,0.1832926978094605,1.537334418097906,22.752545372021725,0.6381354716892687,0.213241175706327,False,False,False,False,pachytene,43,early,4.795364233624786,18.1
455,7.682015638575509,153.354608659133,82.62768311613115,48.599828604,2.2638555349277536,0.7264214692537889,0.1150663544106167,0.5127028934368384,0.9988219454729048,0.1018761963247126,0.1511038494569996,1.1976560023208755,23.17021086163686,0.6417916880586907,0.2244308660699847,False,False,False,False,pachytene,43,early,0.7360399797064828,18.1
49,2.182831538907792,152.50818428211915,95.7317329830444,72.770725116,2.5899379800540907,0.8047192315131197,0.0524010636633818,0.5888081875206339,0.99990911982551,0.0482201176124798,0.1363785841550328,1.157700284828047,24.430205622517988,0.6424015526866252,0.0889951341947763,False,False,False,False,pachytene,43,mid,13.80680775911043,18.1
456,7.617296764906024,154.2814115766323,96.7660951284164,61.92384764399999,2.454274347288444,0.7700204560951587,0.1304783729590375,0.4949761159611267,0.999939649969825,0.064725890380918,0.14363532370308,1.2935622362666064,22.69054181821282,0.6461080682721791,0.2636053917585081,False,False,False,False,pachytene,43,early,14.896674693087014,18.1
176,4.217233752176735,153.54439044190127,100.22041430185148,49.845436722,2.2830334013661786,0.7654948468163207,0.1050646551724138,0.4874573550070238,0.9995481587468936,0.0819971063301637,0.175965477473138,1.813175626274192,23.53632647289027,0.6466967786620407,0.2155360958106784,False,False,False,False,pachytene,43,off_axis,18.32598503525693,18.1
256,4.931183462532306,156.30858964341311,90.09960572092984,45.39080429999999,2.2128896438095054,0.7376744186046511,0.1871897518014411,0.4280929866036249,0.9991144957053042,0.1018217706140927,0.1913173973900828,1.319422488153525,20.453762972835925,0.6467759798803774,0.4372642338445077,False,False,False,False,pachytene,43,early,8.29755715121507,18.1
291,5.863356805419328,156.91721566539377,87.19169867635142,52.63456676399999,2.32484577337396,0.721454675104733,0.150237933378654,0.46336,0.9993722536095416,0.111723155636742,0.2126231141817046,1.435539370845079,19.75357199795879,0.6470017846596211,0.3242358714145675,False,False,False,False,pachytene,43,early,5.410329828463807,18.1
52,2.3732209558471875,155.89257554832352,76.93565719279741,48.98453619599999,2.269813268162008,0.7068288478115123,0.1260528194147038,0.4704344985298921,0.9988501680523616,0.1146284007612785,0.159979518707586,1.4229951658295623,20.453684142814286,0.6485395934336685,0.2679497779363947,False,False,False,False,pachytene,43,early,4.872963285442672,18.1
325,6.911144083304163,154.17835159918226,54.644889098109495,352.55870451,4.382422831081303,0.7674839482351375,0.3512419708164704,0.4046242774566474,0.998502589506868,0.0517393634445473,0.0932096717744974,1.033118191987091,21.46282585475764,0.648647080645169,0.8680694421607055,True,False,False,False,pachytene,43,off_axis,27.206761417515544,18.1
146,3.74613881506963,156.17380168438785,73.36030292715424,60.023767464,2.428910695266104,0.7834141003595435,0.1269691241335854,0.4541681703356189,0.9993914683867828,0.1093597599077677,0.2398837529256452,1.7137291880140773,20.05964313444984,0.6488195811811114,0.2795641183743863,False,False,False,False,pachytene,43,early,8.437648116979052,18.1
403,6.522296193945244,156.89099677804518,76.83642171837656,37.349477316,2.073633369631849,0.7647908554201733,0.2189781021897809,0.459279038718291,0.9989461481715672,0.1113625900507992,0.222700855220377,1.200669193239928,19.452626179368064,0.6537099392345828,0.4767866236632149,False,False,False,False,pachytene,44,early,4.9406063572486625,18.1
483,8.087936175356383,157.3419212748812,80.78494015633932,58.217518404,2.4042983586231856,0.7701265210734145,0.1496497242510061,0.4606485539000876,0.9995411340544084,0.0675373560863167,0.1588391315745049,1.2564882887151605,19.126671306686397,0.6567179598479402,0.3248674569452016,False,False,False,False,pachytene,44,early,0.9798129799372619,18.1
53,2.77628709990301,158.1071636973789,92.17382957516833,60.46242794999999,2.4348132577546973,0.7428516003879728,0.1277799710488222,0.4713337356668678,0.9971062150608352,0.0463540443719101,0.0909454174913963,1.8445868111386756,18.721617146734193,0.6571977915854189,0.2711029603430197,False,False,False,False,pachytene,44,early,10.427567494431546,18.1
54,2.370606603532233,159.2556461786494,78.13524840030651,45.82477323,2.2199195628289696,0.7026874840030715,0.1727674120495655,0.4509297520661157,0.999312984591226,0.0644543866036282,0.1072312786642761,1.4184021158694782,17.130190652807308,0.6579385910392755,0.383135979069827,False,False,False,False,pachytene,44,early,3.567722253458538,18.1
104,3.084523521732922,157.21177881835678,98.02420821930954,48.51772637399999,2.262579999898271,0.7529855436832181,0.1271143003587903,0.5122333137600313,1.0,0.0978310425299397,0.1943815911010548,1.5465983101302772,19.801384588850812,0.6603676926114149,0.2481570349763316,False,False,False,False,pachytene,44,early,16.246738108217507,18.1
429,7.538227477563877,160.6637570388621,86.40917579632382,60.903434214,2.440718676012782,0.7489889458074952,0.1376207489744607,0.478747890133497,0.999935367114788,0.0946970451225291,0.149820986774275,1.343696542444409,15.984178760209144,0.6611218761381329,0.2874597503418464,False,False,False,False,pachytene,44,early,4.746561088552266,18.1
470,7.736329927488382,158.710705125246,92.48701312623358,56.936723616,2.3865358045392475,0.7810646011865524,0.1144809198466921,0.5045163718479488,1.0,0.0904620617656306,0.2121668786617763,1.4175327898401733,18.128271319741827,0.6616559972462718,0.2269121999497658,False,False,False,False,pachytene,44,early,10.759662242057054,18.1
178,3.872646795686595,159.97955955643795,84.14203706738057,49.817287386,2.2826035527513846,0.712953807034892,0.1641299876593994,0.4822834645669291,0.9997385393062576,0.0752316148109299,0.12411138817745,1.4893902422013303,16.596409573742893,0.6631023222876133,0.3403185050243875,False,False,False,False,pachytene,44,early,2.4589383831679643,18.1
55,1.9866316639741224,160.10926455472668,89.2160287863493,46.465170624,2.230212825286141,0.7281906300484653,0.0720441227163046,0.5035289747399703,0.999383096853794,0.0878603104342395,0.1255025283468627,1.253090514970628,16.62707064445204,0.6633166924002519,0.1430784052764973,False,False,False,False,pachytene,44,early,7.5344950274669245,18.1
457,7.73545285128558,159.9939836600788,98.69422998136584,62.93722373999999,2.467589938524604,0.7454342154304883,0.134676295451666,0.5243045387994143,1.0,0.1577548765259066,0.2955003772151633,1.7147059569160448,17.04173638143984,0.6665128634526049,0.2568665450809492,False,False,False,False,pachytene,45,early,17.004322898365754,18.1
326,5.893133621577185,160.0944025324266,80.09562075355245,45.573774984,2.2158590492470704,0.6442763022441836,0.1742143625283785,0.4693966140934741,0.9931812837996709,0.135241715664874,0.1158128344093764,1.3894953021195335,16.353786528199535,0.6668940182111659,0.3711453327477262,False,False,False,False,pachytene,45,early,1.5818298546451786,18.1
177,4.195933565234353,160.31817570427455,99.96998911371504,47.87967475799999,2.2526178824216783,0.7204938513546617,0.0866154338776816,0.5314636283961437,0.9993242101706368,0.1377965057487158,0.2434546195367359,2.0533442372550788,16.75801089810052,0.6696328871971304,0.162975280432775,False,False,False,False,pachytene,45,off_axis,18.28968731960825,18.1
56,2.217892866209755,161.51559012947962,80.76855632901885,46.20009771,2.2259637878447363,0.703985783193704,0.0874941305368602,0.5193825042881647,0.999249530956848,0.1218307760755731,0.1874681798819278,1.700442912750047,14.954568234577637,0.6696917026765004,0.1684579858090804,False,False,False,False,pachytene,45,early,0.8643309755245043,18.1
162,3.056872933396308,162.64654633915978,94.1903567784606,4.966012026,1.0583753568517544,0.7850732168162494,0.0,0.3626373626373626,0.9984051036682616,0.1267436496522677,0.1888995698078662,1.4083971817586305,14.248208081322739,0.6740317743186727,0.0,False,False,False,False,pachytene,45,early,12.586499652609293,18.1
292,5.310915273719812,162.9672869438216,76.22763890990966,48.977498862,2.269704565835891,0.7149288759040184,0.159559446484044,0.4623655913978494,0.99873417721519,0.0550219659643494,0.098238024279032,1.3994035236686784,13.360136028122396,0.6743258095666366,0.3450936865817697,False,False,False,False,pachytene,45,early,5.357118594248344,18.1
147,2.7757959401708776,163.96335943910313,91.66599646634656,87.82592831999999,2.757473705955896,0.854326923076923,0.0504874651810585,0.5077007700770076,0.9959620362381364,0.1543927712558098,0.5438378172199049,0.9195445850373392,12.8523008318904,0.677087663104925,0.0994433496198964,False,False,False,False,pachytene,45,early,10.105001178593826,18.1
109,2.534305076077291,165.04447805906997,79.26262504794697,18.346329738,1.636138993578845,0.5783147935046669,0.0328445747800586,0.6149181322013342,0.9962871287128712,0.1466619102089678,0.1024277622612599,1.1647113223938703,11.379865336764171,0.677901843427471,0.053412922891831,False,False,False,False,pachytene,45,early,2.258023278467776,18.1
186,3.68801634797824,164.44587525908454,87.86596148007656,48.21277523399999,2.257829660499051,0.6758137498175449,0.2015578190533253,0.4786132372805042,0.9990105867220738,0.1306696288485656,0.1754876252615925,1.4692225080133012,12.249972337876535,0.6797279296883146,0.4211288016156497,False,False,False,False,pachytene,45,early,6.322107075039344,18.1
484,7.92652762216668,163.95486410842008,90.97959770748746,54.43612426799999,2.351073442898255,0.7496768077221408,0.1256773028296207,0.4885522465140299,0.9995700465782872,0.1142506999078381,0.2238388649443289,1.3219594647446424,12.83910670136925,0.6801303076266741,0.2572443453619686,False,False,False,False,pachytene,45,early,9.418676662255882,18.1
327,6.3051926040059545,164.8051495377517,82.42932854006241,60.89639687999999,2.440624664816479,0.7432973805855162,0.1799163179916317,0.4443277310924369,0.998369011213048,0.0500211294633756,0.0905625946704792,1.3050023995180964,11.719119245201886,0.6809995887578243,0.4049180490024431,False,False,False,False,pachytene,46,early,0.8995384285622426,18.1
328,6.21585903083688,165.9718388915349,88.60620784021951,39.40437884399999,2.110985703935162,0.64596975830456,0.2292638672887507,0.4476206490667563,0.9986803906043812,0.1289787982376375,0.1635299497155498,1.2761047494001756,10.748156842885704,0.6810687740189684,0.5121834029925622,False,False,False,False,pachytene,46,early,7.110193301458387,18.1
364,6.388899994120572,165.39204281850795,79.00710081133414,39.89933800199999,2.1197876629379517,0.6923981421600329,0.1716276124129195,0.4759174311926605,0.9989573679332716,0.1156278006954701,0.1627541766779189,1.3670787408206375,11.024401361187103,0.682932570322283,0.3606247663230503,False,False,False,False,pachytene,46,early,2.502439439076463,18.1
57,1.918784903344641,166.78319631789049,79.33200638846347,38.22445251,2.0897013412912675,0.8259588830929733,0.0,0.3790550070521862,0.9994864332791236,0.1324632822635974,0.4094585945023453,1.5204378695533387,9.644206950174079,0.684147299761951,0.0,False,False,False,False,pachytene,46,early,2.1337456898720033,18.1
188,4.463479556047077,165.58266582904986,96.76617748522384,48.82267751399999,2.267310475721994,0.7495795896795272,0.1046211991066826,0.4932847275518035,0.998730561726436,0.1381603505522329,0.2630498654789806,1.7117582690241226,11.394931475076755,0.6880788216383004,0.2120908944939829,False,False,False,False,pachytene,46,early,15.253794645772226,18.1
275,5.56031077634806,166.69668829844397,68.81891095427548,39.552162858,2.113621457893633,0.7463377023901311,0.0754431474275831,0.5436053308393733,0.9992327611009878,0.1831869847489723,0.3289652593982815,1.4704726992317936,9.398534250052933,0.6900599074684116,0.1387829426011928,False,False,False,False,pachytene,46,early,12.644326271846905,18.1
58,2.0351464789926745,167.85291513970094,93.85811441896216,55.32986568599999,2.363870434654441,0.7618179505659898,0.0606921919411469,0.5083659665361339,0.9996614530435372,0.1181503912254357,0.2384000883337172,1.5593146348774507,9.0339417237417,0.6920196617680048,0.1193868117385726,False,False,False,False,pachytene,46,early,12.418906619066787,18.1
257,5.077175739247408,168.5598431199601,90.58345646421256,55.84828262399999,2.3712303109178907,0.7055611559139785,0.1945306216247271,0.4539229671897289,0.9978344562078922,0.0381812294548074,0.0584088482765436,1.3291095802003108,8.223911192735985,0.6927431535241181,0.4285542607131795,False,False,False,False,pachytene,46,early,9.168217087795504,18.1
187,4.231955510400505,166.40412849580648,71.89633994973377,43.868394378,2.187867632180322,0.6965402919629966,0.1297347032663701,0.4741850220264317,0.9966673609664654,0.1205516157204824,0.1642214465519204,1.6503637317516058,9.788172441712797,0.6933877425093805,0.2735951100099036,False,False,False,False,pachytene,46,early,9.577676220111826,18.1
61,2.4578427977839725,169.74675937500191,78.48336562499934,54.19685491199999,2.3476237358434,0.7326436980609419,0.0694486291051521,0.4779018941233608,1.0,0.0816971563467553,0.1279787220891643,1.4211752070962296,6.655312339924481,0.6940319465057242,0.1453198448450287,False,False,False,False,pachytene,46,early,2.8883357426221807,18.1
381,6.6746162162159965,168.65884485405542,77.30796462162061,43.396893,2.180000915584029,0.7062162162162162,0.1211190168175937,0.4513339466421343,0.9992633129867396,0.0918441388716865,0.1270130051669788,1.3421806771162752,7.705549657306539,0.6944638695797585,0.2683578705273632,False,False,False,False,pachytene,46,early,4.097520220197079,18.1
458,7.637892413341802,167.7269555714565,95.291201794473,57.38711299199999,2.392812061722342,0.7846223021582734,0.1272155043895975,0.5000948946669197,0.9982378854625552,0.1146735262942173,0.255386457946988,1.2985905733876588,9.205113579232563,0.6951022705231368,0.2543827296503944,False,False,False,False,pachytene,47,early,13.847299224259322,18.1
276,5.594296612478288,168.31235345563977,99.60728491054604,51.658723116,2.3103885272280427,0.6897193715375534,0.1379005803684078,0.4968535050490267,0.9988524011299436,0.0605423956907854,0.0770450819756648,1.7942059329800484,8.756364821927896,0.695740807867966,0.2775477660257233,False,False,False,False,pachytene,47,off_axis,18.179722183813762,18.1
240,5.777429609445517,169.5535356948241,81.82494937556785,61.98483787199999,2.455079840063135,0.7657432636996669,0.1048445408532176,0.4539579967689822,0.9983352857759418,0.093837980178736,0.1999546355195288,1.3465606545509723,6.95400936892717,0.6972943920329804,0.2309564796731021,False,False,False,False,pachytene,47,early,0.4454755054106209,18.1
485,7.784508141868791,169.12170759536016,85.32587504461208,42.064491096,2.157457967033163,0.7411889359803703,0.1024946818797137,0.570566688213747,1.0,0.114964536475908,0.2175460934104243,1.1785932892779825,7.496225760276974,0.6973466831832746,0.1796366384455255,False,False,False,False,pachytene,47,early,3.9310109639321564,18.1
60,1.9521865650231292,169.43192109922484,84.59738716340648,57.23463742199999,2.390690975825958,0.737120373785811,0.0472370766488413,0.510757717492984,1.0,0.0541210352403248,0.1071882026691194,1.2765311587111865,7.163152175913818,0.7007387539919813,0.0924843130725483,False,False,False,False,pachytene,47,early,3.2126872218472267,18.1
59,2.165651249873536,168.73251248355336,69.2157509918043,46.35726483599999,2.228485083849486,0.6892520999898796,0.1317686978651209,0.4525321608858492,0.9979703673635072,0.0426326041899925,0.0497176584056218,1.7645405968834873,7.37626356404099,0.7035207448993135,0.29118084691965,False,False,False,False,pachytene,47,early,12.183367053955598,18.1
504,8.036702971343363,172.55600356349836,87.16316561277293,44.368045092,2.1961427270318974,0.6938775510204082,0.1770892552586697,0.4773747841105354,0.995216306156406,0.1240147441883708,0.1730569892761857,1.0793931621066597,4.1216891592943945,0.7046938241231482,0.3709648292140729,False,False,False,False,pachytene,47,early,5.875883236666814,18.1
62,2.936396497710679,172.6892782633101,81.03595129729409,58.40518064399999,2.406878979767056,0.7733552895814925,0.1311778290993072,0.4768740031897927,0.999429982899487,0.074558703036191,0.1699145877016186,1.4604911502209823,3.7949054711771875,0.705229776394938,0.2750785914557378,False,False,False,False,pachytene,47,early,0.24406201101303954,18.1
110,4.078008575512234,172.84896187231726,89.04105072891917,49.23788022,2.273719637741538,0.6521676989042401,0.1135259834871297,0.5551294343240653,0.9992325402916348,0.1641828173977798,0.2217317723100767,1.53340729757762,3.8882046325238115,0.7085322614593507,0.2045036282851058,False,False,False,False,pachytene,47,early,7.7620863158468785,18.1
382,7.159741564967819,171.1834374300009,97.61247708542513,49.01503131,2.2702841913068514,0.7343862167982771,0.1749665526980823,0.4873873873873874,0.9972908906197088,0.1308901512652558,0.204106581217445,1.4072422923842471,5.823692568133422,0.7087021217794882,0.3589886755912596,False,False,False,False,pachytene,47,early,16.27661553971286,18.1
459,7.750139489750435,171.8581492540266,92.70660405126674,58.018127274,2.4015503649892183,0.7737840132616343,0.1525295365040896,0.4514745308310992,0.9996120522436313,0.1198590260894444,0.2454612070272892,1.37871519508715,4.994327550786447,0.7088045329663448,0.3378474888125026,False,False,False,False,pachytene,47,early,11.394507394580925,18.1
164,3.385167378917369,174.5051630341895,77.36605077457249,26.347778496,1.8459437577520683,0.7206196581196581,0.1566783122816447,0.4410452517527087,0.9980414558511508,0.1472245977830292,0.2384353325161623,1.614779575187409,1.8639849160056137,0.7108658012370556,0.3552431675865615,False,False,False,False,pachytene,48,early,3.8547618264781858,18.1
258,5.408002114164768,171.83542568181397,73.28646117336133,44.38211976,2.196374926518406,0.7283826638477802,0.0532424465733235,0.5506907958746838,0.9998204184250696,0.109294774876679,0.1843266954435243,1.4144120015420965,4.403504169812491,0.7123262085986962,0.0966830151732543,False,False,False,False,pachytene,48,early,8.016659326960799,18.1
163,3.5688943996693547,173.11539026658232,98.31062195908204,56.75609871,2.3840094652397714,0.7716057036577806,0.0826693227091633,0.5501266739051756,1.0,0.1132258689311834,0.2563818495998104,1.9829115112672744,3.914760427308081,0.7139161752394488,0.1502732491088279,False,False,False,False,pachytene,48,early,17.035447608824583,18.1
430,7.63816200008071,174.10949400705314,75.25429492281076,57.891455262,2.399801308875057,0.7392925159042101,0.1247449326622228,0.448554553932235,0.9953769559032716,0.0337074701377829,0.057844896445568,1.3311619849024163,2.1927402720634204,0.7144406541702087,0.2781042608276999,False,False,False,False,pachytene,48,early,5.977963812241244,18.1
317,7.025695955684714,174.31237756266802,80.4685528276295,83.000662974,2.706019887239444,0.7371901760732555,0.1590703563031289,0.5030648456823315,0.9991779099569612,0.0746587737839116,0.11644065876656,1.4409127167619626,2.154690708134889,0.7145626314833226,0.3162024889403155,False,False,False,False,pachytene,48,early,0.7598990880558032,18.1
63,1.626105453139126,174.30186920845762,88.19717026556722,36.39239989199999,2.0557676560618647,0.6335567874178162,0.0,0.5306948109058927,0.99814200398142,0.1657239442103034,0.1620397729153204,1.461894014091166,2.40936205211086,0.7168066097202651,0.0,False,False,False,False,pachytene,48,early,6.964528426916476,18.1
355,6.488179178763869,174.511137645168,94.87306841559644,45.245366064,2.210523649767071,0.7488593944421402,0.1340722202359671,0.5435590421139554,1.0,0.1128330506568262,0.1960692075495141,1.517441760259059,2.411108020932685,0.718021232457112,0.2466562228723982,False,False,False,False,pachytene,48,early,13.643705497466367,18.1
404,7.679389377896634,175.62595198367129,89.77759610919739,55.165661226,2.361529669371061,0.7696134711060084,0.1416349809885931,0.4826504245108896,0.999329668856415,0.0702115466362848,0.1375221990918342,1.316521499860123,1.1358702160830603,0.7183678895596539,0.2934525151037085,False,False,False,False,pachytene,48,early,8.585996769623845,18.1
64,2.05061028548082,174.81050836525122,85.19044147387648,45.932679018,2.221660647239297,0.7639037842806803,0.0034490191851692,0.4871295695435864,0.998791978738826,0.1493987756132351,0.3333524222083777,1.403332628028194,1.8059859812459986,0.7190515107101876,0.0070802911603186,False,False,False,False,pachytene,48,early,3.9753698269566864,18.1
189,5.084210932079438,175.77856474442746,84.03390339989097,60.85417287599999,2.4400604454857127,0.7002929612211857,0.2226554689062188,0.4318971061093247,0.9977565061322166,0.0975796686415939,0.1275237927158301,1.2762267200363908,0.8018746201799184,0.7215082477072459,0.5155289668689252,False,False,False,False,pachytene,48,early,2.849992626005866,18.1
212,4.3857170227035,177.2228763051935,89.778728834179,48.97515308399999,2.269668329413287,0.7360858319762429,0.1774891774891774,0.4437386569872958,0.9988898377455168,0.0893129907173217,0.153668525424404,1.456892347847522,-0.4602211743114138,0.722275130473007,0.3999858355686576,False,False,False,False,pachytene,48,pre,8.64983204437073,18.1
224,4.289174257130026,179.03362144990444,77.19040858593306,31.419350532,1.957504931037364,0.7733313423921159,0.0855421686746987,0.3698945981554677,0.9942374183634268,0.1233339420078238,0.2443384845966921,1.286763394571563,-2.667762023723409,0.7265022999172563,0.2312609297385445,False,False,False,False,pachytene,49,pre,4.714622580339588,18.1
148,3.1517114068149086,179.00183195139064,80.48534290439144,30.497459778,1.9381691918591128,0.7940927620952234,0.1498888536043188,0.4109077325364214,0.998678361167848,0.0892470875106668,0.1810914829230065,1.772323283650732,-2.5318923760076766,0.7266829263824979,0.3647749646352377,False,False,False,False,pachytene,49,pre,2.600857925508781,18.1
259,6.6807920135873164,178.25375185783466,80.83593468373451,56.629426698,2.382234547498218,0.7105339463982436,0.2432315356291964,0.409988551803091,0.9973096363932824,0.0858766471400493,0.1260855117734293,1.3467641721549033,-1.7731095491114721,0.7279342268551432,0.5932642132554361,False,False,False,False,pachytene,49,pre,1.7932760370956353,18.1
117,2.910247508119632,177.20970473737177,72.65810491656231,20.945451762,1.710016788456484,0.6073468473513272,0.0019925989183033,0.7082144894466629,1.0,0.0478227261891799,0.0421320915144217,1.024016796382306,-0.9879436767974962,0.7293075989407684,0.0028135528826305,False,False,False,True,post,49,pre,8.532303025489501,18.1
304,6.022342251810981,179.55120167064635,85.51127756563095,56.02421597399999,2.373717652051436,0.7955030775028262,0.0758751182592242,0.4885339885339885,0.9987340970947528,0.0976610813479234,0.2447363112080453,1.5899639589062078,-2.9222047943282665,0.7299514157565489,0.1553118514576911,False,False,False,False,pachytene,49,pre,5.32020414284369,18.1
128,2.8364442473952414,182.169578984704,76.69854736200416,21.163609116,1.715933188317503,0.642207936156063,0.0173515981735159,0.7091078066914498,1.0,0.0410090174709808,0.0424239622091109,1.0172180531912798,-5.817693411790141,0.7383144928102348,0.0244696194425991,False,False,False,True,post,49,pre,7.222338754487444,18.1
207,4.966152908394375,180.7192924111827,69.55674064785934,53.87782910399999,2.3430082962170675,0.7572709857192615,0.1242538485705309,0.5210762331838565,0.9974431621864418,0.1531477908372295,0.2748265536450648,1.570542749690884,-4.593760059627684,0.7453214951666699,0.2384561809916384,False,False,False,False,pachytene,50,pre,12.35000169604551,18.1
471,7.857824130534981,183.4447650069378,77.49091583329759,55.780255062,2.3702671386147607,0.7052861768787586,0.1168241965973535,0.528824200913242,0.9968013730691216,0.0638973372476802,0.1108519722630625,1.285012505390201,-7.0672097980274735,0.7457279748320179,0.2209131057081094,False,False,False,False,pachytene,50,pre,7.863264902320974,18.1
149,3.762130177514801,183.72706942800505,73.24358905325259,14.271713352,1.504743588954199,0.6870479947403024,0.0175438596491228,0.5814075630252101,1.0,0.0276156925837802,0.0256006492983543,1.5398005078899748,-7.483558009032402,0.7473287514617674,0.0301748046720234,False,False,False,False,pachytene,50,pre,10.725890927263215,18.1
505,7.804115828859809,183.9741448999534,83.26852603709077,28.838994732,1.9023795530627767,0.7234423295916708,0.0815775256618044,0.5117647058823529,0.998520928856678,0.0951103428513694,0.161814287531262,1.2162692457716011,-7.413794875249073,0.7477815524391441,0.1594043604885834,False,False,False,False,pachytene,50,pre,7.775493999263833,18.1
165,3.7858140058544154,185.11931405539443,79.35989402837276,52.08800048999999,2.316770559383684,0.7690610222922765,0.1459027315123251,0.4783541341653666,0.9993469269283796,0.1015286785674066,0.2115359700711706,1.4642947687237688,-8.681876802493019,0.7478390082513846,0.305009868404078,False,False,False,False,pachytene,50,pre,8.815069062447309,18.1
65,1.4996794382536809,182.83250305296775,71.88661717294987,15.367191677999998,1.542299198931601,0.7653793313997863,0.0667880995749847,0.5159401431359791,1.0,0.1457936481068545,0.2782567214489411,1.1219171116541982,-6.632308645238599,0.7490958511154049,0.1294493178395354,False,False,False,False,pachytene,50,pre,11.234899823048417,18.1
66,2.391414081849315,186.81087520934085,82.45607428942218,59.669554986,2.4241234337601267,0.7379014820930141,0.035585129466223,0.4838758062096895,0.9989986648865152,0.0693707802551573,0.0919696877463271,1.5570216770052905,-10.274776739228248,0.7606756404558392,0.0735418655149749,False,False,False,False,pachytene,51,pre,10.40193605298973,18.1
431,7.441593670528403,187.6418897598152,85.51525293585595,41.50854171,2.1479110332247777,0.7541113308844306,0.109131859131859,0.4828774994254194,0.9987785398853708,0.1167405058137332,0.2198710855735964,1.340510955865286,-11.00872861868541,0.7623869757255469,0.2260031980403231,False,False,False,False,pachytene,51,pre,11.972170786885428,18.1
460,7.928489973733173,187.6132194887541,80.40058368249174,36.615248802,2.0599552853481824,0.7151002626689731,0.2070256776034237,0.4373735102316168,0.9986493123772102,0.0906437721411819,0.1316345093435139,1.26123304007117,-11.141659097525102,0.7629306547314852,0.4733384001554886,False,False,False,False,pachytene,51,pre,11.14911319066664,18.1
277,5.2729560410631375,189.25789610949863,75.57195095551563,44.55805311,2.1992732868702696,0.781363516714925,0.1126068376068376,0.5299783289188539,0.9993729916137628,0.1608417614221036,0.3580108227834925,1.3703964429544373,-12.93806449580414,0.7639613870565575,0.21247441916456,False,False,False,False,pachytene,51,pre,13.93719710653877,18.1
67,2.5001610478849745,188.49456863860527,72.22899550139473,43.697152584,2.185017114279045,0.7739424522224608,0.0154313771335048,0.5241035383519355,0.9989193682460517,0.0765969032295184,0.179032256478325,1.316867520376684,-12.280731196358897,0.7643655212504439,0.0294433752193878,False,False,False,False,pachytene,51,pre,14.96236978399787,18.1
342,6.89216747365425,187.24718356593368,70.7066285459985,32.944106232,1.988671455600066,0.7144688123041869,0.2589170208833857,0.3618453865336658,0.9985467228600494,0.0676064195972193,0.0885410312460685,1.5051430751398267,-11.082064537655553,0.7654320860133146,0.7155460053358903,False,False,False,False,pachytene,51,pre,14.999665763827101,18.1
261,5.158273242026674,189.60584107825477,82.05803418671131,48.470810814,2.26185047656024,0.7245801674490635,0.1477987421383647,0.4905991917062027,0.9996513249651324,0.1209076916432338,0.2015132154560923,1.39125616429613,-13.080922609337295,0.7661523675906957,0.3012616910850407,False,False,False,False,pachytene,51,pre,13.146549075348148,18.1
260,4.827064584436219,189.4201255823185,69.52477309423108,35.449397135999995,2.037855635974581,0.7668740074113287,0.0929454170957775,0.4802724950326426,0.9996780770468936,0.1104954460507007,0.2519112128001732,1.260562226176649,-13.291259932180912,0.7706183606647764,0.1935264210569883,False,False,False,False,pachytene,52,pre,17.394443156458205,18.1
68,1.982019919622604,191.36877769526208,76.94769878560183,53.69954997599999,2.340421140185595,0.7363271011707146,0.0872523816724633,0.5493704440026508,0.9993538196438828,0.1534363807974066,0.2619322496225659,1.1995664097423404,-15.00442873198609,0.7713131209622127,0.1588224896788264,False,False,False,False,pachytene,52,pre,15.463554158919884,18.1
179,3.794139549943243,190.16238678970083,86.04858416707154,14.489870705999998,1.512372018795081,0.8855431439209972,0.0,0.3804809052333804,0.9987737584304108,0.1320455062403019,0.5450147490937235,1.7421782258402778,-13.511118081347899,0.7744468090411327,0.0,False,False,False,False,pachytene,52,pre,14.520069410499667,18.1
383,7.809609374999434,191.371684218752,75.09352176897589,42.03634176,2.156976606471217,0.6969308035714286,0.1590275627129141,0.4420916958202909,0.9982220246694076,0.1111730689676346,0.1459731712168562,1.2455491205885978,-15.065912345168499,0.7752507248888512,0.3597162403556172,False,False,False,False,pachytene,52,pre,16.07067774906028,18.1
213,5.415245135203921,187.6601366755175,90.90713152956812,74.25794836799999,2.607462746653934,0.7894553955016427,0.1720496894409937,0.3887471867966992,0.9998985544002028,0.071621378989107,0.1466677019905752,1.881578003385028,-10.856622183734135,0.7775966770752942,0.4425747511093104,False,False,False,False,pachytene,52,pre,14.82492922089147,18.1
278,6.554678211424046,191.96651559188544,71.44469684026785,36.30326032799999,2.0540878176454176,0.7419229775135694,0.2171697373578989,0.3980971457185778,0.992543496271748,0.0879720513038895,0.1239304854935997,1.3701086376902918,-15.775723186481104,0.7812193801549873,0.5455194534638039,False,False,False,False,pachytene,52,off_axis,18.273194858901228,18.1
318,5.717933635956951,193.6207909212927,84.09654600728791,36.690313698,2.0613620287617924,0.5926091682117511,0.1775942178626742,0.4850910232266164,0.9966810487885828,0.1456091262528134,0.1220492825664452,1.1346571127952516,-17.029466105530428,0.7815057015733646,0.3661049356910257,False,False,False,False,pachytene,52,pre,17.38065879194349,18.1
305,5.515103830775462,193.74497731845275,80.00152290081252,36.373633668,2.0554142340140595,0.6716754804591771,0.1458053691275167,0.4586525240620703,0.9990651709401708,0.0698600738170748,0.0659223754289868,1.1914200197447025,-17.282963530215948,0.7818378485535261,0.3178994150870183,False,False,False,False,pachytene,52,pre,17.29382292755597,18.1
166,3.480396892747591,191.87496648605972,87.42396078725753,35.93497318199999,2.047118133246881,0.7269404008094523,0.1033226152197213,0.5957446808510638,0.9997808939526732,0.1168539608269764,0.2241232136846931,1.4628241291626078,-15.179390978144795,0.781954486030541,0.1734343898331036,False,False,False,False,pachytene,52,pre,16.61127323601296,18.1
69,2.4627862392161437,192.7412470071344,69.10495656087134,44.049019284,2.190866315315113,0.769730535733305,0.0376140663253951,0.5335337650323775,0.9995854750455976,0.1101925725722415,0.2341761621705065,1.654989397841117,-16.623986691522255,0.7822047145252196,0.0704998798400556,False,False,False,False,pachytene,52,off_axis,20.234305068525913,18.1
111,3.344009000562413,194.43826889180525,77.52964749671813,37.530102222,2.076970744900244,0.7155447215450965,0.1994722955145118,0.4418809052955394,0.9980906921241052,0.1076139982640059,0.1665500122461728,1.344629479764536,-18.054002357341933,0.7828452020851805,0.4514164181434825,False,False,False,False,pachytene,52,off_axis,18.311739827515808,18.1
529,8.379608816231046,194.3825419135904,85.15983413370185,32.141850156,1.972395884114161,0.6591008611881477,0.2061522773623385,0.4714193962748876,0.9959916626583292,0.1408551079695344,0.1631689365905459,1.1449523833714867,-17.75724466051895,0.7854463638240637,0.4373012205083939,False,False,False,False,pachytene,53,off_axis,18.33416835383364,18.1
70,2.2241097102411445,194.71612250829403,82.69218353019257,53.02631168999999,2.3305992569830565,0.761468701614687,0.0576721426074798,0.5816023738872403,0.999931842966194,0.1391773880304212,0.2850865872555466,1.2679954499159574,-18.168618594800176,0.7862066271577557,0.0991607758097996,False,False,False,False,pachytene,53,off_axis,18.290410822546757,18.1
486,8.001927652046653,195.11524344537008,80.11077778320092,38.454338754,2.0938822056195217,0.7244555603001281,0.1379770992366412,0.5237989816249723,0.999056999161777,0.1738648900429177,0.2857131818838678,1.2874373646479362,-18.64909399250344,0.7881415368633524,0.2634161273254051,False,False,False,False,pachytene,53,off_axis,18.65477313342421,18.1
432,7.959959464023846,195.76982237924005,74.21608398829143,41.66570883599999,2.150618554890459,0.6759936944037834,0.1753832927353489,0.4620330147697654,0.9979040521658128,0.1472373263814908,0.1770731399286819,1.413475599534655,-19.489575731088056,0.7882352801567625,0.3795903910086247,False,False,False,False,pachytene,53,off_axis,20.492181937331804,18.1
406,7.21781900758593,192.1311227859099,92.71580947963425,48.550567266,2.2630903864582668,0.7477895347151762,0.1505288852725793,0.506896551724138,0.9983940902521278,0.1244470410901424,0.2258892203095457,1.568528176779441,-15.268235387949492,0.7911086993487101,0.2969617464561089,False,False,False,False,pachytene,53,off_axis,19.446888047538973,18.1
241,4.793816644583056,196.49215650198815,75.19782381222983,37.178235522,2.070459413860698,0.6695690579847309,0.1379423868312757,0.5102157723887722,0.9972652689152234,0.0899546855529284,0.1204741246497844,1.570814223926491,-20.18053342713244,0.7919556002591006,0.2703608831719276,False,False,False,False,pachytene,53,off_axis,20.871842506689248,18.1
384,7.032696566998537,195.62635974529664,88.37669784053215,50.837700816,2.2980832847056494,0.6825858250276855,0.2071230982019364,0.4505015263846489,0.9960178249739262,0.1297819567038031,0.1577948132081475,1.4757572653567006,-18.898812056182148,0.7973369547205388,0.4597611463475704,False,False,False,False,pachytene,53,off_axis,20.451919030324532,18.1
190,4.402887245466647,195.23373536115696,91.8241315216276,46.310349276,2.227733055619788,0.7607638537128963,0.0875193199381761,0.5314418801609146,1.0,0.1149366247210765,0.226718582187075,1.5743261889966058,-18.397469769331444,0.8005354378719389,0.1646827681545841,False,False,False,False,pachytene,54,off_axis,21.565048490547316,18.1
407,7.056254129046528,199.48239916317723,80.47238535565018,42.608711592,2.1667223556496915,0.7259964765470162,0.1842320930994918,0.4470564597146875,0.99959559195228,0.1004001879845827,0.1509522247866885,1.2910054637243211,-23.002645558272654,0.802002683180167,0.4121002819578296,False,False,False,False,pachytene,54,off_axis,23.00267882612799,18.1
472,7.658020251727743,199.6684167407982,85.05194504589569,49.575672252,2.2789073419405725,0.732752910002839,0.1688005886681383,0.4916784702549575,0.9990824922845942,0.1292973670635931,0.2184360254548502,1.4326216551944035,-23.043889421751235,0.8032379267373129,0.3433149891241069,False,False,False,False,pachytene,54,off_axis,23.502898520190772,18.1
167,3.776736462678687,200.01873970677607,81.86526875784706,57.91960459799999,2.4001902083363684,0.7459803167145924,0.2061764333628655,0.4352678571428571,1.0,0.0873092424628051,0.1447545635869908,1.5288850593553542,-23.49471336459606,0.8047510408916183,0.4736771392131474,False,False,False,False,pachytene,54,off_axis,23.5393074709095,18.1
118,3.2916984413673505,200.55132227573696,70.74608934376933,35.067035321999995,2.0305022754006936,0.7932972105157535,0.058213959158793,0.5385113268608415,1.0,0.1312595159669127,0.3150149720946847,1.4663215483636916,-24.378315474632466,0.809353928950745,0.1081016429090567,False,False,False,False,pachytene,54,off_axis,26.218252512568988,18.1
522,8.461672623302185,201.8761698784832,76.46432862759175,32.81743422,1.986119329154269,0.7395282344531808,0.1377188831045906,0.4983534577387486,0.9992747491840928,0.1383075167700254,0.2811527509011985,1.2421933173163768,-25.521846874021772,0.8103185191558426,0.2763478028816786,False,False,False,False,pachytene,54,off_axis,25.816795903768966,18.1
71,2.72101363095796,201.52012906870783,76.04207072088671,51.283398636,2.3047795748019944,0.7673588875674686,0.0330798479087453,0.549547778214707,0.9999297999298,0.1170372875369665,0.2462057885863755,1.4399514344724025,-25.179324077154845,0.8105780834693841,0.0601946713645361,False,False,False,False,pachytene,54,off_axis,25.548005035661344,18.1
521,7.757542492917603,201.3420614376792,70.38017777974538,39.74686243199999,2.1170839553201137,0.730110953729934,0.1402519270539575,0.4911436693636562,0.999169693824598,0.1063395897159671,0.1739409171339888,1.5054095262306595,-25.180220069601752,0.8111358352954301,0.285561915591161,False,False,False,False,pachytene,54,off_axis,27.089288008407983,18.1
332,6.813208575581045,199.04302341932703,91.97275673600872,51.644648448,2.3101786826740067,0.7405069040697674,0.1874555539752525,0.470330824435498,0.9982571496474688,0.1057845261060286,0.1785138194981801,1.6814001452531186,-22.200160846440784,0.8119852995781942,0.3985610643321985,False,False,False,False,pachytene,54,off_axis,25.01108901237239,18.1
433,7.398512696493254,204.67793134824265,80.28178164449938,38.79916812,2.100122373158102,0.7067714631197097,0.1494212556997545,0.4389690721649484,0.9970113568439928,0.1346309272717204,0.1441403799735918,1.261971850366554,-28.20160595613483,0.8196326179090438,0.3403913058449081,False,False,False,False,pachytene,55,off_axis,28.201608840156236,18.1
306,5.801137452107564,203.63721485272825,76.0600158405175,39.183875712,2.107040711517594,0.6384698275862069,0.2110007839038411,0.4408014571948998,0.9953623188405796,0.0681522344743222,0.0826541157895998,1.1844275373237243,-27.294786128587113,0.821200725318296,0.4786753320793751,False,False,False,False,pachytene,55,off_axis,27.622112748433295,18.1
523,7.962047440699146,204.63412158016257,73.12422953451053,39.458331738,2.11194872589056,0.7762915403364842,0.1170811825434068,0.4382141908052086,0.9994176453460156,0.0802489277657333,0.1818589581097869,1.179789173254935,-28.38394477114614,0.8250723769819575,0.2671779805402303,False,False,False,False,pachytene,55,off_axis,29.26884327220679,18.1
73,2.407057323680788,205.80222421799945,80.26683864226395,51.520322214,2.3083233978365456,0.800983472203251,0.0247657295850066,0.534202699611073,1.0,0.105332269913739,0.2814846514849817,1.217656875745973,-29.325809697069268,0.8255764146435671,0.0463601730261516,False,False,False,False,pachytene,55,off_axis,29.325828646727544,18.1
74,2.4397158922758324,205.55648489938037,74.13613359721907,31.705535448,1.963430324501919,0.7331311038768866,0.0517875920084122,0.5403382312170779,0.998627744510978,0.0974647311741464,0.1889786218492621,1.2231810159030505,-29.27387884293313,0.8257118434803766,0.095842916559437,False,False,False,False,pachytene,55,off_axis,29.903097559450607,18.1
385,7.53664474443279,206.80655358255905,70.26416405330653,40.66171585199999,2.1332038751573568,0.7690665743625245,0.1078671718297303,0.4556582563077692,0.9999053388867852,0.1305093292368845,0.2507677423103662,1.2706026414414555,-30.645649666777924,0.8296452051606741,0.2367282285276374,False,False,False,False,pachytene,56,off_axis,32.21509990829504,18.1
293,5.906672688269163,207.21089622332985,86.44965269278406,41.55311149199999,2.148679531136676,0.678446426555267,0.1020022071574964,0.5577598314606742,1.0,0.1727286861391214,0.217560309313851,1.4556894867301229,-30.53844646410965,0.8298616804027091,0.1828783670031789,False,False,False,False,pachytene,56,off_axis,31.172967301411646,18.1
129,3.512069224981192,207.18626900677185,69.58123428894037,31.17538962,1.952425300618562,0.7028592927012791,0.0858796296296295,0.4958217270194986,0.9986021805982668,0.1553931859589074,0.2191567284556321,1.5390517863630508,-31.046751171904052,0.8321600402178663,0.1732066687473989,False,False,False,False,pachytene,56,off_axis,32.80744955536337,18.1
461,7.146987951807248,208.5020913559034,75.01523388793515,36.798219486,2.063380864886196,0.7241027602473386,0.264820791574656,0.4142791127541589,0.999756216479766,0.0761662965675648,0.1056545278974057,1.1943221035012868,-32.19024173457357,0.8336956028806215,0.6392327863553324,False,False,False,False,pachytene,56,off_axis,32.59650508184404,18.1
75,4.1278679311557145,207.5087418545845,72.56136518440391,33.392149829999994,1.9976462776542407,0.6637161924833157,0.1379434539888349,0.4545644453728849,0.994692144373673,0.2092818647431686,0.224844201678736,1.3329225915656373,-31.27491253556725,0.8338476974438083,0.303462920149151,False,False,False,False,pachytene,56,off_axis,32.188489665303244,18.1
487,7.948499962778619,207.70367057991484,83.4164766619518,31.510835874,1.959403012639991,0.7563463113228617,0.110356075020386,0.4402688664833486,0.9996236356793377,0.1113255282506128,0.1982093177747903,1.2255723331651125,-31.126801194949152,0.8344915288109669,0.2506560954488018,False,False,False,False,pachytene,56,off_axis,31.29512610611074,18.1
408,7.345502343124995,209.08664262772783,79.52295452623122,41.046423444,2.139910307260217,0.6632186535604069,0.1072564762914709,0.5796707958594943,0.9998870056497176,0.0470509107033795,0.0510624407567272,1.108440798831304,-32.63208994687051,0.8347707163278297,0.1850299809091447,False,False,False,False,pachytene,56,off_axis,32.63772400892852,18.1
119,3.123513927150165,207.70243399449356,83.961134692377,38.31828363,2.09140983573961,0.7251913070094889,0.1395437991182672,0.4847404767208732,0.998682187568636,0.0827742730214505,0.1450187064828742,1.3893356012835425,-31.108357984860554,0.8398409254964104,0.2878732142655797,False,False,False,False,pachytene,56,off_axis,31.337874711368904,18.1
76,2.553774220724564,209.6900585509702,75.46405129738994,55.68876972,2.368970602430711,0.7633951137320978,0.0888888888888889,0.5109489051094891,1.0,0.0774567120746327,0.1761416046884803,1.3106505197754923,-33.36343655201616,0.8404076263711686,0.173968253968254,False,False,False,False,pachytene,56,off_axis,33.68512608571645,18.1
488,7.865765271105165,210.18914544955516,70.94692118050801,34.177985459999995,2.013195497646559,0.7179821551132464,0.2882383509440499,0.4025310294475541,0.9989018531228552,0.0552971568940882,0.0717695016579949,1.2079203424315086,-34.004982855931225,0.8413746340039634,0.7160649238386343,False,False,False,False,pachytene,56,off_axis,35.21277300928499,18.1
120,2.5470416056869336,210.3672931110168,81.35869944072915,44.879424696,2.204547990038111,0.8033660882291449,0.0797455968688845,0.5058479532163743,1.0,0.0825319243234269,0.190728069723604,1.1906151335662405,-33.8541049411564,0.8414658962082437,0.1576473649084306,False,False,False,False,pachytene,56,off_axis,33.877875818851045,18.1
168,3.859280766095969,210.90198681234827,86.58049899144171,46.05231369599999,2.223587795414648,0.7720048899755501,0.0707909487232717,0.5797587131367292,0.9998460117031106,0.1481420908888163,0.3170516283208487,1.5261598775660732,-34.22356075806902,0.8441507124285961,0.1221041566417588,False,False,False,False,pachytene,57,off_axis,34.83628346551123,18.1
77,2.545896303185274,211.83381167751543,70.1019655312726,40.35676471199999,2.1278576832536023,0.7721460125552198,0.0847536773289749,0.4762755102040816,1.0,0.0752381544700589,0.1580808278830111,1.4755095765040285,-35.67552257492738,0.8483184266795843,0.1779509454363052,False,False,False,False,pachytene,57,off_axis,37.03329785756648,18.1
473,7.863580036767316,212.79411811126016,75.42520944372698,34.452441486,2.0185699241608663,0.7473956560223327,0.1999137373301703,0.3830188679245283,0.999376325308719,0.1137839778879055,0.178555374524775,1.1502831162438218,-36.467173763082734,0.8484846860929791,0.5219422698767995,False,False,False,False,pachytene,57,off_axis,36.75427613979964,18.1
319,6.045340569877945,211.0167044450512,66.07536706648366,43.22095965,2.177050978400557,0.753921302578019,0.1231870044478824,0.496029995588884,0.999468085106383,0.1393046264619785,0.2490781490252692,1.4908303457403416,-34.9860345183383,0.8503646660736555,0.2483458773529119,False,False,False,False,pachytene,57,off_axis,37.67810333038068,18.1
386,6.632005090272804,213.31992178477876,85.8684626342163,29.493466794,1.9166629083962832,0.8073649884673506,0.1334525939177102,0.4620148637489678,0.9994042654593114,0.1255108617303361,0.3358140372176556,1.4631570061863468,-36.66278393963079,0.8507705598436859,0.2888491353607634,False,False,False,False,pachytene,57,off_axis,37.129674911729715,18.1
506,8.005904842821195,212.66495431181164,83.0343783135086,33.131768472,1.992440386165799,0.7668507504956104,0.1938800489596083,0.3999392651078044,0.9990421455938696,0.0533370702007697,0.1190497997027042,1.27770841609942,-36.097679911823164,0.8513297705258557,0.484773729099461,False,False,False,False,pachytene,57,off_axis,36.2234815212979,18.1
507,8.294524450071167,214.31338578097797,79.60207676847524,29.645942364,1.9199601594717015,0.677480614021206,0.196847290640394,0.3918056918547595,0.9962913014160486,0.1823751699134668,0.1954925377125406,1.184282674020679,-37.85372435006837,0.8527475129134144,0.5024104925799914,False,False,False,False,pachytene,57,off_axis,37.85545715919978,18.1
307,5.63210516337,213.2508449156292,72.1633433166896,37.11724529399999,2.0693266103526438,0.6809707387979523,0.2010129787907565,0.4473058637083993,0.9962765957446807,0.0848050894221003,0.1007532731019453,1.1657047469076391,-37.02672388351137,0.8531271361545716,0.4493859685277852,False,False,False,False,pachytene,57,off_axis,37.84573358237746,18.1
214,4.076978461920492,213.3055114455979,76.7127531996771,37.792829358,2.081806047296109,0.7295636521631184,0.138251582278481,0.464539820977737,0.9993227226549272,0.1308007417558128,0.2155908242391266,1.1850350394750178,-36.93763478169561,0.8543387470219814,0.2976097549344573,False,False,False,False,pachytene,57,off_axis,37.08314829007821,18.1
150,3.289046144773636,214.6043852941183,80.50775798319361,31.822824348,1.965848463706702,0.6760283060592658,0.1702850670190674,0.4632536973833902,0.9982019778243932,0.1574351484413999,0.1851923392828377,1.3484559396128806,-38.1159656483047,0.8563031105528482,0.3675849064581539,False,False,False,False,pachytene,57,off_axis,38.119965713481264,18.1
78,1.9673150457190616,214.97289827930285,72.17824997506084,28.21970934,1.8886637392748948,0.7363258520365752,0.1563829787234042,0.4328499369482976,0.9979197622585438,0.0657964905403984,0.1086874505505385,1.2214792542628972,-38.74744669836852,0.8612029175470309,0.3612868233872092,False,False,False,False,pachytene,58,off_axis,39.51715188985239,18.1
489,7.975085865257639,216.0491960237745,70.10531776750443,53.27261838,2.3342022209344604,0.7293703214442977,0.1361911454673225,0.5214773836641718,0.998615704068292,0.1153574832387965,0.2011063568200103,1.1925119802955306,-39.88869679894091,0.8614100452467545,0.2611640499351527,False,False,False,False,pachytene,58,off_axis,41.07476097689271,18.1
320,6.213792614642949,215.6533172230484,80.78200548586071,33.096581802,1.99173479775558,0.7206747466156354,0.1533834586466165,0.4082720121796498,0.9928922202119412,0.2059625606166365,0.3326945528729064,1.3233925641381008,-39.1557097450314,0.8620246621315413,0.3756893788230676,False,False,False,False,pachytene,58,off_axis,39.16514133468482,18.1
225,5.030153681064083,216.0487669873121,87.83589464607456,61.208385354,2.4447855573453943,0.7461004867205764,0.1588369730827831,0.4333584905660377,0.9985838559579204,0.0726999588827233,0.1225378168952518,1.6946025085616638,-39.328110393265916,0.8625089610718806,0.3665255822617339,False,False,False,False,pachytene,58,off_axis,40.118120779542245,18.1
112,3.043506659836023,216.0420358478478,68.89436951204108,36.631669248,2.0602631746425453,0.7557633196721312,0.0916884972612527,0.4769271106449921,0.99786734911495,0.1037561790594569,0.2053889919434731,1.3330149698451037,-39.919797375913106,0.8632277828972299,0.1922484489029235,False,False,False,False,pachytene,58,off_axis,41.410255142616364,18.1
490,7.826466435630822,217.45383380824256,77.0265922410471,36.551912796,2.0587668493428533,0.7160826594788858,0.237504308859014,0.41500904159132,0.9997445395325072,0.0710775840150554,0.0970793222522323,1.128854957308313,-41.073971367508946,0.8651572650629676,0.5722870710197594,False,False,False,False,pachytene,58,off_axis,41.17184401956133,18.1
79,2.234977469248543,216.4123182499136,77.47279607234131,38.522366316,2.0951162041160827,0.7739617586164901,0.077534791252485,0.4542025862068966,1.0,0.0683959282683712,0.1688231278886771,1.100152508368755,-40.018878904468096,0.8668276435327933,0.1707053055333479,False,False,False,False,pachytene,58,off_axis,40.09223075923221,18.1
226,4.455699272433323,216.86382100127256,74.10203308118832,40.62418340399999,2.13254732793006,0.7447742233514263,0.2178375508759511,0.3986425339366516,0.9976061615320566,0.0481982916537043,0.0870956225560986,1.1510786223273357,-40.576647930398984,0.8669952928062502,0.5464483398817843,False,False,False,False,pachytene,58,off_axis,40.98609909798487,18.1
130,3.209727602533257,217.475223556542,82.91412838959616,38.149387614,2.088332531554809,0.7462952714751276,0.1674737691686844,0.4423170140571982,0.9989213677057492,0.0715257808266705,0.1341064844323745,1.5148373208865675,-40.90934701389075,0.8689811419993878,0.378628367994516,False,False,False,False,pachytene,58,off_axis,41.02274389149161,18.1
409,7.988254527163087,220.27048747484815,79.7108701207247,37.30725331199999,2.072851653032404,0.7462902414486922,0.1793776693105552,0.4101610904584882,1.0,0.1395711507028016,0.2339711923342403,1.159153654510482,-43.80441532512094,0.8729344316056643,0.437334680161988,False,False,False,False,pachytene,59,off_axis,43.804463938534205,18.1
294,5.250060067275285,217.9026835055321,66.32481824242952,39.052512144,2.1046834640676533,0.6909538683325325,0.1130839510429236,0.5549076773566569,0.9975113122171946,0.1484303548963789,0.2225589142189839,1.5532921528990618,-41.86069542065695,0.8738346935445263,0.2037887664153563,False,False,False,False,pachytene,59,off_axis,43.98969166645207,18.1
81,2.228505809240794,220.2187665158055,77.99316969062345,34.726897511999994,2.02391588332615,0.740272899216428,0.1074744661095635,0.4130039011703511,0.996705710102489,0.0219714248172021,0.0240788831632344,1.2746169199989923,-43.80698705454824,0.8774258476927798,0.2602262734201964,False,False,False,False,pachytene,59,off_axis,43.84328723079757,18.1
279,5.535925991397267,220.1239968711305,71.96557016086145,39.81019843799999,2.1182078719824697,0.7197572329267574,0.1893642406681438,0.4276703111858704,0.9985461865354508,0.0708294045240959,0.0830297691534817,1.3596606254933663,-43.90269312782776,0.8786681657375871,0.4427808891925723,False,False,False,False,pachytene,59,off_axis,44.59218791466355,18.1
80,2.1683026188167243,220.30921022308488,73.48660960232819,36.27745676999999,2.05360103550008,0.7564823795667637,0.1669984516699845,0.4314922995220393,0.9996658498552016,0.0782867792670305,0.1442972880376391,1.4140571371621664,-44.03976021554917,0.8798065327263717,0.387025334762561,False,False,False,False,pachytene,59,off_axis,44.485998974621076,18.1
82,2.561004626569657,220.9227857477596,69.18261003425103,39.040783254,2.104472738634812,0.7830319053055339,0.0924855491329479,0.4148435336471891,0.999123234291281,0.0442495190372509,0.0943417539429478,1.611906390639756,-44.789004616703394,0.8798518283031945,0.2229407996789552,False,False,False,False,pachytene,59,off_axis,46.01880397943793,18.1
295,4.994600714099198,221.4370384655539,81.10294911608582,26.936568774,1.8595929376168727,0.6737786292780632,0.0925387596899225,0.6137213027229045,1.0,0.0809771194408851,0.1255442552362693,1.346031208216382,-44.92640440645828,0.8820544795167536,0.1507830334051543,False,False,False,False,pachytene,59,off_axis,44.94707467263401,18.1
434,7.604149500797604,222.59391440819977,74.04755547266629,63.202296654,2.4710493386480845,0.7423078350591991,0.2081432481751824,0.4650727351289068,0.997805885389778,0.1217549245333166,0.2258331270280501,1.2376903056310828,-46.305602113178274,0.885273679934627,0.4475498829607593,False,False,False,False,pachytene,59,off_axis,46.64930643549814,18.1
321,5.729113553113593,223.5425536483575,87.59449193406766,32.019869699999994,1.9698975965966845,0.7562637362637363,0.1801379990142927,0.4147880973850316,0.9982101764254666,0.0960589641545615,0.1701236392635237,1.6668939879652278,-46.82578291500453,0.887988708623483,0.4342892193627187,False,False,False,False,pachytene,60,off_axis,47.49047790116607,18.1
491,7.680778446042113,225.14062347073556,79.52362399882753,47.973505878,2.254088428027221,0.7428487604518117,0.1412475506205094,0.4519870697851302,0.9999147194269146,0.0507760486224622,0.1021694336887435,1.238073737453068,-48.67803588809852,0.889458386035081,0.3125035207039373,False,False,False,False,pachytene,60,off_axis,48.67813565152735,18.1
462,7.600406629289502,223.2648838210906,83.70650523689211,38.074322718,2.086961925073556,0.7159756022426221,0.242772667542707,0.4095444685466377,0.9973407470083404,0.0328972722923086,0.0472810957008055,1.3697812466449342,-46.67108386361909,0.8898805447916153,0.5927870748791734,False,False,False,False,pachytene,60,off_axis,46.84415059960038,18.1
105,3.193224416935146,224.5088208933252,83.24013480926592,60.44835328199999,2.43462431480917,0.7656874539174978,0.1531556802244039,0.5395826432593575,0.999577804583836,0.1560462008165058,0.3114472575543164,1.4362615059988435,-47.92913391486144,0.892806216882924,0.2838410058916363,False,False,False,False,pachytene,60,off_axis,48.06385461872533,18.1
131,3.3140524851855298,223.84583841456367,74.70594639618038,38.79447656399999,2.100037721524605,0.7699842786310316,0.1604502317369234,0.4287592008412197,0.999496475327291,0.0202450729612876,0.0445211884680193,1.3403302525387923,-47.536100813792565,0.8930450200892885,0.3742199150994829,False,False,False,False,pachytene,60,off_axis,47.79362133033278,18.1
410,7.65751435548791,224.0847730446864,68.31938700415823,35.54088247799999,2.039607182176855,0.7415352121972147,0.1026581118240146,0.5324310520939735,0.999451694264722,0.1890324054008508,0.3188391362873138,1.3416450300847893,-47.97668511210385,0.8972756693406876,0.192810151512154,False,False,False,False,pachytene,60,off_axis,49.29648834637398,18.1
262,4.917917675544607,225.53711004842447,69.37888989104258,34.877027303999995,2.026828258432138,0.6805219262846381,0.1343174776745034,0.4850526315789473,0.9978514838189876,0.1292107387193489,0.1643185284566903,1.3029100385042678,-49.39482454113248,0.8973966545684614,0.2769132026709597,False,False,False,False,pachytene,60,off_axis,50.442180360305976,18.1
84,1.7182778126964362,226.2454117410416,70.23315582652472,37.32132798,2.073112290738285,0.7235700817096167,0.041830065359477,0.4824920418371987,0.9994349644027574,0.1049096493113743,0.1815518467055344,1.3510502564271891,-50.07578406166454,0.8984295021666301,0.0866958659052687,False,False,False,False,pachytene,60,off_axis,50.941112287738584,18.1
356,6.254376417233698,226.73315539682216,88.35586328798213,31.03464294,1.9494826807850787,0.728193499622071,0.2131291028446389,0.4182424916573971,0.997696847560098,0.0940390313325302,0.1349261677149782,1.749484870483088,-49.99073818318785,0.8992292212390831,0.5095826155780063,False,False,False,False,pachytene,60,off_axis,50.7558382128455,18.1
343,6.17200751476095,225.34521046698745,64.40541559983889,34.961475312,2.0284627980586403,0.7714707461084273,0.1155544014541677,0.466823253082795,0.9988109393579072,0.1422950099230621,0.2838193567354325,1.4511714868132175,-49.360146453292316,0.9000282634731742,0.247533516574148,False,False,False,False,pachytene,60,off_axis,51.64830769924375,18.1
296,5.544598636200775,227.91523167843008,79.32607046895535,39.216716604,2.1076291999566297,0.7024165570044263,0.1852276449394039,0.4229145728643216,0.9978808570755828,0.0616296384502777,0.1004388188389502,1.5003140826387933,-51.45750033797939,0.9013257767117738,0.437978865766889,False,False,False,False,pachytene,60,off_axis,51.457922137461445,18.1
435,7.398300574256712,228.5735588076004,72.31283883467877,50.24421898199999,2.289105612298656,0.7533031420701246,0.115056104505108,0.4848599545798637,0.99984496124031,0.11248558201108,0.2148440071658373,1.1455040294111212,-52.33706608091778,0.9063526255379166,0.2372976019535483,False,False,False,False,pachytene,61,off_axis,52.82962576764987,18.1
85,2.3750888759614366,227.6888391700572,76.74480239480361,72.58306287599999,2.5877097398814706,0.7783918298752505,0.163780487804878,0.4407175149482281,0.999643184830258,0.0789993278838313,0.1808966270299658,1.3557714099024043,-51.312770181656035,0.9081042087971752,0.3716223709060387,False,False,False,False,pachytene,61,off_axis,51.3888616555603,18.1
436,7.650595321474121,231.16581651491427,78.29536287995454,50.239527426,2.289034361637578,0.7283933323994958,0.1604849184586521,0.4407770328347946,0.9963166009936612,0.0856246205390926,0.1421162298190725,1.2246617365617505,-54.739025444090984,0.9102652776435628,0.3640954643814271,False,False,False,False,pachytene,61,off_axis,54.75080873742518,18.1
86,2.155921670640974,229.8316947322828,71.5946891610652,32.463221741999995,1.9789477891796357,0.7107449960257244,0.196346115237904,0.4454159380464652,0.999435506632797,0.0397113668374616,0.0712879361655117,1.2519819703494863,-53.61726229425449,0.9114936409413714,0.4408151987085416,False,False,False,False,pachytene,61,off_axis,54.192541630352515,18.1
132,2.854886415612188,228.3083709559404,66.88665130355058,15.385957901999998,1.542926755767624,0.6926360725720384,0.0208839242350655,0.6155753968253969,1.0,0.0286751356275956,0.0382878621094588,1.407013443057722,-52.243438760226766,0.9118109974774674,0.0339258591924997,False,False,False,False,pachytene,61,off_axis,53.74822835720152,18.1
474,7.66769021122025,229.95621617987845,84.24777770610895,51.64230266999999,2.310143704875121,0.7746536452418805,0.1446551724137931,0.4267284821608547,0.9995532390171258,0.093161114623207,0.2025534927720812,1.4126886985984968,-53.341975791549096,0.9122845103978254,0.3389864479663805,False,False,False,False,pachytene,61,off_axis,53.55530453424608,18.1
106,3.293550183803072,230.26077162748925,84.92825598752185,63.174147318,2.470682428313629,0.76781404329583,0.1403629364861149,0.4421877498800575,1.0,0.0305584096422224,0.0418036979780163,1.6146378263937242,-53.62488103617763,0.9130927272629248,0.3174283695651634,False,False,False,False,pachytene,61,off_axis,53.90264960651838,18.1
365,7.109237136675982,229.40289165647565,66.36830494308907,49.87593183599999,2.283498888113986,0.8240522998777161,0.1090735889497499,0.5004009623095429,1.0,0.1156334898678039,0.3451152002639933,1.3887463578396717,-53.35378908709845,0.9155584791465836,0.2179723804813111,False,False,False,False,pachytene,61,off_axis,54.94149930704997,18.1
191,3.784587543356916,230.73366446991437,68.273489398282,15.554853918,1.5485519372460337,0.7243251394963053,0.038906414300736,0.5995623632385121,1.0,0.049092219705298,0.0747929457057578,1.26973745326175,-54.62370760604264,0.915778031883883,0.0648913552388188,False,False,False,False,pachytene,61,off_axis,55.753361249460475,18.1
345,5.958346415489122,231.7667928235022,87.79244736488133,31.379472306,1.9566764089957156,0.8082529715182776,0.1343233209584879,0.3925925925925926,0.9986210066651344,0.0940795192103646,0.2357286245040779,1.7505274080165447,-55.039662797456366,0.9158357857555772,0.342144308101809,False,False,False,False,pachytene,61,off_axis,55.67327171004326,18.1
88,3.131166059997529,231.91751048072967,78.57761078197406,18.688813326,1.6462572690157136,0.7372913267227312,0.0,0.5838509316770186,0.9997951239500102,0.0628865912342851,0.0895319307877845,1.2877426733842083,-55.48142719699167,0.9173413867818496,0.0,False,False,False,False,pachytene,62,off_axis,55.487635128601156,18.1
87,2.0313965341488505,231.3411475417556,74.168566713716,29.915706834,1.9257661696845176,0.7031286756057398,0.1803420653821174,0.4387216059165346,0.9989091475767492,0.0880225874515107,0.1186083397508301,1.3614728708248356,-55.04464576647586,0.9202410094975292,0.411062648727692,False,False,False,False,pachytene,62,off_axis,55.294923148911224,18.1
322,5.981674609849529,233.04149046818725,74.07083417437718,50.20434075599999,2.288499840237228,0.7298383328660873,0.2263848006422264,0.4571082670356278,0.9999142146349832,0.0980999370629339,0.1768923717466445,1.210221309519414,-56.74722756278843,0.9232912560244104,0.495254225241526,False,False,False,False,pachytene,62,off_axis,56.994099223311274,18.1
89,1.607013086011924,233.3525005971259,80.11115149282195,18.463618638,1.6396182261750818,0.7204929487993902,0.0549828178694158,0.5509090909090909,1.0,0.0309560774588238,0.0596702034335221,1.3649869237900834,-56.867252242008696,0.92419627174031,0.0998037948124709,False,False,False,False,pachytene,62,off_axis,56.87217296138026,18.1
387,7.0325027500118855,234.6417782677388,82.50116754507614,49.04787220199999,2.2707911209187213,0.7347075422067053,0.0875143938147722,0.5082026320533621,0.9991738268341044,0.1433341466099968,0.2428300060313983,1.3756918250550998,-58.08037917075631,0.928845711992096,0.1722037397979927,False,False,False,False,pachytene,62,off_axis,58.16724203608267,18.1
90,2.618730353723418,234.8038420602011,70.11269296527877,64.924097706,2.4932879481935823,0.8337247534053547,0.0657734470158343,0.5117340286831812,1.0,0.0895696211223429,0.2986818462464071,1.4357296014983376,-58.63374797586725,0.9291189408558612,0.1285305321303055,False,False,False,False,pachytene,62,off_axis,59.35105027328059,18.1
437,7.420448511089901,236.56177230096813,76.84422717617727,57.42699121799999,2.393366187326879,0.7661860218128345,0.1826360131372268,0.410377358490566,0.999792473713337,0.0708768649787795,0.1534033931916717,1.124591317234391,-60.17813306147317,0.9291882320041964,0.4450440779895643,False,False,False,False,pachytene,62,off_axis,60.22660311229754,18.1
192,4.415394316083594,233.76118200243573,65.73159312254971,52.083308934,2.316701000271775,0.7593568436697744,0.0770426671273104,0.4974733295901179,0.9977257721370406,0.1312080430427043,0.2660708130601601,1.588990312933087,-57.73001935580715,0.9293233378492102,0.1548679347107674,False,False,False,False,pachytene,62,off_axis,59.312933047795504,18.1
357,7.012343314037798,235.73433648024496,70.48152995460845,56.32916711399999,2.378016736309447,0.7499271228084787,0.1245079457646887,0.4852622814321399,0.9995086684916122,0.1224188913095277,0.2351711917680201,1.421132082703244,-59.55212534331617,0.931396307742554,0.256578659683238,False,False,False,False,pachytene,62,off_axis,60.199012678737574,18.1
91,1.918974539895364,235.12301252425664,74.46041783383528,39.894646446,2.119704574739417,0.7523960722055625,0.1776996680335871,0.4113037283305628,0.999584760718364,0.0712954545625232,0.1196997899688,1.1519836642348076,-58.815402557407886,0.9318707670707372,0.4320400127537157,False,False,False,False,pachytene,63,off_axis,59.0145283711632,18.1
92,3.1450409189879465,236.0014786733284,83.83823045649022,62.486834364,2.4616896785405764,0.7937157444252572,0.1432803242906143,0.4558689717925386,0.9999429256320986,0.1287102544056484,0.2970328744332344,1.5256798785010075,-59.39715936063116,0.9328709011503112,0.3143015496913875,False,False,False,False,pachytene,63,off_axis,59.571713188929614,18.1
93,2.117485293075234,238.4886167020983,78.61840038273456,66.19316360399999,2.509428597500363,0.7701467148628535,0.0955236368707292,0.4690101757631822,0.999829960891005,0.0950675289700729,0.1903863198430399,1.3559228616877437,-62.047964628764525,0.939839350069519,0.2036707129334484,False,False,False,False,pachytene,63,off_axis,62.05069058107401,18.1
346,6.971967500626752,238.80008514978277,86.08275058520131,65.538691542,2.501130693017634,0.784924299366477,0.1497099193434271,0.4070560825428524,0.9993676343776948,0.0584056840276821,0.1206130768908602,1.5816938416337094,-62.123458291028065,0.9405662425704998,0.3677869604802345,False,False,False,False,pachytene,63,off_axis,62.50424133366694,18.1
242,5.020045680505174,238.53070392314245,67.20976066102307,52.37887696199999,2.321075092114154,0.811142460477406,0.1093980992608236,0.4695281005454114,1.0,0.1023522514375012,0.2897159872815188,1.560541508156728,-62.45046107957776,0.9427312862904385,0.2329958507994411,False,False,False,False,pachytene,63,off_axis,63.58976427770244,18.1
463,7.538255428163088,240.90164945192947,76.3683378732517,55.855319958,2.3713299047821312,0.7408340682877661,0.2237735849056603,0.4441743639604602,0.9999257388979652,0.1049264765040437,0.1771172624958537,1.0493853062051277,-64.53087850190332,0.9439663972632322,0.5037967137733783,False,False,False,False,pachytene,63,off_axis,64.58963238055438,18.1
388,7.035978483362731,239.63939050315884,81.59336022754425,49.27775844599999,2.274333307795969,0.6840100918741372,0.2366605335786569,0.4198553781259415,0.9991851700957424,0.0538990712615499,0.0836513373178307,1.267315755346138,-63.1041768459494,0.9460327711913809,0.5636715543218962,False,False,False,False,pachytene,63,off_axis,63.150877444476286,18.1
411,7.318654732845244,240.1221901545977,71.367914092757,43.24441743,2.17744476532755,0.7794412801735828,0.0780045351473922,0.4712247909493359,0.9997425334706488,0.1117730245384774,0.2607009535106345,1.306094646745407,-63.90978540181463,0.9465787372961408,0.1655357202031821,False,False,False,False,pachytene,64,off_axis,64.38121286746394,18.1
94,2.886513955726687,240.403543645805,70.26104155149298,60.93158354999999,2.441094648395363,0.7308180943214629,0.1476289162501524,0.4852688787185354,0.9999325645694248,0.0734645982590491,0.1472519774699088,1.4771883312333427,-64.22596758957684,0.9480948451619162,0.3042208613088905,False,False,False,False,pachytene,64,off_axis,64.83616549909858,18.1
133,3.486983899821292,241.6605851270068,84.76811490160966,65.56449509999999,2.501458894071446,0.749051878354204,0.2060221870047544,0.4258625605930995,0.9994369721614011,0.0483808839167987,0.0880953870154757,1.6776276613879155,-65.0240633263409,0.9523107658359146,0.4837762369103941,False,False,False,False,pachytene,64,off_axis,65.27038883704967,18.1
438,7.306240815127225,243.8143087929857,73.62873168413938,47.886712092,2.252728239950878,0.775693151758597,0.1461868357262725,0.4485695566717624,0.9998419347190388,0.0914124894857636,0.2064722603383604,1.152103648065601,-67.5286355933378,0.9575192412810332,0.3258955797422599,False,False,False,False,pachytene,64,off_axis,67.74424371781545,18.1
96,2.2799365634203803,243.9210927080371,79.48976038450459,72.477502866,2.586454666573779,0.7752208952325468,0.1850504576390518,0.4282217422606191,0.9985671071485432,0.0341559474372317,0.079910424127059,1.225410374895097,-67.4502002228447,0.9584641942854026,0.4321369967394804,False,False,False,False,pachytene,64,off_axis,67.45177510023781,18.1
366,6.760192240066231,244.51719086860257,84.35136325166918,60.035496354,2.4290688913284555,0.803969835501895,0.1482173174872665,0.4751843731313534,0.9998825670835536,0.1057053343635058,0.3022253158033445,1.4770668670414284,-67.89240944915649,0.9607914513271982,0.3119153866751745,False,False,False,False,pachytene,64,off_axis,68.10200802382694,18.1
475,7.684164158925837,245.3245569802457,78.69456617820201,53.786343762,2.341681390777498,0.7107593004492128,0.195047942711494,0.4285283474065138,0.998985200845666,0.0949653802549927,0.1331089026737646,1.1800687008341355,-68.87808628760929,0.960883028352266,0.4551576200079622,False,False,False,False,pachytene,64,off_axis,68.87869480903623,18.1
95,2.1287616205669444,243.2328071100621,72.75077670147995,40.87752742799999,2.1369712027617043,0.7325261104097326,0.1827108539365246,0.4282342844883072,0.9995802728226652,0.0378217157397693,0.0578318697697156,1.300202265351213,-66.97516118907421,0.9611023208948716,0.4266609670331369,False,False,False,False,pachytene,64,off_axis,67.2704789444473,18.1
308,5.718733409176957,243.9919992747493,69.3276782423224,49.486532688,2.277540658969745,0.7611395525218051,0.1498228446094145,0.4637824965270887,0.9994460710611696,0.1253876789410661,0.2519366914889946,1.4441456892948117,-67.84211945843032,0.9623402088376974,0.3230454916503379,False,False,False,False,pachytene,65,off_axis,68.53118811362798,18.1
193,3.85439138240587,246.71171644524512,75.55850290125764,32.66495865,1.9830385997990871,0.7874326750448832,0.1392846757778424,0.4,0.9987369387989437,0.0859077503526403,0.192576620362564,1.290182228970749,-70.36363016234338,0.9674052223223388,0.348211689444606,False,False,False,False,pachytene,65,off_axis,70.44477432899922,18.1
169,3.478649727767689,246.7019987586228,70.42879903448298,32.31309194999999,1.9758924527762411,0.7467150635208711,0.2092021758839528,0.4035540269418171,0.9993433149461518,0.0900946666192434,0.1546833116211835,1.4597604301359426,-70.51597874965775,0.9695083160443256,0.5183994258942554,False,False,False,False,pachytene,65,off_axis,71.02734293103721,18.1
389,7.0660347426031285,248.6620101173941,72.24532186483596,59.146446492,2.4170187309697897,0.7159514555405727,0.1808303785885852,0.4338173694498743,0.9968868640850418,0.0725958206973564,0.113824365999089,1.4967513634125575,-72.41762277762295,0.97459652522885,0.4168352659966035,False,False,False,False,pachytene,65,off_axis,72.7204959460454,18.1
180,4.1196730531287225,248.45634084586055,84.55841154812107,62.564245038,2.4627057988279835,0.7520902853286341,0.1882136279926335,0.4357229280096794,0.999281045751634,0.0534581291470655,0.1253073874172381,1.7092537268425536,-71.82305187598759,0.9754157832128616,0.4319571358164848,False,False,False,False,pachytene,65,off_axis,72.04653645938143,18.1
524,8.027594737434024,249.56299808838332,77.99884614865526,20.861003754,1.7077155406990197,0.7401326886315079,0.1334833145856767,0.513630463003029,0.999806538982395,0.0629406505483496,0.1244565806800735,1.264869923089566,-73.1363913755439,0.9754628728721048,0.2598820050610775,False,False,False,False,pachytene,65,off_axis,73.14134223062045,18.1
97,2.572416382252643,249.3003681296869,79.28975662116106,68.7312954,2.541101270443675,0.7904778156996587,0.0593012565124119,0.5756637888906988,1.0,0.1250714610647805,0.3206705114465099,1.2101591685600377,-72.83310911064541,0.9767053961713502,0.1030136994141756,False,False,False,False,pachytene,66,off_axis,72.83438417036704,18.1
439,7.708894072611827,248.9172213708908,82.4858895029609,39.219062382,2.107671222271464,0.6942998983192774,0.2341923883727898,0.4091175895128155,0.995941146626078,0.1070041591499032,0.1157662074611666,1.326322971187378,-72.34917900006096,0.9772781098846658,0.5724329492937967,False,False,False,False,pachytene,66,off_axis,72.43935655762053,18.1
98,2.8048027308089667,250.5330628959225,72.70115294117603,59.09953093199999,2.416379494016604,0.7421211399539573,0.1580925230011662,0.468677851315992,0.9998621830209482,0.0833408175632146,0.1528826867313719,1.5181288677251463,-74.27334061806539,0.983936432004247,0.3373159677959202,False,False,False,False,pachytene,66,off_axis,74.52467548788194,18.1
508,8.142683736367902,252.50082864865163,79.20805243243056,24.73622901,1.80751382566548,0.730393551446183,0.1596216375997635,0.51952163207879,1.0,0.108397464083222,0.1740566798167661,1.1739097399270195,-76.03455329820184,0.9852767221422934,0.3072473362871549,False,False,False,False,pachytene,66,off_axis,76.03588738984519,18.1
440,7.052172312224218,252.35279004050616,83.96805504418212,38.226798288,2.089744087708276,0.7157584683357879,0.2409046214355948,0.3860103626943005,0.9955999524319182,0.161586507324788,0.2116109442468345,1.5803894183681186,-75.73620704142542,0.9873547134084194,0.624088482376776,False,False,False,False,pachytene,66,off_axis,75.91474221691777,18.1
151,3.1976774701482342,252.67116879019076,83.61560774832677,35.754348275999995,2.0436824664530797,0.7176879674583387,0.1354229455495278,0.4113409249360911,0.99638268679057,0.0862389410043033,0.1308460616582909,1.7306741176373917,-76.06556164162242,0.990359148470258,0.3292231269489368,False,False,False,False,pachytene,66,off_axis,76.22073528675236,18.1
358,6.737338487024325,253.15116029817992,74.86147299834575,63.72305937,2.477817616561078,0.7507454445057979,0.2071428571428571,0.3999409245310885,0.998167779086507,0.0925857898808807,0.1690755178944026,1.3870692684119663,-76.82188069128193,0.9913944731556628,0.517933635788141,False,False,False,False,pachytene,67,off_axis,76.9194704912469,18.1
99,1.255539377895328,253.7885499867676,80.24240864990108,35.44470558,2.037765731900878,0.7634679020516214,0.2612649855312112,0.4314493564633463,0.9919669753430772,0.2377074049762686,0.4380587489032826,1.641954427817593,-77.28895368598806,0.9928571148060464,0.6055519184750642,False,False,False,False,pachytene,67,off_axis,77.30399604123053,18.1
464,7.816728288554931,254.43239958097396,81.69183519842443,28.550464038,1.8960139164954064,0.7471037712595514,0.1952941176470588,0.3791423001949318,0.9977761304670126,0.1081507619199149,0.1721356067259621,1.4164905602934723,-77.88669052388298,0.9959802832717044,0.5150945108120369,False,False,False,False,pachytene,67,off_axis,77.94421403233528,18.1
100,3.2903260200943545,254.70563368874895,77.49568716834065,57.20179653,2.390233633622465,0.7328685667418495,0.169238617523275,0.460392999692969,0.998978698570178,0.1373515781950422,0.2466808630985099,1.3790617228569566,-78.29235607210613,0.9961287273907536,0.3675959835100413,False,False,False,False,pachytene,67,off_axis,78.301421071784,18.1
412,6.890075520634742,255.97277935006,78.54934808146915,30.750803802,1.9435212241605808,0.7212602029140285,0.2368421052631578,0.3820470717022441,0.997874601487779,0.1172380895899951,0.148246275406703,1.5644744841483056,-79.52558116564221,0.9975690414502436,0.6199291207962598,False,False,False,False,pachytene,67,off_axis,79.5256418814086,18.1
208,4.365625929229712,255.35172372881007,82.28222923728893,31.555405656,1.960326388371691,0.7019030627415997,0.2361904761904761,0.3935162094763092,0.9967929138668296,0.1102729176735029,0.1390824481075113,1.579609843028198,-78.78690359981272,0.9999999999999998,0.6002052024865713,False,False,False,False,pachytene,67,off_axis,78.8697081770954,18.1
