nucleus_id,cz,cy,cx,vol_env,r_eq,gap,gap_int,thick,void_big,void_off,offset,syp_io,s_um,s_norm,score,merged,is_solid,is_clumped,mitotic,crescent,post,cls,row,zone,r_um,off_axis_cut_um
298,6.88293238139568,110.06647390966955,171.67795114076898,45.341542962,2.212088825484564,0.4658802835118216,0.0878247040113093,0.649360712901976,0.9494645876385496,0.279688065105344,0.0984496229332574,1.1493789569324542,-13.5343312806597,0.0,0.1352479481224281,False,False,True,False,True,False,TZ,0,off_axis,84.44197032506759,20.0
284,5.61899881750093,106.41253206149165,170.57982529759374,29.75619393,1.9223372891483972,0.3913283405597162,0.0987510213610365,0.6060095842507447,0.9556881124840222,0.2311743664684085,0.0724733691885147,0.8864817730142482,-12.562300688072348,0.0171729294684512,0.1629529035966153,False,False,False,False,False,False,pachytene,0,off_axis,80.64522392119753,20.0
474,7.962681564245741,106.93534605214224,174.60684642458136,37.79048357999999,2.081762974258621,0.3772191185599006,0.1245200698080278,0.6083923053922057,0.9336053412462908,0.2888924484376491,0.0706421020733775,0.8699979923594254,-16.568998432938358,0.0188907351780236,0.2046706848597548,False,False,False,False,False,False,pachytene,0,off_axis,82.01269868186638,20.0
175,3.425717017208456,107.87985216897616,174.35618595243926,39.258940608,2.108385345393407,0.4667782026768642,0.0422837518780854,0.6796279695203944,0.9893571732652192,0.2226690219559151,0.0741185430416338,0.9495324434385392,-16.28605875388162,0.0208907389290928,0.0622160266710691,False,False,True,False,True,False,TZ,0,off_axis,82.87290330168662,20.0
461,7.503418996943081,103.87151944978984,171.12699036001075,41.440514148,2.1467370014022986,0.4082984263557115,0.1201919030384647,0.6676552185975319,0.9226894988667842,0.3453751958879009,0.0910716687046978,0.8057427884488283,-13.196381748497206,0.0267051204454662,0.1800209145237242,False,False,False,False,False,False,pachytene,1,off_axis,78.26067190636424,20.0
297,6.263619782166973,107.34539213611902,178.20021421647846,45.013134042,2.206735157250413,0.4474438480379383,0.1030369681076051,0.6603791379798171,0.9955235500194628,0.2135579881650043,0.0851342975666852,0.9566787892995784,-20.14617006256667,0.0303108908892306,0.156026988409731,False,False,True,False,True,False,TZ,1,off_axis,83.32679024520897,20.0
173,2.319355567266444,104.61326677708392,172.19863065572392,31.158969174,1.9520824519271611,0.4134608145750207,0.0767863490934944,0.5953022718521371,0.8897415185783522,0.3161604435434637,0.0552623872486287,0.8463072297530628,-14.241924465630685,0.0304632013457117,0.1289871595056954,False,False,True,False,True,False,TZ,1,off_axis,79.20903842204517,20.0
174,1.9510751328104945,106.93021458639136,177.7712034657218,46.36430217,2.2285978443153898,0.4250442701745509,0.0645373724069805,0.6706265399507215,0.9576567317574513,0.297893012171107,0.0990714579602201,0.9877248573756688,-19.731666184488695,0.0360744986468084,0.096234444302969,False,False,True,False,True,False,TZ,1,off_axis,82.81019692274624,20.0
442,7.720126912645437,102.4701280333648,175.33536119441283,45.838847898,2.220146815690549,0.3913822219947802,0.0931066036297086,0.6561002270243,0.5606101150655606,0.6895113323174029,0.0428108198117148,0.7655208819056858,-17.45038450453043,0.0361995159647442,0.1419091166177272,False,False,True,False,True,False,TZ,1,off_axis,77.86458355306088,20.0
224,4.09013140943066,101.27365729193524,171.8141409430536,36.415857672,2.05620926280686,0.4349394485957227,0.0914552045572242,0.6908344733242134,0.9780274656679152,0.2320681516752616,0.0960491026379948,0.8538433463220345,-13.972317574987322,0.039422224878098,0.1323836723392691,False,False,True,False,True,False,TZ,1,off_axis,75.86508036686875,20.0
169,1.5190745224644258,102.78327511433731,174.9020428302388,26.157770478,1.8414956832655696,0.3221235763608645,0.0,0.6995634343167085,0.659942363112392,0.5937408207078595,0.0650428042054961,0.8888533283853273,-17.006570562235034,0.0410285018090377,0.0,False,True,False,True,False,False,mitotic,1,off_axis,78.05722006629408,20.0
385,7.375091543531608,103.61981454357128,180.06129316762423,54.45254471399999,2.3513098165314497,0.4147245078188946,0.1323285221611955,0.6648756072427499,0.5476661392405063,0.7187054393090615,0.0175199460583944,0.7787518066257609,-22.134059155364792,0.0462785721088183,0.1990274883296803,False,False,False,False,False,False,pachytene,2,off_axis,80.30579512835672,20.0
363,7.057533362031883,99.13526401743503,173.00242006026622,43.593938352,2.183295395209575,0.3265174343521309,0.0931749021880886,0.6670661553211888,0.8720292504570384,0.5316158133692831,0.0964732008696154,0.7897330614613243,-15.233311928682836,0.0485533153923334,0.1396786532262687,False,False,True,False,True,False,TZ,2,off_axis,74.0546880204647,20.0
244,5.429315217391356,105.63948689674238,182.0645367228237,43.1623152,2.176065887325612,0.4639130434782609,0.11159146176709,0.6300689375506894,0.9797896473499692,0.2526103493987749,0.1070908611906024,0.9963982592868637,-24.066781946132274,0.048707595385776,0.1771099241947829,False,False,False,False,False,False,pachytene,2,off_axis,82.85483360753463,20.0
170,1.857429521784127,103.4644129723527,179.2351063144148,43.019222742,2.173658514549664,0.2981078575712961,0.0332707472775065,0.6698259788688626,0.5294753921038399,0.5256865100675341,0.0186226228059523,0.8847922561877954,-21.313694637595216,0.0497932480061353,0.0496707328875045,False,True,False,True,False,False,mitotic,2,off_axis,79.90653188349401,20.0
160,1.4433984730686018,99.46162918680464,174.70342777894484,33.490672506,1.999609016504484,0.3117601737059606,0.0426734216679657,0.653673926317932,0.8309265944645006,0.2922319273917629,0.0212874214618722,0.8471918142538851,-16.92211202687615,0.0552225766891782,0.065282428975468,False,False,True,False,True,False,TZ,2,off_axis,74.79498267336089,20.0
383,7.486524046615941,97.71579484050837,176.51383669639205,42.87378450599999,2.1712062000683017,0.381244186682716,0.0864367073269246,0.6854717481651782,0.9105504587155964,0.2435945137600027,0.0395816458510423,0.8279898457590353,-18.791392006973307,0.0571515373463053,0.1260981325026046,False,False,True,False,True,False,TZ,2,off_axis,73.61180963957722,20.0
221,4.102874721544603,97.40730272090552,174.3706971464951,44.227298412,2.1938180267371767,0.3515434390580249,0.0794367893983887,0.686814984459349,0.9457954878406094,0.3810778033148697,0.0912218548369412,0.8449115410546482,-16.660107103644155,0.05922659360302,0.1156596626395975,False,False,True,False,True,False,TZ,2,off_axis,72.72500822122937,20.0
441,7.578605661703387,99.42763547830614,179.78289284299467,36.709079922,2.061713414765703,0.4237970477346795,0.0625844682399417,0.6716202728180104,0.9576365663322184,0.1519523841678126,0.0435495401422114,0.7532195677781249,-21.999749703797605,0.0592310452083313,0.093184304841406,False,False,True,False,True,False,TZ,2,off_axis,76.2390999978147,20.0
161,1.5156210607970846,99.40299695530044,179.1625182779034,24.192008514,1.794159734537729,0.4472995248715213,0.0343892935795357,0.6589473684210526,0.9113394216133942,0.2667747429173402,0.094121781541688,0.8451292035536391,-21.38058675915602,0.0642654415450887,0.0521882250807651,False,True,False,True,False,False,mitotic,3,off_axis,76.01867282739575,20.0
324,6.53635108362832,102.10470945548248,183.94243635708733,39.07362414599999,2.1050626635468936,0.4076964639490904,0.0718720602069614,0.713865801743361,0.9834558823529412,0.2025589902509877,0.0700940794305608,0.8743681425501527,-26.064931216020486,0.0644371355595468,0.1006800718446516,False,False,True,False,True,False,TZ,3,off_axis,80.16972137434342,20.0
168,2.130696891704628,102.7671210997802,183.400089318947,47.394098712,2.244976950942507,0.426202732132251,0.0650052423582546,0.6615198826878289,0.9828121764340444,0.2672281451279284,0.0947766543075291,0.8890384524741074,-25.500161852318644,0.0659975206346472,0.0982664981952335,False,False,True,False,True,False,TZ,3,off_axis,80.5979763118283,20.0
384,7.034317941487493,98.93828383503724,183.94930219245808,33.27486093,1.9953046434863464,0.4250969333803314,0.1119459871501687,0.5919068056407112,0.912224591329069,0.1918859878408697,0.0451725183175742,0.8183160432837501,-26.18050337608943,0.0723203877168482,0.1891277243028022,False,False,False,False,False,False,pachytene,3,off_axis,77.22327092738882,20.0
278,5.4653078849641314,94.38808448052626,175.50178212280767,27.161763462,1.8647607430839417,0.4775023749892045,0.1169172383593636,0.6201652892561983,0.96661101836394,0.1256586869028509,0.0454016016947042,0.9526637634639412,-17.894181696703978,0.0724638847692471,0.1885259307233875,False,False,False,False,False,False,pachytene,3,off_axis,70.13361852687589,20.0
440,7.682093134901534,94.48228219875308,178.21311439270326,24.43127787,1.8000553438326288,0.4410945751320211,0.1164238008500303,0.6059096375193266,0.9432372505543236,0.2285843283046497,0.0638682874731469,0.8543141225434931,-20.600681556074306,0.0727810578962547,0.1921471348874473,False,False,False,False,False,False,pachytene,3,off_axis,71.05166172864418,20.0
158,1.5911280325837074,95.45985265627722,176.75028910040686,26.493216732,1.8493340288021964,0.3878165397556224,0.053784042698782,0.6068845820075209,0.885459940652819,0.1343409262132336,0.0202607082231272,0.9333798480621116,-19.105156485292756,0.0744378478824443,0.0886231818921303,False,False,True,False,True,False,TZ,3,off_axis,71.52521794283706,20.0
159,1.72879851765167,97.0404068314786,182.34834534815312,48.107215224,2.256180646137598,0.4173493270918665,0.041703424492742,0.7302703155075738,0.9986473429951692,0.1112083028690818,0.0544283656341228,0.822896639118432,-24.6456486357204,0.0812363075176963,0.0571068323703614,False,False,True,False,True,False,TZ,3,off_axis,74.87086853347218,20.0
162,2.889309132376659,99.766391223987,186.855018545088,49.36924378799999,2.2757398891726703,0.4827045519338592,0.0509937238493724,0.6912831817764306,0.9992456246228124,0.0496523312933595,0.0097605924868185,0.8208671475205472,-29.05607598715249,0.0828601837320622,0.073766764755264,False,False,True,False,True,False,TZ,3,off_axis,79.10675348888391,20.0
194,2.926247592365639,92.53703076519086,177.19302255296714,26.793476316,1.8562942459986949,0.4045701278234985,0.0736856442386271,0.6587266578444346,0.9621668099742048,0.1821687382204258,0.0591278290964001,0.9149252932623168,-19.647975855091882,0.0837968052355327,0.1118607291220765,False,False,True,False,True,False,TZ,3,off_axis,68.88215054948105,20.0
381,7.4782801418448415,93.54793875591044,181.1939755614636,47.628676512,2.248674705930056,0.5060086682427107,0.1293402777777778,0.6154536390827517,0.980683734478001,0.1904356894305958,0.1146059824255466,0.7288222017209818,-23.6118635061682,0.0839279191692655,0.2101543797361268,False,False,False,False,False,False,pachytene,3,off_axis,71.1975066327578,20.0
282,5.456017381447067,91.99153002078212,178.8370094747795,24.832405908,1.8098533934635137,0.4300963536746647,0.1082039911308203,0.6202552627216973,0.9697486152535152,0.1047416097731332,0.0305487557871942,0.8547296371557999,-21.30972185048306,0.0849358659603061,0.1744507425152964,False,False,False,False,False,False,pachytene,4,off_axis,68.90948719761322,20.0
408,7.381185665269498,96.38546199961732,186.3059084302324,49.223805552,2.2735029692022293,0.4495806328631337,0.0890448773562584,0.6786147186147186,0.9698039908175878,0.1748400963497074,0.0658876462246156,0.8163810470455678,-28.623364339727537,0.0872384088252385,0.1312156587732565,False,False,True,False,True,False,TZ,4,off_axis,75.79224564645828,20.0
153,1.7651338684980074,91.30889033919424,180.4949579601906,50.553861678,2.2937983825940598,0.3804463829984688,0.0948410277269338,0.6402786099460755,0.9578891257995736,0.0301377758240399,0.0217161667040763,0.8453547436203828,-22.990129460848202,0.0983352835638868,0.1481246230214083,False,False,True,False,True,False,TZ,4,off_axis,68.85778164359824,20.0
251,5.616159809183096,96.6597713416794,189.9021513595676,39.33869706,2.109812142169446,0.6449612403100775,0.0821643286573146,0.6585488747060799,1.0,0.0673283449375866,0.0797279623813183,0.9977735261506168,-32.208069553427734,0.100220085162433,0.1247657263008546,False,False,True,False,True,False,TZ,4,off_axis,77.57895442899127,20.0
156,1.7473825039920898,94.38015720512904,185.99494628630592,54.354022038,2.3498908611701834,0.3614863406844762,0.0727044813538075,0.6446096654275093,0.9301150715689026,0.0724874099116643,0.0244126624484886,0.9010661585617226,-28.381432049921397,0.1005223648515593,0.1127883822616738,False,False,True,False,True,False,TZ,4,off_axis,73.83723545148798,20.0
259,5.536493738819106,88.54170456171771,181.70402898031764,49.829016276,2.2827826760141536,0.4458148950193014,0.1538240368027602,0.6378695208970439,0.9528068506184586,0.2185410415610312,0.0591841192333907,0.9386462075229826,-24.29349129300152,0.1041044772210839,0.2411528247758814,False,False,False,False,False,False,pachytene,4,off_axis,66.7594640724176,20.0
407,7.33857581601295,92.49633739018668,187.32246683093783,32.843237777999995,1.9866397387114625,0.4233983286908078,0.0821964529331514,0.64870556174904,0.8882235528942116,0.0555512082688072,0.0200868439802111,0.7869489154807542,-29.77284567678514,0.1044144193997554,0.1267084140785434,False,False,True,False,True,False,TZ,4,off_axis,72.70332679874294,20.0
362,6.357414286324277,89.99267594466487,185.3597087549558,109.880933076,2.97128681954798,0.725865676102643,0.126105893561998,0.6880305272175065,0.983122219580942,0.3832579414811428,0.6759620132465799,0.9341284369212316,-27.89720091062314,0.1078124627541675,0.1832853174000698,False,False,False,False,False,False,pachytene,5,off_axis,69.59411524218753,20.0
439,6.888390576213836,93.17201474595596,191.04323658103772,33.056703576,1.9909345260655125,0.4415980698268521,0.0711756373937677,0.6690812047274114,0.9938219601235608,0.237763609624825,0.104660163493824,0.865763362965477,-33.46822445094318,0.1117870075894349,0.1063781748625942,False,False,True,False,True,False,TZ,5,off_axis,75.01095409855502,20.0
406,7.260995416900949,87.43287930369267,184.09510080405525,29.174440986,1.909727101375445,0.4115944359572244,0.0888944223107569,0.6423886307734353,0.9415887850467288,0.2487874808682007,0.0467152438365201,0.9581255856354418,-26.72122193836991,0.1128614239208997,0.1383810641289341,False,False,True,False,True,False,TZ,5,off_axis,66.73919769361011,20.0
148,1.8362924901184596,88.02712609090963,183.53455030434463,59.3481834,2.419763604589606,0.3877075098814229,0.1095079328581283,0.6673552385255955,0.9718498659517426,0.2651898065311673,0.0870065363481454,1.0002885613453822,-26.140600094293806,0.1154143410163879,0.1640924151581801,False,False,False,False,False,False,pachytene,5,off_axis,67.03763989587208,20.0
185,3.2641499155634257,93.28595749305444,191.0361734923997,43.061446746,2.174369441342644,0.4462058070490821,0.0893129087162949,0.7108007082431634,0.9986328125,0.1901293133948445,0.0965797857646895,1.029067836982517,-33.457253620457976,0.1158504462982916,0.1256511251051556,False,False,True,False,True,False,TZ,5,off_axis,75.1077788226556,20.0
437,7.532838141302583,88.03029587148157,187.25678941958893,27.159417684,1.864707059276246,0.4553463465192606,0.0959139784946236,0.6197272438947035,0.9739031770045384,0.0863272989155742,0.025811559073845,0.8226558955953627,-29.86053603504145,0.1205097659202725,0.1547680522996665,False,False,True,False,True,False,TZ,5,off_axis,68.69171423000041,20.0
152,1.5945069490403685,90.08366763732576,188.73813297248196,49.62258781199999,2.279625990829917,0.4694620402760707,0.1656382425098506,0.5821081707208411,0.9852913085004776,0.1305933667849944,0.0837788319162468,0.95142086278103,-31.27050952089927,0.1223120347105218,0.2845489048963804,False,False,False,False,False,False,pachytene,5,off_axis,71.19944616925224,20.0
219,4.12383844089832,85.39775418726094,184.45225920067895,33.220908036,1.994225643774378,0.4484536082474226,0.1298874902528684,0.6424273460504417,0.9776098516652671,0.2374115739317552,0.0755598098541343,1.0212085801799016,-27.14804011347774,0.1229393419108678,0.2021823807025019,False,False,False,False,False,False,pachytene,5,off_axis,65.06861754238518,20.0
459,7.529931640625237,89.51061982421862,191.2906478271461,28.824920064,1.9020700217274955,0.4698079427083333,0.091606246514222,0.6125863392171911,0.9683313032886725,0.2950601427220851,0.1140807343259158,0.8278487592969233,-33.841193601805585,0.1256479496682688,0.149540139323517,False,False,True,False,True,False,TZ,5,off_axis,71.93693244546263,20.0
275,5.638896286432955,90.39739631602193,193.9753384598297,31.710227004,1.963527164468759,0.4117472998964344,0.0992297236067059,0.6519114688128773,0.98134601316752,0.083928444446968,0.0248808193593899,1.0133020763494007,-36.49385655322477,0.1298420605490541,0.1522134957794223,False,False,True,False,True,False,TZ,6,off_axis,74.07209575202364,20.0
338,6.3698331937912105,83.71604647388355,186.81364982932632,36.422895006,2.056341707848308,0.5529078379596831,0.1120491174213353,0.6633535004321521,0.9961016949152542,0.1290174292859864,0.0753393667378665,0.9674622044770244,-29.565775379202567,0.1329016030330324,0.1689131320605668,False,False,False,False,False,False,pachytene,6,off_axis,64.68704619018956,20.0
146,1.7956970284807727,85.14880993739368,187.88499651264888,53.20693659599999,2.3332425182891168,0.390177233048232,0.1207729468599033,0.6333863504916136,0.9677822177822176,0.1227000556172802,0.0387148046840165,0.9518226742720002,-30.58730054966202,0.1377028508734071,0.1906781647033653,False,False,False,False,False,False,pachytene,6,off_axis,66.46068267948748,20.0
151,2.2994027096586818,88.62335780605149,193.99408288253065,48.306606354,2.2592934315766664,0.4727334531151362,0.0823191345503718,0.6581322527168908,0.9934695244474212,0.1361960716295275,0.0624436914305422,1.0277494833247756,-36.5734965787445,0.1397999578118495,0.1250799276445477,False,False,True,False,True,False,TZ,6,off_axis,72.5751363380026,20.0
380,6.9662574819915175,86.34193328345413,192.6443767550957,92.489334984,2.805440199976832,0.7502536268641574,0.1192307692307692,0.6594902000609323,0.993981751116288,0.261354076889557,0.5005690137307691,0.9475858276339066,-35.30291246884147,0.1405660169471745,0.1807923290137642,False,False,False,False,False,False,pachytene,6,off_axis,69.92546116593844,20.0
405,7.394223531336879,87.10720878743503,195.7795775405,28.670098716,1.8986585077619604,0.3984617902143675,0.0347905999737429,0.647170837867247,0.8881578947368421,0.3870405444606038,0.0823046708624252,0.8873908280771737,-38.40999138325034,0.1474112231852667,0.0537579846588814,False,True,False,True,False,False,mitotic,6,off_axis,72.28198960724758,20.0
202,3.373932487016772,81.10195170225174,188.38422541834748,32.521866192,1.9801387214089687,0.4421523369878822,0.0685294471877634,0.6706749418153607,0.9801576515357434,0.2780076907914809,0.1108135672100828,1.1814308411836418,-31.225172712928504,0.1480268420794415,0.1021798235107311,False,False,True,False,True,False,TZ,6,off_axis,63.22511317704493,20.0
436,7.509400794863748,81.19941491134267,190.5490160654236,30.692159352,1.9422849500850947,0.4487924182207276,0.0995130478212011,0.6557127010537992,0.9929078014184396,0.2182662665048339,0.110962064422296,0.8840646846741722,-33.38534103733102,0.152752085580881,0.1517631847930858,False,False,True,False,True,False,TZ,7,off_axis,64.4662389144462,20.0
379,7.184767602392824,84.29245338241904,195.4986612057077,30.584253564,1.9400060848668197,0.4690136524006749,0.0740938879229637,0.641051567239636,0.9776519666269368,0.1491462662159366,0.0530141455743127,1.0193259527084366,-38.22587741383509,0.1556084871911774,0.1155817904665791,False,False,True,False,True,False,TZ,7,off_axis,69.80587383577495,20.0
147,1.5492332341496668,84.93988334859078,194.7950133440135,20.497408164,1.697735825991732,0.5480659189745938,0.0888324873096446,0.592555077234743,0.975478669801814,0.2324679879192809,0.1372187881157529,1.0929034785129743,-37.50041667130967,0.1562216514174201,0.1499143129853789,False,False,True,False,True,False,TZ,7,off_axis,69.93623320867833,20.0
237,4.703856650018057,86.5411687915126,198.8998675711849,45.557354538,2.21559288912397,0.4079089645229391,0.0785319336485295,0.6851030524393426,0.9899255365746824,0.1915980083629265,0.0741897935193484,1.3240258908237372,-41.547875329324626,0.1568630976028679,0.1146279138137142,False,False,True,False,True,False,TZ,7,off_axis,73.61817230135222,20.0
143,1.611325850282809,83.24282212844948,191.95223067769507,27.795123522,1.8791437319839912,0.4657777027597265,0.1022549992908807,0.6344391785150079,0.9873417721518988,0.1943939466461435,0.1002224185259271,1.021678346151729,-34.71757374637158,0.1569102803868575,0.1611738410137637,False,False,False,False,False,False,pachytene,7,off_axis,66.94442023841752,20.0
250,4.996641243766504,79.58097804341301,190.5879141463781,31.987028808,1.9692238969557043,0.4540187738339689,0.1129512689145716,0.6319677635997314,0.992264603894372,0.2517280774817794,0.1343815107344798,1.1353737259907486,-33.479780692629326,0.1575311808230602,0.1787294786544072,False,False,False,False,False,False,pachytene,7,off_axis,63.13927181387975,20.0
457,7.600592300098465,80.54020028381164,194.25508669175824,38.020369824,2.085975688553631,0.4337981243830207,0.1143601621308627,0.6444371799062875,0.955849889624724,0.1345252247757619,0.0547120088269974,0.9387696674615044,-37.111859137906876,0.1664346006641526,0.1774574243954899,False,False,False,False,False,False,pachytene,7,off_axis,66.03223027580052,20.0
144,2.1996097560975603,84.32893611219443,199.18568754146267,48.088449,2.2558872355554302,0.4269268292682927,0.0671007702691971,0.6692202928157984,0.9894558463566184,0.1584817689098704,0.0675160451830969,1.0962573496847547,-41.90947762688063,0.1685902259741742,0.100267088415483,False,False,True,False,True,False,TZ,7,off_axis,72.02166264313941,20.0
142,1.5410484786896184,81.60699233666205,195.73371878175584,39.242520162,2.1080913532894834,0.4431824974595014,0.1132793907663017,0.6453032742887815,0.9582712369597616,0.2690352602425486,0.0944220141923402,0.9445779902439464,-38.55299421590855,0.1710159242100724,0.1755444227230246,False,False,False,False,False,False,pachytene,8,off_axis,67.76836787527904,20.0
309,6.557216457441672,83.96581280023187,200.81040853348875,32.327166618,1.9761792920707957,0.443364051955591,0.0883052056096981,0.6635380002607222,0.9869262865090404,0.2272578416800611,0.095698802874129,1.0996837267173276,-43.54570763088535,0.1726877253644607,0.133082363896266,False,False,True,False,True,False,TZ,8,off_axis,72.73967313068344,20.0
137,2.5639928698753423,78.14944838086603,193.56590487224784,47.375332488,2.2446806039057408,0.4189443454149336,0.0570510245078345,0.6715807413719642,0.9872763419483102,0.3581396954633539,0.1238897042445039,1.167473527080927,-36.50516339104974,0.1737419074373717,0.0849503581524473,False,False,True,False,True,False,TZ,8,off_axis,63.701139057328064,20.0
361,6.80878497094241,77.19526370455355,193.8193387079314,34.712822843999994,2.023642418131182,0.370252736856332,0.092688151105053,0.6925635797832386,0.8857461853368068,0.4728436113773888,0.0966218564145058,1.1170546124331735,-36.791207084968136,0.1750432021170107,0.1338334180582567,False,False,True,False,True,False,TZ,8,off_axis,63.09546353214372,20.0
308,6.839456338459813,80.7197512544093,199.67370772571817,45.90922123799999,2.2212823827729524,0.5050329569260641,0.1135614934114201,0.6436461236708991,0.9944205324406186,0.0361400999205716,0.0305885960692136,1.000480136634192,-42.52112138457104,0.1791329556255664,0.1764346730836291,False,False,False,False,False,False,pachytene,8,off_axis,69.50587745464809,20.0
218,3.954703635592148,75.51887385061619,195.19032022916983,33.16460936399999,1.993098484769932,0.3762908473617201,0.0804046303055584,0.6983442957586754,0.9672830725462304,0.2389038965266791,0.0758278733531044,1.327292181329298,-38.21893453929099,0.1841344038026276,0.115136088021178,False,False,True,False,True,False,TZ,8,off_axis,62.64064888034784,20.0
208,3.922363110041857,81.58342279528884,203.6383131773145,57.534897006,2.394864300967904,0.4656500998899172,0.1291115688750083,0.6191820540210591,0.9948132780082988,0.1131477431685059,0.056171002698655,1.3091817585572318,-46.45373785842238,0.1863543886641321,0.2085195590481649,False,False,False,False,False,False,pachytene,8,off_axis,72.74513012329491,20.0
403,7.375750738651516,77.26650264302897,198.661627832393,43.66665747,2.184508706992421,0.5067955949503089,0.1129468599033816,0.6621283084631304,0.9820841551610784,0.3029294545277987,0.1435759369483036,0.9258352402329154,-41.62819577442046,0.1899088853901207,0.1705815299840346,False,False,False,False,False,False,pachytene,8,off_axis,66.21744254784727,20.0
139,1.3345517567354392,79.10877329446996,202.43402897431915,44.66595889799999,2.201047175019796,0.4117955989706423,0.1232876712328767,0.6630357142857143,0.976670716889429,0.1812242594667424,0.0968427327842073,1.1916841177166255,-45.335123782745455,0.1951184371184266,0.1859442388645596,False,False,False,False,False,False,pachytene,9,off_axis,70.0996903450397,20.0
136,1.6456605088880434,76.52226272469126,199.5796921475835,47.110259574,2.240486317023612,0.6271473385450381,0.0903790087463557,0.5881410256410257,0.9977948125590675,0.2699358199228587,0.2222583482115256,1.20847377862304,-42.57127026590276,0.1982593824953717,0.1536689413017056,False,False,True,False,True,False,TZ,9,off_axis,66.26691478443604,20.0
295,5.748190476190474,73.0581568228572,197.7468802057153,30.78833625,1.9443116149039028,0.4978285714285714,0.1162510056315365,0.6290395994538006,0.9965761799951088,0.2079000273394748,0.1101079299281825,1.1382087967097707,-40.858469203089356,0.1998340468453532,0.1848071341334919,False,False,False,False,False,False,pachytene,9,off_axis,62.472447003321825,20.0
360,7.334662036817409,77.23360692574656,204.09694195404887,49.31529089399999,2.2749105772486318,0.5265185748941635,0.1052584269662921,0.6315049226441631,0.9978109180462444,0.0532598881033045,0.0380418732508514,1.0123609046136914,-47.06143503096256,0.2032887679736648,0.1666787117439504,False,False,False,False,False,False,pachytene,9,off_axis,69.8747328330525,20.0
130,2.568163090128688,72.9372425665239,200.33468329184583,54.65662739999999,2.3542436456084697,0.4198712446351931,0.141559761209196,0.6278760079899386,0.9636845091734444,0.3107218271119882,0.1051745158282489,1.394413837626747,-43.448897970425406,0.2094302971341907,0.2254581468439616,False,False,False,False,False,False,pachytene,9,off_axis,64.17301236421547,20.0
471,7.809534400949244,72.87939621886132,200.170870729538,31.639853664,1.9620735607656656,0.4202253855278766,0.0880466472303207,0.6404092071611254,0.9646333549643088,0.1166764152102507,0.0564790313126801,1.1797154703773307,-43.2871679721828,0.2098179892625986,0.137484980299742,False,False,True,False,True,False,TZ,9,off_axis,64.01687224933822,20.0
133,1.4575560912294128,75.39586746708767,203.8476298164308,25.301561508,1.821180137965148,0.638512887075839,0.2005331146196431,0.5709156193895871,0.9972544878563886,0.226803800936879,0.2576051942651391,1.035741014624829,-46.875363515917684,0.2121012907479436,0.3512482542237146,False,False,False,False,False,False,pachytene,9,off_axis,68.39440183411641,20.0
135,1.7120032699032723,76.81075810436406,208.13869053998465,51.651685782,2.310283609716104,0.5473000590399201,0.1447447447447447,0.6170746388443018,0.9984802431610942,0.1301556319743464,0.1171256654609243,1.6016122152935035,-51.115318241739054,0.2159305384314115,0.2345660243237873,False,False,False,False,False,False,pachytene,10,off_axis,72.46541013472928,20.0
271,5.499514296187506,77.19167357496286,208.8377622525655,51.194259072,2.3034434296340045,0.4748900293255131,0.098134886283151,0.6588132635253054,0.9978612893369996,0.1074203449800862,0.0618116786599304,1.5497573459041694,-51.80090016695912,0.2162044695821789,0.1489570591794584,False,False,True,False,True,False,TZ,10,off_axis,73.23613635814237,20.0
258,5.374385929444767,71.32166397452647,201.813842489642,46.413563508,2.229386848271163,0.3485798039017487,0.1278841599566953,0.638218636046241,0.9481258366800536,0.1248779304294998,0.0301140318840599,1.4156711071848271,-44.9826515432923,0.2187957114190867,0.2003767247364267,False,False,False,False,False,False,pachytene,10,off_axis,64.09791534865683,20.0
434,7.379150197628939,73.30745132905112,204.8518418033576,47.47854672,2.2463095454091446,0.4674901185770751,0.100108541370961,0.6501206160697718,0.9723437773499036,0.3020241281600421,0.1327719122917711,0.9497203573140948,-47.95068342602619,0.2203720901049953,0.1539845667041841,False,False,True,False,True,False,TZ,10,off_axis,67.67205984689781,20.0
129,2.168654925860157,71.80556085704625,205.92919928499657,48.88366774199999,2.2682542054774744,0.4858198569988963,0.1235890724685097,0.6331311245916939,0.9963317384370016,0.1838190146580627,0.1050754409114709,1.3303731317028602,-49.078968990656044,0.230091481715733,0.1952029645489507,False,False,False,False,False,False,pachytene,10,off_axis,67.46339103503344,20.0
183,2.8973989378997067,69.19752618402717,203.92520275279023,43.288987212,2.178192568338788,0.4873198222607564,0.1289817713128337,0.6263608498044604,0.991824665159158,0.2813277846668948,0.1189962139135253,1.4276120224758917,-47.1656934423274,0.2316256384567745,0.2059224668225987,False,False,False,False,False,False,pachytene,10,off_axis,64.23905510522411,20.0
337,6.751395387240389,72.76605284857112,211.5502345516601,42.615748926,2.166841635713552,0.4938624979358177,0.108838922271758,0.6514410005437737,0.9952348536419332,0.2162922124414949,0.1387387692988683,1.478904289325907,-54.66371471507871,0.239018387948619,0.1670741052235084,False,False,False,False,False,False,pachytene,11,off_axis,72.37918278645921,20.0
294,6.22504455739632,67.405322344709,204.3709718925318,35.536190922,2.039517432460246,0.3911149250775628,0.0971025841816758,0.6458152645273201,0.9677871148459384,0.261553016582785,0.0747942753294101,0.9765963218222437,-47.6727300994126,0.2391076646570601,0.1503565950128886,False,False,True,False,True,False,TZ,11,off_axis,63.42711035051787,20.0
128,1.3242298578198386,71.21972888033089,209.28330845971607,39.59673264,2.1144150789258807,0.4578791469194313,0.1713302544598388,0.6182930827231996,0.9931652132924818,0.0529430643966205,0.0549695046333405,1.408161511938549,-52.45121374112403,0.2403706075521577,0.2771020075224435,False,False,False,False,False,False,pachytene,11,off_axis,69.64462366465243,20.0
376,7.0631852899577074,68.977051230553,207.1502965205139,41.46162615,2.147101493514357,0.4493352192362093,0.1557810738138607,0.630535292304531,0.9785763648928818,0.0422773779490282,0.015402810790904,0.9746092010986768,-50.39645533138988,0.2413624281336221,0.2470616248053294,False,False,False,False,False,False,pachytene,11,off_axis,66.57557090736844,20.0
193,3.1557793431888994,72.5026594056941,212.23712391606807,47.286192924,2.243271885733119,0.4531203492409961,0.1116125392860021,0.6640965166908563,0.988015253313964,0.2673238620425073,0.1348857521442589,1.982382465681141,-55.359242019358575,0.2420744612026376,0.1680667440361818,False,False,False,False,False,False,pachytene,11,off_axis,72.7501794635312,20.0
122,4.046518977341001,64.4276299560727,200.99230766362783,74.227453254,2.6071057668621376,0.4449325285213159,0.0944991493529927,0.6923252106581644,0.992998016104563,0.2596903148492102,0.111036060378063,1.5078104030464377,-44.39828841818298,0.2489974265757795,0.1364953173713786,False,False,True,False,True,False,TZ,11,off_axis,58.92677320310194,20.0
456,7.938089720244875,69.08633466313627,210.440937228936,42.512534694,2.1650908768858104,0.4161562655189538,0.1192041954549237,0.6156317928362158,0.488299971807161,0.64671166113895,0.0219276106887103,1.0361085391253442,-53.68140418728146,0.2503926446229715,0.1936290439220983,False,False,False,False,False,False,pachytene,11,off_axis,69.23567453749912,20.0
336,7.000068143100733,62.8392234363597,203.8891170795789,48.19400901,2.2575366784308484,0.4484302750060842,0.1063091482649842,0.667666784327568,0.985363107524864,0.1560664490094289,0.0510264540997285,1.1369108768098573,-47.34792359336587,0.2590027435255175,0.1592248570101509,False,False,True,False,True,False,TZ,12,off_axis,60.24857653633991,20.0
120,1.816856780735053,62.64229459532898,204.92193432916645,51.822927576,2.312833902177041,0.5734202426217636,0.1425711946137748,0.6086587436332768,0.9956226241216448,0.2543112366819366,0.2145666516492654,1.6310411304980004,-48.386892973757654,0.2603293294757419,0.2342383085844167,False,False,False,False,False,False,pachytene,12,off_axis,60.970152646693094,20.0
358,6.932767496869468,63.15734932517071,207.63390925282,50.577319458,2.294153113803432,0.5387041417373962,0.1368567213399288,0.5818419465111603,0.9989200863930886,0.2279657062631358,0.1427253311896049,1.0851897021669756,-51.079586158993344,0.2621928632474806,0.2352128823996773,False,False,False,False,False,False,pachytene,12,off_axis,63.487473295133576,20.0
124,2.31571512654501,67.20994098293085,212.5848492113084,39.85476822,2.118998061908269,0.5261918775750442,0.0923441199684294,0.5720496894409938,0.999659979598776,0.1759912358051032,0.1287371025946149,1.5673868943603144,-55.88847301403944,0.2629637196937268,0.1614267460903054,False,False,False,False,False,False,pachytene,12,off_axis,69.86483684333058,20.0
117,2.4961762688614546,59.766154436726126,201.3154197016485,54.722309184,2.3551863127678545,0.6441186556927297,0.137006237006237,0.6214165261382799,0.999739944521498,0.2000308365712994,0.2310531316186355,1.4017756448628405,-44.88124870523122,0.2700321702748923,0.2204740801755727,False,False,False,False,False,False,pachytene,12,off_axis,56.36435579551484,20.0
293,6.48571125152636,60.473919524237246,199.09398615196636,44.178037074,2.193003216549895,0.5982052779695216,0.1108108108108107,0.6714682172591516,0.9997618480590617,0.0272111613993823,0.0278057004596442,1.559067842167944,-42.63682560793399,0.2704395044151088,0.1650276334196821,False,False,False,False,False,False,pachytene,12,off_axis,54.990429968637486,20.0
402,7.647257085616371,63.09581228566395,210.80945662012,39.81019843799999,2.1182078719824697,0.4881268045489364,0.1489174096208484,0.5954875100725222,0.9886046011610408,0.0708663067604578,0.0353645336848854,1.0899439677967164,-54.25537416743758,0.2710624280742238,0.2500764618937386,False,False,False,False,False,False,pachytene,12,off_axis,66.09664556014827,20.0
200,5.688020062489638,65.41347604834685,212.9686774913714,57.05870407199999,2.388238882762242,0.4366880447294853,0.1052047280088813,0.6493212669683258,0.9965662556578742,0.1398298530931955,0.0778507808702489,1.744933742344706,-56.333751619858106,0.2711005555928681,0.1620226124736082,False,False,False,False,False,False,pachytene,12,off_axis,69.17230428638555,20.0
121,1.566498146275617,62.83345074570283,209.2630217644086,55.679386608,2.368837544095089,0.4562689585439838,0.1677307022634939,0.6024329769099643,0.9856153436334576,0.1368540136841286,0.0757783795024563,1.4654092810210948,-52.71885842211318,0.2789259389231566,0.2784221792170614,False,False,False,False,False,False,pachytene,13,off_axis,64.65827699052157,20.0
199,3.5277013752454507,59.28069654223862,195.53429131069453,41.79003507,2.152755506434315,0.5710356441201234,0.1104644395297403,0.6826746924888772,0.9987908101571948,0.0573322420936666,0.0383574590670754,2.3441349454683698,-39.12019526742751,0.2811274760736195,0.1618112414963151,False,False,False,False,False,False,pachytene,13,off_axis,51.447547385105835,20.0
433,7.148919509072992,57.48803090128878,203.2192785407726,62.308555236,2.459346326644923,0.581695655447632,0.1463583282114321,0.6287462874628746,0.9984676401658554,0.2561286341558913,0.1919487090780022,1.1854717433014983,-46.86219817739385,0.282053594764419,0.232778039615978,False,False,False,False,False,False,pachytene,13,off_axis,56.68125065188939,20.0
112,2.2887582398004684,56.33060593265688,205.49920658738657,52.667407656,2.325329195453411,0.6423481204347051,0.0845873233014136,0.6733499377334994,0.9999123037797072,0.0929612357707077,0.1095272310562059,1.600377101356955,-49.18051910276056,0.2874843334434073,0.1256216397466897,False,False,True,False,True,False,TZ,13,off_axis,58.03283287745523,20.0
217,4.0628780934923565,59.38170398716658,211.4831421020501,46.066388364,2.223814299215279,0.4724513697932579,0.1207672069931257,0.6676640926640927,0.9958304378040306,0.1133232427332074,0.0684700906914208,1.6918537935164124,-55.05617602170569,0.2882903090005606,0.1808801885859162,False,False,False,False,False,False,pachytene,13,off_axis,64.7410324954706,20.0
335,6.988512054695663,56.47081658420303,206.45328083393176,52.15133649599999,2.3177091988594976,0.6421374595178122,0.1318201658664338,0.6436651583710408,0.9973489350031997,0.2025752592462187,0.2091226949214341,1.2208823946292218,-50.12921715895263,0.2883353990950817,0.2047961803619113,False,False,False,False,False,False,pachytene,13,off_axis,58.92967554808674,20.0
432,7.659607843137988,56.296832619048274,196.87456563025248,50.24656475999999,2.2891412359659453,0.4562091503267974,0.141699211554049,0.6152987637362637,0.9795377036756348,0.0922333359618061,0.0379442609345936,1.1376628759525913,-40.56212208996259,0.2912625507862028,0.2302933467533924,False,False,False,False,False,False,pachytene,13,off_axis,50.73614941203702,20.0
292,6.752291897623563,56.6453057068495,210.02661752060212,48.66785616599999,2.2649113189849723,0.4555839398467248,0.1090866067203029,0.6626826029216467,0.9919354838709676,0.2929227294868482,0.1186500584962639,1.8614500797727895,-53.69445668196247,0.2918451188675091,0.1646136570348458,False,False,False,False,False,False,pachytene,13,off_axis,62.13982223521484,20.0
111,2.042320161219678,55.57419292035368,208.83933188469,53.544728628,2.338169749854872,0.4610093752738106,0.124154623763081,0.6183857595708364,0.9859324069308628,0.2076878562292519,0.0905358130611713,1.7184906738911054,-52.544644642658305,0.2948702587605934,0.2007721262036259,False,False,False,False,False,False,pachytene,13,off_axis,60.58815245246307,20.0
319,6.759581528769836,57.929370909500655,192.48254818606105,41.70558706199999,2.1513044547068287,0.5837786152202036,0.1332864839540876,0.6089189189189189,0.9966601725577512,0.124330477503361,0.1139702176787535,1.954789697212608,-36.11664520643346,0.3007302411132509,0.2188903642388478,False,False,False,False,False,False,pachytene,14,off_axis,48.22589568698096,20.0
109,1.750783832782283,52.24091365575355,199.6296949077536,43.99272061199999,2.1899325415993127,0.5066119227898048,0.0837706703634023,0.7012860693829028,0.9993845206954916,0.1698202111544642,0.1025613203925769,2.300654309596994,-43.45487579260616,0.3031351091789899,0.119452922310458,False,False,True,False,True,False,TZ,14,off_axis,50.90731132566549,20.0
113,2.46379356785,56.44687246673632,191.09693398157435,43.544677014,2.1824727075197763,0.4365134945860044,0.05021338418233,0.6876673040152964,0.9904194166489249,0.1247850172815011,0.0487539798001229,2.8750280535011994,-34.78274529451025,0.3040777256748529,0.0730198802373379,False,False,True,False,True,False,TZ,14,off_axis,46.214306852947175,20.0
110,2.106078512207401,52.9580154046992,195.09793315926797,51.21067951799999,2.303689678112605,0.6019421922953598,0.0578924544666088,0.6695051783659378,0.9998987034035656,0.1431461641038057,0.134067446278002,2.153259997540088,-38.901165942038155,0.3088790715107597,0.0864705103669355,False,False,True,False,True,False,TZ,14,off_axis,47.39833666994219,20.0
399,6.924072258787565,50.9232484385953,201.86087704803228,50.253602094,2.289248100315849,0.6889791345749895,0.0949470252648736,0.6861773975686628,0.99853515625,0.1905738919656931,0.2543989000699492,1.4156827063940456,-45.72998094951329,0.310712755064254,0.1383709600480868,False,False,True,False,True,False,TZ,14,off_axis,52.251474721733345,20.0
305,6.801568947073265,51.22067008812695,205.78940804849657,46.04996791799999,2.2235500402945894,0.4297794304925882,0.0727302849569251,0.6846524924066464,0.9968385694526772,0.1545684029361204,0.0758162979582506,1.4708452205256768,-49.645984846112064,0.3109600416838189,0.1062294897974712,False,False,True,False,True,False,TZ,14,off_axis,55.908339847699914,20.0
206,4.072492107139203,51.37744720440072,207.51080200122567,46.066388364,2.223814299215279,0.4523373052245646,0.0805334701205436,0.6781961878196188,0.9947545897339828,0.1177691525656389,0.076324700388035,1.5573785711714998,-51.36098149192124,0.3115639126327221,0.1187465685695705,False,False,True,False,True,False,TZ,14,off_axis,57.5335673163114,20.0
454,7.487903906289551,51.214063170696434,196.28625387899032,47.260389366,2.242863768516183,0.6548865836104631,0.1125717932354818,0.6584208255429311,1.0,0.0645236636039126,0.0822248882993226,1.5639325722296264,-40.14865984321017,0.3131366209352682,0.1709724068078429,False,False,False,False,False,False,pachytene,14,off_axis,47.496611650586054,20.0
455,7.420886730054577,53.97663717445114,190.6363733464238,45.395495856,2.212965881997529,0.6224679619677553,0.1336416459148582,0.6463180947166712,1.0,0.1284171725193421,0.1260476949240428,1.8388720078962173,-34.40726479434503,0.3161733138537392,0.2067737960724173,False,False,False,False,False,False,pachytene,14,off_axis,44.3254859971835,20.0
242,4.451581325301234,55.66620679593446,188.0516687499955,37.382318208,2.0742409642077435,0.5629392570281124,0.1113804541974993,0.6571428571428571,0.9936463660313032,0.2443795389652335,0.1796720375112574,1.948020049520588,-31.766077293124106,0.3168512676674341,0.1694919955179337,False,False,False,False,False,False,pachytene,14,off_axis,43.38138767058498,20.0
101,1.702474566950784,48.80219741545174,203.454016758312,51.189567516,2.3033730632545613,0.4423975804234259,0.1073943661971831,0.6130834976988823,0.9958816922500936,0.1452235644987845,0.0734096706631542,1.6211621551554984,-47.395001823555866,0.3209102211023907,0.1751708643280595,False,False,False,False,False,False,pachytene,15,off_axis,52.77435183520669,20.0
334,6.895892827609025,46.32231434478144,201.50045206461604,42.550067142,2.1657278439912395,0.5983791829759082,0.0838782696177062,0.6742621825669183,0.998776758409786,0.0899512915528467,0.0911357097372105,1.408081908131847,-45.5277286559307,0.3304314222525501,0.1244000802453156,False,False,True,False,True,False,TZ,15,off_axis,49.99922346453118,20.0
431,7.2626203521468735,54.27847482844792,185.1142133198589,44.098280622,2.1916827148693656,0.5809351561253258,0.1356155365371955,0.6518151815181518,0.9941572462847708,0.1513661224155686,0.1343165766025617,1.6830818539770391,-28.877997461032418,0.3352068540693202,0.2080582661811151,False,False,False,False,False,False,pachytene,15,off_axis,40.262931968420155,20.0
96,1.879292390690709,44.82475244338609,198.1942380214541,37.394047098,2.074457876028726,0.5551721974782009,0.033792069764273,0.7051191651389085,0.9998470480269196,0.2095813874190849,0.1531473001907763,1.944678348414864,-42.27487830659442,0.335414371735022,0.047923913339692,False,True,False,False,False,False,pachytene,15,off_axis,46.37185518981994,20.0
261,5.581218878545203,45.73908296168033,204.05100420545543,43.340594328,2.1790578045359443,0.4471205888720502,0.1118935837245695,0.6690161527165932,0.9926701570680628,0.1415945128517596,0.049189036298634,1.9148614615602897,-48.09680080448764,0.3354333191481484,0.1672509449438803,False,False,False,False,False,False,pachytene,15,off_axis,52.15574448904749,20.0
107,1.9605530776092863,51.40131025423802,185.5505349152545,52.59234276,2.3242239351381517,0.5665477252453166,0.1604319654427646,0.6158674624408315,0.998366966056223,0.1128551142596718,0.0838005604215769,1.6227483039086932,-29.41284123726518,0.336186022187411,0.2604975505718941,False,False,False,False,False,False,pachytene,15,off_axis,38.72921652659616,20.0
105,2.344884124231557,48.72639473435209,189.80409631089395,44.637809562,2.200584697268089,0.6411267013505701,0.0591071920639294,0.640210865426856,0.9991547807712624,0.1487190220291461,0.1844754723294921,1.5700777129953496,-33.7557308037109,0.3375276023708283,0.0923245687567644,False,False,True,False,True,False,TZ,15,off_axis,40.66101118679594,20.0
99,1.99407255048616,46.058220100972,194.4790212930048,50.18088297599999,2.288143353870903,0.6509442782348541,0.0401079830312379,0.6887638944689969,0.9995610569748048,0.1476650820145427,0.1774492518242338,1.6421567910659172,-38.51950412322601,0.3375328923943504,0.0582318314785638,False,False,True,False,True,False,TZ,15,off_axis,43.477364939405305,20.0
452,7.659638358202555,45.48938295914071,193.77912649560605,50.464722114,2.2924494023473323,0.6587179844745038,0.1017861512111573,0.6566330700081722,1.0,0.0725996268820061,0.0767254137341801,1.7941693669022682,-37.83955136368297,0.3398489597184916,0.1550122219855459,False,False,True,False,True,False,TZ,16,off_axis,42.60067985893327,20.0
93,2.6789585138128134,43.57842304360357,201.86780682934017,48.740575284,2.2660388283388664,0.4833477716815862,0.0991860367542166,0.6029809035863997,0.9906601234763336,0.3158597926515361,0.1364621206851195,1.6839142785091366,-45.989070693809055,0.3415672366914508,0.164492832466633,False,False,False,False,False,False,pachytene,16,off_axis,49.36357994558292,20.0
210,3.838466795055043,53.796371603402704,182.3609452444524,37.759988466,2.081202862497303,0.6143380754177796,0.1099641577060931,0.6662371134020618,1.0,0.0421835257541834,0.0556853793857567,2.001468160521286,-26.14290416953912,0.3425782024666254,0.1650525848741359,False,False,False,False,False,False,pachytene,16,off_axis,37.928988605000036,20.0
430,7.500459716378208,46.674000537633525,188.4546873188413,60.211429704,2.431439363684581,0.6428237494156148,0.1903920876015542,0.5929319371727748,0.9997540983606558,0.0779114758927294,0.0994428183600039,1.762422017087074,-32.47758053801262,0.348739191104294,0.3211027702595749,False,False,False,False,False,False,pachytene,16,off_axis,38.44431872024795,20.0
453,7.446705888074059,49.370566767151104,182.86753302863173,48.245616126,2.25834219623321,0.6020323819711189,0.1184706515885837,0.6794135613927917,0.9991591339079252,0.179916812107486,0.161862353667287,1.7435068948154795,-26.801140945295757,0.3539717923459017,0.1743719264974928,False,False,False,False,False,False,pachytene,16,off_axis,35.36559097082855,20.0
289,6.397951982287199,40.48887629557841,199.5919994118869,33.903529434,2.007792221755909,0.5396803431813464,0.1027646662171274,0.6544416052908463,0.9974658869395712,0.0473455305268704,0.0369504768365715,2.161742939651565,-43.820675870327776,0.3567416230147122,0.1570264869872643,False,False,True,False,True,False,TZ,16,off_axis,46.2435395759481,20.0
468,7.801214737476514,41.550717653848864,196.78273629655655,46.732589316,2.2344831212803844,0.5734865977311515,0.1234784402723334,0.6369306814169707,0.9946047678795484,0.1103038918283049,0.0960372150596536,1.2544236560479916,-40.97661352798983,0.3593607916404759,0.1938648017357755,False,False,False,False,False,False,pachytene,16,off_axis,43.89453405034436,20.0
104,1.9234717390322524,48.77813308182319,180.58215428997565,51.919104474,2.314263795178007,0.5858220756336692,0.0539731682146542,0.6876840842151194,0.9998979800040808,0.1455718257573284,0.1278617005554992,2.235151041789242,-24.53744904654034,0.3601916599150316,0.0784854113299073,False,False,True,False,True,False,TZ,16,off_axis,33.22672279867361,20.0
306,6.797635338551602,52.2725371886806,179.21960498659035,42.855018282,2.1708893686317308,0.5647271333953692,0.1268255188316679,0.6161971830985915,1.0,0.1652164093406964,0.126024522359085,1.9583809058868944,-23.0557324017679,0.3618847476566995,0.2058196991325354,False,False,False,False,False,False,pachytene,17,off_axis,34.63747484532759,20.0
95,1.9691838665591392,44.692571664856914,184.56601218418075,66.94146678599999,2.5188494162305144,0.5910922661807478,0.1320291579886938,0.6275602022452652,0.997140990034308,0.1061395483290529,0.0743633113521254,2.464009913037435,-28.65922469177911,0.3651569933709124,0.2103848483640678,False,False,False,False,False,False,pachytene,17,off_axis,34.08850683967492,20.0
89,2.0258491519970936,41.76127046008068,189.59690299673653,51.037091946,2.301083811595515,0.6526175483752356,0.0785174347720067,0.6726647261180206,0.9999124726477024,0.1091158777319749,0.1269665730536003,1.823815842627396,-33.78778770665904,0.365321349597723,0.1167259583018936,False,False,True,False,True,False,TZ,17,off_axis,37.25750145153998,20.0
81,1.7773752168048065,39.53117490364265,193.261793510308,48.688968168,2.2652387760477017,0.562343418770476,0.0877686282386021,0.6897842360193748,1.0,0.1094472575816204,0.0923290885314983,1.7135393988855991,-37.52708177659626,0.3659164243452972,0.1272406988380883,False,False,True,False,True,False,TZ,17,off_axis,39.91460893456777,20.0
205,3.5389904314443053,51.44483316908352,177.2878384231892,40.94086343399999,2.1380743139885783,0.5769208732023148,0.0842118318243829,0.6797128927410617,0.9986693280106452,0.1852083878663493,0.1630568678125595,2.5881953662356416,-21.15352156469069,0.36650332158931,0.1238932389303135,False,False,True,False,True,False,TZ,17,off_axis,32.714874914926504,20.0
72,2.6200461806701894,37.227789449131286,197.44650630507508,49.779754938,2.2820301693087197,0.5302766127892182,0.1103177436629775,0.5803571428571429,0.9894691902661163,0.2259890426047787,0.1112522678965392,2.369396826921484,-41.78840788384381,0.3681834030924067,0.190085958311592,False,False,False,False,False,False,pachytene,17,off_axis,43.325821604661996,20.0
451,7.860928109891613,37.710010085401485,191.8908296733061,51.914412918,2.314194085287603,0.6830238127513443,0.1371463714637146,0.6597291518175339,1.0,0.1379809161142511,0.2086207721819255,1.7645280121559013,-36.219450758712185,0.3740632897720173,0.2078828426572943,False,False,False,False,False,False,pachytene,17,off_axis,38.07166064363992,20.0
398,7.452975768022794,46.21448028490323,179.01559567069145,46.272816828,2.2271310672626634,0.6250126736287134,0.0751437859464866,0.6898742733540625,1.0,0.08099150354502,0.087939598451398,1.4843239984513787,-23.05982980337582,0.375248590460034,0.1089238849002864,False,False,True,False,True,False,TZ,17,off_axis,30.386088619909817,20.0
428,7.433342337475394,42.28369986493557,183.30449315234665,52.104420936,2.3170139833882923,0.635242211417252,0.1082003302146394,0.666378671932856,1.0,0.0867759492867348,0.1013282423629388,1.7877049839597572,-27.48115123507753,0.37765567192423,0.1623706381550304,False,False,False,False,False,False,pachytene,17,off_axis,31.802919774864055,20.0
427,7.526656559350742,39.86209294122887,186.87023503968203,52.60641742799999,2.324431251519158,0.6243199857308481,0.1417948456758684,0.6516320474777448,1.0,0.085811107388621,0.1010120056723522,1.7961727966241474,-31.127930136709583,0.3786210940691074,0.2175995582548618,False,False,False,False,False,False,pachytene,17,off_axis,34.0129536682336,20.0
290,6.502388725217053,49.90865242057547,174.54123063540115,58.92125180399999,2.413947303652328,0.516243331475436,0.1330003567606136,0.6201958686527858,0.9939010356731875,0.1611466601059876,0.0818266405425906,1.9307982008498008,-18.46127343962364,0.3843159595688791,0.2144489563426507,False,False,False,False,False,False,pachytene,18,off_axis,29.747792465839908,20.0
303,6.696174179978233,35.687660468420454,194.8797149906173,41.264580798,2.143694742066553,0.594508555511341,0.118947628458498,0.6416654983877751,0.995601173020528,0.2068344549570247,0.1679270596947068,2.155672876086841,-39.27600577751318,0.3855133253824329,0.1853732649758502,False,False,False,False,False,False,pachytene,18,off_axis,40.48305267191927,20.0
98,2.0135749953762354,45.331676005178544,175.04063312003015,63.41810823,2.4738587050046936,0.581838357684483,0.1184497816593886,0.6446704997788589,0.9999122268059336,0.1270427499271237,0.1099245610614813,2.648157447627386,-19.11751920532172,0.3880767743043234,0.1837369349148448,False,False,False,False,False,False,pachytene,18,off_axis,26.79100936580197,20.0
86,2.038600027486386,40.8927682349159,180.05588185441457,51.205987962,2.303619326776405,0.6282926382335425,0.0606621903218337,0.6775942814887849,0.9997214226019128,0.0852152827101122,0.0906066644066665,2.0840152027237484,-24.282208820481625,0.3903562920197654,0.0895258298056309,False,False,True,False,True,False,TZ,18,off_axis,28.284627271149393,20.0
198,3.1415563386990546,49.66007324507107,171.48183730354867,49.256646444,2.2740084649081296,0.5646252024002286,0.1448082319925163,0.622839641216364,0.9996324430286696,0.1281428150527909,0.0986842494044901,2.497411518288168,-15.412217964391822,0.3925112919923413,0.2324968136416551,False,False,False,False,False,False,pachytene,18,off_axis,27.663762958857273,20.0
77,2.60724683433294,37.65870097864004,184.4030622540223,66.87578500199999,2.5180253298034425,0.6210319548212845,0.0892691561999494,0.6392077008515364,0.998666370304512,0.1513772250204121,0.1431811799433346,2.0874795383328824,-28.737859112074556,0.3937094351429716,0.139655946073596,False,False,True,False,True,False,TZ,18,off_axis,30.924556551524976,20.0
181,3.1573182342035717,32.76699338076962,193.4228123465404,46.81469154599999,2.2357909075565208,0.5849075512351556,0.1153353267834258,0.6071945919845485,0.9909974792942025,0.1939159630533536,0.1524005653470992,2.752592550301746,-37.92023495241398,0.3939532136372591,0.1899478821220476,False,False,False,False,False,False,pachytene,18,off_axis,38.53270913334737,20.0
393,7.156428428057449,38.91079860577139,180.62714510630505,151.929003726,3.310173012166369,0.7754103169824139,0.1444535936948594,0.6680186992987763,0.999599323301576,0.3102223975440205,0.7162119611433877,1.2637630668969897,-24.921180685860215,0.3960931014038705,0.2162418415030796,True,False,False,False,False,False,pachytene,18,off_axis,27.90003545170775,20.0
62,1.8207001126418727,33.749122394073254,188.1983320379448,54.14524779599999,2.346878350857685,0.5990382115934494,0.0949540387248191,0.6609400324149108,1.0,0.1361658561107637,0.1283053572179673,2.545146119442508,-32.66511594562091,0.398755291973459,0.1436651346081741,False,False,True,False,True,False,TZ,18,off_axis,33.54783561287571,20.0
429,7.513109276730201,44.03827151139978,173.11965370479334,71.61191078399999,2.5761168060753463,0.6397078092243187,0.2118801948982516,0.5645058641694699,0.9987373737373736,0.1189495905573556,0.1378099529381255,1.7429877404658871,-17.24207768109205,0.4021021874016698,0.375337455900446,False,False,False,False,False,False,pachytene,18,off_axis,24.50335777875727,20.0
424,7.381387545643508,35.84727328037059,181.8392002713872,47.539536948,2.2472709923408267,0.6348564097503208,0.0888943609948288,0.6941891891891891,1.0,0.0635419437714942,0.0704663523444479,1.981073249963348,-26.237698893736162,0.4058606295391107,0.1280549486785543,False,False,True,False,True,False,TZ,19,off_axis,27.912675146585563,20.0
76,2.356224753384996,37.99311238882975,177.74898360639042,135.30682081799998,3.184762324084363,0.8044763440300966,0.0975434104185004,0.656499379322575,0.9998097321980688,0.260701402189925,0.7188500022296419,1.5122853431450238,-22.07622212191908,0.4062460228025373,0.1485811159778292,False,False,True,False,True,False,TZ,19,off_axis,24.904829510090902,20.0
286,6.698304290799676,30.21898227936965,190.74107182405925,50.07766874399999,2.2865734926600427,0.5931234776091436,0.1271229022208823,0.6139765139304628,0.9978086994631312,0.1771213306609219,0.1543148758816261,2.4245715688825658,-35.32755421855275,0.4068232585692586,0.2070484771593068,False,False,False,False,False,False,pachytene,19,off_axis,35.57685355032108,20.0
391,7.394535838044707,31.451833000182592,187.14927763268452,64.30950386999999,2.485395551124073,0.6633229983585629,0.1464767893471426,0.6209100758396533,0.9998579141801648,0.1475554682943514,0.1794925467801241,1.7670878504515966,-31.695550992522328,0.4076692347870477,0.2359066071670085,False,False,False,False,False,False,pachytene,19,off_axis,32.13778842978937,20.0
316,6.670924779590701,47.83951888013326,168.7501407146892,50.021370072,2.2857162953940886,0.5403301444381917,0.156672115632797,0.618751275249949,0.9986892122165422,0.1387491579516487,0.1075544824556207,1.8783387315519615,-12.744635420929074,0.4106009283005529,0.2532069377465254,False,False,False,False,False,False,pachytene,19,off_axis,24.615597830030524,20.0
90,2.1750558570060416,42.92963346233572,169.89843793089256,58.79457979199999,2.412216185470321,0.6035349505266518,0.0658080285794866,0.6818959444500352,1.0,0.057101129735094,0.0574440247163345,2.140358788513,-14.06082287923066,0.412336135811698,0.0965074350641025,False,False,True,False,True,False,TZ,19,off_axis,21.444928296276306,20.0
189,3.152794488647502,47.24495025713036,166.53379586164016,48.35117613599999,2.2599880588769787,0.62308364059771,0.0877172381399717,0.6654653108508174,0.998495033610916,0.1985975486371372,0.2119335655141624,3.063084960820264,-10.550010007771899,0.4160363834207195,0.1318133893828705,False,False,True,False,True,False,TZ,19,off_axis,22.956941851510607,20.0
51,2.18250452872105,30.313452463038693,185.5108289312164,120.42989674199998,3.063481308631728,0.7013186855996416,0.1363559560687131,0.6328420503456371,0.9991377309057142,0.321498459970567,0.4558300359977542,1.719403780840623,-30.09715130925337,0.4174562245945318,0.2154660171432035,False,False,False,False,False,False,pachytene,19,off_axis,30.377725069229026,20.0
64,2.108498803440793,34.116811558113326,178.77515152642357,72.536147316,2.5871520798551773,0.6083694457020892,0.1545657637531415,0.5966143682906688,0.9988126159554732,0.0928603074443755,0.0691571260751928,2.184094088073972,-23.234867044668384,0.419821542498978,0.2590714739170304,False,False,False,False,False,False,pachytene,19,off_axis,24.47407844344786,20.0
180,3.121833351392333,28.014354935529006,188.4847790280611,43.298370324,2.178349935139779,0.5754686314877018,0.1185601799775027,0.6559469116896376,0.9938905498505136,0.2169362637702107,0.1609255416977994,2.456947192974543,-33.148281278146044,0.4232364527880802,0.1807466090085042,False,False,False,False,False,False,pachytene,19,off_axis,33.20404444321044,20.0
396,7.232339322096469,42.14664903500531,167.94473158733513,63.32427710999999,2.472638025744025,0.6773476569735136,0.1206461383139828,0.6734787600459242,1.0,0.1386342959508431,0.1917711355398245,1.5287298665467843,-12.135149873830434,0.4256741126808653,0.1791387427062377,False,False,False,False,False,False,pachytene,20,pre,19.56140715748799,20.0
419,7.545814307458442,31.50420970585138,177.0178546458546,66.270574278,2.5104064471360656,0.5908463417224169,0.1719320868257038,0.6168353663811749,0.9995788054923764,0.0566740621846868,0.0493117102398276,1.9621934714963964,-21.568302513967172,0.4313354494447471,0.2787325373938724,False,False,False,False,False,False,pachytene,20,off_axis,22.144266438990034,20.0
281,6.325371173301978,46.278141479437096,163.32330126133115,53.56114907399999,2.338408739244709,0.5585337012219156,0.1550712489522212,0.6314484126984127,0.9982815901019588,0.0835450564149814,0.0821775748331506,2.233557982635471,-7.374600747550273,0.4326230080973497,0.2455802340044603,False,False,False,False,False,False,pachytene,20,off_axis,20.672823294749968,20.0
285,6.586985789079869,25.59817287637647,186.4310151511901,43.908272604,2.188530386136524,0.6023079388823592,0.1015087507543753,0.6671144545943042,0.9987137511693172,0.1678460292194385,0.1595240942102374,2.7669956915476703,-31.17868100099861,0.4331024463939366,0.1521609223954028,False,False,True,False,True,False,TZ,20,off_axis,31.1837407058237,20.0
422,7.373019143596069,36.052839954295166,172.40259675569956,62.615852154,2.463382746792037,0.6034540890870266,0.1554970480293601,0.6569674067076051,0.9994198574506878,0.069839465319874,0.0675072964795365,1.8898612342004053,-16.799600924301018,0.4333061918565801,0.23668913623681,False,False,False,False,False,False,pachytene,20,pre,19.253141888592797,20.0
412,7.424214838416465,26.701404625189127,182.22544500892144,66.99776545799999,2.5195553470900296,0.6186758166730857,0.1914625092798811,0.5913139289321458,0.9990458773952452,0.1026021279218405,0.120455105254438,1.8867047063729128,-26.937713764737694,0.4369021136494259,0.3237916441874512,False,False,False,False,False,False,pachytene,20,off_axis,26.94063122680875,20.0
69,2.0026279044787763,36.081910579642496,169.72311408470617,65.51992531799999,2.5008919472305977,0.5196018760516988,0.1183968462549277,0.6290803398420033,0.9965009776680044,0.1571459766744821,0.0918758359911183,2.277800982564909,-14.120699813739854,0.4415287891825117,0.1882062413278782,False,False,False,False,False,False,pachytene,20,pre,16.93136447815505,20.0
92,2.125345235370365,43.446994495307486,161.83817977798483,61.49222449199999,2.448558765532068,0.6295490959029526,0.1130696867293816,0.6008649984553599,1.0,0.0888774121544854,0.1120026761030332,2.804542652083982,-5.987554296351501,0.4422108619483037,0.1881781881455056,False,False,False,False,False,False,pachytene,20,pre,17.4891271613435,20.0
36,2.687714945675492,24.19105503464757,183.71585711780105,54.839598084,2.356867772567944,0.4701856446231499,0.1068647245457167,0.6252220248667851,0.9818492088116662,0.2052404214567686,0.0891430970028358,2.5065517766724827,-28.51343307582587,0.4448013394522671,0.1709228406796548,False,False,False,False,False,False,pachytene,20,off_axis,28.587839012140844,20.0
216,4.264647587292791,46.363207932758655,159.12840880800016,50.654730132,2.295322949174525,0.5846994535519126,0.1162790697674418,0.6499776984834968,0.9993475424097432,0.0726324503501998,0.0716696224001291,2.6978873135272368,-3.1792607647221445,0.4482525108822452,0.1788970145264056,False,False,False,False,False,False,pachytene,21,pre,19.514431274713388,20.0
40,2.2126230137405543,25.95861463575736,179.66170906118307,152.79225003,3.3164305393937608,0.7952253012973056,0.1517425591452557,0.6232568600989654,0.999762105581868,0.2936649024776578,0.7408751525681425,1.5333044549094788,-24.400990818525454,0.4486135243935088,0.243467130263373,True,False,False,False,False,False,pachytene,21,off_axis,24.40484835657382,20.0
395,7.260438333626845,41.396807976378085,162.6020679887149,79.84559156399999,2.671288397638463,0.6313238145601974,0.1995279709128021,0.5955056179775281,0.9994328922495274,0.1144217381710533,0.1085691963060884,1.7418212432135345,-6.821379599769301,0.44872536130219,0.3350564039856489,False,False,False,False,False,False,pachytene,21,pre,15.942546424933475,20.0
74,2.612173069460628,36.734786350407816,163.52518533760028,120.90139811999998,3.067474100912254,0.7639891346526969,0.1502025988542685,0.6111476487997369,0.9998827907521904,0.2341132445968514,0.4458593854382981,1.80944259860179,-7.9040102292522345,0.4503566438682338,0.2457713764411249,False,False,False,False,False,False,pachytene,21,pre,12.576137766084047,20.0
53,2.5393361962550496,28.375227012882856,172.49684207973502,134.922113226,3.181741128134299,0.7679468678825391,0.1263908888597984,0.6420169326440398,0.9996150588959888,0.2294780131828371,0.4871329806283385,1.620259103634596,-17.15738006685876,0.4562188508341251,0.1968653511041813,False,False,False,False,False,False,pachytene,21,pre,17.244911112208626,20.0
417,7.361679286878623,29.81351700373723,171.1654770152336,73.420505622,2.5976237950176206,0.7311415700182115,0.145772002842351,0.6194890077243018,1.0,0.0585942597986507,0.1240447881378431,1.736414780523581,-15.777420207640743,0.4573748818383596,0.2353100717280613,False,False,False,False,False,False,pachytene,21,pre,16.084319400267134,20.0
421,7.61396073984856,34.09435732052957,166.68370034724913,66.20254671599999,2.5095471653191748,0.5638863298136205,0.1522248243559718,0.6250406239844004,0.997725204731574,0.1690036256477819,0.1136707383718751,1.943271616269729,-11.15131496849874,0.4591545178024008,0.243543889012518,False,False,False,False,False,False,pachytene,21,pre,13.301722032384115,20.0
397,7.0937367138483545,43.14923391662853,157.34765048219373,90.486040572,2.785037145228225,0.635168766526676,0.2082254979183077,0.545228451644994,0.9980412427226726,0.2346019401857609,0.2009044682577408,1.8207488429878809,-1.5098950520408503,0.4616293447111499,0.381905047856685,False,False,False,False,False,False,pachytene,21,pre,16.051664524254434,20.0
253,5.719815753966243,21.44355620434579,180.2897052807903,50.417806554,2.2917387746100064,0.4664774577769506,0.1293090356871677,0.6020755210604343,0.9879265091863516,0.0594215336499528,0.0328311513669219,2.5526907607052567,-25.18362872922583,0.4619241833997461,0.2147721193836548,False,False,False,False,False,False,pachytene,21,off_axis,25.660635142697444,20.0
57,2.5382824710043668,30.86673382002133,167.10087788928445,57.035246292,2.38791155635772,0.6416056592909435,0.0356352368304559,0.6838420931833831,1.0,0.0424525057716048,0.046411733405494,1.9551873424624924,-11.679058004812154,0.4665742243646156,0.052110329541969,False,True,False,False,False,False,pachytene,21,pre,12.358101366847391,20.0
87,2.0376772867419177,42.08341360739878,156.18928422405438,68.47325982,2.537917292399532,0.5505310037684139,0.1154261057173678,0.6291158536585366,0.9996458923512748,0.0669325275902013,0.0576983499159794,2.609129495657452,-0.3888036394325309,0.4670425282997179,0.1834735288359421,False,False,False,False,False,False,pachytene,22,pre,14.88061181229093,20.0
463,7.623717319532549,22.761718399213656,175.72664552957346,52.578268092,2.324016581766087,0.6587400731685553,0.2050509249636249,0.5884429337168258,0.9975337961271464,0.1539534676075008,0.193935402801046,2.1257053988058208,-20.578003596637174,0.4690955217963289,0.3484635692172333,False,False,False,False,False,False,pachytene,22,off_axis,20.919417318973323,20.0
229,4.67659714393103,44.94349270011347,153.95684925309754,49.936922064,2.2844292927034133,0.5289364900413378,0.0990926242026771,0.6843837255684084,0.9987405541561712,0.1626694762553761,0.1122995787939449,2.969753020261095,1.940508078342559,0.4712336514243026,0.1447910295066948,False,False,True,False,True,False,TZ,22,early,17.657280168497834,20.0
68,2.1792631032692005,35.670853990658465,158.03576618578052,67.80471308999999,2.529630512566368,0.5555786196159833,0.0951609494963724,0.6652654522808656,0.9998256472844564,0.0675041649578076,0.0593261313768789,2.629613726685112,-2.4543543647137156,0.474318837554019,0.1430420731605897,False,False,True,False,True,False,TZ,22,pre,8.876218115762516,20.0
370,7.269944189684337,34.9487460914997,159.22307501332898,65.989080918,2.5068469705997503,0.5925846930432619,0.1562868080094228,0.6302242387226246,0.9998346287415248,0.0822922006591108,0.0902177128653471,2.0479761951871085,-3.66575480146665,0.4785018482716589,0.2479860316483449,False,False,False,False,False,False,pachytene,22,pre,8.663031818336737,20.0
25,2.9709710531717364,19.29331927735661,176.99006429377394,45.705138552,2.217986032156629,0.6090125230958736,0.0479880029992502,0.6635599894985561,0.998239242874436,0.1192390593153449,0.1102417075239576,3.2189455696992733,-21.959755333581622,0.4794650072219227,0.0723190122350718,False,False,True,False,True,False,TZ,22,off_axis,23.1059232935432,20.0
33,1.8125304199243275,23.001169300470018,170.9931445347652,45.304010514,2.2114782887850866,0.5653704758452855,0.0574893330339096,0.6983559685489635,1.0,0.1051907033221385,0.0878702418664396,2.292001678789558,-15.839072236488297,0.4802634722178251,0.0823209589707673,False,False,True,False,True,False,TZ,22,pre,16.262587658949418,20.0
332,6.923581531720284,30.795646028932666,162.93414849050785,72.805911786,2.5903553484791546,0.6989399748687051,0.1489206667273886,0.612478595890411,1.0,0.0925194516899314,0.1463808254327444,1.6265363375390134,-7.517225593213764,0.4806951923961077,0.2431442792068355,False,False,False,False,False,False,pachytene,22,pre,8.43485849013348,20.0
50,3.00237012309612,29.197273281867847,163.04746215522704,112.43313953999998,2.994115683883622,0.7264552472355519,0.1065758091993185,0.632751125009534,0.9986241149031848,0.2635175616964832,0.4226269995350944,1.9245942469903896,-7.685348117008374,0.4826692784266812,0.1684324294132431,False,False,False,False,False,False,pachytene,22,pre,8.003023382155705,20.0
352,7.349179460031577,41.10026770399952,152.1533015352034,62.03644498799999,2.455760998275015,0.578197080843984,0.1788737578211262,0.620708202599731,0.9980175587652224,0.1293433799562588,0.0913339338723241,1.893186889580767,3.611046174826498,0.4855120567557014,0.2881768874197954,False,False,False,False,False,False,pachytene,22,early,13.75440107612615,20.0
415,7.427227847645155,25.622962022990937,165.81227966920397,65.097685278,2.495508072201156,0.6999027062087853,0.1376203789996893,0.6392891450528339,0.9998738170347004,0.166917912029617,0.2474393863559915,1.777147121919343,-10.571249690432637,0.486423015119528,0.2152709459634509,False,False,False,False,False,False,pachytene,22,pre,10.644291451125003,20.0
38,2.0330569080948293,25.65305165094437,165.76547629337108,61.665812064,2.4508606286266663,0.6980751673767498,0.0969393560131983,0.6153458485573895,0.999932267678136,0.1095222756693379,0.1853740262449906,2.0402469155747416,-10.523440863045238,0.4873175397404281,0.1575363776979433,False,False,True,False,True,False,TZ,22,pre,10.593506013995977,20.0
82,1.9733017023049355,40.15094819671064,151.05028360209118,73.17185315399999,2.594688029785658,0.5052736190812042,0.1271493212669683,0.6394504924831519,0.9991049229239184,0.0888616112625305,0.0558835427262894,2.540929290393621,4.680821620937492,0.490502281337064,0.1988415409193205,False,False,False,False,False,False,pachytene,23,early,12.767772178016836,20.0
228,4.5660498614958565,43.668510000000126,148.81254600000074,42.34129289999999,2.162179947450726,0.449196675900277,0.1975139236419404,0.5029169181251257,0.9035502958579882,0.2611982214371006,0.0629403800646624,1.9611919697208249,7.038005674763049,0.4938832710762096,0.3927366857696343,False,False,False,False,False,False,pachytene,23,early,16.20643382932265,20.0
279,6.003753351206632,17.69809386471406,172.9601866828215,45.498710088,2.2146417948378643,0.5537224169931945,0.1233542637229087,0.6357439926062847,0.9986314492951964,0.0937854746837463,0.0735547897659877,2.664060633659289,-17.987021037078513,0.4947020228634019,0.1940313477713061,False,False,False,False,False,False,pachytene,23,off_axis,20.07716942145143,20.0
447,7.684468385276483,20.17993240990237,169.9693609978174,54.87009319799999,2.357304559340648,0.616861185926211,0.1520484435613587,0.6197277393438965,0.9992536617221756,0.1335805317426177,0.1356905450443635,2.1606877030117944,-14.912751526580152,0.4960556384403725,0.2453471644214794,False,False,False,False,False,False,pachytene,23,pre,16.284566077399422,20.0
60,2.0105684697931823,32.775741501111355,152.768431320586,74.97810221399999,2.6158647051459782,0.6949285110909489,0.1272710999731495,0.5699928212491027,0.9998860463791236,0.1120172760621921,0.1742971664214255,2.2831544630389757,2.710479686308125,0.5000097087805911,0.2232854436556641,False,False,False,False,False,False,pachytene,23,early,5.455901142090233,20.0
449,7.661211251793888,33.09129702800513,153.9777591561183,75.21971734799999,2.618671546042372,0.6469469219734298,0.2333062440742246,0.5385566646056003,0.998729776708116,0.1275627058843725,0.1252962749993646,1.8143010230455403,1.5126984953588032,0.5023355023816113,0.4332064932203209,False,False,False,False,False,False,pachytene,23,early,5.812789532143089,20.0
416,7.342478127665064,28.071024095890436,158.15133728561852,74.26967725799999,2.607600020550277,0.7187391427939737,0.1925831897724181,0.5879842784952274,0.9998904469763366,0.0917496649679688,0.1696847638408468,1.8710752145007992,-2.8307762475470595,0.5042816093371794,0.3275311888700122,False,False,False,False,False,False,pachytene,23,pre,2.9823770036565054,20.0
49,2.28563152679312,28.50781007317566,155.94322471987556,61.548523164,2.449305789837597,0.6833218995350255,0.0832965578111208,0.630280418822963,0.9998615150256196,0.095422916930472,0.1534926739625813,2.8014844126109275,-0.6089695914068792,0.506206272686092,0.132157933712546,False,False,True,False,False,False,pachytene,23,pre,1.435096205055847,20.0
350,7.297065815391275,39.95909563947544,146.7749376689521,69.07377898799999,2.5453149935545416,0.5612986483732935,0.2158552871190967,0.5093667750425762,0.9962446882102974,0.0818202909894221,0.0671502769688023,1.8351443417888715,8.947060414194198,0.5090044281063473,0.4237718235569137,False,False,False,False,False,False,pachytene,23,early,12.429250671110566,20.0
18,2.2590636626705405,16.098163735013962,169.69067653989208,45.395495856,2.212965881997529,0.5268706076891277,0.0513883133029423,0.6470074268239406,0.9980938416422288,0.129037133539372,0.0786787962430094,2.5601637251695952,-14.774367477107477,0.5103384243236649,0.0794246111751755,False,False,True,False,False,False,pachytene,24,pre,18.201573103362705,20.0
34,2.218999385015985,23.4714186774224,159.72191974821826,64.844341254,2.4922665642914588,0.6563687009369461,0.1180129990714948,0.6057479734708917,0.9997823563551944,0.0568240777596691,0.0601279538958963,2.4983105713649745,-4.558347408574929,0.5111578998647319,0.1948219461557403,False,False,False,False,False,False,pachytene,24,pre,5.811096816701321,20.0
465,7.906841970896044,22.967834707683934,160.65978745213104,55.130474556,2.361027472675634,0.6330950557399371,0.1350185575283378,0.6619505972399397,0.9999132095122376,0.1572826554507279,0.1699671805696001,1.3323408278134512,-5.512951364941389,0.5112733649959146,0.2039707465954549,False,False,False,False,False,False,pachytene,24,pre,6.855703483967766,20.0
80,1.916465246711526,39.62808503371844,145.81409463177135,70.26543421199999,2.559868807109813,0.536322360953462,0.1373291925465838,0.6113471092231262,0.9996231747527085,0.1043891530723671,0.0574471310455713,2.4290872205661374,9.895972687591064,0.5129871353476202,0.2246337481191264,False,False,False,False,False,False,pachytene,24,early,12.065447344271542,20.0
23,1.6286228345242248,19.3345034339184,164.26956025291545,45.63241943399999,2.2168090995483727,0.5726623142959955,0.1080472103004291,0.6762901479610249,0.9996313137519972,0.1624688978340645,0.1261520212579396,2.686083132812468,-9.245336391059265,0.5129943709303335,0.1597645783044233,False,False,False,False,False,False,pachytene,24,pre,11.957063534193734,20.0
248,5.172406018297684,43.10138079174368,143.52218129905248,54.100678014,2.3462342280312463,0.4912630620474353,0.1636609879535248,0.5458109605386516,0.994630448515477,0.0594873240181832,0.0351001588350638,2.25419341432294,12.305780783233601,0.5167636802604105,0.2998492148124151,False,False,False,False,False,False,pachytene,24,early,15.458009073936362,20.0
301,6.375641101921669,15.077393645505202,167.98576220027854,39.425490846,2.111362643239156,0.563217706907836,0.0908978328173374,0.6846478681378558,0.9989828538215636,0.0323397558001964,0.035986611796857,1.730916020266893,-13.105503512823638,0.5187775324957998,0.1327658158997362,False,False,True,False,False,False,pachytene,24,pre,17.574647053449723,20.0
390,7.258302926236207,32.724979308865336,148.89999788581292,65.573878212,2.5015782185591444,0.6043500035773055,0.1542402691748872,0.6114828209764919,0.9991947173457884,0.1154603678567453,0.0957297406167039,1.7347195422457715,6.57488980912298,0.5239033841772428,0.2522397422851179,False,False,False,False,False,False,pachytene,24,early,5.27235702718093,20.0
58,1.9328034095520763,32.157297300771255,147.17560449871513,69.35058079199999,2.5487104390339206,0.5821945609525099,0.1152496239524389,0.6041936528497409,0.9997551020408164,0.1435106643264686,0.1313704009237991,2.629911940048668,8.2787768502428,0.5240537164171825,0.1907494781000303,False,False,False,False,False,False,pachytene,24,early,4.645807454613629,20.0
364,7.386277951613986,16.780226650384808,164.11278892238576,61.473458268,2.448309656110452,0.5967717316645043,0.1452721831270726,0.6556260054887858,0.9973181071026904,0.0682529207244465,0.0506478012462837,1.910976531787569,-9.176351434130481,0.5250170995690066,0.2215778231962726,False,False,False,False,False,False,pachytene,24,pre,13.676233671128209,20.0
41,1.813362942937192,26.183967509897943,149.09174868204897,72.885668238,2.591300885970916,0.6981429628914422,0.1699265421718736,0.5911077940078899,1.0,0.1049016652128251,0.187150376374288,2.3928378195023234,6.158684699149812,0.5322697007702225,0.2874713273863641,False,False,False,False,False,False,pachytene,25,early,1.2582154613930996,20.0
349,7.273949409095892,39.04702205140457,141.258993166502,69.273170118,2.5477617767181053,0.5712640953574211,0.2038609067471546,0.5759418687307479,0.9993752231345948,0.1037924452747185,0.0939174459835695,1.8607393001632,14.428439638455314,0.5328922157591633,0.3539609078888816,False,False,False,False,False,False,pachytene,25,early,11.328340236967673,20.0
79,2.0228227839916104,39.47665937479858,140.41972001034554,72.564296652,2.5874867047156456,0.5299670265727032,0.140509546609919,0.6295048143053645,0.9997240871884484,0.0369258315714459,0.0236957466635025,2.917581079134284,15.281968419516064,0.5354133655621024,0.2232064686669094,False,False,False,False,False,False,pachytene,25,early,11.728910181170846,20.0
13,2.5781967147914333,13.84252152487872,163.87513375492242,58.979896254,2.41474790709647,0.5747921886807461,0.083025988506733,0.6522308483771396,0.998868778280543,0.2166981282673568,0.1580048330630109,2.9507974011201203,-9.039694263512029,0.5368672792287494,0.1272954027141091,False,False,True,False,False,False,pachytene,25,pre,15.903744889545482,20.0
413,7.528734034809736,25.794388872345863,150.17149914631642,70.89410271599999,2.567480577643147,0.5920190589636689,0.1576142652182824,0.6292781832927818,0.9983915441176472,0.1553771579381209,0.1450208833869586,1.9922017542066948,5.066195680098588,0.537503667029121,0.2504683451657975,False,False,False,False,False,False,pachytene,25,early,1.610494219162004,20.0
28,1.995836991512911,21.43508416374044,153.64146926031543,64.124187408,2.4830059207465256,0.5900278021656424,0.1463934800822606,0.6193450521995182,0.9998253122543452,0.0500639711413302,0.0520082234009054,2.172499783983618,1.448606655236379,0.5380095170864031,0.2363682079357289,False,False,False,False,False,False,pachytene,25,early,5.848097289496952,20.0
411,7.734873273434287,20.13268970095297,154.42782309574784,69.969866184,2.556274442596853,0.7159045192436637,0.1309609270844015,0.6174179844229407,1.0,0.1403734567452907,0.2491747447109628,1.8639735797225612,0.6180023210136193,0.5405353993531418,0.2121106452815785,False,False,False,False,False,False,pachytene,25,early,7.122726698842702,20.0
247,5.059729464811091,42.20705985885002,137.9678051832991,59.82906788999999,2.426281624893316,0.5004508919819644,0.1303665278820558,0.6049760615336316,0.9953437078789364,0.0905432288317689,0.054928500099368,2.124115209281596,17.826178452233044,0.5408059292190589,0.2154903907297967,False,False,False,False,False,False,pachytene,25,early,14.373521387344782,20.0
19,2.0973006223764914,16.366506361267263,158.03161785714005,64.82792080799999,2.492056175419592,0.568099580257635,0.1384437707521293,0.604808981233244,0.9993413004610896,0.1076686213332105,0.0750830755107107,2.954162382885116,-3.1129692942187472,0.5423661283666446,0.2289049518904856,False,False,False,False,False,False,pachytene,25,pre,11.204104717172894,20.0
389,7.23281539030746,31.52876905290444,144.10593458194785,76.08765520799999,2.628705076163115,0.6587125416204218,0.1854903980575381,0.5865401987353207,0.9996932703515122,0.1460337643915197,0.1563125810173223,1.719276550827311,11.325058362804564,0.5450149212542009,0.3162449879095867,False,False,False,False,False,False,pachytene,25,early,3.91226120351763,20.0
56,1.9145190040826063,31.82835867690193,141.85698323270512,81.590850396,2.690611227605032,0.5792076361336324,0.2210750399148483,0.5284230664115879,0.998776758409786,0.0803405000696552,0.0452429669067358,2.4864796036682923,13.582969473733016,0.5468217525127458,0.4183675050677166,False,False,False,False,False,False,pachytene,25,early,4.134462754397662,20.0
266,5.985075389726843,12.783806174291083,161.09273779197937,45.89514657,2.221055362240657,0.5895732174801942,0.1233624454148472,0.6029887920298879,0.9969101470769992,0.0230300356537078,0.044413527948772,2.7075796788692945,-6.295286621540889,0.5472411062241879,0.2045849724661757,False,False,False,False,False,False,pachytene,25,pre,15.568053247995275,20.0
444,7.769634715161453,14.764648372727228,158.54362280278906,44.759790018,2.2025873656278963,0.6083014517058855,0.1012506012506012,0.6732673267326733,0.9989854582346972,0.1945348046713562,0.1755897842696413,1.41747402790733,-3.6796677169254743,0.5474747042147726,0.1503869224457459,False,False,True,False,False,True,post,25,pre,12.882975298213568,20.0
450,7.659779816513668,37.7323042238538,135.93415786788685,63.9224505,2.480399311213658,0.5582018348623854,0.1692084742253813,0.6010465985546972,0.9963002628760588,0.1064315317800304,0.065087365700239,1.7669442824070931,19.7049986579123,0.5563843662780495,0.2815230543393264,False,False,False,False,False,False,pachytene,26,early,9.831584132037829,20.0
85,1.8316650007138764,40.70787529273118,134.91149672283413,65.70993333599999,2.503307145904999,0.4993931172354705,0.1343827160493826,0.6292519432361121,0.9971487226277372,0.1079450455132772,0.0598943380372919,2.4031914212365844,20.829214834530273,0.5575293993189053,0.2135594772394031,False,False,False,False,False,False,pachytene,26,early,12.7702908189617,20.0
37,2.009095943513659,25.32587553302013,142.8589228367724,67.77421797599999,2.5292512226173898,0.6493493008445244,0.1703382196380313,0.6042838811568453,0.9997891481585606,0.1032606238670208,0.1416719040437298,2.746068639229349,12.35837595526865,0.5585822196687523,0.281884433706778,False,False,False,False,False,False,pachytene,26,early,2.3297882247336803,20.0
26,2.037162863939302,20.23828265152408,146.50636551412214,70.014435966,2.5568170972103115,0.6396622776158407,0.1875047216136587,0.5683867968386797,0.9981396680022896,0.1464846533507026,0.2006416835950076,2.570777896383405,8.538415252810276,0.5599876432444771,0.3298892983731228,False,False,False,False,False,False,pachytene,26,early,7.289157100314046,20.0
268,6.078110469211955,41.37011549598275,133.17331837748327,66.591945864,2.514457881697885,0.5645343102719459,0.2104994252139481,0.5524187024753276,0.9979768786127168,0.1380577071523914,0.0829537257077713,2.472591219151472,22.58910464835068,0.5620511026120659,0.3810505043922722,False,False,False,False,False,False,pachytene,26,early,13.372465121186965,20.0
302,6.730094565796354,23.810854155567,144.65006269978736,70.448404896,2.562088841210631,0.6122802344166223,0.1987889630496112,0.555221573342494,0.9986845159792618,0.0457948806891315,0.0521691309336351,2.291667007209816,10.516277988107658,0.562340764992489,0.3580353728924475,False,False,False,False,False,False,pachytene,26,early,3.7824226806111976,20.0
63,1.921282253587092,34.17724697115767,136.53545027614416,80.274868938,2.6760670990546767,0.585868326466205,0.1922024623803009,0.5534151848715778,0.9982672731210744,0.1475795451135643,0.117062592210376,2.416274028153932,18.982007772916763,0.5634899632690099,0.3473024731421171,False,False,False,False,False,False,pachytene,26,early,6.299266364567211,20.0
10,2.72943937152475,11.354892858235116,156.59750181094788,45.984286134,2.222492375969072,0.5504769678110493,0.0480717295019984,0.6788470267816614,1.0,0.0782268048057066,0.0560431121494529,3.85950109815426,-1.8517584339141033,0.5648015107243285,0.0708137880928803,False,False,True,False,False,False,pachytene,26,pre,15.928860214972898,20.0
300,6.672224004399014,11.790768553228116,155.77408743412835,51.187221738,2.303337878452551,0.5035974519957839,0.1184178399934891,0.6424483013293943,0.9949070887818308,0.2348710175433314,0.1360229736218801,2.657783061477782,-1.0138649060105946,0.5654596700672119,0.1843227536728659,False,False,False,False,False,False,pachytene,26,pre,15.446818711659397,20.0
369,7.283383978793916,29.62591067757064,139.24364586862455,72.564296652,2.5874867047156456,0.5979828020947824,0.1710438608185575,0.5860405275008042,0.99902240938487,0.1478620284745216,0.1347551426008837,1.710688567677696,16.119151317615426,0.5673249389954675,0.2918635363802937,False,False,False,False,False,False,pachytene,26,early,1.843591517723895,20.0
445,7.71563472617737,17.777784580491396,147.17692096218576,70.84718715599999,2.5669140924896974,0.529104032845507,0.1849389649836667,0.5642666291660807,0.993895615016787,0.177277505737278,0.1015384033821202,2.0568897392738297,7.7837807900049345,0.5731088272217351,0.3277510230526738,False,False,False,False,False,False,pachytene,27,early,9.72518300207081,20.0
11,1.6979953157872505,13.640009038943186,150.92545869953807,59.092493598,2.416283579298366,0.6393553253145965,0.1969415716432423,0.5919647771051183,0.9994079837618404,0.127013029342087,0.1367434369587645,2.5528605303689598,3.895393948752482,0.5733016768120863,0.3326913682370503,False,False,False,False,False,False,pachytene,27,early,13.73182366144666,20.0
197,3.661446074202181,41.76594452458872,129.7734511475424,67.96891754999999,2.531670890657632,0.5878861087144089,0.2058393189678106,0.5594171342433633,0.998882393397524,0.0602902986351094,0.0437095966499469,2.7620489405963524,26.00055725848227,0.5763733884547995,0.3679531897896147,False,False,False,False,False,False,pachytene,27,early,13.651335861744819,20.0
423,7.506246459346378,36.34744521601739,130.9065747428363,78.675048342,2.658170310805912,0.5993023047795104,0.2019122275669577,0.5746707344296451,0.9988643622684364,0.0358739155348182,0.0315686172847335,2.015074114480354,24.682072639714136,0.5786750321558765,0.3513528973549585,False,False,False,False,False,False,pachytene,27,early,8.274933519167433,20.0
42,2.047904614465385,26.83062420761111,135.80529388087433,86.36920018199999,2.7421429818076293,0.6293218175398572,0.1661269627909818,0.5781799531066822,0.9997639839509088,0.0471666606807692,0.043321141831441,2.3534764623089224,19.459507967652023,0.5803606703300568,0.2873274348208491,False,False,False,False,False,False,pachytene,27,early,1.0680932679905586,20.0
469,7.922999584928823,11.570823345477606,150.74121814785948,50.863504374,2.2984720296364314,0.5752893972236315,0.1555249885373681,0.6399174720382235,0.9949828962371722,0.133863389013362,0.0999229557637795,1.869984247267946,4.0084861796246045,0.5803722308066365,0.2430391344715125,False,False,False,False,False,False,pachytene,27,early,15.806114904797463,20.0
67,1.9281833616299413,35.92729021134572,131.14833587319015,80.136468036,2.67452828971334,0.5668871845910661,0.1867201670972351,0.5944174101108408,0.99953509995351,0.0982014079197943,0.0576331233622868,2.636600999384539,24.426029185739317,0.5835274421596017,0.3141229780978614,False,False,False,False,False,False,pachytene,27,early,7.8633263985083515,20.0
16,2.4098392480882733,16.623484642154406,142.0604244584422,99.083316942,2.8705865289817245,0.7096522171452923,0.0872962714891717,0.6376386170906719,0.9998819966172364,0.3139741994158861,0.4953192346249793,2.083957829676665,12.857631335085431,0.5845216161671835,0.1369055592766243,False,False,True,False,False,False,pachytene,27,early,11.054463057834491,20.0
31,2.886597869728125,20.67771393304011,138.26983380894185,70.694711586,2.5650712867623384,0.6269369877559147,0.1768194464782545,0.5847193809481455,0.9988458486619058,0.053835026671801,0.0498076923605985,2.089024858168869,16.78517797031707,0.5867411159206493,0.3024005227798929,False,False,False,False,False,False,pachytene,27,early,7.132763165793314,20.0
394,7.582308815044081,40.001905033773056,127.181548630393,69.10896565799999,2.545747120654209,0.5461796951902516,0.1808099993872924,0.5738219895287958,0.9937814628368374,0.0876598847070474,0.0567444806611828,2.0415122514788107,28.530368422403782,0.5890856956455002,0.3150977179103363,False,False,False,False,False,False,pachytene,27,early,11.799350586840958,20.0
388,7.334309611647644,22.98010773606645,137.24393672026935,83.29623100199998,2.709228156588932,0.5590695316680279,0.2244786765070088,0.5428881650380022,0.9967499009116132,0.1284270452580249,0.0873861856558127,2.116708088814897,17.889516523261083,0.5931320526266195,0.4134897221259102,False,False,False,False,False,False,pachytene,27,early,4.866947987707877,20.0
448,7.704153551812125,28.370188594703773,133.02184947232365,76.017281868,2.6278943979287166,0.5681355304573228,0.1842028563101136,0.5946409431939979,0.9987894439512548,0.138335095400305,0.0948683638470059,1.7023452086159772,22.29416810872592,0.5945038943716291,0.3097715662172604,False,False,False,False,False,False,pachytene,28,early,0.3750017261463283,20.0
213,4.853783577663077,8.939196347767407,149.5675126429983,55.36505235599999,2.364371424503846,0.6259639013642911,0.2171676864414294,0.5323969188944269,0.998931727687676,0.0858637352614503,0.1033916973316685,3.1727340410590825,5.091150200499024,0.5948620888954085,0.4079056033840296,False,False,False,False,False,False,pachytene,28,early,18.476486393022025,20.0
46,2.100277693932927,28.247846830666468,131.21613616661304,77.71562513999999,2.647320840142729,0.5475399939631753,0.1407280022929206,0.6264176117411607,0.9991914618369988,0.0835432197378612,0.058450858351354,2.805314491823885,24.094616640800975,0.5975331542011222,0.2246552454069094,False,False,False,False,False,False,pachytene,28,early,0.1907379668313285,20.0
214,4.431604475198765,42.5155172314558,124.78431687576506,72.54553042799999,2.587263631092994,0.5392549957964172,0.1620207010115266,0.5823566566074813,0.9922944429335508,0.117145677447748,0.0687953502301271,2.8829899205483547,32.321369037305004,0.5981790532302831,0.2782155903486675,False,False,False,False,False,False,pachytene,28,early,13.993606893785799,20.0
470,7.793766798192827,15.249202959341355,140.76053908045708,82.041239772,2.6955529570851766,0.5822039229141648,0.2108020523899541,0.5368190528332877,0.9943683409436834,0.1477238260925452,0.110611507711895,1.9239680194464488,14.109568279644202,0.6007557397620481,0.3926873520553301,False,False,False,False,False,False,pachytene,28,early,12.47256249950418,20.0
6,1.8922519528003168,9.654445527671294,144.86278916071635,70.57273113,2.5635951334586338,0.4908093734419145,0.1059819083746717,0.6391409360924343,0.9977460555972952,0.0705833420966975,0.0227608281407711,3.00625022242161,9.817656217007126,0.6043123569019622,0.165819308997201,False,False,False,False,False,False,pachytene,28,early,17.923182398818835,20.0
70,1.735181986428169,36.78298928439268,125.6854972115945,76.05012276,2.6282727766731573,0.609592843923504,0.1750097770825185,0.6133364936398831,0.9992991800406475,0.0854879818676105,0.0684855117250889,2.829101253678492,30.701224600342744,0.605115085809477,0.2853405575851394,False,False,False,False,False,False,pachytene,28,early,8.421431854815317,20.0
345,7.500196250365315,9.405386283352078,144.82736195665956,56.17903732199999,2.375902208329137,0.510125683744624,0.1194836385469828,0.6345039209001023,0.9958401613513173,0.0904221785756713,0.0466515073726797,1.899476667020464,9.844511782945109,0.607341128525023,0.1883103234058574,False,False,False,False,False,False,pachytene,28,early,18.173311110777878,20.0
17,2.073135573425752,16.019242797556853,134.66779221862706,70.30062088199999,2.560296035798128,0.5943474924088225,0.1393883618858842,0.6123221189438184,0.9981500038541586,0.1485836200986993,0.1267529167728478,2.6523840317542966,20.225160486828006,0.6121399957328846,0.2276389461911196,False,False,False,False,False,False,pachytene,28,early,11.912154050057467,20.0
368,7.213012033730231,28.706575266331413,127.75864641838852,78.168360294,2.652451577320217,0.6669567565945442,0.258700153630352,0.5234276446206524,0.9992532204866512,0.0867601673641962,0.1119462338884394,2.1265017089367846,27.565817274676945,0.6140058913175672,0.4942424350128502,False,False,False,False,False,False,pachytene,28,early,0.530492725656381,20.0
371,7.334715025906773,39.32730790449892,121.01740998292264,79.681387104,2.669455950394963,0.5577896844088555,0.1990935750466542,0.5576859063977099,0.9928733398121152,0.0880047220879163,0.0639257485592574,2.100724827218593,35.65402790887568,0.6156011185988665,0.3569994736511631,False,False,False,False,False,False,pachytene,29,early,10.353874610007255,20.0
327,7.34214980574036,21.503077041231027,131.41449414812095,77.886866934,2.6492638188454145,0.5561244465861519,0.2006725241349387,0.5748405482426381,0.998503989361702,0.0755334401337875,0.0529673347226403,2.2664296964739368,23.66481277963066,0.6175327464252371,0.349092500082711,False,False,False,False,False,False,pachytene,29,early,6.54324555276775,20.0
48,1.8123483932430788,29.43598841376204,126.34932141365104,64.01862739799999,2.4816426801514586,0.6452676706606574,0.0873008390685396,0.6470405949798574,1.0,0.0891783940692474,0.0907906481595848,2.804287019844898,28.999353810053346,0.6180223754728328,0.1349232795374413,False,False,True,False,False,False,pachytene,29,early,1.2110906321797457,20.0
27,2.385943899714351,20.47688601216447,129.52100325493237,75.59973338399999,2.623074053194179,0.5989201936204542,0.1472489774376566,0.5683119294445304,0.9996349565598306,0.1236988123353094,0.1355712153138526,2.644276308738986,25.521956014297086,0.6185706078403966,0.2590988677319834,False,False,False,False,False,False,pachytene,29,early,7.633839334456199,20.0
5,2.2251021191913467,8.674753245121362,138.63845109101882,67.190119254,2.5219642978777586,0.4677582655448102,0.1284587239881088,0.6162676287307314,0.9873912495271718,0.0484552229053063,0.0116681355264604,3.3596870280902653,16.00468989471898,0.6215054784505287,0.2084463275357871,False,False,False,False,False,False,pachytene,29,early,19.115992377496553,20.0
473,7.840482007081833,14.950629054925995,135.26529983805017,85.459038318,2.732476678793549,0.5899096922950235,0.192868719611021,0.5489290495314592,0.9932918733841102,0.2298621880582533,0.1638052483677272,1.9760928544868488,19.591317246773148,0.6215486540605342,0.351354550785106,False,False,False,False,False,False,pachytene,29,early,12.959624065497032,20.0
215,4.426571438242421,43.44463866228915,119.13652153471028,69.301319454,2.548106826565117,0.535592187658667,0.1500433651344319,0.5822157434402332,0.9985634935836046,0.0920498736734265,0.0630775398242416,3.109247738321798,38.041365812602905,0.6226343395626983,0.2577109376119688,False,False,False,False,False,False,pachytene,29,early,14.19975183855882,20.0
235,5.024639817412362,6.612597888830894,142.37946252199086,49.334057118,2.275199102143809,0.5281251485901763,0.0866083755177175,0.6781539701733172,1.0,0.0167038053044037,0.0152476499037286,2.7647368381622948,12.195085539794844,0.6237143262863009,0.1277119641363786,False,False,True,False,False,False,pachytene,29,off_axis,21.04849487402378,20.0
73,1.9605281279003683,37.8166538397063,120.9632728032077,78.351330978,2.654519518456229,0.5975270201490973,0.1948853087380966,0.5695901212526966,0.9954905811331732,0.0840202669291469,0.0739536012808207,2.817779585030501,35.516351800330604,0.6257915294475425,0.3421500855904705,False,False,False,False,False,False,pachytene,29,early,8.848533510177102,20.0
392,7.62667272451986,32.76998904134557,121.9067247432993,77.44586066999999,2.644254185203159,0.5582008178100863,0.2235707441711912,0.5392156862745098,0.9970149253731344,0.0847020638397412,0.0718218450697271,2.031899761608104,33.941164866537726,0.6273313951821995,0.4146221073720275,False,False,False,False,False,False,pachytene,29,early,3.9620508003044703,20.0
386,7.536184407796019,8.511275892054362,138.7975154347835,62.58535703999999,2.462982777063673,0.5115067466266867,0.2021914789422135,0.5368679505869716,0.9871745543157624,0.1901320682492279,0.0971472797704625,2.3404186217314,15.840106785253496,0.6278279955768108,0.376613054888362,False,False,False,False,False,False,pachytene,29,early,19.27391232716014,20.0
367,7.494458669818784,27.0483711837706,123.09405304313556,71.45708943599999,2.5742589882889706,0.592344560435953,0.2429895147524994,0.5256079884039297,0.9969159599074788,0.0732842552225564,0.0723508959213414,2.0454909162702077,32.03856010175345,0.6351919527265159,0.4623017916648594,False,False,False,False,False,False,pachytene,29,early,1.5630514167348633,20.0
328,7.229526813880128,20.79333352050535,126.82112435961857,74.36116259999999,2.6086702612547445,0.476813880126183,0.1776576755255851,0.5890865239674404,0.9916483006611762,0.0319381583792304,0.0238934335371824,2.051054808107932,28.23110760706293,0.6373972284195968,0.301581632404486,False,False,False,False,False,False,pachytene,30,early,7.410271174133005,20.0
351,7.238720144209069,41.178542794050685,115.5728989454691,78.07922072999999,2.6514429496705745,0.6010515247108308,0.2142138588082135,0.5412305143459598,0.9984375,0.1385471485978983,0.1323966577851915,2.047120932766431,41.2891961203874,0.6397176031915339,0.3957904314893929,False,False,False,False,False,False,pachytene,30,early,11.500456609349186,20.0
15,2.2122047120252124,15.663843484004747,127.6062575162792,74.57462839799999,2.61116408040084,0.5607247334151175,0.1246160596752962,0.6107411385606875,0.9980940279542568,0.1140103077126592,0.0889951119703426,2.7149791406559163,27.27033060370741,0.6407149417360649,0.2040407167740076,False,False,False,False,False,False,pachytene,30,early,12.509781901454797,20.0
234,4.974987251402452,6.038967605813252,135.4226240183568,55.20084789599999,2.362031652565624,0.5533741288458269,0.1562299293513166,0.5949571836346337,0.998632322771826,0.0579697312219617,0.0493895005937684,2.967576521074371,19.12812882857728,0.6428047592542158,0.2625902058983428,False,False,False,False,False,False,pachytene,30,off_axis,21.860630591197406,20.0
47,2.141832316784057,28.631593028473137,120.51379834718334,74.227453254,2.6071057668621376,0.6318933097367506,0.0757756089819884,0.6559065934065934,0.999935745036304,0.0672177223056228,0.0864627432090929,2.86090607642156,34.79859605219331,0.6432304892662803,0.1155280488772514,False,False,True,False,False,False,pachytene,30,early,0.31946496706347055,20.0
4,1.9686630369024865,8.662215618661637,131.66329797159997,65.918707578,2.5059555203732384,0.4714067115049286,0.1088847561341411,0.6429244647906288,0.9970813571689164,0.1024713024364891,0.0509587517291936,2.877558021049581,22.975300550270507,0.6460969629051816,0.169358551582883,False,False,False,False,False,False,pachytene,30,early,19.367994996783075,20.0
29,2.266253160556264,21.74892648546136,123.18256015723662,59.376332736,2.4201461154408386,0.6323482932996207,0.061138014527845,0.6809585213840533,0.999921463912668,0.0524505921020196,0.0685931630579594,2.595022871794294,31.27940630505522,0.6461971202591407,0.0897822886533258,False,False,True,False,False,False,pachytene,30,early,6.808586006521021,20.0
188,3.858831952541667,44.905206126623824,113.30323033650062,68.80401451799999,2.541997133630831,0.4888343390951553,0.1325503355704698,0.6013472954045221,0.9912329998876026,0.1000640951471834,0.0419692038889053,2.860503696053823,44.01269011003279,0.6484414542910368,0.2204222694330139,False,False,False,False,False,False,pachytene,30,early,14.909561429862556,20.0
84,1.8952113176276315,40.18463358588824,114.58698039244322,79.25914706399999,2.664732354439573,0.5489522907541139,0.1673951048951049,0.5791338582677166,0.998282770463652,0.1222500551769764,0.0764170584532071,2.8120604789947645,42.14125781508648,0.6488801435705436,0.2890438928848174,False,False,False,False,False,False,pachytene,30,early,10.389654297640545,20.0
462,7.831443931514314,12.31351318296064,128.58391348097996,80.286597828,2.6761974253054697,0.5943434815637234,0.234324160370595,0.5222558340535869,0.9972909925502296,0.1049563866467278,0.0843020910435708,2.039780009431509,26.17822676517479,0.6512769124426433,0.4486769607758021,False,False,False,False,False,False,pachytene,30,early,15.824572018079314,20.0
420,7.749559789170584,34.7267182002878,113.66358133741552,79.664966658,2.6692725672559936,0.6303406849032713,0.3013523290110746,0.4753066751632945,0.9972820256061798,0.1257883738605342,0.1216140478101848,2.185288075190292,42.36578141817722,0.6527057059679995,0.6340166144469636,False,False,False,False,False,False,pachytene,30,early,4.858732555032424,20.0
325,7.338339299059741,7.4088991464429155,132.02675233449884,59.63671409399999,2.42367862297026,0.5248003776108248,0.1799484116209612,0.5800844300968463,0.99633431085044,0.1199444365059738,0.0883259384568043,2.3082355149228926,22.56903133484637,0.6566825404767965,0.3102107249989772,False,False,False,False,False,False,pachytene,30,off_axis,20.60809441942775,20.0
446,7.564935323383565,19.52486639801066,122.1211885273602,70.72520669999999,2.565440059733976,0.5587064676616915,0.1931962888848463,0.570011273957159,0.9961093014838944,0.2597388720750063,0.1832012142348029,1.8289898124571984,32.05047157289152,0.6573752681613371,0.3389341539573945,False,False,False,False,False,False,pachytene,30,early,9.14918664781682,20.0
59,2.0145398390401548,32.382179217771125,115.49879327353956,78.98938259399999,2.661705712354539,0.5956107266949782,0.1782632309456279,0.5714180803407505,0.9994211706822952,0.099826199027921,0.0865078360139953,2.896282399567635,40.248338014203306,0.6587204188821881,0.3119663816715866,False,False,False,False,False,False,pachytene,31,early,2.765577204371651,20.0
329,7.1000171180118565,23.202117251531625,118.82448788387406,68.51782960199999,2.538467823060552,0.5835872505049813,0.1894575503132081,0.5845597303296884,0.995473953885568,0.0468409703979931,0.0303658297545383,2.265556657476111,35.786462990259544,0.6598025938038629,0.3241029795301758,False,False,False,False,False,False,pachytene,31,early,5.919205672356577,20.0
331,7.264298139970954,28.656182898433,114.25204003411956,70.119995976,2.5581014138303573,0.6037401311387662,0.2332837076833451,0.5311945968763191,0.9979220347435792,0.0399714146249937,0.0447803417980957,2.581361347995741,41.0130185858759,0.6644931569344757,0.4391680733485734,False,False,False,False,False,False,pachytene,31,early,1.0883436348558537,20.0
353,7.174263115966804,45.08455542847454,109.25817214066018,82.449405144,2.7000158012555326,0.6120974166382156,0.3087258530649496,0.4958192753410591,0.9972503617945008,0.062117287916774,0.0419107070404809,2.1808050441700524,48.047878152577496,0.6669999506845111,0.6226580296875034,False,False,False,False,False,False,pachytene,31,mid,14.57501779875522,20.0
94,2.1927708638359165,44.62144662335307,108.8424117496314,76.90398595199999,2.638072622420396,0.5227550024402148,0.178040451799317,0.5619327623673782,0.9942922374429224,0.0924764527169543,0.0499946837580364,3.052249178480741,48.40161985804546,0.6679208440788877,0.3168358631542441,False,False,False,False,False,False,pachytene,31,mid,14.062969681932147,20.0
179,3.727817403708984,5.115568266761176,127.71644036020044,65.77561512,2.5041409464054345,0.5358416547788873,0.1387069022566343,0.6214368036880522,0.9998043052837572,0.036404193339177,0.0198037586118538,3.2354292612318942,26.798067172202956,0.6699820604473511,0.2232035525309217,False,False,False,False,False,False,pachytene,31,off_axis,23.048055838351345,20.0
7,1.841279449698979,9.765452904556868,123.81463895442867,68.20349535,2.534580023800936,0.674359415305245,0.1393509680938096,0.6169201520912547,1.0,0.0815126177919651,0.129907826610722,3.26095541982461,29.13429464359621,0.6707162564573905,0.2258816925033709,False,False,False,False,False,False,pachytene,31,early,18.61543396141433,20.0
35,1.9276676052963275,24.16079500329545,115.52926669761808,78.306761196,2.654016086051253,0.5697681385177641,0.1839772727272727,0.563013507867985,0.9985028760538964,0.1035150890962198,0.0996521821111051,2.9359293244809925,39.17658462564391,0.6718537260380207,0.32677239561082,False,False,False,False,False,False,pachytene,31,early,5.385706848200453,20.0
20,1.904023087033618,17.110047719869133,119.2652403908791,82.097538444,2.696169400524901,0.6086633521915539,0.1732464083061692,0.5657856308411215,0.9993993993993994,0.05796002584587,0.0637723066941142,2.855065344408133,34.57748821745411,0.6721850187743,0.3062050339606779,False,False,False,False,False,False,pachytene,31,early,11.906354739296678,20.0
426,7.505828980602748,37.84002637386982,108.5034379607116,95.658481062,2.837123822467781,0.6404031486794673,0.2571052231622676,0.5426895799236224,0.9982785518317284,0.1008257246671955,0.0858269681462513,2.0754671770300344,47.87875878370399,0.673140992927769,0.473761119936101,False,False,False,False,False,False,pachytene,31,mid,7.293244419662296,20.0
443,7.848260578986321,12.418309842062827,123.0921251574107,66.68812276199999,2.5156678199533817,0.5545042034542194,0.1751872354281992,0.5630477694433478,0.9960910778852732,0.1517659056314434,0.0947771978362091,1.988293729579845,30.18706414874905,0.674540548774488,0.3111409811664765,False,False,False,False,False,False,pachytene,31,early,16.075482684957425,20.0
299,7.164509075005511,7.15132474305766,125.02759771484664,64.36345676399999,2.4860904033224265,0.5512428019534952,0.2061762620076075,0.5372370665150654,0.9882075471698112,0.1361651373739154,0.0792932452434558,2.544042360193284,29.127171163708965,0.6782115364073009,0.383771476054372,False,False,False,False,False,False,pachytene,31,off_axis,21.110153519443195,20.0
71,1.9168219879267088,36.9503831168112,107.86294064316662,84.32368176599999,2.7203220206597294,0.5839152085014048,0.1690555555555555,0.5874841211472889,0.9996610629067244,0.0278253035359699,0.016237519124899,2.7973263057742934,48.40139122431354,0.6807602246024032,0.2877619146972168,False,False,False,False,False,False,pachytene,32,mid,6.3296276542235335,20.0
256,5.457599049422562,48.559020040102695,104.97430408822552,63.174147318,2.470682428313629,0.4851286621365712,0.1538414596936596,0.5920236549834127,0.98798915149167,0.1045873720613287,0.0611943808309264,2.733877906617968,57.534595850254256,0.6878973569461054,0.2598569472666931,False,False,False,False,False,False,pachytene,32,mid,16.827714109119043,20.0
410,7.697647096795555,14.49438361359527,116.90599624955512,72.679239774,2.5888521921316627,0.6075912597230739,0.2496914342137743,0.4984372429675933,0.9953928225024248,0.0640545157810558,0.0616413602897912,2.241743737756749,36.5863587185418,0.6883397572524512,0.5009485902922556,False,False,False,False,False,False,pachytene,32,early,14.799825137465746,20.0
312,7.105622730356034,28.869770298095045,106.7937660720712,58.78285090199999,2.412055771024168,0.6174228819984835,0.115590405904059,0.6423281527067904,0.9993193806363792,0.1382503917627288,0.1267023759378152,2.7480830063337987,48.43825958879992,0.6913754215348534,0.1799553785973065,False,False,False,False,False,False,pachytene,32,mid,1.82132802674892,20.0
45,2.595901221231852,27.547029678639166,109.29689813664204,78.17774340599999,2.652557704037637,0.6842500075014253,0.1921541532319975,0.5592511641166967,0.9982027943648908,0.124139701780559,0.2099818169075833,2.9684591192414147,45.787723939153324,0.6924119576388045,0.3435918699167902,False,False,False,False,False,False,pachytene,32,early,2.8163022218885354,20.0
366,7.443477712628986,20.147166237943097,111.77640883298508,74.41276971599999,2.609273599575995,0.6114368577012799,0.2274037858844176,0.5623073178646762,0.9991040095572314,0.0583243066584663,0.0748084284959086,2.360912822771968,42.39073945766255,0.6926563171263942,0.4044119268231615,False,False,False,False,False,False,pachytene,32,early,9.842428371249982,20.0
372,7.462235946764768,41.69774632306691,103.66435276145344,85.83905435399998,2.7365209149448844,0.6115650534255186,0.2202106649111257,0.5452370901927677,0.9972349045077488,0.1026494480024101,0.1023898887355391,2.0260637064890283,56.03584297184796,0.6949666403199465,0.4038805665866763,False,False,False,False,False,False,pachytene,32,mid,10.005193364697167,20.0
233,5.400804511574868,5.848622829987672,121.0300527507166,59.48189274599999,2.421579455363376,0.5233663288243877,0.1444751185672824,0.5838987257984445,0.996547619047619,0.0932449417118186,0.0543347418208098,2.99562589328418,31.400242108491756,0.6950089999175268,0.2474318099765021,False,False,False,False,False,False,pachytene,32,off_axis,22.853471271925738,20.0
83,1.8599786432867549,40.7694020064065,102.74325074186088,83.47685590799999,2.711185031008168,0.5996178272354297,0.2053541550474066,0.5466030320044919,0.9989145919544128,0.1347611518408101,0.1130045673784727,3.0604890945722945,56.516776573237244,0.6987752331838283,0.3756915769280238,False,False,False,False,False,False,pachytene,32,mid,8.789070438415484,20.0
2,2.3537961893764257,6.563073011691959,117.58465373123624,65.00619993599999,2.494338499424088,0.5107895496535797,0.1594122023809523,0.5855277716308918,0.9990753582986592,0.095484097907465,0.0578324000984604,3.2682248529830664,34.908391642526695,0.7007253764038293,0.2722538709597595,False,False,False,False,False,False,pachytene,33,off_axis,22.581257546290928,20.0
102,2.072300759306132,48.766158228903976,101.9265526884362,75.998515644,2.6276781325724943,0.4872214334218161,0.1393565766979225,0.5970625413832541,0.9958738891239948,0.0568276682867988,0.0367327666653633,3.150041562680409,60.41751713214275,0.7023737576504906,0.2334036504367968,False,False,False,False,False,False,pachytene,33,mid,15.817536052233997,20.0
354,7.324240452801122,47.03114035846704,101.18897169345092,72.11390727599999,2.582122285405128,0.5632034350400104,0.2061953180420903,0.5466190050640453,0.9878711078928312,0.058396860370934,0.0319102180991016,2.169979962838738,60.41200401537441,0.7024714201109454,0.3772194455952574,False,False,False,False,False,False,pachytene,33,mid,13.932255611439446,20.0
21,2.338172946955392,18.36808059539135,110.76159084165596,71.154484074,2.5706200361846325,0.5292255958856691,0.1374728195216236,0.6008403361344538,0.9992292870905588,0.0551454695799424,0.0442342622036559,2.977893999277569,43.171997725981065,0.7039567050619098,0.2288009164066183,False,False,False,False,False,False,pachytene,33,early,11.735742079340373,20.0
313,7.147172148515742,35.76291800045577,101.57803219675912,71.961431706,2.580301146265693,0.6006128369788442,0.2050866151949653,0.5519098922624878,0.9990439770554492,0.1117743252169512,0.099643134360741,2.756999787169258,55.61563073988046,0.7040708730482831,0.3715943817463346,False,False,False,False,False,False,pachytene,33,mid,3.728383474503053,20.0
9,1.696869978790493,12.14989363390995,112.12036446108463,72.995919804,2.5926068173697727,0.5793431454463654,0.21196797302992,0.5508021390374331,0.9930186170212766,0.1547386114066616,0.1014085414362365,3.096543257662282,41.03642115294428,0.709358170314311,0.3848350578310198,False,False,False,False,False,False,pachytene,33,early,17.73169300788282,20.0
326,7.38806355666862,7.756317830307615,115.7890348544136,59.93931945599999,2.427771074816394,0.5418753913587977,0.1786415941622228,0.531522296258329,0.9948668974573236,0.1078060602508814,0.0679783355442474,2.619656481207706,36.840709366960915,0.711611852696511,0.3360942624980682,False,False,False,False,False,False,pachytene,33,off_axis,21.6251045460905,20.0
269,6.103862691700867,50.8829047262439,99.22859828006648,65.46597242399999,2.500205299054909,0.5338970904400172,0.1944513252415159,0.5714175891758918,0.9952106237074126,0.0767577389079098,0.0570376586793342,2.536106604682554,63.73115581331315,0.7145221063928247,0.3402963593087098,False,False,False,False,False,False,pachytene,33,mid,16.70035676692855,20.0
387,7.62622091638206,15.30948597236555,108.95761741443414,59.080764708,2.416123704510999,0.6272135313269276,0.147462090256969,0.586750452657365,0.999048936538129,0.1404727561674792,0.1513229803251093,2.389222061761625,44.57395870366497,0.7165914673109409,0.2513199428975643,False,False,False,False,False,False,pachytene,33,early,14.998229874133845,20.0
54,2.845165345722663,30.44336382618082,102.52323241869186,85.83201702,2.7364461302674603,0.6256627493850779,0.1925366975181277,0.5517266554720012,0.999083465721618,0.1302424342148556,0.1539611445706369,2.874517365873046,52.80796718073509,0.7169429919119809,0.3489711718811427,False,False,False,False,False,False,pachytene,33,mid,0.8041193295377519,20.0
288,6.532754379205475,22.890868869853566,105.59622673463852,79.14420394199999,2.6634435827302148,0.5794184771332879,0.2514243511289301,0.5237491190979563,0.9930888690137408,0.0471998962585493,0.0448861747690467,2.4366286016528136,48.86871364719559,0.7175431376252135,0.4800473012001505,False,False,False,False,False,False,pachytene,33,mid,7.903767673546686,20.0
330,7.215074716420461,26.68003099231461,99.4915020114906,82.09988422199999,2.696195079551528,0.5881882339495415,0.212576486013986,0.5395129397072088,0.9978441867380315,0.0920534493941022,0.0773780826284639,2.462557402983652,53.955530110331885,0.7239512223107081,0.3940155469289584,False,False,False,False,False,False,pachytene,34,mid,5.442031484290727,20.0
373,7.541458351354239,42.43773111322476,96.42638181818111,81.35861837399999,2.688056039717003,0.6397082143989852,0.2317717939259805,0.5068822023047375,0.9979956032587612,0.1034833631193369,0.0992435043359136,2.139618390872663,62.98008228127007,0.7260548299822284,0.4572498163718114,False,False,False,False,False,False,pachytene,34,mid,7.834170269749477,20.0
32,2.543300432026589,22.86535020970574,102.31545763930394,74.38696615799999,2.60897196529665,0.6253035224370093,0.1863872911531087,0.5126241373506144,0.9991235758106924,0.1383502870637127,0.1627510481094072,3.0967327253052765,52.11981677791857,0.728327800815734,0.3635944497588634,False,False,False,False,False,False,pachytene,34,mid,8.344704735179615,20.0
238,5.188527672061941,6.50788202118427,111.6971558301638,51.15907240199999,2.302915576957373,0.6502819936723372,0.1157101449275362,0.6421922118788514,0.9997282362532838,0.063396437656774,0.0890303423687551,3.782101720209742,40.7414621451126,0.7286454077143925,0.1801799255537605,False,False,False,False,False,False,pachytene,34,off_axis,23.381861126365344,20.0
91,1.692791627469482,43.78112188969943,96.357705894283,79.79398444799999,2.670712756583654,0.5873706491063029,0.2163037409268565,0.5687517811342263,0.9995585638610948,0.1286337471219446,0.10203250726416,2.8348832463394333,63.57239296778955,0.7289490511016997,0.3803130787485104,False,False,False,False,False,False,pachytene,34,mid,9.041888453547053,20.0
14,1.904788852379265,15.585855385176902,104.94470006389064,77.10103130399999,2.6403238131211157,0.5823901667275162,0.1724844757942967,0.5663703919568702,0.9989012713859676,0.0925462792145128,0.0678561837047191,3.192510242434159,48.589555845514894,0.731568855916364,0.3045435959290605,False,False,False,False,False,False,pachytene,34,mid,15.23246332391753,20.0
355,7.373228483043748,48.601883272139766,94.41672839920628,81.138115242,2.685625397559056,0.574546821243748,0.2219519932325261,0.5409078553954879,0.996040680071423,0.0732747265214616,0.069101568400773,2.385724509534933,78.53196338653873,0.7321755220994842,0.4103323533178209,False,False,False,False,False,False,pachytene,34,mid,11.743219656158843,20.0
182,2.891572287250721,52.64314305915818,95.50220510281495,74.15004257999999,2.606199148066364,0.5213223663397659,0.1592020448988664,0.5610997290331108,0.9944047848736252,0.2197300087340224,0.1139312613114786,2.983064443839168,82.06819192183764,0.733313029497508,0.2837321721277678,False,False,False,False,False,False,pachytene,34,mid,13.980434014772463,20.0
65,2.4148410857999325,34.5127252011995,96.11427043377424,68.78759407199999,2.541794897138543,0.5583822125221661,0.1465664953209436,0.5671814671814672,0.9990889212827988,0.1711872299474873,0.142267816409559,2.954020219337689,60.145145138958966,0.7354130379324428,0.2584119965154827,False,False,False,False,False,False,pachytene,34,mid,0.42699377522360843,20.0
267,6.626313115274498,36.99356728485292,93.533337989841,73.86854921999999,2.6028970233415136,0.660431883137504,0.2269934215282295,0.4821846067520808,0.9998620404221564,0.0558925286957559,0.0883206431959505,2.2952740816264945,63.49464794109099,0.7389138477884363,0.4707604065945226,False,False,False,False,False,False,pachytene,34,mid,1.6905683486788916,20.0
3,3.011436856809503,7.515201152881233,106.02622087562423,66.33156450599999,2.511176337931162,0.5495632492838702,0.1226752996280479,0.6062652115882861,0.9912363362231436,0.1142489060542194,0.0507888564678495,3.0160370661794618,46.49431856848943,0.742549370357885,0.2023459325773693,False,False,False,False,False,False,pachytene,34,off_axis,23.101079959416296,20.0
347,7.3833929900414095,18.994465914165804,100.9105064252054,66.190817826,2.50939895379491,0.569975546656271,0.2327051979258885,0.5262897642986649,0.9937183383991894,0.1356452355109149,0.0978281426873856,2.6468441361178434,52.80796718073509,0.7438333412305184,0.4421617399988617,False,False,False,False,False,False,pachytene,35,mid,12.36425864127509,20.0
291,6.633989562713798,55.51503993881503,93.98185910023707,65.17744173,2.496526806023714,0.5310419290984344,0.1716465352828989,0.579048349961627,0.9943980551738716,0.0796934673159889,0.0346413704340202,2.713614518232478,85.26212269692412,0.7445115578370797,0.2964286752466764,False,False,False,False,False,False,pachytene,35,mid,13.382061339182405,20.0
346,7.547500609607364,9.370784479394985,105.32133187027593,57.720213468,2.3974327835198843,0.6934487523368285,0.1106001650748732,0.6232268328251359,0.9992788114813212,0.2057603030044568,0.2974215694518844,2.7316539717073662,47.428602732723846,0.7463459315780016,0.1774637407274556,False,False,False,False,False,False,pachytene,35,off_axis,21.349745870226695,20.0
44,2.401579674850317,27.496138945567203,95.76451557954236,71.27881030799999,2.572116355789733,0.5527545580201408,0.0867549223842484,0.6335540838852097,0.9998339835643728,0.1188421200626148,0.106551412752147,3.1357234496656563,57.70265183871198,0.7485035508796511,0.1369337276657301,False,False,True,False,False,False,pachytene,35,mid,6.160041796187515,20.0
418,7.55189458206086,29.43262583135332,93.35456018832798,82.956093192,2.705535440061867,0.5989989820156091,0.2786509995421944,0.5027854171073972,0.9947647839551688,0.1548964492903182,0.1117402522984391,2.2526575429218743,60.68056991486853,0.7527248428488509,0.554214561642056,False,False,False,False,False,False,pachytene,35,mid,5.329457436736307,20.0
304,6.848472069032621,41.74108113929625,89.99185794783406,72.310952628,2.5844719592395555,0.6055926815026276,0.2016547376715477,0.5242638591873663,0.9992852604828464,0.0954746351854185,0.1044397272513172,2.6613111642841814,68.61991904814701,0.7538658713391302,0.3846435990917285,False,False,False,False,False,False,pachytene,35,mid,4.659164778852859,20.0
103,1.853418385069621,48.94280727255589,90.994845359521,74.283751926,2.607764730149967,0.5757413079862317,0.1729253878355084,0.5712690733159658,0.9993638170974156,0.1538065581181155,0.1294360536915265,3.3010590146304697,79.87421777541331,0.7549712553841633,0.3027039199439812,False,False,False,False,False,False,pachytene,35,mid,8.57717071988315,20.0
356,7.391013560743485,48.86392136166746,88.38677165385361,83.89675016999999,2.7157232453427973,0.522410177547882,0.2105652354762675,0.5427668169310931,0.9845653184565318,0.1248436270182542,0.0771473487328491,2.2449754783336684,80.57381836211569,0.7579637029625763,0.38794787910367,False,False,False,False,False,False,pachytene,35,mid,6.06344232162371,20.0
22,1.8615309036200427,18.995375746876444,96.55680046055924,76.39964368199999,2.632293075147801,0.5534403880991127,0.1806197183098591,0.5567931793179318,0.9987043275459964,0.1405074360674918,0.1032234152760398,3.16425060643884,53.625812451350996,0.7581149789694211,0.3243928356506039,False,False,False,False,False,False,pachytene,35,mid,13.661379737019484,20.0
464,7.867739235562736,21.024894475960583,93.48350986701496,75.672452502,2.623914825579204,0.5860690039988841,0.2162352526853319,0.5246012132105144,0.9927202744540206,0.1489544167482858,0.0975132815435074,2.4289898401963543,57.25007882042259,0.7593141478049726,0.4121897686091703,False,False,False,False,False,False,pachytene,35,mid,13.006586158792151,20.0
75,2.056656447720211,37.95202936860041,90.9032979159858,71.926245036,2.5798805181371094,0.6178983758398018,0.1469967236985803,0.5813417548651417,0.99970836978711,0.1481770803659547,0.1476038208029191,3.491532799722838,66.28959291546786,0.7618103124064811,0.2528576735945627,False,False,False,False,False,False,pachytene,35,mid,1.535510468288005,20.0
245,5.927701578616307,8.857229557470035,100.7264271322441,63.45094912199999,2.4742856582777586,0.5212392325039743,0.171730092740646,0.5511196911196912,0.9921343038271896,0.0809253629773952,0.0508414301252322,3.2573068525697084,51.92142668400055,0.7618629809946836,0.3116021719197653,False,False,False,False,False,False,pachytene,35,off_axis,22.441268271396325,20.0
191,3.35578069129928,58.71650657528748,91.46529495430956,70.85187871199999,2.5669707522568994,0.5613825983313468,0.1931299104695779,0.5509510869565217,0.9968242446238998,0.1014472319854516,0.0581013018821478,3.1288068854466897,89.45534365578644,0.7645347579226223,0.350539122331959,False,False,False,False,False,False,pachytene,36,mid,11.814270880066463,20.0
400,7.52585870529158,57.33472108483682,89.27608538575494,79.35766973999999,2.6658360245545865,0.5622819982264262,0.2322289625136102,0.5251215559157212,0.9940184431336712,0.073686144986585,0.0436960583513128,2.480628731680547,88.7049514119146,0.7664026623696634,0.4422384872558565,False,False,False,False,False,False,pachytene,36,mid,9.336594315821635,20.0
8,2.154870514820556,11.574593756630088,97.5553322901707,75.1821849,2.6182359266384325,0.5523556942277691,0.1626101675129866,0.5418554401617063,0.997624703087886,0.0557907483737204,0.0387638690614207,3.491663197747344,52.80796718073509,0.7675086097867809,0.3000988002712656,False,False,False,False,False,False,pachytene,36,off_axis,20.315014326410616,20.0
52,2.4044934934215147,29.92066834423644,89.49183122079333,65.25485240399999,2.4975147826294446,0.6476022719102739,0.174414687552636,0.5632969499132918,0.9990363946334594,0.1974721561269275,0.2247912779332138,3.736796225188608,64.42322741203651,0.7698451588167642,0.3096318692644858,False,False,False,False,False,False,pachytene,36,mid,6.402479072074951,20.0
314,7.0257403403216,35.96007644072538,86.23106237660728,74.85612175799999,2.614445368236725,0.6304409137914826,0.2081514805613376,0.5245484609514118,0.998034398034398,0.0857627438699649,0.0859220375224401,2.6481134954742167,69.79938629041013,0.7704708546104996,0.3968203055706198,False,False,False,False,False,False,pachytene,36,mid,2.1358669118668905,20.0
409,7.471169444034716,12.897134924790524,96.34637352529136,63.62688247199999,2.4765704029258626,0.5369783217814481,0.1887474969317227,0.5659686280754838,0.9966573215441018,0.2069358471828417,0.1165774206207403,2.2810141943712647,52.80796718073509,0.7763773129761014,0.3334946277385349,False,False,False,False,False,False,pachytene,36,mid,19.399369544303745,20.0
66,2.2515629440180693,35.522934729326,85.36577463767905,66.03834225599999,2.5074706087232177,0.5444728616084115,0.1754115226337448,0.5821116656269495,0.990763802407638,0.1538590306033829,0.1217663210475087,3.370234379944772,70.42251265884742,0.7789969818838162,0.3013365527468377,False,False,False,False,False,False,pachytene,36,mid,2.8785170825009763,20.0
30,2.3029759223972617,22.67886418846264,89.6446918586532,67.71088196999999,2.52846310287646,0.5103412437207691,0.070620725933719,0.6758879298146314,0.9994086922243028,0.1220182167214954,0.0856680346883682,3.3577782585684552,61.43003990297211,0.7817829246963222,0.1044858516012964,False,False,True,False,False,False,pachytene,36,mid,12.998532614972435,20.0
97,2.60178743650737,45.11000688291714,85.89308652028406,72.967770468,2.5922735131535437,0.59249019481772,0.1869668398434995,0.5503313348059324,0.9990393083019774,0.1541990232483615,0.1624692725055632,3.301280660575418,77.73037214521575,0.7824221279203166,0.3397350432706708,False,False,False,False,False,False,pachytene,36,mid,2.566993684684435,20.0
333,7.23209790453641,43.976604386179936,83.68629978731761,67.27925881799999,2.523079082106592,0.636832746417489,0.2327637006482027,0.5003840245775729,0.997941246337794,0.0837078737954939,0.0971553563921165,2.8991432532128285,77.30384720943668,0.7824971874608689,0.4651701277727705,False,False,False,False,False,False,pachytene,36,mid,0.12310633385061545,20.0
114,2.3795823395961357,57.39988827293429,85.81927675818417,80.65253919599999,2.680257244415647,0.5736722703740329,0.1706461468824262,0.5365670623550279,0.999476713762428,0.0421910558279551,0.0338867084107683,3.1435646673621536,89.68632123198807,0.7846561502647809,0.3180332130963259,False,False,False,False,False,False,pachytene,36,mid,6.021373972269615,20.0
270,6.167253304115197,64.4360859994523,90.14567389235042,68.51079226799999,2.5383809130418915,0.588646168595494,0.2043708609271523,0.5308806392542035,0.9977956088528348,0.029031036093395,0.0288018194836156,3.680865858328741,95.31995516604749,0.7860504600809711,0.3849657452459716,False,False,False,False,False,False,pachytene,37,late,12.061900381962168,20.0
466,7.963159202435103,24.651758068824535,86.94244821727888,75.52936004399999,2.622259888993518,0.640691968445245,0.2552465559418051,0.4977958336934912,0.996182656295016,0.0927629071573205,0.098081621903963,2.3109008904185373,64.69095468936251,0.7869434918687775,0.5127534998594797,False,False,False,False,False,False,pachytene,37,mid,12.249622929884945,20.0
357,7.255389358301049,54.96031783797532,84.01664642897971,82.17729489599999,2.6970422131655423,0.6011075588033798,0.2805807248764415,0.4964219264348075,0.9978080120937264,0.0726500692188084,0.0654619029609537,2.64053329332148,87.81344925359106,0.7872376786067602,0.5652061481077402,False,False,False,False,False,False,pachytene,37,mid,3.6353038636120756,20.0
365,7.56287653209625,16.216648213419386,88.55828840454366,67.75076019599999,2.528959383690352,0.5995775915795305,0.2432768435516586,0.5057501080847384,0.9951647564469914,0.0999967642929072,0.0698001445160017,2.622207726448337,59.883010654255216,0.7887518880323171,0.4810218320524761,False,False,False,False,False,False,pachytene,37,mid,19.366201597953555,20.0
239,5.508736894657864,11.032898040438411,92.83684976285537,56.38312000799999,2.378775727020903,0.5374854385089033,0.1258158370684909,0.6179724745884682,0.9995408104695211,0.0097209651887659,0.0137101991038571,3.6449352404994766,53.908413013985395,0.7923508866264795,0.2035945648748783,False,False,False,False,False,False,pachytene,37,off_axis,22.445411917110185,20.0
12,2.010980674274756,14.584274870018112,89.23798175337804,71.736237018,2.5776067525070423,0.4738563160132107,0.1236860737432601,0.6284648850217527,0.9916230366492148,0.1141671325163742,0.0548841214923174,3.135686923871797,58.615250528285806,0.7946316303228925,0.1968066580823828,False,False,False,False,False,False,pachytene,37,off_axis,20.598845116453028,20.0
108,2.505370313244718,52.04336622171122,81.50928484253788,83.64809770199999,2.713037644658244,0.6060181160436355,0.1965572457966373,0.5333475692220087,0.9984910836762688,0.0314829604571307,0.0504389856605776,3.1856646121231336,85.65314827795551,0.7964833230590778,0.3685349988251646,False,False,False,False,False,False,pachytene,37,mid,0.44124505863700375,20.0
401,7.4942311701464766,64.30358704172437,85.58067782410542,78.76418790599999,2.659173842487464,0.5409953241802424,0.2156743002544529,0.5391902413703608,0.9921210493329752,0.0970474177171288,0.0637381085413622,2.7406746615833324,96.40523319550832,0.8001055709301469,0.3999966685344919,False,False,False,False,False,False,pachytene,37,late,7.625807881161379,20.0
43,1.7008885572814008,26.925100400190512,82.42187550702191,69.16761010799999,2.5464670066533115,0.6323000746116801,0.1334718670076726,0.5950931562442354,0.999857020303117,0.1393985448013898,0.1498796762272888,3.401190974021047,69.74153004543248,0.802789510013705,0.2242873499840649,False,False,False,False,False,False,pachytene,37,mid,11.940832455680797,20.0
192,3.6262472549566938,66.65449801428758,86.76080117843415,75.84134851799999,2.6258655110485933,0.62376666357366,0.281724239740183,0.4916146004603748,0.9981365533691116,0.0632361652601414,0.0411407931146607,3.1637912569632296,98.3580459620801,0.8039767077378897,0.5730591391638105,False,False,False,False,False,False,pachytene,37,late,9.388191446411694,20.0
315,7.229664329404658,41.340680569893216,79.06858106817789,78.61874966999999,2.6575361107136524,0.6027152021482918,0.2421310262393989,0.5070972587307548,0.9955446305115994,0.0937196195566058,0.091270129508399,2.3338431166922287,76.1590050995115,0.805215120009495,0.4774843919398099,False,False,False,False,False,False,pachytene,37,mid,5.0692685637952515,20.0
467,8.037614259597875,30.266717530686567,80.50969391486126,71.855871696,2.579038850154196,0.5745951945677723,0.2595181270598932,0.478704627426905,0.990711175616836,0.0917840697917461,0.0752019730918261,2.419373999079496,71.84739994539486,0.8052271115765126,0.5421257957225822,False,False,False,False,False,False,pachytene,37,mid,9.671215808055093,20.0
227,4.941750432637591,15.77206328288938,84.01273507124556,63.708984702,2.477635175915677,0.5553223609116683,0.2028908982905418,0.5820154011757886,0.9991802438774464,0.0756818929743558,0.0477433101309334,3.276683871390468,63.88590282524494,0.807245558501777,0.3486005660342686,False,False,False,False,False,False,pachytene,38,off_axis,21.565420807978118,20.0
375,7.366845825941388,62.63076542667183,80.70554194180387,88.59768928199999,2.7655271640482417,0.585824353305621,0.2715376734655863,0.5532186920667391,0.9952747020241202,0.0551098909717363,0.0535994554631769,2.152091690530279,96.08797360321215,0.8094540321721233,0.4908324273194092,False,False,False,False,False,False,pachytene,38,late,2.4814295535315884,20.0
88,2.069112434424964,42.19191338791909,79.73250837941382,66.179088936,2.509250724761073,0.5309442790301999,0.1765913757700205,0.567974004382982,0.9941323481473432,0.162007710798947,0.1112182720666269,3.980594690933027,76.77452564191208,0.8113093966354931,0.3109145390586323,False,False,False,False,False,False,pachytene,38,mid,4.182402594794225,20.0
318,7.020576502380961,52.99212652811638,78.71974199266539,72.916163352,2.5916622327191865,0.5558808390168575,0.1898474178403756,0.5570445490764215,0.9991119005328596,0.0751491080518404,0.065363451978797,2.4480694158795946,87.32351109390137,0.8114020589588996,0.3408119120008304,False,False,False,False,False,False,pachytene,38,mid,1.9941662925687385,20.0
61,1.791611064123107,33.56458989756647,76.90958951226553,74.884271094,2.6147730443007213,0.5626350906869655,0.1669948093789153,0.5683999427016186,0.9986537652503156,0.162743611542266,0.1328667228112451,3.2482938408385027,71.84739994539486,0.8161353588538649,0.2937980756739435,False,False,False,False,False,False,pachytene,38,mid,9.759439500898878,20.0
118,2.1600165318532643,60.914117340731,79.27032791226361,79.46088397199999,2.6669912710706534,0.6471925370490641,0.1683368128044536,0.5445569408417705,0.9994231508780924,0.1467544297195544,0.1734829857752623,3.08526956814436,94.814404875374,0.816425290369622,0.3091261908153082,False,False,False,False,False,False,pachytene,38,late,0.641662541916746,20.0
348,7.471056639350074,20.17489432881388,81.29758746827378,64.69186568399999,2.4903115851309354,0.5550076147653927,0.2440556855981274,0.4910365058670143,0.9819118488838008,0.1540075670557052,0.0912108368105306,2.516888579856269,68.11587736765506,0.8177979293014855,0.4970214692433155,False,False,False,False,False,False,pachytene,38,mid,18.588129573408953,20.0
24,1.8946376703655652,19.93257588068917,81.54763349966608,62.99352241199999,2.468325489634128,0.4501005436806434,0.1203312086733782,0.6281573779372926,0.9663703703703704,0.0723223680230144,0.0202530359671519,3.677051006422008,67.79059488750701,0.8183560082582314,0.1915621990599154,False,False,False,False,False,False,pachytene,38,mid,18.71235741338591,20.0
106,1.983307979120053,50.104596850112536,76.56907881879305,78.64220744999999,2.6578003975346194,0.5672781506338553,0.2216439532138641,0.5309161094643965,0.998750416527824,0.0986874501981586,0.0774630997262914,3.482042083610834,85.26979517586378,0.8192676875861427,0.4174745298978871,False,False,False,False,False,False,pachytene,38,mid,4.851911148429878,20.0
263,5.831124990705307,72.92189531563685,86.85759852776981,63.096736644,2.469672862573018,0.5617889805933527,0.1891166758392956,0.5385594298803766,0.9920360473645604,0.0669347727865603,0.0434662204241057,3.7952135740323016,104.37440973558024,0.8249603168316436,0.3511528446940418,False,False,False,False,False,False,pachytene,38,late,11.146885736137346,20.0
123,2.637861179539029,66.32418802492406,81.69012346906469,80.94106989,2.6834496056534527,0.6269815968700189,0.1887684356485566,0.5329034263072022,0.9996712256706995,0.0650536536232647,0.0783016963490386,3.027904172209745,99.38699429940232,0.8260213039294281,0.3542263500849354,False,False,False,False,False,False,pachytene,38,late,4.4120340493339665,20.0
307,7.512823420574158,64.2036426154163,76.28371271300334,78.604675002,2.657377513386226,0.6429615924080098,0.1922765325411828,0.5639418254764292,0.9965337954939342,0.1776561678788506,0.2032031757313773,2.616560821040609,98.77927724775084,0.8295161986408567,0.3409510056799631,False,False,False,False,False,False,pachytene,39,late,1.3634893106891113,20.0
317,6.822801246537147,52.53103124999932,74.38812187499965,81.29528236799999,2.6873583265762004,0.6238746537396123,0.2227654880448393,0.5271192942079018,0.9968716719914804,0.040298831371839,0.0499858447375924,2.482421049353776,88.02999301060473,0.8297061799318235,0.422609247076769,False,False,False,False,False,False,pachytene,39,mid,6.2925875144407275,20.0
39,1.7550081271445672,26.07044855336927,75.80864649449268,64.94286392999999,2.4935281522387776,0.5520679068087412,0.1698353193198554,0.5560841867591323,0.9959275096721644,0.2080193787456956,0.1329799278021682,3.4811296860783467,71.84739994539486,0.8312812851737454,0.3054129632954651,False,False,False,False,False,False,pachytene,39,mid,15.75671401102351,20.0
414,7.766967007201475,27.407151438620364,74.95477642941073,70.03320219,2.557045514466635,0.5350862502093452,0.204082802913011,0.5284582132564841,0.9934905559705476,0.1166206428298505,0.0691163290334752,2.424730843179041,71.84739994539486,0.8319463971119369,0.3861853175777224,False,False,False,False,False,False,pachytene,39,mid,15.263246741237035,20.0
377,7.305262825173199,71.83065193918517,82.05519958593078,74.21337858599999,2.606940973981141,0.587761165723678,0.1926457843258635,0.5756019015488422,0.9940003116721208,0.0947021078196829,0.0661186662669419,2.659456342155491,104.59849298064971,0.833132875974904,0.3346858024747452,False,False,False,False,False,False,pachytene,39,late,6.227166800821489,20.0
222,4.6470941224827405,20.758813131936645,77.06986774352612,57.07277874,2.38843523554474,0.5584052609946568,0.1950250992732449,0.5533320923306031,0.9983852364475202,0.0570132631688303,0.0447086993319809,3.764616712655843,71.84739994539486,0.834448328281504,0.3524557891659788,False,False,False,False,False,False,pachytene,39,mid,19.720550329782387,20.0
116,2.5171084501756686,59.17622394841836,75.01940963054194,68.761790514,2.541477031900994,0.556715450482721,0.1829214613594919,0.5826535323995691,0.9984006021262584,0.0839084459822846,0.0664720082248794,3.0708567231046286,94.26854533351903,0.8361063343891568,0.3139455116768245,False,False,False,False,False,False,pachytene,39,mid,3.918229676270579,20.0
78,1.7472295811961844,39.96887470548469,73.24661207090956,83.23289499599998,2.708541309984588,0.5840144298517558,0.2183031458531935,0.5264905149051491,0.9986492570914004,0.0945491120171575,0.0670978944998395,3.01191586363256,76.57900445683912,0.8398824936200304,0.4146383261862227,False,False,False,False,False,False,pachytene,39,mid,11.035907054153414,20.0
134,2.8808976873033467,74.39242524045248,82.44126897002769,75.36280980599999,2.620331016918455,0.5854265882279702,0.1888056519885498,0.5204594939560027,0.9977393202369816,0.1452598155537688,0.1055563004464919,2.9966305975700585,106.96558411675062,0.8419741309807953,0.3627672358389346,False,False,False,False,False,False,pachytene,39,late,7.280073050121738,20.0
374,7.429854437137644,44.73897468386487,71.03026504805264,83.47685590799999,2.711185031008168,0.5602203113583994,0.2214317695637032,0.5422364217252397,0.9951238694455368,0.1630861845793485,0.1282888621566232,2.4154185431781303,81.7922121067634,0.8425127287846088,0.4083675693697803,False,False,False,False,False,False,pachytene,39,mid,11.734844768288358,20.0
100,1.955560735409798,48.94195047347244,71.2222812359792,80.509446738,2.6786712160886617,0.576294397016404,0.1923803176718871,0.553500206298996,0.9973655664032232,0.0490278890983267,0.0350576074287673,3.062672173447722,85.71361788685243,0.8426467107597413,0.34757045342087,False,False,False,False,False,False,pachytene,39,mid,10.302749574281183,20.0
425,7.614043677840464,35.81473015718424,72.22311123104745,84.31899021,2.72027156911583,0.5318124913061621,0.2239693811675736,0.5482203339473528,0.987920774491518,0.0669871377032709,0.0437801036233696,2.284274561649522,72.91657461665677,0.8428395541096629,0.4085389893419787,False,False,False,False,False,False,pachytene,39,mid,13.247485351007212,20.0
359,7.163890247215214,62.903096682965874,72.69971873675709,86.34808817999999,2.741919534692738,0.5841347459929367,0.2160598146156603,0.5557878233603345,0.9956821505675882,0.1239862423496048,0.1236015353962202,2.4915753976477264,98.4778270058369,0.8436906938773153,0.3887451389441148,False,False,False,False,False,False,pachytene,39,late,5.164220858145843,20.0
55,1.9495343981037463,31.78253249619077,70.372504478244,83.12968076399999,2.707421257436436,0.6008239742649133,0.2331128699989157,0.5132192846034215,0.9983728333922888,0.0570805083340931,0.0448046356022312,3.322401886586457,71.84739994539486,0.8450929733909638,0.4542168951797056,False,False,False,False,False,False,pachytene,39,mid,16.365374369495626,20.0
240,5.278738759600003,26.43445801783136,71.76523679518223,60.78145375799999,2.439088122305315,0.503801474277334,0.1581876514109866,0.5911176790853232,0.9973508262898952,0.0706079593122452,0.0492602593238663,3.0258863373388407,71.84739994539486,0.847688323300554,0.2676077150251389,False,False,False,False,False,False,pachytene,39,mid,18.204521958587662,20.0
127,1.7374296739227282,69.53759602344633,76.55180188518189,79.63681732199998,2.6689581375252223,0.611711685174821,0.1948448570730515,0.5451373084509179,0.998641304347826,0.1518217917664152,0.1386327486767309,3.4179229260914443,103.85023859549139,0.852199334395113,0.3574234491980191,False,False,False,False,False,False,pachytene,40,late,0.31230356821801775,20.0
378,7.415943850331058,74.13749649301559,77.76067886088455,98.92849559399998,2.869090617025074,0.6318497616958718,0.2359251968503937,0.5235733608141182,0.9976393583346748,0.1515948259331611,0.1636420226143844,2.0375666731830147,107.9635494205728,0.8539667793572516,0.4506058071471537,False,False,False,False,False,False,pachytene,40,late,2.7000099841317606,20.0
236,5.252559544290096,79.31233347861081,84.28285093473963,61.358515146,2.4467827535882565,0.5344649615781627,0.1721957851801495,0.5617147080561715,0.998363721365124,0.0168105672347669,0.008623934523191,3.6020364576468897,108.78295901311782,0.8545007529249182,0.3065538123009767,False,False,False,False,False,False,pachytene,40,late,10.645312138012578,20.0
262,5.741156672463012,55.84610970718536,69.02679136983222,83.63636881199999,2.7129108340139347,0.5581701912828856,0.2544370296748545,0.5278359677521742,0.9965460526315788,0.0561798830895,0.0252966024727303,2.542243155124908,92.6505107922389,0.8549190134685433,0.4820380671639185,False,False,False,False,False,False,pachytene,40,mid,10.58029382347593,20.0
115,2.025067947330938,58.81448160012526,70.26225198300766,88.897948866,2.7686477862311127,0.6330316383882629,0.1438685052942625,0.5351981016754153,0.9980737800607052,0.1590028065345506,0.1629356233696479,2.792864293092034,95.1838825526347,0.8559493070298284,0.2688135567818499,False,False,False,False,False,False,pachytene,40,late,8.60049026121715,20.0
190,3.357579396429038,50.90009307947626,67.74640192131523,74.23214481,2.6071606931932125,0.5706430715752884,0.1824417835008123,0.5703981747258409,0.9951674720879852,0.0389164746088147,0.0409606714992873,2.948415749151099,88.2225289993589,0.8575693640586047,0.319849872571037,False,False,False,False,False,False,pachytene,40,mid,13.128912049764777,20.0
176,2.7849084249082323,38.9282002838842,67.65175372710573,76.84768727999999,2.637428718898988,0.6168192918192918,0.2267463348527781,0.5301521548633793,0.9992157981036572,0.0504254226607951,0.0477273598768966,2.788956134248465,77.24770064159753,0.8585665011507532,0.4277004870633996,False,False,False,False,False,False,pachytene,40,mid,16.68730409838014,20.0
249,5.234847382462542,44.14978594740726,67.5245453279275,67.70619041399999,2.5284047040889424,0.5512940442781415,0.2313946587537092,0.563740251718014,0.9976737129564074,0.0986543072311152,0.0711363173840737,3.2030929916522743,82.271268934246,0.8603635512815312,0.4104632551046827,False,False,False,False,False,False,pachytene,40,mid,15.2573039489298,20.0
260,6.406191292423486,34.115647230030284,67.48930023311566,68.42634426,2.537337528292004,0.6035310250257113,0.210849539406346,0.508084738434933,0.9963554321416176,0.0941129567808086,0.0868866342821049,2.748305347696053,72.70075825947316,0.8610162187262524,0.4149889249888345,False,False,False,False,False,False,pachytene,40,mid,18.272350787758537,20.0
132,2.0264085567943897,76.54197671738754,77.69815018831116,93.427646184,2.814895430366716,0.6724666064075524,0.1902545003103662,0.5480260636259103,0.9996497898739244,0.0369146879156332,0.0534209331473324,2.9872014039034704,108.92883258612264,0.8645212554598347,0.347163233535981,False,False,False,False,False,False,pachytene,40,late,3.608909637607647,20.0
126,1.9625053921146565,69.18017629195006,71.56474464670985,81.569738394,2.6903791383062345,0.5868058551174762,0.196285730267942,0.5338947661469933,0.998251216545012,0.1075020011867447,0.0795976345303624,2.811311477113933,104.83083209920446,0.8672124330071765,0.3676487253930116,False,False,False,False,False,False,pachytene,40,late,4.590443125701105,20.0
296,7.075590642934212,80.52061619425064,80.14877367961111,80.52352140599999,2.678827302166344,0.6078305706877968,0.2468811188811188,0.5107710592779676,0.9968074299811348,0.1317372096657657,0.1049279771251898,2.712897414830166,110.56297887892046,0.8685950244556034,0.4833498578210619,False,False,False,False,False,False,pachytene,40,late,7.986659456487169,20.0
207,3.869700390794774,61.81323213200083,67.34589023013437,81.03490100999998,2.684486136916075,0.6658561296859169,0.3022004594365857,0.4653036472320887,0.9981971540789388,0.0555740494784236,0.0846969495985568,3.059018313647514,98.84976572247261,0.8709495734748908,0.6494693545478512,False,False,False,False,False,False,pachytene,41,late,10.615179123335883,20.0
125,2.5973310739249804,67.12680245105184,67.17338059430513,77.52092556599999,2.6451082294294697,0.5872847762277968,0.1210285493329896,0.6130948016716768,0.999074271879228,0.0950563117734397,0.0870069489993665,3.326566822942805,104.01815294734996,0.8754752608013301,0.1974059297240667,False,False,False,False,False,False,pachytene,41,late,9.369561764883297,20.0
140,1.8965350742968765,81.9630522187105,80.42317344690501,68.986985202,2.544248452226726,0.4952225509197865,0.132834861849407,0.5914449309531828,0.9910857142857142,0.178960320098696,0.0954873507446875,3.4975048997612297,111.53263429662238,0.8757132952143549,0.2245937954617822,False,False,False,False,False,False,pachytene,41,late,9.08924064981119,20.0
320,7.298296809029924,76.59485072522179,72.08261304822287,81.672952626,2.6915134167009747,0.6944021598644341,0.1834228702993092,0.5450187969924812,0.9995693367786392,0.1106391244660848,0.1725021958005109,2.494376177726845,112.42004881169845,0.8804063171289851,0.3365441179487239,False,False,False,False,False,False,pachytene,41,late,0.7897790645730021,20.0
119,5.053967964422338,54.76526249139036,61.694973344688194,745.8612271019999,5.625871488144567,0.7086857110507958,0.2840281052167797,0.5495433247684236,0.9979968980535572,0.3481339261458237,0.544569407951047,0.8278543050049769,93.55673530469582,0.8852891903911587,0.516843881847657,True,False,False,False,False,False,pachytene,41,mid,17.93573693662288,20.0
220,4.675826549260726,85.90623016447672,79.78208557900047,70.59618891,2.5638791411199016,0.6013291244392756,0.2203521996231073,0.5278379729954993,0.9974036850921272,0.1134882098476187,0.0850649915018464,3.711173301552985,115.03796459606009,0.8887001823807855,0.4174618176343032,False,False,False,False,False,False,pachytene,41,late,11.0055666811001,20.0
435,7.181200631911614,81.18481522512023,73.48172109004682,11.879019792,1.4154591239835754,0.684044233807267,0.1051454138702461,0.480625,0.9996116504854368,0.0979768064807443,0.1243385181677837,3.0454193030169017,115.1825074584678,0.8892073473099266,0.2187680912774951,False,False,False,False,False,False,pachytene,41,late,3.1337524630069318,20.0
265,5.473874410523526,70.9602351451974,65.57603976172662,47.25569781,2.242789549426848,0.5598907917597419,0.1927524355822635,0.5649672907737424,0.980583861195263,0.1686893687143642,0.1021979979726877,0.8750360825616529,111.97066283453091,0.8902055374605645,0.3411745046660707,False,False,False,False,False,False,pachytene,41,late,9.385268632405964,20.0
264,5.734982070692582,72.1496831464511,68.93557289544117,82.425947364,2.699759715380251,0.6136376572371791,0.2464894266526058,0.5204773129051267,0.9973809018192116,0.0511369209078148,0.0521177266822373,2.1989425222795727,110.84556210091569,0.890599784121303,0.4735834214882221,False,False,False,False,False,False,pachytene,41,late,6.003642135669404,20.0
131,2.0829796653188786,75.76998560635268,68.79379458430486,79.48199597399999,2.667227448236726,0.6255054156951864,0.1988761916787675,0.5240759713137363,0.9979436561793132,0.1248973262984547,0.1057012373523588,2.737763365544269,113.78940012023295,0.8977604481947947,0.3794796986784784,False,False,False,False,False,False,pachytene,42,late,3.891650491107273,20.0
138,1.773601607610764,79.91593170452454,70.60694987408803,92.219570514,2.802709993012237,0.6102307124869636,0.247803249717736,0.5267245317496574,0.997541138641952,0.1054967866150948,0.0792990060313878,2.975332968073233,115.94714839497188,0.8980913255932415,0.4704608097416515,False,False,False,False,False,False,pachytene,42,late,0.08585168195013348,20.0
458,7.775648894003909,83.30389680667564,73.45261253356462,73.38531895199999,2.59720875957325,0.6690001278608874,0.2135044812395564,0.519845485272815,0.9966723215450868,0.0663292423463957,0.0900057882886094,2.654240456564964,116.87253567672346,0.8986117108950298,0.4107075800177609,False,False,False,False,False,False,pachytene,42,late,4.41248569509539,20.0
321,7.238401675298007,87.22680965277272,75.0583115120134,82.892757186,2.7048467165429133,0.6365848827008518,0.2588445778265135,0.4948606136115869,0.9960499490316004,0.0718790470520798,0.0672871298551579,2.466594017717445,118.98172607901705,0.9045745857066188,0.5230656283946635,False,False,False,False,False,False,pachytene,42,late,8.089281889384326,20.0
184,3.493703736733793,74.90565443458487,64.5181144564323,105.212834856,2.928599862822472,0.4979265138678319,0.2209575866602089,0.5425640570185177,0.993167511131583,0.1224050628399646,0.0706371474402857,2.744139804205368,115.73381529882732,0.906553248236671,0.4072470039287317,False,False,False,False,False,False,pachytene,42,late,7.7964883294336795,20.0
273,5.822391217687424,80.43149850970583,64.65744792247955,76.49816635799999,2.6334240976928958,0.5243322805188433,0.1889998431536571,0.5959257349149046,0.9948085658663206,0.179574715090769,0.1097104116701107,2.685139887996676,120.00861800610164,0.916668620968994,0.3171533499566777,False,False,False,False,False,False,pachytene,43,late,4.292144115291727,20.0
154,2.4980849974398245,91.14467371223692,74.37780043010893,68.71956650999999,2.540956717211072,0.4920634920634921,0.1425607929007721,0.5755376344086022,0.9909973939824686,0.1866285208336003,0.0990764959106751,3.4674863979483685,122.49129819021901,0.9221770088965436,0.247700209991066,False,False,False,False,False,False,pachytene,43,late,9.958949698731635,20.0
404,7.451099099099104,85.54167074131308,66.94908077220049,91.1334753,2.791663752150569,0.6551351351351351,0.2378406052676489,0.5044036423346768,0.997196415810016,0.1028017073231432,0.1333957955384085,2.4338898172336787,122.63331049343755,0.9227768244776368,0.4715283263355964,False,False,False,False,False,False,pachytene,43,late,0.6552219214527156,20.0
310,6.618663000515995,92.10123548289889,74.42015310190936,54.600328728,2.3534350439149128,0.5313198144010998,0.1344811171056807,0.6170134751122927,0.999282039009214,0.1585171196218801,0.1003458815050891,2.42762531381745,123.22009589949826,0.9246773794248072,0.2179549110839209,False,False,False,False,False,False,pachytene,43,late,10.579963441614915,20.0
141,2.173363356766264,82.36827934699352,63.565479948374495,85.423851648,2.7321016064944885,0.5631315905096661,0.1425568610542201,0.590357659186624,0.9948468365302032,0.1477097642201367,0.1084518187130108,2.824807698447354,122.2076842240811,0.9299950368280724,0.2414754155144365,False,False,False,False,False,False,pachytene,43,late,3.964086441860032,20.0
277,6.418514616802447,93.63736867593052,69.21072367000468,71.25535252799999,2.5718341645868072,0.5728535686067948,0.2611047835990888,0.4988053949903661,0.9822622855481244,0.0942141244593965,0.0661118676976591,3.090079924726637,125.59121360162332,0.9418131106234586,0.5234602236091127,False,False,False,False,False,False,pachytene,44,late,7.776775465793908,20.0
145,3.354711010455463,84.97244274501149,57.8644853814425,75.61146227399999,2.623209698099901,0.4962615952595166,0.1649351985188233,0.5805259592289216,0.9794491069507208,0.0457254528683845,0.0434792897607293,3.008941989672734,129.4873498100807,0.9531374254977052,0.2841133904466512,False,False,False,False,False,False,pachytene,44,late,5.957786315868254,20.0
274,6.496224256293313,88.45233358695873,58.711480760868845,82.00839887999999,2.695193234834754,0.5483695652173913,0.2183663366336633,0.5289125340426879,0.9873207415180132,0.0374656759477942,0.0314446309698841,2.607676976384896,130.89334884082535,0.959425291713888,0.4128590694658018,False,False,False,False,False,False,pachytene,45,late,2.6638208985963874,20.0
340,6.9716566299281535,93.91536413476082,63.438721554370645,82.580768712,2.701448985267512,0.7006874218838768,0.3344071757943275,0.4118819398310714,0.9901527810933396,0.0784486755794288,0.1255609661030063,2.704976344569668,130.37987875885275,0.9616251352402564,0.8119005556094077,False,False,False,False,False,False,pachytene,45,late,4.542277682528163,20.0
150,2.0536317458681146,88.97385201506127,59.43299480184527,90.976308174,2.7900580112900104,0.6539205321919397,0.2380357649730343,0.4760840411265087,0.997220130885504,0.110113139763104,0.1443322542668955,2.8214640974273717,130.62792870428356,0.9623817850975864,0.4999868603236412,False,False,False,False,False,False,pachytene,45,late,1.8140467325411902,20.0
211,4.579242648614447,98.15372651576108,65.90697651787482,55.44246302999999,2.365472855471168,0.479627670827163,0.1336902162428682,0.5689893487275388,0.984306746481152,0.1318240300881828,0.061745669612351,4.259232815788638,130.94187245807072,0.9669799895258068,0.2349608416077503,False,False,False,False,False,False,pachytene,45,late,9.414665323057243,20.0
149,2.809926194646165,88.5821147454369,53.15020973229835,75.008597328,2.616219298810172,0.4716349762321741,0.1504927594529365,0.5688073394495413,0.9696331184928112,0.1236965055534717,0.0394507947124557,3.374987923973943,135.42449040528467,0.9782780633219678,0.2645759803285496,False,False,False,False,False,False,pachytene,46,late,5.89079079699063,20.0
311,6.794241029014391,99.7467773733858,60.07221251918308,64.19456074799999,2.483913916849088,0.4778191916977271,0.1212642971344237,0.6206438068579426,0.986537755476686,0.2222965692932489,0.1160851598159335,3.047539684923731,136.56844299499707,0.9888078146562368,0.1953846889221914,False,False,False,False,False,False,pachytene,46,late,7.195659701523051,20.0
163,2.770245717542136,100.50769682880446,60.41340022124499,69.97690351799999,2.5563601402214644,0.4954912674734336,0.1454204758389643,0.5757475083056478,0.9946693886809572,0.0875185549102605,0.0556949699194093,4.217763625827963,136.75097248301506,0.991987679758842,0.2525768218553276,False,False,False,False,False,False,pachytene,46,late,8.009349108899599,20.0
382,7.293212028763998,94.7577977173707,53.08415418664145,86.11820193599999,2.739484083003344,0.6427598605360645,0.1938160806491271,0.4907357987037743,0.9905846153846154,0.0673334116355153,0.0702634296856996,2.227486589182686,139.17628352845597,0.9956950533007118,0.394949953031899,False,False,False,False,False,False,pachytene,46,late,0.9849298260834953,20.0
155,2.02296056884292,92.88232799224674,50.38389305236068,90.72296415,2.7874657552124624,0.5996380090497737,0.2171099201132571,0.5166623611469905,0.9932450331125828,0.0788120896211943,0.0848684105027975,3.097603854167629,140.2153215647386,1.0,0.4202162503792092,False,False,False,False,False,False,pachytene,47,late,4.104095875257822,20.0
