nucleus_id,cz,cy,cx,vol_env,r_eq,gap,gap_int,thick,void_big,void_off,offset,syp_io,s_um,s_norm,score,merged,mitotic,crescent,post,cls,row,zone,r_um,off_axis_cut_um
373,5.645266544117703,4.841895909926885,80.55816614200533,20.417651712,1.6955309717888762,0.7478170955882353,0.1402271837054446,0.510250569476082,0.9994009584664536,0.1665098800542872,0.2710229264841156,2.4309933598827373,-122.52058426667737,0.0,0.2748202394941526,False,False,False,False,pachytene,0,off_axis,130.0767956285896,12.44
356,5.336770280515387,4.756719451966256,77.86321926784288,21.658568274,1.7292072393991105,0.4791508718726308,0.1929854002349387,0.5273445622790601,0.9599483204134368,0.2673692578175461,0.1394657232546397,1.6859911757934016,-122.81123492654653,0.0109258207739616,0.365956936013336,False,False,False,False,pachytene,0,off_axis,129.47680619257372,12.44
519,7.458360545926413,7.0459655362973646,78.4369301682982,28.015626654,1.8840998311075925,0.5154483798040693,0.165296408481177,0.565405218593399,0.9496442255062943,0.2242971838946422,0.1095377901373139,1.2792988404966998,-120.48487353402915,0.0143159489028297,0.2923503410392944,False,False,False,False,pachytene,0,off_axis,127.40090275175424,12.44
210,3.90340368891408,8.29241505989716,80.06813194523686,24.672893004,1.8059698210766573,0.5571401407111618,0.1939781969198823,0.5111635895234006,0.9810834049871024,0.2150417094637974,0.1352040514140878,1.950610289051327,-119.11754081839473,0.0156856702112193,0.379483595654268,False,False,False,False,pachytene,0,off_axis,126.61960911165387,12.44
500,7.193446407956674,8.582628336737367,80.60002215611533,26.415806058,1.847531078592755,0.5527928247935352,0.182865487587214,0.511517077045274,0.9009655172413792,0.2822548368172154,0.0999275739177932,1.7067782167982304,-118.78757172839188,0.0162995180608103,0.3574963491805938,False,False,False,False,pachytene,1,off_axis,126.48289043202745,12.44
157,3.498593763647577,8.043249637522745,77.23552275307847,26.856812322,1.857755767747929,0.5712289282906804,0.1915349143610013,0.5732328376451415,0.9923945609587462,0.0678068603113978,0.0220939655298663,1.6483625487843596,-119.58221059735972,0.0204873678446259,0.3341310926077312,False,False,False,False,pachytene,1,off_axis,126.13647634587312,12.44
472,7.291275167785342,5.817985778755171,75.70297824577777,20.272213476,1.6914955277308457,0.4453830131913908,0.1046142350084065,0.5837679949926977,0.9085686931546194,0.5518051747187019,0.1956394702529817,1.333809572748357,-121.91797043206863,0.0210100035663424,0.1792051566816627,False,False,False,False,pachytene,1,off_axis,127.93486372999739,12.44
296,4.586382365059808,5.412523423980569,74.99949029666423,22.772812824,1.7583663165055134,0.4327358879274825,0.136563185951709,0.5828944979117486,0.9679340357306458,0.292355751104414,0.0999032891624249,1.7504066378981928,-122.3759514823596,0.0228966181524758,0.2342845685470597,False,False,False,False,pachytene,1,off_axis,128.1704634379955,12.44
564,7.189159398064175,8.920180935493265,75.9805312374212,48.94700374799999,2.269233402061561,0.6222083772644493,0.1694236645242861,0.5969808448560193,0.9909567362038844,0.4138107542278958,0.3931438284525375,1.0720282139661952,-118.80363970943513,0.0254527111652369,0.2838008388110811,False,False,False,False,pachytene,1,off_axis,124.9829622111324,12.44
521,7.233575569526947,11.260617849268623,78.11336688168433,28.728743166,1.899952189519891,0.4902425083693965,0.1748612212529738,0.541566554541086,0.9756244357508276,0.2638560204645977,0.1022085632104975,1.324998882607335,-116.30721877383667,0.0283818054909607,0.322880391683619,False,False,False,False,pachytene,1,off_axis,123.2428932192863,12.44
159,3.723841383812123,11.80796950065226,78.37653150293627,28.749855168,1.9004174839522527,0.5709040469973891,0.2285462813554349,0.5267161057235216,0.99329009170208,0.2374955863946533,0.173937650413174,1.8438938089369512,-115.7413751731242,0.0303888939395367,0.4339079038441273,False,False,False,False,pachytene,1,off_axis,122.78249457641293,12.44
103,3.0031845515372777,8.187799203862058,74.17826287795504,27.696600845999995,1.876920830690818,0.6235284153468281,0.2297695373418817,0.5165354330708661,0.9964250248262164,0.105699191040315,0.1096883453203465,1.484201897201131,-119.6714632434838,0.0329697082207175,0.444828220158826,False,False,False,False,pachytene,2,off_axis,125.28197146495012,12.44
452,6.467399753531239,6.067469257749622,72.26888053843786,24.745612122,1.8077423428556472,0.4343539672006825,0.1552944507361268,0.5897435897435898,0.9590909090909092,0.2259630182287184,0.0801793304123196,1.487599613708975,-121.93136182137381,0.0345015806687401,0.2633253729873454,False,False,False,False,pachytene,2,off_axis,126.9466433800019,12.44
131,3.174473153747343,11.50214667399626,75.65530981308511,25.601821092,1.8283559511043064,0.5787978742899029,0.1815915969378672,0.5144659560582989,0.9945368760864168,0.1509986972183294,0.1024706973497517,1.443549756379357,-116.25403410758115,0.0358524346695597,0.3529710660141122,False,False,False,False,pachytene,2,off_axis,122.39786177206561,12.44
240,3.854363852556613,6.898242116527952,71.05861329369772,29.59198947,1.9187947351092356,0.6053904082441538,0.2229160162347798,0.5429891522699879,0.9978789047435404,0.2242482471997307,0.2221464349440409,1.581062497189783,-121.19540059453786,0.040106440499526,0.4105349348193615,False,False,False,False,pachytene,2,off_axis,125.89036166545567,12.44
374,5.68250205160923,14.176585538434033,78.7526750250732,25.726147326,1.831310762325492,0.4750615482812073,0.1278594152401151,0.5890220601007469,0.99317738791423,0.1714278887196841,0.1156828437982814,1.684088370051422,-113.3509570162709,0.0407841345090668,0.2170706734111892,False,False,False,False,pachytene,2,off_axis,120.5979776287731,12.44
520,7.119365566641288,8.9467394666156,71.9011360514185,36.678584808,2.0611423516608536,0.6414044512663085,0.2748318675633729,0.5045478865703584,0.9959349593495936,0.0802767324671247,0.1231424898082381,1.1441397754712654,-119.088565310157,0.0408445159554124,0.5447091839617647,False,False,False,False,pachytene,2,off_axis,124.05315093315542,12.44
557,7.640469834489805,14.398276841965266,76.23437496663176,35.149137552,2.0320857076996046,0.561332087560064,0.2210239393221142,0.5270044119884375,0.9897279817386342,0.1311224909022921,0.0616355446479169,1.103016580440789,-113.32215072491354,0.0431963902922608,0.419396753222938,False,False,False,False,pachytene,2,off_axis,119.7311949159475,12.44
556,7.644108514463179,12.955708293839107,73.34548916489545,28.707631164,1.8994866670765136,0.5570354633109985,0.1460302457466918,0.5646559675336654,0.9917222349965508,0.1368363177687631,0.0971793602795358,1.046365441144283,-114.9810373737714,0.0449423481678789,0.2586180863093161,False,False,False,False,pachytene,2,off_axis,120.44844695806194,12.44
212,3.8472686193820342,14.74931871217665,75.96788397482536,29.071226754,1.9074723432624856,0.5385298152182684,0.2051424600416956,0.5614617940199336,0.9917953667953668,0.1920788518405542,0.1190155318388716,1.6496159286616898,-112.99247613687191,0.0457023215900542,0.3653720738020733,False,False,False,False,pachytene,2,off_axis,119.32487021459262,12.44
158,3.496329805394433,10.859034679070907,72.30162907988928,27.483135048,1.8720863967253865,0.6025093888699214,0.1826956826956827,0.561305561520292,0.9965698143664246,0.1169341390459423,0.1027953193872406,1.297492460174719,-117.15127773128899,0.0462615449660846,0.3254834714283834,False,False,False,False,pachytene,2,off_axis,122.26687256130018,12.44
160,3.301541585894889,14.09286615895932,73.55909351980077,25.411813074,1.8238215694244635,0.5796178343949044,0.2379518072289156,0.4934123847167325,0.9908396946564886,0.1541393934946264,0.0993834352281312,1.3321317472774126,-113.83089180222561,0.0492787302296799,0.4822574677883764,False,False,False,False,pachytene,3,off_axis,119.38898984590702,12.44
276,4.76733859983652,9.301040602015838,68.22269405475393,34.445404151999995,2.018432475575111,0.6067828929447017,0.2294141198451889,0.5193972982334604,0.9953917050691244,0.0183231117440494,0.0150193454904943,1.4562436408660642,-119.01609727002041,0.05551538217971,0.4416929403088098,False,False,False,False,pachytene,3,off_axis,122.99936762991804,12.44
579,8.338137861030898,13.848229159361944,70.3727943526811,25.421196186,1.8240460190553085,0.6314478176617144,0.1022701730726005,0.6502253380070105,0.9986797434930216,0.0657568467186822,0.0767213892012824,1.037668376034857,-114.31804581676357,0.05774646948389,0.157284201483237,False,False,True,False,TZ,3,off_axis,118.94295827033619,12.44
375,5.663483791861397,17.837380987048647,76.29820899685907,30.610057122,1.940551517916224,0.5932255345237183,0.2104715156923992,0.5079125847776941,0.9984028748253144,0.0190115408825958,0.0094573531853018,1.5517984580765931,-109.88820862734387,0.0585283446230148,0.4143853135368155,False,False,False,False,pachytene,3,off_axis,116.42050724375339,12.44
277,4.764718402095677,17.22247487720964,74.02123258841037,28.656024047999995,1.8983477616831272,0.5943025540275049,0.2256249999999999,0.5032284100080711,0.9922023182297156,0.1200847537039469,0.1008944143400411,1.3734084272772904,-110.67513685778658,0.0589006817729127,0.4483550521251001,False,False,False,False,pachytene,3,off_axis,116.45287288369924,12.44
132,3.3470849760926287,13.081379028605344,69.23700490730862,27.964019538,1.8829422304507648,0.6188239241674356,0.2176308539944903,0.5178257042253521,0.997983870967742,0.0527345527961648,0.0501307092581155,1.251388042712709,-115.16936052601666,0.0615138106611729,0.4202781982792027,False,False,False,False,pachytene,3,off_axis,119.47133206648516,12.44
69,2.932904625397139,15.8156094212441,70.95290400557838,30.276956645999995,1.933486763274584,0.6608042147671807,0.1518791166214645,0.5137048880767474,0.9977678571428572,0.0967632451582196,0.1175552392933143,1.35346856499952,-112.31212262088482,0.061943341593303,0.2956544119914503,False,False,False,False,pachytene,3,off_axis,117.13726530418549,12.44
419,6.727533380183099,11.33219843991491,66.06825137034271,33.38042093999999,1.997412361226148,0.5673928320449755,0.2639885222381636,0.5243664717348928,0.995920745920746,0.0681636938842004,0.0554735260100627,1.532230871682612,-117.15532867218738,0.0662640084838363,0.5034427951976874,False,False,False,False,pachytene,4,off_axis,120.63028752874882,12.44
133,3.5771899224806525,18.44395174418594,71.90571154069657,24.20842896,1.7945655743415847,0.5356589147286821,0.2055702917771883,0.5290066777963273,0.9923641703377386,0.2799089196859478,0.1432760648011752,1.4541350649459763,-109.61871553405906,0.0680506470151667,0.3885967803535646,False,False,False,False,pachytene,4,off_axis,114.77726258984731,12.44
565,7.872152329139301,16.06431587895245,68.45918813328926,20.696799294,1.7032230516877778,0.5462994446333447,0.1773530620632963,0.5086185360979265,0.9863493174658732,0.1316113175115849,0.0909524758268757,1.0494495545198466,-112.25450333243548,0.0682756830283751,0.3486956323376107,False,False,False,False,pachytene,4,off_axis,116.39479447658569,12.44
211,3.9146693794507463,13.27642685656216,66.31675766022153,34.58849660999999,2.0212235924308795,0.6095625635808748,0.1941489361702127,0.5313531353135313,0.9983863159593352,0.1219206881647163,0.1158883006912365,1.5308213021722317,-115.1978031980024,0.0735161489962985,0.3653858860843135,False,False,False,False,pachytene,4,off_axis,118.75416442622566,12.44
522,6.903648360178176,18.151021152726337,71.21735912089967,24.175588068,1.7937537110484425,0.5009703085581214,0.0395891690009336,0.68753645732063,0.996793002915452,0.1844609928799705,0.0941486594169209,1.179419423401203,-109.96333778292522,0.073582206351368,0.0575811923562788,False,False,True,False,TZ,4,off_axis,114.91193377731405,12.44
558,7.864899504806355,13.55112819691241,66.42572455578048,16.106111748,1.566633345686,0.8017768715409264,0.1213686249193027,0.4459955914768552,0.999566066391842,0.1188848573686224,0.3305941348192258,1.2468599762536623,-114.915585256325,0.0737954133996614,0.2721296515900677,False,False,False,False,pachytene,4,off_axis,118.50179447366017,12.44
104,3.151121605667088,17.827862312362527,68.59259683757986,27.816235524,1.8796193843158104,0.6331590487434644,0.1377601585728444,0.6004597701149426,0.9992919100725792,0.0962431976067445,0.1020503967673045,1.3760680463403985,-110.48591877578433,0.074461123507615,0.2294244601040861,False,False,False,False,pachytene,4,off_axis,114.68964312927743,12.44
376,6.407671846562849,20.96272872742586,73.885298404033,33.511784508,2.00002910244468,0.5947781044379112,0.1813039174091358,0.5173605113145621,0.9973209501696731,0.0866820375939256,0.0961265578989652,1.3786511085772155,-106.95617337620276,0.0747041200694243,0.3504401929487438,False,False,False,False,pachytene,4,off_axis,112.78998239752241,12.44
278,4.319957259883512,22.25699362459896,72.31275731924318,19.758488094,1.677084841076548,0.5220230321738097,0.1879790237999193,0.4838549428713363,0.9729534799855752,0.2649220571131501,0.1446902517723425,1.4248911633224426,-105.78572723458859,0.0803791750953823,0.3885028489827902,False,False,False,False,pachytene,5,off_axis,111.15755050720979,12.44
241,4.1471604215457765,20.76715907494213,69.89460390808016,32.052710592,1.9705708357456808,0.5783811475409837,0.1873324869516152,0.5445235202221836,0.9921037789058094,0.085979258812145,0.0722746246337901,1.304530989882287,-107.45580791816268,0.0806322818403413,0.3440301107198773,False,False,False,False,pachytene,5,off_axis,112.0738856361125,12.44
566,8.020975386026722,16.408385476226904,64.45070258370296,15.343733897999998,1.541514034004921,0.6506650359272282,0.1187813343617432,0.526039387308534,1.0,0.1586124790996678,0.1814224699409202,1.2237278129567413,-112.21743133646054,0.0837520827042499,0.2258031189821823,False,False,False,False,pachytene,5,off_axis,115.36051413727878,12.44
297,4.89299940840059,23.6607629461638,71.67187643462726,11.895440238,1.4161110231393532,0.6221652534016959,0.2622256449749711,0.395615866388309,0.9774869109947644,0.1612626983792965,0.0774776894250898,1.3881752730310273,-104.43497653701358,0.0870062425010035,0.6628289390132516,False,False,False,False,pachytene,5,off_axis,109.64331737301234,12.44
343,5.313499053957328,15.48278761009969,63.2701149148575,35.953739406,2.04747442489045,0.6042930775755203,0.2530788177339901,0.5231657048639736,0.9966454209996646,0.0297915898246446,0.0351265627844056,1.4525679427298823,-113.23045031170535,0.0872050505039609,0.4837450455583517,False,False,False,False,pachytene,5,off_axis,116.09681101008181,12.44
105,3.013925942325873,18.967228128632957,65.27321384291696,42.381171126,2.1628585351797853,0.6661869707200974,0.2187823834196891,0.5420328303763886,0.999444197421076,0.0634252263343752,0.0701934009272906,1.3264086582541843,-109.60326748612783,0.0886007321254747,0.4036330848590227,False,False,False,False,pachytene,5,off_axis,112.96894412384464,12.44
532,7.882040908069291,21.99684407732035,70.30764270622616,31.309098966,1.9552125972658343,0.5613995654454185,0.2263776926126602,0.5225486846600615,0.9828345070422536,0.023764496033827,0.034882612120806,1.1244202743048877,-106.1981810711265,0.0899727035764109,0.4332183761211223,False,False,False,False,pachytene,5,off_axis,110.96038968625366,12.44
420,6.157625983592673,23.6163534655944,68.51211574585776,28.022663988,1.8842575755684023,0.5071153524192198,0.2068965517241379,0.5529891304347826,0.9909265878471268,0.1419566173922682,0.0664029786407577,1.1521579125524666,-104.72046141968798,0.0957340476036703,0.3741421672456155,False,False,False,False,pachytene,6,off_axis,109.00044084284036,12.44
474,6.749746538549238,25.606923318454445,71.13644980706638,31.004147826,1.9488439410450715,0.5598093364606189,0.1770862800565771,0.5878308697146786,0.9912572855953372,0.1668192693668656,0.1153652199623661,1.4157622451227982,-102.53536741774668,0.0964744184822028,0.3012537945523876,False,False,False,False,pachytene,6,off_axis,107.6261373701608,12.44
107,3.2015788380305805,25.31054469219623,69.73812798975219,33.875380097999994,2.007236393027457,0.6227408074233086,0.2575633687653311,0.5148678414096917,0.99269717624148,0.2133100815415028,0.1874668144677061,1.5565805095835772,-102.9376241995965,0.0970775153125426,0.5002514199763008,False,False,False,False,pachytene,6,off_axis,107.60200283042589,12.44
106,3.424281618774581,24.389861830788337,66.6469347689828,35.184324221999994,2.032763566749048,0.608240549369958,0.1799023028611305,0.5285908781484002,0.9967974379503602,0.1293880475207894,0.1095636362599114,1.4060478189291694,-104.0915913990873,0.1004345833124761,0.3403431846786874,False,False,False,False,pachytene,6,off_axis,107.87676922809372,12.44
567,7.802852277564683,22.348758492975264,65.55803799489075,22.040930088,1.739323784972567,0.6859301830566198,0.2386480908152735,0.4778041341917994,0.9973603167619886,0.0742207315978411,0.1119553959053024,1.1256464745857937,-106.20986156931932,0.104337732067963,0.4994684510609021,False,False,False,False,pachytene,6,off_axis,109.6861749075138,12.44
531,7.508393742845902,21.365001983975784,61.6227550934759,36.889704828,2.0650893975931552,0.6232989952944169,0.2463104325699745,0.5180621201890614,0.9986211123027424,0.0859066549457617,0.0808736362354354,1.202445779842935,-107.49115320313516,0.1068187884280198,0.4754457486296934,False,False,False,False,pachytene,6,off_axis,110.04002563039404,12.44
378,4.8978814860301565,28.28921025483603,69.3669646607316,7.640198945999999,1.221814719068452,0.6352471599631563,0.0286181520850368,0.5765993265993266,0.9958419958419958,0.1102004879660174,0.0851487599496464,1.185320121784301,-99.99598334120665,0.1078225799568496,0.0496326491635383,False,True,False,False,mitotic,6,off_axis,104.61426456179402,12.44
134,3.512277839286594,21.800712376901,61.08854579569861,40.25589625799999,2.1260834017509804,0.6401142124584814,0.2131481717416231,0.5361075129533679,0.9998706338939198,0.0807087404244039,0.0676178175087769,1.4600649970612876,-107.0974938164495,0.109045178739872,0.3975847504307654,False,False,False,False,pachytene,6,off_axis,109.53539012530021,12.44
163,3.2115858668858444,27.8988334428922,67.26109285127285,17.128870955999997,1.5991162728336306,0.5999726102437688,0.053160453808752,0.6306059568640876,0.9996987951807228,0.227055263098212,0.2203817563843635,1.4867216021294627,-100.54597590308215,0.1115007117077048,0.0843005893460177,False,False,True,False,TZ,7,off_axis,104.55365325905957,12.44
438,6.551438535309385,28.14972249346093,67.37134960767165,16.143644195999997,1.5678493223811754,0.4423132810229584,0.0911674165285342,0.6050026055237102,0.9785061794734012,0.2246820838050453,0.1111628102926287,1.225765368158935,-100.28740230622462,0.114620564985318,0.1506892957090931,False,False,True,False,TZ,7,off_axis,104.33000506178183,12.44
357,5.054774535809005,27.876333819628773,66.07999668434898,10.612299672,1.3632441162612523,0.4392130857648099,0.0294567712318286,0.6271186440677966,0.9755164498852332,0.3263511998953958,0.1583758014350882,1.0939511304308691,-100.65857058969833,0.1160970445226384,0.0469716081804835,False,True,False,False,mitotic,7,off_axis,104.3459422128478,12.44
310,4.7093947606143525,30.36556636178817,68.19835413279226,20.774209968,1.7053438885592649,0.6382113821138211,0.0410056869200837,0.6582397003745318,0.9973533303925892,0.0942639558447429,0.1036261984417357,1.308736175707766,-98.01489340871755,0.1174447585341814,0.0622959795599565,False,False,True,False,TZ,7,off_axis,102.33395311231322,12.44
580,8.345286917819248,24.658658464472985,61.35207911301849,14.757289398,1.5216192536658046,0.5957717374026387,0.1489290495314591,0.5367675973259929,0.9942833809718252,0.1641070941610193,0.1375853860673258,1.3712718300115898,-104.22776968463883,0.1205434014149887,0.2774553648047623,False,False,False,False,pachytene,7,off_axis,106.74084656991425,12.44
47,2.843866438664388,24.93669150391513,61.60176323463228,26.063939358,1.8392911551552675,0.6492664926649266,0.0166540499621499,0.6959199384141648,0.9998313374936753,0.1738647270622328,0.2090175666478282,1.4437172593884282,-103.93148790877537,0.1209980856233678,0.0239309855097707,False,True,False,False,mitotic,7,off_axis,106.5010503407648,12.44
523,7.229090017169621,27.47451729212668,65.03416328182462,19.127473812,1.6590380076103113,0.5160657346087809,0.0957836846929423,0.6104916371008616,0.9990053050397878,0.1046727847582042,0.0625640508120039,1.13593081980224,-101.13904989500055,0.1211953828058679,0.156895981651453,False,False,True,False,TZ,7,off_axis,104.5485795707702,12.44
486,6.404061688807418,31.28816601007829,67.05337695831311,15.362500121999998,1.54214222990106,0.570774163994503,0.0471186440677966,0.5980078263963002,1.0,0.1352302820799843,0.1375250490935978,1.1265121641545814,-97.18238931879775,0.1242327498564915,0.0787926879682191,False,False,True,False,TZ,7,off_axis,101.19236944673753,12.44
377,5.600411280846114,25.801703473855326,61.58262040981159,31.940113248,1.9682606685213788,0.5494271445358402,0.1459000417652791,0.5563162184189079,0.9949238578680204,0.0823884004614421,0.0704259230977363,1.191961761930189,-103.07046124045083,0.1262628085155824,0.2622609892264833,False,False,False,False,pachytene,8,off_axis,105.64226505115063,12.44
453,6.55732059542315,28.396628138191076,63.16720814263607,21.116693556,1.7146642880630472,0.5427682737169518,0.1253718657033574,0.5692419825072886,0.998217468805704,0.2255368842355366,0.1950576693188443,1.0569747790704165,-100.36214643184863,0.1294571392829079,0.2202435336043616,False,False,False,False,pachytene,8,off_axis,103.32119606483367,12.44
214,3.7723549032688566,31.066638892595908,64.12523195463696,17.58160611,1.6130827449477487,0.6490993995997332,0.0848990953375087,0.5551330798479087,0.9992119779353822,0.1038787211719836,0.1327869257244531,1.2170675692879287,-97.62679430509758,0.1295872960967068,0.152934671738115,False,False,True,False,TZ,8,off_axis,100.85216456081743,12.44
578,8.336585365853718,27.286067205009942,61.39223231707305,14.234180904,1.5034233482333974,0.5641067897165458,0.0787182166492511,0.5799621928166352,0.9915718499789296,0.2111159913599496,0.1583113215460769,1.037434461483074,-101.60496226807636,0.1309063362854669,0.1357299107152994,False,False,True,False,TZ,8,off_axis,104.14596400050807,12.44
48,2.6444430250383384,28.732302669902143,62.41540121359209,36.725500368,2.062020779295182,0.6404573326520184,0.2218689521703069,0.5386391899093977,0.9980433263452132,0.1604529137705327,0.1441307480714425,1.396494387893129,-100.08484164870991,0.1314266949725943,0.4119064418755466,False,False,False,False,pachytene,8,off_axis,102.86992404429228,12.44
164,4.244274809160292,30.26060847873432,62.802366902945565,8.604313703999999,1.2711863151690388,0.4855507088331515,0.0440729483282674,0.539480657127716,0.8158347676419966,0.4529786712267298,0.1127546356455933,1.173179453950164,-98.53145566569054,0.1327374697925369,0.0816951409581932,False,False,True,False,TZ,8,off_axis,101.42270447969686,12.44
559,7.83822988505715,31.590997965518337,64.77005982758614,20.4082686,1.6952711999184422,0.5593103448275862,0.1890862944162437,0.5198226395409494,0.9707582454947296,0.1223159582275391,0.0437808874718931,1.0680255973226558,-97.05474136694266,0.1327437819988425,0.3637515568448963,False,False,False,False,pachytene,8,off_axis,100.45229717063674,12.44
213,3.524846500204668,27.46783686041775,57.78622902169507,22.922942616,1.7622218668880731,0.7238027015963979,0.2135780885780885,0.4316413486476472,0.9978490418459132,0.0538464806596566,0.0644060299732603,1.5190798524488016,-101.69899256592016,0.1354514407603137,0.494804515941855,False,False,False,False,pachytene,8,off_axis,103.50589008966342,12.44
454,6.1658369288639445,34.24939873879818,64.86136003982716,21.203487342,1.7170102799196651,0.5917690009956853,0.2202028740490279,0.5097560975609756,0.9917233224948272,0.0869656444369906,0.0752291922046592,1.15290050760125,-94.39712796667385,0.1388771062689759,0.4319769299526385,False,False,False,False,pachytene,8,off_axis,97.8574172010655,12.44
485,6.396675629430368,28.835119872890992,58.83437870936184,19.193155596,1.6609348269109234,0.698240039110242,0.2939662567915356,0.4370190360469825,0.9974424552429668,0.0394559284585333,0.0433243268012043,1.0785481795870142,-100.25568707928673,0.1416855934380264,0.6726623614627447,False,False,False,False,pachytene,9,off_axis,102.26974333290143,12.44
501,7.095515602397148,31.241080998140493,61.95558989460695,22.702439484,1.7565531926000284,0.5526968381897086,0.145985401459854,0.5544005544005544,0.9900455062571104,0.2222598966372229,0.1949291115977194,1.1261354710882026,-97.61848402238331,0.1420913985485442,0.2633211678832118,False,False,False,False,pachytene,9,off_axis,100.32013847326851,12.44
165,3.485059939166272,31.3307792002152,59.52990762211374,26.221106484,1.8429807610731288,0.5687958489890856,0.0383080606544293,0.6968879668049792,1.0,0.1104773125417249,0.0849878384902369,1.255046988856481,-97.71421557668346,0.146931639943994,0.0549701852796515,False,True,False,False,mitotic,9,off_axis,99.88260993940833,12.44
189,3.460276372129286,35.00342210003806,61.89954161152234,24.105214728,1.792011524918233,0.6714674970805761,0.2121353558926487,0.503850710900474,0.9989866234292664,0.1099014863189919,0.1251444943754043,1.2999804434236557,-93.87139952930909,0.1478372572183309,0.4210281960573675,False,False,False,False,pachytene,9,off_axis,96.59633186619448,12.44
279,4.784502358672876,30.264778802875917,56.22722264326177,30.333255318,1.9346844325011925,0.7004872012992034,0.0567462250365319,0.624580428608314,0.9998645903859174,0.1076424612226206,0.1624269956941898,1.24420636628192,-99.02922082687704,0.1493043467677642,0.0908549522804829,False,False,True,False,TZ,9,off_axis,100.5614708762649,12.44
568,7.954830653972345,30.89153121585773,56.26763941002163,15.029399645999998,1.530914751663065,0.6856563134072109,0.045045045045045,0.6012909632571996,0.9997072599531616,0.0615268494359849,0.0700608084347219,1.0533237672790696,-98.4012119322945,0.1563372250210052,0.0749138899427916,False,False,True,False,TZ,9,off_axis,99.94177062158613,12.44
216,3.604804323891472,37.57516791112085,63.30482414172874,23.436667998,1.775289098422433,0.5916324692223001,0.21794134560092,0.5058823529411764,0.986122231118228,0.0849941353944433,0.063642298625031,1.5004289983108023,-91.19988346732934,0.1569005629908993,0.4308142878157722,False,False,False,False,pachytene,9,off_axis,94.30153834458318,12.44
560,7.555891631100741,34.43139154759638,59.88505674522048,25.282795284,1.820729768824567,0.5581740582668399,0.1724018074383038,0.5304493910121798,0.9901612462421426,0.0642608651891374,0.0429337085431669,1.0836210656981005,-94.59553963002033,0.1575149191126796,0.3250108499688054,False,False,False,False,pachytene,10,off_axis,96.85896415083535,12.44
569,7.604557438794802,32.654550734463704,57.74072627118695,12.456081179999998,1.438017838814013,0.656497175141243,0.0,0.5942982456140351,1.0,0.062740949809774,0.055298837756436,1.0542184991914143,-96.53088644863006,0.1584030661923934,0.0,False,True,False,False,mitotic,10,off_axis,98.34732148459751,12.44
215,3.585446788338475,34.50838702299077,58.44997718653717,19.793674764,1.6780797896019806,0.6181559611282295,0.1689450606138767,0.5102420856610801,0.9953106682297772,0.0542945803521307,0.0531387704582022,1.275594685671557,-94.62831772940326,0.1604490228991871,0.3311076552906999,False,False,False,False,pachytene,10,off_axis,96.59248155881494,12.44
421,5.485577038549176,37.25128522877413,60.33386887234197,19.533293406,1.6706890317264227,0.4736399663744446,0.0782334384858044,0.6367784622404745,0.9911764705882352,0.1296852943933947,0.0674547378215298,1.1171186282689896,-91.74961334133,0.1609176630850054,0.1228581730144324,False,False,True,False,TZ,10,off_axis,94.13318971753534,12.44
439,6.25242399342659,39.547086513969134,62.62377420912257,22.838494608,1.7600551984733932,0.5094494658997535,0.1885830784913353,0.5443886097152428,0.9895344640923854,0.1364001849837,0.06097321050203,1.4107176840657831,-89.28570764644581,0.1620320751168266,0.3464126087979299,False,False,False,False,pachytene,10,off_axis,92.23984424472641,12.44
108,2.8378552837062747,39.4750850286314,60.55380549713568,22.53119769,1.7521255510514222,0.6643414888079126,0.2320152453549309,0.4609181141439206,0.9982002249718784,0.1829341963036368,0.1789383550087574,1.4015858467914324,-89.51551314866951,0.1668035501552298,0.5033762792895674,False,False,False,False,pachytene,10,off_axis,91.96836881968989,12.44
280,4.318938005024899,34.85747315135377,54.72278323487469,34.546272605999995,2.0204007860739583,0.603313641610647,0.2035446489434219,0.5205409106470387,0.998122226015705,0.0763674029005278,0.0723493253257663,1.1956439438594804,-94.56477103176637,0.1688508758814743,0.3910252677170243,False,False,False,False,pachytene,10,off_axis,95.84892504614044,12.44
545,7.429278935311567,34.229758514235506,54.259883091522326,21.503746926,1.7250771010730448,0.6162321370131996,0.0112422709387296,0.7009664582148948,0.9993311036789296,0.1728043893868544,0.1665175078063305,1.0270681895960905,-95.22599023334547,0.1700626611704728,0.0160382437803937,False,True,False,False,mitotic,10,off_axis,96.43518428962284,12.44
570,7.902860180754638,38.17064303030443,60.41546303030186,22.06204209,1.7398789474057257,0.4574162679425837,0.12709544988026,0.55633940819126,0.9539730785931394,0.405243542038136,0.1557271523167597,1.1326482217700224,-90.82670951044778,0.1713346594913526,0.2284494824723377,False,False,False,False,pachytene,10,off_axis,93.23640712974712,12.44
281,3.972434960537799,41.36319216603237,61.53694007600141,16.049813076,1.5648058335626551,0.5681087401344636,0.2292644757433489,0.4267343485617597,0.9919646444355162,0.1404634330473851,0.0999484345637593,1.647923333644505,-87.55786626632447,0.1737948076118251,0.5372533908180779,False,False,False,False,pachytene,11,off_axis,90.26358890048003,12.44
475,6.4494841269842444,41.0660277380942,59.55589979166565,23.64544224,1.7805449580338937,0.5173611111111112,0.21822272215973,0.5144912641315519,0.970953002610966,0.1090780733758102,0.0687996188017326,1.1075393239324276,-88.00538922901625,0.1758367814725922,0.4241524344015528,False,False,False,False,pachytene,11,off_axis,90.24543153382915,12.44
502,6.69644324216002,39.51663116922195,57.55306789900903,23.413210218,1.7746966046032986,0.5803025748922954,0.1762045231071779,0.5306755788971115,0.9925469031097404,0.1527942490713638,0.1256834931530857,1.0837373252916076,-89.70315395711287,0.1761581465829244,0.3320381229401567,False,False,False,False,pachytene,11,off_axis,91.51170993988339,12.44
70,2.734319415839763,37.81539548773774,56.46886231043027,37.58640089399999,2.07800877630684,0.6604880484303813,0.1962174940898344,0.5595588235294118,0.9979539641943734,0.1005896750165032,0.1072473053816266,1.2839522730568804,-91.48219005737666,0.1763426780045911,0.3506646412117935,False,False,False,False,pachytene,11,off_axis,93.07627954859385,12.44
344,5.675034600234177,43.13306633663399,60.644494921749214,22.033892754,1.7391386520510013,0.5643564356435644,0.1719951436665318,0.4863147605083089,0.9940880874963052,0.1265889316196173,0.1243545942514638,1.3985466869400602,-85.8612825006187,0.1786849843300337,0.3536704160218332,False,False,False,False,pachytene,11,off_axis,88.37070704727124,12.44
258,3.938579350409298,37.86460555849068,53.5514902165292,17.766922572,1.6187304393476551,0.6188275679957751,0.1680115273775215,0.517492206442674,0.9956071540633824,0.1205255341824995,0.1236972325157439,1.2946670776396865,-91.65582546963513,0.1819331554492612,0.3246648457422388,False,False,False,False,pachytene,11,off_axis,92.75537740989198,12.44
71,2.8792563985074366,42.34571116711302,58.10564030896161,35.836450506,2.04524556416097,0.6473784119918833,0.132947046515371,0.5370335994059774,0.9994402462916316,0.141574159681617,0.1488160096538989,1.3788736757626612,-86.84014746238694,0.1819933695518132,0.247558154019462,False,False,False,False,pachytene,11,off_axis,88.77606629198672,12.44
396,5.753706505295083,36.9763670953102,51.90465919062049,18.606711096,1.64384299401823,0.60148764498235,0.1859387071851661,0.4856058209427396,0.9960291197882196,0.0830054331626399,0.0631203667277476,1.2994088466966789,-92.66718542544547,0.1841758056703026,0.3829004908223519,False,False,False,False,pachytene,11,off_axis,93.5287238653753,12.44
546,7.93990429255046,38.58119237197473,55.43636513820438,32.843237777999995,1.9866397387114625,0.5538175844582529,0.2076357179096905,0.5770769969585401,0.9965224111282844,0.1230291520402017,0.1107688933743032,1.0468360570723083,-90.79744487243347,0.1867345990225513,0.3598059167217299,False,False,False,False,pachytene,11,off_axis,92.20759626376626,12.44
440,6.164609127880773,44.40413536376116,57.31463072752019,25.95603357,1.836749397083688,0.5028468142792589,0.1689076899833811,0.5511725140883476,0.99008059516429,0.0496869664294487,0.0371240341041223,1.1259408461967035,-84.84811239279632,0.1920644023452425,0.3064515839705078,False,False,False,False,pachytene,12,off_axis,86.63253406064517,12.44
487,6.7443074568488655,39.7903003231021,52.521190468497416,27.588695057999995,1.87448016763491,0.6068361533883173,0.2030334367459496,0.498053633217993,0.9929802169751116,0.0795753049310431,0.0296844247796413,1.0900410972963297,-89.81439910993618,0.1926895735271404,0.4076537609697226,False,False,False,False,pachytene,12,off_axis,90.75974715354201,12.44
109,3.206044480829448,41.130090953744215,53.31458718788264,34.38441392399999,2.017240469565699,0.6393778141629145,0.1474193548387097,0.5527809307604994,0.9998516980572444,0.0983924984458122,0.10205884136756,1.265200679853021,-88.41795272838472,0.1948614553665343,0.2666867589587336,False,False,False,False,pachytene,12,off_axis,89.48135753741586,12.44
488,6.386847677170166,43.39844971976651,54.743714385351616,18.834251562,1.6505166858502311,0.5521235521235521,0.1480691779199241,0.5828698553948832,0.9912854030501088,0.1295074591910079,0.0944625132752026,1.109883677112815,-86.0471182450209,0.1954895190320832,0.2540347155534576,False,False,False,False,pachytene,12,off_axis,87.34579329488757,12.44
217,3.965848747955275,46.51494539448805,58.70437136655299,37.283795532,2.072417111144481,0.6152007046684284,0.1974806455845689,0.5021255722694572,0.9951945434816308,0.0429683191433877,0.0430683880415683,1.5250731435694806,-82.63737356647651,0.1958234502881317,0.3932893612488516,False,False,False,False,pachytene,12,off_axis,84.73057459665765,12.44
455,6.281714635639828,46.19613762400485,55.20210830373465,19.15327737,1.6597837037056444,0.6426209430496019,0.1943677526228603,0.4753255654557916,0.9935483870967742,0.1429560065046186,0.1394248318650552,1.0582770605967116,-83.222601499213,0.2032269191346311,0.4089149979477335,False,False,False,False,pachytene,12,off_axis,84.60821116754248,12.44
282,4.590032177332714,41.87739134072136,50.02685598856014,32.805705329999995,1.985882689174768,0.6267429388630676,0.1328903654485049,0.5408045977011494,0.9990262901655308,0.0762270449765243,0.0801788554543295,1.330944254551307,-87.92380667958844,0.2035945447876906,0.2457271369611037,False,False,False,False,pachytene,12,off_axis,88.53898802654847,12.44
524,7.187465410216043,45.19077700246905,52.19736825218777,31.365397638,1.9563838218647749,0.5879889312691646,0.2279988789237668,0.5362134688691232,0.9963629402756508,0.0280947665966255,0.03299757093595,1.1736326502406629,-84.45439984887516,0.2084334600782496,0.4252017007417167,False,False,False,False,pachytene,13,off_axis,85.34976211191187,12.44
331,5.430691418407911,49.62214867163195,57.23147569475419,42.205237776,2.159861554100048,0.6630724766562917,0.2336283185840708,0.4439129000329924,0.98965307364577,0.1502496851508845,0.1721034847747005,1.3138196654783458,-79.65167241224285,0.2108707817770074,0.526293150225432,False,False,False,False,pachytene,13,off_axis,81.44800817923084,12.44
73,2.358991981672398,48.00098438880543,55.28593603338211,14.335049358,1.506966256274854,0.6895761741122566,0.0114643043251693,0.6225619399051133,1.0,0.0753899554238809,0.0869717565457547,1.2158084553529696,-81.41662195750135,0.2121648319357368,0.0184147208339087,False,True,False,False,mitotic,13,off_axis,82.82248755388383,12.44
72,2.7277452974071896,45.79868390315237,53.62630453101029,36.91316260799999,2.06552702780834,0.6859430604982206,0.233679640254303,0.5030352084176447,0.9992470824444724,0.1009642573255207,0.1254525221843247,1.2588950434444568,-83.73918679645219,0.2131227976506032,0.4645393331201791,False,False,False,False,pachytene,13,off_axis,84.85386694202633,12.44
548,7.731030665338087,49.23442929259367,55.48253480571205,21.189412674,1.7166302842715535,0.6218310638768958,0.2733460965751968,0.4900468384074941,0.998145204027557,0.1645441383067175,0.1495529886456285,1.1755876257585105,-80.17176844802441,0.2137975426940007,0.5577958577663514,False,False,False,False,pachytene,13,off_axis,81.61811558564453,12.44
422,5.928983707167262,44.40794538613426,49.34044977716091,32.106663485999995,1.971675873871272,0.6219039964930226,0.2522756827048115,0.4842512077294686,0.9982378854625552,0.0309006385238378,0.0278593639482869,1.1351730004698408,-85.45303432983599,0.2154471417492488,0.5209603583389463,False,False,False,False,pachytene,13,off_axis,85.98407294394774,12.44
547,7.455350106092462,48.22133004698237,52.94297532585569,30.954886488,1.947811245349256,0.6080630494089119,0.201112140871177,0.5090873936581594,0.9968881566904632,0.0632811112723586,0.0763261938505465,1.0787136342047547,-81.3757725975776,0.2163234762624238,0.3950444331886545,False,False,False,False,pachytene,13,off_axis,82.38290647033512,12.44
135,2.9647122889816693,50.62198349972907,55.76488687602135,12.922891001999998,1.455761928261425,0.6825195135233255,0.0326327433628318,0.5734705546026301,0.9989676531314522,0.1371680413363399,0.1655806844987846,1.3009980303862925,-78.76670920426024,0.2165521802511661,0.0569039562727745,False,False,True,False,TZ,13,off_axis,80.27205148509503,12.44
503,6.746809976574679,47.49434791235901,48.80913259611344,34.046621892,2.010612937706324,0.5690367920628359,0.1721810481736368,0.5619504396482814,0.9916485112563544,0.2002485248164773,0.1432409134088302,1.0840301964311347,-82.4161964520555,0.2250232694572657,0.3063989918424178,False,False,False,False,pachytene,14,off_axis,82.88214164071607,12.44
457,6.578680831313144,52.77270615749509,54.888284188540446,45.486981198,2.214451477923496,0.6216285905832603,0.2370008319467553,0.4409159056835219,0.966210886142519,0.2235239018439809,0.1830775127735653,1.126718522692027,-76.68917886565212,0.2273398279028821,0.5375193520844959,False,False,False,False,pachytene,14,off_axis,78.03580826091174,12.44
242,3.74613980177357,52.92083454616545,54.32870629890292,17.987425704,1.6253995478511492,0.5914188836724048,0.2084386053562404,0.5020746887966805,0.9869346733668342,0.160498687214167,0.1305278501819641,1.2708095566067314,-76.58419890066196,0.2279091832667962,0.4151545776103633,False,False,False,False,pachytene,14,off_axis,77.82921645354244,12.44
218,3.5540180489901485,47.627740706917365,46.892271078641215,21.834501624,1.7338767566662694,0.6468629136226902,0.0225988700564971,0.7009431092181321,1.0,0.0729066105445876,0.0820948063625561,1.1493314295926491,-82.42951932828501,0.2302888554828911,0.0322406622724419,False,True,False,False,mitotic,14,off_axis,82.71403686974095,12.44
110,3.230392226905764,51.2956369364876,51.870446324212665,32.83385466599999,1.9864505304207196,0.6575694791741087,0.2138756765622437,0.4967661172543292,0.9978264244682504,0.0668630219505085,0.0568812272012562,1.2207008146557048,-78.39230926391491,0.2315893850997504,0.4305359587412155,False,False,False,False,pachytene,14,off_axis,79.23690213363264,12.44
533,7.473668721972773,52.44700678251124,52.159448731782845,33.478943615999995,1.9993755591380853,0.617082399103139,0.2069365839500798,0.5246111619396158,0.9942847811887656,0.1731636944065702,0.1680621181890052,1.120020672989857,-77.22223755904997,0.2324343636691175,0.3944570740450597,False,False,False,False,pachytene,14,off_axis,78.10933418578706,12.44
549,7.385746509784489,50.41826841431554,49.37119895141134,38.477796534,2.0943078866179783,0.5871486923123819,0.1942891136228435,0.5645304193738925,0.9916728624535316,0.1808832739798425,0.1189403985314922,1.0795730952775076,-79.45790145270296,0.2332077765661398,0.3441605747982988,False,False,False,False,pachytene,14,off_axis,79.97881483716922,12.44
74,2.9346252238422936,49.30173259785095,49.56422641980031,36.678584808,2.0611423516608536,0.6286774111025838,0.2059628008752735,0.5365139510850844,0.998248430886002,0.125166542209687,0.1109087929413292,1.3045442963742049,-80.55644430950753,0.2347335248509031,0.3838908577469785,False,False,False,False,pachytene,14,off_axis,81.10198539505649,12.44
49,2.4441320446842507,54.48226771683018,52.3221809213003,18.688813326,1.6462572690157136,0.6102673528304254,0.0139726897427754,0.6792270531400966,0.9992040328999736,0.1107159886583718,0.1035859547403812,1.417565287719543,-75.18049288188367,0.2374810561540732,0.0205714564491786,False,True,False,False,mitotic,15,off_axis,76.09246015277604,12.44
456,6.328894153482048,49.13618373804858,45.042326448939335,27.724750182,1.877556482532045,0.6510703105169642,0.0252895296620184,0.6745877788554802,1.0,0.182318066126021,0.2083658535293208,1.3281067362404049,-81.06669600797478,0.2412223387051514,0.0374888642437685,False,True,False,False,mitotic,15,off_axis,81.21434470351227,12.44
572,7.814144084600195,56.10637901520224,54.11531966291987,14.196648455999998,1.5021007846756975,0.6115333773959022,0.1250465202828433,0.4704381114419396,0.9964200477326968,0.2526416438457416,0.2598425743925413,1.2305681179200074,-73.42423866870314,0.2419872513949259,0.2658086520659717,False,False,False,False,pachytene,15,off_axis,74.63866741831568,12.44
358,4.941863743148015,56.34961794831773,53.3416426938122,29.95558506,1.9266214844820149,0.6028974158183242,0.1478743068391866,0.5734569118517058,0.9918684161892442,0.2395522575566789,0.2173085666187568,1.1183016760967022,-73.24076924937006,0.2430588748188932,0.2578647214516903,False,False,False,False,pachytene,15,off_axis,74.31998186027661,12.44
332,4.936131441374106,53.09957088125363,49.43554489917838,31.40996742,1.9573100477734904,0.6480209111277073,0.1787767903815995,0.5206874602164226,0.9937918640744976,0.1407710184066814,0.1573191383493263,1.1157501271298362,-76.77951077675607,0.2455891377214996,0.3433476010873996,False,False,False,False,pachytene,15,off_axis,77.30203411148331,12.44
571,7.74664409480184,56.510361939853446,51.82453736307542,23.556302676,1.7783046832223768,0.5972913762198765,0.1599501454092231,0.5195351137487636,0.9968003937976864,0.052476821789056,0.0545628910820813,1.170900256547564,-73.19630475925989,0.2473565852581306,0.3078716744573528,False,False,False,False,pachytene,15,off_axis,74.03233087936614,12.44
219,4.119894671194081,52.48891469752616,45.16971536969119,33.851922318,2.0067729671589265,0.6322500173238168,0.1233894945490584,0.570944036178632,0.9987795575896262,0.0828699530133445,0.0977971684354993,1.3341122037261772,-77.71402351281148,0.2511764155543132,0.2161148671854301,False,False,False,False,pachytene,15,off_axis,77.86003181723986,12.44
283,4.226195081514095,56.59849571705007,50.222062641614976,25.468111746,1.825167439533342,0.6223634521506862,0.1555097837281153,0.5336585365853659,1.0,0.0686031931653963,0.0869639394745004,1.3072711371201922,-73.23075541331504,0.2514647056970094,0.2914031596367791,False,False,False,False,pachytene,15,off_axis,73.84309258835869,12.44
550,7.777470187393466,56.24510685690012,49.040274084326505,22.031546976,1.7390769323173965,0.622125212947189,0.2416666666666667,0.4761904761904761,0.9914323962516732,0.1492343689765278,0.1410919917863724,1.2440604900798222,-73.67332669454261,0.2522584355358088,0.5075000000000001,False,False,False,False,pachytene,16,off_axis,74.14371695926897,12.44
561,7.589093701997316,53.61207672810927,45.45018073156746,24.433623648,1.8001129529776414,0.6473694316436251,0.0457261626396466,0.7048734004900626,1.0,0.0779538971332987,0.0944044910707446,1.1896315340585837,-76.57272900416189,0.2535838155548736,0.0648714543744388,False,False,True,False,TZ,16,off_axis,76.7331993620297,12.44
359,5.450621200105831,58.51560935765267,55.40567022204555,17.748156348,1.6181603132322238,0.668517049960349,0.276399307559146,0.4685007974481658,0.9977004886461628,0.1308931906007704,0.156029728033148,1.5016420430406932,-70.92353737503508,0.2552770388375129,0.5899655007305006,False,False,False,False,pachytene,16,off_axis,72.3930124688492,12.44
190,3.596298875733716,59.57826408317458,51.23102892249624,23.577414678,1.778835784702402,0.6132723112128147,0.1555507277862263,0.5418060200668896,0.9992860542598764,0.1138785534757169,0.096272427927364,1.3165016443430255,-70.18266074373615,0.258968678613715,0.2870967136301338,False,False,False,False,pachytene,16,off_axis,70.9298788473855,12.44
166,3.41843102945462,60.19487077865141,54.01347483231088,24.131018286,1.7926507197185106,0.6082434140176922,0.2162582652664333,0.4972704714640198,0.9980838323353294,0.1087910384269922,0.0975654765922769,1.5704204492113272,-69.35545113124553,0.2599283883388507,0.4348906232653324,False,False,False,False,pachytene,16,off_axis,70.5625112930737,12.44
573,7.903824793041662,59.58404300534306,51.105252687835176,22.385759454,1.7483474367238292,0.5420727234622236,0.2133213321332133,0.5352402745995424,0.9909629167965098,0.0841933306940853,0.0507368625367519,1.0638887804091917,-70.18649999783798,0.2600809683819055,0.3985524674741951,False,False,False,False,pachytene,16,off_axis,70.9155686598853,12.44
526,7.611921720489363,60.78018276744156,54.15902437590702,33.922295658,2.0081626033395654,0.6126823871101583,0.191541570438799,0.5368684163542224,0.9963112005365526,0.0972943090562003,0.0689268214323575,1.3094032722149802,-68.76073627714776,0.2608219392395187,0.356775635526343,False,False,False,False,pachytene,16,off_axis,69.99677874824272,12.44
345,5.149467252812824,56.20353616720184,47.21374045898134,31.482686538,1.9588193792708488,0.5021235377393637,0.1663131628197131,0.5769230769230769,0.9914850989231154,0.1413316725381799,0.0685580961572526,1.248139933176294,-73.85420721898794,0.2609807806017971,0.2882761488875027,False,False,False,False,pachytene,16,off_axis,74.14149524532313,12.44
525,7.348452189864845,57.96961757624432,46.52262296491593,20.459875716,1.6966989613466223,0.6210731483604678,0.2145912547528516,0.4468986384266263,0.9971363115693012,0.123614306598671,0.1329392297928536,1.3372017340705726,-72.14603650466813,0.2646648432472149,0.4801788063359342,False,False,False,False,pachytene,16,off_axis,72.37058829972756,12.44
551,7.6527966689796125,61.41495339347635,48.99500267175535,33.80266098,2.005799075521637,0.5376821651630812,0.2200889721376726,0.5367757430201141,0.9806070826306914,0.2099795453042073,0.1156537961844034,1.2446527209500962,-68.52202103824044,0.2713738863282611,0.4100203390327671,False,False,False,False,pachytene,17,off_axis,68.97577900136432,12.44
259,4.333029027886763,60.866600549174585,47.4992012980516,32.890153338,1.987585240002962,0.5416161472077599,0.1808564873821055,0.5551579274933873,0.979746835443038,0.2826503322909947,0.1786387046496459,1.5527223058605435,-69.18295805165522,0.2718510671423113,0.3257748442838544,False,False,False,False,pachytene,17,off_axis,69.48290361576287,12.44
379,5.469783518282732,62.70167101146221,55.29262706021405,25.789483332,1.8328123844324185,0.5211024195015463,0.2144136078782452,0.5101614434947769,0.985426989215972,0.1634356463396873,0.0878671422271551,1.7275975838094768,-66.75831948608706,0.2721360204460369,0.4202857950405663,False,False,False,False,pachytene,17,off_axis,68.22693109835546,12.44
311,4.9657801201128695,62.65441047922679,52.35643306777783,19.139202702,1.659377043465503,0.4252972177962986,0.1629775080328454,0.5581147366176157,0.9385382059800664,0.383633437858109,0.1405261068693136,1.1580691664900886,-67.0295808084921,0.2732618617105008,0.2920143428223202,False,False,False,False,pachytene,17,off_axis,67.95157295436435,12.44
75,2.497312546399393,63.04392242761789,52.5067424721606,31.59762966,1.961200363694062,0.6016332590942837,0.1544279861329971,0.5764070070816251,0.999146174863388,0.2770833181678796,0.2716936082779977,1.7279944728756955,-66.62973132171024,0.2734231374132006,0.267914831422458,False,False,False,False,pachytene,17,off_axis,67.57712286341122,12.44
506,7.180813552644674,64.40280889392292,54.0311398699873,23.816684034,1.7848328966700495,0.4686299615877081,0.1980080273524602,0.5468025949953661,0.971841704718417,0.2284341412246298,0.1039045893305632,1.237661592775146,-65.15844281101144,0.2755181958686107,0.3621197652767874,False,False,False,False,pachytene,17,off_axis,66.38307827045713,12.44
76,2.49570037666121,63.66240515954915,48.70569873498627,33.007442238,1.9899450660741853,0.6134603084357899,0.1366666666666667,0.5581908439051296,0.9970722186076773,0.1988281582628792,0.1811575756147683,1.5409884027152996,-66.30321152105024,0.2788016225444387,0.24483860342556,False,False,False,False,pachytene,17,off_axis,66.71919491598601,12.44
346,5.139265753424748,63.917888547945566,49.401629523287525,21.40522425,1.722438499837152,0.5137534246575343,0.1029114435907804,0.5954473743520396,0.9357484620642516,0.3282169671712189,0.1956045391444809,1.1789117003966183,-65.99534870267927,0.2789201620425901,0.1728304599592326,False,False,False,False,pachytene,17,off_axis,66.49217497192087,12.44
534,7.397661380746348,60.69181960595766,43.9053889956769,14.644692053999998,1.5177394108423403,0.6657055902610924,0.0426605504587156,0.5898418782942022,1.0,0.1004611304138543,0.1240592798511812,1.2077334948589231,-69.63156795689686,0.2798690594455779,0.072325401143249,False,False,True,False,TZ,17,off_axis,69.69106940751821,12.44
505,7.248276399937454,62.28650416471694,46.051006387458976,30.077565516,1.9292330386196892,0.529714553111839,0.2011128775834658,0.512603648424544,0.9768145161290324,0.1665709440781045,0.084364150482568,1.357618477181131,-67.87774764280267,0.2821522506768942,0.3923360245319635,False,False,False,False,pachytene,17,off_axis,68.05415264760285,12.44
220,3.68935536486778,63.7961038153329,45.5719733494084,33.077815578,1.991358279436109,0.610878661087866,0.1743906108937707,0.5113905595042828,0.9928868841082582,0.1164614498291115,0.0868270222318939,1.6205857599438631,-66.40912052332595,0.2862041240677516,0.3410125737612687,False,False,False,False,pachytene,18,off_axis,66.54844434624135,12.44
504,7.027775925308368,61.15885893631175,42.18871820606695,14.069976443999998,1.497619847524656,0.6933977992664222,0.0476437079233558,0.5736813485589994,1.0,0.1121462676622662,0.1584762937831563,1.1005486084785343,-69.29693598579975,0.286366202923291,0.0830490794986268,False,False,True,False,TZ,18,off_axis,69.30617970312929,12.44
574,7.402112461077884,65.21406923499524,51.14652143598661,38.421497862,2.093285961289947,0.6432016606630442,0.1769014084507042,0.5633127994524298,0.99396197327852,0.194367166517798,0.1973824568933294,1.2230241554583374,-64.5697512295521,0.2876147595517814,0.314037615730837,False,False,False,False,pachytene,18,off_axis,65.30232366381821,12.44
167,3.4510210767719194,66.31865281205474,51.51168805285636,21.480289146,1.7244495948880123,0.5548760511084416,0.1935100910170162,0.5166830225711482,0.977827763496144,0.0410239126773779,0.0234032051309523,1.3641416712413552,-63.440515169630956,0.2877270110526231,0.3745238038866847,False,False,False,False,pachytene,18,off_axis,64.22908935454734,12.44
398,5.459649500053605,66.86672083646809,54.7110151919133,21.818081178,1.7334419987121392,0.6039135576819696,0.1785953177257525,0.498642779587405,0.9916419520086276,0.1493546682352043,0.1259979650105048,1.3800008487414082,-62.64982099785329,0.2879239094564872,0.3581628473062996,False,False,False,False,pachytene,18,off_axis,64.02158809972664,12.44
535,7.364351370793432,65.88137178482808,48.26783235552556,29.348028558,1.9135072317558,0.541843178003357,0.2097063284158279,0.520062805303559,0.979607250755287,0.1471689307233417,0.1012337639007266,1.2990453110850702,-64.12414476104627,0.2896289613551231,0.4032326985842085,False,False,False,False,pachytene,18,off_axis,64.48715245942915,12.44
490,7.433540856030904,68.97897539299785,53.37855002334512,30.143247299999995,1.930636336383711,0.5266147859922179,0.1790823211875843,0.5467696860101924,0.9653884462151394,0.285442527811557,0.1427430283185281,1.3244102192400875,-60.6454454485672,0.2941555621492974,0.3275278892916644,False,False,False,False,pachytene,18,off_axis,61.76225268116269,12.44
458,6.514546117389887,65.40638535180383,43.99336304775872,32.172345269999994,1.973019468058368,0.573751367116296,0.1578795736099106,0.4921313718782073,0.9871280860941128,0.1485825318083297,0.0959381857552782,1.3286193727346844,-64.92404314539368,0.2974855436676043,0.3208077814819387,False,False,False,False,pachytene,18,off_axis,64.97636531081979,12.44
111,2.854155440414426,68.32863600000115,48.90246659067267,22.6367577,1.7548575599736194,0.6739896373056995,0.1760083813514928,0.4462809917355372,0.9909592061742006,0.1074332268086357,0.111287751145042,1.3671416809488828,-61.63557564405947,0.2976593896634472,0.3943891508061229,False,False,False,False,pachytene,18,off_axis,62.063873153686224,12.44
360,5.3908964050769335,63.80446031630095,41.48464999667623,35.301613122,2.0350198382381506,0.5953219483022127,0.2286257124762507,0.5221674876847291,0.9980945782089036,0.0495258997111451,0.0514083404192366,1.6118045581220657,-66.71280025104082,0.297681383253265,0.4378398078554613,False,False,False,False,pachytene,18,off_axis,66.71318963785149,12.44
441,5.226555793991419,55.1635404238197,32.173205069742814,8.745060383999999,1.2780800850792493,0.6368025751072961,0.0623268698060941,0.5132939438700148,0.9551681195516812,0.2620069737249607,0.1725009004579089,1.0545634031986877,-76.0393097850275,0.2986049532209542,0.1214252974351819,False,False,True,False,TZ,18,off_axis,76.50151363799044,12.44
77,2.4771633290464674,69.70629119052072,51.58059593055348,25.536139308,1.8267910555964584,0.5579643578908691,0.1301518438177874,0.566708229426434,0.9926632428466616,0.3133998900534684,0.2239305710874767,1.890394602174794,-60.05750134784733,0.3019203696870221,0.2296628795200561,False,False,False,False,pachytene,19,off_axis,60.85890056336417,12.44
312,4.845261261261248,69.52745845946069,52.39994029729748,26.0381358,1.8386839825912915,0.4518918918918919,0.1660041124057574,0.5738001314924391,0.9680930930930932,0.193261483496008,0.0753324190659841,1.325528467842682,-60.17326640702052,0.3022589624895971,0.2893065081285099,False,False,False,False,pachytene,19,off_axis,61.112739966562486,12.44
536,7.4179213523384435,68.73184525463957,46.01788867559639,32.749406658,1.984746031452496,0.574815557624812,0.1449150100835494,0.5293126684636119,0.9948463447222752,0.1190066802149899,0.0977449942679163,1.3679279623281362,-61.453741409605904,0.304250411940328,0.2737795989356936,False,False,False,False,pachytene,19,off_axis,61.609049895774845,12.44
397,4.822652885443595,52.41006395348855,28.18682403100847,5.446896516,1.0914910317447712,0.4926787252368647,0.0,0.497453310696095,0.9059674502712476,0.3795674548631868,0.15426937187992,1.0992519390295186,-79.08905819146337,0.308184934153205,0.0,False,False,False,False,pachytene,19,off_axis,80.01859717274425,12.44
112,2.851513035381665,69.61523243715179,46.55132814245768,20.154924576,1.6882270555128804,0.5613361266294228,0.1822521154263398,0.5104802334836827,0.984083982390789,0.2298390630992943,0.1329981000236422,1.4996145854205805,-60.53221096274486,0.3084493917922049,0.3570209059469203,False,False,False,False,pachytene,19,off_axis,60.725101305661795,12.44
221,3.945852550423438,68.48945080195585,42.49944876436872,34.077117005999995,2.0112130518090057,0.6459695738968816,0.158265139116203,0.4929029749173634,0.9962593516209476,0.0820265080793369,0.0801080244865886,1.5386040331010011,-61.96401387339485,0.3088115109259288,0.3210878147828923,False,False,False,False,pachytene,19,off_axis,61.9702927289996,12.44
507,7.729055297045922,70.66001329942635,50.01685666053532,21.677334498,1.7297065232870787,0.5104425927929878,0.028141783029001,0.6602564102564102,0.978853815507202,0.2355315683533792,0.1329059996634742,1.339157024714206,-59.22593243014153,0.3093338951057591,0.042622506335186,False,False,False,False,pachytene,19,off_axis,59.79253005476152,12.44
489,6.26513944223095,53.70186020916324,28.56811613545909,4.710322224,1.0398898423319929,0.3187250996015937,0.0,0.5387426900584795,0.2916666666666667,0.73155864725803,0.0273246347157335,1.0068857255094048,-77.7719247552571,0.3100462646251392,0.0,False,False,False,False,pachytene,19,off_axis,78.67401009464217,12.44
399,5.803225546326861,70.97967677606651,49.46835020562847,29.089992978,1.9078826957839816,0.525925328602532,0.1225373134328358,0.5739071270624256,0.9831103312129852,0.3424437819286681,0.1783198717080028,1.2143024605239072,-58.949072742661656,0.3130174022321008,0.2135141866246715,False,False,False,False,pachytene,19,off_axis,59.442174264193945,12.44
79,2.7418656056586066,72.5335898541102,50.54128073607591,21.224599344,1.7175799582228857,0.5586870026525199,0.103099730458221,0.5649887302779865,0.9783703703703704,0.2853870602328428,0.2011866118471774,1.6067661606111312,-57.317790073508355,0.314094212289795,0.1824810388828354,False,False,False,False,pachytene,19,off_axis,57.958156355800625,12.44
313,5.469555964012741,70.7514669826836,46.1808507884298,24.248307186,1.7955504218377123,0.4724775079810389,0.085220600570374,0.5908674124335228,0.9265805574439157,0.4054041040518961,0.189070010392606,1.2564685413781282,-59.42757275376619,0.3155670959793391,0.1442296508101334,False,False,True,False,TZ,20,off_axis,59.58877309201443,12.44
78,2.757734001631789,72.06657433267164,44.85651177293497,20.124429462,1.6873751766382137,0.5485487819093134,0.17700807479813,0.5352439969016266,0.9865819209039548,0.1408041906255785,0.0709565092934101,1.6593777675167531,-58.217398104872835,0.3204532387094903,0.3307053901076497,False,False,False,False,pachytene,20,off_axis,58.29256081259449,12.44
537,7.566739248775057,70.80825853293403,42.46534674741339,17.236776743999997,1.6024672004785323,0.5055797495917256,0.1605822550831792,0.4847233691164327,0.991011235955056,0.2687548763741725,0.1634550232754977,1.5303767728196347,-59.65457538558616,0.3204797989817179,0.3312863899586543,False,False,False,False,pachytene,20,off_axis,59.65835040456963,12.44
552,7.255832430480452,72.44809786926515,44.2890418562674,19.486377846,1.6693503916502477,0.5588058264114601,0.1927312775330396,0.4908594815825375,0.973236889692586,0.1938377643408124,0.1660443194162344,1.431330068822019,-57.880306461783746,0.3207643127040411,0.3926404292154477,False,False,False,False,pachytene,20,off_axis,57.92857568406805,12.44
314,4.632842998585578,73.24782420084723,48.84783420084804,16.58465046,1.5819979065769425,0.3811881188118812,0.0870200333889816,0.6002285714285714,0.7218406593406593,0.7319170793012423,0.1379118165907288,1.3948307050160795,-56.734911515138855,0.3219114604566035,0.1449781592067002,False,False,True,False,TZ,20,off_axis,57.14679092631791,12.44
380,5.600914707534397,71.67009498515453,41.4414473000068,29.235431214,1.9110569597111955,0.5916713471876756,0.2028508771929824,0.4576537630182747,0.9867266110040676,0.2233357473517852,0.1826431931155975,1.6761434896155043,-58.87341454514282,0.3238616412521721,0.4432409248755207,False,False,False,False,pachytene,20,off_axis,58.87488126577921,12.44
491,6.278689618997748,73.6876122979363,46.45445639216023,49.193310438,2.2730333789729547,0.6680177387821278,0.1783311695975451,0.5581729388106866,0.9956987359550562,0.4082505582129472,0.4790282845236862,1.398388991030752,-56.479108687857625,0.3247975162117539,0.3194908910803163,False,False,False,False,pachytene,20,off_axis,56.652484000993304,12.44
50,2.321815141380429,73.78242083460049,47.39680022043068,30.861055367999995,1.9458411709339472,0.5738826391000305,0.247112543647596,0.5214056368176954,0.9856536674075572,0.2326866376870584,0.1547375220428873,1.933905700362612,-56.31264158822743,0.3257001983744734,0.4739353129279587,False,False,False,False,pachytene,20,off_axis,56.567265726318496,12.44
400,5.920435850870657,75.35801149449999,49.04686142506091,21.958827858,1.7371614436505534,0.4170494605277214,0.1030571992110453,0.5746747297049661,0.927886809675947,0.4597481916764062,0.1749009930435639,1.6636179634071386,-54.61568847027173,0.3299735220952551,0.1793313571730467,False,False,False,False,pachytene,20,off_axis,55.04808917269442,12.44
243,3.933833248601936,73.87560343162215,41.84649783934791,18.456581304,1.6394098884058537,0.5213523131672597,0.2159067249635644,0.4357408390865639,0.9883512544802868,0.0969133761270311,0.0602724902790776,1.7674983168248,-56.643421390610484,0.3306544262202931,0.495493434620831,False,False,False,False,pachytene,21,off_axis,56.643707607659636,12.44
113,3.034911124425709,76.28505350509357,48.84670668064626,23.490620892,1.776650335429428,0.4981026562812063,0.1274305555555556,0.5399920413847991,0.9834874504623514,0.2858355049681225,0.1430265334082878,1.705378748988358,-53.70663056921393,0.3307085156572953,0.2359859882911652,False,False,False,False,pachytene,21,off_axis,54.11257510797634,12.44
80,2.54031360647448,74.57657420333915,43.38049534648557,13.912809318,1.4920226217801824,0.5334682178384758,0.1406832298136645,0.4694615106613661,0.8683962264150943,0.5270532991606739,0.2314992482021931,1.7740172533231648,-55.82739601334401,0.3322085848335808,0.2996693586562046,False,False,False,False,pachytene,21,off_axis,55.84243560650758,12.44
136,3.388856978747836,75.21444330844396,43.92743796668569,4.083999498,0.9915904990452644,0.5025847214244687,0.2169981916817359,0.2286374133949191,0.6915113871635611,0.7741766664828037,0.1815348460569966,1.5488859826462862,-55.14963646715842,0.3339087624321586,0.9490931009918352,False,False,False,False,pachytene,21,off_axis,55.17876228549545,12.44
137,3.453235084997652,77.17822290091067,52.13379014931164,36.29153143799999,2.053866581638101,0.6912933876284661,0.1969060030267362,0.4472361809045226,0.99723429474516,0.1017874899159192,0.1286359785656086,1.920484048138775,-52.56514298371399,0.3340680067828642,0.4402729730597809,False,False,False,False,pachytene,21,off_axis,53.47547823839011,12.44
553,7.562453866972905,75.92610740588937,44.94758210448736,28.602071154,1.897155624891276,0.564668252275896,0.1984294774992449,0.5143180105501131,0.9805358369590108,0.0450015783686577,0.0587323742585767,1.272766712356564,-54.36217471949214,0.335068577233689,0.3858108668739897,False,False,False,False,pachytene,21,off_axis,54.43196196351058,12.44
508,6.9543420092435,75.62823988080879,42.38031111651559,19.286986716,1.663637076574096,0.4683775237168572,0.1669525443110349,0.5065202470830473,0.9547834364588292,0.5079000141391903,0.2131656997513865,1.5270825512747443,-54.855149511563226,0.3357455546461294,0.3296068523864198,False,False,False,False,pachytene,21,off_axis,54.855584266067034,12.44
81,2.5424098867147027,76.47799127703453,45.28269491246205,22.77750438,1.758487058545068,0.607621009268795,0.1652059596844872,0.5146981627296588,0.9896013864818024,0.094544728843392,0.088675644051333,1.4520819094523592,-53.78631985276304,0.3383168905573751,0.3209763928597126,False,False,False,False,pachytene,21,off_axis,53.87258230141463,12.44
492,6.445238555147891,77.81643688429502,47.78897010816917,24.288185412,1.7965341901527256,0.5323546455476145,0.1673258813413585,0.5318050392399835,0.9807524059492564,0.1491931470630917,0.0982830421279383,1.4059113891953037,-52.26045946982893,0.3412902115621132,0.3146376378465467,False,False,False,False,pachytene,21,off_axis,52.54327090448072,12.44
168,3.169436388853941,76.91002813012213,42.24254404236448,18.604365318,1.6437739104714364,0.4448367166813769,0.1397030089878859,0.5339541221894163,0.963,0.512744121987682,0.2248680636343189,1.8545358304026969,-53.5876180260439,0.342962887511528,0.2616385999887969,False,False,False,False,pachytene,21,off_axis,53.58762066429015,12.44
51,2.4060358135227498,79.03965713182956,47.54480339610856,30.391899768,1.9359304298267264,0.6100648348255635,0.1823919728111345,0.520387965162312,0.9911275415896488,0.1918251144481574,0.1626244635419055,1.700461738835917,-51.05944726436238,0.343233059184819,0.3504922961741542,False,False,False,False,pachytene,21,off_axis,51.314254681786025,12.44
401,5.389145694230357,76.75277180277367,41.3841537236766,13.701689297999998,1.4844372206792449,0.4160246533127889,0.1466099574681011,0.5212547639988273,0.9678407350689128,0.4048960058659727,0.1901989115520966,1.5247093209816036,-53.809941986106296,0.3437678577452852,0.2812635348277238,False,False,False,False,pachytene,21,off_axis,53.81682501877721,12.44
347,5.202751732572381,79.43837008764677,51.05199306971183,23.016773736,1.764623044223689,0.5039747248267428,0.107136305265089,0.5471543044996918,0.9655297532656024,0.21960626485081,0.1224405226841416,1.51444322158666,-50.394171220388024,0.3463713007464626,0.1958063829234653,False,False,False,False,pachytene,22,off_axis,51.11833982595475,12.44
539,6.971481814676584,79.666021430407,49.05104782161625,36.504997236,2.0578856409788373,0.6591055134301504,0.1338775510204082,0.530631479736098,0.9936638091688408,0.2132654338604759,0.2096404678234884,1.4324133956080305,-50.31992923943132,0.3478258601802521,0.2522985464167906,False,False,False,False,pachytene,22,off_axis,50.74591376067859,12.44
82,2.830227353045093,78.9642486629741,43.959555577808175,19.913309442,1.6814538207351888,0.5912357168099893,0.1954555993507999,0.4806916426512968,0.9775561097256856,0.1717089299194821,0.1267415793832557,1.419168092172194,-51.40832087024634,0.3491722504207335,0.4066132672345778,False,False,False,False,pachytene,22,off_axis,51.43133334825675,12.44
538,7.476849966055618,78.89269921079241,42.98372225050909,27.642647952,1.8757012931107293,0.5858791581805838,0.1709140332993544,0.5364754098360656,0.9899563318777292,0.207110940866689,0.173703593193139,1.430305481554038,-51.55415322295047,0.3492750996957409,0.3185868917115544,False,False,False,False,pachytene,22,off_axis,51.557313587714376,12.44
260,4.00664004563608,80.64759357672652,46.14574654877343,20.56074417,1.6994826687049591,0.6431260695949801,0.1559633027522935,0.5441176470588235,0.9901332017760236,0.1907223251015671,0.2307631162470936,1.3464094382618508,-49.56300165802685,0.3539639896819742,0.2866352591123233,False,False,False,False,pachytene,22,off_axis,49.69282619863887,12.44
284,4.818493579705559,79.92738419981201,41.87596042906232,29.960276616,1.926722059836368,0.6449264015032885,0.1906121720506871,0.4401323042998897,0.9992723303620156,0.1294570447335868,0.1649902733729147,1.8106002512125965,-50.60704995573276,0.3551781231854793,0.4330792586422175,False,False,False,False,pachytene,22,off_axis,50.610758361238574,12.44
114,3.218460738429402,82.30222737909517,53.74545191107485,36.08744875199999,2.0500094212285145,0.6634165366614664,0.1942110177404294,0.4434144457319428,0.9961340206185568,0.1375044021768863,0.1219414303314816,1.7340330892318854,-47.33306119077341,0.3557137177011949,0.4379898300783728,False,False,False,False,pachytene,22,off_axis,48.60370672435153,12.44
37,2.220656437074309,82.0411287690095,49.98727976329783,34.091191673999994,2.011489906799331,0.5829491502098672,0.0900765650803182,0.5858769180003299,0.980890632997782,0.2559121066033193,0.1849797124011816,1.5580396607672744,-47.880283548578106,0.3560357739176524,0.1537465674322188,False,False,True,False,TZ,22,off_axis,48.43563529328688,12.44
509,6.884455166867708,81.85489927623804,52.00734960193024,29.16974943,1.90962472784064,0.5673502211499799,0.0910626795066734,0.5611524163568773,0.9779017378245012,0.1564609152243913,0.1212894064578795,1.3555659947344818,-47.91176463998902,0.3574253554186846,0.1622779780542905,False,False,False,False,pachytene,22,off_axis,48.814040979126105,12.44
510,7.140603923972891,81.92138858829102,46.481350705088445,30.607711344,1.9405019457627783,0.5996321275291232,0.2023209650328294,0.5256508422664625,0.9954224680526416,0.0810656728919142,0.0901051592136576,1.4021473985447916,-48.267304597142655,0.3588590197200332,0.3848961111913697,False,False,False,False,pachytene,22,off_axis,48.418789576421695,12.44
402,5.2607505265174686,82.12576860999555,49.17450350373303,24.503996988,1.801839515471848,0.5608845491097071,0.1489795918367347,0.5371702637889688,0.9752621672492604,0.2461990416725657,0.1838947612601973,1.214612870160052,-47.857935149278,0.3595713644575495,0.277341472303207,False,False,False,False,pachytene,22,off_axis,48.29689357061685,12.44
52,2.5173016523282428,83.71162597296103,45.702777468251256,34.356264587999995,2.0166898375007936,0.6396285675269698,0.1808163898804904,0.4674118984463812,0.9957924263674616,0.1224596276115542,0.1041852784971402,1.7398541698803032,-46.54172445444114,0.3634560327272649,0.386845928572853,False,False,False,False,pachytene,23,off_axis,46.632865678736124,12.44
244,4.163258691809193,83.1925802961104,43.11673806717743,31.846282127999995,1.9663313782548943,0.5707130229817325,0.1710994168681553,0.4902196293754289,0.9841236240474176,0.1828103295277343,0.1498842527818514,1.7055526235631036,-47.25666474020039,0.367340656691402,0.3490260418297547,False,False,False,False,pachytene,23,off_axis,47.25815450756575,12.44
403,5.708200734394,84.31235044722597,53.94562593917542,24.914508138,1.8118458106598243,0.6154787684775445,0.09765797613787,0.5729676787463271,0.9949484319090718,0.1962562869157501,0.2093130244870212,1.4211342505488096,-45.31352285251049,0.3686213987771297,0.1704423822850689,False,False,False,False,pachytene,23,off_axis,46.65016673883229,12.44
511,7.256427822439622,83.84725302341796,44.09117473610696,33.556354289999994,2.000915371491487,0.5347780496329955,0.1597222222222222,0.538542449286251,0.9711950970377936,0.2769141455113392,0.1668688901150142,1.638135648208393,-46.529517215303855,0.3697331007199808,0.2965824187748015,False,False,False,False,pachytene,23,off_axis,46.54758654324927,12.44
53,2.5617757970517823,85.28674193520686,48.190724742884754,27.370537704,1.869526275382017,0.6235001714089818,0.1957158549981691,0.5048941497837469,0.9903186768858412,0.0805825486155532,0.0846990795468185,1.4883482650164088,-44.781283382360414,0.3710335186269482,0.387637399011252,False,False,False,False,pachytene,23,off_axis,45.09084529959398,12.44
54,2.7483319406054147,86.0891367872977,51.10687929549536,36.493268346,2.0576652209303465,0.6332197724497011,0.1946365561044459,0.4817735716789345,0.9901004949752512,0.0708186627070848,0.0519844420279857,1.526056177800833,-43.75862087573788,0.3730774158981386,0.4040000688002796,False,False,False,False,pachytene,23,off_axis,44.505806314470945,12.44
476,6.929505128397083,85.86529459459426,51.98234594594638,31.332556746,1.955700778005021,0.5900277008310248,0.1685393258426966,0.5241051862673485,0.9910534964396568,0.1182129635359308,0.1142574057660853,1.382365694400188,-43.91497988694974,0.3735721342232416,0.3215753826880162,False,False,False,False,pachytene,23,off_axis,44.82993131549998,12.44
527,7.055680714701715,85.5697198339472,47.48804612545974,48.31364368799999,2.2594031379685826,0.7004758205476791,0.2752584586466166,0.4923002107310747,0.995032655689449,0.1667265695596503,0.1997331984554347,1.258217867003442,-44.55277118745743,0.3740995698192996,0.5591272411560677,False,False,False,False,pachytene,23,off_axis,44.78474221350989,12.44
459,6.091009681881091,86.36495951393135,43.29110074096045,23.743964916,1.7830145103777284,0.5508792728709742,0.1666361136571952,0.5138583369995601,0.9943426724137931,0.2183534739704526,0.1575255311964065,1.4901323058464966,-44.080231930367255,0.3812831922366031,0.3242841492660999,False,False,False,False,pachytene,24,off_axis,44.081300462081764,12.44
169,3.2394092656279927,88.67835367186008,53.834543111469245,34.785541962,2.0250545269734874,0.6309258884617979,0.2033478893740902,0.4739630915402887,0.9956275303643723,0.1395505761461687,0.1256053224744408,1.653632324466962,-40.968738796650406,0.3813860021866646,0.429037393424979,False,False,False,False,pachytene,24,off_axis,42.32860924195899,12.44
138,3.359934742709465,88.11030630140804,46.51041449255638,34.508740157999995,2.0196688396139524,0.6406770443885528,0.1532916866890917,0.5340522133938707,0.9986813186813188,0.0722896029968964,0.100445255669546,1.607021596293827,-42.09422681040019,0.3817774989705118,0.2870350180086925,False,False,False,False,pachytene,24,off_axis,42.22999837421639,12.44
442,5.882526315789432,88.06504800000077,53.12637599999915,21.17064645,1.7161233615639142,0.5602216066481994,0.1479175611850579,0.5039052658100277,0.9790276453765492,0.1400804544396135,0.0996839898069326,1.261806248163894,-41.6343138917678,0.3841011236592924,0.2935424001717475,False,False,False,False,pachytene,24,off_axis,42.8146101032767,12.44
477,7.399544336097831,88.07587067347217,44.495784862846605,25.740221994,1.8316446689355588,0.5073361888271211,0.1740259740259739,0.564927857935627,0.9804029809550096,0.3213530898705309,0.1962492789983351,1.4565405913415377,-42.282351677779175,0.3849147584122122,0.3080499068711249,False,False,False,False,pachytene,24,off_axis,42.3047839080206,12.44
528,7.032031626651153,88.99255669655842,48.75801544691827,24.328063638,1.7975168822381495,0.5601195641693183,0.1754924995481656,0.5361683472161333,0.9910589550153674,0.1021205997684667,0.0780028034329568,1.379175360058317,-41.042976793198406,0.3887977920447542,0.3273085784704544,False,False,False,False,pachytene,24,off_axis,41.41750362013521,12.44
512,7.277937708383924,90.68287414003343,51.9403964137597,28.846032066,1.9025342809652943,0.6310482231438562,0.2392689470154259,0.4871060171919771,0.9885144040670308,0.1393838367245845,0.1520011961433814,1.454543354348579,-39.1146597664026,0.3930186172256706,0.4912050735787272,False,False,False,False,pachytene,24,off_axis,40.04922175943256,12.44
316,4.786854186402283,89.78242831742321,44.29831447205543,32.191111494,1.973403016187109,0.5987029075275085,0.1937042459736456,0.4457962593063374,0.9937633989475736,0.0882851536648732,0.072640328152397,1.6919537522477217,-40.59584776665719,0.3943325459455608,0.4345129460598235,False,False,False,False,pachytene,25,off_axis,40.60943282407342,12.44
83,2.7199973687672925,91.29221236679332,49.61990831469526,35.660517156,2.0418931362325887,0.7085909748717274,0.1638354095885239,0.5406320541760722,0.9996449283938929,0.0075206090664865,0.0133086072152772,1.5153207388393208,-38.684237394028564,0.3948634003389984,0.3030442022869148,False,False,False,False,pachytene,25,off_axis,39.18446145392995,12.44
494,6.815895980221507,91.89856446296145,54.46349582455655,25.618241538,1.8287467566876072,0.57394011537405,0.1707360541792907,0.5222437137330754,0.9921319796954314,0.100854013361696,0.0938048797465854,1.4733416295634023,-37.709912180707356,0.4008727099328374,0.3269279259655308,False,False,False,False,pachytene,25,off_axis,39.288328809499994,12.44
298,5.020486024716013,92.86402983329307,51.0372530231416,28.283045346,1.8900756489006207,0.6268557684332753,0.1571749718995878,0.5185596799288731,0.9904207362885048,0.0866609664305475,0.0679708026025473,1.4197370828845477,-37.008811216060906,0.4028848120278929,0.3030990992611426,False,False,False,False,pachytene,25,off_axis,37.76795838854488,12.44
333,6.107630324768177,92.92707759543968,45.67563275192899,47.743619634,2.2504821747712924,0.5244927037783127,0.178925935352507,0.5662326927051043,0.9979423868312756,0.0943174406244999,0.0711218210624963,1.323997507784239,-37.355234596691425,0.4043541349534973,0.315993650062329,False,False,False,False,pachytene,25,off_axis,37.41899963968736,12.44
84,3.0949707417365864,94.5060261426554,52.48691930254619,29.664708588,1.9203651930071544,0.6757077336707259,0.0509141402453136,0.6110704706169227,0.9980842911877394,0.1515491639342548,0.1941195745723398,2.0025994404784977,-35.26094365435807,0.4054737732276179,0.0833195886456628,False,False,True,False,TZ,25,off_axis,36.35567989922373,12.44
576,8.081558645767444,81.42941884428339,26.078172763009785,47.738928078,2.250408457353916,0.7700358704731954,0.2557251908396947,0.414957264957265,0.9984058664116052,0.084683839886809,0.1839504161977266,1.0231736148682846,-50.31534545493363,0.4091057507433595,0.6162687400256288,False,False,False,False,pachytene,25,off_axis,52.94517852001558,12.44
513,6.5613838895683125,95.47435062030448,52.60858109383139,40.274662482,2.1264137248654604,0.6505911817811172,0.2326682015860833,0.5470911818636439,0.9930651872399444,0.3139016900228998,0.2932405614277872,1.485795579320705,-34.286157404735995,0.412707760495848,0.4252823099679811,False,False,False,False,pachytene,26,off_axis,35.42292116661085,12.44
577,8.08707254713977,84.52843554649925,26.06978113614616,29.359757448,1.913762107782012,0.7116490891658677,0.2673568818514007,0.4156275976724854,0.9982022471910112,0.0638845615037645,0.1182710595834193,1.0116638624167802,-47.22601191586905,0.4137617630275936,0.64326065773447,False,False,False,False,pachytene,26,off_axis,50.099767612665296,12.44
562,7.593931109895994,94.91406966921872,45.39886853471896,17.161711848,1.6001376064972244,0.5574084199015856,0.2764245810055866,0.4051883878937616,0.9734702610183996,0.1519771678601051,0.0663277143104577,1.4841887256135418,-35.39516754227723,0.4144058509332528,0.6822124948903121,False,False,False,False,pachytene,26,off_axis,35.43869623540935,12.44
540,7.348156682027343,95.4253758525346,49.42408578340988,30.54202956,1.9391128959353816,0.6990783410138248,0.1064994298745724,0.5778458397141398,0.9970756162094416,0.2081784086891155,0.3050510940425381,1.3361663500642815,-34.578082407382844,0.4146343854096938,0.1843042253748121,False,False,False,False,pachytene,26,off_axis,35.04969304805018,12.44
299,4.287567567567638,95.19056909379924,47.04023987281324,22.13241543,1.7417269349312203,0.709697933227345,0.1010830324909747,0.4644030668127054,0.9955215525284568,0.1517029440664323,0.2520814501416821,1.3070970576677488,-34.994178413891184,0.414712817807732,0.2176622845855186,False,False,False,False,pachytene,26,off_axis,35.15620747623103,12.44
38,2.089178019286795,96.51638642277584,49.95991891933313,30.649935348,1.9413938573082048,0.6758763202204194,0.1346546791990192,0.6257378984651711,0.9968102073365231,0.1103275723843013,0.1521982393293753,1.7846826503636417,-33.44935166981766,0.4160923495841723,0.2151934212859797,False,False,False,False,pachytene,26,off_axis,34.015707401515876,12.44
170,3.217857994752344,96.83506251093088,55.07194928043155,29.502849906,1.916866143867774,0.6286872863162916,0.0639406694728402,0.6685224839400429,0.9991879161929512,0.094706084944856,0.1114945641456404,2.1037152967950927,-32.74137107860841,0.4194905472410214,0.0956447554254209,False,False,True,False,TZ,26,off_axis,34.621571821580396,12.44
443,6.271584487963431,96.53311572102936,55.02526083288125,30.305105982,1.9340857832999816,0.6718012230048765,0.0669014084507042,0.6058962264150943,0.9994250395285325,0.1513937046552857,0.1860440472301438,1.8499050903515104,-33.04600085372108,0.4197948292424234,0.1104172720245177,False,False,True,False,TZ,26,off_axis,34.902228799465455,12.44
317,4.642335153296821,97.08354957580708,49.153844905501565,27.92648709,1.8820994442110293,0.6493910121797564,0.1264127249895353,0.6480594154288453,0.9944071588366892,0.1980407910452264,0.2454631656119804,1.209450227017707,-32.94537628046258,0.4215497806353006,0.1950634802611167,False,False,False,False,pachytene,26,off_axis,33.37443694013292,12.44
191,3.4952884774343764,98.67236453959308,52.20357202843431,28.379222244,1.8922156347559855,0.6517606215903455,0.1338404605263158,0.5777355803465464,0.9967191601049868,0.1040551397028273,0.1602066081480965,1.761408773839921,-31.128391887204003,0.4223628467597795,0.2316638702536436,False,False,False,False,pachytene,26,off_axis,32.204090441204684,12.44
554,7.048082075410103,98.33673262105324,52.06796204665749,35.89744073399999,2.0464051776564283,0.6147814154087434,0.1806810284920083,0.5638676844783715,0.9873100191825293,0.2722964575659232,0.2324861659426397,1.3525372256329191,-31.473396457828795,0.4245977164092251,0.3204316073888053,False,False,False,False,pachytene,26,off_axis,32.51006325578856,12.44
334,5.042583533703816,97.93354124035986,45.20502700439516,28.292428458,1.8902846413721408,0.5830362324848686,0.0486189935679152,0.7017299661960629,0.9949604031677466,0.2735804544318033,0.244263978321218,1.333852830722705,-32.39930362209585,0.4250475974207359,0.0692844768073237,False,False,True,False,TZ,27,off_axis,32.426679332008725,12.44
478,6.825801595664674,97.05730086557044,42.59012842842009,31.166006507999995,1.9522294018262356,0.6532440162577149,0.085731295892042,0.594313001953549,0.9987726296409942,0.1118314519001687,0.1296744574816383,1.4709180035033207,-33.472599360158796,0.4253100320453023,0.1442527685079028,False,False,True,False,TZ,27,off_axis,33.49439797798631,12.44
541,7.352318676185789,98.02762901848148,46.51664572629608,35.156174885999995,2.032221315688509,0.6662440782011076,0.0695684523809523,0.654938024790084,0.9949847094801224,0.1963675224806139,0.2624451901208865,1.3607174753634983,-32.205366035276235,0.4257604787302074,0.1062214282080352,False,False,True,False,TZ,27,off_axis,32.31280070259112,12.44
285,4.405626911315006,87.49401339449713,24.90710116207946,11.506041089999998,1.4004870707182435,0.7794087665647299,0.024346257889991,0.5184842883548983,0.99937343358396,0.1311919600278345,0.249309702775179,1.0886225061650836,-44.35784217201555,0.4299955883626161,0.0469565972138507,False,False,False,False,pachytene,27,off_axis,47.91217464040039,12.44
85,2.757351061109683,99.34813226796214,47.527722219379925,27.523013274,1.8729914293914391,0.627375777720958,0.0654125694741342,0.661024702653248,0.9903176490572448,0.1066502467004331,0.1189056300666086,1.5721427628470153,-30.811533850528907,0.4313593847331671,0.0989563161733269,False,False,True,False,TZ,27,off_axis,31.01423697507567,12.44
86,2.704141684346469,101.10772517295464,50.39726164560632,25.430579298,1.8242704134625,0.6993819758324877,0.1265076387027606,0.6106167536054005,0.9995224450811844,0.0818540918539351,0.1332666018938582,1.3335158175842152,-28.83802471964074,0.4348246115511001,0.207180097754923,False,False,False,False,pachytene,27,off_axis,29.51112024969411,12.44
171,5.520015281083793,101.10705510887718,54.21312646565959,79.824479562,2.671052938104618,0.6971406741308883,0.185296442687747,0.5822821657287017,0.9998393058010606,0.1200504386098328,0.1916785498001913,1.637372660942453,-28.54740316990363,0.4366564032503149,0.3182244856423797,True,False,False,False,pachytene,27,off_axis,30.271997370876942,12.44
115,3.361075501539994,100.30331659868725,45.3492929992516,28.179831113999995,1.8877736750073637,0.6356447182219263,0.0428602667832932,0.6531871144619602,0.9998356884653302,0.1015837200679848,0.1234536718118342,1.6270461533689686,-30.02543023986991,0.4367112802177019,0.0656171345612013,False,False,True,False,TZ,27,off_axis,30.053348636250906,12.44
493,5.7433476394850365,90.51968481759596,24.3738910944208,4.372530191999999,1.014412835777203,0.4415236051502146,0.0,0.5120076849183477,0.6627218934911243,0.7116907757164503,0.1376854879644927,0.9611251850499312,-41.381702687240704,0.4405465978512272,0.0,False,False,False,False,pachytene,27,off_axis,45.48193997463032,12.44
423,6.475135401280473,99.7116050854626,39.68567687275824,33.349925826,1.9968039219660676,0.6536540761060702,0.0532589886560277,0.6464256701868399,0.9991757109493062,0.1659806092569876,0.1993384369016215,1.9516708955720716,-31.047755681465585,0.4412131669387983,0.0823899654861076,False,False,True,False,TZ,28,off_axis,31.345043911041987,12.44
461,6.660142737735498,101.94275587989348,44.75804406867,36.483885234,2.0574888508846176,0.6253455924901948,0.1187235329703569,0.5965333790973056,0.9985996359053354,0.1101801958656283,0.1063868817834205,1.4881963649653536,-28.435908512338223,0.4425452555324231,0.1990224472434609,False,False,False,False,pachytene,28,off_axis,28.44183182047565,12.44
460,5.321604680317516,89.62537797743398,21.36845440869185,5.613446753999999,1.1025044034695413,0.4960300877559549,0.0,0.5356550580431177,0.6864864864864865,0.5267520720443959,0.0745313694198512,1.0338182769643491,-42.50282447634545,0.4438158761547714,0.0,False,False,False,False,pachytene,28,off_axis,47.76775132420434,12.44
172,3.732407041920108,102.56691417067844,48.17513508328592,29.713969926,1.9214275939470995,0.662350990763401,0.0742424242424242,0.6548982931961655,0.9997055792727808,0.0862733957727939,0.1071412340648879,1.420980566916533,-27.552722770848934,0.4449409432711419,0.1133648155961615,False,False,True,False,TZ,28,off_axis,27.832991476934403,12.44
39,2.608001191983934,104.19406404678529,51.58543695895127,31.487378094,1.958916675651452,0.6438948074200999,0.0766853389994205,0.599163179916318,0.9991130820399112,0.1196721304392524,0.1382132035952822,1.4156091428143251,-25.66999031757754,0.4450149368482917,0.1279874023803178,False,False,True,False,TZ,28,off_axis,26.664953909968773,12.44
286,3.3149181053563987,91.43147197875037,24.133161620186304,5.299112502,1.0815290193953868,0.5347498893315626,0.0,0.483349191246432,0.4929577464788732,0.6555940230830654,0.1392780044367794,1.181550812760034,-40.49095245545152,0.4467368467856373,0.0,False,False,False,False,pachytene,28,off_axis,44.80470355191664,12.44
404,5.571811009662257,104.6130286942648,54.57983992553746,26.462721618,1.8486241954815736,0.574417161599149,0.1929736090099176,0.5005207248489898,0.9802080690180156,0.0484691167789767,0.0620374883403296,1.4683213681037817,-25.023666002248596,0.4494443379649773,0.3855456915757864,False,False,False,False,pachytene,28,off_axis,27.01124428392911,12.44
315,4.277261200338072,89.70688267117447,19.77544573119132,8.325166121999999,1.2572879878592138,0.6635672020287404,0.1175166297117517,0.5159128978224455,0.9880239520958084,0.2118410887495526,0.177140143073598,1.1154139683036075,-42.543162266548805,0.4499835873997324,0.2277838569412849,False,False,False,False,pachytene,28,off_axis,48.5515927487859,12.44
116,3.167238621491946,104.07383541515196,45.3862433692026,32.263830612,1.9748878588226104,0.6997237167369492,0.0899074482150726,0.6038740920096852,0.9993524993524994,0.1075584171657702,0.1620008004617624,1.682015122951375,-26.26309270477408,0.4519117815141037,0.1488844270762831,False,False,True,False,TZ,28,off_axis,26.28383968984995,12.44
222,3.628022746341083,106.50574552997256,52.03546950685188,25.163160606,1.817853413689401,0.6533979677449426,0.0947163379595812,0.6369015599784831,0.998581811735508,0.1290195426179257,0.1729543761963358,1.6261578034260185,-23.330700159247378,0.4553473456131802,0.1487142502253897,False,False,True,False,TZ,28,off_axis,24.50298450506317,12.44
495,7.054534060287264,104.6180782665924,47.06715149464114,37.431579546,2.075151689203986,0.7032650247540264,0.175948485903237,0.4538542766631467,0.9973438041344266,0.1169265304309881,0.1777345884992067,1.3747044562368729,-25.592123295329504,0.4568612025441694,0.3876761660082958,False,False,False,False,pachytene,29,off_axis,25.73191722211565,12.44
361,4.749567531603551,94.25256047904274,21.82295439121776,7.051408668,1.1895857649888977,0.6966067864271457,0.073170731707317,0.5032894736842105,0.994,0.0858183428422242,0.0687943826545652,1.1717408131144071,-37.854448638287394,0.4585440005418147,0.1453849832615972,False,False,True,False,TZ,29,off_axis,43.633464880456515,12.44
444,6.562950450450444,106.11484220157892,52.284945129504464,24.996610368,1.8138338554978717,0.6092342342342343,0.0994809688581315,0.6114313160422671,0.9955537590945835,0.1507038697317591,0.1532494769118162,1.4841921603848285,-23.701418787553525,0.4586643137232621,0.1627017888158914,False,False,False,False,pachytene,29,off_axis,24.94156859639406,12.44
424,5.987720822473186,105.70070590790876,49.0307314509113,24.299914302,1.7968233288241733,0.5292981948064486,0.0730038022813688,0.6259228876127974,0.9990267639902676,0.2038358192303972,0.1599466352411041,1.399888711003637,-24.36276187084363,0.460861903263731,0.1166338597391724,False,False,True,False,TZ,29,off_axis,24.78469556941274,12.44
300,5.708395176252442,107.17082012987034,44.42227230983341,60.68996841599999,2.4378637748299226,0.6319573283858998,0.1041490262489416,0.6659315269901281,0.9980235591746384,0.1349415377450699,0.1549417607680767,1.7720038977179988,-23.248730786856736,0.463981503035484,0.156395998729289,False,False,True,False,TZ,29,off_axis,23.24923718967693,12.44
463,6.546673553718976,108.57208137396572,53.92568026859349,22.70713104,1.756674184003676,0.6604338842975206,0.0355046948356807,0.5466991177365379,0.9977384868421052,0.1446026632967051,0.155838135625858,1.4414804489190105,-21.126101625481244,0.4660690975159554,0.0649437573315985,False,False,True,False,TZ,29,off_axis,23.048496975759768,12.44
425,7.088733774185683,107.66809085231368,50.575874540780575,38.31124629599999,2.0912817954652763,0.5555963752143032,0.1857751851020865,0.531138054560485,0.9855025773195876,0.1860235804592579,0.1294470133278597,1.6377691016528937,-22.283166757999656,0.4681997262070139,0.3497681695125666,False,False,False,False,pachytene,29,off_axis,23.062382358190145,12.44
464,7.007282527668115,109.30699313607366,47.28243610872063,40.908022542,2.13750247251712,0.7790584322495556,0.1395712371594462,0.5035037633013236,0.998148148148148,0.0823553890394064,0.1771306892486241,1.5406469516967487,-20.900456074697544,0.4757591440373159,0.2771999880285289,False,False,False,False,pachytene,30,off_axis,21.05366511643089,12.44
139,3.11553639286741,109.81791741449788,47.24637360420808,32.099626152,1.971531808703883,0.6942414498684595,0.1046436978386475,0.5587954110898662,0.9990830495153262,0.0936786446726883,0.1355280082465809,1.8680393898670555,-20.393775499199133,0.4762200900361567,0.1872665661920023,False,False,False,False,pachytene,30,off_axis,20.541649380818725,12.44
261,5.145689962787347,111.27343869093286,54.23708386603316,46.017127026,2.2230213339351472,0.6915940255900495,0.1088525556046545,0.5026446280991735,0.998277017325548,0.0704702146373196,0.1191268125222368,2.0833579199271366,-18.40885510786294,0.4763487078869827,0.2165596716238606,False,False,False,False,pachytene,30,off_axis,20.63346437373658,12.44
542,7.29797101449273,111.41297101449396,53.33152405797087,4.855760459999999,1.0504842572076545,0.5057971014492754,0.0510204081632652,0.3391984359726295,0.6347469220246238,0.9073013587290574,0.128532607351682,1.6535802981478922,-18.338857164735614,0.4781388228189667,0.1504146327118742,False,False,True,False,TZ,30,off_axis,20.173599192762104,12.44
87,2.6099346405228774,112.59175406162554,51.253849691877946,25.12328238,1.816892603038063,0.6841269841269841,0.149786378487057,0.4850724209281702,0.9968371112282552,0.0856206322050503,0.0908852271283718,1.9084636536028736,-17.3221160030158,0.4803879623795433,0.3087917845348652,False,False,False,False,pachytene,30,off_axis,18.413255434321144,12.44
245,5.209677268911677,111.27711356217031,43.02400340220196,100.596343752,2.8851243023356337,0.6422208749183844,0.1277926212267637,0.6391839927002542,0.9993612555890136,0.0933071391304293,0.1084530152533512,1.691802003213238,-19.261157964257528,0.4815602216267319,0.1999308848253528,True,False,False,False,pachytene,30,off_axis,19.350862841489917,12.44
575,8.04139404898892,97.0287028702956,14.47044672694483,71.34683786999999,2.572934360322689,0.7466710504685188,0.3015772298767223,0.4676184295911745,0.9998303167420814,0.0651253208666451,0.0868752392545074,1.1836903723263847,-35.64767120941948,0.4824152434196862,0.6449216087150001,True,False,False,False,pachytene,30,off_axis,46.10800834294424,12.44
140,3.285760517799344,113.48148907767025,51.89778058252477,5.798763215999999,1.11450560088202,0.598705501618123,0.0443159922928708,0.2610887096774194,0.9577717879604672,0.1497261383304931,0.0897458126461404,2.02475402773106,-16.38582171937688,0.4855796802865126,0.1697353836082158,False,False,False,False,pachytene,30,off_axis,17.74788043429836,12.44
363,5.992317318679212,111.78799775287084,48.78925312040855,43.113053862,2.1752377210296068,0.6807769737200065,0.1742434904996481,0.514573035622976,0.9942341964566516,0.1361759815573389,0.1767278331986372,1.4177342218946625,-18.31166565046654,0.4868095625461452,0.3386176080693726,False,False,False,False,pachytene,30,off_axis,18.711673980777576,12.44
192,5.847169117646695,113.56301767279348,51.89812845220624,63.80516159999999,2.4788813185999863,0.6409191176470588,0.1120101827438858,0.5857479266919218,0.9980138296307194,0.1099983973071824,0.1340585677069842,1.727927581082955,-16.304504460216542,0.4879389272363133,0.1912259141512905,False,False,False,False,pachytene,30,off_axis,17.670564940872165,12.44
530,7.508948216663028,113.13139724616428,45.57414410342698,33.476597838,1.9993288611219728,0.6296685586153739,0.165086887835703,0.5254493850520341,0.9959981529936894,0.0919792983930897,0.106886204281672,1.4978902530521288,-17.217616123103312,0.4894744666316617,0.3141822838356825,False,False,False,False,pachytene,31,off_axis,17.22608374273066,12.44
40,2.698119573715197,113.55758777928456,48.04338264411738,57.009442734,2.387551393635169,0.6846479858453689,0.1284967022970207,0.6714509394572025,0.9992007556492044,0.0679113968161777,0.086743581090684,1.5605281852213366,-16.604176206023286,0.4917052040562512,0.1913716918780347,False,False,False,False,pachytene,31,off_axis,16.86762890051287,12.44
141,3.5870363511295382,114.99276120958608,42.49978179268648,44.332858422,2.1955620133956883,0.6991904333562622,0.1291360294117647,0.5706244503078276,0.999434602336977,0.0875498898437816,0.1395556215334513,1.840258686293428,-15.596369379614723,0.4980191135455415,0.2263065127021832,False,False,False,False,pachytene,31,off_axis,15.822829036993177,12.44
41,4.339040890305063,117.58657434370149,51.09406511048032,101.59799095799998,2.8946685120833027,0.7139294867354713,0.1879669681478568,0.552138821630347,0.9971742157424852,0.0310738870919004,0.0683652049815575,2.0241094496186296,-12.354067425965695,0.5016771541247493,0.3404342545464035,True,False,False,False,pachytene,31,off_axis,13.607204699834936,12.44
479,6.372388713044288,116.15447409253213,46.35943085729636,34.832457522,2.02596452081694,0.6386962084988888,0.0923701573337845,0.6132339235787512,0.9963210246627606,0.1812763393619084,0.1926310207075601,1.4763824773978478,-14.14341424845745,0.5028556224347223,0.1506279313360954,False,False,False,False,pachytene,31,off_axis,14.18552904239076,12.44
405,5.455573871831904,105.8561200082443,21.295968730682286,22.768121268,1.758245557881653,0.788481351741191,0.123772940674349,0.5260594252313687,0.9969348659003832,0.187260284518913,0.3943599038462685,1.382366637795216,-26.324975193623157,0.5035313548407445,0.2352831918559617,False,False,False,False,pachytene,31,off_axis,35.03091295262864,12.44
529,5.748504320850831,105.92291938843464,19.022812209173484,10.586496114,1.3621383208288145,0.6831376024817195,0.0298507462686566,0.5195804195804196,0.9538784067085954,0.377259110785144,0.395512513170667,1.331892337935381,-26.431895475921497,0.5061939028330157,0.0574516381752073,False,False,False,False,pachytene,32,off_axis,36.646541694227835,12.44
445,6.19465340379231,117.4442298725526,49.44219866335224,7.546367825999999,1.2167923020058806,0.5477152626670811,0.0576424870466321,0.3312714776632302,0.747172859450727,0.5339855822973484,0.2831518353789253,1.5774748396793523,-12.622094209314815,0.5064826149763749,0.1740037731386923,False,False,False,False,pachytene,32,off_axis,13.261318929639021,12.44
117,2.7928251121077228,116.6654708071769,45.33600345932181,36.61759458,2.059999275168076,0.7419602818705957,0.106080781180648,0.5434458788480635,0.9981937951551212,0.1248652910412992,0.2465566413786081,1.6917348863130222,-13.712033400811483,0.5070924565295932,0.1952002679742577,False,False,False,False,pachytene,32,off_axis,13.712072696346041,12.44
348,5.18566688785678,117.6845763958679,43.08344216513441,24.745612122,1.8077423428556472,0.6114323632571808,0.0903240124278739,0.540131739448646,0.9854876160990712,0.2572976319587827,0.2856092374357072,1.3383219773113857,-12.867854028108006,0.5073573106435286,0.1672258929276671,False,False,False,False,pachytene,32,off_axis,13.070200713399391,12.44
193,6.594106090373233,117.02391159135529,48.4306043221983,22.686019038,1.7561295913727235,0.7279495398614414,0.1393523061825319,0.46826301786393,0.9929298154854284,0.0686628256186065,0.1264901957079764,1.3001628148051083,-13.118407593157594,0.5078902626951096,0.2975940889336376,False,False,False,False,pachytene,32,off_axis,13.477652794622378,12.44
462,5.5654974946313045,107.63283478883312,17.01627895490383,6.554103732,1.1609358801214755,0.576234788833214,0.0,0.4831081081081081,0.906896551724138,0.3021821118114613,0.1223331507497191,1.006267232978616,-24.880141082834513,0.5158761959697379,0.0,False,False,False,True,post,32,off_axis,37.09558656065093,12.44
55,3.444508031475832,118.9063851856681,40.20036557195779,72.14205661199999,2.5824582149328115,0.6351368927619172,0.1160390735780684,0.5989662240442029,0.975644981290619,0.0504715516507203,0.0384815743718833,2.180581317295423,-11.86969423260531,0.5163022282768154,0.1937322488646787,True,False,False,False,pachytene,32,off_axis,12.982509438512727,12.44
336,6.250901690315887,120.80270816326596,50.55901224489966,41.494467042,2.1476682353893035,0.5723896206682119,0.1248409117204674,0.5641195134849286,0.9853001224989792,0.2603363789560429,0.2079855175866874,1.6679800428711504,-9.188161964886191,0.5168932468830693,0.2213022395719745,False,False,False,False,pachytene,32,pre,10.424764729083773,12.44
426,7.112564057253806,119.56417602049898,42.79851798904326,13.274757702,1.4688563705924145,0.7015373740943629,0.0441426146010186,0.3878034339846062,0.9840686274509804,0.2022740036401276,0.403423690882649,1.8081956966782715,-11.015488966443515,0.5182547946856618,0.1138272916963671,False,False,False,False,pachytene,32,pre,11.34598637895087,12.44
362,5.43223080048773,109.5114989841518,20.18451481511641,28.86479829,1.902946765713516,0.7984559122308005,0.0753169276659209,0.4810483870967741,0.9919461473734824,0.1966675310603605,0.4261275171940185,1.344189013226194,-22.765106665993464,0.518853869413232,0.1565682989199361,False,False,False,False,pachytene,32,off_axis,33.443371084978146,12.44
496,6.502831798021117,120.25749500511756,45.87408423746157,34.37737659,2.017102839731775,0.7018764926646196,0.1693916349809886,0.5463492790112153,0.9977775033954808,0.1680701294678526,0.2530295885673125,1.4948158121934214,-10.089415129918226,0.5194974233854601,0.3100427537628569,False,False,False,False,pachytene,33,pre,10.09373086548586,12.44
262,4.521505759410863,122.20009472746514,52.197384823655305,19.753796538,1.6769520920483227,0.6549103431896449,0.1417601890135853,0.5151410874053682,0.9944161204175772,0.2072037286233015,0.2564622373600698,1.9806668891087864,-7.669785231944208,0.5207885923096773,0.2751871137431389,False,False,False,False,pachytene,33,pre,10.022473104067439,12.44
88,3.5383374689827347,121.81136557071837,48.93288096308852,30.251153087999995,1.932937335335004,0.6149968982630273,0.0562630678578217,0.6642497482376637,0.9989232425780648,0.2202455325709184,0.2371622120238694,1.4888362923309733,-8.306580829617715,0.5210520219499978,0.0847016773541798,False,False,False,False,pachytene,33,pre,8.911165989802525,12.44
446,7.121287703016353,119.1830035527845,40.10039930394428,16.176485088,1.5689117569034676,0.6299303944315545,0.0675922542930215,0.5807210031347962,0.9821320411871592,0.1348680468339985,0.1213545307969465,1.879201165102024,-11.601514078453059,0.5221093676722277,0.1163936794573487,False,False,False,False,pachytene,33,off_axis,12.788122558973212,12.44
563,7.847796744740211,120.19421194918598,43.44773294958384,11.818029563999998,1.413032511205401,0.5944819372766972,0.0658436213991769,0.5545766030347529,0.9859587538394032,0.2775040880278262,0.235929839788336,1.7170835903084605,-10.337732630701414,0.5221592188958017,0.1187277303782158,False,False,False,False,pachytene,33,pre,10.552732783690294,12.44
56,2.3093375897845934,120.5798040774864,47.45507519407823,32.331858174,1.9762748866672477,0.6771385039541464,0.2424242424242424,0.4395505617977528,0.998311048557354,0.1689638719876605,0.2252528913440986,1.953359564661237,-9.647359246362146,0.5223317687033169,0.5515275453925761,False,False,False,False,pachytene,33,pre,9.822556471225717,12.44
118,2.916425394257914,120.66763227658544,44.71630362313151,29.005544969999995,1.9060347172000776,0.7327133036797412,0.1205428419372006,0.5419062027231467,0.9991986109256044,0.0965946081327376,0.1980222104099716,1.6589498597660628,-9.768855479701795,0.5226945737374066,0.2224422627596025,False,False,False,False,pachytene,33,pre,9.809365995248884,12.44
247,4.768703494926725,121.35443560315484,44.1994643742964,10.403525429999998,1.3542452092996236,0.8403607666290869,0.1237623762376237,0.2146892655367231,0.9724824355971896,0.2759258668112188,0.9428882093901886,1.597767323570214,-9.123509851549462,0.5228908288445289,0.5764721208963002,False,False,False,False,pachytene,33,pre,9.23932741097921,12.44
142,4.335102350265428,121.39168278999276,42.39090396133344,37.12897418399999,2.069544553503173,0.6132170836492292,0.0821589205397301,0.5926167918980725,0.980653769179453,0.2694619323384707,0.2638121509968827,1.7672365220754938,-9.224430469372393,0.522921306424397,0.1386375169636792,False,False,False,False,pachytene,33,pre,9.785030522910857,12.44
337,4.977652370203122,123.50425248307135,51.10496907449244,6.235077924,1.1417852423088526,0.4488337095560571,0.0317250495703899,0.4627986348122866,0.6063291139240506,0.9149997401357628,0.1661336500849648,1.6871669781964336,-6.452824023803633,0.5278795129246576,0.0685504389684678,False,False,False,False,pachytene,33,pre,8.326894680165928,12.44
480,6.776202401592619,122.89897630514189,47.89894875746323,36.530800794,2.0583703989480444,0.6093880434084633,0.1635038503850384,0.5489067894131185,0.9904665607395636,0.1771590562296034,0.1495446297779049,1.6681511900808108,-7.301070355848668,0.5306911125946465,0.2978717945169778,False,False,False,False,pachytene,33,pre,7.600531289369634,12.44
381,6.321829093515468,122.76809035292112,40.14204883554288,52.376531184,2.3210404419619963,0.6363310641347187,0.1652102395394263,0.5133004926108374,0.9911626080125688,0.0967223011393267,0.0908137452421472,1.8271630050341383,-8.023708772867648,0.5314403895234594,0.3218587200240264,False,False,False,False,pachytene,33,pre,9.791448992044577,12.44
173,6.151930537594751,124.43844064289858,51.23184219471719,12.697696313999998,1.447256278271137,0.5869203768704969,0.0903173311635475,0.3483899821109123,0.7662870159453303,0.4905774368205448,0.3170192070604636,2.2777224597611445,-5.511676671669365,0.531784200994001,0.2592420442640467,False,False,False,False,pachytene,33,pre,7.65903297156452,12.44
42,2.322376873661669,124.43163672376905,50.31112187723103,39.437219736,2.111571995820868,0.6974185105876755,0.1077004034379933,0.4786711224690387,0.9904063813732888,0.0964576530576848,0.1511543470234184,2.419409942825896,-5.588745278634857,0.5339373700104965,0.2249987483733356,False,False,False,False,pachytene,33,pre,7.113314496786494,12.44
427,6.685867916724305,123.64721345649988,43.93644246518738,34.027855667999994,2.010243458589684,0.7042603060802426,0.1138194587895062,0.5174825174825175,0.996542783059637,0.115950247826221,0.1832163896343837,1.606406207424273,-6.857500226147669,0.5349695524735885,0.2199484136067486,False,False,False,False,pachytene,33,pre,7.114678607688968,12.44
194,5.336233211233386,126.12064350961283,51.60328880494546,61.47814982399999,2.44837193821824,0.7332112332112333,0.1489776046738071,0.5622139588100686,0.9996863040341302,0.1779526717591002,0.3347957623879439,2.587618721594289,-3.806027356516411,0.537085993079331,0.2649838239326532,False,False,False,False,pachytene,34,pre,6.737953135866825,12.44
143,3.36716290940026,124.84743538919732,46.33541718417671,16.544772234,1.5807289037952217,0.8460229689493832,0.0556521739130434,0.4926335174953959,0.9994392523364486,0.1435639992053408,0.4271960516591629,1.4190008932937197,-5.477651136773025,0.5371525169686677,0.1129687119057293,False,False,False,False,pachytene,34,pre,5.492583969531956,12.44
335,6.0895564256911,122.55611806440136,36.68228787329805,40.138607358,2.124016552897217,0.6289521360528315,0.0863433587566556,0.5939518034336116,0.9970830691185796,0.1338514229743084,0.1411949837312964,1.972914372843664,-8.499168496928883,0.5393216770998664,0.1453709850824733,False,False,False,False,pachytene,34,pre,12.411828058433569,12.44
301,5.296693202694408,126.87673282302454,49.47015339865233,7.661310947999999,1.2229390890763192,0.7011635027556644,0.0,0.3155737704918033,0.982010582010582,0.4423333900564892,0.6011335288509385,1.501884194336421,-3.2149802567433943,0.5428061195715821,0.0,False,False,False,False,pachytene,34,pre,4.661499412231784,12.44
119,2.679704463208659,126.48047058202692,46.69474034981841,15.557199695999998,1.54862977739582,0.7968938480096501,0.0754975978037062,0.3667409057164068,0.9975560986447456,0.1994330081765876,0.4412345398696585,2.0443961249894054,-3.8219514908513443,0.5444309550660882,0.2058608587886484,False,False,False,False,pachytene,34,pre,3.8748952549704527,12.44
430,6.146396745447509,126.08879950600522,46.7405659143738,48.435624144,2.261303025072945,0.71634056567222,0.1188506092974274,0.5301348813385692,0.9978371183761752,0.2343165631977471,0.3202309354494658,1.7794000423254703,-4.208981553578437,0.5445868678501004,0.2241893779887382,False,False,False,False,pachytene,34,pre,4.269103813871498,12.44
364,5.781224292281619,127.80196593273529,49.12873718848228,9.695100473999998,1.322780858097928,0.7188482942172756,0.0498773507767784,0.2452667814113597,0.7875412541254125,0.6154391193022866,0.4075639263123713,1.649597454038205,-2.3185093803522054,0.5471960938608212,0.2033595845705844,False,False,False,False,pachytene,34,pre,3.7633757836881907,12.44
429,6.992526915769428,128.2114705509795,50.00423850538392,11.111950385999998,1.3843117168125114,0.5900358876926325,0.1380381713271193,0.3712667353244078,0.9434826883910388,0.2495274446957386,0.1650191602943791,1.7824598238372389,-1.8433669677904825,0.5481123696481124,0.3718032298436419,False,False,False,False,pachytene,34,pre,4.22895928918428,12.44
497,6.815779441797175,126.8412917562966,42.02332682777312,34.459478819999994,2.0187073540308558,0.5552756977535739,0.0906180400890868,0.59038726465636,0.9880909418982315,0.1881327833480973,0.1338515652936531,1.727303052288126,-3.818782379786137,0.5496123910969772,0.1534891511283391,False,False,False,False,pachytene,34,pre,5.56426635899343,12.44
318,4.124159663865505,116.09221533613284,15.13848949579813,6.699541967999999,1.169460347467827,0.6974789915966386,0.0474090407938257,0.4375,0.9950248756218906,0.1527160433438315,0.1273919185040123,1.2942531689722736,-16.58878786232751,0.5505045934145953,0.1083635218144589,False,False,False,False,pachytene,34,off_axis,34.30973266846934,12.44
57,3.898570971788121,129.70107038148956,49.88348557935969,95.372296146,2.83429168781657,0.7287551959072238,0.1581036720360332,0.5410772578890098,0.9984754841367944,0.1344669693139069,0.257231266962798,2.0910050150636645,-0.3673314714330468,0.5540922845270292,0.2922016583230056,True,False,False,False,pachytene,35,pre,3.590787016372984,12.44
320,5.589016602809709,130.0171237547898,47.749880332055554,5.510232521999999,1.0957053246348805,0.5977011494252873,0.0789473684210526,0.1555555555555555,0.9581304771178188,0.0971043041144416,0.0547076668015739,1.7411865785279077,-0.21507220327895923,0.5572696050279436,0.5075187969924814,False,False,False,False,pachytene,35,pre,1.4366328737005176,12.44
428,5.964941624575808,129.47673467748564,46.96904730479368,28.329960906,1.8911201494856311,0.6418812619027905,0.1755623332062523,0.4654335260115607,0.9668411867364748,0.1076783539085536,0.1279927740812974,1.907407642810765,-0.8134905257752155,0.5575774371231061,0.3772017342856639,False,False,False,False,pachytene,35,pre,1.0622836639185194,12.44
89,3.0059800285306912,129.55674085591838,45.0409966904432,41.10975945,2.1410103927207564,0.689358059914408,0.1272843860211606,0.5413299044819986,0.9989845653939886,0.0605931113997464,0.1001448433417307,1.8714998524309188,-0.8808983782786638,0.558553061892173,0.2351327443159818,False,False,False,False,pachytene,35,pre,1.5254456893702042,12.44
319,4.118157327586174,118.05336029094926,13.0334323545253,8.707527935999998,1.2762490222781016,0.7157866379310345,0.0,0.4947867298578199,0.9990258158792013,0.113317351752723,0.1322687756455662,1.3963793895030374,-14.794057939859947,0.5610523419493095,0.0,False,False,False,False,pachytene,35,off_axis,35.50993093509919,12.44
144,3.861574253586707,128.96157394338843,43.58820942225776,12.099522924,1.424163592244082,0.6616905777433113,0.0958549222797927,0.3908309455587392,0.9675392670157068,0.1366510676522304,0.2237587077907858,1.9277402021746544,-1.5852293167609557,0.5611290836336912,0.2452592952760093,False,False,False,False,pachytene,35,pre,3.0866722516087686,12.44
248,3.3885912698412457,130.74076994047724,46.75444226190535,4.729088448,1.0412690081953175,0.5887896825396826,0.0,0.4065138721351025,0.989547038327526,0.2874992923537081,0.2302396704135276,1.7482386140581387,0.4304742351418945,0.5618199659469272,0.0,False,False,False,False,pachytene,35,early,0.372668782277567,12.44
174,2.9994732221247022,131.68443266022877,47.85991571553913,8.015523426,1.2415029603732628,0.6277436347673397,0.04576144036009,0.4834905660377358,0.9795427196149218,0.1779927279483859,0.1899861649280218,1.6823344989784843,1.4557713986370684,0.5660600692504127,0.0946480522569666,False,False,False,False,pachytene,35,early,1.402880707983431,12.44
120,4.334026548672488,130.09687079961802,41.851658742098216,74.22041592,2.607023373025825,0.6714285714285715,0.1212915222719972,0.5874374759522893,0.996793937627514,0.1401188070789782,0.1840983971653221,2.1737609096217856,-0.5858072794582694,0.5661074588369932,0.2064756288750095,True,False,False,False,pachytene,35,pre,4.5049068670306385,12.44
246,4.008302232698244,120.30805411510504,14.987108937340611,35.827067394,2.0450670453336803,0.790152556799581,0.0925821064552661,0.4761310452418096,0.9966054313099042,0.047117842337226,0.1043518092396703,1.4766299891479864,-12.396806276069826,0.5667495402409324,0.1944466914738714,False,False,False,False,pachytene,36,off_axis,32.92826861597344,12.44
249,5.6611904120657295,131.15660853757166,43.14487659574476,8.709873713999999,1.2763636176834294,0.5725828171290062,0.0,0.2986767485822306,0.9064200217627856,1.073979370804955,0.790508058352104,2.0287491466866308,0.5695579537910394,0.5681546646075205,0.0,False,False,False,False,pachytene,36,early,3.2581082359880176,12.44
498,7.19287682557166,131.25705589005355,44.52179725130959,34.051313447999995,2.0107052862705594,0.6107054284926977,0.2026245237759277,0.4427534949566448,0.9832176859770856,0.1169350644388899,0.1398205956478664,1.8848340282668052,0.7748214777028372,0.5700944977368761,0.4576463564579408,False,False,False,False,pachytene,36,early,1.892873073793241,12.44
321,6.490597702730694,132.1422610152008,40.3459027787326,34.10526634199999,2.011766685599769,0.5101451269000619,0.1056134622629662,0.5943555181128897,0.9939668174962292,0.3322067764034367,0.2159927863071096,1.831901051860157,1.3386706234385277,0.5720347942410896,0.1776940888818439,False,False,False,False,pachytene,36,early,6.124156200758292,12.44
175,3.84035392375768,133.2885883651684,45.113832374101385,28.367493354,1.891954919985848,0.6294550566443398,0.1735521947620804,0.528676634679759,0.9965463650492145,0.162567020385422,0.1922752888299654,1.6024009265716757,2.8456200463009886,0.5739508337828748,0.3282766503709929,False,False,False,False,pachytene,36,early,1.4576454639644925,12.44
90,3.479799498746871,133.73679285714164,52.70095142857164,9.35965422,1.3073455664920997,0.5972431077694236,0.0491124260355029,0.358431860609832,0.7859649122807018,0.5399780059908361,0.1330281603426553,2.759799806578579,3.8716906314368797,0.5739789782170518,0.1370202580539118,False,False,False,False,pachytene,36,early,6.073120895951971,12.44
58,4.144982894226411,133.46960105280195,53.23841865939809,133.01968726799998,3.166715912645333,0.7063979120375269,0.1474293322408848,0.5527659318878011,0.9988201322693824,0.1690424176812247,0.2721036588182666,2.2473659339059777,3.6463068145028683,0.5744292988658231,0.2667120452546443,True,False,False,False,pachytene,36,early,6.629416338664572,12.44
122,2.93135544661627,134.9181363086522,48.43219162793499,36.845135046,2.064257388797355,0.6739670210734068,0.1489114176499917,0.5436438195664909,0.999879677535796,0.0877204211478656,0.1298696787871943,1.8212344189721337,4.723724994270485,0.5792837710412934,0.273913566733336,False,False,False,False,pachytene,36,early,1.726637256214084,12.44
145,3.996412789186503,134.26882167922935,43.23865066285473,27.072623898,1.862718581496441,0.6830430638592844,0.1294621608757734,0.5407326407873154,0.9977788354751704,0.0431700246848119,0.0319324965673308,1.5110944069321288,3.679848395252737,0.5823690807113261,0.2394199112657125,False,False,False,False,pachytene,36,early,3.4021831627489796,12.44
121,4.493287104724499,134.2089348636148,40.6492529637826,56.15557954199999,2.375571473159374,0.6313546931784954,0.1398635477582845,0.5161473087818697,0.9967881944444444,0.1201221874771245,0.1450646525133284,2.03699832434413,3.4224708371154,0.5833673542305393,0.2709760283132517,False,False,False,False,pachytene,37,early,5.979453747536644,12.44
223,5.158929096793109,135.10644849955852,49.8078359223315,15.946598844,1.5614442639535675,0.6706384230656075,0.0500636402206193,0.3675748101831174,0.977607864554888,0.1924914143756336,0.20457331839196,1.652504423114701,5.016499544158171,0.5841398231369842,0.1361998668942488,False,False,False,False,pachytene,37,early,3.0838924897231235,12.44
265,6.293600478469655,135.2497064123382,47.357723620128695,54.90997142399999,2.3578754979227217,0.6798103212576897,0.130712131755973,0.514743162108072,0.989967637540453,0.1375405747914933,0.1877013380034189,1.8137052362600457,4.972306517175637,0.5857065586145493,0.2539366064051369,False,False,False,False,pachytene,37,early,0.6299935310563949,12.44
481,6.70707558963241,135.7767001250115,51.27986497208219,28.146990222,1.887040050188167,0.736478039836653,0.1102982554867754,0.4206198608475648,0.9991939817302524,0.1314394182893198,0.3121504423641031,1.8283214117312,5.797164956689878,0.590379770882762,0.2622278825933713,False,False,False,False,pachytene,37,early,4.500461682670988,12.44
91,3.119155569990121,138.15528153946076,52.09619021760378,36.11325230999999,2.0504979099421385,0.6392335173757713,0.1366392041038395,0.5860640979474253,0.9915186853962364,0.1868537030203103,0.2158937484575153,1.9926851499040672,8.231121332259708,0.5919918248998751,0.2331472011037557,False,False,False,False,pachytene,37,early,5.132832470628724,12.44
431,6.147502448579688,137.8210464950333,51.02766569189965,16.765275365999997,1.5877204085488628,0.5967538827480061,0.1435364041604755,0.4441360166551006,0.9973430753902358,0.1010855673064063,0.1209800532133045,1.6331220613680766,7.816294154708116,0.5947417113368729,0.3231811849925707,False,False,False,False,pachytene,37,early,4.0929401013331175,12.44
146,4.673881917412807,137.45504864849937,40.883283901786825,86.176846386,2.740105783100713,0.6226148025151754,0.1795478754882234,0.528995960761685,0.997736208745383,0.1060516571810227,0.1140168734379462,2.361123458640048,6.676977929777851,0.594742772790389,0.3394125641899005,True,False,False,False,pachytene,37,early,5.993902559621338,12.44
92,4.830265248747154,139.02176189952235,52.04950157682487,19.190809818,1.6608671579425491,0.6851240679623518,0.1515151515151515,0.3035714285714285,0.8935528756957328,0.1822215532633721,0.1400159692737762,1.7123487688895198,9.091509355698037,0.5960954374939258,0.499108734402852,False,False,False,False,pachytene,37,early,5.0201360080661255,12.44
406,6.9780188868794015,137.76411714888587,42.98789740807712,23.349874212,1.7730948919961098,0.6362266425557566,0.0983565737051792,0.5095277547638773,0.988784298017224,0.2441543365906568,0.2738049736394543,1.7183448197953826,7.145803374016125,0.5971194019876233,0.1930347714831729,False,False,False,False,pachytene,37,early,3.9190232735843327,12.44
60,4.063599458728004,139.29757763870046,54.6270549052764,6.934119768,1.1829532355122412,0.6999323410013532,0.2157382847038019,0.0496054114994363,0.7409925220938137,0.349639702277273,0.1518344144640925,2.1252633681537123,9.563281624051314,0.5977873374927606,4.349087693915281,False,False,False,False,pachytene,37,early,7.5691135304861845,12.44
59,4.318013156128649,138.71315522351065,56.696768493754426,174.73700322,3.468157068964407,0.7514565713518593,0.1635492906840155,0.545965215512585,0.998972866558247,0.142266339076576,0.2368185670207221,2.2402636656255277,9.138559120312983,0.599726871530227,0.2995599097471176,True,False,False,False,pachytene,38,early,9.67740067708769,12.44
195,4.180465978716383,138.9653754998323,44.5172764068051,58.194060624,2.4039753912399786,0.7491534988713318,0.1519487598800762,0.4946167443355295,0.9994072708113804,0.102771332055492,0.206377933446016,1.84581765998536,8.460303987990214,0.6019791255684064,0.307205046372227,False,False,False,False,pachytene,38,early,2.4858066523680846,12.44
62,4.010730253353228,140.36547529806234,53.2537408345751,6.296068151999999,1.1454960704345385,0.7585692995529061,0.0255639097744361,0.0756172839506172,0.8043968432919955,0.4244672806333271,0.3284321283652057,1.7693760123258917,10.523229328956267,0.6026583948771073,0.3380696639558083,False,False,False,False,pachytene,38,early,6.118287093070438,12.44
61,5.403460107282627,140.23613810950667,54.149371961531216,48.54118415399999,2.2629445852185404,0.7804088339051853,0.173216885007278,0.3851232394366197,0.9922417008578888,0.0946343516755529,0.2509562512717677,2.0199354829069573,10.462638852108617,0.6046482812167269,0.4497700145560409,False,False,False,False,pachytene,38,early,7.021178015625064,12.44
514,6.727655456084997,139.955869888699,47.52429614081658,19.390200948,1.6665994475155828,0.4870554076941689,0.0762527233115468,0.6283018867924528,0.9947071277346506,0.2691549948690615,0.1828704201918572,1.5140330842978171,9.677453505865305,0.6047453259127652,0.1213631932586181,False,False,False,False,pachytene,38,early,0.43682809495277813,12.44
250,4.715706548498301,141.64376233382552,52.78025295420959,9.528550236,1.3151624671367144,0.8471196454948301,0.0675675675675675,0.0128824476650563,0.9600128990648178,0.3273005200961141,1.0569413782484434,1.572396471088397,11.761642075084938,0.6070633396650761,5.244932432432431,False,False,False,False,pachytene,38,early,5.548600873402717,12.44
339,6.134327917281909,140.18838310191884,40.286352230428086,31.76183412,1.964591774240101,0.6615952732644017,0.0989183874139626,0.5148406809253601,0.998874665916444,0.1886575134019423,0.2499770283791643,2.051333018585044,9.3567691682565,0.6074485170706537,0.1921339767404734,False,False,False,False,pachytene,38,early,6.797745562137467,12.44
264,4.851820900774362,128.59261246921204,7.66906043719236,53.33360860799999,2.335092667316746,0.798161505981703,0.075730110775428,0.4639354979298322,0.998472775564409,0.0493918790107604,0.1308906098625939,1.7505618473072702,199.86201858402072,0.6087538230420269,0.1632341373172565,False,False,False,False,pachytene,38,off_axis,27.756990310872276,12.44
93,3.229221248895011,140.2187203287027,48.33805956762774,58.37703130799999,2.406492239344272,0.7210077955476974,0.1232478848339436,0.5609966873109606,0.9983257433699436,0.0876757853395599,0.1646403134097038,1.7950766080819875,10.001656807560808,0.6092579289226451,0.2196944966372454,False,False,False,False,pachytene,38,early,1.2281519779458983,12.44
224,6.183374179777284,142.33140207526048,51.06265802039746,59.34349184399999,2.4196998410225627,0.7000948691596174,0.1491533026802736,0.553314880717016,0.9943380399832238,0.0672463428866812,0.0799017652303532,1.4954863130446805,12.316160224609582,0.6110284742280271,0.2695631508897655,False,False,False,False,pachytene,38,early,3.783525692990954,12.44
382,6.46672507446999,141.70581531452746,46.68405570352178,13.387355045999998,1.4729976615699514,0.5675486244962327,0.0612400152149106,0.3978930307941653,0.9583987441130298,0.3409521507767594,0.3125316384207205,1.4345026390624662,11.358151800516948,0.6126307431949094,0.1539107510696531,False,False,False,False,pachytene,38,early,0.5345452772364971,12.44
432,6.655322301803251,142.07410437144955,43.63815966905527,28.494165366,1.894766846224255,0.6204824236436981,0.1494464944649446,0.5273318872017354,0.996674251706634,0.0642231933395597,0.083532452235901,1.577283577933259,11.49285327426196,0.614715373504703,0.2834012091663491,False,False,False,False,pachytene,39,early,3.599667623114111,12.44
263,4.309952315028451,129.98212311952048,6.783967974157358,15.249902778,1.5383653472336494,0.7840332256575911,0.1279503105590062,0.50997150997151,0.9976910644193028,0.3419047607416385,0.6911631091707788,1.4804336796926325,198.63408064681903,0.6152732911326195,0.2508969776883306,False,False,False,False,pachytene,39,off_axis,26.66157252541452,12.44
407,5.301286326822275,141.8330646974764,45.73159695092852,4.923788021999999,1.0553671681307215,0.5169128156264888,0.0,0.4743589743589743,0.9755469755469756,0.3141941471331714,0.2593990800673089,1.2901696672739602,11.412322543272632,0.6153038501071478,0.0,False,False,False,False,pachytene,39,early,1.4939386332077,12.44
147,3.55674480318448,143.64833445378238,52.77305882352908,47.734236522,2.250334735106648,0.6565924615460219,0.1945597049331489,0.5127361190612478,0.9934960976585951,0.0830202939131666,0.1080500082459054,1.8581087353391892,13.759815908523274,0.6156326913388717,0.379453870519912,False,False,False,False,pachytene,39,early,5.388405770522086,12.44
338,5.183893691962744,129.74092050912571,5.356931364073233,14.651729387999998,1.5179824825010193,0.7332692923471021,0.1628140703517587,0.3553421368547419,0.991304347826087,0.170316274991487,0.2802650246948187,1.4572040868134026,199.10306936005162,0.6175102500095312,0.4581895966318076,False,False,False,False,pachytene,39,off_axis,27.343123690559533,12.44
177,4.326589775561152,142.14469526184803,47.62632601309107,15.050511648,1.531631248531318,0.5363154613466334,0.0621059268600252,0.5247058823529411,0.9926442121564072,0.2972724007546117,0.2323167389967583,1.7044417413512658,11.867680737658342,0.6178319642913979,0.1183633135224696,False,False,False,False,pachytene,39,early,0.3714730485557948,12.44
287,5.1970163442906365,143.79205509159564,41.52588451497157,64.15468252199999,2.483399467246937,0.6733701415042598,0.1102589641434262,0.6155826709951864,0.9992468332762752,0.1112597754439537,0.1462994516108446,1.8691124149624667,13.044547577360948,0.6204720962107692,0.1791131708843839,False,False,False,False,pachytene,39,early,5.8369216974516505,12.44
178,4.4257118451024064,143.71366828018228,45.8294485335993,32.953489344,1.9888602415757208,0.6676395216400911,0.156763590391909,0.4705504390661812,0.995811225914549,0.086426422082692,0.0872802553399682,1.637095505223862,13.294908384633649,0.6236646211387227,0.3331493871369245,False,False,False,False,pachytene,39,early,1.5399312133089944,12.44
225,6.751838671412076,146.68772131044668,53.129413627799046,33.617344518,2.0021268899090794,0.7461447212336891,0.0690890481064483,0.5291368884002199,0.992670738478623,0.1284597757578676,0.238877201410672,1.7696978031765438,16.81753705088887,0.6290069891686593,0.1305693283175371,False,False,False,False,pachytene,39,early,5.511704702068128,12.44
148,3.951074226977863,146.48910158606688,55.69981962675704,111.36815632799998,2.9846321094397084,0.6818181818181819,0.1917170528118144,0.5340924136104859,0.9995947479332143,0.0650295198945441,0.1044165244104132,2.45244334114242,16.815712602134408,0.6292066450359793,0.3589585770668404,True,False,False,False,pachytene,39,early,8.089772479644719,12.44
544,7.074001629991924,145.7388333740819,42.29066454767679,5.756539211999999,1.1117938977073238,0.5350448247758761,0.0379426644182124,0.5065731814198072,1.0,0.0642324457087105,0.0262725506584503,1.519960154786338,15.044025993370202,0.6305250506471899,0.074900657614499,False,False,False,False,pachytene,40,early,5.22298339151375,12.44
149,5.31834755542371,146.31188969445662,47.25318164397397,110.784057606,2.979405072281063,0.7647955618608,0.1484860099655039,0.5426719481454807,0.9984543032854276,0.1082054000742191,0.2148003364196271,1.87039565611906,15.99423124922534,0.6318788337221888,0.273620205490514,True,False,False,False,pachytene,40,early,0.31869144984588166,12.44
180,3.7201803262081055,147.84888669841018,51.18598007800722,46.310349276,2.227733055619788,0.7569648465201094,0.1210844477010441,0.5927469779074614,0.9990580108328754,0.134060066802878,0.2704150123620052,1.7305278644199185,17.82695943009097,0.6331654340413064,0.2042767862410723,False,False,False,False,pachytene,40,early,3.485302599565548,12.44
289,5.608564442058816,147.7849320987647,42.88489456074362,39.331659726,2.1096863259521896,0.6715572255024751,0.1051348716282093,0.5779916469947339,0.9976047904191616,0.2386493169150569,0.3401869410724951,1.664486932666269,17.129515859067997,0.637533239965868,0.1818968702659594,False,False,False,False,pachytene,40,early,4.786679231953304,12.44
176,3.885467901629306,136.71412052592203,7.886068636219267,66.101678262,2.5082719736255616,0.8022640973774797,0.1461844927980385,0.4725412778176597,0.9990964175613904,0.0279068465016181,0.0777415279079123,1.806442128031137,191.81246713346323,0.6387218589328014,0.3093581442729476,True,False,False,False,pachytene,40,off_axis,19.925450713178844,12.44
252,3.831584659913135,147.82162434876938,44.773802116498686,12.967460783999998,1.457433601229999,0.6499638205499276,0.1295546558704453,0.3622739018087855,0.9625608386372144,0.1123504994853627,0.1324617894723291,1.9484330501959388,17.310293584351193,0.6409068839904786,0.3576152055767642,False,False,False,False,pachytene,40,early,2.9060842491246213,12.44
251,4.823591356674105,147.55255148386297,58.93235144967064,34.304657471999995,2.015679563708788,0.6916028446389497,0.1850379472352729,0.4649667405764967,0.9997383226481747,0.0563680400702246,0.0804449067802934,2.269481526327508,18.122819550414505,0.6414072888041246,0.3979595336342779,False,False,False,False,pachytene,40,early,11.23169213123187,12.44
288,6.534361717369215,148.9475621185361,50.02898302688834,49.118245542,2.271876637179909,0.7334638712450452,0.1197160883280756,0.6149435585020606,0.999610288386594,0.1011660720875635,0.1835285485085639,1.579967196198217,18.834107967922964,0.6424821381838276,0.1946781727735985,False,False,False,False,pachytene,40,early,2.247812527755071,12.44
266,4.446965119472642,149.66096275748475,58.88860834935444,8.540977697999999,1.268059580258334,0.4773413897280967,0.0364556962025316,0.4787178139779295,0.9547395388556787,0.2518765939865179,0.1605405439327945,2.440825228841633,20.221739527351435,0.6474235529906716,0.0761527880059469,False,False,False,False,pachytene,41,early,11.027127989760814,12.44
94,2.881909896034095,150.21265880631668,46.85549249133548,60.91985465999999,2.440938007311232,0.7040431266846361,0.159356885048671,0.502992453812126,0.9971039061948151,0.0417155545191426,0.0627728307829456,2.168198403509848,19.85326017644507,0.6504636605217996,0.3168176457537728,False,False,False,False,pachytene,41,early,1.0129911438175485,12.44
383,6.845397362191608,150.3830506526888,45.16875461616601,34.68232773,2.0230496565228195,0.6698681095705106,0.0759182127981825,0.6349108789182545,0.998417143552904,0.1756191060266658,0.2465420663801562,1.7613083698425531,19.894395220048338,0.6512914617008173,0.1195730224807773,False,False,False,False,pachytene,41,early,2.707814423404267,12.44
433,5.913304721030036,151.79071088567986,56.66329523995402,6.012229013999999,1.12801697519323,0.6250487709715178,0.0,0.4484911550468262,0.99581589958159,0.2212166696139665,0.2640115651492288,1.4661703001152977,22.17540074207513,0.6522935855576614,0.0,False,False,False,False,pachytene,41,early,8.64573063053992,12.44
365,6.37522608479264,151.53277056334423,58.14655124035561,28.273662234,1.889866610200777,0.7366630714344977,0.0799999999999999,0.4615626969124133,0.9950535861500412,0.0626503205271173,0.1003763405731366,2.228146895870014,22.03143959046813,0.6537948389300986,0.1733242320819111,False,False,False,False,pachytene,41,early,10.14434891397367,12.44
196,4.045119396732153,154.37810654377532,52.86386150397927,55.99372086,2.373286886372807,0.7723083368244659,0.1126530612244898,0.4897884084636614,1.0,0.0680280877970758,0.1493914359200171,2.200542777766626,24.465211308194263,0.6603369963732907,0.2300035265796777,False,False,False,False,pachytene,41,early,4.6598705505968905,12.44
226,4.590490480133076,153.86508455091598,44.34290493067176,90.678394368,2.7870092111518425,0.6907336506622517,0.1056332759781552,0.5885403596821414,0.9976425996117224,0.1447995302239237,0.2132270338465315,2.03134789430903,23.30322649045057,0.6630367690287494,0.1794834869697051,True,False,False,False,pachytene,42,early,3.7970605578302727,12.44
181,5.055830227428363,154.35617515782994,56.66916327679464,30.839943366,1.9453973540316984,0.6224233665475014,0.0573490315229775,0.5191377921031426,0.9876716604244694,0.0231682186967983,0.0319478096997859,2.0015417107753923,24.733827228405158,0.6631835521371349,0.110469768133512,False,False,False,False,pachytene,42,early,8.455743053104126,12.44
253,4.366165328508424,153.0966790116464,46.87287194391,20.743714854,1.704509037341256,0.6851747144634174,0.0766169154228856,0.59375,0.9917094354520332,0.2075515606626033,0.3002819490935021,1.4356320713845407,22.730191827076894,0.663522034042467,0.1290390154490705,False,False,False,False,pachytene,42,early,1.2158183306408012,12.44
448,6.556789189188874,154.1798549027,47.77340137297107,43.396893,2.180000915584029,0.6303783783783784,0.1634450697333007,0.5870137467095642,0.9998834770449778,0.0851887959615731,0.0987675707700831,1.550280117468452,23.87895037458338,0.6654209458044746,0.2784348248221999,False,False,False,False,pachytene,42,early,0.40060236962457796,12.44
197,4.179455891945724,155.24015637159326,58.51400254403235,61.13332045799999,2.4437857343929514,0.742603890871417,0.1595038215762435,0.4867322599880739,0.9833698030634572,0.0418944693661116,0.0635264135072782,2.5533943780319133,25.756057607568607,0.6695298989739026,0.3277034104543466,False,False,False,False,pachytene,42,early,10.227719283233638,12.44
349,6.707406952462867,155.9474769684318,44.19947688244829,19.096978698,1.6581558652664472,0.6865249969291242,0.1754442649434572,0.5254702194357367,0.9943362029904848,0.0520436827244742,0.0994444884235251,1.751540331362479,25.368593934073214,0.6711109559036637,0.3338805101683093,False,False,False,False,pachytene,42,early,4.099032590257517,12.44
555,6.9469710587814255,138.31632910300206,20.36513070285817,13.049563014,1.4605029993115122,0.5274132662232609,0.0460812772133526,0.5686572841384557,0.9743003997715592,0.1199966279444601,0.0541389255059595,1.1079353842055888,188.21164341403943,0.6736857851276343,0.0810352359825445,False,False,False,True,post,42,off_axis,18.074362323174327,12.44
227,5.979350149636275,157.56244739204982,55.8064907118424,65.84129690399999,2.5049741920164297,0.6826635314236853,0.0933428338762215,0.5684293252498035,0.9953090332805072,0.1531369414922607,0.1988088308598854,2.0016366772723053,27.864890547053392,0.6757861526088148,0.1642118548954188,False,False,False,False,pachytene,42,early,7.350832156757221,12.44
515,6.475621890547308,145.49819999999943,12.3384014925373,8.958526181999998,1.2883958561322415,0.7046347211311862,0.0791836734693877,0.4406028368794326,0.9662980516061084,0.1873203212933878,0.2376385105076893,1.271195832563754,182.4235915549962,0.6796643354919374,0.1797166673510449,False,False,False,False,pachytene,43,post,10.224226862191884,12.44
230,5.586979472140768,158.63714129032064,56.71435979472249,7.999102979999999,1.240654607832379,0.66158357771261,0.0423236514522821,0.2261698440207972,0.7571592210767468,1.3044720271957575,0.6831544505846218,2.1752812350399244,29.005752134540522,0.679888679769082,0.1871321600610481,False,False,False,False,pachytene,43,early,8.174013840728884,12.44
179,3.9827181482333263,147.26382750514662,6.99303513257304,71.75031168599999,2.577775317184141,0.7771929250988983,0.1696113074204946,0.4497432134996331,0.9994279176201372,0.0485163420802142,0.1143607745271254,1.6584866477216127,181.54639233923203,0.6813476095156537,0.3771292202514425,True,False,False,False,pachytene,43,post,11.20951895707632,12.44
254,5.115915089780353,158.52878630060636,44.28680065058209,63.099082422,2.469703467602609,0.7047102122755493,0.1135044642857142,0.5790003776910487,0.9994124942881388,0.1380955231930559,0.2406858552728304,1.61578887089268,27.94903728952154,0.6819324933157103,0.1960352163125523,False,False,False,False,pachytene,43,early,4.209011670882573,12.44
229,4.399670771054256,159.50529825508153,54.72552247316753,35.625330486,2.0412213282166607,0.71343912556792,0.1392405063291139,0.5303308823529411,0.9988485895221646,0.072507493624464,0.1281689205517419,1.7990671228381712,29.71955509181556,0.6823434539495945,0.2625540223328872,False,False,False,False,pachytene,43,early,6.1247076788150165,12.44
228,5.046416322223592,159.59095047928335,51.102687439540446,106.69536655199998,2.9422911817179025,0.7183625010992877,0.2002247611912343,0.5263856362217018,0.9983887055934936,0.0647296883020945,0.1122766444069161,1.7202667206535305,29.52840294690804,0.6828525617282661,0.3803765669375222,True,False,False,False,pachytene,43,early,2.505905274443687,12.44
543,6.680401443391875,142.16738108931074,20.222692422192758,20.802359304,1.7061137956112882,0.5817546233649076,0.1285244360902255,0.611215961175519,0.9977207977207976,0.0619872222506932,0.0705634010612189,1.0672980826940728,184.43441997306607,0.683554519540386,0.2102766358441317,False,False,False,False,pachytene,43,off_axis,14.417356629619121,12.44
482,6.570034491461628,148.32818838226794,9.895023058803844,27.884263086,1.881150406596109,0.7575502649953731,0.1342745569240012,0.4580152671755725,0.9943938332165382,0.1295027780842221,0.2369233350810662,1.3800547493665498,180.02637714387822,0.6873885282760568,0.2931661159507361,False,False,False,False,pachytene,43,post,8.56606929246439,12.44
182,3.969270142180088,159.12251072985367,47.27989967772418,49.49591579999999,2.27768459758221,0.706872037914692,0.1427581427581428,0.5147938561034762,0.9996615046119997,0.1262866397701921,0.1932475043324262,1.7680964051226895,28.769511919444543,0.687410049133137,0.2773112791957013,False,False,False,False,pachytene,43,early,1.26996899242132,12.44
516,6.660766507618959,147.45159184238855,13.701325211636052,15.240519666,1.5380497689187829,0.7049407418808681,0.1632474901789611,0.4418362023995826,0.9938235294117648,0.1232035885142319,0.1930308807724778,1.3801829215439965,180.2753649580834,0.6891361427010932,0.3694751342066924,False,False,False,False,pachytene,43,post,8.063232080078548,12.44
408,6.159271156985802,161.8654971035889,57.83846222549977,44.543978442,2.199041699095497,0.670862078045184,0.099164024214471,0.60144,0.9997008376545672,0.1190372146327476,0.1805029128932857,1.707022796558151,30.04894779377135,0.6938425903920008,0.1648776672892907,False,False,False,False,pachytene,44,early,9.402131634285984,12.44
183,3.2698999444135906,163.05081215953336,53.97243977209432,16.880218487999997,1.591340630482887,0.6819066147859922,0.1219792865362485,0.473569244211446,0.9973183812774256,0.1816922777477907,0.2480049634553407,1.6797540144154872,31.862280912587185,0.6976281888570613,0.2575743421415802,False,False,False,False,pachytene,44,early,5.787864849405631,12.44
256,4.894721086868536,163.63777749122264,44.179604363596326,81.49701927599999,2.6895794129476016,0.656266190777733,0.1877295606039994,0.578964997487858,0.998812821527503,0.0660882432646456,0.0940960957594435,1.901747751625696,34.07386236852977,0.7025245666435316,0.3242502766463641,True,False,False,False,pachytene,44,early,3.7700146801902554,12.44
184,5.275595513170632,164.33424164600754,53.4839661471233,55.83655373399999,2.371064302550463,0.7382262739990757,0.1146632566069906,0.5206226929866795,0.9940523924084468,0.1357368018487288,0.2639991958344744,1.7884818728394778,33.20919095254707,0.7027239687828467,0.2202425252522067,False,False,False,False,pachytene,44,early,5.520225029313472,12.44
255,4.527979274611414,164.56450606217462,55.24134227979175,13.58205462,1.480104189033474,0.5939550949913643,0.1292592592592593,0.4444917056571671,0.9903886335144172,0.0621583331332821,0.074645196500522,1.6619029452013614,33.14321147396699,0.7028234187754504,0.290802410065568,False,False,False,False,pachytene,44,early,7.291393931883698,12.44
267,4.940236460717227,152.53891847825898,5.526810869564911,61.50629915999999,2.4487455643400504,0.7284515636918383,0.2185270552079903,0.4307584269662921,0.998314369995786,0.0379999934714602,0.0549517337693755,1.8802294278806344,176.5781605402288,0.7032748439750844,0.507307672996704,False,False,False,False,pachytene,44,post,9.56989725042736,12.44
198,4.709500090329442,164.698518411752,47.90292327664108,90.891860166,2.78919446125844,0.7562391927116938,0.211865821094793,0.4821598729486501,0.9996657893637464,0.0506213037169778,0.1367043725506449,2.041817276550683,34.49893744309975,0.7071548745859638,0.4394098990426702,True,False,False,False,pachytene,44,early,0.07804797648538418,12.44
367,4.829878764176788,165.69213859992044,55.97487829487801,5.998154346,1.1271360556820973,0.577630035197497,0.0217391304347825,0.4185185185185185,0.992084432717678,0.1901329546078261,0.1796594765426993,1.677457500786075,34.132750688019016,0.7078127820045231,0.0519430550211619,False,False,False,False,pachytene,44,early,8.202680039242424,12.44
150,4.639403900942435,165.89027541091264,51.09682054569475,21.407570028,1.722501417666688,0.5610344071882534,0.124562937062937,0.4348477284073889,0.9930994824611846,0.1816433548894026,0.1216341802409233,1.8214262643657388,35.14146898410103,0.7082658997082246,0.2864518518221159,False,False,False,False,pachytene,44,early,3.4259454852414906,12.44
385,5.691491491491498,165.84891678344923,57.22685949282722,21.090889998,1.713965591665308,0.659548437326215,0.0854496564087242,0.5883698137863443,0.9997904003353596,0.1928499701329768,0.269134963372113,1.61729496001705,34.07858197322821,0.7089988203932007,0.1452312039239894,False,False,False,False,pachytene,45,early,9.463275957523463,12.44
268,5.289758241758082,164.92047242490457,41.06722247618933,48.02980455,2.2549698351958023,0.6804395604395604,0.1014831090359791,0.5615161241020938,0.9985121815138552,0.1122691419892517,0.159814591639402,1.7645198958593102,35.85755203405509,0.709796345344041,0.1807305341378365,False,False,False,False,pachytene,45,early,6.624953993564642,12.44
232,5.491452861697187,166.97216210718193,50.01279860331099,15.451639685999998,1.5451191946041516,0.5694549870957948,0.0819035286500485,0.4481664315937941,0.9619427328742298,0.1184809148656447,0.0840080174737533,1.557340772520762,36.38895780214908,0.715321647825659,0.1827524840688731,False,False,False,False,pachytene,45,early,2.5374894964727606,12.44
409,6.556049845906535,167.24629833847243,54.231090767786334,17.506541214,1.6107837774250728,0.6041806244137746,0.0598345003182686,0.5605958023019635,0.9968399885090492,0.2942244537894054,0.2849730232496733,1.9536145246466528,35.955909012231,0.7158793799939027,0.1067337644566217,False,False,False,False,pachytene,45,early,6.742439936576752,12.44
447,6.534360436808517,151.24954499895918,19.4442190616968,67.450500612,2.5252178816466464,0.6857480698337622,0.2553156419976924,0.4403497122620629,0.993311758360302,0.0544479714660033,0.0679822121239293,2.032761916327676,175.59799757815716,0.7164686412379635,0.5798019957504772,True,False,False,False,pachytene,45,post,6.388149349268581,12.44
517,7.080848563564506,154.4821348640896,14.886147638928025,75.855423186,2.6260279373942925,0.6966323406623991,0.364596152600557,0.4037716615698267,0.9949356008503188,0.0645214507354175,0.0614498699321441,1.938184802476265,173.1457535151498,0.717337887413415,0.9029760810430356,True,False,False,False,pachytene,45,post,1.0083694185063912,12.44
123,4.061952758328958,168.25848361160425,53.03267486342936,91.464229998,2.7950369769233445,0.7362211792464928,0.165787979560386,0.5034516285853184,0.9977452565302476,0.0718909447341931,0.1347721595085878,2.3289537094297144,37.15374589778624,0.7191697008652852,0.329302697910114,True,False,False,False,pachytene,45,early,5.729569509244603,12.44
1,2.265686371915858,156.16084558370957,11.338800178837138,70.83076670999999,2.56671576360396,0.7523762212286802,0.2411448289860955,0.4754580714190183,0.9992244626634168,0.0714092377719269,0.1201491634380723,1.945156569280686,172.06331524542492,0.7218055512076643,0.5071842155637234,True,False,False,False,pachytene,45,late,3.3711066310602016,12.44
302,5.345727687626786,168.21048084432272,42.346775944471126,37.006993728,2.0672756969704937,0.6845841784989858,0.1260976466455918,0.5452170418006431,0.9991943837035332,0.1772854070270673,0.2655937794733806,1.7161762420598912,38.88815514290682,0.7224404747919488,0.2312797234458035,False,False,False,False,pachytene,45,early,4.814744813759035,12.44
387,6.158933231493622,168.9025113805621,48.49887139583604,36.854518158,2.064432604279474,0.6562281204251799,0.0827105978260869,0.6113682651360859,0.9997537855472116,0.1292401548913423,0.1803092610268999,2.003194188834069,38.544713170742305,0.7252174674884801,0.1352876859051167,False,False,False,False,pachytene,46,early,1.3666168742146043,12.44
303,4.879414084507025,170.20365765633622,50.88185378028296,20.81877975,1.70656258735606,0.6508169014084507,0.0441085749537322,0.5437237818651178,0.9997888959256912,0.1885112467610818,0.275352697465461,1.7987828034142472,39.43031260110766,0.7256795216457637,0.0811231298407217,False,False,False,False,pachytene,46,early,3.933190528813635,12.44
340,5.761108874446433,169.86821675964907,43.843436504285535,40.786042086,2.1353758064507646,0.7071950307701156,0.1155316191799861,0.5433117265763111,0.9997996794871796,0.1265071155900603,0.2276326542868608,1.9744224450794765,40.273135511736925,0.7278851771377766,0.2126433381219484,False,False,False,False,pachytene,46,early,3.062628786144962,12.44
434,6.382393442623012,158.5501844655715,10.75768400655682,71.546229,2.575328968303181,0.7727540983606558,0.1989135460009246,0.455778386957149,0.999424355015961,0.0329498071836201,0.0759124283758592,1.829700275582288,169.79953283798838,0.7286944473282354,0.436426016882687,True,False,False,False,pachytene,46,late,4.331276152469734,12.44
322,5.62466812091022,169.57546502337212,40.078870227485375,37.63800800999999,2.0789593949143854,0.6567154876908694,0.0985270049099836,0.5976761074800291,0.9967020886771712,0.062057129173938,0.0955844006741817,1.6375695148545395,40.61217627036924,0.7290020190232753,0.1648501649587454,False,False,False,False,pachytene,46,early,6.823308803841258,12.44
384,6.178766881142274,157.57970466308643,21.71997735628919,66.35267650799999,2.51144272863379,0.743265219543237,0.1872411863458309,0.4321123657394657,0.9996875390576178,0.0579064007669852,0.10317489929516,1.9687236134467971,168.98296688565193,0.7411793196124611,0.4333159640673756,True,False,False,False,pachytene,47,late,6.643555353211932,12.44
366,5.503368427748875,162.75224721842045,6.869125315691168,73.748914542,2.601491079897742,0.7804955628359681,0.2233851001575512,0.4112447471380959,0.9974611398963732,0.0129969087082797,0.0402358765504802,1.7730660273953556,166.28223724635652,0.7448081941046488,0.5431925920321568,True,False,False,False,pachytene,47,late,8.848670511198481,12.44
290,4.652648401826531,174.2922217465764,46.837499931506194,20.54901528,1.6991594502360186,0.6710045662100457,0.0639818122767131,0.4122137404580153,0.980781830093907,0.0402329530946024,0.0855813835342235,1.6345787283467827,44.13598763654783,0.7487192115983657,0.1552151371898041,False,False,False,False,pachytene,47,early,0.6271692289802477,12.44
233,5.56404172632425,174.39341437921976,39.19758527306254,68.81105185199999,2.5420837965633147,0.657257789595691,0.1902384020618557,0.5223791525760891,0.9986854849868548,0.0484824716234155,0.0356239094512103,2.2846026846235863,45.509623952261876,0.7487219286581376,0.3641768648762181,True,False,False,False,pachytene,47,early,6.888924118587686,12.44
199,5.036734261886059,176.8437398543742,50.16017133059725,110.819244276,2.979720473396254,0.6452097709665128,0.1064612432029,0.6346876678002505,0.9998757043420616,0.024797911750861,0.03262104786832,2.2221672062480957,46.09777395228456,0.7525767050663583,0.1677380050125783,True,False,False,False,pachytene,47,early,4.328761363744148,12.44
341,6.690933711632827,175.71840508769338,41.71108715501541,36.378325224,2.055502600920188,0.6248387928810937,0.1223412279378488,0.5692677896184256,0.998671272920542,0.183260349154242,0.2130456275765495,2.0274318232662627,46.396971530491626,0.7532311421450287,0.2149098019753637,False,False,False,False,pachytene,47,early,4.189682305868455,12.44
2,2.261641621677251,164.0337957945029,10.169444854027653,68.21757001799999,2.5347543595323936,0.7781025411780887,0.2122802734375,0.4619556795289012,0.9992363080951342,0.0613810122970207,0.1192569683439727,1.7483352142396662,164.48342781666366,0.7538489639450969,0.4595251943952323,True,False,False,False,pachytene,47,late,5.799283614848247,12.44
323,6.216859810608349,176.86382564730562,46.412047116085,35.423593577999995,2.037361065365071,0.7263095159260976,0.0914486700373709,0.5402855068957174,0.9987580444845884,0.1231136193946567,0.2230579223730423,1.869818883889682,46.742531420005136,0.7579433091672603,0.1692598984614661,False,False,False,False,pachytene,48,early,0.6364549877361481,12.44
435,6.442072752230367,163.7783474433772,19.137278977351556,68.35597091999999,2.5364673850384847,0.7565202470830473,0.1912686652228428,0.4792107117688513,0.9986309184255562,0.0649036960452045,0.1314717168147763,1.9465567314866783,163.28406166290858,0.7585713719779813,0.3991326999282558,True,False,False,False,pachytene,48,late,3.091656917669801,12.44
151,4.75349968879072,177.32124517059714,38.35521130538292,41.456934594,2.147020505961954,0.5385616477111979,0.0882155635062611,0.6360515021459228,0.9970666294175164,0.0855187880322887,0.0713736117310486,2.388809284012861,47.804171278497904,0.7611404567312915,0.138692485134675,False,False,False,False,pachytene,48,early,7.342058450189077,12.44
231,4.409275280101981,162.14483314778212,24.07253187136532,66.160322712,2.5090135218741128,0.7526237413132889,0.2138591549295774,0.3994553533037122,0.9991117314891188,0.0509080965262365,0.0999655376084883,2.404431390231896,164.09726651987322,0.7630477757946185,0.5353768654265022,True,False,False,False,pachytene,48,late,8.226224858830374,12.44
33,4.059271717248819,177.72870889076142,42.70023687791576,92.055366054,2.8010455202021314,0.6291822745457789,0.1447546282691743,0.5610912589334799,0.9975916230366492,0.0264346331069296,0.0378673711003375,2.5392700020767425,47.9196295005526,0.7640521841509827,0.2579876730646692,True,False,False,False,pachytene,48,early,2.979496896677829,12.44
124,3.3508432402544006,178.39254148465494,45.31050279928246,33.938716103999994,2.0084865751871632,0.6580729886646393,0.1148684916800858,0.5322417626844552,0.9983666802776644,0.114101378999929,0.1668354246816321,2.107024193708826,48.40709889980687,0.7670973583305242,0.2158201398941833,False,False,False,False,pachytene,48,early,0.33062251729431535,12.44
465,6.7300567920180585,167.77833007828798,13.884947677667704,76.41371835,2.632454709305903,0.7422256331542594,0.2775531274197711,0.4264618316065261,0.9986407872560212,0.0492138339809789,0.0690903747575782,1.8584216626181795,160.18690881282035,0.7679463056233518,0.6508275931147216,True,False,False,False,pachytene,48,late,2.7388224266394383,12.44
63,4.47857525633237,179.38338267300483,39.73554122396546,65.660671998,2.502681430827288,0.6947590296881141,0.1997752177577971,0.4626638576779026,0.9913793103448276,0.1162430628261843,0.1774980290030389,2.3192534435867,49.76920231072451,0.7693946033826334,0.4317934380274776,False,False,False,False,pachytene,48,early,5.826679023986919,12.44
499,6.873333333333343,180.05623380769455,43.71750265384732,18.2970684,1.6346732936703212,0.6982051282051283,0.0669837495045581,0.4961767204757858,0.9995347755291928,0.1744970338505865,0.2558179926209576,1.6355851691378405,50.17377479699087,0.7724864453033272,0.1349997828199741,False,False,False,False,pachytene,49,early,1.8085866181460308,12.44
449,6.518531336180963,181.64045781646948,48.2255103714903,43.380472554,2.1797259258272854,0.7437949494403288,0.1745644599303135,0.511397214014352,1.0,0.0613020212301024,0.124232952882135,1.8606673577575372,51.45243077775928,0.7742370662434879,0.3413480854931183,False,False,False,False,pachytene,49,early,2.7954266502050484,12.44
45,2.6038855909336083,179.8740069077181,41.81017058823396,13.040179901999998,1.460152863727388,0.534628530311207,0.036140089418778,0.5353691534596057,0.9813866914844114,0.2698597758879024,0.2212447369651098,2.31913523770189,50.11973684962586,0.7750868716584483,0.0675049901273492,False,False,False,False,pachytene,49,early,3.723841732180852,12.44
304,5.033032181871729,182.7468716740474,51.774965332152426,39.72575043,2.116709051123269,0.6888101564806614,0.1023675694089593,0.5415559772296015,0.999121361889072,0.0818866247779799,0.1149172758237419,2.0511286464116893,52.31856722206046,0.7772152523765231,0.1890249091749178,False,False,False,False,pachytene,49,early,6.411030306838717,12.44
95,3.238373818919265,170.73132144226932,7.658083817833633,64.797425694,2.4916653589552493,0.7595482025848025,0.2518585266952016,0.3919000301114122,0.9988042041664044,0.0339740455616082,0.0739112435263345,2.261298872545006,158.28067136575615,0.7783510318583761,0.642660136115839,False,False,False,False,pachytene,49,late,9.361529601206806,12.44
96,2.3510306343241405,183.7789209429457,48.5664634437981,20.598276618,1.700516142514426,0.7419428311126295,0.219428177747158,0.4152691968225949,0.9956647398843932,0.1382604298447406,0.2416015473572514,1.5152840868619948,53.563247838774664,0.7831972717192147,0.5283998414187674,False,False,False,False,pachytene,49,early,3.2788776567619893,12.44
411,6.667517549457567,182.7645228206701,55.42881773452478,36.75834126,2.062635233610001,0.6708359923420548,0.0830222222222222,0.5044590926715782,0.9952872245573812,0.0789627122201985,0.1290713655826972,2.9735792675595056,52.09139299512067,0.7851526118259066,0.1645767187633444,False,False,False,False,pachytene,49,early,10.057856435394017,12.44
3,1.7823017683969642,172.57353633413686,11.48240633556714,65.79438134399999,2.5043790731609974,0.7596976611523103,0.2721382289416847,0.413946587537092,0.9983161945997956,0.046067755510086,0.0732508776232546,2.0997581016551528,155.84377779234796,0.7886865551583565,0.6574235351494462,False,False,False,False,pachytene,50,late,5.885792537022588,12.44
5,2.4995778277317404,183.6767406217459,42.093268995009616,42.78464494199999,2.169700426300358,0.6451559844289709,0.1124520021941853,0.505716934487021,0.9979834192247368,0.2117529731990254,0.2532465082660391,2.3617775596938198,53.89496143421068,0.7889282450109932,0.2223615515431615,False,False,False,False,pachytene,50,early,3.1866194842527285,12.44
386,6.079510265329464,168.95160482914136,25.14746535707083,68.782902516,2.541737109372304,0.6857649546415661,0.2143587994542973,0.4540915997395268,0.996232207647223,0.0245117313564196,0.0285429430977982,2.2124373026509048,157.20626162129267,0.7889973808750994,0.4720607022399369,True,False,False,False,pachytene,50,late,8.185307764798964,12.44
466,6.68191849802581,171.6683292965663,19.78091033539631,75.46602403799999,2.621526708707361,0.7572658605576451,0.3131926121372032,0.3883980023050326,0.997133585722012,0.0650569991998913,0.1186419735997764,1.9184694229750652,155.39393473858115,0.7904557804167213,0.8063702961356478,True,False,False,False,pachytene,50,late,2.449806400247956,12.44
234,5.400429999999786,184.30300142999917,43.90482541500057,46.91555999999999,2.2373955248751174,0.6494,0.2099154929577464,0.4602110667427267,0.9986214209968186,0.17949472285542,0.210421329443864,1.9625488386921135,54.398452098776644,0.7905983241840167,0.4561287377191566,False,False,False,False,pachytene,50,early,1.3371772944399667,12.44
98,2.2800583302952773,185.73682945679988,47.93966817353244,6.434469053999999,1.1538287844883963,0.7499088589135983,0.1238825031928479,0.0641399416909621,0.9208722741433022,0.2139406774735318,0.2278215523764795,1.89446151748812,55.558749131607044,0.7914786106145166,1.931440845233948,False,False,False,False,pachytene,50,early,2.784658424280665,12.44
292,5.050404148238786,187.21010195211383,52.81171376010298,61.525065384,2.4489945850937214,0.7144654567637639,0.1098300249613692,0.4969955935371878,0.999594183293879,0.0335398536314762,0.0552425777813287,2.4367604455206564,56.70231455782553,0.795662294704853,0.2209879250230238,False,False,False,False,pachytene,50,early,7.744458637900952,12.44
291,4.957172253567817,180.72571665781507,29.028508426815765,70.67829114,2.564872672773145,0.7512446067042815,0.2146898575020955,0.4044029352901934,0.9963499352407864,0.0230213187089014,0.0345670104464013,2.7719610381150366,143.75307777561898,0.7970119896631565,0.5308810564098339,True,False,False,False,pachytene,50,late,9.817934935018187,12.44
97,3.9434832984101593,186.63585555035888,47.42658969555105,95.15648457,2.832152230368054,0.676962899050906,0.150249659555152,0.5758547008547008,0.9982188527584948,0.0961728308126713,0.133300913678563,2.213680832758525,56.49012857503311,0.7970902565466633,0.2609159208601527,True,False,False,False,pachytene,50,early,2.332961873672847,12.44
368,5.90430570505946,185.68526954790383,56.35652798170259,43.58455523999999,2.183138740592175,0.6509687836383208,0.151622187336473,0.4713955281418658,0.996536596628954,0.1188556611119611,0.1323755359436437,3.8395751323851193,54.94342703358697,0.7978669974246716,0.3216453663320339,False,False,False,False,pachytene,50,early,11.179154607511894,12.44
305,6.093161326120264,187.9748332501042,50.04748963795367,16.910713601999998,1.5922983376811644,0.5488972118185602,0.1038853678699366,0.4941574415744157,0.981940509915014,0.1824755460269017,0.1290410358931229,2.035776789285984,57.65051387609963,0.7997888912880599,0.2102272659073017,False,False,False,False,pachytene,50,mid,5.037676968016449,12.44
125,3.8174329035918935,186.85243208465488,40.87684841887498,57.860960148,2.399379858836463,0.6737614530122435,0.1449367761130592,0.5313781533490742,0.9991346758967904,0.1532036377794132,0.2537009866417981,2.4215419187689986,57.14501107100574,0.7999294986331748,0.272756369827359,False,False,False,False,pachytene,50,early,4.1875553683157545,12.44
257,5.513456587877174,186.99716360871557,36.87679630236406,90.211584546,2.7822184992474126,0.6692149673661492,0.1500634729738759,0.5542803238739092,0.99948828164978,0.0608314754145769,0.0901715882141528,3.1968345721515137,57.55739641675975,0.8006654040406942,0.270735702694749,True,False,False,False,pachytene,50,mid,8.16892479044525,12.44
518,7.014874625237936,176.10973229763005,14.83560198282957,68.853275856,2.5426036501149363,0.747172254020169,0.3692307692307692,0.4204285136774019,0.9974982130092924,0.0388020687869771,0.0462811036080447,1.9746520700449253,151.81148975519667,0.8017248042416407,0.878224852071006,True,False,False,False,pachytene,50,late,3.149142006448419,12.44
153,2.660154241645254,188.4395500257062,47.765032904884414,4.56253821,1.0288987393129234,0.4539845758354756,0.067603160667252,0.3860640301318267,0.884469696969697,0.6846553345919094,0.2322067858763813,2.333809385849475,58.26709722597528,0.8022765127285819,0.1751086747039552,False,False,False,False,pachytene,50,mid,2.7914812079556275,12.44
43,2.859121780225751,172.79746487746317,25.78939890457373,74.94995287799999,2.6155373025698694,0.7519013489405653,0.2804103122730573,0.4049451242588621,0.9981198849811987,0.0592280646597387,0.1126152262061326,2.367982942034731,153.307210860996,0.8059390660129936,0.6924649674107556,True,False,False,False,pachytene,51,late,8.196324085307232,12.44
44,2.5887021313460603,178.93779767804554,8.966748324380694,67.68742418999999,2.528171081957668,0.704314676832438,0.2735632183908045,0.4349507735583685,0.997983328851842,0.0523752973122618,0.0746781840554266,2.151433294906119,149.97058713036185,0.8119090016157899,0.6289521367044852,True,False,False,False,pachytene,51,late,9.398339921866814,12.44
306,4.827967341545472,191.0431269007508,48.85168738496311,49.704690042,2.280882537215347,0.6715748737552504,0.210460630814613,0.4282224457537002,0.99509900019604,0.0687341998712408,0.0923850877579298,2.31651825556085,60.7920256806672,0.8139912933089102,0.4914750100130511,False,False,False,False,pachytene,51,mid,4.050118090471418,12.44
467,6.585269758637446,178.87017063712955,8.799567203029204,79.30606262399999,2.6652580256349423,0.7252129673450072,0.3229356460899352,0.4180839612486545,0.9968864672523072,0.097533579290773,0.127758195575036,2.017806056213409,150.06438084271807,0.8140763346461881,0.7724181648237636,True,False,False,False,pachytene,51,late,9.552371358664086,12.44
293,4.681189808606665,191.83760701572567,52.46229969523354,38.484833868,2.094435557179537,0.6881628672436914,0.0877318116975749,0.6260750586395621,0.9995589370382624,0.1482561010598942,0.2213265013388883,2.32971569345787,61.342832009160134,0.8144042327420126,0.1401298622056801,False,False,False,False,pachytene,51,mid,7.705844050750581,12.44
410,6.335476243729269,177.53739041122404,25.208095830272352,73.415814066,2.5975684646209904,0.7375786816627792,0.2377018748839799,0.4093510288566906,0.99768075607352,0.0665159722496096,0.0951747230596437,2.131301513047981,148.72386377304335,0.8144583194166286,0.5806798032189553,True,False,False,False,pachytene,51,late,6.855527008510592,12.44
388,6.328225923243839,193.18566547429148,54.47674290369238,32.39519418,1.977564509566583,0.6799420709630702,0.1801150064923019,0.421945701357466,0.9995713060874536,0.162241828846364,0.2079664090239678,2.729837168968805,62.55290655259039,0.8211600994507463,0.4268677365662062,False,False,False,False,pachytene,52,mid,9.80607323994848,12.44
4,2.139263386349583,181.6219100255856,13.48641787438137,72.41651263799999,2.5857289575697235,0.759839331411357,0.2422322158626328,0.4464526571351497,0.999621335064373,0.0260329283127248,0.0465438111783244,2.0753951711800465,146.76499614564506,0.8260247985891589,0.5425708907569669,True,False,False,False,pachytene,52,late,5.375522759421645,12.44
469,6.5046275559179545,188.1091714609891,26.84645206654917,80.65019341799999,2.6802312590819457,0.7290363863761962,0.2728691851389322,0.4289394589952769,0.9978730192491758,0.0319941517866693,0.0435663550752745,2.244093978985223,137.2746009863684,0.8286278314969031,0.6361484806692423,True,False,False,False,pachytene,52,late,5.657873243043529,12.44
6,2.067626990144096,187.99443747595012,26.84519014113325,80.446110732,2.6779686035318093,0.7498687817110865,0.213244061267541,0.4452086733504313,0.999058427077655,0.0530831572420519,0.0874665643499455,2.2694547857753644,137.38510887066633,0.8297063181594699,0.4789755322212534,True,False,False,False,pachytene,52,late,5.688751832497545,12.44
324,5.447111150647187,195.492420077397,55.17662696704082,52.740126774,2.326398915358242,0.655606458212872,0.1468708682238871,0.532480950535968,0.9996517196343055,0.0753034990680436,0.0877811050516498,2.833009841756628,64.80759082772317,0.830375486770275,0.2758237042584425,False,False,False,False,pachytene,52,mid,10.658923356057104,12.44
200,4.202598116708984,191.7259896315886,30.548590930647617,68.25744824399999,2.53524818058674,0.7377482988521548,0.2032783462100647,0.4361158432708688,0.9983331275466109,0.0853084397787857,0.1399741816217464,2.6088823657378204,132.76667281441786,0.832904366806613,0.4661108954113592,True,False,False,False,pachytene,52,late,8.200664906704048,12.44
369,5.763179086188038,195.12054634416893,38.87130749256109,40.199597586,2.1250918160411296,0.7351928575596662,0.0813765182186234,0.5841780520052887,0.9998067632850242,0.0980619116955057,0.1939586581547639,2.92702353022053,65.5289090282544,0.8343556563446267,0.1393008825636036,False,False,False,False,pachytene,53,mid,5.634677636108363,12.44
468,6.654126539070851,184.04474340789525,19.96365206631831,76.96966773599999,2.638823446138796,0.7848957698403023,0.2786181520850368,0.394304335505809,0.9972110774048342,0.0463440098372592,0.0929064163561457,1.948765867360144,143.10187960151217,0.8364713888711806,0.7066068693554401,True,False,False,False,pachytene,53,late,0.18655391554652762,12.44
152,4.045982806541335,187.2172250727209,8.904418159783066,72.58306287599999,2.5877097398814706,0.7029280589490013,0.267219387755102,0.3975195822454308,0.9984852476290832,0.0584548504910594,0.0847629473829544,2.369958456096534,143.1491888596852,0.8457544519708877,0.6722169163231794,True,False,False,False,pachytene,53,late,11.318621282911113,12.44
201,5.440748673060647,199.5509791460996,55.32403997113224,50.38261988399999,2.291205514451466,0.6710587577986777,0.1789657176060429,0.4441613588110403,0.9991394970838512,0.1339024405241008,0.1672998354941383,2.3046076465874465,68.84715611683387,0.846725629924155,0.4029295076120757,False,False,False,False,pachytene,53,mid,11.077903764829882,12.44
154,2.611037598838172,199.7783728416988,54.924440245279264,14.536786265999998,1.5140025219378457,0.5860900435694691,0.0875133404482391,0.5598440545808967,0.9907510173880874,0.1306861929179671,0.1057143915618992,2.0221790409769205,69.10080967946945,0.8488964445117861,0.156317352541597,False,False,False,False,pachytene,53,mid,10.694435768952367,12.44
412,6.339143946885313,199.3807742619027,46.60525808730038,49.817287386,2.2826035527513846,0.646984037293403,0.0976167549350024,0.5408830198746165,0.9974962443665498,0.0973882916639515,0.1246522251231172,2.7166499457202,69.2614385701728,0.8492831748897237,0.1804766490129995,False,False,False,False,pachytene,53,mid,2.3673069259620383,12.44
436,6.300448967375459,195.81818301406483,27.827618548338847,78.37244297999999,2.6547579198033198,0.7348697994612392,0.2994859628311586,0.4426507112214947,0.997949824656056,0.0342396463917813,0.0658502929364928,2.124454826725926,129.59883307464347,0.8544159002979758,0.6765740012135687,True,False,False,False,pachytene,54,late,4.4437341423732,12.44
126,2.7338421658986305,201.81595826612744,53.9195505760353,16.289082431999997,1.5725435100400391,0.694844470046083,0.1013570822731128,0.510146295422369,0.9989403973509934,0.1639472987325128,0.2922310380993129,1.374371392774345,71.20113888726372,0.8580562614485975,0.1986823842152877,False,False,False,False,pachytene,54,mid,9.828309434008354,12.44
470,6.66113442534229,189.23412499526592,13.509679493706004,86.64131042999999,2.7450197131900964,0.6939217544334642,0.3522603563857216,0.4199911543564794,0.995273313685147,0.0607167852449922,0.0678629934304587,1.8740458421338104,139.92473003262378,0.8599084075481559,0.8387327988501649,True,False,False,False,pachytene,54,late,7.461266940376156,12.44
471,6.585400509147236,194.17781254217667,21.929333014622635,79.245072396,2.6645746126316845,0.7287016754484636,0.2776069992906124,0.4348063284233497,0.9972083534653996,0.0572391896463881,0.0840808194643231,2.0325894970058065,132.82343802474628,0.8600744550340051,0.6384612668753984,True,False,False,False,pachytene,54,late,0.7603517944711192,12.44
7,2.0192573347696468,190.35614296622663,17.63945600405524,74.037445236,2.604879302731791,0.8102464989544389,0.2009339559706471,0.4065787276673902,0.99919055328064,0.0270193196854277,0.077437560241096,1.936867500638206,137.69242747298713,0.8649635781958418,0.4942067607015218,True,False,False,False,pachytene,54,late,3.8101296333400625,12.44
202,3.960011838600595,199.9485927554376,31.59307484955138,71.332763202,2.5727651606799222,0.7362951757703311,0.2069033725645337,0.4104002992891882,0.9977166205984858,0.0260028215869471,0.0278013324366468,2.6300322166729564,124.58010148407789,0.8662880272549462,0.5041501502871455,True,False,False,False,pachytene,55,late,6.903668899603037,12.44
9,2.4931650485434207,198.95363655340435,26.828486067962128,72.4845402,2.5865383760264424,0.7079611650485437,0.214416296683207,0.4501329787234042,0.9976613945473568,0.0337046459823097,0.0534251971637503,2.0985780204474582,126.86796509651117,0.8663460489803632,0.4763398969151306,True,False,False,False,pachytene,55,late,2.607516645257963,12.44
370,5.409894881169853,203.5373148194696,47.18211015767765,20.530249056,1.698642044768513,0.5736974405850092,0.2445839238712289,0.3998927901366926,0.975765735442612,0.1605720081015793,0.0854812182765213,2.576588399291729,73.36999543603991,0.8665866233384458,0.6116237399219538,False,False,False,False,pachytene,55,mid,3.221325776885848,12.44
155,3.522972286284019,203.03889946448717,50.45908790994128,60.012038574,2.428752478594304,0.6589532111167572,0.2050838192419825,0.4774785100286532,0.9964049828609648,0.1132983426106893,0.1345999783215467,2.6223016363689413,72.65316240110371,0.8670325816474386,0.4295142397710747,False,False,False,False,pachytene,55,mid,6.457550653951285,12.44
8,2.3042045921662164,193.21973504609096,12.499208967056544,79.89250712399999,2.671811492487567,0.7874508191907922,0.2786966919091271,0.3909379748584058,0.998917290401544,0.0336245567926464,0.0754636513478194,1.9083933290104331,136.38080657763965,0.872890020704148,0.7128923507880465,True,False,False,False,pachytene,55,late,9.546151759179835,12.44
294,5.962356334396983,206.9972453961429,55.0179570816757,53.678437974,2.340114387444061,0.7493335664030065,0.0899571632555925,0.5116806136680614,0.9990732820074136,0.1084062285004134,0.2104588627061303,1.9930333598000487,76.2971991657557,0.8768022593001223,0.1758072532995158,False,False,False,False,pachytene,55,mid,11.271362729376595,12.44
414,6.098335448234574,206.48575653504548,47.16852622975234,31.426387865999995,1.9576510680241728,0.7223258938568335,0.1386895114609863,0.3596774193548387,0.992544525748999,0.1142261389596454,0.1663505543643186,2.381625839953282,76.31272318392186,0.8779932356511836,0.3855941574251637,False,False,False,False,pachytene,55,mid,3.4052998921617093,12.44
389,6.143396351356077,202.4928412111404,28.125556256000767,70.849532934,2.56694242268596,0.7279409330198987,0.2557065217391304,0.4163319946452476,0.994330786295292,0.0807029545158262,0.0837641861749998,2.1292651887707543,123.107230782693,0.8780165162061694,0.6141889766531525,True,False,False,False,pachytene,55,late,2.8629341523117473,12.44
350,5.789900128041015,206.09438970038497,50.39394522407245,45.80131545,2.2195407046318647,0.6850192061459668,0.1844582946558811,0.4819512195121951,0.9923038973852985,0.1287272710599593,0.1860324663899017,1.529201990960086,75.70615229350909,0.879738974230002,0.3827322915430732,False,False,False,False,pachytene,55,mid,6.5972534386747235,12.44
14,2.4703340227963158,206.13816185362984,47.6245568190806,53.303113494,2.334647529030792,0.6945825815253268,0.1990767455279861,0.49164265129683,0.9982845870143237,0.0757386721167785,0.0970523988516412,2.6638062920914463,75.93535815855702,0.8808983898732684,0.40492163363547,False,False,False,False,pachytene,55,mid,3.837019243804546,12.44
10,1.37574730354388,200.78475409090984,23.877179676424326,30.448198439999995,1.9371250801946065,0.7544684129429893,0.2675247069639164,0.4104173203639786,0.9986686193582746,0.0855055238528324,0.1259402206948838,1.018635167351556,125.9353838453647,0.8810346909038858,0.6518358112339462,False,False,False,False,pachytene,55,late,0.7381511599645059,12.44
236,4.567629897193657,208.26938585718176,54.22512390941775,16.884910043999998,1.5914880450859057,0.7186718532925813,0.0882485366951824,0.3308641975308642,0.978885779699822,0.0497197817660967,0.0891818672163646,1.8229386439499893,77.61959658309245,0.8822769777737741,0.2667213235936483,False,False,False,False,pachytene,56,mid,10.565536361021096,12.44
326,5.658565605376075,207.5869471631556,43.74811330836238,63.87788071799999,2.4798226929340434,0.6732767801402813,0.2697201017811704,0.3890075306283017,0.9934418265727472,0.147087375546304,0.1612429167262616,2.4021092692327475,77.64058656648172,0.8843726980481661,0.6933544482944448,False,False,False,False,pachytene,56,mid,0.06634433847344648,12.44
237,4.969371428571418,208.64564348571216,53.9109354857144,4.1051115,0.9932962200088016,0.6091428571428572,0.0473537604456824,0.1242690058479532,0.4818941504178273,1.996270268073308,0.1747226636467726,1.949490898226872,77.8184837335073,0.8848285226265006,0.3810584958217266,False,False,False,False,pachytene,56,mid,10.279159693591142,12.44
413,5.838149847094862,208.24649311926365,47.171356651376094,6.136555248,1.1357393675062994,0.5837155963302753,0.147887323943662,0.3112947658402203,0.9888392857142856,0.0343421521929217,0.0554409918366915,1.5658901165312404,77.8184837335073,0.8851587679621586,0.4750716689517638,False,False,False,False,pachytene,56,mid,3.534992780081238,12.44
235,4.568669780314759,197.7872765023397,11.00569291126019,67.80471308999999,2.529630512566368,0.7403217436429683,0.2312576812781647,0.4080735411670663,0.9980273623926184,0.0626555201077697,0.1051568984899403,2.3425629699243298,132.41328054716345,0.8891921191873506,0.5667058947678434,True,False,False,False,pachytene,56,late,12.25756511036149,12.44
12,1.2158097832254968,204.6059624446714,25.54382900919377,41.33729991599999,2.144953255669103,0.8033707865168539,0.3072770891643342,0.4002886002886003,0.9986045700331416,0.1250674977110948,0.2573838459717081,0.9180248518434668,121.80053240141069,0.8902419785076601,0.7676388709116209,False,False,False,False,pachytene,56,late,0.20677858096793977,12.44
415,5.191842105263194,209.6306733333356,48.81073083333259,16.04512152,1.5646533480974956,0.7286549707602339,0.103814582327378,0.4698275862068966,0.9992383853769992,0.0953508712763716,0.1918435405512377,1.3094063641760108,78.15689416529034,0.8919941512625751,0.2209631477059789,False,False,False,False,pachytene,56,mid,5.460037600647984,12.44
483,6.777406233492451,202.49856193344175,21.231225253566123,88.81115507999999,2.7677464543349224,0.7297147385103011,0.291588785046729,0.4199159581745333,0.9955564142194744,0.0754248320521066,0.1056248301774119,1.8179174942094185,125.03002600905089,0.8922609256740418,0.6943979607594085,True,False,False,False,pachytene,56,late,3.757843084183252,12.44
325,5.486500767611069,206.35482541325663,30.793113113641397,65.70289600199999,2.5032177771874227,0.7245528223071156,0.2874295742126166,0.3818535320803629,0.9947773501924134,0.0724833724244623,0.0895177851234515,2.445355452080286,118.65328526454863,0.8929958313507819,0.7527220519519134,False,False,False,False,pachytene,56,late,4.343863214604274,12.44
11,2.0141844919785186,200.60501301136972,18.116776554144337,70.18567775999999,2.558899893767025,0.7466577540106951,0.2202448307787264,0.412401055408971,0.9988368711834836,0.0173424389068512,0.0218345400656954,2.0536728896015157,127.71908877002842,0.8953419983607547,0.5340549639484155,True,False,False,False,pachytene,56,late,6.218383612021416,12.44
127,5.549320815474766,212.0811783862866,53.75782172256443,103.441772466,2.912074276575233,0.6499988661360183,0.1464439774361243,0.5958273940650511,0.9989796371057184,0.065202640649616,0.0792385982876816,2.044324110701773,79.10623665231394,0.8979544850228478,0.2457825519518424,True,False,False,False,pachytene,57,mid,10.898551379539319,12.44
17,2.4484229517702305,209.73438571796908,43.46281824801077,72.810603342,2.590410987441475,0.7253777505718613,0.2535901926444833,0.4499061473486626,0.9959907030796048,0.1149499045207236,0.1698277786497538,2.1450104595361275,79.77072530250764,0.8980317386004946,0.5636513173667734,True,False,False,False,pachytene,57,mid,0.360383265350563,12.44
185,4.839447201224613,206.80438227519195,23.37351362982776,50.582011014,2.29422404688267,0.6590455873486991,0.2482617586912066,0.3792165397170838,0.9912999494183106,0.1102167956611737,0.1452225142324254,2.078340899273715,120.29687119022302,0.9021462484287076,0.6546701757165534,False,False,False,False,pachytene,57,late,2.905356272847171,12.44
64,2.263588297497383,212.0964072964436,52.08565133944296,39.929833116,2.120327577530621,0.689754435436494,0.1509646302250803,0.4614656315091838,0.9966526293056904,0.0926375386169198,0.1442683149605498,1.5329514573400769,79.59434925915332,0.9022171881864106,0.32714165458295,False,False,False,False,pachytene,57,mid,9.299135300797564,12.44
15,2.5168064934177306,208.7248444649028,29.91362565991257,68.782902516,2.541737109372304,0.7222222222222222,0.1641867624422781,0.4166973603437692,0.9956888353515502,0.0718552539183571,0.110612850728864,1.9170879069847095,116.62383943747474,0.9027276363021712,0.3940192045057028,True,False,False,False,pachytene,57,late,2.8366014186960187,12.44
390,5.864691079811843,211.93554645634453,50.44895071549454,62.45633924999999,2.4612891583169767,0.7660845070422535,0.1365589907112159,0.5476878612716763,0.9994805494632344,0.1322148147256993,0.2759249534626055,1.441848139545154,79.90353553014087,0.903257851354053,0.2493372600848585,False,False,False,False,pachytene,57,mid,7.683874024055217,12.44
269,4.933813626819398,209.0154752117876,39.27501734849121,64.79507991599999,2.491635291071878,0.7141409021794223,0.2661710037174721,0.4247720364741641,0.9950605259496312,0.0461253210737674,0.0661921222886324,2.175536638545459,80.26709570515403,0.9035008220172468,0.6266208244940847,False,False,False,False,pachytene,57,mid,3.8595841650085445,12.44
307,5.338206912684763,213.5679356862996,47.19715140066573,40.110458022,2.1235199102058457,0.6383414234750571,0.1391982182628062,0.5059831824062095,0.9768640764491386,0.1192151643189972,0.1548442306955895,1.4276426132802105,82.38992020655007,0.9066693600175072,0.2751044364772111,False,False,False,False,pachytene,57,mid,5.027413103410634,12.44
203,3.976674222130785,209.43095507932983,35.34780260663443,68.30436380399999,2.535828900349723,0.7346314994161687,0.2888827535431622,0.3556360812734567,0.9960704695788852,0.0255177390920548,0.0526504716938195,2.042244567533034,111.70490104179824,0.9073469575126822,0.8122987760655074,True,False,False,False,pachytene,57,mid,7.389963523236821,12.44
35,2.430702175303819,213.1634714131488,47.78919385796403,58.663216224,2.4104183235076047,0.7299664107485604,0.1815537510604775,0.4929660891455649,0.9984110535405872,0.0844767115788907,0.1493189075957571,1.3732681587627065,81.83436251765335,0.9091897917042152,0.3682885193485746,False,False,False,False,pachytene,57,mid,5.480691465796159,12.44
128,3.7541947192787575,213.71196724138105,43.932572469411305,80.136468036,2.67452828971334,0.6392190152801358,0.2776768446345894,0.4989046653144016,0.9878190255220418,0.1876169339951213,0.1912746562263313,1.8038237438907607,83.452484492481,0.9102064637495828,0.5565729565980345,True,False,False,False,pachytene,57,mid,1.9372387029093254,12.44
65,2.1487021013596843,214.2995286155744,51.723725247218894,7.590937607999999,1.2191831099874944,0.6143386897404203,0.0930232558139535,0.4455128205128205,0.9951523545706372,0.1639172522158226,0.1508056247978807,1.6975930069790035,81.80978309798154,0.910305686755032,0.2088004015392338,False,False,False,False,pachytene,57,mid,9.575878771932901,12.44
100,3.0935591780385985,208.21066324537,21.969057250570565,44.178037074,2.193003216549895,0.645356554983274,0.1903261001333495,0.4088935469381644,0.9924678777137792,0.2836120912528182,0.3347393057707212,2.317547203579548,119.339529997792,0.9120335131917384,0.4654661379680122,False,False,False,False,pachytene,57,late,4.6470857953608995,12.44
99,2.918547678464581,209.97469392288767,25.799731432991223,66.73972987799999,2.5163165755886894,0.7016976556184317,0.2769637076162889,0.3989631200659833,0.9965934371523916,0.0787615719726425,0.1026603350801669,1.9234295537320445,116.57449401611446,0.91212688935388,0.6942087969697118,True,False,False,False,pachytene,57,late,1.4626792661758838,12.44
206,5.562487660414628,215.5819586179664,51.78747772951663,11.881365569999998,1.4155522891996666,0.609279368213228,0.0388538125303545,0.5477513895907024,0.9991690901537184,0.1414126446767725,0.1341940655801888,1.533607319816927,83.02167049569692,0.9141273239694122,0.0709332979682395,False,False,False,False,pachytene,58,mid,10.00016644002249,12.44
351,6.57171981541401,211.66297379641168,29.193153016735597,68.116701564,2.5335044231203123,0.7299400785178043,0.2369368492750803,0.4173680183626626,0.9956537708129284,0.1156353481730498,0.1995512703883449,1.919172934337966,113.56947605487962,0.9157391362651904,0.5676928725985884,True,False,False,False,pachytene,58,mid,1.114218217025127,12.44
437,6.940291911741695,209.62542674820207,23.170433302212363,75.376884474,2.620494130057593,0.6605047770205086,0.2928631619887211,0.4458703822531854,0.993063892223556,0.2066682090408222,0.2174254892849476,2.204937182575574,117.64521492971261,0.9163303778412067,0.6568347520836675,True,False,False,False,pachytene,58,late,3.8893545524500044,12.44
371,6.228584558823838,204.58571449046133,12.54567904411808,81.67060684799999,2.691487648262326,0.7537913602941176,0.180026784006122,0.4255716285580961,0.9972108044627128,0.0400324980792726,0.0737634557744016,2.3036642843785766,125.4554478134039,0.9180400475050065,0.4230234628564907,True,False,False,False,pachytene,58,off_axis,12.680507206580318,12.44
18,1.8284088729784105,213.64837672122,39.23579258773984,73.39001050799999,2.5972641052966146,0.6626286517931343,0.2762616566099836,0.435907153008053,0.991616766467066,0.0998176851443563,0.1331428833679813,1.9493983849462324,84.72147975936721,0.921358163058622,0.6337626136749351,True,False,False,False,pachytene,58,mid,2.585308811904491,12.44
156,3.2138289494409134,217.11589623562867,51.75909284926784,14.893344521999998,1.5262811557388356,0.6766419908647031,0.1344856661045531,0.5051144666341939,0.9963811821471652,0.2119496328401365,0.2833853399935004,1.5968122273091283,84.50086175584124,0.9217031341320636,0.2662479002050603,False,False,False,False,pachytene,58,mid,10.407307118681333,12.44
13,1.8344703411023024,207.2717628888595,17.34027407222102,70.35222799799999,2.560922380081225,0.7420559501183688,0.1520333223720267,0.4653567735263702,0.9989736572015052,0.0182816330697982,0.0364144261577798,2.064822442214029,121.53559125266912,0.9223727868420024,0.3267027171861107,True,False,False,False,pachytene,58,late,8.828530827458614,12.44
66,4.4179210134126645,217.0762671386012,50.45340169523186,37.776408912,2.0815044985948945,0.6718827620466965,0.1409526906194115,0.5304693414080243,0.9967105263157896,0.1817705707442106,0.2615824262419793,1.6103851534883171,84.83258609332687,0.9224927170291,0.2657131706146879,False,False,False,False,pachytene,58,mid,9.143836177591378,12.44
34,2.88176602238057,211.11511950763463,20.71699455137413,57.64749435,2.3964255542649155,0.7031129196337742,0.252305800368928,0.3762335526315789,0.9946715444568156,0.1131347946989588,0.1712094395000342,2.007395747878073,116.90118266039377,0.9240021211651992,0.6706095152975224,False,False,False,False,pachytene,58,late,6.661530990527623,12.44
352,6.723678160919479,213.65772551724015,28.66501827586267,4.081653719999999,0.991400611928587,0.4942528735632183,0.0578158458244111,0.3306818181818182,0.9030769230769232,0.9388053501383408,0.5479654278602673,2.034107302094251,112.27958173033612,0.9240218405349164,0.1748382966511401,False,False,False,False,pachytene,58,mid,0.4964131386163702,12.44
16,2.24221783656922,213.38094020162228,33.73053121132949,87.95729188799999,2.758847829906665,0.6923938553445701,0.2485014334115194,0.4312467487428472,0.9938153124333546,0.0873255014822629,0.1218227888875527,1.925923678162424,109.49043126520215,0.9258950776573982,0.5762395522654734,True,False,False,False,pachytene,58,mid,3.741118111199519,12.44
22,2.168665464382364,217.01018584310668,42.53124429666325,31.217613624,1.9533063590868016,0.6604298166516381,0.1977631812533286,0.4193405620712547,0.9839734334392144,0.354651436268827,0.4135682356770678,1.7410254411704975,87.01251984588521,0.9259825793568056,0.4716051799914469,False,False,False,False,pachytene,58,mid,1.527220563044029,12.44
327,6.168098276355017,214.53226171793065,40.85013913912925,73.899044334,2.6032551582624035,0.7032028695679777,0.2844022654217052,0.4272727272727272,0.9953962921488118,0.0768647322942858,0.1290523488983309,2.0520366360573443,85.11205424347797,0.9263106678601258,0.6656223233273952,True,False,False,False,pachytene,58,mid,0.7867485410893312,12.44
328,6.17794292666108,213.98387230700337,34.10447227526341,88.69621195799999,2.766551894319525,0.6763375737219328,0.2986819484240688,0.4334858637032194,0.986224828501881,0.1198030374689324,0.1395082535191884,2.035520128064259,108.78331185536402,0.928312774686063,0.6890235032636671,True,False,False,False,pachytene,58,mid,3.683315142197124,12.44
204,4.262365015618045,214.0193815930408,24.18799069611756,52.56888497999999,2.3238783256259725,0.6381526104417671,0.2269043760129659,0.3719324207670489,0.98628300330033,0.0841079407229498,0.0812672483678384,1.886998826108077,114.3721944761383,0.9304714985293604,0.610068827947328,False,False,False,False,pachytene,59,mid,4.320208076163313,12.44
205,4.604987247221578,215.462623100746,28.69561065084605,103.00780353599998,2.907996229809757,0.5830752413918747,0.2650931278098908,0.4752567183744811,0.9850169729603184,0.1378264031554718,0.1169558352420689,1.8623612849313809,110.81014987636337,0.931546358679274,0.5577893327138813,True,False,False,False,pachytene,59,mid,1.544917409891651,12.44
36,2.565038905285792,218.0655224577392,41.06476219479386,17.485429212,1.610136009080117,0.5394419103836866,0.0607387140902873,0.5394698514418875,0.9782679208563088,0.1845849897749665,0.1643898165340206,1.8323123710133185,88.43992397082982,0.931733495684994,0.1125896357839937,False,False,False,False,pachytene,59,mid,0.4196003260591674,12.44
46,4.22100074161303,219.6605817170496,42.45054796492559,53.772269094,2.341477117963553,0.676700257383414,0.1347343841214243,0.3761975441910673,0.9401864532629322,0.1844025248306307,0.1216974450541077,1.628836098826257,89.57728570455207,0.9349584812149184,0.3581479629569138,False,False,False,False,pachytene,59,mid,2.20033740044038,12.44
273,5.542212914485457,219.72673251308976,44.463765183247226,67.2065397,2.522169726919874,0.7125305410122165,0.1809050223769268,0.3946090335114133,0.9965402199431608,0.184201325625879,0.3044389598859876,1.9044997280713707,89.07064799963054,0.9355589455371937,0.4584411582450368,True,False,False,False,pachytene,59,mid,4.149885484462752,12.44
342,5.138738738738801,216.09896486486576,31.454910810810183,4.947245801999999,1.0570404976621723,0.4485538169748696,0.0605815831987075,0.3172828890799656,0.6356589147286822,0.9217683252157892,0.1528507651146828,1.550376349541836,108.65795127575808,0.936598965669559,0.1909387026018885,False,False,False,False,pachytene,59,mid,0.2953840320177334,12.44
354,5.47852124956379,221.5594018484385,52.10752707388802,47.082110238,2.240039982768657,0.7047979672163818,0.1929991827839825,0.4484388185654008,0.9975014414760714,0.1278553091392355,0.1719469343597106,2.5393810389583718,88.66382883521202,0.9366879862539615,0.4303801874275862,False,False,False,False,pachytene,59,mid,11.999743502350842,12.44
129,3.5432811211870243,217.3679535711613,38.583346136552365,31.299715853999995,1.955017256694835,0.7346923480476655,0.2367399741267788,0.4279661016949153,0.9778091328886608,0.1603296902232192,0.2538391690027725,1.5372835320550875,88.4735669863069,0.938055563944728,0.553174593009107,False,False,False,False,pachytene,59,mid,2.1577813207153107,12.44
23,3.0136354687561675,220.10381650589224,48.419029408985445,119.151447732,3.0526023771342863,0.7134504075284482,0.2489292533154445,0.4259704568876675,0.9979308091625222,0.0977733750620186,0.1615177106392221,1.827745576739794,88.31228925087215,0.938228134441554,0.5843814970977896,True,False,False,False,pachytene,59,mid,8.050039255945876,12.44
20,1.7985442289073572,214.8093783857419,20.687117361684702,65.42140264199999,2.499637783347198,0.6759295779698089,0.2294970161977835,0.4133657888913476,0.9933941957990056,0.0549773819574085,0.0967327398403451,2.2375026841843124,114.3721944761383,0.9395014718354592,0.5551911221615544,False,False,False,False,pachytene,59,mid,7.789160661658501,12.44
238,5.389859382458453,214.5115281198369,18.625878301575373,63.89195538599999,2.480004811885452,0.672651173036678,0.1986338306669063,0.4198070883804397,0.9923217550274224,0.180024072428193,0.2579832763275685,2.1102312449374017,114.3721944761383,0.9422011025370816,0.4731550184948268,False,False,False,False,pachytene,59,mid,9.62026118662428,12.44
25,1.897664645494451,221.37751435433557,42.97965179203918,78.14724829199999,2.6522127611505004,0.6654259470492886,0.2572304411568705,0.4069621388839045,0.9976990924197878,0.0608026309694708,0.0714380742079553,1.819450613859624,91.07411840994159,0.943691075717687,0.63207462458873,True,False,False,False,pachytene,59,mid,3.1939673078607713,12.44
101,3.6015869593342096,217.22198358704557,23.299771939280564,54.396246042,2.35049919468172,0.6454784596144724,0.1721047331319234,0.4516482179783481,0.9503704364902258,0.2473866292333074,0.2537600927686418,1.757595639717926,112.60361852729352,0.9441134279724824,0.381059254262737,False,False,False,False,pachytene,59,mid,6.929515344752876,12.44
270,6.406227544909977,216.53845166167656,21.00671429640763,47.00939112,2.2388861285971053,0.6734031936127745,0.2657617231321516,0.3006875477463713,0.9955222326356348,0.2023420432471818,0.2434109868479037,2.2470082589969893,114.3721944761383,0.9455720476946688,0.8838467875507786,False,False,False,False,pachytene,60,mid,8.368118942009838,12.44
186,3.710812082431622,218.08827659734817,34.362901086854095,49.857165612,2.28321245719272,0.7773125058812459,0.1455136306192453,0.4764420029579548,0.9973233017434712,0.1187940331521911,0.2870723881016134,1.5692454538192893,105.32948199517729,0.9459097794942026,0.3054173009848729,False,False,False,False,pachytene,60,mid,1.4508323704509476,12.44
392,6.386309278350516,219.39655162886467,27.336751051545928,5.68851165,1.107397012410746,0.5435051546391753,0.0080645161290322,0.1093044263775971,0.8268839103869654,0.761977950283483,0.4828138959363267,2.324307871239025,108.45495173927182,0.9477754075741566,0.0737803252466008,False,False,False,False,pachytene,60,mid,4.976438182085334,12.44
272,5.701150836274287,218.86176997084647,37.72542507288673,15.287435225999998,1.5396263676023725,0.6318858370415836,0.2458346431939642,0.342642767819925,0.9745105282600665,0.2217087697534511,0.2344949413357038,1.5718876803696766,90.14917822142527,0.9478883294784048,0.7174663126792216,False,False,False,False,pachytene,60,mid,2.5575849927777177,12.44
372,6.102768399729834,219.5858916947992,27.80046130992564,10.422291654,1.3550589976479834,0.4794058068872383,0.1601307189542483,0.2191958495460441,0.78046875,0.6335180735793544,0.3112590371855426,2.1639067729599883,108.0270122047369,0.9482697006693266,0.7305371852883165,False,False,False,False,pachytene,60,mid,4.716160217061953,12.44
417,5.518044374631872,219.0769717651676,32.31422780286731,11.947047354,1.4181559516452953,0.6603180836442175,0.2669491525423728,0.1231213872832369,0.9575784357048166,0.3415230389047766,0.2795655350875767,1.4448087192970969,105.75255252827631,0.9491703620813332,2.1681785629028405,False,False,False,False,pachytene,60,mid,0.784249660127353,12.44
187,4.270940981275182,219.40297162242317,26.494777423561,39.587349528,2.1142480503226952,0.6790116141265703,0.1829562594268476,0.3705002769060365,0.9883421141127676,0.1118484376757687,0.1703951032604281,2.313940370619933,108.95038532924143,0.9497662094362914,0.4938086982138684,False,False,False,False,pachytene,60,mid,5.65725119934428,12.44
19,2.6902506112467304,213.07656607885465,13.389732726162418,76.75385616,2.63635484715206,0.7379889975550122,0.2083294856404099,0.4157237839729383,0.9975983020554066,0.037651199301218,0.0816964307460069,2.391362713854404,117.06739254326858,0.9508501182824382,0.501124770032333,True,False,False,False,pachytene,60,off_axis,14.244961136694359,12.44
391,5.286848436246897,220.23117654370395,28.429792181235875,5.850370332,1.1178020873048886,0.4723336006415397,0.2816593886462882,0.2469604863221884,0.9300155520995336,0.6285200364357948,0.2972478804771746,1.3419576560619622,107.13399663712363,0.950968847562654,1.140503862949278,False,False,False,False,pachytene,60,mid,4.593795688662284,12.44
416,5.716199649737355,219.88783436952588,31.42283721541144,5.357756951999999,1.0855040956287545,0.4851138353765324,0.125,0.2074829931972789,0.4817275747508305,1.0491006284223363,0.1566595061754465,1.7731912629961593,105.63054810739023,0.9520292558866612,0.6024590163934426,False,False,False,False,pachytene,60,mid,1.9830783650872625,12.44
24,2.1855473591029626,219.94357475655997,29.64556712894537,79.49841642,2.6674111126755853,0.6879610504573621,0.2965475952903612,0.4211820330969267,0.9873864179818268,0.02737863961402,0.0118572491224006,1.7433726580854911,106.64240597156287,0.952401539064291,0.7040841536137338,True,False,False,False,pachytene,60,mid,3.4452478537942963,12.44
353,6.616917915835621,219.15662778461768,24.980205100004632,55.24072612199999,2.3626003090402814,0.6245700454371735,0.2421566946682667,0.3075443954303812,0.9682701202590194,0.3296597603049776,0.303109589273109,2.6750223638003794,110.04894954292206,0.9534448250988836,0.787387766665004,False,False,False,False,pachytene,60,mid,6.728592077929589,12.44
271,5.876078387205531,221.30408837988787,37.7870763149012,83.312651448,2.709406171092759,0.6991215226939971,0.2364415862808145,0.4842784952274003,0.9945945945945946,0.1647197729030309,0.2366820207643225,2.1534170267325417,92.47407479029779,0.9545765317385232,0.4882347422216008,True,False,False,False,pachytene,60,mid,1.8068679816282018,12.44
26,2.14673489562136,221.5930128946967,36.51588262196862,80.68068853199999,2.680569029126703,0.7258242716752922,0.234018357566404,0.447932131495228,0.999071255353181,0.1495795801985192,0.277953121943888,1.9202937687529489,101.23141343495031,0.9549690623305236,0.5224415511011339,True,False,False,False,pachytene,60,mid,1.0982134824491026,12.44
295,5.771220466516156,225.1363738690764,48.678012523703146,77.93847405,2.6498488155423154,0.7100376222723852,0.2550262913702443,0.3880008303923604,0.9980215304044224,0.1211439830152562,0.1597539954869841,2.5183406630653926,93.06552797980156,0.9561634709463704,0.657282849400999,True,False,False,False,pachytene,60,mid,9.723487030229162,12.44
67,2.794637837837853,218.7892242032391,19.433286434595374,54.24611624999999,2.3483347984177505,0.7547243243243243,0.1560779645886029,0.364950634696756,0.9977515050409806,0.0910493778394852,0.2184111307309741,2.0277810285189912,113.64228543491402,0.9567722814998468,0.4276687029693505,False,False,False,False,pachytene,60,mid,10.970198995077586,12.44
21,1.8260443009048395,220.41697362664607,23.843409305018145,76.99077973799999,2.6390646916174645,0.6062277200572803,0.2376570518492302,0.463091922005571,0.9920702132573715,0.1398194100483721,0.1296842889768285,2.0858123719909134,109.71144005775375,0.958990775073987,0.5131962803842025,True,False,False,False,pachytene,60,mid,8.391981289280496,12.44
308,5.721659666774262,225.4923012184429,42.96937831264079,50.825971926,2.2979065389784825,0.7415885909447547,0.1647023720722065,0.4290051794963386,0.9981373690337602,0.1516855764490664,0.3052651528689722,1.9099075292701877,95.02339614658109,0.9592910740417012,0.3839169780317586,False,False,False,False,pachytene,60,mid,4.3492948978943,12.44
450,6.799856129893963,219.7469213236028,23.038874576096088,22.826765718,1.7597538501131436,0.5367382591717192,0.1720844811753902,0.4687222715173025,0.992435263311027,0.3739199807031222,0.2696998296623384,2.493743984782318,110.72853760531748,0.9605518709133076,0.3671352773964312,False,False,False,False,pachytene,61,mid,8.640494463166922,12.44
239,5.690006325110658,221.9609870018984,30.76672163187874,7.417350035999999,1.2098180370473837,0.6748893105629348,0.051660516605166,0.0029182879377431,0.3465608465608465,1.5382171772102795,0.6648160411162147,1.8663689454115888,104.35370591097231,0.960784207597609,17.702337023370223,False,False,False,False,pachytene,61,mid,3.7432270808252874,12.44
207,5.582173715325222,222.04489454297223,31.154496998635768,20.633463288,1.7014838846664653,0.680081855388813,0.133086876155268,0.0454868514570007,0.4068148763764803,0.6445513179270361,0.3962224873659603,1.864577987887346,104.0556873983365,0.9607969189079152,2.9258317929759707,False,False,False,False,pachytene,61,mid,3.4813202717520118,12.44
208,5.7103898305081975,222.0758682711901,31.0867486398304,55.3603608,2.364304638123817,0.6733898305084746,0.2613320555821754,0.1939543331603528,0.8042191278245643,0.3373806242271194,0.2975668300555079,2.0126518486544844,104.0710625148928,0.9609414011242108,1.347389621690574,False,False,False,False,pachytene,61,mid,3.554209350161716,12.44
393,5.5364947597798775,221.99578312752712,34.55439781052146,22.606262586,1.7540691869097256,0.5832728027394417,0.1756978653530377,0.5527888446215139,0.9849962490622656,0.1891023362412032,0.1746928659666637,1.9279291898768625,102.07376393273123,0.9632904743102176,0.3178390212872972,False,False,False,False,pachytene,61,mid,0.7184020973807229,12.44
30,2.406601380865017,226.3572012892744,48.29533740312917,66.591945864,2.514457881697885,0.7032548964351134,0.2402597402597402,0.3955365622032288,0.997311271975181,0.1063527493732811,0.1385857519995638,2.690867032306341,94.34474870101731,0.9635268692739224,0.6074273865390313,True,False,False,False,pachytene,61,mid,9.702175431841404,12.44
27,3.1968313109443662,226.58474997230627,40.80248622425737,139.768490574,3.2193897370104945,0.6760821039558264,0.2400677245343938,0.5162694300518135,0.9975530179445352,0.0966825985466593,0.1465782947934384,2.0393360209633635,96.68472789021038,0.9639083443696224,0.4650047253626858,True,False,False,False,pachytene,61,mid,2.5804414726139644,12.44
209,4.934337571141269,223.24271482856,25.17992939094596,82.845841626,2.704336324758563,0.5623071042274259,0.2356983930778738,0.4926251779014102,0.9967892586106246,0.1585228475749096,0.1556393691061189,1.8908551123010784,106.6447506075025,0.9663226661048894,0.4784538096123145,True,False,False,False,pachytene,61,mid,8.997386191804537,12.44
329,5.558065048704592,218.5737885091577,13.244791401684894,71.04188672999999,2.569263373974712,0.7130262506191184,0.2000920386562356,0.4130709929812449,0.9972990353697748,0.0501855890763263,0.0519721699846984,2.883555994181779,114.3721944761383,0.9678508221681744,0.4844010885686194,True,False,False,False,pachytene,61,off_axis,16.1233069093593,12.44
188,5.086375435264677,224.9958246533756,29.99591168091101,74.10312701999999,2.6056493749990945,0.6245963912630579,0.2589051368578927,0.3924445568766337,0.9866573033707864,0.1547581652882547,0.1719832480230942,2.180156329800252,102.37180431687028,0.971176611272455,0.659724112161098,True,False,False,False,pachytene,61,mid,6.167366850440541,12.44
274,4.637337278106523,224.06920748520773,23.360470207101063,7.928729639999999,1.237005602616737,0.5615384615384615,0.1789473684210526,0.2597840755735492,0.9904,0.2504206231365617,0.1910629115934786,1.7237352574610416,107.0619621369686,0.9724445257643652,0.6888311688311688,False,False,False,False,pachytene,61,mid,10.95172914350229,12.44
68,2.86382242902483,224.64045186280268,21.080824661238463,74.612160846,2.6116020619927416,0.7015751249724903,0.1841155234657039,0.4423725242309313,0.9968364056701344,0.0874533324894073,0.1461471181527074,2.189844863967082,107.95801212300672,0.9754280117417508,0.4162001783130415,True,False,False,False,pachytene,61,off_axis,13.124330896292289,12.44
275,5.053704153509559,229.9350852744649,44.72608491620168,77.260544208,2.64214339796909,0.7450206461015303,0.2752847773558854,0.3735413193617528,0.9971687114861488,0.0591957232344843,0.0958898834552365,2.690722171848572,96.71178677982508,0.9767173232463336,0.7369593752740599,True,False,False,False,pachytene,62,mid,7.581664760246845,12.44
355,5.43442661819335,227.7050595748043,38.49925912431959,29.681129034,1.9207194572489783,0.7509681498458863,0.1388357474719869,0.366867661059981,0.9903406202338588,0.2028865886621269,0.4653697174009559,1.826000227632918,96.71178677982508,0.9776004151935836,0.3784355019759781,False,False,False,False,pachytene,62,mid,1.8338419466346272,12.44
31,2.088446688446587,230.26920549450125,41.32599768339672,71.08411073399999,2.569772290175796,0.7697917697917698,0.2077228847245883,0.3937786697247706,0.998706408667062,0.0968181050262665,0.2282899077090663,2.4277615322838804,96.71178677982508,0.9795409641004216,0.5275117742405272,True,False,False,False,pachytene,62,mid,5.319882230420751,12.44
102,3.7336593317033824,226.99277768075203,28.67957333798928,60.443661726,2.434561327309892,0.6275468622656887,0.238997700420268,0.4113785557986871,0.948919449901768,0.1638143690775216,0.127073219255724,2.269838696068871,101.54876667028743,0.982238979428298,0.5809678143194813,False,False,False,False,pachytene,62,mid,8.413068758286123,12.44
28,1.8398247469405304,226.7963042869009,31.699756874150857,62.106818328,2.4566892418614,0.6461701163317721,0.1730955953747021,0.4567677198975234,0.9969668885331536,0.0925590623278262,0.1017817914838425,2.185399785673993,99.91109185358158,0.985245225434929,0.3789575923043256,False,False,False,False,pachytene,62,mid,5.8678513645611154,12.44
394,6.319534050179342,228.2685324820789,31.996390725807544,15.707329488,1.553595357756337,0.5365890083632019,0.230406746031746,0.3464389300676764,0.9805567830313744,0.3434273902791345,0.2073211578569775,2.17644932085062,98.55097060230732,0.986254532608116,0.6650717515688446,False,False,False,False,pachytene,62,mid,6.5046540674903355,12.44
29,1.9076746230305357,227.2342083338934,25.257736398675743,69.383421684,2.5491126885631403,0.7060315099060113,0.2763814913448735,0.4067855089131685,0.994676908564113,0.0928527291907457,0.1289735650596064,2.113987005264155,103.38909635842761,0.9864918827302978,0.6794280653784777,True,False,False,False,pachytene,62,mid,11.307968314138916,12.44
32,4.469282319645743,228.15410697388037,35.043708737382644,175.71753842399997,3.474632150346597,0.6805548139050568,0.2865533691115086,0.4721467675205817,0.997783424339082,0.0471876534934381,0.0673273441560304,2.1196805306687136,96.83119168058629,0.988478050270319,0.6069158762143114,True,False,False,False,pachytene,62,mid,3.9864005613872293,12.44
309,5.552632784632675,226.58952225022003,17.29531187943783,71.67993834599999,2.5769322732292004,0.7344961874529568,0.239715115734233,0.3933193639837298,0.995874787672895,0.0728982037114943,0.1111433085702855,3.086404824732269,108.64152322394808,0.9911747886444396,0.6094668548893238,True,False,False,False,pachytene,62,off_axis,17.32692473476551,12.44
395,6.274849251118041,229.75713337871517,29.184682314724093,60.29822348999999,2.432607096064568,0.688504182065746,0.2794276457883369,0.3644311227675784,0.9920229738353542,0.0961379264479821,0.1217681798659475,2.333252465218507,99.02575044478468,0.9912014116611648,0.7667502261231026,False,False,False,False,pachytene,62,mid,9.650480019382913,12.44
330,5.344018688330659,232.3767547679701,36.89795839754564,67.27925881799999,2.523079082106592,0.7207907674069942,0.3166652444747845,0.367007992007992,0.9960134284515316,0.0819671948089321,0.0845963648682581,2.6666002890966487,96.71178677982508,0.9933285692002276,0.8628292881095864,True,False,False,False,pachytene,63,mid,6.6505657529456395,12.44
130,3.7074412885037775,231.51062420443483,25.515322134909898,78.21058429799999,2.652929080689887,0.7206742449236676,0.2630371132389016,0.3758187479866853,0.9960572000235391,0.0131146052904588,0.0437665078154898,2.6446586546934445,99.79746038473554,1.0,0.6999041815982546,True,False,False,False,pachytene,63,off_axis,13.643398497597834,12.44
