nucleus_id,cz,cy,cx,vol_env,r_eq,gap,gap_int,thick,void_big,void_off,offset,syp_io,s_um,s_norm,score,merged,mitotic,crescent,post,cls,row,zone,r_um,off_axis_cut_um
444,4.385544228591438,72.04146505738453,274.8249787394852,109.761298398,2.970208082113453,0.8100703126669658,0.1474481964696853,0.6005401147743895,0.9999410481636504,0.1191609665051451,0.3113908963165103,1.1144020093432456,149.13687939477396,0.0,0.2455259737729236,True,False,False,False,pachytene,0,off_axis,116.08749259529122,13.44
329,2.138316813840214,79.08639410344132,273.99824664263025,65.08361061,2.49532820928135,0.7733285276626419,0.3544446725518374,0.3342343774844967,0.991951944946638,0.2038409111745553,0.3780107334484331,0.9390376373120276,153.75825946432218,0.0199441530829371,1.0604674337195554,False,False,False,False,pachytene,1,off_axis,112.33686037973392,13.44
901,12.183955367448958,77.96270731050372,267.2979947960748,24.386708088,1.7989600687420968,0.5378030011542901,0.2299679487179486,0.4172736732570239,0.8857142857142857,0.5383389785911308,0.2377333867308838,1.1694514862085723,148.39217537450855,0.0331039607820082,0.5511201963041115,False,False,False,False,pachytene,3,off_axis,106.71866485167929,13.44
899,11.662086903305534,82.02323197674534,268.7093999999976,15.332005007999998,1.5411211514224026,0.6135250917992656,0.153485254691689,0.5146476642913698,0.9812695109261186,0.3468556713160466,0.3135344846605867,1.1716094565070223,152.33494242340234,0.03694522450181,0.298233656424005,False,False,False,False,pachytene,3,off_axis,106.31504011215577,13.44
847,10.233275126115258,86.4831078870767,258.0033274447044,48.360559248,2.260134241804869,0.6404734187039193,0.2603532581578685,0.5252293577981652,0.998495432563138,0.1157318693309426,0.1411632533994417,1.097998898322852,148.36148385764272,0.0614580871547187,0.4956944129119242,False,False,False,False,pachytene,5,off_axis,94.718402618684,13.44
90,1.0789102460560351,84.13409088999973,254.38302619932256,43.568134794,2.182864540901779,0.8282453023205729,0.009009009009009,0.6962382445141065,1.0,0.075897261054028,0.2662568276801504,1.0977249484696223,144.18093152840498,0.0642759251135789,0.0129395491844839,False,True,False,False,mitotic,5,off_axis,92.40501920644195,13.44
508,5.678473852419192,91.41667722091556,260.5045173713928,165.87934549199997,3.408536125673533,0.7294029470826144,0.2231334497178352,0.5813953488372093,0.9994583392209504,0.1123774396086612,0.2024060486175679,0.984967458971333,153.68473267129144,0.0646719190735441,0.3837895335146765,True,False,False,False,pachytene,5,off_axis,95.20527322442553,13.44
804,9.680509172920326,84.28996468317845,254.3690625276396,108.173206692,2.955813522260129,0.751246909832155,0.194169301018616,0.5220120303373725,0.9988833833484542,0.0642693939747482,0.1104442818152932,1.0396242544182177,144.2861152424544,0.0654647448744638,0.3719632685344931,True,False,False,False,pachytene,6,off_axis,92.32486811120486,13.44
83,0.8667485343052449,75.51409697750057,250.78789980588937,59.21681983199999,2.4179769528950104,0.8488353668198384,0.1923809523809524,0.5128406708595388,0.999171413775246,0.2119741607443059,0.8200908051984201,1.0717848394664298,135.40515907299275,0.0657776182469389,0.3751281115409885,False,False,False,False,pachytene,6,off_axis,93.37545816170041,13.44
93,0.745441778817999,89.77199290813269,257.6329118548828,20.04467301,1.6851431094485738,0.7361029842012873,0.1090478071908336,0.6199556541019956,0.9983136593591906,0.1431177776320094,0.2655314646525242,1.123631683656107,150.52947735904897,0.0669128727902198,0.1758961410696207,False,False,True,False,TZ,6,off_axis,93.11152868556817,13.44
845,9.899482352941222,82.20454164705916,251.98076908235063,4.98477825,1.0597068573680477,0.5421176470588236,0.0,0.4676258992805755,0.9963942307692308,0.2401252647362718,0.1994833251481536,0.9351520467928176,141.1341565857934,0.0686281837335194,0.0,False,True,False,False,mitotic,6,off_axis,91.12107612366539,13.44
805,9.615360292893628,85.64843951572595,252.2052155267097,28.191560004,1.8880355457347,0.6752371442835746,0.1515217391304347,0.544452984883423,0.9993775287892936,0.1664428343955962,0.2261173028540124,0.9851921630964088,143.81919786043184,0.0723152180888242,0.2783008695652174,False,False,False,False,pachytene,6,off_axis,89.78668966062267,13.44
94,1.5176888531402977,92.81029068972546,257.1926969032766,34.996661982,2.029143079415582,0.8343722769622629,0.0664903664525878,0.6895993524888709,0.9999144348421324,0.1672771152033695,0.6290191080960505,1.0066585919766804,152.46587389673817,0.0753981125328352,0.0964188353898736,False,False,True,False,TZ,6,off_axis,91.61616650920163,13.44
95,1.351458189357284,94.75088413268824,259.2298737802432,33.94340766,2.008579119378198,0.834139599170698,0.0184049079754601,0.68125,0.9997340425531916,0.2414688790915785,0.8459260020201583,0.9667981114661962,155.2734192260077,0.0776879895202622,0.0270163786795744,False,True,False,False,mitotic,7,off_axis,92.89792085710137,13.44
78,1.931148180665298,71.11479723441603,247.89789179104784,48.093140556,2.25596059535632,0.8043117744610282,0.0,0.6480558325024925,0.9993324432576768,0.0855593733568486,0.2259688275655333,1.1240720481404969,130.21142760494885,0.08017187756097,0.0,False,True,False,False,mitotic,7,off_axis,93.35482700506671,13.44
84,1.0119098712446504,73.52236585300398,245.43807054720804,8.745060383999999,1.2780800850792493,0.5909334763948497,0.0,0.6019672131147541,0.9878980891719744,0.2779316108314792,0.2001478189420522,1.0093001676716884,130.315583002212,0.0810837954282707,0.0,False,True,False,False,mitotic,7,off_axis,89.963860261715,13.44
96,1.5789971121028956,96.8804772381188,260.90655641901213,17.870136803999998,1.6218589782445123,0.6890259910737726,0.1176908752327746,0.4406922752216125,0.9947773501924134,0.264412254072422,0.2782594537099922,1.1023541972713875,157.97572757784116,0.0830126888604869,0.2670590837418038,False,False,False,False,pachytene,7,off_axis,93.8462861680782,13.44
402,5.166548805314544,99.72723053680603,265.3962690453204,21.893146074,1.7354276866468683,0.5602700096432016,0.1768953068592057,0.4030214424951267,0.8998499624906227,0.5068056831753551,0.2617438981251693,1.0345742453987177,163.11141456056959,0.0905564039467901,0.438922817019456,False,False,False,False,pachytene,8,off_axis,97.39409877651104,13.44
76,1.9427688851446283,67.05634811850524,244.04283781241585,50.119892748,2.2872159690896554,0.8012262473088084,0.1273885350318471,0.5340240169531434,0.9989820846905536,0.0589953293849003,0.1780546699289201,1.1173904729026956,124.61454336367845,0.0949173103235799,0.2385445803704826,False,False,False,False,pachytene,8,off_axis,92.66033442981426,13.44
98,1.7420168643312697,101.3006883800645,255.32383174744015,34.217863685999994,2.013978179442885,0.6727222869678481,0.03125,0.6361541684122329,0.9936746628475952,0.5157017867700783,0.6694845684019123,0.99126410136979,157.444314273502,0.0963901195660536,0.0491233124794204,False,True,False,False,mitotic,8,off_axis,87.25587906559775,13.44
100,1.3304480032434611,101.78344871275053,256.5844895296941,23.143445748,1.767854304216921,0.6167646462598824,0.0,0.6535308119545093,0.9929859719438878,0.3050964109978337,0.3396440486239478,1.024000863943673,158.65351508315445,0.0978276772309779,0.0,False,True,False,False,mitotic,9,off_axis,88.34877881291071,13.44
99,1.2379375497215448,100.0239403788791,252.0053927058441,47.178287136,2.241564224605437,0.6681085918854415,0.0817168799009492,0.638501872659176,1.0,0.1748797402704584,0.2158156040752487,1.0422198055029357,154.25693172717385,0.0982877573665693,0.1279822086670192,False,False,True,False,TZ,9,off_axis,84.41631182559736,13.44
101,1.7178290366350328,102.86021002713552,253.86282655359813,17.28838386,1.604064875714705,0.6166892808683854,0.1088328075709779,0.5054867256637168,0.9676557863501484,0.438514519818386,0.3739925720738812,1.067774542112531,157.60146191610093,0.1021184245924466,0.2153029981708771,False,False,True,False,TZ,9,off_axis,85.44348511208993,13.44
79,0.926680412371161,72.53684351752638,236.00370236288737,56.8851165,2.38581453917538,0.7567422680412371,0.2073367374361731,0.5027970842515681,0.9986399844569652,0.0675791153502919,0.1286434909501164,1.1254646187193362,123.1986742345212,0.1062010596435474,0.4123666264787542,False,False,False,False,pachytene,9,off_axis,82.95511097938478,13.44
620,6.870785180957992,104.68299529176674,258.20271336852767,49.324674006,2.2750548488439795,0.5434441432444,0.2315081652257444,0.4716666666666667,0.9637726420986884,0.3058050712867054,0.2118601027513082,0.9801654930552024,161.88251338492452,0.1082686331393255,0.4908300322807303,False,False,False,False,pachytene,10,off_axis,89.23443131629422,13.44
104,1.0772936335027652,106.11784413580524,255.04724716775252,38.761635672,2.099444968910429,0.6755022996853062,0.2803650516709166,0.453935098843715,0.9877357246472372,0.2478933479994365,0.2990369641086823,1.0328870925854703,160.7999176574739,0.1094454452297519,0.6176324597614852,False,False,False,False,pachytene,10,off_axis,85.84405164921893,13.44
103,1.2444352941176202,104.6286618529412,251.66019471176347,39.878226,2.1194137147360954,0.6533529411764706,0.0534853838740764,0.6439843882572543,0.9989170457006714,0.2402853831061581,0.3122412375914321,1.0245126099268491,157.40980299962845,0.1097236605413013,0.0830538516916817,False,False,True,False,TZ,10,off_axis,82.87640597360343,13.44
778,9.620164267952942,90.23544139853718,238.83495866927765,93.392459514,2.8145420045248715,0.6004069022681033,0.2769622324228514,0.477717015525803,0.9948018193632228,0.0503422019769849,0.0310438067114613,1.126099314280845,138.13417686428926,0.1099259935272483,0.5797621257388347,True,False,False,False,pachytene,10,off_axis,75.76013216783323,13.44
74,0.7573645571972679,63.47171039866284,239.5148146640657,25.242917058,1.8197719939141,0.8188830034383422,0.0749881347887992,0.5243714725500257,0.999490575649516,0.1878949767921587,0.6317917957365133,1.0318526708069773,118.91018902734567,0.1107198143989688,0.1430057482420448,False,False,True,False,TZ,10,off_axis,91.48287144164937,13.44
293,3.306197251024876,61.72026662647696,240.70955953701693,9.727941366,1.324272757534741,0.6264769713045575,0.0,0.5752098127824403,0.9979570990806946,0.0769512710515069,0.0831086629938258,1.0751791183822792,118.43148429820238,0.1120922988152015,0.0,False,True,False,False,mitotic,10,off_axis,93.54085294639142,13.44
105,1.7848640000000402,107.24962862400056,259.6459576800004,14.661112499999998,1.5183064570029066,0.68496,0.0,0.547486033519553,0.9957160342717258,0.0819781936068967,0.0920625168073475,1.1751693881678404,164.74810164647462,0.1146648201654505,0.0,False,True,False,False,mitotic,10,off_axis,90.12389900451446,13.44
72,2.193045862412732,61.91212986041965,237.80316673728612,18.822522672,1.6501739990440505,0.6984047856430708,0.1000371885459278,0.5099173553719009,0.9961630695443644,0.1019473128731424,0.1575001682474598,1.0874110347753831,116.60343248361615,0.1166035776680674,0.1961831412326947,False,False,True,False,TZ,10,off_axis,91.26621161418232,13.44
657,9.13134726916127,105.99097368882344,256.0973357992258,56.221261326,2.376497299702383,0.5455417866232737,0.2168536094334195,0.5021116415717958,0.9748629495921914,0.1050485563268672,0.0781293348230453,1.060013485963624,161.4180708451943,0.1172603944168095,0.4318832536019028,False,False,False,False,pachytene,10,off_axis,86.89730115449301,13.44
717,8.475855365474079,94.22704239891252,237.84294815318523,48.266728128,2.258671560680695,0.6359350699844479,0.172539489671932,0.5883059671605927,0.99662027833002,0.1914891402799007,0.2455616616207105,0.9712486964613531,140.39786617466785,0.1213692666977619,0.2932818963313915,False,False,False,False,pachytene,11,off_axis,73.1482144378331,13.44
106,0.9761194029850844,109.82502180622208,251.17424760940892,9.272860433999998,1.303291925624231,0.4280293448014166,0.0,0.5758513931888545,0.8900343642611683,0.4331138903658286,0.1527001335490205,1.0142750506424894,160.9024602041015,0.1218849316916543,0.0,False,True,False,False,mitotic,11,off_axis,81.32380208951834,13.44
757,9.07465284974058,94.56927708808432,240.03772486010823,22.6367577,1.7548575599736194,0.6191709844559585,0.1880247459125055,0.4936054421768707,0.9960901563937442,0.3024574443271606,0.3367915692524886,1.0101247672948004,142.13660395376644,0.1220698247703985,0.3809211362891167,False,False,False,False,pachytene,11,off_axis,75.018942964248,13.44
225,0.4834012813046002,110.8993892253939,266.09650605707736,4.027700825999999,0.9870129820495844,0.3255678509027373,0.0,0.5509499136442142,0.2420382165605095,1.1376219135977124,0.0861265084375887,1.2416907908177934,171.80292084163491,0.1230809813081908,0.0,False,True,False,False,mitotic,11,off_axis,95.89044191483738,13.44
793,9.814249827065796,111.41578867368216,263.22096759747114,64.43148432599999,2.486965968065719,0.6274074343757965,0.3002393162393162,0.440687903068204,0.9823424438809054,0.2886783416343594,0.2915282150671142,1.1273809962324013,170.23446875203717,0.1247727941814493,0.6812969317944927,False,False,False,False,pachytene,11,off_axis,92.97107923464758,13.44
314,3.3506085152231324,110.99022282031792,248.48716990144135,58.787542458,2.41211993936299,0.5245600734208531,0.2533525504449179,0.4892992026856903,0.9621867213835557,0.287297848422543,0.1602209556387284,1.116911127278701,159.93888659373678,0.128607072752164,0.517786558928164,False,False,False,False,pachytene,11,off_axis,78.47551454190825,13.44
718,9.760519125683809,106.37128586065306,245.39133982240625,195.750482544,3.601953296061011,0.7264524014955421,0.2026337851054911,0.5744951154334779,0.9976504136878463,0.1832018946136414,0.3223006842114968,1.005254481961951,154.44416239975345,0.1318376489481158,0.3527162888975939,True,False,False,False,pachytene,12,off_axis,76.37348941025897,13.44
108,0.959657291860682,113.74892821754524,263.7808576829913,12.594482082,1.443324225783457,0.6513317191283293,0.2315270935960591,0.406517094017094,0.9804013065795614,0.2462659422248189,0.1949278649079575,1.150694638502359,172.32982491711954,0.1330053149805583,0.5695383958105423,False,False,False,False,pachytene,12,off_axis,93.23411940282658,13.44
399,4.079721393034919,56.3795144477627,233.8641838208948,11.78753445,1.4118160731069125,0.5472636815920398,0.0155776720034617,0.5468131868131868,0.6081838565022422,0.7484117421284953,0.0471744898020753,1.0000364007426998,109.86544088817121,0.1348693423033935,0.0284881059548837,False,True,False,False,mitotic,12,off_axis,92.11761573662079,13.44
109,1.0709868542862446,115.57360525828511,251.56411660803423,12.669546977999998,1.4461860199563947,0.5476763562303277,0.0359116022099447,0.5571019238641015,0.9645821804095184,0.2548219328246312,0.1544568587578495,1.0507563106673965,165.39466654941987,0.1364555420789984,0.064461457897792,False,True,False,False,mitotic,12,off_axis,80.89078042581086,13.44
442,4.792055849783344,57.236289287434666,231.83682450649923,9.744361812,1.3250174483490444,0.5211844005777564,0.0,0.6008044243338361,0.9819193324061196,0.1416528233688854,0.1148342475453399,1.0562965280824894,109.12199970971204,0.1375970652155539,0.0,False,True,False,False,mitotic,12,off_axis,90.04601149600613,13.44
273,2.549837368991684,95.32568348391771,233.2621917961664,6.490767726,1.1571841760700357,0.6212504517528008,0.0,0.5477099236641222,0.7589285714285714,0.671522633084881,0.2355656482354161,1.0661559279952564,138.1023151673259,0.1376465502408673,0.0,False,True,False,False,mitotic,12,off_axis,68.52578200562323,13.44
509,4.6463625747065045,115.22627862540332,258.2040770041923,68.294980692,2.535712777675246,0.4124132719653774,0.2802507573207674,0.4140994914362542,0.9108352144469526,0.3780475990245356,0.1306900312248383,1.0045358255144654,169.637977299506,0.1377060013663821,0.676771556392768,False,False,False,False,pachytene,12,off_axis,87.5304578534711,13.44
398,3.730043959375501,51.89952315446399,239.1788645672268,92.850584796,2.8090880011676416,0.8399777676721742,0.1560293137908061,0.6330912535522577,0.9999350206309496,0.0964596340330083,0.3638652613421054,1.0992144330851323,110.17127852088366,0.1378524397732903,0.2464562776935076,True,False,False,False,pachytene,12,off_axis,99.06186636328175,13.44
491,4.730371900826375,115.83761846590802,260.53560662448274,18.165704832,1.6307518553534606,0.3952737603305785,0.1872613675807011,0.4070040572282725,0.5750421585160203,0.4381365807277396,0.0901992549137418,1.060750443153396,171.66729488354406,0.1391169316808884,0.4600970537148076,False,False,False,False,pachytene,12,off_axis,89.79054876118308,13.44
824,9.838350515463937,99.1511435051558,231.26705783505207,6.82621398,1.1767849247255016,0.3013745704467354,0.0154963680387408,0.4333497294638465,0.3271028037383177,0.9344060749787336,0.0946231100318967,1.3213376912473596,139.5641629253179,0.1412775721354388,0.035759496280091,False,True,False,False,mitotic,13,off_axis,65.15531966960549,13.44
424,4.60115551275878,55.69897156957222,231.19137840635565,9.744361812,1.3250174483490444,0.5108329321136253,0.0,0.609251968503937,0.962536023054755,0.2022264406078129,0.1103053898778852,1.0351012851129748,107.55400039956506,0.1417648291031032,0.0,False,True,False,False,mitotic,13,off_axis,90.61286650147304,13.44
655,7.284459459459435,96.08435760135124,227.89234831081143,4.166101727999999,0.9981912387393368,0.7235360360360361,0.0,0.4175152749490835,0.9978142076502732,0.093582003484254,0.1049923201008695,1.1653667924941848,135.02209021823742,0.143767692242151,0.0,False,True,False,False,mitotic,13,off_axis,63.35718152285676,13.44
420,3.9482095294467543,49.87638873187439,241.92248869488844,126.82214179199998,3.1167513625806094,0.8360646641018052,0.2437713310580205,0.5221708225205912,0.9993854473942968,0.0689704882041077,0.2547991774350479,1.0266292100037366,110.54215761996848,0.1440510428044429,0.4668421147725228,True,False,False,False,pachytene,13,off_axis,102.45052316791926,13.44
781,8.60592417061611,102.04533281990491,233.02455900473828,5.939509896,1.1234506512147568,0.3704581358609794,0.0166563849475632,0.4755332496863237,0.678,0.891021740208411,0.2215470330449672,1.1133810276167986,142.88358546060323,0.1453096156739213,0.0350267514596515,False,True,False,False,mitotic,13,off_axis,65.74759225849816,13.44
397,4.564033780427264,48.871179314456064,238.17699152011332,47.22051113999999,2.242232749615132,0.7681569796323895,0.1722241929762327,0.4036854510392115,0.9961557989410316,0.0731656071525342,0.1914590780346524,1.113624320551465,107.26514612938192,0.1466896993407446,0.4266296754883641,False,False,False,False,pachytene,13,off_axis,100.37678481661294,13.44
61,2.127235232436013,55.740991730163465,228.29194459628644,134.22541715999998,3.1762551656049265,0.7949143656064313,0.093472383159521,0.5909671921602045,0.999435499705478,0.0586735647445176,0.1546411585177256,1.0132617108574458,105.62045456207746,0.1469940070183455,0.1581684810925708,True,False,False,False,pachytene,13,off_axis,88.45187538460029,13.44
807,10.039251637044252,101.94466422825047,230.75291550982325,25.07636682,1.815760934976339,0.6071094480823199,0.1895021227325357,0.5023809523809524,0.902544200086244,0.5873819925213632,0.4536297217444665,1.147477809403734,141.2704390135055,0.1480782726117026,0.3772080168135783,False,False,False,False,pachytene,13,off_axis,63.64925529392953,13.44
758,8.776937018577305,103.16367498867092,232.4606012460337,10.354264092,1.352104348353061,0.3608971454463072,0.1181619256017505,0.3729174051754697,0.4140127388535032,1.093343349417752,0.0891634424013483,1.0379719183190634,143.32402343500218,0.1486281123119208,0.3168581674168615,False,False,False,False,pachytene,13,off_axis,64.84480888751598,13.44
586,7.928727127286753,104.78455449455215,232.83537850715243,46.920251556,2.23747010224009,0.8608139186081392,0.1175911251980982,0.3710488505747126,0.9964145807051324,0.0614198621845773,0.2624238302064928,1.0525057961337936,144.7700960036405,0.1527237890102361,0.31691548165683,False,False,False,False,pachytene,14,off_axis,64.69330180062204,13.44
113,1.3954896810506034,120.31586264915492,258.84531857786334,62.5149837,2.462059273873589,0.7435647279549719,0.1694214876033057,0.568920105355575,0.999571236065172,0.1410291867299355,0.2475917271082707,1.139279322251107,173.81580466634028,0.1539844952455273,0.2977948678706255,False,False,False,False,pachytene,14,off_axis,87.79350968915536,13.44
396,4.85076699205766,46.90504321833324,235.75557481203347,154.75566621599998,3.330575757823503,0.8258806766507003,0.1785612128146453,0.6523026029424567,0.9998022543009688,0.0892155512701984,0.3307038270288111,1.0807174974255662,104.1784805268063,0.1543580865728194,0.2737398440680409,True,False,False,False,pachytene,14,off_axis,99.92795803429965,13.44
115,1.1984602822816206,121.43554062754968,254.83662058789216,20.110354794,1.6869817115017298,0.5386679108830048,0.0851260698588942,0.5939317319848293,0.9891304347826086,0.0704379916302181,0.0477960541482275,1.056413457828818,171.92331253457874,0.154453753600571,0.1433263543175508,False,False,True,False,TZ,14,off_axis,83.74392801506716,13.44
548,5.511582134746447,51.64141209311158,227.89488656321075,12.395090952,1.4356669503280877,0.5991672975018925,0.0,0.6558073654390935,0.9879101899827288,0.0801200745676465,0.0560459503317794,1.0276826148782023,104.00286149173499,0.1556545240458614,0.0,False,True,False,False,mitotic,14,off_axis,90.9526977998589,13.44
327,3.004319807379141,58.31228321648613,225.31142007648185,33.124731137999994,1.9922993084632696,0.5885560512711565,0.2848350566223535,0.387091222030981,0.9809684922816664,0.1284327640069743,0.108876087011266,1.017933012441399,105.49223568274691,0.1559601909641463,0.7358344504116825,False,False,False,False,pachytene,14,off_axis,84.51758685428442,13.44
117,0.7042688465031891,123.24672792915597,266.03250708447126,5.165403155999999,1.072354893823536,0.6380563124432335,0.0,0.5595984943538268,0.99412915851272,0.2156375160446952,0.2253351235200392,1.3562217486153652,180.8409747163779,0.1561825370969498,0.0,False,True,False,False,mitotic,14,off_axis,94.8978105944735,13.44
429,5.830470130788283,104.68115683987344,229.6971029692493,6.636205961999999,1.165763398623466,0.6412159773771651,0.0433553251649387,0.2551724137931034,0.5902366863905325,2.125083390244359,0.9571882746444034,1.1476817570064786,142.56777370290246,0.1575935093928983,0.1699060040247601,False,False,True,False,TZ,14,off_axis,61.740375207613525,13.44
430,6.064904589994944,105.6805530943804,230.27477402011655,18.193854168,1.6315937511433614,0.5875451263537906,0.1056751467710371,0.4792122538293216,0.9645436638214052,0.3959881495597624,0.3209238694148201,1.217080480265155,143.69421448190496,0.1592973341348034,0.2205184569605661,False,False,False,False,pachytene,14,off_axis,61.981818759946684,13.44
377,4.590034308119646,103.8397243914388,228.55933845777133,28.717014276,1.899693594107627,0.5970429668354844,0.1689690026954178,0.444151631867018,0.9079872204472844,0.3982303080338423,0.2428704044465724,1.1527977837425445,141.17803487601327,0.1614891732122092,0.3804308947040146,False,False,False,False,pachytene,14,off_axis,60.93898406886619,13.44
794,8.862200034429966,124.0752363986921,258.5811703804451,68.13312201,2.5337079851895976,0.4407299018763987,0.3325663571369874,0.3898670278256587,0.8156911581569116,0.301915640050355,0.092039419665732,1.074863980095975,176.40183990141782,0.1639984707595329,0.8530250916363847,False,False,False,False,pachytene,15,off_axis,87.44134502521317,13.44
118,0.7382916531341268,125.40814642741212,268.7120324780741,14.445300923999998,1.5108197776246235,0.6685612211757064,0.0435801312089971,0.5698187163155316,0.9945090439276486,0.1595337901519753,0.207996006194598,1.5951683455707732,184.24614590277932,0.1654105712004182,0.0764806945808798,False,False,True,False,TZ,15,off_axis,97.57890563564277,13.44
547,5.53890000000003,48.92596899999903,224.93072479999984,14.074668,1.497786286717794,0.6145,0.0,0.6346735840899265,0.9971003986951794,0.0761061016015985,0.0659550969117485,1.0383229750192768,104.00286149173499,0.1664298128246769,0.0,False,True,False,False,mitotic,15,off_axis,90.77447934997151,13.44
275,2.572058227381463,107.0044230845788,234.48209209508357,63.65268602999999,2.476905144515187,0.6510779436152571,0.256712199717381,0.4585973806506125,0.9828761288124042,0.3053862615749197,0.3380682305670214,1.176611421790539,147.51849667876263,0.1666056518940781,0.5597768555790336,False,False,False,False,pachytene,15,off_axis,65.64777645989054,13.44
119,3.9713116956795487,125.98784017795728,259.241096658806,78.56245099799999,2.656901607783108,0.6934101698963901,0.2273890142964635,0.4365991429684456,0.9905919726311933,0.2565754243658188,0.3167175329596928,1.0825523211700046,178.25567125786034,0.1666193239217805,0.520818737184048,True,False,False,False,pachytene,15,off_axis,88.11823489476171,13.44
809,8.153238866396855,125.44435038461624,257.0963296153823,11.58814332,1.4038102728371724,0.5880566801619433,0.302604523646333,0.3857493857493858,0.9546599496221664,0.5434195924286616,0.4877067572005359,1.0571759174545423,176.40279422083927,0.1668144972522948,0.7844588606627869,False,False,False,False,pachytene,15,off_axis,85.96462687518326,13.44
309,2.576328096893995,40.95477683175368,240.78322506295908,39.122885484,2.105946931452433,0.6378462645401127,0.3462495941119169,0.3117549668874172,0.983658495914624,0.0344270821586939,0.0354264729673963,1.0239987932623498,104.00286149173499,0.1676630890068173,1.110646600337747,False,False,False,False,pachytene,15,off_axis,107.66018433127292,13.44
460,4.342067876874526,50.43198492502077,222.42907135528705,41.609410164,2.149649480272427,0.8316044649904161,0.0688902743142144,0.6397723468362906,0.9997787936882466,0.0301823912112585,0.0908990018394774,1.0134198750630057,104.00286149173499,0.1690099257917469,0.1076793560316894,False,False,True,False,TZ,15,off_axis,87.9597655745379,13.44
737,9.044644270652388,127.06254379571222,263.82753381565954,74.08670657399999,2.6054568996058363,0.4880157046512364,0.3239118618555838,0.4275819418676561,0.9158767772511848,0.2119882592705757,0.0733376718308739,1.1295463260325729,182.15355695120655,0.172535917073925,0.7575433621933455,False,False,False,False,pachytene,15,off_axis,92.73019641644157,13.44
52,1.6233545543584829,47.23256290401686,223.95302637855693,95.80157352,2.83853777189359,0.7745102840352596,0.1947359216509269,0.5247040938212618,0.99930618951981,0.1960567583387938,0.3977846587257753,1.0090747398574424,104.00286149173499,0.172629832989406,0.371134748030502,True,False,False,False,pachytene,15,off_axis,91.34039646319906,13.44
608,6.478535924084993,101.3026846362404,218.3472367374609,5.191206714,1.0741375635448982,0.7740623587889742,0.0,0.422,0.9992481203007518,0.1106146381556783,0.1752907418685227,1.2834657373698777,132.39305435830167,0.1730061359886028,0.0,False,True,False,False,mitotic,15,off_axis,52.48907012693705,13.44
123,0.6791283913693463,129.22144998931876,257.1142179235188,10.980586818,1.3788350466149857,0.6754966887417219,0.0777170613236186,0.6142198815009875,0.9963869931754316,0.1403326034684693,0.1836205597769194,1.137672988841452,179.19295475547233,0.1762422205784605,0.1265297064850769,False,False,True,False,TZ,16,off_axis,86.11783475306962,13.44
459,4.4324890239784365,48.469443718337054,219.65054143870205,13.891697315999998,1.4912675494742145,0.6023302938196555,0.0,0.5796178343949044,0.9968354430379748,0.0564219347597026,0.0435086556658466,0.990945341738479,104.00286149173499,0.1778900251574263,0.0,False,True,False,False,mitotic,16,off_axis,87.5491628582893,13.44
67,1.6227000533605402,60.01614904642447,217.0513459594152,118.694021022,3.048691017323789,0.8208857882566849,0.2316235693090292,0.5337084850491007,0.9993450496670668,0.1209100893561917,0.3872657496184684,1.1140742484329982,104.00286149173499,0.1788679533772587,0.4339889205391218,True,False,False,False,pachytene,16,off_axis,77.34059073842063,13.44
46,2.558039106053476,41.17446620483832,227.0670456642904,285.288828804,4.083808658576031,0.8428933217122465,0.2105197917527477,0.6085727743758832,0.9999787832175252,0.0560905876915408,0.2242817346372703,1.066562915048037,104.00286149173499,0.1829250048932183,0.3459237754574948,True,False,False,False,pachytene,16,off_axis,97.92457579017865,13.44
58,2.180221844445743,54.21822724028334,214.90172201725545,249.757329438,3.906698336128061,0.8148979534333293,0.1389750535191576,0.6512076314187132,0.9999245026612812,0.0515440726254844,0.186487362387021,1.0754325311310715,104.00286149173499,0.1860239954618703,0.2134112790054198,True,False,False,False,pachytene,17,off_axis,80.09544660197525,13.44
897,11.445062668384706,114.92661021436064,226.1448619889924,40.05181357199999,2.1224844911433625,0.7808949279606419,0.0355761794276875,0.7043571237636995,0.9999170262197146,0.0526239387165808,0.125407982252013,0.9190098198371088,147.6965135467727,0.186627301691581,0.0505087238098592,False,True,False,False,mitotic,17,off_axis,55.78942946045485,13.44
621,7.04189900347097,112.62948985556083,222.2499470943881,20.950143318,1.7101444540501838,0.6802149815250251,0.0114226375908619,0.6971288515406162,0.9986152324431256,0.1234918488513139,0.1613128956670887,1.056955520912424,143.3680721685184,0.1869685120300804,0.0163852601504277,False,True,False,False,mitotic,17,off_axis,52.41433914501036,13.44
646,8.37725195822407,132.5234511031313,259.9958771573073,71.87463792,2.579263348662481,0.4566253263707571,0.2408809046142622,0.4809898492401946,0.9163498098859316,0.1865739688027355,0.1003973779988137,1.0922745230094704,183.57397120850206,0.1869951385083136,0.5008024701452113,False,False,False,False,pachytene,17,off_axis,89.24022018434508,13.44
555,5.491912302070607,45.13229035322865,217.20552363580987,38.51767476,2.095031147433458,0.8223507917174178,0.0569026834788231,0.6496400411381557,0.99991924412501,0.061417072738973,0.1950563010999085,1.072436513404086,102.27335854020082,0.1891921791373416,0.087591096415687,False,False,True,False,TZ,17,off_axis,88.53431846509847,13.44
761,8.77825975139331,118.21807964852302,228.9599498757005,27.36350037,1.8693660348502144,0.6785255036433776,0.0216540568745108,0.7069333333333333,0.9989500524973752,0.1840081985917519,0.2409499991800432,0.956723949663767,152.0246799531475,0.1938610617417923,0.0306309744547022,False,True,False,False,mitotic,17,off_axis,58.13373088625123,13.44
127,2.2722585815413643,136.06841219447264,258.3409926539345,35.125679772,2.0316335503023413,0.4815680512889008,0.0386377708978328,0.6671389926574778,0.9854389721627408,0.121667835824526,0.0672959289686894,1.578611189275663,185.06004218941092,0.1941264142609206,0.0579156237651817,False,True,False,False,mitotic,17,off_axis,87.99822717890402,13.44
476,4.994425587467575,45.49968241840864,214.1361255156681,71.87463792,2.579263348662481,0.8240208877284595,0.1733864786141346,0.5569362017804155,0.9994296744757392,0.0887325549195283,0.3123047652064691,1.085189082807973,100.14137601174363,0.1947454711614106,0.3113219755868843,False,False,False,False,pachytene,17,off_axis,86.29582963380173,13.44
404,4.021414952333027,116.13224730556892,222.34549703963864,23.37567777,1.7737477907868129,0.6421475163070748,0.0259491942092324,0.7212563095905776,0.99961788307222,0.0485009774333774,0.0584831232880216,1.042621937743349,146.00907325422156,0.1948858704012126,0.035977770820421,False,True,False,False,mitotic,18,off_axis,51.84496924374039,13.44
449,4.530162412993029,125.75269576566131,240.47078996520025,4.044121272,0.9883524739751136,0.7488399071925754,0.0,0.418013856812933,0.5714285714285714,0.9305195146033288,0.0501482679401135,1.1790087273072989,165.3652899665067,0.1956408973511392,0.0,False,True,False,False,mitotic,18,off_axis,69.3470729862685,13.44
226,0.6492375690607467,137.98147584530437,266.4205130386755,10.61464545,1.3633445541984213,0.4906077348066298,0.0,0.6446854663774404,0.9907407407407408,0.2784926643285295,0.1822989686228933,1.5886954965292936,191.94120450560126,0.195691533637464,0.0,False,True,False,False,mitotic,18,off_axis,96.26489284159304,13.44
808,9.541752836060615,118.03797590603476,220.93083665294225,23.366294658,1.7735104286628338,0.6368838470033129,0.020048767271742,0.708045341443185,0.9996086105675148,0.071583022064425,0.0782733619280304,1.0510674306405454,146.45225460408795,0.2033257758884679,0.0283156545185049,False,True,False,False,mitotic,18,off_axis,50.17685380675021,13.44
567,6.240880184591086,42.0115319432711,212.17793589397348,41.682129282,2.1509010372062862,0.8610501435083573,0.0233386075949366,0.669501822600243,1.0,0.0419218677335429,0.1747882816569802,1.0659612539886203,96.40987731879511,0.2048030028990522,0.0348596625238346,False,True,False,False,mitotic,18,off_axis,87.73722404070021,13.44
850,10.46982982647315,138.8553710704987,268.8023431134221,27.982785761999995,1.883363340801212,0.4536004694442116,0.034513405421419,0.6225836146057073,0.9583604424202992,0.2839207685121027,0.1297458391769188,1.7144554618341066,194.19771049133743,0.2060889741320453,0.0554357753910323,False,True,False,False,mitotic,19,off_axis,98.74841834941334,13.44
475,4.1838302902931,45.29064603310254,209.43692163405055,35.716815827999994,2.0429671104667606,0.5512938394850913,0.2629194087819614,0.4869730679156909,0.9761230271145286,0.2315678501475445,0.2068946896520728,1.0075990160759023,96.38587062547452,0.2065696394874604,0.5399054405766036,False,False,False,False,pachytene,19,off_axis,83.46344678095588,13.44
406,4.266476321748412,120.05726210495196,229.230038338096,23.826067146,1.7850672574246935,0.6557054248301664,0.0259052924791086,0.7226193880468973,0.9996382054992764,0.0683262612861061,0.079791247323559,1.0786159777814042,153.56038367954272,0.2069406843468688,0.0358491522752049,False,True,False,False,mitotic,19,off_axis,58.24115044517953,13.44
350,3.2699353223450616,128.80028844147677,237.0353943041929,11.243313954,1.3897453924859111,0.5706238264135197,0.0467809170912459,0.619533527696793,0.897422126745435,0.2041115419592807,0.0717663351118637,0.9575800245191816,165.27920003872327,0.2084053298865974,0.0755099038225758,False,True,False,False,mitotic,19,off_axis,66.05231347504564,13.44
570,6.61128496149173,116.0868358492092,213.752390441831,28.93517163,1.9044919931612432,0.6852047020672882,0.0241266649912038,0.6631470512490343,0.9997118985883032,0.0532076743290628,0.0644194996795526,1.057657321060561,140.15359144694798,0.2115855003594929,0.0363820738488716,False,True,False,False,mitotic,19,off_axis,43.387245454393714,13.44
62,0.6156636110003778,55.0335363491425,204.81109824631372,11.771114004,1.4111601988081348,0.7048624950179354,0.203763440860215,0.4780553679945982,0.9981103552532123,0.1304538484048188,0.2358568773442774,1.0270233331559966,99.02656992955602,0.2134812003057138,0.4262339772796306,False,False,False,False,pachytene,19,off_axis,73.00644621146455,13.44
348,3.825325153374368,121.5256491533728,217.2711056441741,28.67713605,1.898813842664704,0.6868711656441717,0.0141643059490085,0.68521421107628,1.0,0.0561263402573687,0.077281667183786,1.0367259812748268,146.5378482823714,0.2147419574182467,0.0206713546217326,False,True,False,False,mitotic,19,off_axis,46.21148120856408,13.44
677,8.005947464067548,124.10795322980496,234.08893812985227,14.198994234,1.5021835131433805,0.5440277548323146,0.0,0.6822463768115942,0.9876651982378856,0.108156797592323,0.0617191099449593,0.9059268416450476,159.83169694645807,0.2148972731994915,0.0,False,True,False,False,mitotic,19,off_axis,62.9490983967276,13.44
741,8.410163934426299,131.84495262295107,239.5305898032778,7.1546229,1.1953618182155563,0.6518032786885246,0.0,0.4934086629001883,0.9933579335793358,0.0178350491001261,0.0279458982541174,1.0006359956098143,169.2091057528694,0.2151644448774481,0.0,False,True,False,False,mitotic,19,off_axis,68.81101713377791,13.44
587,6.593071780673837,129.09807562968297,231.3649780066144,34.738626401999994,2.024143714550729,0.773786211087852,0.0317919075144508,0.6892537313432836,0.9990243902439024,0.1308790527486468,0.2946772901574251,0.9904806004487432,161.65634781485412,0.2222246058003029,0.0461251148433998,False,True,False,False,mitotic,20,off_axis,60.4197965339864,13.44
609,6.821999020088188,124.03814963253268,216.2071007594331,28.726397387999995,1.8999004760688716,0.6738526865915401,0.026803118908382,0.713820731096645,0.999855783097779,0.0568046936346033,0.0729278442123389,0.9945319842412452,147.66488715826034,0.2227448264209995,0.0375488098632332,False,True,False,False,mitotic,20,off_axis,45.06759868729521,13.44
68,1.765229877122818,59.91703555708594,200.57062809610125,84.95235027,2.7270656709079684,0.8172580422476874,0.1301261829652996,0.5882441825324871,0.9999247328014452,0.0761403661162149,0.209396734353873,1.1708898268188594,98.86875532447029,0.2230453338004639,0.2212111684727339,True,False,False,False,pachytene,20,off_axis,66.54074855697677,13.44
826,9.913777537016866,130.2103239707482,232.29003583423565,25.981837128,1.83735784871429,0.565185987721199,0.0467141726049089,0.7269518272425249,0.9910922587486743,0.1420412334771348,0.1039223950243141,1.0706624739378547,163.10115555803262,0.2244821221667055,0.0642603414068099,False,True,False,False,mitotic,20,off_axis,61.439827020952634,13.44
738,9.015976494353486,127.39755298870472,221.8662379028534,25.547868198,1.8270706978651008,0.6857037921219356,0.022,0.7113643003213556,1.0,0.0998718389060328,0.1385049217658966,1.035028841403453,153.96994550173218,0.2249629514386998,0.0309264887063655,False,True,False,False,mitotic,20,off_axis,50.82379660743171,13.44
566,6.225507745266873,42.16918667813985,203.30672488812465,13.628970179999998,1.481806438019604,0.7013769363166953,0.0280112044817927,0.5688760806916426,0.9993746091307066,0.0106878051282495,0.0133359976943869,1.0218750899296314,89.67200555973136,0.2252930672653803,0.0492395539776194,False,True,False,False,mitotic,20,off_axis,81.96450164272095,13.44
335,3.301575882151494,133.25229773895026,231.5268120246651,27.389303928,1.8699534492288,0.6503083247687564,0.0101818181818181,0.7342640215527798,0.9965228386281018,0.1361660014214164,0.1577583618957964,1.075423195463884,164.82140778864647,0.2270997371680994,0.0138666990114621,False,True,False,False,mitotic,20,off_axis,61.05414343910615,13.44
699,8.6187950609098,117.46290517112872,207.51213388580453,28.306503126,1.890598043457196,0.6654512306289881,0.132201203783319,0.5650235323259847,0.9986655546288574,0.0229277147845075,0.0417682536805987,1.0554690842004786,136.9377276460324,0.2295390774541763,0.233974686397746,False,False,False,False,pachytene,21,off_axis,36.99995648136606,13.44
279,2.6704781704781704,138.35949807692305,245.2375821205797,4.513276872,1.025182354415148,0.6933471933471933,0.0,0.5084745762711864,0.5800604229607251,0.9808636780743132,0.0730408620785597,1.2043035407604898,177.8671809630705,0.2297976070009847,0.0,False,True,False,False,mitotic,21,off_axis,75.42897064191416,13.44
330,3.629635537124257,120.72728464789851,208.557012704364,29.413710342,1.9149336640214687,0.676449477629795,0.048545966228893,0.661819078136554,0.9998556165174703,0.066181017267358,0.0910465844541763,1.104145248758965,140.0466009157271,0.2318957851308336,0.0733523221566551,False,True,False,False,mitotic,21,off_axis,37.58247414913593,13.44
50,1.6036758540107954,45.94344449102976,200.0690728146369,170.64362060999997,3.4408611619124163,0.8314248401952025,0.2314971485868271,0.5651145722906303,0.9997409853656732,0.1406208660025431,0.4957568775369391,1.0747162399328731,89.58058920128988,0.2326729364535156,0.4096463972756509,True,False,False,False,pachytene,21,off_axis,76.99267541521368,13.44
362,3.5382538253825278,143.4365507875803,245.39478645364383,10.424637432,1.355160652486898,0.1532403240324032,0.0,0.6574541589157588,0.5131578947368421,1.158847100873892,0.024973128635138,0.8409561565619613,181.70784216846323,0.2341978655258302,0.0,False,True,False,False,mitotic,21,off_axis,76.6935267307525,13.44
795,9.517811839323144,130.132982346723,216.08884727801507,26.629271855999995,1.8524943582753528,0.6338971106412967,0.0731489741302409,0.6487006737247353,0.9987332609482448,0.1022913923332083,0.0984866185741776,1.0392444016758913,152.0674904714904,0.2382466376107388,0.1127622909811874,False,False,True,False,TZ,22,off_axis,45.33219995669941,13.44
289,3.047434265669376,34.56553090987808,201.46060942787372,226.693640142,3.782540403249515,0.8470182845435072,0.17504603537749,0.6254058441558441,1.0,0.0267238847222506,0.1184548262349299,1.0636736924101589,83.40521286363997,0.2399175936868255,0.2798919086113793,True,False,False,False,pachytene,22,off_axis,86.64969455646673,13.44
635,7.79251719394769,116.04098457359024,202.80231185694475,34.10761212,2.011812807996172,0.691334250343879,0.1968503937007873,0.4890819964349376,0.9993127147766324,0.0649565647623313,0.0826639146675521,1.1515779875964498,132.70086847071786,0.2411066363745606,0.4024895521317238,False,False,False,False,pachytene,22,off_axis,32.70917190020956,13.44
546,5.249316243173975,42.15006721803469,196.2408244053808,103.950806292,2.916843205597694,0.847700500970348,0.1308435286542176,0.5937175877907839,0.9998841318579456,0.0444966746100169,0.1633085544926899,1.0830068047205783,84.21313313801517,0.2430403788349709,0.2203800785843062,True,False,False,False,pachytene,22,off_axis,77.47807466023026,13.44
678,7.851182303584965,136.8047913043494,227.53107173912628,24.602519664,1.8042511582369352,0.6576086956521738,0.0239195433541723,0.7117794486215538,1.0,0.0468211850307311,0.0542121748740047,1.018997330755911,164.72702039013615,0.2439033947469431,0.033605273937728,False,True,False,False,mitotic,22,off_axis,57.77175569932989,13.44
797,9.47487721249167,140.02536647205966,232.1763220183452,25.313290398,1.821461505602101,0.6232971921045316,0.0291378074994028,0.7107011070110701,0.998514391829155,0.1235189680334187,0.1191445855956939,1.058733160658917,170.24303309016483,0.2447871840657066,0.0409986803340507,False,True,False,False,mitotic,22,off_axis,63.04200816007462,13.44
361,4.522851091798568,131.1108051486174,211.09141102023025,32.120738153999994,1.97196394106419,0.7246038121668006,0.067507418397626,0.6385574118271016,1.0,0.036114111273553,0.061048473824388,1.0368187820763284,149.40076527147667,0.2453678544551337,0.1057186357049202,False,False,True,False,TZ,22,off_axis,40.536229348505906,13.44
334,3.800148883374688,132.96005332506056,222.62573496278523,28.36045602,1.891798456627544,0.7224979321753515,0.0187189236618894,0.6867362146050671,1.0,0.0440110279033926,0.0747729778292449,1.0482519208588688,158.57572236539124,0.2455031312812811,0.0272578076760586,False,True,False,False,mitotic,22,off_axis,52.21729534918067,13.44
679,7.6147006520454,144.70142537047937,242.2473487848264,23.743964916,1.7830145103777284,0.5756767437265362,0.0328754784958342,0.7266589057043074,0.9959964412811388,0.0954500082141057,0.0735349734175239,1.038550456547009,180.50567066147738,0.2484125065216283,0.0452419673628991,False,True,False,False,mitotic,22,off_axis,73.98997128591985,13.44
59,1.9230993239729868,54.424368447737606,191.85369498439763,90.21862188,2.7822908435841045,0.8384815392615704,0.136502641089797,0.5265614938828075,0.9998970946386306,0.062950938930526,0.203472929337702,1.0581318129495108,88.65040332736962,0.2484267580983805,0.259233997691782,True,False,False,False,pachytene,22,off_axis,65.22181060870915,13.44
45,1.6032684602176015,40.984882761877046,195.09109306810885,81.96148331999999,2.694679179274921,0.7544361763022324,0.2095808383233532,0.4941724941724941,0.9989987256508284,0.0879988370247142,0.1496428617759232,0.9802460249180276,82.58461869493132,0.2507588892208202,0.4241046209467857,True,False,False,False,pachytene,23,off_axis,77.64383856897969,13.44
762,9.491415153770996,122.7190152339479,201.51657812840412,40.959629658,2.1384009432546818,0.6810033789588226,0.1829250403403256,0.4791741472172351,0.9961149046385684,0.0670308827658527,0.0971394286279728,1.1621968406031056,136.74140926507198,0.2510383062021648,0.3817506461954342,False,False,False,False,pachytene,23,off_axis,30.41513460672045,13.44
487,4.690896911053188,49.88882425009337,192.14702078898443,31.515527429999995,1.959500251071586,0.6494231484927429,0.3389473684210526,0.3607218683651804,0.991284577491474,0.1346329748067826,0.098558691417458,1.0816820789323325,85.98724983600457,0.2517137564880578,0.9396363185774916,False,False,False,False,pachytene,23,off_axis,68.90485482210799,13.44
299,3.2568272265678657,127.18503357348592,204.2710177233399,34.187368572,2.0133797128187134,0.6738712776176753,0.1401953690303907,0.5659583420997265,0.999202657807309,0.0701567796262299,0.085246834532084,1.1183194109142502,141.89236039422178,0.2526946005403165,0.2477132301120621,False,False,False,False,pachytene,23,off_axis,33.26076904495373,13.44
622,7.183948851686479,137.03653537478127,217.84251176916172,27.884263086,1.881150406596109,0.6725834945739042,0.0733333333333333,0.64568345323741,1.0,0.0390369615771158,0.0541468468451167,0.9931990010263556,158.33318348862394,0.2533874209775081,0.1135747446610956,False,False,True,False,TZ,23,off_axis,48.42127726980385,13.44
351,3.45704560925803,144.65849959155847,233.88031003233635,27.567583056,1.8740019025603236,0.6364874063989108,0.0041958041958042,0.7378277153558053,0.9961383748994368,0.1211945116120283,0.1345672001506558,1.0779467210146152,174.80518465827168,0.2549795438411905,0.0056866990877143,False,False,False,False,pachytene,23,off_axis,65.97615750051172,13.44
645,7.633331131514416,127.98689260849224,204.6353502212814,35.512733141999995,2.0390685653479084,0.664112556972059,0.2062129253824539,0.5559488692232055,0.9994620040349698,0.0934556359419732,0.1106144835155769,1.0394870942532894,142.72897025938363,0.2564782790792108,0.370920666986126,False,False,False,False,pachytene,23,off_axis,33.70315790565777,13.44
665,7.35196064245403,42.74078069743877,190.6413001736348,16.211671757999998,1.5700484851354408,0.5753147156706699,0.055966548729495,0.6218057921635435,0.9974600870827286,0.2300185848518028,0.1808859556143252,0.9787544033766974,80.27308478529139,0.2591506196398627,0.0900064769978454,False,False,True,False,TZ,23,off_axis,73.45568320552832,13.44
280,3.3338867339022658,139.0452105430558,220.0059215748665,30.23707842,1.9326375156721625,0.678432893716059,0.0256229431123647,0.6993968636911942,0.9993192648059904,0.0680432849960459,0.0869608838151294,1.0205084571405318,161.2763291504251,0.2600562313373737,0.036635770679804,False,False,False,False,pachytene,24,off_axis,51.056601398588555,13.44
557,6.402700734016767,124.0686608337521,198.0929639267061,41.865099966,2.1540436900019317,0.7207373788311762,0.2006415396952686,0.5090288924558587,0.9998995075871772,0.045666549144369,0.0696555733489567,1.1287800042535867,135.41446877507198,0.2609430182089857,0.3941653267013082,False,False,False,False,pachytene,24,off_axis,26.953573943496547,13.44
798,9.673110745692028,141.14278219775622,221.3690482233492,32.810396886,1.985977351933887,0.6808465003217273,0.1613751643809882,0.5539874551971327,0.997782090379817,0.0298035551210098,0.007148021331653,1.06566838657552,163.74264247721135,0.2618718224444931,0.291297506589863,False,False,False,False,pachytene,24,off_axis,52.99361636843037,13.44
636,7.245290806753991,149.02512793621275,235.77667896810948,25.00599348,1.814060783293996,0.6170731707317073,0.0297123841217019,0.7055365017148456,0.9971153846153846,0.2100727809348218,0.1993148382847527,1.0590457678556335,179.3016668186286,0.2624039676105823,0.0421131777724956,False,False,False,False,pachytene,24,off_axis,69.22215853527075,13.44
63,2.410343675417649,55.03168865154955,186.2621665489281,98.2880982,2.862886347718479,0.7821002386634845,0.1656004386766587,0.5860898138006572,0.9995494558813336,0.0375604129693607,0.1061546638982426,1.0919977820739666,84.7270973918678,0.2635589051111093,0.282551299779087,True,False,False,False,pachytene,24,off_axis,61.19171152666675,13.44
810,10.09361458067761,130.50038193984227,205.47619863624865,36.809948376,2.063600065676619,0.6091639051746113,0.211899254690311,0.5325289417903147,0.9951387799905912,0.0746492699093174,0.0607602614250891,1.1472388388858512,145.1473304380383,0.2651284949315513,0.3979112458713035,False,False,False,False,pachytene,24,off_axis,34.900455744615016,13.44
650,7.35712497765054,42.143319435006944,188.06055860897595,13.119936353999998,1.4631236814064017,0.5991417843733238,0.0,0.6034790365744871,0.9954090150250418,0.046062094025065,0.0432114729630875,1.001328663441988,77.90314222007544,0.2656829688465123,0.0,False,False,False,False,pachytene,24,off_axis,72.27223095839624,13.44
827,10.002059663809606,136.7866057006201,207.5183927247357,35.306304678,2.035109985078209,0.7481230483024384,0.1744337979094077,0.4566077552097072,0.9997722873733348,0.0099566782631604,0.024303160843106,1.107885192693704,151.15446767567803,0.2673580476566555,0.3820211021805688,False,False,False,False,pachytene,24,off_axis,38.47796693859908,13.44
407,4.979270855221587,120.5573742015123,193.15809064929417,44.65423000799999,2.20085449957718,0.7068186593822232,0.2429462832338578,0.465328794122917,0.9991796554552912,0.0341219231008598,0.0635762848156236,1.245407080293682,129.4884109504624,0.2706303884967241,0.5220959594640586,False,False,False,False,pachytene,25,off_axis,22.32558624377404,13.44
640,7.184709414540222,44.43775679819898,184.89429824147808,43.753451256,2.1859550912623704,0.825219815569376,0.0423031727379553,0.6960122699386503,0.9999297999298,0.0691479914815662,0.2230730095272816,1.0409760982050775,76.92407291013228,0.2744963329820906,0.06077934910786,False,False,False,False,pachytene,25,off_axis,68.48659087847224,13.44
120,2.186034663603258,126.620312746614,196.05531527896144,46.96482133799999,2.2381783393876407,0.7381749163378453,0.1604740550928891,0.4673788630293781,0.9995607870695712,0.0195828557748589,0.0327161143679417,1.1898143159168564,135.91063114394538,0.2749537555828258,0.3433489782844591,False,False,False,False,pachytene,25,off_axis,25.027810890423698,13.44
493,5.407385608505705,150.03601740079705,227.0474544617407,24.710425452,1.8068851052731725,0.6282513764951585,0.0145948666331152,0.7068437180796732,0.9939713639788996,0.1625431306906348,0.1626487525394408,1.0317373974918962,174.1308659649969,0.2768471648595278,0.0206479399332656,False,False,False,False,pachytene,25,off_axis,61.567541430414614,13.44
60,1.3237461548749605,55.17392167647304,181.1597375183864,70.15752842399999,2.5585577491054043,0.8145312291025812,0.1394663357120694,0.5675139715161348,0.9998621830209482,0.0498353954137548,0.1364446316453328,1.0761194989105851,80.88453701131792,0.2772060483921446,0.2457496074316548,False,False,False,False,pachytene,25,off_axis,57.83169040070314,13.44
739,9.292232535417766,128.78377311675558,193.74291729848187,48.01807566,2.2547862655242654,0.6875915974596971,0.1610914338187065,0.4861610633307271,0.997536460386283,0.0289932865153477,0.0577663648029323,1.3021642697631637,135.93512955047797,0.2774712939291754,0.3313540428660753,False,False,False,False,pachytene,25,off_axis,23.05313360643683,13.44
676,8.567088459969028,122.56032308589197,190.53210348125265,40.227746922,2.125587724539626,0.713394367018485,0.1936013125512715,0.444557477110885,0.999678800856531,0.0786053383409789,0.10951210892915,1.2457873411814449,129.18238796600787,0.2784075461329636,0.4354921973407321,False,False,False,False,pachytene,25,off_axis,19.465576937293207,13.44
669,8.315383990247579,146.24412177976365,216.1915140511985,28.86479829,1.902946765713516,0.6603006907761073,0.0224508886810103,0.6844497607655502,1.0,0.0919724415379187,0.1062853470982645,0.9844471502710548,163.98672469430807,0.2786437935600218,0.0328013682931223,False,False,False,False,pachytene,25,off_axis,50.13362455646322,13.44
662,7.213906118385272,32.43735520330923,186.87482212267204,30.633514902,1.9410471002137133,0.6613829542844016,0.2874637447631324,0.4362279511533243,0.9966748337416872,0.2660498971192008,0.296850820664749,1.111220560711535,70.80617140164475,0.2795881513702167,0.6589759872175073,False,False,False,False,pachytene,25,off_axis,78.99865035390606,13.44
363,4.484316343359634,147.1745031650058,217.38874516610684,29.868791274,1.9247589432816408,0.7193905599623027,0.1261922230374175,0.57738595018192,0.999053926206244,0.0925145850770805,0.1287709207016452,1.0402373965064189,165.482175454383,0.2815344771403711,0.2185578346644172,False,False,True,False,TZ,26,off_axis,51.61859427378717,13.44
742,9.34159901886329,133.70289935758728,197.1561748466976,40.16675669399999,2.1245129634447446,0.711791158091456,0.1769513008672448,0.4711246200607902,0.9967032967032968,0.0378669452054744,0.0663820382179574,1.1517334162762174,141.8657081078169,0.2821218821146291,0.3755934063569262,False,False,False,False,pachytene,26,off_axis,27.680293710844474,13.44
641,6.823267790261977,45.52605477528133,181.7857709620777,20.042327232,1.685077370854864,0.5959737827715356,0.0922955561398896,0.5880648899188876,0.9955801104972376,0.1357757214004288,0.1500631706166622,1.035124818086115,75.22116407193766,0.2823848817517919,0.1569479112290142,False,False,True,False,TZ,26,off_axis,65.6674711891904,13.44
524,6.293871712044645,120.60885224272656,188.9500604383916,50.83300926,2.2980125896773127,0.6668204891555145,0.203442188879082,0.4626038781163435,0.99903128935387,0.1154674933453519,0.1459306244606517,1.3369343670669622,126.67520888315542,0.2824479907842884,0.4397762286547821,False,False,False,False,pachytene,26,off_axis,18.178454549533622,13.44
130,2.2919003955411976,143.93905323624793,204.8569318905041,52.18886894399999,2.318265071095432,0.7656868033081625,0.1461097461097461,0.4425474774601957,0.9985073512948728,0.0528905121351733,0.1139055020627196,1.1578533578019274,154.61184457913438,0.2840632091017728,0.3301560929649357,False,False,False,False,pachytene,26,off_axis,39.04472196659489,13.44
278,3.404849527084994,137.97786276870244,199.6080869647431,40.92209721,2.1377475848949943,0.7924906850100315,0.1431952662721893,0.4171270718232044,1.0,0.0281468443705457,0.0795945801987962,1.1456443435551902,146.67116790749202,0.2842106886256269,0.3432893138445864,False,False,False,False,pachytene,26,off_axis,31.605160838516607,13.44
121,2.93922055174429,126.3156125237176,190.11650569260107,48.21277523399999,2.257829660499051,0.7558507273877293,0.1772421708476799,0.469908330011957,0.9990180032733224,0.045160959866805,0.094506141131171,1.2453292756082737,131.66280766504028,0.2850171919522322,0.3771845688353086,False,False,False,False,pachytene,26,off_axis,19.088596684917942,13.44
765,9.299383070301632,144.94753134146262,206.6585572166447,32.70014532,1.9837503868666009,0.7044476327116213,0.1880173433188805,0.4980582524271845,0.997454106927509,0.0890364347194749,0.1196587359135682,1.0644916459685323,156.5742299576418,0.2894341677304294,0.3775007088078888,False,False,False,False,pachytene,26,off_axis,41.10907090147979,13.44
408,4.5634675342279705,148.71491159007974,210.06965093534004,34.609608611999995,2.0216347445155383,0.6996746644977634,0.2214022140221402,0.4820582261340555,0.9981410171291992,0.0482925001295063,0.0666914776064028,1.1733244040396698,161.65623818244634,0.2916401083000012,0.4592852108296363,False,False,False,False,pachytene,26,off_axis,45.97879534152499,13.44
709,8.581443609022378,23.02723457142783,186.6029520000011,15.5994237,1.5500295640368391,0.5992481203007518,0.0074487895716945,0.6161350844277673,0.9964924587863908,0.0937230085399276,0.0752344790310538,1.026533284797164,64.60210733358817,0.2924772073698848,0.0120895397128904,False,False,False,False,pachytene,27,off_axis,86.0791780679688,13.44
736,9.44584889134736,120.8487364264969,185.56242216844203,50.886962154,2.298825320044497,0.7161296270686397,0.2057268154262865,0.4788892497564144,0.9977644024075666,0.0321085210423857,0.0445428878555798,1.481157450976747,124.5564183451079,0.2926917139830773,0.429591634247227,False,False,False,False,pachytene,27,off_axis,14.818058411992022,13.44
65,0.7937339684866088,57.35731104800368,174.57549261634355,12.803256324,1.4512557172071172,0.7286551850494687,0.2478415439309294,0.3950033760972316,0.9919001012487344,0.1382107844307153,0.1817381392851672,1.007550245786877,77.20000118451017,0.29579068808754,0.6274415838661649,False,False,False,False,pachytene,27,off_axis,51.954304432540034,13.44
764,9.475674429329098,130.24431184689797,186.69045663361464,50.86819592999999,2.2985426964065376,0.7253400968411344,0.2650542941757157,0.4209200805910006,0.9978470547709266,0.0330781297158614,0.0414811868575759,1.3437773341500738,132.23110052284662,0.2967820938377489,0.6297021843281063,False,False,False,False,pachytene,27,off_axis,16.66578759110386,13.44
421,4.442501510574154,51.38522206042412,173.25683492447098,38.8226259,2.100545528997311,0.715226586102719,0.1177461624859602,0.5270528325907066,0.9980542644038484,0.2392452768602632,0.3672130809281759,0.9906184884041404,72.37914618032971,0.3001701813877016,0.2234048566007772,False,False,False,False,pachytene,27,off_axis,55.71782167211421,13.44
405,4.822340559352895,118.14710336701876,182.1857620738792,55.944459522,2.372590703614656,0.7373055474024068,0.2539890450107168,0.4167597765363128,0.9986807387862796,0.0319079700884505,0.0634298512207494,1.6594918960435767,120.28159243202211,0.300744787373213,0.6094375208702187,False,False,False,False,pachytene,27,post,12.619596154616133,13.44
743,9.124816775244582,135.01671374694715,187.69431770154384,46.08984614399999,2.224191703047658,0.7351384364820848,0.2282366899006377,0.409108378170638,0.9993485342019544,0.0490513161358219,0.0672940475048323,1.1722968007984025,136.42132713586807,0.300755807032318,0.5578880856002436,False,False,False,False,pachytene,27,off_axis,19.747596296064714,13.44
415,4.805456661978594,17.639722983459908,185.32164466217145,96.725810052,2.847636747852668,0.8188145705000728,0.1578176079359711,0.6115647169053674,0.999934548548614,0.0402833930557628,0.1714184586680575,1.15220341691161,60.182434780423215,0.302780839332022,0.2580554495271701,True,False,False,False,pachytene,27,off_axis,89.41587166002442,13.44
277,3.48497699386511,123.20018641104078,182.14861557514988,61.17789024,2.444379477913328,0.7464723926380368,0.3014263074484944,0.3976104053236539,0.9975888674565996,0.011924866176315,0.0264556834785882,1.505891739642777,123.97294565810603,0.3033593357273419,0.75809461576624,False,False,False,False,pachytene,28,post,11.058558922978897,13.44
706,8.982985754985306,144.4664610256435,196.46773965811903,41.1684039,2.1420279833648035,0.6747578347578347,0.2402502329295887,0.4626839523475823,0.9974427666829032,0.024380479903287,0.0272930801053244,1.1461378197323608,149.31582685494217,0.303532102231772,0.5192534379258206,False,False,False,False,pachytene,28,off_axis,32.406784669121656,13.44
291,2.864799476145017,55.54548706101445,170.96361395339326,204.192937566,3.6530086667832777,0.8003147724792353,0.1493172808691821,0.6299044989069152,0.9997465065433,0.0614040025169389,0.1448165836067966,1.080510389085546,73.26163374121698,0.3048640759269339,0.2370474907359689,True,False,False,False,pachytene,28,off_axis,51.0500724283987,13.44
607,6.226579902390296,48.74832235014311,173.01321417845296,18.745111998,1.6479086880731282,0.5165811537980227,0.0582642613359336,0.611959616878074,0.984799131378936,0.0819441701245164,0.0572450955015898,1.0231153549111731,70.5115783795768,0.3074859155582014,0.0952093238327883,False,False,True,False,TZ,28,off_axis,57.5952618601259,13.44
124,2.5761956521739666,130.43743004598605,182.81824631688264,56.11100976,2.374942822499223,0.7531772575250836,0.1596925704526046,0.4459688346883468,0.9991539166607912,0.02653767478359,0.0453356123821286,1.219039363917663,129.74960202125703,0.3075047415390101,0.358080112401131,False,False,False,False,pachytene,28,post,13.216116207560907,13.44
545,5.437048665619948,31.6194103274279,175.68909208903182,41.839296408,2.1536010507107464,0.695054945054945,0.3123893805309734,0.4006251149108292,0.9953243717124488,0.0802672079636522,0.1022974850494464,1.0736924207851786,61.662688482325045,0.3095214581019898,0.7797548603524389,False,False,False,False,pachytene,28,off_axis,72.5035514085804,13.44
719,9.19697122665336,118.91400591872672,179.14412700656737,55.763834616,2.370034531435778,0.6757950530035335,0.2066090179122915,0.4584144284416764,0.9990216134483678,0.0678850657690254,0.0912006366129957,1.610728601451429,118.7848489830254,0.3102333961316512,0.4507035666713929,False,False,False,False,pachytene,28,post,9.619713195966131,13.44
70,2.1286810508259597,61.833275403085885,170.6651039794146,129.92091452999998,3.1419322778158065,0.8504829827570641,0.1154667806024354,0.5978746528197078,0.9999311089168024,0.0295448734221709,0.1052839895434031,1.0567347273104557,77.03701681601177,0.3105910023261028,0.1931287437222314,True,False,False,False,pachytene,28,off_axis,46.01302239114404,13.44
560,6.601495310564704,18.079425875951245,180.9869507343836,53.023965912,2.3305648894592808,0.8083967439391258,0.1360462796728505,0.5850842761486954,0.9998781602193116,0.0687020642677183,0.1853468985130048,1.1656751112325807,57.12117301312406,0.3110161391562858,0.2325242451709217,False,False,False,False,pachytene,28,off_axis,86.31561578778768,13.44
451,5.4769575188381125,146.5883018128206,194.5664495631779,42.960578292,2.172670344082093,0.7038877361581304,0.1562159639022872,0.4914254102895076,0.9991717569106532,0.0702837575276001,0.1057826270690551,1.2802632374553256,149.5882518912904,0.3115259851455573,0.3178833666949732,False,False,False,False,pachytene,28,off_axis,32.369712186190085,13.44
784,9.76722327582186,127.78397101623707,180.6969845367516,50.71337458199999,2.2962083948736174,0.7262130533327166,0.2184075003301201,0.4749113025848961,0.9985594441149056,0.0518100229376451,0.0910595689050005,1.5484451739697405,126.36077709815686,0.3141654769403884,0.4598911399693992,False,False,False,False,pachytene,29,post,10.189450651497994,13.44
642,7.111926605504427,48.65147983486118,169.42771932110116,12.7844901,1.4505463167679424,0.5939449541284404,0.0,0.5725259828287392,0.9863822060826146,0.2295449020617485,0.1606165145615536,1.0575444969168128,67.68603713469287,0.3146694659766422,0.0,False,False,False,False,pachytene,29,off_axis,55.38585729818572,13.44
55,1.919912457199468,51.38077484909382,167.1600859825532,199.360634886,3.623961703427031,0.7636697377245931,0.1952802596257863,0.5551406522280309,0.9987912682662818,0.0626460678260816,0.149802405911171,1.0302282516626071,67.6766830749688,0.317855510474253,0.3517671761958671,True,False,False,False,pachytene,29,off_axis,51.83745980996995,13.44
300,3.846222352710891,143.50505704639068,187.77615849970235,47.938319208,2.253537198320211,0.7113916617733411,0.1731389317257815,0.4884706680230586,0.9990821477742085,0.0455508900340688,0.0811987669201066,1.3910927219718414,142.71991704183293,0.3192347403635813,0.3544510306555569,False,False,False,False,pachytene,29,off_axis,25.446394469295218,13.44
595,5.676520835363795,50.42863626619992,165.99774042678192,72.224158842,2.583437510534901,0.8122056578648218,0.1948196629995822,0.5677966101694916,0.9991082177732198,0.0703948888821979,0.1999716349951577,1.128539733405003,66.17416090574461,0.320072462153733,0.3431152273723984,False,False,False,False,pachytene,29,off_axis,51.83096342279853,13.44
425,4.098773563479484,60.81500042016725,166.84671435384993,20.656921068,1.7021284350291492,0.5492845786963434,0.0288720332762417,0.5409423028470648,0.9945302445302444,0.0644308500375967,0.0667971382485946,1.0342763638057386,73.44497370648392,0.3201532927487062,0.0533735910914781,False,False,False,False,pachytene,29,off_axis,44.365536557289495,13.44
705,9.013897763578504,138.7063278953673,181.04178833865817,46.99062489599999,2.238588166638756,0.7474041533546325,0.2524745161766878,0.425494071146245,0.9986777150916784,0.0524493179193454,0.0854372164413885,1.4554190472412312,134.62773878228347,0.3211483032538282,0.593367882886224,False,False,False,False,pachytene,29,off_axis,17.522295184192114,13.44
594,6.148498003125575,47.66890600798632,164.8809673554415,13.509335502,1.4774579390925773,0.6001041847542976,0.0013009540329574,0.6352583586626139,0.9968266560888536,0.0502784425259882,0.0466869911057424,1.0325989482932325,63.55528432469927,0.3251535569493739,0.0020479132863302,False,False,False,False,pachytene,30,off_axis,53.246865483049554,13.44
379,4.955849072477224,142.65044758339027,183.76207605686903,55.766180394,2.3700677638282195,0.7160223783283557,0.1945836315915056,0.4322322618871278,0.9988708766836036,0.0302504818296684,0.0440878593430679,1.3922945724429134,139.37169677622705,0.3263415924460047,0.4501830352550563,False,False,False,False,pachytene,30,off_axis,22.313522251192882,13.44
675,8.896525980911859,114.08877396394254,173.72716989608054,55.30171634999999,2.3634694898246917,0.6734676564156946,0.2010378827192527,0.4879189399844115,0.998768472906404,0.0722510587909751,0.101909977777192,1.7464844636729822,111.56576402378604,0.3281605587922572,0.412031315541216,False,False,False,False,pachytene,30,late,8.787381253969837,13.44
448,5.170868840311144,114.68741783530734,172.41000872545243,50.65003857599999,2.2952520840016124,0.6909503519822157,0.2629776894190413,0.4152555072680953,0.9984809645874868,0.0365217607283663,0.0464331033481312,1.6859734367700114,111.1136486992606,0.3285559641107007,0.6332912744472259,False,False,False,False,pachytene,30,late,7.413016030507638,13.44
578,5.981229089628484,49.519416957211085,162.43920623349305,13.321673262,1.4705847435118968,0.5826730058108822,0.0,0.6497890295358649,0.9953762084909626,0.0340879219313972,0.0317580609689088,0.9685164183698672,62.851896618012454,0.3298815511544214,0.0,False,False,False,False,pachytene,30,off_axis,50.264947663266184,13.44
47,1.96733802381304,42.67382772344109,166.8167930705966,121.36117060799998,3.071357585602494,0.8315872893149838,0.2168089887640449,0.5098129232181797,0.9995279555229204,0.0182183539883891,0.0494844902354192,0.985466847336607,61.86550340065115,0.3299562932950573,0.4252716612114191,True,False,False,False,pachytene,30,off_axis,58.33045365450031,13.44
250,3.208483444844773,125.36836519557346,172.39106769171622,54.69415984799999,2.354782404971773,0.7337879567678847,0.3105631456181272,0.4433703882713066,0.9999221729317456,0.0329581103235842,0.0493735759673714,1.467655420724609,118.95660691008673,0.3301616268885547,0.7004598273443735,False,False,False,False,pachytene,30,post,1.678067662499412,13.44
66,0.6314161868409978,58.07871089474039,159.92394121110237,36.258690546,2.0532468671207966,0.6016691466649414,0.2743665291691219,0.4796166964430729,0.9657705793955584,0.1214120032100381,0.1591932564517692,1.0279210389408266,66.36552081564292,0.3358084412356067,0.5720537487620332,False,False,False,False,pachytene,31,off_axis,42.06479425984054,13.44
251,3.4736509292886137,137.3161357914959,174.61398021790205,54.90293409,2.357774764146467,0.7336893826105533,0.2531751737359213,0.4707203593775068,0.9996968318932848,0.0821548741387982,0.1414970249747206,1.7069320943682955,129.2502297894973,0.3363027764622345,0.5378462365017034,False,False,False,False,pachytene,31,off_axis,13.52007555734009,13.44
248,3.370901449884499,113.90548875393802,169.42907137634043,55.81778751,2.370798640800919,0.7251103172935491,0.2843544857768052,0.4412169393059165,0.999147947327653,0.0328012567122859,0.0546753115921819,1.9939682780420689,108.51887066236023,0.3381221352056964,0.6444777170707148,False,False,False,False,pachytene,31,late,5.750329196843083,13.44
668,8.427625501790962,134.79567189968515,173.76565072733206,54.344638926,2.349755633164236,0.7077308240169207,0.2184903047091413,0.4440998375424605,0.9984104408934996,0.0207607281389341,0.0325027641431671,1.6080130418954757,126.82167120306893,0.3386692848084555,0.4919846535369457,False,False,False,False,pachytene,31,post,10.867623362895328,13.44
782,9.830745159397708,114.4028924545264,169.38036545668064,59.96981457,2.4281827278257917,0.6762370428319968,0.2702345265385293,0.4935363054246707,0.9988674971687428,0.0578655463418207,0.0797837290814916,1.649519986719897,108.85170927701627,0.3391125044744458,0.5475474115445306,False,False,False,False,pachytene,31,late,5.377500597399893,13.44
77,1.645567448881491,71.17349449361805,164.47006920543535,68.374737144,2.5366994816115915,0.7991628928228351,0.1472687545520757,0.5886573283225145,0.999276445902272,0.102518627598122,0.2526958347559646,1.1039813236738076,78.21158988882682,0.3406606972360333,0.2501773909308913,False,False,False,False,pachytene,31,off_axis,34.86678865025329,13.44
249,3.283652061647768,123.15211326555304,167.36727703946164,58.142453508,2.403264557368705,0.7234729282659567,0.1848239771646052,0.4927049897869857,0.9998555852408116,0.0546835095270226,0.0958115027682739,1.6873754386532902,113.92279746564614,0.3448808828177913,0.3751209770465514,False,False,False,False,pachytene,31,late,2.0309711990491777,13.44
740,9.418095040465024,131.61858337413935,169.7931040713838,56.52152090999999,2.3807204916696527,0.7137165387009753,0.3217305801376597,0.4385329080893012,0.9979825693996126,0.0537972880758073,0.0953673890512332,1.7478328396632945,121.79341918768631,0.3451610126363523,0.7336520799304387,False,False,False,False,pachytene,31,post,7.4906708367252195,13.44
700,8.401937361539174,124.96144763042297,167.2676211328828,54.002155338,2.344809121203447,0.7424091047304635,0.2159196086209176,0.4620573355817875,0.999401645474944,0.0791213217900154,0.1418050828588109,1.5924830639148264,115.18603538807116,0.3497463987984145,0.4673004668328619,False,False,False,False,pachytene,32,late,3.330144819071797,13.44
634,7.669930441717669,108.14001866997326,165.8988639050113,52.946555238,2.329430192082377,0.6666962030924638,0.2555907381753414,0.4696264787983517,0.999230843188155,0.0424200994219797,0.05740272308668,1.9040079836724064,102.86161623221675,0.3541967337748976,0.5442426049513426,False,False,False,False,pachytene,32,late,7.281619351429442,13.44
80,2.3584650357220505,72.84416890019665,158.6905003572191,130.021782984,3.1427451822669705,0.8516814606336147,0.1513368431919066,0.5483517820216519,0.9999297209923396,0.0571835435250329,0.2308113144583315,1.1523206712325649,74.8207191938844,0.3541987189955406,0.2759849573825786,True,False,False,False,pachytene,32,off_axis,29.897224788680596,13.44
477,4.628197140346598,57.18021133477238,154.2493741672642,29.366794782,1.9139150008167585,0.7170700535186516,0.2206820682068206,0.4297007340485601,0.9977134146341464,0.0555734619968811,0.0841989232776275,1.0740506085768493,61.41895830795683,0.3545678522425894,0.5135715411225749,False,False,False,False,pachytene,32,off_axis,39.142546503090394,13.44
825,10.19840631100826,120.45383686600783,165.97660423921263,58.876682022,2.4133384896785497,0.6513805330889677,0.2477647867950481,0.4797714285714285,0.9976127320954908,0.0292353297023295,0.0320933372854209,1.6424594559580046,110.99600502996674,0.3552684352032476,0.5164225546585686,False,False,False,False,pachytene,32,late,1.2256436854593231,13.44
336,4.233935614051403,133.69256054297136,168.00073010639784,51.152035068,2.302809977380145,0.7384206181784829,0.2194854953475643,0.4559957924263674,0.9999187454294304,0.030081986462832,0.0727846589545924,1.860793237560301,122.10443461054477,0.3555362389905867,0.4813322819925056,False,False,False,False,pachytene,32,post,9.950726861519037,13.44
542,6.147273693413228,24.545097223126625,159.77139287096978,136.85034274199998,3.1968266968809567,0.8426267162618488,0.1766657698861088,0.5735758631957303,0.9996681342507576,0.0273906399924392,0.098945018624326,1.12097673794521,46.74036650441013,0.3562499606994642,0.3080076781854092,True,False,False,False,pachytene,32,off_axis,68.04248045291301,13.44
233,3.269427961072935,119.2961731070481,162.9861274151459,59.296576284,2.4190620204376136,0.6764380093361817,0.2477005150846211,0.4852671475730529,0.9984665052461664,0.0510270251407894,0.0627077817201525,2.115697767920695,108.1184124629139,0.3571328134910789,0.5104415502335893,False,False,False,False,pachytene,33,late,2.640775492794343,13.44
763,9.912948115380976,126.67934637821423,164.70387460602268,50.908074156,2.299143188593909,0.7136208644364574,0.2603831964774485,0.4682220434432824,0.9987994168596176,0.1029183275508846,0.1867316644762819,1.8936198923072711,114.7125291023303,0.3577269731370365,0.5561105038169563,False,False,False,False,pachytene,33,late,6.3796962875690735,13.44
332,4.343739703459552,130.05658236820213,162.46575880972597,56.95548983999999,2.3867979747934207,0.7276359143327842,0.1991037907230228,0.4342960834719492,0.9987824366486568,0.0305666937623284,0.0528077122920321,1.9883415156336983,115.68008266998413,0.3597409087691553,0.4584517298228935,False,False,False,False,pachytene,33,late,10.313997412727476,13.44
394,4.325342554125026,43.691176151524814,151.61483274326622,90.905934834,2.789338423397654,0.8256135008902536,0.1613303549267808,0.5578573542468186,0.9993399798520164,0.0495778372035878,0.1737754586991948,1.0607196862462471,52.10271826960009,0.3625964211134292,0.2891964293355928,True,False,False,False,pachytene,33,off_axis,47.93409924020321,13.44
403,4.753011823852798,108.27413746392187,162.27898461037557,50.392002996,2.2913477414305987,0.7068708686342053,0.2914369303476989,0.4465618548515166,0.999458825651664,0.0166017218763765,0.0309124079218437,1.9807128188507053,100.15669846779409,0.362797272050038,0.6526238799429089,False,False,False,False,pachytene,33,late,4.872276319328493,13.44
86,0.9662403019500996,73.84938167330652,154.9387171314751,11.187015282,1.3874218848839466,0.757601174250367,0.2833230006199628,0.263840830449827,0.9054878048780488,0.4900279700901786,0.5555238675688826,1.067217755128699,72.56903419161729,0.3652582943756104,1.0738406187432037,False,False,False,False,pachytene,33,off_axis,26.73237965143256,13.44
569,6.0283893395131285,56.84720961761439,150.19241336906148,16.195251312,1.5695182168621675,0.6833719582850522,0.0288760550866281,0.6029277218664227,0.99597423510467,0.0609318286499916,0.0937863671162581,1.0534307572682415,58.079551673429464,0.3658177458863363,0.047893062533664,False,False,False,False,pachytene,33,off_axis,36.81484712579564,13.44
783,9.799412171507328,117.00779091027296,159.3884559906627,54.27191980799999,2.348707087974943,0.658454356846473,0.2471417682926829,0.4586180713743356,0.9973315543695798,0.0451103964577326,0.0387154191857738,1.8166068409599632,103.49212533378568,0.3667901230091337,0.5388836239097077,False,False,False,False,pachytene,33,late,3.701333529735155,13.44
88,1.1033829057035534,75.63320498447564,154.5375513809479,14.353815582,1.5076235667584137,0.7803562673639484,0.1267056530214425,0.4494047619047619,0.9972805933250928,0.1320203181606357,0.2910532004964401,1.1330738497579107,73.39614130579511,0.3680231804750819,0.2819410557298324,False,False,False,False,pachytene,34,off_axis,25.101780563200606,13.44
656,8.335086956521307,104.34144194347728,162.07115247391562,53.95289399999999,2.344095917724655,0.6953478260869566,0.2782984859408796,0.4327101469958613,0.9990969023751468,0.0110462056137678,0.0300941760533187,1.9583417381097517,97.4912619051729,0.3687607091134645,0.6431522067901527,False,False,False,False,pachytene,34,late,7.7713686228111785,13.44
247,3.192128435106697,107.59151476839968,159.1157775648074,57.276861426,2.391278730238287,0.6863251013638039,0.2856076858502006,0.4648126387256822,0.9996747967479674,0.0441975046047094,0.0558950576512683,2.0934122288697927,97.28351696939147,0.3705386168731967,0.6144576589681703,False,False,False,False,pachytene,34,late,3.3834241994686627,13.44
571,6.803852798893923,125.76293996630696,158.54532002850573,54.30945225599999,2.3492483894663314,0.712767795438839,0.2745718337514999,0.418796992481203,0.9993223784516349,0.0364651184096802,0.0645304210505294,1.8945613601501696,109.86591464564717,0.3712845526598205,0.6556203570727019,False,False,False,False,pachytene,34,late,10.288394728778105,13.44
443,4.713841726618743,59.72450486330828,146.07419853237295,16.3031571,1.572996301170746,0.6840287769784172,0.0,0.6325136612021858,0.998696558915537,0.0537792322189236,0.0726250837599208,1.0153989189341637,56.737971733612056,0.3747610574004474,0.0,False,False,False,False,pachytene,34,off_axis,31.973495595789387,13.44
276,3.6194584052209766,120.79046460130309,156.0604056109848,62.54313303599999,2.4624287582753053,0.7047483309579177,0.2729959364610269,0.4267022357723577,0.9983072054169426,0.0420187106147507,0.0526005544319075,2.1725885122222186,103.33638730115743,0.3758549401028381,0.6397808906880631,False,False,False,False,pachytene,34,late,8.737233176042551,13.44
591,6.65435405897406,28.56755817550091,153.60385301258367,112.088310174,2.9910515922607304,0.8047422723562774,0.1746284501061571,0.6065380493033227,0.999682402194312,0.0383227679956968,0.1055487765774806,1.0789179565260905,44.357551851528875,0.3760334016734349,0.2879101324422063,True,False,False,False,pachytene,34,off_axis,61.07534801925199,13.44
489,5.920627222761028,101.00548466294975,159.59739970901802,58.043930832,2.401906342005817,0.6814581312641448,0.2721396250808016,0.4010403450900787,0.9985843213590516,0.0213099218541922,0.0233587968290744,2.3280998586272936,93.45929657172424,0.3801385397497191,0.6785841584583606,False,False,False,False,pachytene,35,late,8.767018796924216,13.44
760,9.473097716813742,104.86147862919528,156.23648529109758,52.500857418,2.322875476266412,0.7133282695143202,0.2795867954188188,0.4423316708229426,0.9991420727522308,0.0421875128822509,0.0784429825360587,2.024952177842756,93.32493250842589,0.3819698511196174,0.6320750103619244,False,False,False,False,pachytene,35,late,3.653665543842506,13.44
357,3.554584221748412,64.17119066098114,146.06668081023386,22.00339764,1.7383359535603289,0.7054371002132196,0.1141391471625521,0.6036916395222585,0.997356495468278,0.0589579841960891,0.1049394546741448,1.0230270633574958,59.564832951685005,0.3835587021254977,0.1890686232674649,False,False,True,False,TZ,35,off_axis,28.541014459187654,13.44
85,1.4849429051961658,74.91646987695998,147.22924363105125,79.50076219799999,2.66743734838796,0.7624738131067245,0.216316199376947,0.4940372670807453,0.999675910921802,0.0551209366921841,0.1091156813812453,1.0901723650338575,67.30601160642924,0.3855052816966953,0.4378540118140365,True,False,False,False,pachytene,35,off_axis,20.998685191844164,13.44
667,8.855273815812712,119.80649836238734,152.47677428684224,53.286693048,2.33440776885917,0.6691759112519811,0.2625846335001471,0.4526946107784431,0.9986525505293552,0.0512187738861951,0.0635795224455556,1.9439915683667788,99.947161324207,0.3869369514444453,0.5800480660651398,False,False,False,False,pachytene,35,late,10.261618397653528,13.44
374,3.4418682274402173,58.09916333121733,141.47928827304298,99.796433454,2.8774567444042893,0.8403497637684225,0.271947689998928,0.482773851590106,0.9994652238195604,0.0506634884317451,0.172942279441512,1.0932045441556977,52.988260162993186,0.3882626308993307,0.563302442962098,True,False,False,False,pachytene,35,off_axis,30.340487563429658,13.44
698,8.666109622632652,113.9330409836045,151.6435278688553,51.65637733799999,2.310353555782836,0.654193724172381,0.1979144722982936,0.4866710439921208,0.9980975267848202,0.061802909645339,0.0768636251902332,2.055653550261199,95.56331265207709,0.3893313813041332,0.4066699154213454,False,False,False,False,pachytene,35,late,6.264910753437925,13.44
418,4.403921568627409,36.34056314810468,143.54157372704154,30.267573534,1.9332870074281048,0.6786793768890955,0.1759093619558736,0.4751567776169802,0.9950916230366492,0.1112573669910278,0.1571494619270884,1.0665459885486512,41.21531992685115,0.391862568343064,0.370213306938605,False,False,False,False,pachytene,36,off_axis,48.75481843420941,13.44
246,3.0282916552881227,106.67743928529626,151.1247006202983,60.12932747399999,2.4303337186916245,0.7289821714196544,0.2430812813249073,0.4786238664171585,0.9997216810464792,0.0581397150965769,0.0782718900852918,1.90305615718474,90.54136907551909,0.3921020520173127,0.5078753868764305,False,False,False,False,pachytene,36,late,1.002494917321728,13.44
223,0.8202035928143422,63.97712254491006,142.31361887425237,39.1744926,2.10687251157184,0.8441317365269461,0.1562398703403565,0.6162120630042259,0.998923904688701,0.1176239532834994,0.4896728003562598,1.0452941973679444,56.548188692366814,0.3927728333438814,0.2535488668927357,False,False,False,False,pachytene,36,off_axis,26.299810822364098,13.44
691,7.926458001174764,33.31864903918752,147.0963143618359,111.818545704,2.9886501297519006,0.8189980699840564,0.1936448598130841,0.5972415391747797,0.999459782206932,0.077066918025907,0.2201194713385477,1.1142195955079346,42.15549369411944,0.3944215233275807,0.3242320687885289,True,False,False,False,pachytene,36,off_axis,53.32474394231908,13.44
298,3.7423956717189055,116.9126396825431,150.09735895692123,58.965821586,2.4145558106868377,0.6922862712336397,0.2573211713874219,0.4683904330963154,0.999132012940898,0.0303127278539958,0.0240891128072466,2.106205879123115,96.2695437221982,0.3949236071282173,0.5493732433568062,False,False,False,False,pachytene,36,late,9.546660955166205,13.44
400,4.021540880503124,66.7188024764136,142.57255102201515,17.902977695999997,1.6228518954811388,0.6390199161425576,0.0326544943820225,0.6388384754990926,0.9967914438502674,0.0649992701544285,0.0678513850881497,1.0214449496044893,58.494306930479524,0.3952168488828254,0.051115415921859,False,False,False,False,pachytene,36,off_axis,24.35135540659514,13.44
674,8.600279480706531,99.89696179679284,152.8579367607279,52.038739152,2.316039980277864,0.630183916336098,0.2493366273218044,0.4952462213554364,0.9974204643164232,0.0454749394186962,0.0507747525309323,1.8989693682274336,87.55807719288995,0.3961883058303795,0.5034599287590655,False,False,False,False,pachytene,36,late,5.328299032384118,13.44
503,5.193841797911952,30.75321373208265,146.0655860290211,26.511982956,1.8497705786039065,0.6850115023889577,0.1806674338319908,0.4469101123595506,0.9918849133161196,0.2217867670938517,0.244145092314103,1.073751742029358,39.76366997910089,0.3966608487078861,0.4042589971350642,False,False,False,False,pachytene,36,off_axis,54.711480589012425,13.44
360,4.486238110554883,97.74612693102766,154.45865133483517,51.051166614,2.301295317990529,0.6259247346413638,0.2723453700393279,0.458666011546493,0.9951390458964504,0.014600943621806,0.0225726650085113,2.3883111310546226,87.42183664126554,0.3968964304987989,0.5937770909186311,False,False,False,False,pachytene,36,late,8.00595029415133,13.44
269,2.4933352526270176,70.73411759032666,142.70886024183275,16.296119765999997,1.5727699381943625,0.5753562688930474,0.0,0.651186440677966,0.9948453608247424,0.045163767195502,0.0362668888293985,0.9974735470978736,61.157241486620805,0.3974091851281295,0.0,False,False,False,False,pachytene,36,off_axis,21.343014465622083,13.44
792,9.82995751567895,108.01409501112472,151.16766838762166,57.97590327,2.4009676294064297,0.7115112279991908,0.242858659870447,0.4594670406732117,0.9992338925917412,0.0378151977806406,0.0660832854600193,1.789721621473203,91.42597540452863,0.3979983888923213,0.5285660088144957,False,False,False,False,pachytene,36,late,2.005473681351678,13.44
553,6.436491302728752,34.10021861801132,142.2682699398904,44.098280622,2.1916827148693656,0.773817756263631,0.1200331125827814,0.5649106302916275,0.9988864142538976,0.0883325670752624,0.1773783701382981,1.0942763147268622,38.832536509362996,0.398935544533655,0.2124815964621094,False,False,True,False,TZ,36,off_axis,49.73603672451801,13.44
504,4.79980459208608,32.421221299463745,143.86336300683973,19.207230264,1.661340724978624,0.6896678065461651,0.173927178153446,0.422668240850059,0.9951002227171492,0.16639094783822,0.2124773574319723,1.0739050948341402,39.05552872850579,0.399281922522415,0.4114981002680692,False,False,False,False,pachytene,36,off_axis,52.04116760108913,13.44
87,2.045793581960152,74.99234908933387,140.20805422376225,13.523410169999998,1.4779708563145115,0.6433651344319167,0.0,0.5992217898832685,0.9896650035637918,0.0924217559200397,0.0922308559853264,1.0267825313863084,61.942121020524404,0.4043859253415028,0.0,False,False,False,False,pachytene,37,off_axis,16.467511378102394,13.44
295,2.5728752260398,72.37181772151743,140.2859946243616,14.269367574,1.5046611417681834,0.5904981094854513,0.0008022462896108,0.6358892011240466,0.995782208588957,0.0822369154937018,0.0649380463842207,1.0119470933215768,60.332853121469725,0.4049668514668909,0.0012616133253918,False,False,False,False,pachytene,37,off_axis,18.53717709623844,13.44
57,1.7391055823994106,54.62703884239606,136.2615769569222,114.08691303,3.008724389902231,0.8294849388300607,0.1919516710513494,0.5142891595321355,0.9998061210358676,0.0759315894480712,0.2167239392174056,1.0899472568747048,46.73904890175781,0.4053384645966462,0.3732368600302089,True,False,False,False,pachytene,37,off_axis,29.863498615238736,13.44
735,9.117842073538188,104.7969990570922,147.51823891759148,54.483039828,2.351748670093799,0.6198656677861019,0.1994741137002448,0.5205572545022086,0.9966306609850362,0.0177142970307836,0.0390620205498416,1.7055776119206267,86.56346689633808,0.4053582773155877,0.3831934181591518,False,False,False,False,pachytene,37,late,1.8503838946096014,13.44
633,7.841300957897616,98.47704283359332,148.98426895522667,52.65098721,2.325087509541439,0.644998886166184,0.3011139373739145,0.4402610441767068,0.9972278494509008,0.0452872675628946,0.0375670875859083,1.8853127300350168,83.66756552670986,0.4074324261014499,0.6839440858025517,False,False,False,False,pachytene,37,late,3.9552035860486927,13.44
224,2.9642628521752967,102.54812182399908,147.15399335361786,59.364603846,2.4199867506147177,0.7126486742798435,0.2855177834545097,0.4436193619361936,0.9993230537796164,0.0739858995309681,0.0920513154362452,1.893754352427723,84.8500969775829,0.4074581706780085,0.64360983300719,False,False,False,False,pachytene,37,late,0.34888891895904733,13.44
490,5.89156571843374,113.00321039880208,144.81192915476075,51.703292898,2.3110527836317054,0.6857220634272492,0.2699198988195616,0.422405081564891,0.9977986217457888,0.0547247031728953,0.0774112767086748,2.2544061088100897,89.70490285438939,0.4092519030409804,0.6390072245806915,False,False,False,False,pachytene,37,late,9.900066946672151,13.44
270,2.3994256461481003,74.39907100761816,137.56762538394298,37.57467200399999,2.0777926052857745,0.8292545885878386,0.0396769662921348,0.6555758683729433,0.999754259501966,0.0608033388159071,0.194718270561315,0.9811542451801112,59.528833793580745,0.4115549784196248,0.0605223105460059,False,False,False,False,pachytene,38,off_axis,15.242812190275352,13.44
780,9.99565785020094,95.5336131763461,149.2487950389266,48.513034818,2.262507068733139,0.6105120642135293,0.2665270442542342,0.4536312849162011,0.995120698510529,0.0620093763902562,0.0506593564531798,1.9998665877058377,81.99643097662897,0.4118203050435414,0.5875411443535459,False,False,False,False,pachytene,38,late,6.392632869463094,13.44
849,10.469133945138417,102.34583533924908,146.0957712953231,46.777159098,2.235193252285862,0.5725891379569731,0.2371106337271751,0.4995893464742461,0.993348717252613,0.1125602669844689,0.1045916190169255,1.848985713731804,83.90551314673638,0.4137738853872151,0.4746110688719384,False,False,False,False,pachytene,38,late,0.8670733775039324,13.44
597,7.289581304770798,109.57511661656648,142.60760237076886,55.409622138,2.365005707020197,0.6332924092968122,0.2762971008438466,0.423920572616024,0.9940055662599016,0.0166006684084251,0.0087989366036746,2.0580559450208926,85.82192899851167,0.4164729093793793,0.6517662003021241,False,False,False,False,pachytene,38,late,8.661762628260623,13.44
556,6.541620321659305,93.84866482789892,146.51706179167314,46.819383102,2.2358655920022383,0.6257828548524476,0.2380126504794939,0.4762351051010844,0.9948985940027374,0.0732656704184703,0.0741562345342087,2.031525295882649,78.81733971082187,0.4203158842124466,0.4997797262950071,False,False,False,False,pachytene,38,late,5.951275650473993,13.44
759,9.62623377831501,104.1097184008548,141.64379127866547,50.431881222,2.291952009202966,0.576259360900507,0.2407067844640773,0.4914379802414929,0.990722065348931,0.0489828050048693,0.034548450381779,1.919245228739584,81.5973800474749,0.4212700071210994,0.4898009395728712,False,False,False,False,pachytene,38,late,5.062777265986991,13.44
471,5.331917162918853,28.287496035907484,135.42474619144966,26.392348278,1.8469840347451272,0.6698960092436228,0.1890829694323144,0.4124932687129779,0.9903767403767404,0.0767181018406822,0.1078279376083159,1.4735549667490595,18.84749631526109,0.4226108614360938,0.4583904363391747,False,False,False,False,pachytene,39,off_axis,49.09761554545823,13.44
89,1.400424767194933,77.88217302728201,133.6391125387989,28.717014276,1.899693594107627,0.7227577193269074,0.1527708437343984,0.4398939304655274,0.9960955801967828,0.1200496578141991,0.204508150525708,1.1893251597264562,58.719399016572034,0.4236994321612049,0.347290183278331,False,False,False,False,pachytene,39,mid,10.055324532881158,13.44
44,1.9918509629121692,39.90497589576572,131.78127068404083,41.048769222,2.139951071338849,0.7965026572947025,0.0,0.6346531873069362,0.9997601918465228,0.0561885321225201,0.1393817866246159,1.0384980939881492,34.143698555623146,0.4254294762535492,0.0,False,False,False,False,pachytene,39,off_axis,38.70484644017422,13.44
848,10.26814642107716,95.2287379389132,143.49790906038857,50.30520921,2.290031467538911,0.5826532991373281,0.2340607616602481,0.5084916201117319,0.9918751612071188,0.0587291440444139,0.0467430175167918,1.804394714795931,77.36919298734583,0.425718419980961,0.4603040687451594,False,False,False,False,pachytene,39,mid,2.964177380605176,13.44
724,9.071061762664732,25.599411645953783,135.0105337076514,37.182927078,2.07054650126175,0.4942905810358967,0.1669091664934525,0.4952594810379241,0.8940568475452196,0.3320858338420347,0.1159681946558803,1.177197369707835,16.505547065794083,0.4269159872551254,0.3370135714386689,False,False,False,False,pachytene,39,off_axis,50.480599053012824,13.44
436,4.968303259197121,25.16672945866602,134.91793279479492,33.539933844,2.0005889426705448,0.5205623164078892,0.162901453168885,0.4932166301969365,0.8780797561595123,0.3849103112115824,0.1440573546636416,1.211079374126705,16.112149503700333,0.4271421173085298,0.3302837803823445,False,False,False,False,pachytene,39,off_axis,50.683150681978546,13.44
232,3.25292595375242,106.05452665915648,139.9132482594537,56.200149324,2.376199791274174,0.6252191334835964,0.202079445481205,0.499164717674574,0.9969163433800856,0.0114446602491975,0.0119405946516993,2.169415722701369,81.50229899586645,0.4290360783167289,0.4048351943274744,False,False,False,False,pachytene,39,late,7.6643187122311325,13.44
484,5.516247264770096,29.03894466630076,131.76245246170808,25.728493104,1.8313664218830707,0.6025711159737418,0.1708198592353053,0.4888735948612067,0.9783464566929134,0.1689103535844363,0.1227348860509051,1.3688312173136732,17.108047314408715,0.4291286812049293,0.3494151883654133,False,False,False,False,pachytene,39,off_axis,45.78832746787144,13.44
772,9.641367072982383,28.003395525381663,132.30682306742816,30.405974436,1.9362292306386684,0.5208301188088258,0.1700962052378407,0.5113508291740461,0.9522495169748828,0.1213859057427447,0.0559538132552592,1.22954879289164,16.651922418745038,0.431397500770433,0.3326409101801728,False,False,False,False,pachytene,39,off_axis,46.865662819183235,13.44
458,4.373989639113487,46.35779884879017,130.13526045944295,134.485798518,3.178307691476588,0.8437320123493398,0.2057624113475177,0.588905011720058,0.999864056552474,0.0663667566611417,0.2538769569463244,1.0693935249600897,36.8200785073114,0.4320948032959974,0.3493983023620946,True,False,False,False,pachytene,39,off_axis,32.60687431193676,13.44
583,7.158498978265059,89.75578275125426,144.68259835129484,50.50929189599999,2.293124090862457,0.6461081181497306,0.1516366065464262,0.4583989501312336,0.9979576480705148,0.0358301029919983,0.0369334090750587,2.1592733046894077,74.79598436619786,0.4324511688703513,0.3307961471181699,False,False,False,False,pachytene,39,mid,7.9376394136522315,13.44
376,4.541796603232924,97.0247134806612,139.71243826887735,57.31908543,2.391866195863257,0.6182525066502966,0.2613825322670045,0.4997855917667238,0.9979185251263752,0.0552519059728031,0.0407170776011652,1.8742584673906757,75.59527694527223,0.4326558480317303,0.5229893309709605,False,False,False,False,pachytene,39,mid,0.8316807747551577,13.44
463,5.168464021264392,86.27793420352945,138.045683757358,49.420850904,2.276532578875184,0.6592462502373267,0.3207493613397673,0.45103774899011,0.998693948628646,0.0975997728128226,0.0922229445384885,2.408844849143017,67.46449058351547,0.4363031123239768,0.7111364005738694,False,False,False,False,pachytene,40,mid,6.3906213909347125,13.44
371,4.316292590589539,24.19048016495341,131.67311974040166,34.698748175999995,2.023368879006718,0.5576663061114115,0.1877094972067039,0.4951856946354883,0.9692685925015364,0.163315302595036,0.1144515513325396,1.1375345981639964,13.30072947259781,0.4363912450891482,0.3790689013035382,False,False,False,False,pachytene,40,off_axis,48.79164550087256,13.44
776,9.822681122009731,81.77585114868432,133.78944215281598,54.52526383199999,2.352356043227749,0.6513078643951127,0.3050673068678727,0.4382479950647748,0.9968331801001123,0.0555700931113538,0.0520697370923649,1.9941725545211813,61.315655107307926,0.4369607319518655,0.6961065659245801,False,False,False,False,pachytene,40,mid,7.149677854901481,13.44
867,11.030945043657049,24.534865774267967,131.97554393297474,36.537838128,2.058502566047351,0.5451335387776066,0.2225392296718973,0.4570218772053634,0.9733009708737864,0.1144063879696764,0.0716548948824609,1.113790608856566,13.758784925076892,0.4370113757295627,0.486933428729275,False,False,False,False,pachytene,40,off_axis,48.80736309008414,13.44
619,7.942248552821983,78.42081756512195,129.89899798751736,51.86984313599999,2.313531631766302,0.6323715629522431,0.2975892162792707,0.4479025710419486,0.9991161197657716,0.0777632751683396,0.0754047565610272,2.1264410371768854,56.17949244074885,0.4375188907890865,0.6644061354392177,False,False,False,False,pachytene,40,mid,7.257563038231745,13.44
345,3.833001220008203,26.8163285990246,130.125257696218,23.073072408,1.7660606196409323,0.6001423342822285,0.1474094949057013,0.4497838799898296,0.9705117085862968,0.0997443196231581,0.0804553945908761,1.198978089290384,14.351186315390523,0.4377950210694499,0.3277340550956039,False,False,False,False,pachytene,40,off_axis,45.93026518222065,13.44
815,10.191596968112654,21.75244138133809,133.6594314754286,35.899786512,2.046449751936069,0.5228044955567173,0.1627880316404906,0.4878816924551554,0.9780270084687572,0.1916540816692423,0.1219499372367425,1.1640988516330637,12.673401004696174,0.4382500761796933,0.3336629231183,False,False,False,False,pachytene,40,off_axis,51.87319160834498,13.44
454,4.539871319945406,21.318862390329475,132.8862537531676,12.031495362,1.4214895332387654,0.5665821797621369,0.0772104607721045,0.5744489428699955,0.9629825489159176,0.3141084635196794,0.2222194434098712,1.2835232167259898,11.848034802304081,0.4388617402793003,0.1344078733722697,False,False,True,False,TZ,40,off_axis,51.54982623667758,13.44
649,7.9239287068638,27.360904607508708,129.08644365756436,24.743266344,1.80768521897446,0.5629503223359879,0.2020079626103513,0.4518438177874186,0.9776279497395036,0.1215098714762647,0.0878437590898528,1.2128737668377003,14.11417685330764,0.4397742167539565,0.4470747516244454,False,False,False,False,pachytene,40,off_axis,44.78155975836146,13.44
613,7.204548260959091,22.163431179254594,131.74751835768797,22.796270604,1.7589698609740343,0.445770734719078,0.1418100701083492,0.5239509840326773,0.937984496124031,0.3380908384195035,0.1218647940516741,1.038746148473908,11.779776632798237,0.4402930607996966,0.2706552223967289,False,False,False,False,pachytene,40,off_axis,50.13372046293033,13.44
734,10.363401156564546,95.52559168130286,137.95407090597757,54.76218741,2.355758278438218,0.5503533947312058,0.248227458282604,0.5291988187101077,0.9899140829286516,0.190763718103046,0.1482313233167973,1.9025954560862075,73.28487339457737,0.4406016064118085,0.4690627596026093,False,False,False,False,pachytene,40,mid,0.7962211475832489,13.44
428,5.227434742012791,104.40977325538864,135.12508740713838,57.783549474,2.3983093586559536,0.6667478585637153,0.2762937494489994,0.4412230478742843,0.9960170181949852,0.0577344884509677,0.0547239804761976,2.1137220228848697,76.76363221385742,0.4414627062140119,0.6261997209350735,False,False,False,False,pachytene,40,mid,9.44665853278587,13.44
401,4.518226641806316,82.26590502175367,128.83349602237354,56.61535203,2.3820371710900483,0.6768178993163456,0.284666177549523,0.4411538461538462,0.9994815518880152,0.0657509103211173,0.095655130993819,2.1689786672549003,57.807580956332956,0.4430339763017516,0.6452764268777331,False,False,False,False,pachytene,40,mid,3.6148552854336793,13.44
697,8.413546025104779,97.7284076516718,136.77098813284368,44.85127536,2.204086980407346,0.5111401673640168,0.2328463558765594,0.4945971969615919,0.984352773826458,0.2497210351757211,0.1257506239581007,1.640564899087598,73.77615541196344,0.4430351174312468,0.4707797725239457,False,False,False,False,pachytene,40,mid,3.247899149848575,13.44
543,6.122158730158833,25.795524317461545,127.54030295237985,22.1676021,1.742649459963315,0.5851851851851853,0.2401628222523745,0.4474489795918367,0.9652996845425869,0.2167607159378473,0.1433721623833723,1.119286145747182,11.92344490396607,0.44349159111301,0.5367378923770286,False,False,False,False,pachytene,40,off_axis,44.577451799597746,13.44
313,3.726906851164289,100.2668301383753,136.92984332601935,55.604321712,2.367772538873834,0.6252109348633141,0.2552602900494592,0.5105808194506979,0.999187157081894,0.0957875580371639,0.0953395845583779,2.008618570809912,75.51564977482363,0.4439809522684715,0.4999410089945759,False,False,False,False,pachytene,41,mid,5.103426852411512,13.44
343,3.5752145819268484,23.07784325392893,128.87244615681126,24.323372082,1.7974013271684193,0.4630147555212653,0.08989865969271,0.5341235632183908,0.5695652173913044,0.8405050103851295,0.1422834307648842,1.12074550235253,10.665248618792862,0.4446884170966106,0.1683106042935472,False,False,True,False,TZ,41,off_axis,47.330148293614634,13.44
438,4.872008970930766,32.51409261623502,126.97408501681996,27.194604354,1.865511992061737,0.6424566548779436,0.1444788441692466,0.4540410132689988,0.9941896659057896,0.1015690728424997,0.1194145570440398,1.8520029057665508,16.762034467701998,0.4450810431754123,0.3182065935608539,False,False,False,False,pachytene,41,off_axis,39.88194184118648,13.44
837,10.406158164107747,24.857809162952236,128.3238957899923,28.416754692,1.893049439605183,0.4881129271916791,0.2057128218265659,0.4921786808579261,0.9389370523935168,0.2166417931151981,0.090809162738277,1.1486597855605054,11.694595892041596,0.4451548596720235,0.4179636986063352,False,False,False,False,pachytene,41,off_axis,45.777849890188996,13.44
446,4.884649218308127,90.40698933066156,137.67255599007103,53.86610021399999,2.342838264119037,0.6215651265078604,0.2220929191656968,0.5019562715765248,0.99434554973822,0.0075661410495519,0.009437701500013,2.0716830524822925,69.80718510627851,0.4461391453700187,0.4424547151650402,False,False,False,False,pachytene,41,mid,2.970080067308809,13.44
91,0.7108039287013567,83.98469989086895,127.83969952709931,6.448543721999999,1.1546694614958155,0.7209894507093488,0.0,0.6297262059973925,1.0,0.1332303799614621,0.2509606911385161,0.9918977450609104,58.13643857164031,0.4463404277684866,0.0,False,False,False,False,pachytene,41,mid,1.6568614281984937,13.44
716,8.93174912349065,87.19714169263634,138.2865539491627,48.17289700799999,2.2572069826791394,0.572896377093884,0.2238739934519069,0.5247976285486261,0.9784381478921907,0.2008933152776806,0.1234757410621765,1.9652006689636436,68.23572286955084,0.4467068234005852,0.4265910920196993,False,False,False,False,pachytene,41,mid,5.835498325023332,13.44
806,10.054462623689686,98.82669437640872,133.6794476878617,47.886712092,2.252728239950878,0.6037523268345253,0.2536445838715629,0.4732352577574484,0.992507427980881,0.0886976415041186,0.0720907552961562,1.8823404981354437,72.09270383493521,0.4469129818699967,0.5359798952291204,False,False,False,False,pachytene,41,mid,6.063897523515328,13.44
585,6.949763667171608,101.60012427985356,132.642219053776,52.60641742799999,2.324431251519158,0.6096941050566307,0.2458211270032742,0.4686393236604593,0.9978803579839848,0.020441875272376,0.0160894749879086,1.8899255867058204,73.05991248072496,0.4473250827994951,0.524542253695675,False,False,False,False,pachytene,41,mid,8.862515772615941,13.44
638,7.270333016175153,19.36937771646087,132.44745830637464,12.32706339,1.4330356898287904,0.5758325404376784,0.0375647668393782,0.5343203230148048,0.9921135646687698,0.0961328579871008,0.0755654187122425,1.1481997898030163,10.061878625253856,0.44793102727124,0.070303833152791,False,False,False,False,pachytene,41,off_axis,52.44574925176323,13.44
644,8.150309241915286,76.02314086852944,126.29231591270312,53.099030808,2.3316641478685898,0.6180862343170171,0.2499566198160679,0.4663967611336032,0.998220640569395,0.0517502551439091,0.0484680444414737,2.044973594340341,52.058556650037644,0.4491409240258121,0.5359312942236875,False,False,False,False,pachytene,41,mid,6.8660599535859195,13.44
605,7.027341818514699,22.41209049537528,128.1734317919571,25.618241538,1.8287467566876072,0.4197417818881055,0.0765083066161469,0.5589395613066119,0.8191005558362809,0.5779219149860526,0.1468157467093115,1.0629965280818507,9.70727243004632,0.449178828514406,0.1368811798493854,False,False,True,False,TZ,41,off_axis,47.21128097435113,13.44
821,10.001022855849657,84.54666564833506,129.7896266259327,51.82996491,2.3129385884534788,0.5876442634080108,0.266779333655239,0.4485786412029415,0.9908292938556268,0.0790126107450036,0.067895402634857,1.684181927651392,59.99751128252387,0.4500117637428042,0.5947214360002159,False,False,False,False,pachytene,41,mid,2.465829640264816,13.44
359,4.106821413473579,80.18258388609398,124.3674314515183,61.039489338,2.442534804092662,0.6748011221705545,0.2140070592606353,0.4749468210824864,0.999048298834166,0.0549082550427414,0.0642806583968317,2.1527201449184727,53.10304751261771,0.4503125247758471,0.4505916236535198,False,False,False,False,pachytene,41,mid,2.4034166513194304,13.44
589,6.4673062452970855,17.621974604965864,131.29168662528292,12.470155848,1.4385592612442415,0.6405191873589164,0.0382486160040261,0.564625850340136,0.9958557811852464,0.0940017793377629,0.1011777195631377,1.3577197309861218,7.977709250115973,0.4508262488185538,0.0677415247300222,False,False,False,False,pachytene,41,off_axis,52.65897173794462,13.44
324,3.3323938297466835,19.50913848790735,128.80134880974944,12.317680278,1.4326719982479588,0.5576080746524472,0.0,0.6267757210503659,0.9959657085224408,0.0640536874373897,0.0494091750775476,1.2286818004413869,7.859491707478188,0.4512669731824015,0.0,False,False,False,False,pachytene,41,off_axis,49.53660171356129,13.44
671,8.153455974280961,27.924262332559174,124.48369318628367,26.268022044,1.8440792776121169,0.573048758706912,0.1742659758203799,0.4948755490483162,0.9848233995584988,0.1307576682819579,0.1023611715648868,1.4911936090621272,11.633264931815177,0.4522187166597239,0.3521410103115961,False,False,False,False,pachytene,41,off_axis,40.863938048057456,13.44
770,9.51488807114375,19.663648413064685,128.86751005059588,30.598328232,1.940303631817017,0.5327353572523765,0.1176896352055587,0.4990976210008203,0.6131522896698616,0.6399187065253418,0.0781687288815232,1.103401462466436,8.020944292612887,0.4522444723495991,0.2358048410841159,False,False,False,False,pachytene,41,off_axis,49.48987174977158,13.44
823,10.361178619648689,87.96952850845989,134.8805495592107,59.071381596,2.4159957894457995,0.5975299817329839,0.2775163957798688,0.4688702516033547,0.9904368615518364,0.1437175209528141,0.1187661417220275,1.795505670341148,66.10226243602972,0.4532223345238399,0.5918831378848844,False,False,False,False,pachytene,41,mid,3.0703954560091784,13.44
344,3.986024137057902,22.61761731791641,125.72643792725236,27.795123522,1.8791437319839912,0.5173432357160942,0.1497175141242938,0.5023605525441511,0.9588107773304428,0.2312016731130753,0.0862846983684963,1.175409556224134,8.315629144988566,0.4532815748565659,0.298028006709654,False,False,False,False,pachytene,41,off_axis,45.188078261857854,13.44
462,4.003838586074774,85.91637251544414,127.68888518416324,67.954842882,2.53149612995638,0.8305429942352169,0.1737081299444538,0.4691383173762477,0.9991876134951736,0.2046539810670382,0.5889967548148705,1.4961545159896918,59.25071097831815,0.4533806852323422,0.3702706078581519,False,False,False,False,pachytene,41,mid,0.07177433334068158,13.44
576,6.743491310114071,24.26798373699953,123.6943986319526,33.607961405999994,2.001940597890054,0.5289313882878481,0.1322962201079969,0.5345977181804712,0.9806317731150564,0.1979151937491332,0.1157987522821643,1.2858463958685298,8.304647490373904,0.4547078481877981,0.247468733234166,False,False,False,False,pachytene,42,off_axis,42.57029820651677,13.44
427,4.73881221618771,93.12330896180168,132.45158464963126,52.690865436,2.3256743739157826,0.6339150565399341,0.2771624472573839,0.5020065669463699,0.9991838400326464,0.0357166108291744,0.0299252649916114,2.210978550184535,67.51300842929712,0.4547557109594241,0.5521092063462859,False,False,False,False,pachytene,42,mid,2.449669691767271,13.44
844,10.247436740059022,81.7547731350649,124.87664873069176,57.10561963199999,2.388893266530951,0.657697995399277,0.289659875543432,0.4335773430937237,0.9987844787283776,0.0310262074725121,0.036761220489956,1.687513538303743,54.431872398289485,0.45481799591734,0.6680696769729916,False,False,False,False,pachytene,42,mid,1.4882410687898728,13.44
24,2.278276103714101,20.01068283111528,126.60170389803812,26.779401648,1.8559691506775111,0.5588647512263489,0.0876811594202898,0.4974185861795075,0.9564877540385618,0.3040761749532883,0.1757562594946435,1.1460051658119943,6.853586313666966,0.4554920594344351,0.1762723827706905,False,False,True,False,TZ,42,off_axis,47.5171614929747,13.44
288,3.3821723341037155,33.26913072301142,122.68663778804716,35.526807809999994,2.0393379093263864,0.5498184219214262,0.1514623522090852,0.517160457612203,0.9767824121635504,0.1956983163158216,0.1280774176322604,1.606169242032072,14.629208565115086,0.4558351688636652,0.2928730338518273,False,False,False,False,pachytene,42,off_axis,36.08676859725541,13.44
690,8.876512200938137,32.27599107384273,125.47040073126244,29.512233018,1.9170693362523747,0.5506716477227566,0.1499248120300752,0.5011498319476384,0.9737866597456528,0.047942873531124,0.0386983338768784,1.5891907757341297,15.62497217391949,0.4563279991285887,0.2991616528083358,False,False,False,False,pachytene,42,off_axis,38.86959401796551,13.44
660,8.085749875435956,21.228176008968763,125.5358163926274,28.247858676,1.8892915152025545,0.4033383158943697,0.1262313024443634,0.5458594293667363,0.5748594787940725,0.6263616974438581,0.0712749480455802,1.103310739344345,7.11998055911752,0.4574311972303697,0.2312523987921344,False,False,False,False,pachytene,42,off_axis,45.92109134467253,13.44
616,7.288564949789223,34.00084113216698,122.30652810981331,28.965666744,1.9051608136795408,0.5659216067379333,0.1544407635273702,0.4830223880597015,0.9769397069421092,0.2748763213023748,0.167751476308446,1.5081420541413633,14.954378348942205,0.4585500269632816,0.3197383130578233,False,False,False,False,pachytene,42,off_axis,35.32904298594254,13.44
851,10.711618642943185,22.577558843446344,123.66706679059736,35.332108236,2.03560565000428,0.4290930819280307,0.1314141414141414,0.5526223979532504,0.9342548887390424,0.302594923427,0.0999319494775353,1.1959022157752857,6.979637035424554,0.4590771886942224,0.2378009684385947,False,False,False,False,pachytene,42,off_axis,43.62036041637439,13.44
34,2.7037494067394143,29.055651257711137,123.65068403733476,44.482988214,2.1980375879607177,0.6326003269524865,0.1815084586466165,0.4519879431606143,0.9894805194805196,0.0661879576382912,0.0701144073179128,1.572477082593008,11.980622798954457,0.4591900274777372,0.4015780982505487,False,False,False,False,pachytene,42,off_axis,39.50258296787978,13.44
775,9.776760686755148,78.37503370269695,121.9300141555698,53.558803296,2.338374600894106,0.7013402242466713,0.2755763306066079,0.4126704795424549,0.9982168330955776,0.0248189525884135,0.0463740759456605,1.7604326401106014,50.069506223066696,0.4594379878026547,0.6677878459155862,False,False,False,False,pachytene,42,mid,2.3268138793282396,13.44
552,6.337409744356817,16.235764242502494,128.24472750926688,36.06164519399999,2.049520699603755,0.5862225980615365,0.1583752315427361,0.4728816223864172,0.972331276874182,0.1061759598266095,0.0767127561869025,1.2055745458891671,4.974526821984299,0.4598055564092875,0.3349151754798353,False,False,False,False,pachytene,42,off_axis,51.180312099273436,13.44
20,2.09425251256284,17.29031268844176,126.42414445665804,14.937914303999998,1.5278021544354043,0.679962311557789,0.1264466352336047,0.4705593719332679,0.9970864357397216,0.0857772892670065,0.1076261533873142,1.3372919283226914,4.636625953501911,0.4605935673178121,0.2687155814453457,False,False,False,False,pachytene,42,off_axis,49.103675857810266,13.44
895,10.710246433203546,89.42983522897336,129.43405941334848,23.511732894,1.7771824260079396,0.3648608201137384,0.1773067976221245,0.3862708136977694,0.925925925925926,0.4745478667075075,0.1085511886125571,1.4792000216144747,62.83413302504906,0.4606850205214768,0.4590219901026616,False,False,False,False,pachytene,42,mid,1.5248282360469914,13.44
632,7.879681139756401,72.93412619572538,123.1024296726586,55.322828352,2.36377021119826,0.7184531886024423,0.2334333872084969,0.4323795180722891,0.9983763597986686,0.0630160892351325,0.0929977282563441,2.072564687046412,47.64305076537707,0.460932316644446,0.5398807701373806,False,False,False,False,pachytene,42,mid,7.335840387141755,13.44
347,4.024946413849749,76.36584774113804,122.14786476504456,56.90857428,2.3861424411227707,0.6654987633965375,0.2171522284391279,0.455452865064695,0.9977672590872556,0.0854077042602568,0.1024452903683846,2.094238844426433,49.00399954497491,0.4621490529728626,0.4767830989674035,False,False,False,False,pachytene,42,mid,4.044074091152818,13.44
286,3.247888699048063,23.32274115206117,122.45277722723732,28.831957398,1.9022247999869248,0.5647221544219347,0.1669261912176891,0.4880373831775701,0.96950319724545,0.2330465644187661,0.137149529925519,1.3417655061410287,6.786616848741072,0.4624730041845687,0.3420356656509524,False,False,False,False,pachytene,42,off_axis,42.20878717197993,13.44
666,8.450906593406287,98.11392879120706,128.0739683928585,51.23179152,2.304006205964639,0.6638736263736263,0.3159709280655982,0.4350905871134722,0.9976237214588284,0.0528378569853418,0.056461341061325,1.9912938700223504,67.31771450850385,0.4626569601250878,0.7262187172603496,False,False,False,False,pachytene,42,mid,9.085306108699465,13.44
25,2.0790705394191304,20.053151551867494,123.70216536099738,14.133312449999998,1.4998636628706614,0.5606639004149377,0.0,0.5799017755950132,0.9869074492099322,0.0230764999522133,0.0391749930524991,1.241662428271501,5.049030274970824,0.4632831368274687,0.0,False,False,False,False,pachytene,42,off_axis,45.247204483859335,13.44
627,7.350924202952425,17.476813416448824,125.2456382582813,37.818632916,2.0822797331166987,0.5670512343381715,0.1605532170775706,0.5048710601719197,0.976558337773042,0.3415321692430642,0.2222635462322798,1.0932073614622468,4.034092590491887,0.4649821426538149,0.3180083584567091,False,False,False,False,pachytene,42,off_axis,48.07381522276328,13.44
839,10.394951923076782,31.97209049556339,121.91935581545656,25.371934848,1.8228670416138768,0.6339681952662721,0.1139212175470009,0.4872442535993938,0.9883669885864794,0.2060831632397683,0.2125967529869961,1.4104536320935548,13.139616150497453,0.4652013666266969,0.2338072059453481,False,False,False,False,pachytene,42,off_axis,36.31513106219787,13.44
854,10.42415140917486,28.96639566961425,120.167873143387,22.805653716,1.7592111628305462,0.5174861139683193,0.132420935823932,0.5235557450437007,0.9762461059190032,0.1304388451237945,0.0701299018567087,1.4320783854781922,9.7045525596182,0.4655854007567055,0.2529261441164759,False,False,False,False,pachytene,43,off_axis,36.86488652048188,13.44
417,4.880576923076865,32.34247844093528,119.31092645604438,34.154527679999994,2.012734812161906,0.5898351648351648,0.1666201507116941,0.4892833221701272,0.9865581219235138,0.1371796090474059,0.0926405605530156,1.4102302924485373,11.773207170392912,0.4660415945019008,0.3405391991958375,False,False,False,False,pachytene,43,off_axis,34.06257308243134,13.44
342,4.224265279583886,19.351449596879817,121.7476208582558,18.03903282,1.6269525232617466,0.6630689206762028,0.0,0.6630644538788113,1.0,0.0218648942489755,0.0232177592849863,1.0783864330767043,3.267627059254365,0.4670942489875434,0.0,False,False,False,False,pachytene,43,off_axis,44.17985616682973,13.44
836,10.331721971869712,18.660209791069637,123.42056116345678,34.356264587999995,2.0166898375007936,0.4018844735764031,0.1546033584250145,0.5273972602739726,0.6785555060187249,0.5881213975289381,0.0583106714398711,1.1324368993471878,3.7930189595434607,0.4672507338312367,0.2931440302604171,False,False,False,False,pachytene,43,off_axis,45.912052773746225,13.44
388,4.582940811899505,23.73473199566042,119.3660315773164,30.279302424,1.9335366957874736,0.4415866129532073,0.126937984496124,0.5414816870144284,0.4080095162569389,0.9375445489042086,0.053131677397198,1.3379817944336565,5.149286958187961,0.4677531960252264,0.2344271053671693,False,False,False,False,pachytene,43,off_axis,39.55984663055273,13.44
865,10.77401347449459,20.908748229066727,120.64138435033664,24.37263342,1.7986139151701994,0.3799807507218479,0.1266268980477223,0.5498292455759081,0.7241379310344828,0.6773520771801781,0.0874901071080694,1.098088176579514,3.7713215795711816,0.4683405144038773,0.2303022239478902,False,False,False,False,pachytene,43,off_axis,42.337241157809345,13.44
447,4.879884481168196,90.6678990212981,124.62687116842308,58.482591318,2.4079418755966286,0.7054670891660983,0.2889512927278009,0.437151028190113,0.9982614193140508,0.0633304511276394,0.0598152695638043,2.114808594932247,59.917229756588355,0.4687130442615678,0.6609873341122251,False,False,False,False,pachytene,43,mid,5.541485565028105,13.44
728,9.059761089299492,33.190923824242326,119.0316334558518,28.081308438,1.885571086837528,0.5168323448333473,0.1333533113575067,0.5146957123098201,0.9508834980533094,0.3720252129975135,0.1706347696224085,1.428625602134822,12.252568145007709,0.4687630353516878,0.2590915528692707,False,False,False,False,pachytene,43,off_axis,33.30886411709527,13.44
723,9.19277461350704,23.219669804717963,119.1080492026038,28.82961162,1.9021732100324624,0.4516680227827502,0.1179319371727748,0.516693871494287,0.905155450609996,0.3452093189358018,0.0824372273183434,1.3157893189053371,4.587360686402571,0.4689247284718432,0.2282433442295604,False,False,False,False,pachytene,43,off_axis,39.68666473366965,13.44
779,9.761749963501511,94.08492009343658,126.41363747140706,48.203392122,2.2576831789701024,0.6841208817947345,0.3581528725402947,0.3686643044215067,0.9945718400354492,0.1837610907034458,0.2198845666164627,1.8645540241257197,63.47127684993628,0.4701819028183037,0.9714877959293996,False,False,False,False,pachytene,43,mid,7.037251618655014,13.44
846,10.396831210869143,86.95073921802337,122.1432345116898,55.076521662,2.3602570225567803,0.6710251714297883,0.283022370741669,0.462972553081305,0.9965882895343476,0.0718747681838763,0.0849878146798649,1.7357153822387084,55.63480943793243,0.4705599457838184,0.6113156576086833,False,False,False,False,pachytene,43,mid,4.258284777889326,13.44
375,4.402023785526958,87.8840594114088,120.54243633138005,58.18702328999999,2.4038784841011127,0.6300745817375529,0.220523275569147,0.5009808195292066,0.999341610233258,0.0815993574219473,0.0730432311409379,2.0920137369803213,54.99539656782593,0.4706243501580462,0.4401830708336945,False,False,False,False,pachytene,43,mid,5.997477860616536,13.44
260,3.369089984748222,13.899172936791194,125.1995472631751,41.52730793399999,2.1482346783103043,0.5977517934813308,0.2176444737420347,0.4776014604690352,0.9877841348384104,0.0411275500363987,0.0301273946640291,1.4523795832652262,1.2372694095514003,0.4708440164251206,0.4557031160003028,False,False,False,False,pachytene,43,off_axis,50.30527570327121,13.44
389,4.688021824641571,29.041824743051716,118.78289307194586,36.974152836,2.0666639993451152,0.5603984265956097,0.1586935405536668,0.4866503102900851,0.9768718149745198,0.0400918624717417,0.0338996669073788,1.3324447681181866,8.885255141855712,0.4716505743767654,0.326093577252775,False,False,False,False,pachytene,43,off_axis,35.74568542833783,13.44
643,8.17528542646029,70.73879128273985,119.74055306917327,52.39295162999999,2.321282971304923,0.671994627266622,0.2476894639556377,0.449085449085449,0.9979546118632512,0.1005191057076973,0.1226109107680072,1.9728097408285965,43.64231170935744,0.4717026031611102,0.5515419492215812,False,False,False,False,pachytene,43,mid,6.995551270544698,13.44
312,3.7298803247778194,84.19024124754512,117.38783986608895,60.95973288599999,2.441470505000617,0.6880748066340863,0.2568756875687569,0.4360967184801381,0.9995207667731628,0.0528351034368549,0.0679229443813228,2.065696992181161,50.07126935648388,0.4719089885452919,0.5890337548606347,False,False,False,False,pachytene,43,mid,5.052073771059194,13.44
803,10.230443990339747,75.95855388073689,117.89391132082652,63.13661487,2.470193044950951,0.6831135054802155,0.3172430355427473,0.3951225231562903,0.9925619834710744,0.0618780467421291,0.0745791602615121,1.5734247544053273,45.40134686350555,0.4721056339252656,0.8028978783810362,False,False,False,False,pachytene,43,mid,1.7456176849974434,13.44
822,10.119707296675644,83.93677041187435,118.55500692870756,56.09928087,2.374777332789085,0.645996236671545,0.24926842245278,0.4838176234349161,0.99653135839505,0.0456547151668734,0.0550807108446035,1.6975616655930807,50.834852025303334,0.4727467684278756,0.5152115391809657,False,False,False,False,pachytene,43,mid,4.13366867281773,13.44
26,1.4379646139075366,21.10752294609801,119.72974225757814,17.103067397999997,1.5983128801886517,0.5494445206418872,0.12609736632083,0.467579908675799,0.9817483189241114,0.2158539184641625,0.1073329553656625,1.3490995511814785,3.347392393856632,0.4730590388995139,0.2696808908619314,False,False,False,False,pachytene,43,off_axis,41.506045188786786,13.44
358,4.175588754466561,74.24217483962809,118.10885041116154,54.485385606,2.3517824212766576,0.6424850389632755,0.2057388809182209,0.4830202312138728,0.9984449411993392,0.0371258391287475,0.053124126395736,1.9298504253538955,44.51384247804363,0.473989172191014,0.4259425747057856,False,False,False,False,pachytene,43,mid,3.230370792789257,13.44
264,3.416106333072797,15.973382075840444,121.51992443314867,24.002000496,1.7894501743932232,0.5431000781860829,0.1083349227541483,0.5657754010695187,0.9965055329062318,0.2233470514352089,0.1445505009630344,1.2772399883471792,0.5101093130834884,0.4746581332854445,0.1914804400285986,False,False,True,False,TZ,43,off_axis,46.14436163087414,13.44
835,10.335648116379904,17.696196219034643,120.48104119947872,34.185022794,2.013333662185985,0.5050435737322445,0.191095659975328,0.4702620268958824,0.9687416510820198,0.0945218777690065,0.0518076123018862,1.1307523958010506,1.1845255753876305,0.4747339910554229,0.4063599632671112,False,False,False,False,pachytene,43,off_axis,44.24896466708787,13.44
615,7.1099853770629045,33.467731585544485,116.1804708794635,22.458478572,1.7502385327736982,0.5631919782744934,0.1959238607960007,0.4340028694404591,0.965648854961832,0.1246043341843592,0.0738821863210474,1.4082704488121267,10.659949089884806,0.475039323349532,0.4514344825613637,False,False,False,False,pachytene,43,off_axis,30.927831752978026,13.44
599,7.32931951834201,14.680419833380451,122.4527719826356,33.507092951999994,1.9999357652641052,0.4192803136376365,0.1458140253320976,0.5575647980711271,0.9566495224099928,0.312463025134528,0.1118243674382998,1.1839586022371205,0.10102706657567155,0.4755757926719239,0.2615194248929189,False,False,False,False,pachytene,43,off_axis,47.68533782361789,13.44
523,6.1438125940256745,95.395420747905,124.50633040618835,54.57452517,2.353064249038142,0.6242854072641306,0.2278268551236749,0.4714563551081112,0.9924596431605778,0.076371296166516,0.0691036412710363,2.0867405453646493,62.83586796654815,0.4761766556868861,0.4832406068032135,False,False,False,False,pachytene,44,mid,9.262445488255336,13.44
323,3.2188340807175315,19.297402718610456,118.33801072029335,16.739471807999998,1.5869054329276515,0.5037836322869955,0.2022978148231583,0.4744422479525558,0.9347826086956522,0.2287512386965911,0.1031357212507463,1.2395486581115869,1.0651804211552947,0.4766235373071807,0.4263908108861926,False,False,False,False,pachytene,44,off_axis,41.57647544855723,13.44
838,10.59066502229367,31.58315060241067,116.77224293710375,24.726845898,1.8072852506795565,0.4537520159377668,0.1526122148638704,0.4499826328586315,0.5822714681440443,0.6138970589126792,0.0367125387168005,1.345425150681107,9.577062130780957,0.4770847381520975,0.3391513443404731,False,False,False,False,pachytene,44,off_axis,32.57985944160683,13.44
574,6.639914009315675,20.94398217484816,118.21119614833611,26.188265592,1.842211019615604,0.3748656395557148,0.1209220304824285,0.5803123656684339,0.8080495356037152,0.2780410953125674,0.072025568103136,1.1318879422737258,2.25859154234644,0.477547876550194,0.2083740372189799,False,False,True,False,TZ,44,off_axis,40.43495202033421,13.44
777,9.666701133426546,90.64593710479078,122.50600969178772,58.98458781,2.414811932441705,0.6475243587194273,0.3214668504057572,0.4007672345706871,0.993577709712479,0.037849866512107,0.0326749641593294,1.7771995877985385,58.26839034551354,0.4775487748146459,0.80212857408396,False,False,False,False,pachytene,44,mid,6.875601124242905,13.44
346,3.977005857512713,31.628328259093685,114.90376252554096,34.440712596,2.018340832783813,0.6265495164146574,0.1518948182521268,0.4811234725515229,0.992701940620335,0.0612991783703454,0.0657296249750959,1.4196379713241123,8.42797316494839,0.4782512674701382,0.3157086006354857,False,False,False,False,pachytene,44,off_axis,31.105798853415457,13.44
733,9.48891589271788,81.27525360645916,115.54402071000872,54.051416676,2.3455218910861717,0.6409165871018141,0.2468596395412342,0.4378776891467247,0.9954803447550976,0.0510731613935442,0.0421416632780699,1.804025924380448,46.823541243303886,0.4782533787013126,0.5637639132111985,False,False,False,False,pachytene,44,mid,3.890572961385535,13.44
17,1.3276765375854018,17.350125640660025,118.79743697323582,16.476744672,1.5785594198475132,0.5259111617312073,0.1465914915427986,0.4654654654654654,0.9747945205479452,0.2443630853951242,0.1179135405542775,1.482184081552243,-0.15007366018851098,0.4784285406056998,0.3149352689274318,False,False,False,False,pachytene,44,off_axis,43.166112939486865,13.44
370,4.2415427746154455,20.908368006117097,116.05678623736198,27.612152838,1.8750112871962807,0.407611927618724,0.1185690810264189,0.5733543668435394,0.4921985815602837,0.5763916623698527,0.0322098979858242,1.3238532823270954,0.8658123453031068,0.4794539947473801,0.2067989499742919,False,False,True,False,TZ,44,off_axis,38.790897111944176,13.44
590,7.078450062163266,26.515075984252984,117.03534724409624,33.962173883999995,2.0089492108913647,0.5683105401298523,0.1683300066533599,0.48,0.970183486238532,0.1136655424218091,0.0651074363463771,1.3618147234350952,5.8231926886195255,0.4795171444842455,0.3506875138611666,False,False,False,False,pachytene,44,off_axis,35.994982927335975,13.44
749,9.324592858210208,21.443270551322478,115.57361602420308,31.400584308,1.9571151256940489,0.5163603765127746,0.171805040296789,0.5319740500463392,0.9158694428812606,0.2116578133305422,0.0658281442273947,1.3705257663424366,0.9734256904493563,0.4795335599624736,0.3229575583279361,False,False,False,False,pachytene,44,off_axis,38.07816044549741,13.44
684,8.109147856140021,18.2008565935846,118.16049334701572,21.719558502,1.7308288594016814,0.4381682687115239,0.1708638826904686,0.5209534794309881,0.9232432432432433,0.225828881120135,0.0814652167636409,1.1386648317056969,0.10441568849082679,0.4805028625987001,0.3279829954818515,False,False,False,False,pachytene,44,off_axis,42.134020918086655,13.44
801,10.239567638388449,27.52814782181475,114.50334690468324,42.969961404,2.1728285117632167,0.57369800196528,0.1869859448204061,0.4748367268536304,0.9869067103109656,0.1264298401525464,0.0976658736764255,1.4217686250780923,5.002387865355328,0.481258180311842,0.3937899792617452,False,False,False,False,pachytene,44,off_axis,33.39428692261829,13.44
368,4.434453227931532,12.158850988142012,121.86506727272533,35.60891004,2.04090766641918,0.5036890645586298,0.1671456997567986,0.5123440403504115,0.933316620706944,0.2614906593748534,0.1027182474193871,1.3627164710283814,-2.222048271930841,0.4813224558032777,0.3262372284890468,False,False,False,False,pachytene,44,off_axis,48.879124097354996,13.44
811,10.246017344896346,14.296286357572354,120.17079984656436,35.16321222,2.032356905581872,0.4067378252168112,0.1954220573599927,0.4901608006297087,0.4776915615906886,0.6679019709094808,0.0442919652381244,1.1308135675768396,-1.6421970344273356,0.4818366765734347,0.3986896894017929,False,False,False,False,pachytene,44,off_axis,46.192655872177895,13.44
261,3.0358712314767966,14.555392718446548,119.2146422330102,18.362750184,1.6366269771167294,0.5929994890137966,0.2441281138790035,0.4306340238543628,0.9655862344937975,0.0867198929465359,0.0548255097598827,1.3004779603381165,-2.0476635027542276,0.4819772147176477,0.5669039145907474,False,False,False,False,pachytene,44,off_axis,45.30588874314831,13.44
596,7.45448969467401,67.87193187660759,116.6857940874052,52.01293559399999,2.3156571119673903,0.609660397781085,0.2873610539316591,0.4246100519930676,0.9876799377512644,0.1243412914316316,0.107652419116904,1.7812250664107483,39.470070528533945,0.4828690371520847,0.6767646045655809,False,False,False,False,pachytene,44,mid,7.373491504262002,13.44
272,3.224090509314818,80.48255141520868,115.34620218277642,58.677290892,2.410611079871761,0.6521148157032062,0.2564299752200291,0.4871293955412549,0.998768689533861,0.0527326860121611,0.0748132923082503,2.179669009067421,46.17956426143505,0.4833348778599717,0.5264103902723976,False,False,False,False,pachytene,44,mid,3.3877781915710727,13.44
584,6.764674807308917,91.38381105481808,118.06474049103792,54.17339713199999,2.347284983171264,0.6559279466528103,0.2212857702861622,0.468411779511704,0.9983576466041928,0.0253902683805623,0.0368555833505677,1.964253797707564,55.314918714144234,0.4837471934873411,0.4724171764357456,False,False,False,False,pachytene,44,mid,10.27359103040131,13.44
715,8.994776802049453,87.85424886114333,117.30221459934356,51.28809019199999,2.304849855328195,0.5905140870837907,0.1852761852761852,0.5278677538255333,0.996808510638298,0.0570857786602115,0.0526115373909365,1.8834659994313736,52.25992114323289,0.4841759656648589,0.3509897771429722,False,False,False,False,pachytene,44,mid,7.991816418838294,13.44
802,9.816043755697764,33.04165758128299,113.30085369188764,23.159866194,1.7682723072769009,0.5481616529930112,0.178301713022656,0.4644698498094597,0.9702797202797204,0.2303445811643536,0.1166621196941716,1.4634236714858098,8.50555850720714,0.4842621690192224,0.3838822112905737,False,False,False,False,pachytene,44,off_axis,28.970196592546056,13.44
82,2.185552833320106,73.85074832055834,114.32945463921354,59.362258068,2.419954875130644,0.688413814905556,0.2435725249424405,0.4528852251109702,0.9996761920181332,0.0487123575894666,0.0740509504955927,2.020610353561131,41.29488318764559,0.484708512473489,0.5378239594430534,False,False,False,False,pachytene,44,mid,1.2116216237220152,13.44
813,10.008221295008434,16.115855053314228,116.86795927213905,30.359058875999995,1.9352328689999412,0.4938185751815793,0.2116726835138387,0.4929018470462525,0.9512516469038208,0.0801549555537294,0.0424748093536864,1.1209538200279543,-2.327580399485689,0.484819421465968,0.4294418549703181,False,False,False,False,pachytene,44,off_axis,42.51913458690005,13.44
577,6.523939258597445,32.7106993412246,112.54684495310543,21.008787768,1.711738668238742,0.4944171505136221,0.1596139569413511,0.5006625441696113,0.9296314025849688,0.2182979248994996,0.0931604851762017,1.2982660937139625,7.771725570068594,0.4851112786051045,0.3188054684739471,False,False,False,False,pachytene,44,off_axis,28.596630326412328,13.44
19,1.8434385697984403,18.15890418410033,115.61378585013316,37.00230217199999,2.067188333757908,0.5259287435019653,0.1958275083342294,0.5135062851029687,0.9680324178298064,0.0778161345383241,0.046768332763187,1.282222304352578,-1.541861841595402,0.4853541145926817,0.3813536737821271,False,False,False,False,pachytene,44,off_axis,40.22007121242157,13.44
244,3.0116894409937043,68.5055686024859,116.6965124534171,37.7670258,2.0813321458162157,0.672111801242236,0.2093754680245619,0.4368251562795984,0.995352016404648,0.1531065013280611,0.1537862471270467,2.037311966439236,39.86867892952499,0.485549028020952,0.4793118368177201,False,False,False,False,pachytene,44,mid,6.88082353654835,13.44
696,8.431349043435148,74.61327566302911,113.31155382215448,57.138460524,2.389351121944668,0.6408161589621479,0.3303995101790907,0.4094182192250543,0.9936225823314166,0.1281089187519578,0.0894241336203709,1.5737370602250622,40.96236586056453,0.4857847454587364,0.8069975752531728,False,False,False,False,pachytene,44,mid,0.01597857527435438,13.44
437,5.096160922359958,28.146728989328665,113.50637671409224,38.250256068,2.0901714557286386,0.5978780816877223,0.1380307611410542,0.4909257282293732,0.984168434796801,0.0619489992314963,0.0541643944569505,1.2938485749666966,4.8491438622887895,0.4860374616200517,0.2811642438030111,False,False,False,False,pachytene,44,off_axis,32.231055003672594,13.44
92,1.2458779298200051,91.73137286614524,117.06244537494835,138.513499344,3.2097250424687696,0.8428058528654654,0.1351905338675114,0.6723766429648783,0.9999784886097188,0.0917152227575354,0.3651250598057446,1.096712971805571,54.76371359318672,0.4869006776653234,0.201063697381548,True,False,False,False,pachytene,44,mid,11.179994708163173,13.44
681,8.698663772637715,10.914697754865976,120.49010049515056,34.583805053999995,2.0211322025818896,0.5216713016346741,0.1883991253308781,0.4943278502552467,0.9622833843017328,0.1978921444153013,0.0805019732199691,1.2680054877830316,-4.055811933883421,0.4875352610950004,0.3811218106234516,False,False,False,False,pachytene,45,off_axis,48.722445063796066,13.44
387,4.479988061483241,20.229788680794808,112.88616802716136,31.438116756,1.95789458119566,0.5192508580808834,0.162703053931124,0.5143566661493093,0.9645351961311124,0.148149681296397,0.0535005804900388,1.2923258113074292,-1.6683175521883118,0.488168449772162,0.3163234087140109,False,False,False,False,pachytene,45,off_axis,36.80598717511979,13.44
748,9.14289446185999,20.320216588297587,112.4875622779534,26.938914552,1.859646917092596,0.4110066179031696,0.1229253112033195,0.5326729745712596,0.5393127548048923,0.825138899700183,0.0759803589873821,1.2740183437848414,-1.850956283228633,0.4883495902755781,0.2307706924727319,False,False,False,False,pachytene,45,off_axis,36.44952544172204,13.44
602,6.748306409588188,18.525891683168503,114.96067009900962,22.50773991,1.7515172796777525,0.4448150078165711,0.1632108074143889,0.4984043551717664,0.8420038535645472,0.0798944266330372,0.0327084553043549,1.1653321630333675,-1.6718382040210376,0.4884108867044319,0.3274666557802072,False,False,False,False,pachytene,45,off_axis,39.48811485573788,13.44
582,7.311053337805707,86.21804416302997,112.6779393995319,55.942113744,2.372557541862721,0.6621519624287152,0.2852834205624057,0.4105746555789996,0.9964220094768398,0.0409311995120012,0.0513907832526191,2.117285816015555,47.60877298919421,0.4886738076687365,0.6948393347857627,False,False,False,False,pachytene,45,mid,9.549990923476356,13.44
756,9.769776466936095,81.40665719497203,111.19937441400344,60.446007504,2.434592821466933,0.6181698230363242,0.3065755162449785,0.4407968289460311,0.98896293211162,0.1512813595659893,0.1182577597492075,1.9425547571823885,43.48113195896974,0.4899283939405253,0.695502998463072,False,False,False,False,pachytene,45,mid,6.669335008856197,13.44
5,1.441393382888774,11.736414648010571,118.1681173152623,16.094382858,1.5662529656036264,0.4916192974785016,0.107243409265421,0.5180619266055045,0.9871866295264624,0.1683908139612324,0.0945104233832371,1.443472389495727,-4.891560608055052,0.490075913242889,0.2070088608288814,False,False,True,False,TZ,45,off_axis,46.49440298214517,13.44
857,10.429585930543077,71.2380559494644,112.80437709817556,42.14893910399999,2.158900761466998,0.5090160284951024,0.2839866893920948,0.4044434368623895,0.9141137855579868,0.2904191393213121,0.0967230709535474,1.5169546077240532,38.48444325661828,0.4907196844785579,0.702166640643795,False,False,False,False,pachytene,45,early,2.3311975819482136,13.44
886,11.08226004922108,30.741563576702173,111.66280828548042,22.876027056,1.7610188204553785,0.5616283839212469,0.0963855421686746,0.4687719298245614,0.9231022017745646,0.3442641813762597,0.1707950797418362,1.2555593681768211,5.688222548887967,0.4910270116774364,0.2056128706442536,False,False,True,False,TZ,45,off_axis,29.16057327526268,13.44
97,0.8196920205319773,97.4651484834332,120.72655324311656,5.027002253999999,1.0626905620609406,0.6938870741950537,0.0409356725146199,0.4969512195121951,0.9975688816855752,0.2197164180355324,0.3470250854806349,1.0620913109697971,61.24072818369464,0.4911046970474213,0.0823736232196033,False,False,True,False,TZ,45,mid,13.265696339107905,13.44
864,10.625820213306003,17.53197141696227,114.0366878517001,23.09418441,1.766599107514421,0.4189944134078212,0.171494785631518,0.5222027972027972,0.6461538461538462,0.6180654621633627,0.088834555698316,1.2168894281369156,-3.0262404263535094,0.4913253745606924,0.3284064860436166,False,False,False,False,pachytene,45,off_axis,39.48390884264186,13.44
322,3.351414933515116,10.5180236276858,118.53553158881884,13.760333748,1.486552047479825,0.4444255028980566,0.1031920748486516,0.5176434489107088,0.970724191063174,0.1650635592974848,0.0679307373031604,1.5745385356264732,-5.601265085684052,0.4916866664602992,0.1993497166163342,False,False,True,False,TZ,45,off_axis,47.623228895179395,13.44
373,4.554521799834992,31.33683903027256,109.89346779209193,36.962423946,2.066445448128479,0.5758710414418988,0.1596881679869232,0.4957354481520275,0.9898715861819496,0.0370784255256693,0.0340729776553991,1.3587892651811724,5.027506025123879,0.4917923446687269,0.3221237629509833,False,False,False,False,pachytene,45,off_axis,27.414614420537642,13.44
13,2.6636927480915484,14.27045616054465,115.06342154699432,39.334005504,2.1097282663586645,0.5260615458015268,0.1583350984960813,0.5096262740656852,0.9738036303630364,0.1126896014427045,0.058300260652605,1.3448778008046431,-4.898674739177676,0.4918872958512394,0.310688648826755,False,False,False,False,pachytene,45,off_axis,42.512004450085534,13.44
791,9.994385633270266,66.48183847825948,113.7592054395062,49.63666248,2.2798414971642345,0.5035444234404537,0.2508201397803451,0.4577820085673489,0.965790571547768,0.1461409822192317,0.0688855901319586,1.5958695965344445,36.30814126424761,0.4919759494204588,0.5479030086073041,False,False,False,False,pachytene,45,early,6.666749615173807,13.44
863,11.000176626434492,12.672980983220762,116.51878083603316,31.874431464,1.966910562788612,0.3555342949661466,0.1085208184872238,0.5471051730044536,0.5183850036049027,0.4277348898530959,0.0655339754422915,1.1899790581133396,-5.212213607539042,0.4927380744459244,0.1983545830708868,False,False,True,False,TZ,45,off_axis,44.672089678221056,13.44
498,5.5757750861206095,9.291704344927098,118.92943018113203,21.109656222,1.7144737909735934,0.4899433270363373,0.217391304347826,0.515032679738562,0.986892177589852,0.2276260524154872,0.1470423599111439,1.5924106370381976,-6.300319908754665,0.4927389215382042,0.4220922533657029,False,False,False,False,pachytene,45,off_axis,48.78305642730326,13.44
445,5.190016723624329,80.22523500327344,110.67170936522773,64.52296966799999,2.488142480525957,0.6918126954119102,0.2387751436781608,0.4264480358617435,0.9985808186435614,0.0472967499888331,0.0665199521560234,1.9889920371688343,42.337900607722965,0.4931772016891906,0.5599161529625919,False,False,False,False,pachytene,45,mid,6.063355738365986,13.44
628,7.773174743767992,25.36443418322233,111.33870368214752,37.077367068,2.068585260032602,0.587688219663419,0.1196812103201404,0.4845787939235845,0.9867748192558632,0.1155269296880219,0.0966540580306353,1.432151835394751,1.323163826785674,0.4934767272068649,0.2469798757619871,False,False,False,False,pachytene,45,off_axis,32.31728464324127,13.44
703,8.470566931327502,33.47909172586743,109.42445541161572,16.840340261999998,1.5900865021659716,0.7109625296002229,0.1991509069857198,0.4486746987951807,0.9879253567508232,0.0917885204526643,0.1325646928160466,1.5253783517658863,6.387516052363219,0.4951865564511757,0.4438648034321896,False,False,False,False,pachytene,45,off_axis,25.694267958155177,13.44
812,10.192020485709842,14.387546753676354,113.06880522881234,28.397988468,1.8926326290143765,0.3289278043945151,0.0859585958595859,0.6001969473165928,0.3590797041906327,0.9719226657247196,0.0125879131096938,1.1704433227590838,-6.072063893752552,0.4960177252231297,0.1432173159891871,False,False,True,False,TZ,45,off_axis,41.06303973567794,13.44
877,10.85055857006092,29.06379543568356,109.0776191190545,22.047967422,1.739508878491573,0.5656984785615491,0.2352941176470588,0.4103380695737383,0.9350127783862724,0.2686532075863667,0.1375457196883542,1.2359208203682368,2.7521139582347387,0.496461050238775,0.5734152765583846,False,False,False,False,pachytene,45,off_axis,28.223890135073166,13.44
515,6.05636289995958,20.493491883354302,110.12681791008322,28.95862941,1.9050065121632205,0.4769542324827865,0.1197000681663258,0.5669815703887254,0.9595356550580432,0.13030179144235,0.0615768849283234,1.358490184408687,-3.2128934623536116,0.4967157390729103,0.2111180934580622,False,False,True,False,TZ,45,off_axis,34.615880135071315,13.44
15,2.0356404136834367,16.577276409031622,111.64810765559278,38.332358298,2.091665869265549,0.5032127776757849,0.1177045973263776,0.5086228135008622,0.9393724935126208,0.0850488623487619,0.0330048382392669,1.3343363573482996,-5.278399935335316,0.4968095254019827,0.2314182419703399,False,False,False,False,pachytene,45,off_axis,38.48863429383162,13.44
702,8.618432497455629,17.35492718608227,111.4829296844654,25.350822846,1.8223612983968684,0.4282409549366152,0.1395348837209302,0.5536494578410746,0.8884946781550938,0.1751774164507362,0.0591049217636724,1.1804873817095196,-4.781491159239724,0.4968584542803043,0.2520274909417211,False,False,False,False,pachytene,45,off_axis,37.807973493188925,13.44
658,7.788471615720558,10.162102707423546,117.21361021834088,24.17324229,1.7936956926859786,0.5767103347889374,0.1666029805120367,0.4864740944520862,0.9734087694483734,0.1949541062431335,0.1651990636258575,1.221826974902833,-6.71428951931984,0.496870692581016,0.3424704057462319,False,False,False,False,pachytene,45,off_axis,46.97789818439766,13.44
625,7.27773069272665,12.94360614027543,114.75938364611272,27.124231014,1.8639014309640676,0.5646458531522961,0.2251808527012467,0.5031783869686134,0.978254960587116,0.2097072384163033,0.1479983876463386,1.1488512530718722,-6.117774369644469,0.4973815634446954,0.4475169413731055,False,False,False,False,pachytene,45,off_axis,43.26911157917037,13.44
800,9.860178716490571,19.557167668563228,108.937483184402,28.87652718,1.9032044779005397,0.4393176279447603,0.1209882832399388,0.5312952767313822,0.8946711074104913,0.5129863931541768,0.1411511713076353,1.3378597578076237,-4.690891411356312,0.4982706230911614,0.2277232426839535,False,False,False,False,pachytene,46,off_axis,34.460503702433215,13.44
461,5.425919860246549,68.57335119554666,111.00423054372838,42.969961404,2.1728285117632167,0.640080794846599,0.2459972552607502,0.4419839223418777,0.9622200851765352,0.2985205911529132,0.2428469810364192,1.446289735700784,35.42523868441797,0.4991484176998344,0.5565751214598924,False,False,False,False,pachytene,46,early,3.3223819383968882,13.44
861,10.653671957671849,31.45337990476292,107.69043717460347,22.1676021,1.742649459963315,0.4664550264550264,0.1789610812571243,0.4611265370884569,0.8801478352692714,0.1918712178891326,0.0688644576335459,1.2069880416361407,3.7216215071474834,0.5000517594677274,0.38809538567674,False,False,False,False,pachytene,46,off_axis,25.636528004547674,13.44
284,3.318531798452487,12.470870692583592,112.66135892621416,24.860555244,1.810537001986864,0.4760332138139271,0.1130809774796358,0.514136502791284,0.924086992203529,0.1063960407192359,0.0438479823812054,1.3503961517152616,-7.8129741112809095,0.5001215058732336,0.2199434913990956,False,False,False,False,pachytene,46,off_axis,42.239857784639625,13.44
311,3.976622282150476,64.34069139137081,112.54306275493084,55.67000349599999,2.3687044708099325,0.6203438395415473,0.2476619906479625,0.4820199778024417,0.9959149471038022,0.0893661791427089,0.0834480195364511,1.905283791908698,34.03147838151926,0.5001835642161828,0.513800261510049,False,False,False,False,pachytene,46,early,7.6050033097282235,13.44
340,3.9116162069894096,9.175445314886227,115.68454996855414,26.110854918,1.84039407938753,0.5011229898481717,0.1625697481526165,0.543129839726274,0.9480292989187304,0.225372561294595,0.1011835195119999,1.505218497150507,-8.446505305091996,0.5002658076529889,0.2993202292743632,False,False,False,False,pachytene,46,off_axis,46.70804358463548,13.44
369,4.540816057044799,17.373326403009916,109.23169032747766,35.529153588,2.0393827930729747,0.4641489502178793,0.1304906792371973,0.5089945786101527,0.9471544715447154,0.1357619475622959,0.0381171058148284,1.3619584239832587,-6.19384618464307,0.5006022406883164,0.2563694874580232,False,False,False,False,pachytene,46,off_axis,36.283784495818644,13.44
618,7.599402886050597,76.7551191366729,107.95816970476044,56.57078224799999,2.381411929906259,0.6666943108309835,0.2916189301136864,0.447126150783777,0.995676285365166,0.1303312788449553,0.1567366764742504,1.7931302496653352,38.063063566285514,0.5013998573380314,0.6522072788686176,False,False,False,False,pachytene,46,early,4.999979094971928,13.44
81,2.6374813932718397,73.39987764587731,108.12080444700544,63.035746416,2.468876865413369,0.658975885680262,0.2177550149381135,0.4759930161501527,0.9993489053471148,0.0342722705843313,0.0332370240108883,1.9332881039033123,36.12521394117906,0.5014379204210488,0.4574752308328456,False,False,False,False,pachytene,46,early,2.256106949368911,13.44
518,5.46638247831846,33.1349923269149,105.92125250624947,15.958327734,1.5618269896573975,0.5690136704395119,0.0945027794935144,0.4744201909959072,0.9664855072463768,0.1812658122581242,0.1159998857717562,1.4815390552132806,3.9013797636225394,0.5031312539231996,0.1991963691408946,False,False,False,False,pachytene,46,off_axis,23.202288554883,13.44
274,2.230249666917669,101.72370003475596,114.69975647338242,40.495165614,2.1302873577784265,0.8108671725656027,0.0,0.6774885145482389,0.999533037590474,0.0527197813644977,0.1596270587051702,1.0805226503234406,59.307829855747684,0.5033599357081974,0.0,False,False,False,False,pachytene,46,off_axis,20.387595290424976,13.44
832,10.369581624282292,15.169862633305994,110.17120899917778,28.59503382,1.8970000182940483,0.4062346185397867,0.1614921223354958,0.5428295109146173,0.5204736063147508,0.7494129232458944,0.0167995227616234,1.1258738556584595,-7.303053049559898,0.5034871724384296,0.2975006315765637,False,False,False,False,pachytene,46,off_axis,38.57200019891287,13.44
654,8.204048338368484,64.0255203625385,109.98122545532976,54.35167625999999,2.3498570556278096,0.559602934829521,0.2234398782343988,0.4901019208153665,0.9907001461405608,0.0614197936007432,0.0334534304152014,1.7855281683590036,31.81883676196879,0.5036845474403019,0.4559049225162578,False,False,False,False,pachytene,46,early,6.27588322844299,13.44
271,3.482211104732301,79.7934734929894,106.8875567825806,57.204142308,2.3902663067269807,0.6626753055031576,0.24212271973466,0.4610989545344031,0.9990989367453595,0.0544231689013455,0.0741371171375495,2.079390845030508,39.09035689072764,0.5043653722049355,0.5250992598305598,False,False,False,False,pachytene,46,early,8.053252362997986,13.44
356,4.181426392067236,28.108276449275017,106.36050615942312,36.903779496,2.065351997977165,0.5870200864480041,0.1082898709854515,0.4980760350931199,0.9857973990417522,0.1954559019784933,0.1344862723338762,1.273826832926643,0.2911290230883659,0.5046595625077825,0.2174163448060811,False,False,False,False,pachytene,46,off_axis,26.727470234855772,13.44
843,10.495446383351355,68.84402472489667,108.16778015562298,50.947952382,2.299743367270897,0.4709701183295731,0.2111767128930386,0.5105308964316797,0.9229065130704476,0.1292250647572691,0.0359115257973519,1.525225999147038,33.356953240395086,0.5047076160687569,0.4136413963758973,False,False,False,False,pachytene,46,early,1.3625578938160612,13.44
624,7.844007566545011,8.28839610863414,114.62398980543142,34.722205956,2.023824736472466,0.4660856640994461,0.1538543897216274,0.5380235353663166,0.938135347081034,0.3202664527610913,0.1065193415315443,1.3805111080457937,-9.804781569533251,0.5049143384616107,0.285962192373006,False,False,False,False,pachytene,46,off_axis,46.72006918940222,13.44
726,9.22266566777922,27.12578291221189,107.09012754205628,34.443058374,2.018386655219699,0.5720220663352176,0.1632490013315579,0.4557606619987269,0.9863488182559088,0.1546255165197758,0.1193995194941467,1.2902957924313954,-0.006561142967477604,0.5050867993916899,0.3581901970556949,False,False,False,False,pachytene,46,off_axis,27.914493110784402,13.44
710,8.690566037735804,32.60113399595779,105.777950370622,20.886807312,1.708419357599523,0.5564914645103325,0.1358862144420131,0.4520131678906052,0.9398324447829398,0.3597242644067299,0.1789966911073203,1.3236094407833157,3.3975847931026157,0.5052572359034297,0.3006244598495853,False,False,False,False,pachytene,46,off_axis,23.42973271789128,13.44
680,8.682468949943342,11.265604855099172,112.37663699661444,31.16366073,1.9521804209846607,0.5361686112156567,0.2015031748088636,0.4711132749107433,0.9602094240837696,0.1704797970521827,0.1196087561588447,1.211102602820445,-8.925777469528269,0.5054960272714667,0.4277170386401024,False,False,False,False,pachytene,46,off_axis,42.991290394543036,13.44
537,6.115121255349663,19.708394174989262,106.87105454113252,29.599026804,1.9189468272734036,0.5137105721984467,0.1100797679477882,0.5322685788787483,0.9639515685195376,0.2528353123052336,0.1344696861952,1.348539093787008,-5.883380240815307,0.5056940120236691,0.2068124482938239,False,False,False,False,pachytene,46,off_axis,32.97445555745802,13.44
858,10.795619395285623,11.751499698436298,110.23243434647875,29.559148578,1.9180846526703736,0.4927386715340052,0.1792501284026707,0.4903003754693367,0.9536704730831974,0.0962735525923541,0.0644694161314336,1.2049923178333952,-9.908655890962734,0.5065220500066648,0.3655924763081912,False,False,False,False,pachytene,46,off_axis,41.29429768015677,13.44
859,10.70103184486721,16.82163343711,107.60608812488884,26.371236276,1.8464914180695364,0.3993951254225226,0.1199165797705943,0.5358412322274881,0.5329577464788733,0.6003427217530399,0.0335861934732138,1.1772827374773496,-7.6507568866535935,0.5067310119431858,0.2237912511362777,False,False,False,False,pachytene,46,off_axis,35.673346666318096,13.44
259,3.11047963800893,12.382358805429828,109.83537057013518,38.88127035,2.10160267337758,0.552579185520362,0.164394366197183,0.4831445523193096,0.9751841799146956,0.0839208391900809,0.0601637480666943,1.4541113547153972,-9.672246998755783,0.5068344777011501,0.3402591737980211,False,False,False,False,pachytene,46,off_axis,40.55133569999239,13.44
714,9.436696837635374,74.36545944798418,105.41650997876934,62.97710196599999,2.468110999180221,0.5900100569896078,0.1696590223295111,0.5015898973380576,0.9873060648801129,0.037987065118487,0.0168130490440733,1.6652361412104864,34.58895049015166,0.507127849032142,0.3382425029489094,False,False,False,False,pachytene,46,early,4.682101878574179,13.44
241,3.1063023358307293,30.84616923754934,104.0501369892339,37.257991974,2.0719389044982623,0.5818170370836744,0.1297169811320755,0.5016561276723879,0.9808818463658284,0.0161919289065223,0.024752859235892,1.2814657246077248,0.9450685821773178,0.5079821900206875,0.2585774875988132,False,False,False,False,pachytene,46,off_axis,23.205222986904005,13.44
769,8.869194847847451,17.977488777133747,105.3928560886766,45.712175886,2.218099862592146,0.6111766818904911,0.1168997668997668,0.6109278078395143,0.9900148714680264,0.4428646074338067,0.4125508050059399,1.2509126951308178,-8.159105900544148,0.5090062275746428,0.1913479226181753,False,False,False,False,pachytene,47,off_axis,33.41026985994723,13.44
320,4.335057258958311,8.818858598078824,112.43519365533923,25.400084184,1.823540929675861,0.4866087920206871,0.0707121364092276,0.5954308328836122,0.9774311317623632,0.1527306712184099,0.0615085716235055,1.5155351387843,-10.781441510172645,0.5091008791386512,0.1187579354377331,False,False,False,False,pachytene,47,off_axis,44.96206000053545,13.44
14,2.012611464968224,15.086703524416333,107.1399636730366,33.14584314,1.992722481651116,0.47310686482661,0.1342016513548086,0.5285426460711887,0.9361069836552748,0.1726225236626871,0.0693961465407733,1.3532335232962125,-9.288254437480047,0.5095366883427825,0.253908842271042,False,False,False,False,pachytene,47,off_axis,36.77440614170812,13.44
853,10.223824876972776,28.028914780247693,104.27064456134414,13.823669754,1.4888293222615907,0.5732224673341253,0.0,0.5996023856858846,0.9877272727272728,0.0552337247139576,0.0317556556847143,1.1671090949455478,-1.0945890304152721,0.5097475074005552,0.0,False,False,False,False,pachytene,47,off_axis,25.18486926917237,13.44
386,4.510794726930185,16.869264858756136,105.7128904406808,31.140202949999995,1.9516904773272457,0.4909227871939736,0.1542985859091478,0.5116898490677715,0.6502620850320326,0.5646009804603216,0.0828721157161444,1.3670744669657182,-8.813610746627093,0.5101306535297203,0.3015470918374843,False,False,False,False,pachytene,47,off_axis,34.49354337992735,13.44
562,6.584799721351773,25.67652296760805,105.02436823406585,33.67364319,2.003243914697568,0.6144200626959248,0.2010681293302541,0.4930442637759711,0.991278562707134,0.1326941486478588,0.1496855262116288,1.3507514252999857,-2.4367411549983258,0.5107191160380755,0.4078094891326333,False,False,False,False,pachytene,47,off_axis,27.34362206857602,13.44
831,10.201051787146984,13.49273780194383,107.58057098671912,26.317283382,1.8452313131588225,0.5096710936803637,0.1372333751568381,0.5282675877113252,0.9639519359145527,0.2400322274223234,0.1210055742830585,1.1112854649576842,-10.242116864871916,0.5109226530133707,0.2597800401712892,False,False,False,False,pachytene,47,off_axis,38.32687010343137,13.44
593,6.694604316546728,33.39734363309371,103.03180883093373,13.04252568,1.4602404133656677,0.5865107913669065,0.1019531249999999,0.5654632448890822,0.9912844036697248,0.1576723150239377,0.1174211529994779,1.2678962935091975,2.2733190254253897,0.5115761083622616,0.1803001802884615,False,False,False,False,pachytene,47,off_axis,20.800803349137016,13.44
816,10.172029293645284,31.499181644224706,102.8126294353865,29.789034822,1.9230442350748504,0.5290180329159777,0.1657134886316082,0.4952349105500752,0.9695243520364568,0.1518107081418748,0.073232355831675,1.1480612310386622,0.6660339537682306,0.5131903957944546,0.3346159269094022,False,False,False,False,pachytene,47,off_axis,21.83409577717839,13.44
647,7.8711521607226995,8.398123609519564,110.7455444009984,34.794925074,2.025236591169652,0.4949099979774826,0.1784186862594582,0.4829151094500801,0.9506206896551724,0.0660017103920816,0.0552724467814575,1.288475271032049,-12.177630829841378,0.5137132053788374,0.3694618013974187,False,False,False,False,pachytene,47,off_axis,44.31580521559117,13.44
245,3.1354172911403597,69.95038706376167,105.093294180621,54.78095363399999,2.3560273426757776,0.5884468804864471,0.1955302586423369,0.5339714909998959,0.999235640969644,0.0320049897871436,0.0185575285312789,1.8152582258376773,31.615686907837045,0.5138121857731515,0.3661810825821318,False,False,False,False,pachytene,47,early,1.4023097692814994,13.44
888,11.131875073107947,15.098215873201529,105.29156813662632,20.054056122,1.685406012547258,0.4146683822669318,0.1497026338147833,0.4902078337330136,0.898453261600538,0.396803932929615,0.0761552124150345,1.219769969544682,-10.450658854656602,0.5140809348405057,0.3053860495756934,False,False,False,False,pachytene,47,off_axis,35.708411067796504,13.44
603,6.817952168961461,19.51599861269377,103.63423103840844,22.657869702,1.7554029420329649,0.4728232736308106,0.1298701298701299,0.5174783974862529,0.4807516040329972,0.8646118361230971,0.0791807214474272,1.4070195197087778,-8.083358401807502,0.5145871334754717,0.2509672490697159,False,False,False,False,pachytene,47,off_axis,31.131058792838573,13.44
296,2.563381674357305,107.73640451549116,112.28675359261894,14.234180904,1.5034233482333974,0.5065919578114699,0.0,0.6619906479625919,0.9788413098236776,0.1976232352309247,0.086429398450136,1.00177590097124,61.278037322216534,0.5146657947100068,0.0,False,False,False,False,pachytene,47,off_axis,26.55958691503824,13.44
579,6.865225014611212,60.28692327718838,108.14767453376462,44.149887738,2.192537338748092,0.5815844004038042,0.2205285558744927,0.4737777777777778,0.9868936426634528,0.0938602362232907,0.0893973974451382,1.74883523325931,26.316619464194638,0.5154084947067311,0.4654683402604208,False,False,False,False,pachytene,47,early,7.7187056833729315,13.44
393,4.472660976216013,32.16451663213852,101.52384122814294,28.306503126,1.890598043457196,0.5578022706555068,0.1073937771830043,0.5288605697151424,0.980266286257727,0.1789450764084152,0.1325970526686253,1.28725262069347,0.364035862853588,0.5154920964416758,0.2030663341773604,False,False,False,False,pachytene,47,off_axis,20.41548982683268,13.44
720,9.089401136983405,9.993978989175147,107.94208119305227,30.122135298,1.930185498894824,0.404563507514991,0.1264709242545413,0.5575464295056238,0.8608617594254937,0.4940146635085153,0.1062787899771101,1.1699437464047515,-12.71962531759456,0.5155107002639191,0.2268347846235568,False,False,False,False,pachytene,47,off_axis,41.43064985879373,13.44
768,9.893693426324273,16.378571071374896,102.88098234159156,31.616395884,1.9615885472587928,0.4144531829648316,0.1620301550222976,0.5593005575266092,0.8213087248322147,0.2933062530771457,0.069856327832654,1.2728885710289597,-10.987757562322567,0.5174465730741266,0.2897014008690469,False,False,False,False,pachytene,47,off_axis,33.33186803437141,13.44
507,6.105428497454114,76.17852096314878,102.06065539397456,54.36105937199999,2.3499922719618325,0.5677914904634505,0.2010210593490746,0.5114816293929713,0.9970278637770896,0.016285556424808,0.0147141714270343,1.803723634802466,33.06113383821625,0.5177799575829922,0.3930171638571797,False,False,False,False,pachytene,47,early,8.177059436274716,13.44
4,1.9516546238387764,11.087614457464843,106.001572688083,38.632617882,2.097113051219245,0.5590503369967819,0.1737399021504152,0.4745249242632883,0.9814425100440024,0.0940517882442717,0.0741986917935033,1.582112473286141,-13.103284567292931,0.5181167825921996,0.3661344078399058,False,False,False,False,pachytene,47,off_axis,39.473894120988184,13.44
885,11.046963997850632,28.775055883933064,101.18422638366482,13.096478574,1.4622511642447422,0.5891097975998567,0.0099266292619767,0.5806451612903226,0.9663865546218487,0.3023783974268899,0.1957078514169451,1.1969550142552177,-2.473217144997504,0.5185399827535868,0.0170958615067377,False,False,False,False,pachytene,47,off_axis,22.437361452313386,13.44
755,9.687081420327686,66.10422890358234,103.7708740196257,55.691115498,2.369003864679244,0.6170338233435828,0.2170168790905959,0.4865816102067752,0.9927943202288864,0.0599814699033218,0.0470445967965946,1.497809875484378,28.043275035840704,0.518761895554267,0.4460030435559897,False,False,False,False,pachytene,47,early,0.6465003676071983,13.44
754,9.626939815306011,60.807966951489234,105.59096533807688,44.199149076,2.193352495046439,0.4891200509500053,0.1900715187210769,0.4879493039684188,0.961974649766511,0.2401329493566991,0.0869327216264532,1.5841174493780503,25.099530343865524,0.5187644295696042,0.3895312836297822,False,False,False,False,pachytene,47,early,5.410688678448654,13.44
482,5.77599022633747,14.762595003858458,103.57640831404235,36.48153945599999,2.0574447536483125,0.3893389917695473,0.1389065191767159,0.5553332631357271,0.7773504273504274,0.1542999064368018,0.0048618667052921,1.3293300650828863,-11.79717080589504,0.5188587783971204,0.250131818851208,False,False,False,False,pachytene,47,off_axis,35.07426596007469,13.44
879,11.128615682478726,10.45192501452076,105.55525025169727,24.23188674,1.7951450272634626,0.3930300096805421,0.130374479889043,0.5526315789473685,0.858036272670419,0.3615688329275897,0.0996410847283021,1.168759030298356,-13.87787575934359,0.5195642953717686,0.2359157255135064,False,False,False,False,pachytene,48,off_axis,39.79167803530944,13.44
732,9.46858232203427,70.565892132794,102.37778215929612,50.450647446,2.292236260288333,0.5913888501418143,0.2302032235459005,0.474055530268548,0.9912938655237076,0.0554960968064598,0.0572334832129503,1.610332085807461,29.85502430918354,0.5201689274107644,0.4856039194722452,False,False,False,False,pachytene,48,early,3.5593724113174523,13.44
257,3.1823660163002256,7.092252451222742,108.66406479994912,37.992220488,2.085460759950001,0.5451346011360829,0.1621744569543955,0.5120130310845663,0.9800742332486814,0.2520473128038435,0.1447259277406191,1.5580098213667664,-14.506848953171755,0.5206394610195861,0.3167389248099237,False,False,False,False,pachytene,48,off_axis,44.27139971991523,13.44
497,5.374035574035481,9.837787872487969,105.83214095634342,20.309745924,1.6925387755646626,0.527027027027027,0.1193548387096774,0.4923076923076923,0.9730941704035876,0.2709410904952208,0.1625487156203251,1.2557861552958385,-14.177501261882895,0.5209223681268094,0.2424395161290323,False,False,False,False,pachytene,48,off_axis,40.46172415015044,13.44
75,2.706012594761521,66.05141892422883,103.75976217961184,58.482591318,2.4079418755966286,0.6665597047852072,0.2346713312465476,0.4637315048718874,0.9996508989352416,0.0750463711221267,0.1025484119820927,1.6925701102934905,27.995380463614232,0.5209637123621486,0.5060500069137613,False,False,False,False,pachytene,48,early,0.671369562589247,13.44
470,5.250427350427563,26.90736917336461,100.30563911213348,36.777107484,2.06298618605773,0.5001275672917465,0.1281566358883079,0.5308153630215644,0.9524381455681,0.2737466690118413,0.1262954255098451,1.2633673734359478,-4.474787279041646,0.5214514460349415,0.2414335469847763,False,False,False,False,pachytene,48,off_axis,23.239390969861173,13.44
637,7.802805351747989,17.683967501078623,100.65289197238,32.611005756,1.9819461995062844,0.5804920155373328,0.08832265124277,0.5727023319615913,0.9704954537019856,0.213526025375736,0.1596894670736885,1.2847636830913298,-11.389839130608175,0.522052540235269,0.1542208688765972,False,False,False,False,pachytene,48,off_axis,31.080128617963208,13.44
881,10.988747099768174,12.647061252900468,103.30868291763151,24.264727632,1.79595563343677,0.2720417633410673,0.0256211180124223,0.602921646746348,0.2084033613445378,1.033000045051258,0.0243752047749692,1.0813849145671035,-13.603374949796748,0.5225403402898159,0.0424949380250089,False,False,False,False,pachytene,48,off_axis,36.77291360343044,13.44
292,3.918666316618464,58.14710307692393,106.89748514570825,44.67534201,2.20120129108976,0.5291152533473353,0.1758110467787886,0.5336752899197146,0.9953216374269006,0.0891714217748767,0.0544548313062732,1.7873064511966774,23.86904979454023,0.5226472488047974,0.3294344896598781,False,False,False,False,pachytene,48,early,8.107558750297112,13.44
610,7.563423447537246,6.481788336456127,107.75213708511671,35.055306431999995,2.0302758690972023,0.4124732334047108,0.1424943842172087,0.4979498861047836,0.6638297872340425,0.2184886382372725,0.0929257939002968,1.2866112688367295,-15.556975684787341,0.5232757114712915,0.2861620982221163,False,False,False,False,pachytene,48,off_axis,44.32805069494392,13.44
787,9.442129327237096,31.378156548008768,99.11002700849276,14.365544471999998,1.5080340949256266,0.5641737426518616,0.0515280739161335,0.5417759460472087,0.9771066731612276,0.142368000047245,0.0894046796682272,1.2122893010074838,-1.7738925107384418,0.5233110532546233,0.0951095638189215,False,False,False,False,pachytene,48,off_axis,19.128930721808317,13.44
9,2.4405768132496,13.426323957739196,102.11377999000452,32.85965822399999,1.986970766524563,0.616504854368932,0.1548143486469477,0.5120997766195086,0.9975485904395028,0.1044903742904157,0.1064191853502568,1.214455148458654,-13.75774586686889,0.5237712412641997,0.302312861116468,False,False,False,False,pachytene,48,off_axis,35.51873563350326,13.44
725,9.159802125320486,26.816109160865544,99.0327635764019,38.409768972,2.0930729345481347,0.486441920117259,0.1565697091273821,0.5209894161017957,0.9466998754669989,0.0549818909879206,0.0275138611807416,1.261134496537203,-5.351993637513545,0.5244380698203464,0.3005237808838521,False,False,False,False,pachytene,48,off_axis,22.522783472791716,13.44
744,9.226377154444116,7.882878472456821,105.26300667455408,27.764628408,1.878456253211661,0.4080770530584656,0.1954524575103353,0.5282614901512989,0.7671381936887922,0.6181973422944811,0.0914570095388566,1.1891766675217623,-16.050448384172707,0.524660627662808,0.3699918717420722,False,False,False,False,pachytene,48,off_axis,41.89185337937393,13.44
308,3.7256817642874487,29.162946697888216,97.9997441723958,39.56858330399999,2.113913913920398,0.6014939530471899,0.1895346033277067,0.4561142517108003,0.9822648877318582,0.0850199610526281,0.0653984624459368,1.2821166934185972,-4.191125207946284,0.5248972229743354,0.4155419450648548,False,False,False,False,pachytene,48,off_axis,20.03464305847529,13.44
297,2.796427582387206,111.14709633065677,110.35885468014251,16.941208716,1.5932548942139086,0.6581279423982276,0.0,0.6561360874848117,0.996573537163943,0.0912721146022026,0.098169387873111,1.0267887738399673,61.96463256824718,0.5251857868518561,0.0,False,False,False,False,pachytene,48,off_axis,30.4168138778826,13.44
285,3.4580593954627337,16.981725094251313,100.15977114888751,35.465817582,2.038170237780338,0.5939546266287452,0.1494873926295372,0.5228864635934192,0.988015509340853,0.2080049453540765,0.1678637865866981,1.3636554383941533,-12.245570504276772,0.5252833443379977,0.2858888172438408,False,False,False,False,pachytene,48,off_axis,31.46233366846445,13.44
564,6.420177050275621,32.79630430933787,97.64843180223524,28.088345772,1.8857285852584773,0.5319859696008018,0.157799819657349,0.5164168451106352,0.9824609482049876,0.0776741518091356,0.0501275365130789,1.2861049534132023,-1.603030620053549,0.5261139922948948,0.3055667551346869,False,False,False,False,pachytene,48,off_axis,17.092502839409082,13.44
328,4.184471436542268,72.60189546332394,98.77696285677568,54.65428162199999,2.3542099649600208,0.5990385853470106,0.1913788626330823,0.4804110468850353,0.9968014621887136,0.0717775744296392,0.0531384096471429,1.9587311449044575,28.87846256295511,0.5269140451168633,0.3983648250263492,False,False,False,False,pachytene,48,early,7.405749683587532,13.44
878,11.18873517786597,9.62645155407824,102.58361429212914,26.113200696,1.8404491909069796,0.3097376931369026,0.0644100815779861,0.5698854763144195,0.8586239396795476,0.7209365559925466,0.0908819817827434,1.0793830026996136,-16.399547922729386,0.527832643770998,0.1130228515289439,False,False,False,False,pachytene,48,off_axis,39.120783855869774,13.44
882,10.974415981955518,13.382064113098808,100.36526710971698,29.120488092,1.9085491423946443,0.5024166263895602,0.1624406779661017,0.5352112676056338,0.9449061249615266,0.1768251601010071,0.0548320238266636,1.1788214243587758,-14.900000256853032,0.5280700625412738,0.3035075825156111,False,False,False,False,pachytene,48,off_axis,34.775278274546466,13.44
876,10.78634618899634,29.146309257904093,97.64282272893188,25.667502876,1.829918172390148,0.5540120636081155,0.1606467148262813,0.5133196721311475,0.9694529297417384,0.2431949961179235,0.1573625561787782,1.1460051506311792,-4.43017335012441,0.5281099110676916,0.312956474392117,False,False,False,False,pachytene,48,off_axis,19.82707051748007,13.44
321,3.917366276437536,9.225323362007464,103.2692229868684,36.268073658,2.053423966581912,0.4398809908802794,0.1293857444455615,0.5531177829099307,0.9133640552995392,0.3462143578911267,0.1119109651961285,1.3200732148612353,-16.275391891394577,0.5284277537177354,0.2339207822335203,False,False,False,False,pachytene,48,off_axis,39.78349268880629,13.44
561,6.528883549816102,19.96452239657734,98.1856874465042,31.243417182,1.9538443926672848,0.5809745476387116,0.1309560884459669,0.5421967389356747,0.9901507537688442,0.1215297261554232,0.0883781539994354,1.270969454039442,-11.189075203883371,0.5292612842896577,0.2415287275667354,False,False,False,False,pachytene,48,off_axis,27.90558067635647,13.44
673,8.955835251022085,70.10373489879426,98.33191907668991,49.948650954,2.2846081297998166,0.5449208660123045,0.1996365738828777,0.5102167182662539,0.982405140758874,0.2240902929490811,0.1282879717163174,1.6902681802610708,27.69062774720858,0.5293258651494276,0.3912779937146207,False,False,False,False,pachytene,48,early,6.095451795293547,13.44
283,3.064039408867008,5.577925508674583,105.49826809809612,21.904874964,1.735737540189849,0.5581494966802314,0.2416835140599155,0.4631604459524964,0.9696645253390436,0.1677624572409425,0.1131105536216037,1.51561751010723,-17.684446906677408,0.5300512395718344,0.5218138037735276,False,False,False,False,pachytene,48,off_axis,44.04396822841991,13.44
834,10.483321641529184,15.869948097158616,98.2222310592772,26.751252312,1.8553186181493952,0.525780427920028,0.0843210294615645,0.5741494082840237,0.9794101279910964,0.2009644345141749,0.1342858138705508,1.159169413471839,-14.333426865171269,0.5301071257332924,0.1468625208786282,False,False,False,False,pachytene,48,off_axis,31.622154706832482,13.44
392,4.516466112879307,31.31226167223088,95.62617589472872,30.215966418,1.9321876116792616,0.5479388246254173,0.1847963040739185,0.4995706680405289,0.9797680730323216,0.0617463555136708,0.0532271441131022,1.2561942536635644,-4.03255038646732,0.5314648372034901,0.3699102367213571,False,False,False,False,pachytene,49,off_axis,16.881896605016507,13.44
550,6.466399807089448,59.512863486856645,102.21848623100888,48.63970683,2.2644745622236284,0.5767060525681216,0.2136009318161454,0.4874102768599749,0.9896008993816752,0.1098545340540456,0.0663042557797531,1.6554643894770784,21.96054817465823,0.531471567684922,0.4382364138733775,False,False,False,False,pachytene,49,early,3.622477490386079,13.44
535,6.214488549618278,6.2155106106869376,104.24068451908394,30.7296918,1.943076346709324,0.4712213740458015,0.2051635111876075,0.5137866320196334,0.9454119223040858,0.1080340858958566,0.0510112034270212,1.2163191052555506,-17.988137876993008,0.5316471323979614,0.3993165613926826,False,False,False,False,pachytene,49,off_axis,42.91293344964216,13.44
626,7.39451219512199,16.854838432054873,97.1643355139343,26.92953144,1.859430980384072,0.3944250871080139,0.1453159577083845,0.5986766398158804,0.8400841662283008,0.2541673772967561,0.0903414403283444,1.082451179669503,-14.241906702141623,0.5317258481374549,0.2427286251774842,False,False,False,False,pachytene,49,off_axis,30.300280271028917,13.44
894,11.1532641126624,31.42914081632765,96.32035782312909,19.655273862,1.6741594938885556,0.5877789712376178,0.1304128902316214,0.4105385060799073,0.9878006273963054,0.0916546599828473,0.0723496045106736,1.230488627648008,-3.5022378971697066,0.5320841307681196,0.3176629921438789,False,False,False,False,pachytene,49,off_axis,17.216133511839786,13.44
790,10.384955093534678,56.6769856696284,102.42902008137574,47.274464034,2.2430863963173886,0.5534659852131196,0.2466303892842193,0.4659406600733415,0.9747023809523808,0.2344617692018414,0.1185705114932207,1.6921210558206954,19.900163524836458,0.5328556643739734,0.5293171650771976,False,False,False,False,pachytene,49,early,5.5824118237697995,13.44
10,1.930101071510039,14.178082278289256,98.73775770955211,30.868092702,1.9459890649202989,0.5065734478303823,0.1106697712642104,0.5813953488372093,0.9891131173659056,0.0389569121260921,0.037938801480199,1.160673121092068,-15.315547870805874,0.5331423965310155,0.1903520065744418,False,False,False,False,pachytene,49,off_axis,33.379115489193204,13.44
426,5.11575131717598,66.07886269757468,99.17863392202504,55.65358305,2.368471556575956,0.6373024236037934,0.2489307846731255,0.4331202789076118,0.9962539021852236,0.0473069867123597,0.0327787709555211,1.9604065231469263,25.113594321576066,0.5334896195413603,0.5747382350717053,False,False,False,False,pachytene,49,early,2.8899220436559543,13.44
707,8.999119747550658,7.038969382162354,102.05734409566443,28.247858676,1.8892915152025545,0.3790898521840226,0.1360064709960712,0.5989033034639561,0.7804621848739496,0.7255294532050341,0.1250740666143867,1.1712984596370593,-18.734682494692706,0.5335667009867301,0.227092537659139,False,False,False,False,pachytene,49,off_axis,41.24987173371839,13.44
422,5.166169541347879,53.8479416418091,106.87067689015764,54.264882474,2.348605566164228,0.6504560584446462,0.2370978394188131,0.436928023744744,0.9946361704280944,0.069552754892791,0.0641274523673164,2.07736056631584,20.52628674659066,0.5335835091984032,0.5426473618852315,False,False,False,False,pachytene,49,early,10.81115689591845,13.44
3,2.4275053304904017,9.544890031982792,100.3232827520583,30.804756696,1.9446572088704608,0.5696771245811758,0.0288709400240591,0.63546274995576,0.9945998071359692,0.214983152621268,0.1926669835983307,1.1473182573396303,-17.89499289293036,0.5339400967869243,0.0454329384784065,False,False,False,False,pachytene,49,off_axis,38.26307743508324,13.44
785,9.839672131147443,9.922170811475242,100.01817472131349,28.6184916,1.8975186077179944,0.4579508196721311,0.1848884506347836,0.5283532436110691,0.9428969359331476,0.1876027905723135,0.0794344790410519,1.0980055790865315,-17.79647741119275,0.5343987574719429,0.3499334069970877,False,False,False,False,pachytene,49,off_axis,37.79729989443739,13.44
873,10.858280289136164,27.429636055669643,95.1493725105191,21.743016282,1.7314517510448308,0.4740532959326788,0.1704951505870342,0.4789743589743589,0.8280664167113015,0.5084558300177688,0.1221557235967097,1.168481130973343,-7.338244309642892,0.5351206435315436,0.3559588261720736,False,False,False,False,pachytene,49,off_axis,19.888065465575757,13.44
506,5.95655283915564,54.63906117289641,103.20794740580926,47.87967475799999,2.2526178824216783,0.6319141639312136,0.2128038558256496,0.4793025422600825,0.997540119479911,0.0621193529308077,0.0629305402347984,1.7394741723183167,18.817250500928612,0.5356672427747099,0.4439864950897267,False,False,False,False,pachytene,49,early,7.476392661524047,13.44
239,3.046843281200048,18.441792735397524,96.47546516437788,36.74661237,2.062415827669232,0.5800191509735078,0.1869747899159664,0.5043319653442773,0.9925213675213675,0.1096562954611845,0.0852396541920826,1.365300455024692,-13.450790080542138,0.535962986520035,0.3707375355205373,False,False,False,False,pachytene,49,off_axis,28.570450715184723,13.44
711,8.833108884874473,32.73978899655207,94.55652723764337,28.566884484,1.896377336477348,0.586138939070455,0.1441670911869587,0.5170634920634921,0.9817575083426028,0.2446628559863762,0.1983383692347786,1.287470430560359,-3.606059884286887,0.5361544278189195,0.2788189330707106,False,False,False,False,pachytene,49,off_axis,15.098085424781534,13.44
842,10.635151515151716,60.29014653712492,98.54859083969376,50.70399146999999,2.296066769449924,0.6232246125375897,0.1811783631610697,0.4723722986247544,0.9916801479084816,0.0629750515970705,0.0575493899188664,1.391238369443663,20.23626724351374,0.5378837245564888,0.383549932306668,False,False,False,False,pachytene,49,early,0.2909378472298012,13.44
871,11.201466410045343,12.611585125103216,96.44662405828925,25.594783758,1.8281884118427525,0.2700027495188342,0.0376948169626676,0.6379158819836785,0.2082111436950146,0.9716602231139164,0.0676013178006237,1.1009860889883163,-17.97923857291973,0.53879198516266,0.0590905760888895,False,False,False,False,pachytene,49,off_axis,34.01779779802022,13.44
682,8.51811792268654,11.586567053884892,97.72785210854892,24.030149832,1.7901494515939,0.4875048809058961,0.1127260436031772,0.5841904761904761,0.9348275862068964,0.3584140808428492,0.1666785437040562,1.0853613224794652,-17.960277397007374,0.538862851374963,0.1929611114824521,False,False,False,False,pachytene,49,off_axis,35.411600254330125,13.44
294,3.7851753571269056,69.85557873159257,95.14535541992863,53.04038635799999,2.330805440843732,0.6544602184777321,0.1859762450510522,0.4652502239856649,0.9968596663395486,0.0429383321596972,0.0424342266892814,1.981867306415146,25.479363087436383,0.5391650502587029,0.3997338108896482,False,False,False,False,pachytene,49,early,8.403281517425281,13.44
12,1.9876759628154683,14.749740876494345,95.53411233067794,35.32741668,2.035515547062855,0.6246347941567065,0.1581533879374534,0.5174243764372899,0.9966597741371084,0.1214754552848352,0.1317108618095559,1.1413237760136328,-16.90343909768576,0.5396029327238842,0.3056550776104015,False,False,False,False,pachytene,49,off_axis,31.70021914781408,13.44
69,2.278380190408083,61.00326543601506,98.94665667992778,52.48209119399999,2.3225986757303865,0.635006481026237,0.1994902460543084,0.488121479304433,0.9989615784008308,0.0409670100855609,0.0372519961455916,1.6741349162264778,21.040177113261073,0.5396944613933681,0.4086897514499454,False,False,False,False,pachytene,49,early,0.14697987267354817,13.44
468,5.425945767740922,5.698456259787546,101.08710217588448,28.461324474,1.8940386298336709,0.511085469381027,0.069052102950408,0.6121038435603506,0.963012958963283,0.3958866719685223,0.2250857838110022,1.2348538910436428,-20.38651870937466,0.5402568745130288,0.1128110919035584,False,False,False,False,pachytene,49,off_axis,42.112384625651615,13.44
747,9.691291112925802,16.652268787585548,94.5830560100994,31.595283882,1.9611518299425588,0.5707921894721212,0.0504270696452037,0.6123508043591074,0.9672325305961312,0.2568950968665008,0.167292177406667,1.1364261486002845,-16.03434356282215,0.5403077794269827,0.0823499688189047,False,False,False,False,pachytene,49,off_axis,29.595996150449643,13.44
2,1.6594382756368944,10.075233532004924,96.89848052743062,28.731088944,1.9000039001559603,0.6330013063357283,0.0042091271599468,0.5977753058954394,0.999302649930265,0.1617122623688592,0.1817776577985535,1.426027913168962,-19.654989873704235,0.5405187778905606,0.0070413199047119,False,False,False,False,pachytene,49,off_axis,36.56670829114552,13.44
514,6.3003558191254205,19.60240436619821,93.76297690140927,31.64454522,1.962170534697557,0.7063750926612306,0.0921384368553747,0.5571825296642262,0.999729912221472,0.1588905461330685,0.2329584757480292,1.195867173778754,-14.271833490611119,0.5411713529811119,0.1653649063815764,False,False,False,False,pachytene,50,off_axis,26.536840746840276,13.44
623,7.627501029230469,7.684752202552499,99.20167642651283,28.48947381,1.8946628495805475,0.5255660765747221,0.1530207261502278,0.5380076362374175,0.980822679266259,0.2251371577159306,0.1339066421500584,1.115424603591891,-20.044722115239843,0.5419881266976976,0.2844211045411655,False,False,False,False,pachytene,50,off_axis,39.582351697122384,13.44
457,5.138840450582402,26.525932164450847,92.18036553808894,36.859209714,2.0645202008682837,0.5937122128174124,0.1664708186447316,0.4780701754385965,0.9887113581104552,0.1999821075153683,0.1527957129411628,1.3251490418209957,-9.918768545060297,0.5424361468946035,0.3482141894587048,False,False,False,False,pachytene,50,off_axis,19.475630970373217,13.44
869,10.926245924546029,31.715947566372943,92.41691216814266,20.145541464,1.6879650305116969,0.4563344201210992,0.1945834052095911,0.4347826086956521,0.8099281515349445,0.400394574479563,0.0955937104342105,1.2641102022277513,-5.753943386978363,0.5425927663052739,0.4475418319820597,False,False,False,False,pachytene,50,off_axis,14.817552568661505,13.44
304,4.035780765253274,6.321580669795478,98.21006866597646,29.488775237999995,1.9165612744958145,0.6287487073422957,0.0854399372917891,0.585386758088708,0.9985772719189046,0.1354189267790486,0.1535267398164901,1.197907387839542,-21.727625903959897,0.5440664135151122,0.1459546805786163,False,False,False,False,pachytene,50,off_axis,40.542251249999694,13.44
820,10.285256538231396,55.80595867438706,98.1807173986805,47.000008008,2.2387371575321504,0.5874426033140348,0.2148556231003039,0.4615291555770626,0.9895937277263008,0.1807766831738825,0.1076836503535942,1.6348654233285351,16.53424049638186,0.5444827671954174,0.4655299031578276,False,False,False,False,pachytene,50,early,2.8479418793831774,13.44
581,6.89503489130979,66.34437121843298,94.50163178372485,46.72555198199999,2.2343709540636265,0.6754355138310156,0.2625755674689175,0.4232018561484919,0.9967856351141654,0.0655523116589581,0.0633592175562842,1.7963774904872132,22.355217603935188,0.544735445904031,0.6204499428678918,False,False,False,False,pachytene,50,early,6.6762397350138345,13.44
875,10.883547519425646,28.79041891811023,91.36593882247348,31.395892752,1.9570176500924483,0.5,0.2056030389363722,0.5028392109982068,0.6726854891661195,0.6143676457704447,0.1061621290614504,1.0931810337551804,-8.683085547629418,0.5449635112779395,0.4088842604939681,False,False,False,False,pachytene,50,off_axis,17.06917420175563,13.44
472,5.196186690223799,29.73518253091754,90.72728058745436,31.865048351999995,1.9667175391796408,0.5435070671378092,0.1881382560879811,0.5283018867924528,0.9745419938139424,0.0919072248722246,0.0468476451599899,1.1868008730217892,-8.356940297038848,0.5453792865581784,0.3561188418808215,False,False,False,False,pachytene,50,off_axis,15.96484201035239,13.44
513,5.586936522539062,10.15651248850024,97.42546448941762,30.598328232,1.940303631817017,0.5955995093529591,0.1435297937976944,0.5590521327014218,0.9745989304812834,0.2448513546045768,0.1762224588187216,1.036235514914796,-19.258168942967856,0.5455476368836509,0.2567377627273104,False,False,False,False,pachytene,50,off_axis,36.65752405370909,13.44
830,10.3765347649147,12.486439544549413,93.27678604208342,27.091390122,1.8631488823593116,0.6597107974716425,0.1256952169076751,0.4865139949109415,0.9936842105263158,0.1371880545221198,0.1635300757972065,1.2666635090610638,-20.0847449804574,0.5461709715652973,0.2583588924932862,False,False,False,False,pachytene,50,off_axis,33.255639113849874,13.44
688,8.740646622216136,25.35829036356856,92.26662029814992,37.293178644,2.0725909497655324,0.5591269342055605,0.1393664047151277,0.4765301754886574,0.9818146643451344,0.2317699052240945,0.15385765862666,1.233817181344985,-10.767382132752847,0.5461998479723303,0.2924608175593803,False,False,False,False,pachytene,50,off_axis,20.60449689344787,13.44
21,2.203056265984707,18.665324961637328,92.5553335358059,36.68796792,2.0613180970873244,0.4882992327365729,0.135278227984873,0.5456703736098963,0.988013698630137,0.0720039436758403,0.0349954183881591,1.4112826183888418,-15.76201765102538,0.5467278496893268,0.2479119895953603,False,False,False,False,pachytene,50,off_axis,27.08956916718719,13.44
536,6.227312027173222,17.38232556739154,91.67574099119848,30.387208212,1.9358308090562208,0.636946117029489,0.1033365109628217,0.5607059323835849,0.9890971039182282,0.2131738063065198,0.2144356630091422,1.0947105838881943,-17.31191837500584,0.5468327709097495,0.1842971600523892,False,False,False,False,pachytene,50,off_axis,28.12411340931808,13.44
378,3.668690760576552,113.6040628111278,101.79419692532986,30.441161106,1.9369758294751471,0.654850890036218,0.2658580560563842,0.4342487162313016,0.9965851905104242,0.0394301230583708,0.0828537624441827,1.0389114643498636,56.92778718572026,0.5470248904467011,0.6122253126357557,False,False,False,False,pachytene,50,off_axis,37.766659817475364,13.44
661,8.213379432338867,31.96516689716288,90.50025018091036,29.174440986,1.909727101375445,0.4478572002894588,0.1417322834645669,0.5326925877384593,0.7988759534323565,0.3807305653674825,0.0942489763403448,1.1462451551410433,-6.775720583467887,0.5473473039456649,0.2660676846777421,False,False,False,False,pachytene,50,off_axis,13.793086528166604,13.44
708,9.072902423866053,9.5946295059042,95.21719677594832,30.194854416,1.931737498071188,0.5676662523306402,0.0914285714285714,0.6217430368373764,0.986842105263158,0.2349964418189418,0.188584809437506,1.105673098494668,-21.09219195829364,0.5474599324345724,0.1470520231213872,False,False,False,False,pachytene,50,off_axis,36.54108153337577,13.44
488,5.871040746439261,50.23211890416476,102.51059664995648,47.265080922,2.2429379826938427,0.696362102337585,0.248125844905985,0.4290617848970252,0.999092192858584,0.0647553363575519,0.0834742588753414,1.884227692201046,14.966193372346115,0.5476287849960205,0.5782986358608824,False,False,False,False,pachytene,50,early,9.72956758349883,13.44
112,1.2943639073295974,119.17054097005897,116.6649094702639,69.256749672,2.5475604544718,0.8120173418236012,0.1530596673279414,0.5371171171171171,0.999534710589987,0.1134185793933633,0.3065095588343091,1.0808784852575992,71.93675038121987,0.5476595724909381,0.2849651639282371,False,False,False,False,pachytene,50,off_axis,32.58449863857956,13.44
653,8.248584762713033,52.28864995454291,99.46935230014064,38.702991222,2.09838564880763,0.6295533062609855,0.1653693841321862,0.5157068062827225,0.9994379654348744,0.0737911293437668,0.0737680980159748,1.5002254641290405,14.629891953425009,0.548155377675794,0.3206655062867775,False,False,False,False,pachytene,50,early,6.073697165651956,13.44
731,9.41049155478533,63.75615488848135,94.84115703767988,43.33121121599999,2.178900539970983,0.6075140753572975,0.2396434189826953,0.4750344827586207,0.9935247747747749,0.1220347746329339,0.0923842351273673,1.5736162159972231,20.56816122753571,0.5487812003048294,0.504475838450796,False,False,False,False,pachytene,50,early,4.773460011485256,13.44
8,1.9791666666667256,13.301379202219172,92.3537567619459,32.991021792,1.9896150273186064,0.5651308304891922,0.0143432715551974,0.5874754741661217,0.9856251182144884,0.1543697075949052,0.1146890974755285,1.057146243510164,-20.039232996467227,0.5489699597326898,0.0244150984780371,False,False,False,False,pachytene,50,off_axis,32.25519243077339,13.44
549,6.259779348757497,56.58739961439765,96.22299556555218,43.80036681599999,2.1867361243041272,0.56662382176521,0.2077540630507147,0.4919673751853682,0.9942720763723152,0.1237440094159587,0.0929413100470781,1.519366466825992,15.89816373480332,0.5493614991453337,0.4222923582532991,False,False,False,False,pachytene,50,early,0.8382824375842274,13.44
1,1.4233653007846914,10.019968875326718,93.5834317111847,29.596681025999995,1.9188961325641816,0.5996671157961481,0.0532333645735707,0.5422688576519501,0.9963113958454668,0.2008797856758345,0.1751099909964271,1.1481314027313638,-21.798455982142286,0.549428171076367,0.0981678439069389,False,False,False,False,pachytene,50,off_axis,35.72651724570442,13.44
367,4.444077394997511,8.6154719915054,94.72863176026652,29.824221492,1.9238011007996716,0.7130722038697499,0.0838774485183324,0.5816885964912281,0.9973836408702836,0.1922276946029216,0.2938299391952011,1.1496070103628873,-22.1592542574541,0.550073905699799,0.1441964807704414,False,False,False,False,pachytene,50,off_axis,37.36222012253113,13.44
767,9.458962941683492,14.890246646078886,91.19117449726966,32.662612872,1.982991129157048,0.7175380637747774,0.0488512696493349,0.5878464276633613,0.9953726863431716,0.1760451495283975,0.2684958702619446,1.1096538627354269,-19.546823013724865,0.5505718453254994,0.083102094952783,False,False,False,False,pachytene,50,off_axis,30.46604015924821,13.44
872,10.835435086086791,26.233193020010205,89.29680209399719,20.164307688,1.6884889992029668,0.3965798045602605,0.1069214876033057,0.4626951995373048,0.7775628626692457,0.6611080557515864,0.0957329264148689,1.1102407370246976,-11.972513732650848,0.5511324387337957,0.2310840650826446,False,False,False,False,pachytene,50,off_axis,18.97063783462166,13.44
73,3.1040858725761327,61.81101964285697,94.09209642857272,47.42224804799999,2.245421324855725,0.6166402849228334,0.1904314217068839,0.4974193548387097,0.9974835230677052,0.0346435220222056,0.0295632776736972,1.5862149474259026,18.588757704605918,0.552085912401986,0.3828387855326461,False,False,False,False,pachytene,51,early,4.120310248184905,13.44
841,10.522127995266782,58.264609722907366,93.12771037866068,47.57706939599999,2.2478622433280417,0.6019623311310522,0.1429936305732484,0.5294190511581816,0.9965109034267912,0.1638327889894004,0.1391626462350837,1.5187659045997377,15.234179457447622,0.5533980175655229,0.2700953625685153,False,False,False,False,pachytene,51,early,2.6190212829039736,13.44
887,10.866930111776435,33.16830257423557,88.42836228971478,20.776555746,1.7054080740344486,0.4579428700462911,0.1713841905419399,0.4667777546344511,0.9558282208588956,0.1677273089904438,0.067550081920527,1.096793343351608,-7.157925742728472,0.5534994293709817,0.3671644349807469,False,False,False,False,pachytene,51,pre,12.014048385177626,13.44
721,9.11478815760212,19.010406789345502,90.02643018475831,31.614050106,1.961540032715028,0.6891741485493804,0.1993501529051987,0.5103843399379326,0.999100584619997,0.1376823715669,0.2099834509816673,1.4001227692822098,-17.097608256276196,0.5538100246432015,0.3905883023947042,False,False,False,False,pachytene,51,off_axis,26.203504954813848,13.44
326,3.8332747933882807,50.19134411157107,98.46515169421392,45.41426207999999,2.213270782233131,0.7016012396694216,0.149941141848146,0.5475160117708153,0.9998116228689836,0.1275813690297676,0.1888779600178577,1.6639236030989055,12.371091524619388,0.5540009899889391,0.273857090248732,False,False,False,False,pachytene,51,early,6.6259029956963245,13.44
64,2.4659278641425466,56.707888086810655,95.42734676004322,45.72155899799999,2.218251618334523,0.6273664768354625,0.1735320892125625,0.5024094726696957,0.9991705178338666,0.1757436066141434,0.1654430814828332,1.4770767149712671,15.487177151247023,0.5545872138721154,0.3453997160731274,False,False,False,False,pachytene,51,early,0.14642658422387636,13.44
695,8.931412676336615,53.26892473673652,95.11845582654584,47.225202696,2.242307005567948,0.5936817007748858,0.2425925925925925,0.4871638141809291,0.981370777144446,0.0528324760671576,0.0389927480150762,1.3709233641079632,12.631099022300459,0.5557426459085781,0.4979692364886844,False,False,False,False,pachytene,51,early,2.086710133941056,13.44
263,3.035714285714356,15.48435620183745,89.62873815204534,31.658619888,1.9624613989969109,0.6665678719620629,0.100359856057577,0.5311111111111111,0.9960341671751068,0.0764171178137103,0.093191354794319,1.271703248519887,-20.077328320527833,0.5557991841332938,0.1889620720749358,False,False,False,False,pachytene,51,off_axis,29.62476119365062,13.44
766,9.457089256079046,9.217768634100564,91.43072188469472,32.510137302,1.9799006495667475,0.7097193159679631,0.063983248022336,0.5891126025354213,0.9951801116184678,0.1718023787578076,0.2483963186431806,1.1279213411906257,-23.783178786855675,0.5565304840504519,0.1086095387315855,False,False,False,False,pachytene,51,off_axis,36.092829485988354,13.44
455,5.040928858619925,23.972307639286942,87.57014299663774,28.587996486,1.8968443861645208,0.684663986214819,0.0692661661419229,0.5849596669268801,0.9993823347745522,0.1170698311600115,0.1602101389028747,1.327457698448922,-14.815672045114473,0.5565648690750155,0.1184118667630826,False,False,False,False,pachytene,51,off_axis,20.950221211086575,13.44
237,2.814299497283215,6.465569943634754,92.10165154623397,46.195406154,2.225888437446498,0.825623317930229,0.0469053566472383,0.6080372743156669,1.0,0.1648608675228708,0.4963937154488236,1.3165895914171362,-25.487082027257365,0.5569049833801041,0.0771422388537435,False,False,False,False,pachytene,51,off_axis,38.91842890054154,13.44
580,6.833118919780764,64.31057922492201,90.37767129339105,44.126429958,2.1921489559545084,0.6432938174472382,0.1622971285892633,0.4833084947839046,0.998550374486591,0.0577474220141473,0.0626452182872348,1.6358265343108165,18.168589252631026,0.5570615579882842,0.3358044196219418,False,False,False,False,pachytene,51,early,8.5776873537401,13.44
611,7.450827329585786,6.551734154065356,93.65809036497596,29.629521918,1.9196056148909684,0.7039030955585464,0.0828837665522315,0.5280748663101604,0.9980433473810956,0.1400517073221467,0.2253565110526531,1.1609442543385464,-24.43412642833276,0.5571617263331162,0.1569545756482763,False,False,False,False,pachytene,51,off_axis,39.12818177807706,13.44
604,6.986610816067032,20.06996093200807,87.48452775824866,31.360706082,1.9562862733705908,0.5606253272496073,0.1734909244406922,0.5413687436159347,0.995067553077418,0.0394582127450204,0.035444927784233,1.251691304918231,-17.888729833757672,0.5581466677857384,0.3204671981649767,False,False,False,False,pachytene,51,off_axis,24.829474104184854,13.44
868,10.7935818278827,30.026845735192012,86.40575037731496,30.774261582,1.9440152936900017,0.4630688314658129,0.1313355530891602,0.5434412265758092,0.941285081240768,0.1951080192699475,0.0795837338887576,1.094237382533213,-10.869825001474217,0.5586677572928603,0.2416738860919657,False,False,False,False,pachytene,51,off_axis,14.820856818970116,13.44
694,8.98594787940721,49.43223313106788,96.64285667475524,36.725500368,2.062020779295182,0.5328947368421053,0.1700147542844172,0.5237248735129222,0.9781454248366012,0.146884726585324,0.0829458210373144,1.3996903201080846,10.629082646866058,0.5591063483412141,0.3246260830501157,False,False,False,False,pachytene,51,early,5.697240684361891,13.44
305,3.683763465860741,9.318684956986704,90.81877014647624,30.267573534,1.9332870074281048,0.6844919786096257,0.0532558139534883,0.5519528371407516,1.0,0.1313564603145341,0.1777794715770984,1.1223827427940525,-24.09289908919599,0.5591829714841404,0.0964861676033159,False,False,False,False,pachytene,51,off_axis,35.89753035592182,13.44
37,2.5559091566614107,32.60027393317051,87.32065445537597,32.432726628,1.9783279375281744,0.5624186315637205,0.0754889975550122,0.5555371900826447,0.9900468384074942,0.057351099446849,0.0497075885743965,1.144708703369976,-8.299288900062036,0.5592514719701704,0.1358846876548123,False,False,False,False,pachytene,51,pre,12.35461402854142,13.44
799,10.102697224820698,11.815776520111823,88.43585680542546,30.091640184,1.9295339171396364,0.6884159650763955,0.070681236921646,0.6177132849637228,0.9960091220068416,0.1408726127550419,0.1835650156737034,1.073438740240756,-23.671210733992233,0.5592910809315859,0.1144240194312755,False,False,False,False,pachytene,51,off_axis,33.134544250560694,13.44
111,1.8712153240753784,120.29512400729,101.1289209063716,144.26065544399998,3.2535171268987986,0.8173436534521448,0.1390357936690427,0.5376123920591116,0.9998651321704728,0.0461857045961075,0.1570024374754897,1.0472409167139194,60.677347040663534,0.5597330309403837,0.2586171667965485,True,False,False,False,pachytene,51,off_axis,43.348209154925144,13.44
238,3.1729560707748967,11.538311073824968,88.48643570774841,30.757841136,1.94366947139412,0.6651921903599756,0.1470759665824752,0.5455580865603644,0.998413453910836,0.1310170509288598,0.169999822473447,1.2129639853255358,-23.85380300828811,0.560803167250585,0.2695880974100486,False,False,False,False,pachytene,51,off_axis,33.41540985855473,13.44
889,11.382385064770434,23.681334086867253,86.75311394462749,36.941311944,2.066051939400901,0.3637922275844552,0.1070409982174688,0.625910769537878,0.9016393442622952,0.5462518539242713,0.1344320046521915,1.1282321092766414,-15.558508709846132,0.5609008312946278,0.1710163867231414,False,False,False,False,pachytene,51,off_axis,21.175776045879882,13.44
33,2.0717232102824945,28.81567445075385,85.85271678373896,31.391201196,1.9569201647797043,0.6765804812434614,0.0531612338656749,0.5552218114602587,0.9955104996379436,0.1554454617754262,0.1931652326217017,1.3279342752998564,-12.157223219981905,0.5610931896687138,0.0957477403956059,False,False,False,False,pachytene,51,off_axis,16.00821181193528,13.44
499,5.696362476068966,14.350690704106,87.29586658158054,33.082507134,1.991452422364009,0.7111252924909593,0.1309726962457338,0.4968090328915071,0.9989580619953112,0.1345141122628565,0.1947441141081826,1.0742536082652725,-22.432635041256056,0.5611813090602387,0.263627848075652,False,False,False,False,pachytene,51,off_axis,30.52218776149066,13.44
663,8.075652045050449,35.326262729696445,86.49902382928252,31.658619888,1.9624613989969109,0.5649822169531713,0.1531804413673734,0.5544200306591722,0.9853128991060024,0.1031247337342348,0.076232761683257,1.3457449973358926,-6.711159021025079,0.5613588403143378,0.2762895149824421,False,False,False,False,pachytene,51,pre,9.546156083420442,13.44
441,5.197205487773768,56.30446437503321,91.41833657672112,46.336152834,2.228146733965671,0.669467928922189,0.2079340046099721,0.4582631337111349,0.9977985690698954,0.06105028854407,0.0896902793042445,1.4889013053601248,12.634623214335745,0.5625728746345037,0.4537436885355976,False,False,False,False,pachytene,51,early,2.6992454591108066,13.44
687,8.526325387520968,23.84229366940113,86.01043659632607,36.017075412,2.0486759946644235,0.4484824801354695,0.1498845497440015,0.5487718469532357,0.923576276187666,0.3846867533174537,0.1539989017291464,0.9829714253077572,-15.904619877582974,0.5634637963443625,0.2731272578507005,False,False,False,False,pachytene,52,off_axis,20.983915469037633,13.44
522,5.958866357783274,47.641547313314575,96.6662509537265,38.98448458199999,2.1034606686314734,0.6454660328539623,0.1590065658007422,0.4804820095044128,0.9933351106371634,0.1644764903584175,0.1768742839127008,1.3862934387157098,9.258656303110417,0.5639437691085873,0.3309313619561898,False,False,False,False,pachytene,52,early,6.850078325372958,13.44
833,10.46987073707432,15.651703052805056,86.28470391914112,34.116995231999994,2.0119972764373304,0.5776265126512652,0.0645652504948987,0.601497639589777,0.975676601575882,0.2737563494878023,0.2063726721004476,1.2745221896249446,-22.066952861178986,0.5641536253829703,0.107340821052818,False,False,False,False,pachytene,52,off_axis,29.178850337880988,13.44
664,7.414251752514387,37.943091496496905,88.7221392928994,38.48248809,2.0943930020551336,0.6024382810118867,0.1626652972140198,0.567310640907697,0.9906515976001116,0.4277635556775425,0.3304568516284343,1.189188976297178,-3.2780480159506507,0.5642010082317698,0.2867305590350911,False,False,False,False,pachytene,52,pre,7.594343433661623,13.44
71,2.756012752391168,60.77085202125186,89.35078237619581,55.18442745,2.3617974202960585,0.6690329436769394,0.178605338115835,0.4718725918314924,0.9996397694524496,0.0655232495571816,0.0719193450607086,1.6833999821115189,14.779573209920718,0.5651301766993875,0.3785033104436285,False,False,False,False,pachytene,52,early,7.128984559198354,13.44
730,9.325297516171592,60.1545293466968,89.33076112290784,47.504350278,2.246716411845394,0.6419929880005926,0.22978859024753,0.4515862068965517,0.9967982924226254,0.0407415661722028,0.0428452081798866,1.595648542974156,14.290106796883133,0.5652103536149597,0.5088476723563204,False,False,False,False,pachytene,52,early,6.7539150719535925,13.44
240,3.5247429420505694,25.597260178306904,85.05900666864623,39.46771484999999,2.1121161183438253,0.7657057949479941,0.0806902985074626,0.6078132927447996,1.0,0.2236991776026455,0.432272381505775,1.0546531760103517,-15.149912659880462,0.5655532470854158,0.1327550737547654,False,False,False,False,pachytene,52,off_axis,19.227797621433506,13.44
701,9.146397515528244,6.828811094720433,88.88971388198843,30.21362064,1.9321376094119735,0.6997670807453416,0.049176297024834,0.595293509180243,0.9943370165745856,0.1829330054464712,0.2576932648697803,1.204162971928666,-27.24145699891634,0.5659158565775694,0.082608488529554,False,False,False,False,pachytene,52,off_axis,38.142110516309685,13.44
753,9.291939914664969,49.4869725583027,93.0424612835357,40.133915802,2.1239337952437505,0.6113156818048979,0.1779975278121137,0.5345864661654135,0.9903638717100532,0.1107485212129243,0.083585808432247,1.2712467778339454,8.389892914589863,0.5664747885642905,0.3329630267090173,False,False,False,False,pachytene,52,early,2.8773341751177077,13.44
56,2.093832204065384,51.96394464428091,94.46209591470765,47.084456016,2.240077184083687,0.6402949382223994,0.1217613429023233,0.5038781163434903,0.9990011098779136,0.1895602777429153,0.1982722890883303,1.4484310457990082,11.205654660005951,0.566627990620342,0.2416484045505152,False,False,False,False,pachytene,52,early,2.4059118657291276,13.44
573,6.521543624161145,4.976239630873107,90.03827592281716,27.96167376,1.8828895784114088,0.5753355704697987,0.0672563110374055,0.6325563018569735,0.9907446360959192,0.2854220555201389,0.2419417170180487,1.2868656296447996,-27.946749433054123,0.5669326075037818,0.1063246241322133,False,False,False,False,pachytene,52,off_axis,40.10138636885299,13.44
819,10.137033835514467,55.21019788836709,89.02770205606343,37.992220488,2.085460759950001,0.6102123981229933,0.217719950433705,0.5133850784096309,0.992442514873774,0.0983516092543714,0.0955318743684675,1.2892065421285586,10.273191233963086,0.5671408686853335,0.4240870247108856,False,False,False,False,pachytene,52,early,3.8551829821950285,13.44
28,2.2687638131722614,22.973179387062284,84.93941713569852,31.841590572,1.96623481432122,0.7109179313393252,0.0284723941569695,0.5237003058103975,1.0,0.098142256286791,0.1663110373231578,1.0532967116075551,-17.25564987483022,0.5671529187804273,0.0543677249011915,False,False,False,False,pachytene,52,off_axis,21.85401162353559,13.44
16,2.7411409942949927,16.42658564792108,85.40035777506034,28.78269606,1.901140822741456,0.665362673186634,0.049537037037037,0.579152459814905,0.999679743795036,0.1248546330523497,0.1485164976792229,1.117062127761269,-22.02791536963122,0.5674377333825943,0.0855336728654643,False,False,False,False,pachytene,52,off_axis,28.39358919090421,13.44
601,7.128862041396373,16.974651647862576,85.79506373811849,26.406422946,1.847312299931946,0.5848805187883095,0.0623996789727127,0.6101005777872887,0.9950130095403296,0.1141613004984603,0.0956842480364024,0.9913015222626352,-21.35381737981548,0.5674755123136918,0.1022776919815806,False,False,False,False,pachytene,52,off_axis,27.846911632377385,13.44
478,4.769696345857028,124.59907753988756,102.190274729799,22.78923327,1.7587888411249666,0.5767370046320124,0.1649065800162469,0.4880836575875486,0.9721973094170404,0.025858746378069,0.0313007363133766,1.02262752270934,64.23721511346362,0.5676999593216241,0.337865399614752,False,False,False,False,pachytene,52,off_axis,45.989766887309884,13.44
435,4.786330996029468,19.575703049760264,84.59456003210052,27.766974186,1.8785091540608605,0.5841851820562642,0.0683323869013817,0.614587566030069,0.9879518072289156,0.2696600500852534,0.2254393245002185,1.0731389648911105,-20.10242560577336,0.5679722419933242,0.1111841349846615,False,False,False,False,pachytene,52,off_axis,25.260529488657856,13.44
896,11.559524131404936,31.3506611599306,83.16327278626451,17.351719866,1.6060213194320243,0.4641070704339597,0.1337412587412587,0.5277497477295661,0.9577723378212974,0.1910478164288729,0.1043940365194795,1.1098745799241028,-11.900465163244567,0.5682772150985246,0.253417949163647,False,False,False,False,pachytene,52,off_axis,13.670529721265892,13.44
541,5.980722686210912,22.53852768024468,83.53354177603559,27.525359051999995,1.873044639375257,0.6127492756093404,0.1145752143413874,0.5730633802816901,0.998800719568259,0.1600896240386483,0.1457847580880228,1.238317617295322,-18.48278023659663,0.568319912509134,0.1999346290196867,False,False,False,False,pachytene,52,off_axis,22.368079190726675,13.44
752,9.569379176546354,45.843595440827855,95.750600344902,43.528256568,2.1821983404152614,0.56289070920457,0.1807898192101807,0.523979780544939,0.9785927908074924,0.1657008176680308,0.1088328762052979,1.3642838736639948,7.287545450212682,0.5684118924751277,0.3450320526150062,False,False,False,False,pachytene,52,early,7.28108758143129,13.44
880,11.184242243880162,11.487921895691729,85.03159070009532,31.529602098,1.9597919084772584,0.6011457480842199,0.1654732254047323,0.5114717403469502,0.9799960776622868,0.1726042598487315,0.1564804859871788,1.0580301989576606,-26.082084993150232,0.5689055617256744,0.3235236912453573,False,False,False,False,pachytene,52,off_axis,33.33536917485607,13.44
7,2.262127941663943,12.826647086510174,85.38084827311793,35.386061129999995,2.036641261011527,0.6684786211468345,0.0613738738738738,0.5028994201159768,0.9968510405257394,0.0786351622182167,0.0950161123860872,1.1632427959198364,-24.825143621355696,0.5693892186071786,0.1220400569555638,False,False,False,False,pachytene,52,off_axis,31.99357478902798,13.44
256,2.95163114397566,5.882329338843027,87.48039669421652,32.357661732,1.9768004917150792,0.7642453240539365,0.0482879719051799,0.5980934809348093,0.9997771587743732,0.133700114749848,0.2720165779750644,1.4539845152788116,-28.86671342869369,0.5693954861162022,0.0807364959566299,False,False,False,False,pachytene,52,off_axis,38.98800030244163,13.44
829,10.55281360387737,8.754204033516789,86.04228150825627,28.555155594,1.8961177649916563,0.6516881623264602,0.0754470126471871,0.6068396226415095,0.999498746867168,0.1641835559365393,0.1775383403781466,1.087657307632406,-27.556388383049466,0.5697772507117982,0.1243277627765539,False,False,False,False,pachytene,52,off_axis,36.0698725798996,13.44
751,8.108156687269927,35.916778571157565,83.37317655758376,61.86051163799999,2.4534373140231165,0.7414204997914375,0.1760512324794586,0.5842498900131984,0.9922837660007178,0.3652812074978577,0.6091863536596831,1.2594491863486998,-8.235162630216603,0.5698860065983397,0.3013286531820854,False,False,False,False,pachytene,52,pre,9.153727643217838,13.44
268,3.2520692333295185,47.76329197825188,93.07527059247752,42.284994228,2.1612212155004227,0.6666481748585377,0.1497099193434271,0.4667998002995506,0.9883748238609676,0.1136875772817102,0.1272032839862061,1.4546781723976536,7.077267156827877,0.5699226735967758,0.3207154742726038,False,False,False,False,pachytene,52,early,3.994994594412123,13.44
258,3.3683330846142416,9.17151180420833,85.62242283241298,31.438116756,1.95789458119566,0.7583196537830175,0.073247496423462,0.6038900895338067,0.998370387614946,0.1639956631049522,0.315208013021062,1.211351921258768,-27.49962491007221,0.570775728344856,0.1212927612042912,False,False,False,False,pachytene,52,off_axis,35.64869840534706,13.44
40,1.9164876651696128,36.22428804920845,84.85712103104738,36.038187414,2.0490762048708664,0.6239015817223199,0.0771442261619549,0.5193838698511596,0.99546553808948,0.1363350245875623,0.121857760007434,1.2120113968467392,-7.056916193798309,0.571121543122991,0.1485302694980925,False,False,False,False,pachytene,52,pre,8.619719096913908,13.44
517,6.17007355194624,32.34210395341843,83.8703843242408,30.617094456,1.9407002191825464,0.637373582592706,0.1020679188009865,0.5554616522290302,0.9919839679358716,0.1793660093416997,0.1802246449021067,1.1157335664321224,-10.685408334128747,0.5711815906670227,0.1837533129269948,False,False,False,False,pachytene,52,pre,12.583860178815405,13.44
659,8.24319422027508,19.51687359926324,82.63135178694931,30.520917558,1.938665992740036,0.6533702251940665,0.1607740975065128,0.5363636363636364,0.992322129329466,0.2227679059123549,0.2471797807968939,1.1228823185495125,-21.392001210055803,0.5716656233208146,0.2997483173850239,False,False,False,False,pachytene,52,off_axis,25.465218401221314,13.44
122,0.8039095699472771,128.19735291518006,117.84827511473785,41.40063592199999,2.1460481783991625,0.8056547113150887,0.2302513464991022,0.5486880466472304,0.998722248842038,0.0976289293046823,0.2330581870227561,1.0724915580712169,78.59925572692035,0.5716945377938022,0.4196398079128166,False,False,False,False,pachytene,52,off_axis,38.78890921973992,13.44
485,5.57477751248096,28.718055415670936,83.86677245495936,32.420997738,1.9780894295884663,0.600535417118877,0.0818227174455347,0.6065930085129505,0.992354740061162,0.204575362811279,0.2065518153041419,1.263074419413994,-13.491213572703673,0.5718898807024902,0.1348889886583449,False,False,False,False,pachytene,52,off_axis,16.184562138367646,13.44
36,1.7806420851876057,32.615021781628364,82.52641590114477,29.519270352,1.9172217022787876,0.6225365543547361,0.0505696582050769,0.5656842105263158,0.9994732221246708,0.1833517970437909,0.1908458866078242,1.0376726383261246,-11.325942359100559,0.5722689455119636,0.0893955625136269,False,False,False,False,pachytene,52,pre,12.561994097430977,13.44
520,5.765220140700316,39.49320310647416,90.79701301873264,29.676437478,1.920618252229572,0.6764682633783891,0.1216738197424892,0.5455655998045443,0.9975342887964248,0.1288773708820165,0.1753104966169341,1.098294698455731,-0.7640747602285775,0.5724308655478128,0.2230232620716563,False,False,False,False,pachytene,52,pre,7.5121975523477555,13.44
372,4.444327792359186,25.31039536308046,81.81457806211888,32.174691048,1.973067419729705,0.7144211140274133,0.0720208481402511,0.612969109011999,0.9998747651847214,0.1489251921400362,0.2320961961223543,1.1045524525033037,-17.42779027639849,0.572484044464926,0.1174950696232251,False,False,False,False,pachytene,52,off_axis,19.854647011446158,13.44
712,8.89089513281136,40.66391464762735,87.99774910179711,30.556104227999995,1.939410716996114,0.6196837095040688,0.1527278946468274,0.51695599515543,0.9930905695611578,0.1602744450443061,0.1786788882107448,1.095559497153248,-1.6322938974454262,0.5727228685035765,0.2954369348224846,False,False,False,False,pachytene,52,pre,4.848896372550642,13.44
855,10.218042020563631,32.27184109968822,81.64087780956794,26.23752693,1.8433653908009864,0.5706750111756818,0.1739205229657664,0.5147855060391504,0.9824248599083036,0.3364535043964025,0.2569272153907877,0.951452390988278,-12.152579284745677,0.5728701540874622,0.3378504657288068,False,False,False,False,pachytene,52,pre,13.128180219213894,13.44
631,7.627112305714494,58.348039342059145,86.42087506719552,40.145644692,2.124140677286986,0.6114292392193525,0.2170022371364652,0.4812030075187969,0.9994060876020788,0.0388341818272029,0.0435094922954282,1.4381437561725616,11.048663409130924,0.5729795731131619,0.4509577740492169,False,False,False,False,pachytene,52,early,7.860209679226998,13.44
419,4.808300466116959,38.04973330046762,85.4837547956249,26.169499368,1.8417708783923972,0.6229831480817497,0.1235674098770577,0.5675225867807894,0.9785077047850772,0.239468508054993,0.2429787942000522,1.0983287939241997,-5.24768397823288,0.5730803926168395,0.2177312634867636,False,False,False,False,pachytene,52,pre,6.770286189627601,13.44
290,3.5578507732248448,52.10772165594316,90.16963379613844,41.562494604,2.14884125014012,0.6864205892312902,0.1890235002189461,0.4827213822894168,0.9978627671541056,0.0718523565698677,0.1076779825954424,1.3408806047658215,8.59678730202108,0.5735400118162304,0.39157888412247,False,False,False,False,pachytene,53,early,1.0057906384284578,13.44
23,1.4859766866832065,19.73153506711509,84.27912885905893,26.563590072,1.85097002932699,0.5788590604026846,0.0599250936329588,0.5879639337387292,0.9983911744426568,0.1891943550092173,0.1802546239990539,1.141059777923394,-20.18176165747485,0.5738222818734918,0.1019196760112627,False,False,False,False,pachytene,53,off_axis,25.11815277904366,13.44
606,6.368348019149387,38.2575441892754,83.2323032678835,33.809698313999995,2.0059382608024614,0.680288628321654,0.0916617386162034,0.5770399305555556,0.9949729311678268,0.236806434240625,0.2567995767587764,1.0125651814313226,-6.513647068269379,0.5739820089792003,0.1588481728256733,False,False,False,False,pachytene,53,pre,6.943217894936392,13.44
243,3.030266560105415,56.1302795778293,87.73586606647625,49.897043838,2.283821037032643,0.7403507122373184,0.2275524475524475,0.4492123845736013,0.9981479922552404,0.0846673985025057,0.1348175827635536,1.4081336930303248,10.16633050132774,0.5740350137493323,0.5065587133543602,False,False,False,False,pachytene,53,early,5.437577156570348,13.44
689,8.176438251087024,26.37800047302581,82.69472044234236,36.69735103199999,2.061493812551229,0.3727307593965737,0.1547075544835903,0.5703658412310201,0.6930393428447903,0.5811093573966657,0.0825858172638817,0.9708894259837714,-16.04416732115416,0.5742821573879024,0.2712426714574721,False,False,False,False,pachytene,53,off_axis,18.65414002170907,13.44
31,1.3520133916116903,27.219880079978036,81.07074325304683,25.224150834,1.81932092725112,0.5920208313958895,0.0799077181208053,0.5634830180077501,0.9920094007050528,0.2794825522303918,0.2127113060824157,1.2951031580215218,-16.42199879750125,0.5747426719950103,0.1418103395614777,False,False,False,False,pachytene,53,off_axis,18.148899044558714,13.44
391,4.353569200605888,30.948252357187563,81.55031501648844,26.321974938,1.8453409558289853,0.6614383744764281,0.1332420716404289,0.5409318241642538,0.9981721805885578,0.1909501828216301,0.2349519782062061,1.2111230911595814,-13.233878940250056,0.5753435906319909,0.2463195280593622,False,False,False,False,pachytene,53,off_axis,14.423085458210705,13.44
890,11.38379809588226,25.93790796011581,81.66544196383433,41.63990527799999,2.150174504120375,0.398681764407639,0.1754345307068365,0.577103241521454,0.8637132228610078,0.5102622585611756,0.1446560391082981,1.0467758626424213,-17.036860849509807,0.5755219785172692,0.3039915877864892,False,False,False,False,pachytene,53,off_axis,19.267517617362667,13.44
746,9.343323687474454,12.948587970236108,82.51024357172376,34.046621892,2.010612937706324,0.6355243213449084,0.2241126430038134,0.5389413988657845,0.9909047391096218,0.0644072954172301,0.0822397293906072,1.0818726765100053,-26.54988594738828,0.575589329065001,0.4158386115363636,False,False,False,False,pachytene,53,off_axis,32.01133468431764,13.44
568,6.583114744097849,45.36364802049727,92.529279082535,38.454338754,2.0938822056195217,0.6219117916183736,0.2182139253279515,0.4740238786705388,0.9913832199546484,0.0767171127816335,0.0612856673781606,1.2275440514245342,4.874944560549123,0.5758986931341874,0.4603437403616895,False,False,False,False,pachytene,53,early,5.09325368717553,13.44
486,5.343125050521514,35.78061815536244,81.56815280899053,29.019619638,1.906342962490032,0.6686605771562526,0.0921373200442967,0.5457428641131984,0.997692434481622,0.1732513619765703,0.2012331972941322,0.9735853246182948,-9.484320483044755,0.5765183095718214,0.168829179643081,False,False,False,False,pachytene,53,pre,9.857476678471635,13.44
818,10.31988643533096,46.536093198737774,90.73729305993562,37.18058129999999,2.0705029584769696,0.5016403785488959,0.152740534162823,0.569692366122294,0.9397562658082318,0.3376772064174078,0.1311003437440786,1.2185402382584123,4.6463687173135035,0.5768829487464346,0.2681105509671421,False,False,False,False,pachytene,53,early,2.96402972407066,13.44
27,1.354997176736353,23.17734150197525,81.27164870129992,24.926237028,1.8121300842007424,0.694616977225673,0.038803317535545,0.5491525423728814,0.9984185556141276,0.2080045967443953,0.2744691972427718,1.1075945730004666,-19.42194181526713,0.5772992810523674,0.0706603621789245,False,False,False,False,pachytene,53,off_axis,22.051839414600806,13.44
331,3.336306287973445,121.44917024622708,93.6581164248987,80.69241742199999,2.68069891801936,0.8984563504753045,0.1659503342884432,0.4886916690523905,0.999862566569318,0.0550127813327013,0.3603064390679635,1.1249112698682884,55.65369512122866,0.5773326266401791,0.339580853936457,True,False,False,False,pachytene,53,off_axis,48.99689605670674,13.44
814,10.118628938677494,16.807593510665995,81.51751537088457,26.279750934,1.8443537023427388,0.5160224939748281,0.0616130148840429,0.6200663961637772,0.9605152618314198,0.2647640699612493,0.1384797001854739,1.2257118245573932,-24.193692034727178,0.5773355140158628,0.0993651893817015,False,False,False,False,pachytene,53,off_axis,28.294082440411856,13.44
630,7.373577527211021,53.48774158247916,86.72919238740744,35.991271854,2.0481866364138184,0.6629081665906276,0.2470519726306594,0.4824052590873937,0.9956325520454214,0.1074015079957278,0.1378521317387124,1.273518118936569,7.484178465905974,0.5778244410559871,0.5121253717217518,False,False,False,False,pachytene,53,early,4.541776167576739,13.44
588,6.865381334243289,6.439673954956457,85.0408426804282,27.497209716,1.8724059199261165,0.6029687766592732,0.0392237819983484,0.6259131929522991,0.9990116623838704,0.1518800620381868,0.1503347192832645,1.277747866083364,-29.981480520541883,0.5779532952532273,0.0626664886441172,False,False,False,False,pachytene,53,off_axis,38.38307247691311,13.44
222,2.691887715683703,39.69235441668873,87.6432741308275,36.434623896,2.056562411678176,0.6231650785475148,0.1187895212285455,0.510849137194601,0.993913572732806,0.1326677803362929,0.1254855218110397,1.1197652774095128,-2.608507484524549,0.5780056170841822,0.2325334674751429,False,False,False,False,pachytene,53,pre,5.5575510099256835,13.44
6,2.330084176275042,11.24509765155184,82.0778251538524,33.162263585999995,1.993051492138297,0.6976727735728938,0.0867521367521367,0.5325222274216191,0.9988164124145188,0.134509178607836,0.1653921113597354,1.145387815476327,-28.14170305559615,0.5781465611777362,0.1629080107551109,False,False,False,False,pachytene,53,off_axis,33.74885699376255,13.44
745,9.347605675436236,9.471592107596615,81.8093334023071,31.743067896,1.9642047769338729,0.655483298847177,0.1365067605112058,0.583011583011583,0.9987827145465612,0.2248657702388876,0.2623519277136804,1.1906156366568128,-29.6838042948209,0.5782398609615659,0.2341407349165715,False,False,False,False,pachytene,53,off_axis,35.54055374446285,13.44
774,9.509247764334395,50.63795234613519,88.63949373487692,44.59323978,2.1998520430251096,0.6473961073119411,0.1567492766385708,0.5236461285991347,0.9947692665349296,0.1447319600699394,0.1406351888478439,1.3411348375556384,6.490158205351794,0.5786869783876918,0.2993419946747409,False,False,False,False,pachytene,53,early,1.2581084542821126,13.44
729,9.218053281738618,42.24152929007178,91.55243416430908,31.522564764,1.9596460906263875,0.6732400654859354,0.1214485794317726,0.4921430198132543,0.9981354878806712,0.0897127019415442,0.1093224978987907,1.0632003468684663,1.8406973512242344,0.578818616919691,0.2467749709786736,False,False,False,False,pachytene,53,early,6.316035447687854,13.44
267,3.2448830893555174,45.28881179042292,90.48929491289589,35.41421046599999,2.037181161960938,0.6465522951579784,0.1269633507853402,0.5335457271364318,0.9974457215836526,0.1530933828369635,0.1717411323495036,1.2599325025929924,3.524334167103524,0.5795162524080353,0.2379615173131632,False,False,False,False,pachytene,53,early,3.56257166963347,13.44
469,5.506083346639022,9.353614904997604,82.81005687370251,29.383215228,1.9142716562665467,0.731119271914418,0.0857763300760043,0.5216745843230404,0.9986248624862486,0.1890454163424938,0.3150435923975059,1.1119498845816247,-29.140921210712918,0.580257128622631,0.1644249742151296,False,False,False,False,pachytene,53,off_axis,35.56824799915963,13.44
538,5.952736027067442,20.886636951005716,79.15518680460526,36.052262082,2.04934292484848,0.6722623462814756,0.1197133869276476,0.5487393289656541,0.9925790912641584,0.1144745079485286,0.1377183197049795,1.1446338510054568,-22.53518207804695,0.5808633631474373,0.218160756134067,False,False,False,False,pachytene,53,off_axis,24.760099380241186,13.44
48,2.582266719015793,41.81438054573871,90.03393150765514,35.848179396,2.04546866888001,0.7059285433843738,0.0817327339599509,0.5429461504227859,0.99964046021093,0.0882073929375835,0.1533006939228637,1.3236511377667144,0.5480003635024668,0.5811651625473349,0.1505356173836146,False,False,False,False,pachytene,53,early,5.412021694481931,13.44
11,2.2446670976083234,14.469377045895827,80.66648842921921,36.28918566,2.053822328716825,0.7623787976729153,0.0013583265417006,0.5661044613710555,0.9997991967871486,0.1287107658503325,0.279030243390452,1.2282221650416802,-26.541793105122338,0.5812324705165405,0.0023994273749599,False,False,False,False,pachytene,53,off_axis,30.733095317703796,13.44
440,5.090951195507215,48.98663620679636,89.27435533491591,40.518623394,2.130698618113704,0.5553175476176693,0.1587996933523162,0.5199843770342404,0.9880643487285936,0.1234491029328892,0.0790063647999084,1.1428583266452548,5.615027293620537,0.5816604515312729,0.3053932009612271,False,False,False,False,pachytene,53,early,0.27943508350058854,13.44
713,9.257203187793865,44.0264028131608,87.78358632927018,34.438366818,2.018295008267217,0.5699884204073292,0.1129689475902767,0.5200380167907492,0.9769685039370078,0.1723901647092897,0.1281953366606058,1.1061170949190928,0.8331700006260453,0.581807163266679,0.2172320944676872,False,False,False,False,pachytene,53,early,2.269447238480233,13.44
18,1.7764160578207675,18.040734645298,80.33135696441241,29.859408162,1.9245573714573332,0.7025689370728259,0.0996432818073721,0.551769677760169,0.9991346985866744,0.1655577779755657,0.2354057711998892,1.18839257295764,-23.991407231770523,0.5819294934776053,0.1805885423277697,False,False,False,False,pachytene,53,off_axis,27.273502227746093,13.44
672,7.893137154028178,29.226591943614423,80.05215300956903,22.798616382,1.7590301926448408,0.6979113077477106,0.0094466936572199,0.6798365122615804,1.0,0.1026549963797939,0.1441774273531902,0.9265279529765466,-15.515103511060728,0.5823673379701396,0.0138955373635259,False,False,False,True,post,53,off_axis,16.517669679591563,13.44
43,1.682360406091371,39.9726229187818,82.86764162436582,36.96946128,2.0665765844055244,0.6651649746192894,0.0738855738855739,0.5412166003411029,1.0,0.1914313084413555,0.229599636803689,1.1155735668412128,-5.417967176314575,0.5825133595545782,0.1365175677150468,False,False,False,False,pachytene,53,pre,5.516010803587217,13.44
817,10.149474381260095,37.402889967719005,79.32525430841662,28.339344018,1.8913289111983231,0.5862097508484396,0.070990522207768,0.5453090618123625,0.9690767519466074,0.1853093738483858,0.1350600157208991,1.037606184145652,-9.650655178390304,0.5826738445551085,0.1301840133956831,False,False,False,False,pachytene,53,pre,9.650958791057544,13.44
554,6.194886363636432,33.622562090574974,79.50726680314078,28.074271104,1.8854135621010528,0.6417947860962567,0.1504161712247325,0.5311406578026592,0.9884822589634034,0.133211159263659,0.1490634661627895,1.202442979838122,-12.459727716275587,0.5829814286558366,0.2831946095917559,False,False,False,False,pachytene,53,pre,12.700215230623742,13.44
612,6.507775230778869,17.61110576791947,79.18791195712612,37.863202698,2.0830974104752924,0.7353323833715384,0.0929936305732483,0.5639044943820225,0.998256589067788,0.1684440699423736,0.2699097076041927,1.073419036548185,-25.048352444398628,0.5831947460769514,0.164910248986682,False,False,False,False,pachytene,53,off_axis,27.931458622734628,13.44
565,6.515418165123587,41.945363157087975,83.08203548856058,30.656972682,1.941542429579184,0.5406687581299258,0.1224967110071627,0.629351990671331,0.986509635974304,0.1706931770981216,0.0894218016709904,1.0521454475786858,-3.7560218932547147,0.5838828954173869,0.194639427256749,False,False,False,False,pachytene,53,pre,3.7563398884030312,13.44
892,11.309756629131291,29.289229495094848,77.69777167453601,32.28963417,1.9754142021336285,0.2908100254268071,0.0758307299062766,0.6070477361196476,0.5200746965452848,0.7956240878213092,0.0366045383280357,0.977066325321526,-16.95859640616053,0.5839486425553048,0.1249172435614364,False,False,False,False,pachytene,53,off_axis,17.380437259134318,13.44
840,10.340759099278086,40.89147871406219,82.57098908794762,33.127076916,1.992346336584061,0.5722277297833168,0.2132065642094295,0.5141532858798212,0.9774373835644794,0.1356404474390671,0.0980277523857073,1.2036826349921697,-4.895138198934075,0.5846587992441221,0.4146750980003746,False,False,False,False,pachytene,54,pre,4.900243301815571,13.44
35,1.4841101826059266,29.72856787372168,78.20022893221817,37.89604359,2.083699499072246,0.7319715258433921,0.0354199153486299,0.5732101616628176,1.0,0.0845866972480779,0.1153182190032187,1.1153648596996906,-16.30032773438947,0.5849672036454945,0.0617921972036937,False,False,False,False,pachytene,54,off_axis,16.76418746208984,13.44
652,8.019529288092185,51.4043802721496,83.94548486830543,40.16675669399999,2.1245129634447446,0.6171231676692168,0.1665395372489193,0.5472849298352654,0.9940844682899986,0.2124324581679543,0.1972054475872263,1.2097899498874936,4.108509173961728,0.5850809427080528,0.3043013395217155,False,False,False,False,pachytene,54,early,5.375010067935924,13.44
683,8.157372137812906,14.204048298737913,79.34722833297478,32.88546178199999,1.987490730350648,0.7348598330836722,0.1122522092190112,0.5727737422652677,0.998335513018666,0.1603611378013336,0.2466526612785794,1.0976648388082348,-27.58305019792042,0.5852489399398281,0.1959800195711906,False,False,False,False,pachytene,54,off_axis,31.22808187770362,13.44
500,5.632911015054428,24.03744247279671,77.37101963779911,31.475649204,1.9586734165743864,0.5201222238783723,0.1491807610993657,0.5850287311694362,0.9807414540202216,0.2021995019431336,0.120689432780812,1.237556366272571,-21.22836956605856,0.5852767050928088,0.2549973243214271,False,False,False,False,pachytene,54,off_axis,22.315802004421933,13.44
39,1.9636721885719088,34.915886805807844,77.95044047288872,32.144195933999995,1.9724438661095605,0.7315186455520689,0.1281990521327014,0.4927969556944822,1.0,0.0916494283632093,0.1711659032972388,1.1373933923015462,-12.445774331679331,0.5860063673804122,0.260145787532382,False,False,False,False,pachytene,54,pre,12.45340544657436,13.44
42,2.269085532302064,38.56976638990118,79.58781244313025,41.24816035199999,2.143410356982019,0.7451660600545951,0.0396485212173167,0.5518857397902254,1.0,0.0958308163992602,0.1703870023361905,1.1824157135117108,-8.581594349078273,0.5866102728078191,0.0718419019712076,False,False,False,False,pachytene,54,pre,8.603451742667849,13.44
423,5.183286086857944,54.34141309672241,83.74599288468026,41.37483236399999,2.145602233661328,0.6246173035491552,0.1442419542458317,0.4801389518199668,0.993828853538124,0.0996353275696138,0.0976650894827021,1.456192101090147,6.254143134410192,0.5866895843542921,0.3004171057130078,False,False,False,False,pachytene,54,early,7.390503499311743,13.44
692,8.012091606927946,40.96635236947175,79.46089791283362,36.97649861399999,2.0667077040419657,0.4974941318276977,0.1205728877539691,0.5859108698396667,0.6723852831748657,1.0323273236657688,0.2013720667331296,1.1451492850669156,-6.8080513577391555,0.587184998766665,0.2057870812107712,False,False,False,False,pachytene,54,pre,7.163892383299276,13.44
502,5.492261820247063,29.761448928012243,77.40040925741744,33.042628908,1.990651923573985,0.5714184296464575,0.2286955410757634,0.5424879907238694,0.994312411131424,0.1453287452237695,0.120940908057938,1.3447585023254192,-16.781729307125392,0.587308763309892,0.421567933274621,False,False,False,False,pachytene,54,off_axis,17.098635342769107,13.44
30,1.2157144301749865,25.13122910304427,76.83710322580659,23.197398642,1.7692270014700164,0.718475073313783,0.0162544169611307,0.5344827586206896,0.9985683607730852,0.2045074888421151,0.3144896636593042,1.2933305674347255,-20.72056819165025,0.5874016429789853,0.0304114897982445,False,False,False,False,pachytene,54,off_axis,21.510311014793384,13.44
862,10.608748728382263,32.137192346820235,76.07783041709176,29.976697062,1.9270739909148007,0.258157915329838,0.0456055572334641,0.5922995780590717,0.3096085409252669,1.1278317780028846,0.0472129576215628,0.9537061024383434,-15.781990656382751,0.5878224375735072,0.0769974501466144,False,False,False,False,pachytene,54,off_axis,15.799711694098614,13.44
788,9.86990230558797,44.2792358264964,83.56863908558066,30.01422951,1.9278779224829004,0.5130128956623681,0.1828196721311475,0.5299309902102392,0.9678886047172492,0.1684281148452845,0.0995003898611102,1.0518269045849664,-1.6422126443386247,0.5882705837247646,0.3449876974709814,False,False,False,False,pachytene,54,pre,2.005637273559643,13.44
505,5.833936512804625,45.33214457905304,86.28684168839112,30.593636676,1.940204459640416,0.6203803097684404,0.1501888087881908,0.5251464350636235,0.993389643775248,0.1365385789064201,0.1335455203895171,0.9914465409696456,0.8948022332307377,0.5883669908323587,0.2859941508885896,False,False,False,False,pachytene,54,early,0.28414939002027606,13.44
559,6.488484746899085,11.15206815286559,78.95580095541182,27.989823096,1.883521208642756,0.7218404290982232,0.0379710144927536,0.5661343778246459,0.9981251802711276,0.1129973979962888,0.1751766514595977,1.2636406577981447,-30.192065733423362,0.5887237446788074,0.0670706743488288,False,False,False,False,pachytene,54,off_axis,34.29804915732783,13.44
789,9.921975513591567,47.68739582900824,86.35102770284215,33.912912545999994,2.007977429627426,0.4507850868091582,0.1087664159838365,0.5624685138539043,0.9640287769784172,0.1171049132898021,0.037631862829647,1.1270166690713177,2.7574677706078914,0.5887565863583806,0.1933733414490958,False,False,False,False,pachytene,54,early,1.1586968910277462,13.44
704,8.823657007287267,35.36522643619583,76.62663632435232,27.684871956,1.876655848640949,0.6342145399084901,0.1699673139780811,0.5339356034283067,0.9837755296812368,0.1927580356849949,0.1755834491878813,1.1647209756426211,-12.937052859558712,0.5890984172413342,0.3183292383702284,False,False,False,False,pachytene,54,pre,12.96646929827522,13.44
49,2.5575184392100447,43.34548386866497,83.63844991077777,39.437219736,2.111571995820868,0.7028313109683559,0.1159086887276588,0.5342273819055244,0.9994559895549996,0.1418716619827168,0.1960165267500775,1.0951983093219393,-2.32031247718662,0.5892776766206592,0.2169650838828712,False,False,False,False,pachytene,54,pre,2.374777159282641,13.44
102,1.6407187452414371,104.4103363179517,87.37845856555586,77.02362063,2.639439874717888,0.7869346733668342,0.05701577031945,0.6260720411663808,0.9994849785407726,0.1032456689363284,0.2586078122867633,1.1718536938045443,38.87623317923463,0.5894493791609677,0.0910690249212037,True,False,False,False,pachytene,54,off_axis,39.46262993754896,13.44
349,4.075061291201377,124.9177071778846,90.67303673386144,206.672424912,3.667735216608689,0.8250703713792791,0.2093166427252206,0.5746171814170776,0.9999098422238918,0.0193654120670863,0.0785107434505442,1.161364825330882,55.56221989300522,0.58956175275396,0.3642714654111451,True,False,False,False,pachytene,54,off_axis,53.57216451776306,13.44
519,6.245774791284665,38.64432594176466,77.36905542659183,34.560347273999994,2.0206751293166643,0.6100590511097537,0.2289625553616964,0.5082680591818973,0.9774774774774776,0.1417196873706656,0.124998165946252,1.0592541619982097,-9.929920733460365,0.5903549990896941,0.4504759864907348,False,False,False,False,pachytene,54,pre,10.210348168862643,13.44
341,4.096797331109145,18.68217452877443,76.84694314428705,28.12587822,1.8865681328501684,0.6713094245204336,0.0580783938814531,0.517888860695255,0.9940354464894342,0.0906697736120255,0.1225109881748295,1.0488210499517774,-25.70323679346073,0.5907598704393799,0.1121445126343983,False,False,False,False,pachytene,54,off_axis,27.5329132732526,13.44
54,2.5177219386064453,47.53636176489957,85.64306270635731,35.381369574,2.0365512496857074,0.7098057415633494,0.073454699407282,0.5314142106465616,1.0,0.1253183874495686,0.1935618238503866,1.1505414441282318,2.1919992872265124,0.5910077224968519,0.1382249438115534,False,False,False,False,pachytene,54,early,1.6106605168554435,13.44
525,5.317383177570158,132.15401629906577,97.47425102803528,12.5499123,1.441619651827443,0.6050467289719625,0.0130780009341429,0.6105063890203503,0.9939629150495904,0.1594425911392829,0.136316502264324,1.0377118350614791,65.41460134933362,0.5916168771057675,0.0214215627704216,False,False,False,False,pachytene,54,off_axis,54.81766249510421,13.44
306,3.672922465208844,22.189701113319664,76.02458471570675,29.49815835,1.9167645315193176,0.6949502982107356,0.1134735382482089,0.5385818561001042,0.9986228003060444,0.1451434929470548,0.2100108419843525,1.1374112580681577,-23.510980730046438,0.5918157431372075,0.2106894930881556,False,False,False,False,pachytene,54,off_axis,24.533934101776325,13.44
866,10.980326106432557,22.225885773158254,76.3674445439889,39.275361054,2.1086792555319898,0.4408409484560712,0.2004441028268853,0.488891262550737,0.9364051789794364,0.2566805331353685,0.1029141335973355,0.977487227180679,-23.2657218232429,0.5928951686249267,0.4099973106107276,False,False,False,False,pachytene,54,off_axis,24.370013681832244,13.44
473,5.191758034026481,33.24046781852593,75.92309877504783,31.02291405,1.949237061193115,0.5467674858223062,0.1551797040169132,0.5335335335335335,0.974529873839562,0.0923033419895713,0.0521891283497481,0.9926369998608624,-15.026563149085808,0.5930100411070925,0.2908527660654716,False,False,False,False,pachytene,54,off_axis,15.026729604750463,13.44
600,6.993712768247988,15.641876343931434,76.04213805354284,32.683724874,1.9834182831436544,0.7041556018086557,0.0892620415377817,0.5994662785055798,0.9964272042873548,0.1467784483321112,0.213941707500012,1.326662627381516,-28.56516874118261,0.5932274305842,0.1489025233584525,False,False,False,False,pachytene,54,off_axis,30.672692296032157,13.44
126,1.231024646646017,135.76751590974803,112.9780941860848,73.190619378,2.594909828799831,0.8104227428608057,0.2076356329537843,0.5641589180050719,0.9998222538215428,0.1098793706127427,0.3174737061804618,1.0656593538400738,79.66750933823384,0.5932308164371947,0.3680445816366898,False,False,False,False,pachytene,54,off_axis,47.726742528996574,13.44
310,3.809473625825056,50.72167937212459,83.06625017471828,42.292031562,2.1613411035139545,0.7034777303233679,0.1881548974943052,0.4953236064347175,0.999142091152815,0.144954349574931,0.2210683088007977,1.2959448222473842,3.023218261023445,0.5933013784236763,0.3798625687328383,False,False,False,False,pachytene,54,early,5.62255359864485,13.44
354,3.9744001297016327,12.756547786965262,76.78641194066185,28.937517408,1.90454345757226,0.6512645914396887,0.047808764940239,0.6220362622036262,0.9977064220183486,0.1465647535657349,0.1833427501520588,1.414341580529607,-30.325581980548083,0.5935099802701626,0.0768584853411465,False,False,False,False,pachytene,54,off_axis,33.22636881582763,13.44
693,7.823272818961448,45.13448922087868,80.78592214448004,37.213422192,2.07111239088578,0.6681164901664145,0.1508064516129031,0.5335232668566002,0.9956929313402584,0.3442712465657236,0.3326406654534075,1.0984964251990188,-2.743980410620476,0.5949841388398375,0.2826614338703934,False,False,False,False,pachytene,54,pre,4.724556433989602,13.44
262,3.0029361846571465,15.938122428716532,75.53644691955293,27.642647952,1.8757012931107293,0.5835030549898167,0.1118349619978285,0.6200081499592502,0.9955630678216776,0.2658039998498876,0.2337084760223219,1.4013697735207535,-28.6564481925097,0.5956791871518069,0.1803765998965961,False,False,False,False,pachytene,55,off_axis,30.552172460064003,13.44
416,4.29685919806284,27.19583382949981,75.24091014885147,32.937068898,1.9885298425927085,0.6979559860408803,0.0742196027068325,0.5680264088658336,0.9979172090601406,0.2084737980840548,0.3097958194699324,1.1293683049942262,-20.13490902631665,0.5960976385191479,0.1306622395515471,False,False,False,False,pachytene,55,off_axis,20.39264960173989,13.44
474,5.474990856557698,43.31369418477089,78.78197191134375,32.069131037999995,1.970907282881422,0.525418769658401,0.1617571059431524,0.5140258939580764,0.9721743412952476,0.0831964343276714,0.0439380654827952,1.1396995540070771,-5.422407290320929,0.5962956014113444,0.3146866876639199,False,False,False,False,pachytene,55,pre,6.884828146654602,13.44
629,6.826521235023775,46.98898281444514,83.57168292609555,54.626132286,2.3538057219874964,0.647399836818826,0.1145260433516661,0.6119839240043844,0.9845099035043168,0.4293951980406124,0.4582371725436895,1.0418695252535757,0.4559409488489585,0.5969047749893742,0.1871389735244837,False,False,False,False,pachytene,55,early,2.86618405515635,13.44
617,7.4510814680833235,41.76001966990584,75.94715224960537,31.126128282,1.951396393019724,0.5566357675785666,0.147638365691104,0.5192928777834438,0.9901736745886656,0.1865838451752672,0.1138880275260118,1.2861698593096746,-8.420707088419226,0.5969569067202627,0.2843065483995957,False,False,False,False,pachytene,55,pre,10.030971027910658,13.44
750,9.041874039938763,31.23979211981603,73.14465548387075,30.54202956,1.9391128959353816,0.4346390168970814,0.1383588903195598,0.533215595707105,0.9573578595317724,0.2109421580068918,0.0826756264054495,1.0060182954056756,-18.334932046129442,0.5970548285556895,0.2594802016923006,False,False,False,False,pachytene,55,off_axis,18.359645535283516,13.44
648,7.750159544515776,26.560380191454367,74.20545517112123,37.492569774,2.0762781471139875,0.3625101670524933,0.111760090663412,0.5935813131808814,0.6788008565310493,0.5235604104294301,0.0695677424401459,1.020044822526843,-21.282645346909987,0.5975214010749351,0.1882810125280267,False,False,False,False,pachytene,55,off_axis,21.470455478265574,13.44
651,8.118633712857774,49.376935392946415,79.7077097820046,33.788586312,2.005520646995639,0.6217717300749792,0.1030622324662495,0.5849853157121879,0.9971014492753624,0.2011104164047404,0.2009489805042431,1.2039040972056507,-0.14533233207077864,0.5976757158019211,0.1761791786872066,False,False,False,False,pachytene,55,pre,7.36995835435811,13.44
242,3.09324986712325,41.58294679619571,76.77338583830308,39.72105887399999,2.116625721042238,0.5676489694679029,0.121339414306289,0.5526567408823931,0.9866100587851078,0.0738446780080629,0.0409327444108593,1.2331813426327207,-8.034112177068042,0.5978805535085566,0.2195565625645926,False,False,False,False,pachytene,55,pre,9.307647832368216,13.44
891,11.338134497251955,26.09190526188273,73.5343606935015,29.021965416,1.9063943270145616,0.6180892337536372,0.1371439006574142,0.586031746031746,0.9883524328386248,0.2005931092294834,0.1843775031174322,1.1237270769505303,-22.07031743358993,0.5980195160041523,0.2340212822702355,False,False,False,False,pachytene,55,off_axis,22.224267289004555,13.44
32,1.498119240173068,28.505549915365208,73.45873713560275,24.945003252,1.8125847364394017,0.5986458529245815,0.0494432071269488,0.5955951265229615,0.9986434546687768,0.2283513152092114,0.2061164598967293,1.2771273559662266,-20.251075486941254,0.5980923340393925,0.0830147946568912,False,False,False,False,pachytene,55,off_axis,20.276915271647027,13.44
22,1.9274216577741496,19.566018238522197,74.3007177876326,31.215267846,1.953257432243631,0.6716765612083866,0.0800168456517161,0.530785076676585,0.998325468107779,0.1036129554195319,0.139213758929623,1.3382131125510477,-26.63302505668549,0.5981333541138092,0.1507518752274032,False,False,False,False,pachytene,55,off_axis,27.6258487087963,13.44
38,2.081390374331572,33.6653238884647,73.57904482047351,30.70623402,1.9425817993866887,0.5703590527119939,0.0246271245230662,0.6107752489331437,0.995398773006135,0.20318435468063,0.1771738530568275,1.142734548370304,-16.183304187271453,0.5981975849971679,0.0403210912133113,False,False,False,False,pachytene,55,off_axis,16.325929423635756,13.44
29,2.5044264847631394,24.33254560688018,72.95993618299092,31.637507886,1.962025070204868,0.6593015496403944,0.0651068158697864,0.6117519042437431,0.998984329657574,0.0878547787180791,0.1168917193990579,1.328390976721506,-23.795342203398967,0.5985603220094388,0.106426829925887,False,False,False,False,pachytene,55,off_axis,24.020595080988834,13.44
41,1.9647410213448453,38.39952555547607,74.76739455088739,32.200494606,1.9735947343547044,0.6564435055001092,0.1250463821892393,0.5271416454622562,0.9992410443230116,0.1380014256016724,0.1538437916988753,1.268186693659706,-11.76794221882738,0.5986547700008168,0.2372159044265699,False,False,False,False,pachytene,55,pre,12.506450808247184,13.44
51,2.101809025246898,45.08307749652223,78.79266711284728,35.400135797999994,2.0369112472625868,0.609369823073355,0.1115297663903541,0.5370653095843936,0.994344957587182,0.2360637697278659,0.1981801917467804,1.1181123252316862,-4.046858114687294,0.6000690846964735,0.2076651841033284,False,False,False,False,pachytene,55,pre,6.712490165970957,13.44
125,1.336210004506564,136.1581221073683,102.90748725776812,83.28450211199998,2.709100989047928,0.7959666516448851,0.2419422352448723,0.5104914411927112,0.999628068435408,0.0971089150089174,0.2510261815769356,1.0683701348379495,72.15348906307992,0.6000779068821452,0.4739398464342497,True,False,False,False,pachytene,55,off_axis,54.443080549886744,13.44
526,5.044996265869952,135.4100013629579,96.7660499999986,12.563986967999998,1.442158373720572,0.5834578043315908,0.0,0.5988346033168983,0.9899377096310492,0.1326895104351098,0.1030357750246513,1.0068247767060314,66.94283866227681,0.6001288302488658,0.0,False,False,False,False,pachytene,55,off_axis,57.77865525898071,13.44
722,8.943134568415548,22.61993914934084,72.85233970929913,39.37857528599999,2.110524817455967,0.4577947221063918,0.2109232769830948,0.4880246099758294,0.925193199381762,0.2191208618535439,0.0715091579972032,1.0196469119664413,-25.18837493989905,0.6007640795717203,0.4321980340162381,False,False,False,False,pachytene,55,off_axis,25.550068739671545,13.44
439,5.072664041994807,36.45769557086594,73.59081645669282,35.74965672,2.043593074340882,0.6944881889763779,0.0825615763546797,0.5223367697594502,0.9984859954579864,0.1582436079759494,0.2251183426005751,1.1772637318136874,-14.015702494792311,0.6009420759840687,0.1580619652579724,False,False,False,False,pachytene,55,off_axis,14.55186544858403,13.44
521,5.672472867521624,47.141079280652086,79.29731051215207,26.153078922,1.841385582181139,0.6144945735043501,0.1849042290915987,0.5058166589111215,0.9942222222222222,0.0998281199852092,0.1172563561932485,1.1068251803496831,-2.135027318834537,0.6012601152205078,0.3655558310191772,False,False,False,False,pachytene,55,pre,6.622746100352305,13.44
53,2.305232599306132,47.40834608794063,81.48507183318151,33.129422694,1.992393362484817,0.650215959781916,0.036285602809208,0.6062753036437247,0.9981476204046736,0.1665759973517648,0.1983056421293479,1.0971149373102471,-0.5419102147168933,0.6016213617590666,0.0598500426969908,False,False,False,False,pachytene,55,pre,4.776942919448595,13.44
893,11.299850890273278,31.10630387685319,70.84975360933298,26.744214978,1.85515591371831,0.4520656082799754,0.1958032955715757,0.4893548903473667,0.9271393643031784,0.1831455766234053,0.0671275112600669,1.1254935432606716,-19.89245373045655,0.6022252317024726,0.4001253475419148,False,False,False,False,pachytene,55,off_axis,20.06726639742603,13.44
325,3.826798077706253,31.368891667346105,72.28249160218168,28.799116506,1.9015022858177488,0.692921723548098,0.0825018252616208,0.5570291777188329,0.9996922603477458,0.1212514943133305,0.1749431332143697,1.1341873107535434,-18.78140716976112,0.6023645827704315,0.1481104196363384,False,False,False,False,pachytene,55,off_axis,18.858283156830286,13.44
450,4.503447071735433,129.85318300658798,88.61062941484909,94.046931576,2.8211012525844,0.8241544447770128,0.1066903193106943,0.6253900709219858,1.0,0.0777758096175788,0.3199361295432025,1.0426948680321926,57.116458063884124,0.6025349917433472,0.1705980383625301,True,False,False,False,pachytene,55,off_axis,58.69044443521718,13.44
107,2.24456829835334,111.79523858402968,80.21196264849101,73.65508342199999,2.6003873148682355,0.7895155896684608,0.1260248611478445,0.5578756241488879,0.999815625720212,0.0688577078629053,0.1707807557225502,1.1269685498292,37.776730306348135,0.6052021122799653,0.2259013581030931,False,False,False,False,pachytene,55,off_axis,49.694273922820585,13.44
592,6.776235701906727,28.71723342114301,71.18732054766002,33.83784764999999,2.006494808867588,0.4765337954939341,0.1952467227965469,0.5311879221295193,0.9366818873668188,0.1584148278360962,0.0571833691451975,1.027405894782838,-21.526694435144222,0.6075487191250789,0.3675661939258853,False,False,False,False,pachytene,56,off_axis,21.544184472812812,13.44
727,8.96501502790939,32.06836936024165,68.96902984972287,27.31658481,1.868297061902403,0.464405324173465,0.0943807172934514,0.5201218534551868,0.9193252658599194,0.3965353167123212,0.1312352938629236,1.318824811547027,-20.340008785501144,0.6084672616845035,0.1814588575090186,False,False,False,False,pachytene,56,off_axis,20.877668885250994,13.44
898,11.680506442911993,21.901727741983425,70.44058206472894,31.311444744,1.9552614263102897,0.3730146838477675,0.0848551120831054,0.6098697574381646,0.8655172413793103,0.4023288858502606,0.0942775231841539,1.1317023523916874,-27.272281159103294,0.6089155881568038,0.1391364484763929,False,False,False,False,pachytene,56,off_axis,27.42322504450809,13.44
527,5.222781293409471,138.71150586510268,94.31203284457602,15.198295661999998,1.5366280613432772,0.5749344034573236,0.0,0.6659404502541757,0.5003728560775541,0.6968841109002142,0.0271059289298518,1.0124924239903592,67.15432467289722,0.6111321910537129,0.0,False,False,False,False,pachytene,56,off_axis,61.88686725985194,13.44
501,5.771134020618595,24.84070335354762,68.96766642207604,38.68187922,2.09800403162254,0.5959975742874469,0.1738591269841269,0.4707295106574602,0.9846153846153848,0.1668429094825365,0.1118235156516965,1.252111886185916,-25.932100433850877,0.6124539593749486,0.3693397652959993,False,False,False,False,pachytene,56,off_axis,25.932418861700803,13.44
874,11.1160722776982,28.452499096528072,67.48328523537819,29.599026804,1.9189468272734036,0.3955460453320653,0.1493419585099263,0.5261570735544775,0.4597832287507131,0.7193605661853077,0.0092334839839378,1.1825760103407938,-24.078700479994897,0.6137258579591393,0.2838353146162991,False,False,False,False,pachytene,56,off_axis,24.34126325265178,13.44
315,4.008871464575788,118.8113515373905,79.76216451414015,125.65159857,3.1071327098241674,0.8183515355175954,0.1725486861127646,0.6045220966084276,0.9998990357918118,0.0347269084729568,0.1134739638706686,1.1246336515370905,41.74250064538631,0.6152873209729868,0.2854299074935735,True,False,False,False,pachytene,56,off_axis,55.49951508525199,13.44
685,8.486748256349541,22.200545124357948,67.29263754441372,35.651134044,2.041714030654175,0.5998815633636005,0.1960602855631941,0.4290412761059036,0.9791549295774647,0.1530591042899913,0.1141048055977123,1.2182041277424394,-29.03594168252937,0.6157586327383028,0.4569730151436502,False,False,False,False,pachytene,56,off_axis,29.037007188419054,13.44
773,9.672621809744545,29.998355836158076,65.69950978939734,26.286788268,1.84451831799002,0.4717115830804925,0.2168276227014155,0.5307432432432433,0.9535864978902954,0.3004899558282576,0.1213165122469731,1.2248073315061936,-24.01320707300477,0.6170040476061417,0.4085358136194716,False,False,False,False,pachytene,57,off_axis,24.733389341125918,13.44
479,4.682541517358185,136.2007222979995,88.86848542365196,60.87997643399999,2.4404052771886007,0.7562902169306054,0.1944727457972491,0.5211067193675889,0.99928812956042,0.1170805667074086,0.2328894082461971,1.077566877208998,61.35877433398243,0.6171635093073858,0.3731917831212382,False,False,False,False,pachytene,57,off_axis,63.41913320079987,13.44
544,6.159362103937713,30.34880817653971,67.2779567741479,33.537588066,2.000542301285158,0.5540323144715675,0.1635838908566181,0.5032936010037641,0.9811606756171504,0.1531512252809975,0.0887618090284453,1.313783469640608,-22.74185528185513,0.6174146918415164,0.3250267647559356,False,False,False,False,pachytene,57,off_axis,23.269255512719067,13.44
110,1.199584790209752,115.91699152644492,77.92657155812897,42.93712051199999,2.1722748240951844,0.7522399475524475,0.033049040511727,0.6339581036383682,0.9995888157894736,0.1044134761708972,0.2207409762435588,0.9917848272775436,38.51395578647147,0.6181414957232465,0.0521312691202373,False,False,False,False,pachytene,57,off_axis,54.349202316004714,13.44
355,4.011405905685223,27.179367025121515,66.82286602027183,26.61285141,1.8521135112351064,0.6199206698986337,0.131520644511581,0.4909554730983302,0.98601243339254,0.2101638174724024,0.1757762589096167,1.410746216143218,-25.482079971659974,0.6208172898419291,0.2678871134312411,False,False,False,False,pachytene,57,off_axis,25.69099580497196,13.44
252,2.519576416714305,139.76468044360806,89.59510684173152,163.92296663999997,3.3950830206819136,0.7990125930165999,0.1113571654539702,0.608686365254539,0.9997225250222972,0.0743569170692747,0.2290583809046263,1.058696631492778,64.18922002301893,0.6219221061774822,0.182946705907242,True,False,False,False,pachytene,57,off_axis,65.70350478840908,13.44
860,10.91255846180514,24.6400728217564,66.38131532998237,40.626529182,2.132588373976224,0.4555112881806109,0.2187241093620546,0.5260869565217391,0.9488411531938948,0.2556310711357866,0.1133467797557733,1.1958606448787306,-27.726251038391506,0.6222007330913504,0.4157565715146494,False,False,False,False,pachytene,57,off_axis,27.7984453599618,13.44
287,3.565552616814969,24.6857598220725,64.55359641740779,29.268272106,1.9117722713154628,0.5410755790654804,0.1986004198740377,0.4874257771568285,0.9828249166880288,0.0493769039355117,0.016230249856983,1.487509172097614,-28.849115818410986,0.6256867295282755,0.4074475113574848,False,False,False,False,pachytene,57,off_axis,29.05407803712418,13.44
114,2.0004177818394435,119.61949917422588,75.74381038253446,71.86994636399999,2.579207227699243,0.7754749004504211,0.0957013277244642,0.6153510684692542,0.9995252788986472,0.1634567021572452,0.3808453771138219,1.0193732083888922,39.07389644266763,0.6257325801787802,0.1555231356996432,False,False,False,False,pachytene,57,off_axis,58.61059594873779,13.44
639,7.78171797795516,29.08665912200576,62.60131049030904,24.686967672,1.806313161355096,0.4750095020904599,0.124405705229794,0.5339366515837104,0.9306267244777296,0.241271174701569,0.0922239869356794,1.234410328120617,-26.681782368503214,0.6270351758153057,0.2329971258964785,False,False,False,False,pachytene,57,off_axis,27.782872357702605,13.44
253,2.5273272201806107,146.35142738073904,106.02787164162793,131.490240012,3.154532234564812,0.8452920398187462,0.1449418260698087,0.589829335793358,0.9998160581256323,0.0453360502369642,0.1816899769297539,1.059300789732301,81.05221682922058,0.6273472941520541,0.2457351936808175,True,False,False,False,pachytene,57,off_axis,60.31274112297619,13.44
852,10.774319727891008,27.34478815192759,62.503875623584,24.827714352,1.8097394084907048,0.5830498866213152,0.1971984718937602,0.4715612961704056,0.9902777777777778,0.2308861816089637,0.1824717863336329,1.364795020284519,-28.091014437000492,0.6274295859754243,0.4181820550058453,False,False,False,False,pachytene,57,off_axis,28.882603162987305,13.44
390,4.568329554043881,29.12198664965868,64.01874540816411,24.827714352,1.8097394084907048,0.5582955404383976,0.1666666666666666,0.495187165775401,0.9658886894075404,0.1866097304669201,0.1251140379564515,1.3951259245187169,-25.756238776760878,0.6276771391948948,0.3365730741540676,False,False,False,False,pachytene,58,off_axis,26.605862549197024,13.44
540,6.077712216708924,22.01173899691512,62.62230740244097,34.984933092,2.028916369648834,0.5701354432077244,0.1829998725627628,0.5147402901263454,0.990686181334347,0.2209239522800565,0.162952422262183,1.4442086470047482,-32.1415422763858,0.6298533328118383,0.3555188433332947,False,False,False,False,pachytene,58,off_axis,32.304884902646684,13.44
771,10.035631818663736,23.198729520176546,62.25150762631068,44.292980196,2.194903499696562,0.4968753310030717,0.1739130434782608,0.5036842105263157,0.9507283633247644,0.3356402282251885,0.1319422636825363,1.3547317731631845,-31.4582741715322,0.6301452713928972,0.3452819045022943,False,False,False,False,pachytene,58,off_axis,31.748570594771277,13.44
529,5.533030112923415,145.05711511919614,90.99627238080107,14.956680527999998,1.5284416698530934,0.6157465495608532,0.0,0.6485714285714286,0.9917976760082023,0.0829812907494702,0.0676000900344786,1.0029881638012303,68.64071780897284,0.6302872483902482,0.0,False,False,False,False,pachytene,58,off_axis,68.8905562666395,13.44
266,3.2126595030220604,26.55897486568257,62.40225634654208,27.942907536,1.8824682560481805,0.5942746809939556,0.2373362789963705,0.4605834885164494,0.9961968148324222,0.1729134393421322,0.1347592055341994,1.4809439450955102,-28.763304436589525,0.6329724486422567,0.5152948052064056,False,False,False,False,pachytene,58,off_axis,29.44436789671377,13.44
516,6.073571041843897,28.863864034340494,59.274912808414165,30.328563762,1.9345846833616536,0.5912290200324851,0.1453751617076326,0.4753074739829707,0.9876543209876544,0.1279451702991054,0.0959109374535171,1.645162776828911,-28.962039487231902,0.6369754053578364,0.3058549879079771,False,False,False,False,pachytene,58,off_axis,30.697776355314275,13.44
670,8.385997747162053,25.831947595530227,60.10934333246541,27.072623898,1.862718581496441,0.5204055107876266,0.2774151436031331,0.4336043360433604,0.9550909794812232,0.0525284328682679,0.0317849344435322,1.370165781258391,-30.778719808717653,0.6373603003936944,0.6397886749347257,False,False,False,False,pachytene,58,off_axis,31.7053872413429,13.44
116,2.1027787201232515,123.20506931380385,72.98534227910686,76.06185165,2.628407885539723,0.8037625289128758,0.0742034046268005,0.6105610561056105,0.9998290379108432,0.1153011060054972,0.3317703226725257,1.1217518931218933,39.10821000785611,0.6374860573065784,0.1215331437941652,True,False,False,False,pachytene,58,off_axis,63.134342414080926,13.44
307,3.733795180722988,22.957202394577184,60.15987526355285,31.15193184,1.9519354799004105,0.5319277108433735,0.1889352818371608,0.4755469755469755,0.9728867623604466,0.3034434670926355,0.1414831577780367,1.7144544391651848,-32.97056341231681,0.6383503120414913,0.3973009850811203,False,False,False,False,pachytene,58,off_axis,33.46795244400802,13.44
136,1.5870210510373288,150.6114060199948,102.3266473193982,61.956688536,2.454708139854568,0.7999015598970165,0.2009374055034775,0.5218543046357615,0.9998392369112052,0.106444394790412,0.2807181593506229,1.0074112236710435,80.91287649774742,0.6388555997865977,0.3850450283125013,False,False,False,False,pachytene,59,off_axis,65.95428911642666,13.44
884,11.27382962394523,23.62448091583402,58.2029892044009,27.508938606,1.8726721059807,0.4394133196896052,0.1116216216216215,0.5357468816550046,0.971157495256167,0.1969304966035903,0.0874543535229304,1.5476481718138766,-33.694425102392316,0.6415503373421596,0.208347683288058,False,False,False,False,pachytene,59,off_axis,34.55975734322072,13.44
883,11.603417760146543,21.7630122368022,58.38536612755585,7.687114505999999,1.2243105174840876,0.4641440341776014,0.0,0.479498861047836,0.9323725055432373,0.4536953754741512,0.2122978167654071,2.01118961173958,-35.01886238891528,0.6419713647408245,0.0,False,False,False,False,pachytene,59,off_axis,35.59252807470901,13.44
492,4.510435921133582,126.83116095193652,73.68174318391995,60.915163104,2.4408753452480707,0.7995995070856439,0.1729179910998093,0.5832052267486548,0.9989106753812635,0.0831935799843488,0.1917807101252417,1.0775773919428333,41.889704787773326,0.642296989144851,0.2964959557441212,False,False,False,False,pachytene,59,off_axis,65.56267550030562,13.44
786,9.377441357511254,21.12547256696065,57.89369191482342,14.100471558,1.4987010417702398,0.5488271502245883,0.0156079854809437,0.6036135693215339,0.9816260909508496,0.2155877813154203,0.1595947865037166,1.958492090462737,-35.82362387047268,0.6432002727169797,0.0258575788786313,False,False,False,False,pachytene,59,off_axis,36.380473833757854,13.44
456,5.118823714420579,25.46770128951177,58.02815845258755,29.833604604,1.924002831111096,0.5791004874980343,0.2114024749558043,0.4580609004296656,0.979015918958032,0.1795486723313334,0.1255651082059211,1.604143018985985,-32.379322530467505,0.6437879555771785,0.4615160882701551,False,False,False,False,pachytene,59,off_axis,33.603772755244336,13.44
530,4.818246309530087,150.67600882061535,89.96082903865236,44.97091003799999,2.206044941340118,0.800792864222002,0.1060393258426966,0.6226760932181199,0.9999277299992771,0.0953822683554579,0.2591285286748685,1.0271699273374129,71.42193815928084,0.6452740119617835,0.1702961250602432,False,False,False,False,pachytene,59,off_axis,73.88144022698972,13.44
510,4.82701812191093,149.73936247117095,87.38743057660632,35.59718115,2.0406835632367017,0.8253047775947282,0.0192378838327783,0.6744624669935874,1.0,0.084831830298558,0.2754336597164552,1.1001559423214378,68.8415861149531,0.6460515869959437,0.0285232830205231,False,False,False,False,pachytene,59,off_axis,74.79875661500543,13.44
137,1.4998258648710905,151.50524399233498,99.29850858486157,40.413063384,2.1288466946361906,0.6842930113768284,0.0951588753951089,0.5721640007354293,0.9980590458678108,0.245810564002112,0.3499521198816777,1.0295661802096172,79.14805837130362,0.6473216675291262,0.1663139856278912,False,False,False,False,pachytene,59,off_axis,68.5723012433989,13.44
138,1.4222655061171432,151.86081242315362,95.16863983200524,38.538786762,2.0954138481326057,0.5260210603201656,0.0756172839506172,0.4691151919866444,0.9541323187486788,0.3355478557983579,0.2089677360116609,0.9689016544130918,76.19108857811507,0.6478920055907177,0.1611912921224902,False,False,False,False,pachytene,59,off_axis,71.47722369795504,13.44
686,8.174463007160016,22.576462902744318,55.83845580250632,15.726095711999998,1.554213827311218,0.6886933174224343,0.1073567151411463,0.5481552467656924,0.9988066825775656,0.0928589445425934,0.1312825449870893,1.697950192974674,-36.00353984566247,0.6481216305894438,0.1958509305066191,False,False,False,False,pachytene,59,off_axis,37.07535767564301,13.44
135,2.3494011495357805,149.78257050861546,83.80853556978842,146.109128508,3.26735442542985,0.781732652602511,0.1354531001589825,0.5934534755424788,0.9998142472369276,0.0502888559949027,0.0941103858606313,1.0366149349090936,66.11034820981365,0.6529351067748472,0.228245525119158,True,False,False,False,pachytene,60,off_axis,77.11191374539138,13.44
551,6.147692777057617,151.9562082678671,85.8259203569511,30.755495358,1.943620058162336,0.8278544733429944,0.0367050789586,0.6242800177226406,1.0,0.0847720404480432,0.2975152708034737,1.213150341035991,69.05009773428193,0.6534549431148433,0.058795857494365,False,False,False,False,pachytene,60,off_axis,77.50231766610491,13.44
531,5.055160932297503,153.21772216055774,87.67467968923522,38.04382760399999,2.0864046016077373,0.8002836354667653,0.0600696459663377,0.6582278481012658,0.9993289716490522,0.1408109880185331,0.412595229976555,1.0352495319276915,71.27881670430665,0.6539381739068578,0.0912596544488593,False,False,False,False,pachytene,60,off_axis,77.29703707079429,13.44
532,5.146674395014844,156.13506325170633,91.28749338936366,80.94106989,2.6834496056534527,0.8052456165773076,0.2056737588652482,0.5383928571428571,0.9995085793849052,0.0501586063304678,0.1250014855654896,1.1159985779507744,75.92214848169019,0.6600088949974721,0.3820142784893499,True,False,False,False,pachytene,60,off_axis,77.24438843282675,13.44
494,5.259108615948606,153.97205066452534,84.19909320577364,40.947900768,2.1381968116578043,0.8291704857928506,0.0289807880169326,0.6613011401743796,0.9998517969618376,0.0538639149736126,0.1780687069203412,1.104156658285332,69.08021584986069,0.6603026121291403,0.0438238893846313,False,False,False,False,pachytene,61,off_axis,80.09254546440508,13.44
143,1.5388506095252998,158.75312164760962,99.83900407360012,30.980690046,1.9483523177197932,0.7564170515635648,0.1118166758696852,0.5374572583152005,0.9998785375926152,0.0761871203785551,0.1224659004918699,1.057340137238823,84.18178431810313,0.6616749623966319,0.2080475686944924,False,False,False,False,pachytene,61,off_axis,73.81495982199176,13.44
333,4.040830982303064,131.82404754079516,67.45901172095397,118.900449486,3.0504573857574533,0.8229329019275159,0.1557708588091431,0.6075766016713092,0.9999473101849412,0.0455922596601141,0.1539279641039744,1.054823879924791,40.060943809479156,0.6632881172175981,0.2563806084379349,True,False,False,False,pachytene,61,off_axis,73.32842959335156,13.44
142,2.1606794315484943,158.0589942929042,89.12973477005676,145.42181555399998,3.262223042683633,0.8332069749810462,0.1383333333333333,0.5715667311411993,0.9999354046896196,0.081585958472241,0.30368570546779,1.0266558167169413,75.48445236660916,0.6664240311647787,0.2420248166948674,True,False,False,False,pachytene,61,off_axis,80.10198445419174,13.44
480,4.641388812345283,156.20836570681072,82.70936256544537,51.076970172,2.301682978771184,0.7833195554330853,0.1496034607065609,0.5218312844425604,0.9994638429059716,0.0573494817579492,0.121053234883688,1.0195828260291624,69.35646060648509,0.6674556879414214,0.2866893288438483,False,False,False,False,pachytene,61,off_axis,82.76538874142716,13.44
511,5.294445693726022,158.45779390279432,92.97031921680696,73.02172336199999,2.5929122709686045,0.8264961932603039,0.1703533026113671,0.5534160340677652,0.9993462912926,0.0645938521509173,0.2073712680767909,1.1196022070827425,78.69898201678988,0.6676742061348412,0.3078214076293055,False,False,False,False,pachytene,61,off_axis,77.96284230146388,13.44
145,0.992632753946693,160.88558223568853,93.76798270610747,29.420747676,1.9150863700559293,0.6715037474087067,0.2179195140470766,0.4868932038834951,0.9989954796584632,0.1337980067916416,0.1765923831069805,1.151895888453848,80.86041976530795,0.6723986824749166,0.4475714844835273,False,False,False,False,pachytene,62,off_axis,79.32615081048944,13.44
141,0.680366972477038,155.58558650542278,77.1925005337779,14.06293911,1.4973701193480196,0.6225187656380318,0.1883070301291248,0.515687140963323,0.9938056523422376,0.184337679425195,0.1957338496294378,0.9595859421941394,64.70710488915631,0.6769441661854434,0.3651575057259722,False,False,False,False,pachytene,62,off_axis,85.79971107497677,13.44
558,5.779390166302554,138.7554641718296,67.8328045642935,136.39995336599998,3.1933158075938666,0.835812681651676,0.1482737086269961,0.6365350371844558,1.0,0.0437384607283522,0.1607583573229438,1.048583113998205,44.623502637618586,0.678058934162271,0.2329388014253632,True,False,False,False,pachytene,62,off_axis,78.5598074751796,13.44
128,1.1415525114155685,139.55397814175095,70.75391441334135,23.631367572,1.780191605185156,0.530573754218781,0.1412747412384238,0.490378515542398,0.939816388983339,0.3809888463616087,0.2058771031759045,1.0319684316814444,47.41684882392107,0.6784368676888174,0.2880932519691705,False,False,False,False,pachytene,62,off_axis,77.39030997888761,13.44
129,1.897533652274512,144.31493763854297,74.64238227795288,157.88493406799998,3.3528749818888364,0.8565803940213355,0.1111418047882136,0.5646949134983943,0.9997932214222608,0.0779244204179398,0.3298415393031424,1.0577499283767555,55.56166590411985,0.681568708502945,0.1968174356302745,True,False,False,False,pachytene,62,off_axis,78.73631424553511,13.44
598,6.028855803240416,142.31340693427728,71.70849717857921,28.517623146,1.8952866582846324,0.4916509007156371,0.2545235223160434,0.4233009708737864,0.8933283075763286,0.3260864522636726,0.1156169703380627,1.0673885210796028,49.86812623106243,0.6843288226161636,0.6012826329943228,False,False,False,False,pachytene,63,off_axis,78.97678865506036,13.44
133,1.4145555824654488,149.51440564301134,71.99873310123513,38.74286944799999,2.09910610279706,0.6948413659481715,0.0245790594155216,0.638095238095238,0.9948598584036464,0.2227976240619354,0.369019702844735,1.0276457850302343,56.83602842440593,0.6846972664533386,0.0385194214720861,False,False,False,False,pachytene,63,off_axis,84.42835681968553,13.44
131,1.7453546646106326,146.03937698535103,71.60712290863478,24.339792528,1.7978057049313132,0.7696607555898227,0.0523394131641554,0.3799163179916318,0.9998588965711868,0.1900501426167583,0.3819439359153621,1.0403337092038276,52.08252222968403,0.6909346476269008,0.1377656359717308,False,False,False,False,pachytene,63,off_axis,81.97505147299242,13.44
528,5.384164015553271,141.51866586691577,62.96247464872835,106.179295392,2.937539690245386,0.7970572640509014,0.2370431893687707,0.528303940779447,0.9985774799266612,0.0392721849044855,0.113912063001575,1.0388101642310483,42.487420605356974,0.6921580391467483,0.448687149709773,True,False,False,False,pachytene,63,off_axis,83.7359595832252,13.44
132,1.9496584462198063,147.31305307398767,69.86879767280426,40.520969172,2.130739735416264,0.7460923931920806,0.0575848732273313,0.5266757865937073,1.0,0.2305645150655351,0.5268996036400209,0.9762325858688984,51.497094346130694,0.6930319395665762,0.1093364735822835,False,False,False,False,pachytene,64,off_axis,84.04900894542241,13.44
134,1.0940925542915982,151.25483748706847,69.01739838094618,72.587754432,2.58776549266599,0.8067799896587384,0.0859195841614431,0.6736912527178458,1.0,0.1144021436016915,0.3562554897781738,1.05836283303134,55.64659143418942,0.6939902420994981,0.1275355495782693,False,False,False,False,pachytene,64,off_axis,87.66914366311,13.44
148,0.7272901372486502,169.40411825726136,88.25827784870802,7.349322473999999,1.2061080927351606,0.7018831790616022,0.028095733610822,0.6081370449678801,0.9604966139954854,0.22702706178767,0.2943788856303089,1.0215322521769163,82.03984012009269,0.6971641363958632,0.0461996746346968,False,False,False,False,pachytene,64,off_axis,89.4024234940369,13.44
495,5.258542024810612,165.31264630395364,74.66230580774287,50.488179894,2.292804551062111,0.8843562700367049,0.0536121673003802,0.6086781840096425,1.0,0.0390269197002753,0.206059195147077,1.042384971296445,68.95311831317225,0.7000668069305931,0.0880796596769942,False,False,False,False,pachytene,64,off_axis,94.90953805900492,13.44
150,1.0973849971368534,170.25231318953882,84.15513619011173,12.289530942,1.4315798141019422,0.5325443786982249,0.0,0.6055532870559412,0.97828447339848,0.3313574083439914,0.1818194055589305,0.9455287818854734,79.41728877460089,0.7018372137028271,0.0,False,False,False,True,post,64,off_axis,92.67005727919529,13.44
316,3.786224598022775,143.7790014318501,59.1022611302011,110.584666476,2.9776165366444443,0.8588307666199991,0.1058712884589547,0.6013523666416228,0.9999732713228022,0.033681615704217,0.1435013201381181,1.0606163949821266,40.837609108267394,0.702390840967731,0.1760553285093313,True,False,False,False,pachytene,64,off_axis,87.89390225945326,13.44
338,1.7114871647784502,164.85350517711132,72.69554795640178,16.357109993999998,1.574729590309642,0.7394234906066255,0.0,0.438084755090809,0.8318641152440336,0.6362108236540902,0.5599903740105339,0.9739976452415502,67.14457375454052,0.7046937731890847,0.0,False,False,False,False,pachytene,65,off_axis,95.80848944790945,13.44
337,3.063895123444268,164.15786293613658,71.38118519179746,45.98663191199999,2.2225301670314157,0.6612426035502958,0.2455123835491933,0.4892335491642824,0.9974389072671006,0.2544810934277857,0.3093276407175394,0.9833740707515564,65.68826527518853,0.7054292127943059,0.501830636857554,False,False,False,False,pachytene,65,off_axis,96.10954296038547,13.44
154,2.4400671451725398,173.47907031141068,87.48519051864076,121.576982184,3.073177063799305,0.8402407964806669,0.1389351081530782,0.5975845410628019,0.9999242844884156,0.053118998317448,0.2103171308765079,1.022755207977013,84.03976393057746,0.7079971539637611,0.2324944817112949,True,False,False,False,pachytene,65,off_axis,93.03604469275619,13.44
153,2.04766847526935,173.32436351340365,81.26414026893507,89.49377647799999,2.774819525796289,0.771565620822521,0.0359513274336282,0.6157200229489386,0.998444495029972,0.0794154018934951,0.1981874866121812,1.0648244547360994,79.14576483537986,0.7134277048830996,0.0583890828520444,True,False,False,False,pachytene,65,off_axis,96.87976336858537,13.44
281,2.2908179936826163,150.15322566169365,61.11358029626363,21.536587818,1.725954843525609,0.561158915150855,0.1774193548387096,0.4529659965251923,0.9120916133378242,0.4642379618013994,0.2339667655516206,1.0119332888125634,46.34734844629125,0.7140182638161576,0.3916836058329649,False,False,False,False,pachytene,65,off_axis,91.67793605252749,13.44
464,4.82664199814979,169.3271201295099,71.30918825161858,12.678930089999998,1.4465429487103103,0.6320074005550416,0.0,0.5656108597285068,0.9912754466140424,0.0570428716164504,0.0542065357459806,0.977125441077528,68.92572025078115,0.7141346819663902,0.0,False,False,False,False,pachytene,66,off_axis,100.14008743621591,13.44
147,1.4863288217395616,169.08086436260663,79.43967148882417,111.78805058999998,2.988378417183271,0.7579897177630889,0.0931037194306833,0.6210873146622735,0.9995284056968592,0.026087336189748,0.080337434240185,1.025613408623652,75.03616674383349,0.7149023949410361,0.1499043970674397,True,False,False,False,pachytene,66,off_axis,94.77093077722758,13.44
161,1.5915565915565657,178.3274644133639,83.0792973970474,18.114097716,1.6292061180713882,0.6060606060606061,0.1113058720420683,0.4694280078895463,0.9905913978494624,0.2030750523066721,0.1805366845111395,1.056141291918462,83.7320714734124,0.723713242545963,0.2371095677534816,False,False,False,False,pachytene,66,off_axis,99.58006065534083,13.44
160,0.644938419945935,177.9017651246615,81.04551934514977,7.809094961999999,1.230752419624403,0.678882547311505,0.0855431993156543,0.5350795135640786,0.929553264604811,0.1963032361619135,0.2045102907437843,1.0196288034560093,81.89316826308291,0.7240034218654022,0.1598700700497106,False,False,False,False,pachytene,66,off_axis,100.54748405376687,13.44
409,3.9477841704246575,174.76954741097745,70.29205521691887,45.257094954,2.210714643534094,0.8015342352148448,0.128782707622298,0.594672238182293,0.9997846992966845,0.0692254766639889,0.1995700289417172,1.0287140673184552,71.6086411888291,0.7282110353127534,0.2165608201518573,False,False,False,False,pachytene,67,off_axis,104.98327952042274,13.44
452,4.220920687742519,158.82762628951554,57.1052144758744,21.14718867,1.7154892867374674,0.675873544093178,0.2210077312716608,0.4277891854893908,0.9920615828722636,0.141448371120418,0.118363390864301,0.9612917312927964,48.53027406582584,0.7327426007751372,0.5166276726206344,False,False,False,False,pachytene,67,off_axis,100.98100321027717,13.44
152,1.8907518469206763,172.23520506417162,65.16396618868859,199.088524638,3.62231215324682,0.8005443555513662,0.2210565065341432,0.5179584120982986,0.9994396236988232,0.0519963226500469,0.1516806999199934,1.0239980340351436,66.04125186217308,0.7328381776944926,0.4267842772137291,True,False,False,False,pachytene,67,off_axis,106.29643004405125,13.44
410,3.743268637267797,175.3390889376611,67.36423404430383,34.203789017999995,2.0137020082800885,0.7658596804060078,0.0540315876974231,0.6549502050380785,0.9987007795322806,0.1266198152257665,0.2758310211344754,1.034613824827977,69.71456665835629,0.7336262151297216,0.0824972452589456,False,False,False,False,pachytene,67,off_axis,107.2874053942509,13.44
382,3.3448137062647203,178.06104987098547,69.06738887398201,45.456486084,2.2139565007884894,0.7792857880070183,0.1018479630407391,0.6420388122515782,0.998901340364755,0.1465917271226338,0.3619285128698213,1.0150291368699518,72.76139086691435,0.737762206315244,0.1586320968409473,False,False,False,False,pachytene,68,off_axis,108.30065261904092,13.44
431,4.195053956834568,178.49230272032247,65.85587138039489,10.434020544,1.3555671194136385,0.5116906474820144,0.0,0.6210865561694291,0.9762962962962964,0.0852978644455203,0.0353626852422848,0.983789024144402,70.56053776186397,0.7427708655587435,0.0,False,False,False,False,pachytene,68,off_axis,110.67890181575423,13.44
144,2.0854417277458066,158.87806628154033,52.86927509091936,83.852180388,2.715242254788147,0.831897275219605,0.0298676138198256,0.6666666666666666,0.9990922294843864,0.1076273420031801,0.3914949980274739,0.9999905149863598,45.22366583977832,0.7454585525132783,0.0448014207297384,True,False,False,False,pachytene,68,off_axis,103.62903431002722,13.44
140,1.8150137776519364,156.13176835003662,48.72499303649285,91.088905518,2.7912085804603666,0.7905024336226211,0.0973146915224145,0.651259987707437,0.9996753832281334,0.0139467498108145,0.0518942890306696,1.185647690407524,40.2671816262113,0.7459557423705806,0.1494252577453458,True,False,False,False,pachytene,68,off_axis,104.01696512329691,13.44
381,4.177970276705654,171.70203369734412,59.43470475818904,57.138460524,2.389351121944668,0.7525658921093685,0.155290819901892,0.5697693711630993,0.9989279858746374,0.1214158266749371,0.2707039290002686,1.0715946202458684,61.28525232383834,0.7466399268761954,0.2725503120409737,False,False,False,False,pachytene,69,off_axis,109.53512988145116,13.44
512,5.033344450620833,158.98490969427525,51.19022942746069,63.30081933,2.4723326675407677,0.7771354456179359,0.1821025431796545,0.5553708014632525,0.9974024568429029,0.1217644621664293,0.272602162569628,1.093599521122589,43.96646736276574,0.7487515330473196,0.3278936211624079,False,False,False,False,pachytene,69,off_axis,104.74709595601169,13.44
364,2.5735394352483847,172.96986997930912,57.73791203748833,38.545824096,2.095541383972734,0.7378286270691334,0.2026651860077735,0.463091922005571,0.8889103928778789,0.5846738606520077,0.5993116707766347,1.0647610450131872,60.78493840652171,0.7529237021162604,0.4376348979055079,False,False,False,False,pachytene,69,off_axis,111.59333306846382,13.44
465,4.854310685581594,181.9522572269285,63.70387316526919,53.41101928199999,2.336221872194047,0.7932715534279063,0.1137262285821879,0.5727639685574676,0.9999385447394296,0.0891096240879174,0.2449419363271689,1.0472770075864537,71.10576948888382,0.7538344617407547,0.1985568835075514,False,False,False,False,pachytene,69,off_axis,114.71685969933085,13.44
352,2.857743736206304,175.8695692717105,57.93593067636012,54.20858380199999,2.347793075525151,0.5512138128002078,0.3505541987600976,0.4158711792498312,0.6120979356697072,0.7958998700150481,0.1458109643382681,1.015908424434928,62.78476445671715,0.754677798997334,0.84293939145397,False,False,False,False,pachytene,69,off_axis,113.70239995613082,13.44
572,6.152338530066622,159.47994285077954,49.09262316258272,15.798814829999998,1.5566057602241847,0.4454342984409799,0.0752661549888585,0.5394912985274432,0.9775413711583923,0.1702679894302582,0.0857864018094446,1.079708115162986,42.61849672279891,0.754903779878077,0.1395131954756261,False,False,False,False,pachytene,69,off_axis,106.42875734353338,13.44
162,1.425199101490796,184.58344719799155,70.22967655415889,80.41092406199999,2.677578103861143,0.8342425391639197,0.0907345175228037,0.5966209081309398,0.9998063366643428,0.1330128690821884,0.4843326996125695,1.0447763692786511,77.8122702333647,0.7553718365948061,0.1520806868922037,True,False,False,False,pachytene,69,off_axis,112.58798246037493,13.44
380,4.451927415399877,158.2853391687095,46.39202059097621,95.66082683999998,2.837147013330984,0.8087297694948504,0.1318864774624374,0.6157692307692307,0.9994671284886432,0.0674207513115511,0.1840504284986693,1.1617486498625191,39.75500411235879,0.7570183450427638,0.2141816623374998,True,False,False,False,pachytene,69,off_axis,107.15038209154149,13.44
365,3.717989371896551,184.3920951302397,62.61326431309454,53.85437132399999,2.342668207337175,0.806211342451433,0.0715776293823038,0.6655428186109238,1.0,0.0148070441473493,0.0423640188544758,1.0290116896414954,71.81932351385352,0.7608610179178226,0.1075477450597331,False,False,False,False,pachytene,70,off_axis,117.292335833238,13.44
165,1.413255480434361,190.3338108481851,71.72663958205145,22.899484836,1.7616205490679333,0.6529399713173529,0.1685889570552147,0.5035419126328218,0.9962790697674418,0.0593549280551368,0.103142550280344,1.050146486882527,82.62932558750404,0.7656996039981704,0.3348062054531461,False,False,False,False,pachytene,70,off_axis,116.06699929441037,13.44
146,2.2741424802110317,164.07886421204088,45.31786743223912,39.118193928,2.1058627474528446,0.6996282082034061,0.0815914924825815,0.5727690157716111,0.9969788519637462,0.0699531053012362,0.1031772284681151,1.051630482245958,42.47600931944018,0.767722293139301,0.1424509535884458,False,False,False,False,pachytene,70,off_axis,112.37674488981418,13.44
156,1.705658630665336,175.40306850144577,51.58496724011654,60.81429465,2.439527331978362,0.837917068466731,0.1353909465020576,0.5773441218467397,0.9993469305736964,0.1124217492195237,0.3952938232373528,1.1221022552641595,57.592001833626696,0.7702159640259688,0.2345064951367049,False,False,False,False,pachytene,71,off_axis,117.38853287253458,13.44
533,5.556070682120522,187.41254296028904,60.09538808664118,12.345829614,1.433762519695286,0.5213756412692381,0.0,0.6149265581579992,0.903116147308782,0.5331007480252592,0.2213069868765149,1.035585127409452,71.80254375403513,0.7714657074992824,0.0,False,False,False,False,pachytene,71,off_axis,121.22457746180676,13.44
411,4.866051289169368,189.997841475521,58.85743273414966,67.598284626,2.5270607867495847,0.8109102266023528,0.0723527408920667,0.6718663975041292,0.99985990473522,0.051972090526862,0.1523740032632598,1.052781011794694,72.49517915708215,0.778912152459172,0.1076891792190308,False,False,False,False,pachytene,71,off_axis,124.00604435286782,13.44
157,1.819421894843681,179.93277904800937,48.91151717144845,230.88319965,3.805700211289989,0.841747523495047,0.2893187936305151,0.5213790446841294,0.9995375785436444,0.091655630920146,0.3238444669113574,1.1121495350697177,58.41673940041675,0.7813511980543685,0.5549106673548706,True,False,False,False,pachytene,72,off_axis,122.58328222656851,13.44
228,0.7008671952427764,192.44506155847495,60.69643446481629,18.935120016,1.6534579360620048,0.5872150644202181,0.0,0.5978391356542617,0.9886607416487896,0.4197031962998314,0.3646272340123653,0.9854576490889296,75.47170269009065,0.7844770880187129,0.0,False,False,False,False,pachytene,72,off_axis,124.72097173187535,13.44
155,0.666358550231063,173.08307893456694,44.79702653855582,9.643493358,1.3204296227235102,0.4682558988080759,0.1077551020408162,0.5173833485818847,0.9190283400809716,0.4400073325078021,0.1763950048877324,0.973579539809834,47.60997950709686,0.7879864464962533,0.2082693661018783,False,False,False,False,pachytene,72,off_axis,119.79223598064156,13.44
151,0.7126319621405249,170.7010249362929,41.88217655624268,6.443852165999999,1.1543893718640883,0.4808882417182381,0.0,0.6367461430575035,0.6941031941031941,0.4408932100393057,0.1025668866310561,1.0648085853425455,43.84649805963071,0.788152381255104,0.0,False,False,False,False,pachytene,72,off_axis,119.71014417433717,13.44
481,4.866337068776218,170.02131463414435,39.84071674357293,21.351271356,1.7209901193099877,0.6413974950560317,0.231638418079096,0.4555759803921568,0.9810874704491724,0.304943374470828,0.2894595618106699,1.0451355251449923,41.819417036099864,0.7904712023750047,0.5084517798319902,False,False,False,False,pachytene,73,off_axis,120.43160573646897,13.44
412,4.041713014460604,193.74345967741948,56.62220750834409,12.653126531999998,1.4455609703515129,0.4879495736002966,0.0,0.6017378711078928,0.9784454604833442,0.0956302120508554,0.047294883184017,1.0074403232112217,73.15823132129933,0.7906418967766556,0.0,False,False,False,False,pachytene,73,off_axis,128.31722161111153,13.44
149,1.6026262468826669,171.87483661743062,38.708903000312354,120.404093184,3.063262497062636,0.8289627493765586,0.1522788721514097,0.6116869802938831,0.9998967848480156,0.0480658858884277,0.176088901051637,1.0673954693104413,42.0689250806285,0.7951760007799451,0.2489490165022768,True,False,False,False,pachytene,73,off_axis,122.58898651595007,13.44
413,4.078178908056272,195.3751260181384,54.77102528899016,13.190309693999998,1.4657350088840042,0.5639338431442291,0.0388083104664837,0.6101141924959217,0.985983566940551,0.1400381011329071,0.0968326613439556,0.9806864132101004,72.77067684322617,0.7970471652830119,0.0636082735720708,False,False,False,False,pachytene,73,off_axis,130.75423047100773,13.44
384,4.4816555254042,198.16487519360285,53.06464892448028,106.327079406,2.9389019148746662,0.8539281223112052,0.0936344969199178,0.673161153904244,0.999917175119406,0.0264460960398581,0.1067401848154498,1.0397519448589665,73.2324741247926,0.8057703229541814,0.1390967027387876,True,False,False,False,pachytene,74,off_axis,133.99169306231292,13.44
254,3.440633774569009,177.2246330986859,37.5968662996406,116.96049107999998,3.033776092602997,0.7747894103489772,0.1934348513144663,0.5564164217650726,0.9988707280832096,0.0626400465345884,0.1388654413540491,1.051726664868298,44.486853652081095,0.8083111652033922,0.3476440373575772,True,False,False,False,pachytene,74,off_axis,127.48904462150817,13.44
163,2.4688576132296776,185.47519907161896,40.280060678078655,189.508367286,3.563252459274094,0.7596519241957246,0.1660438946871107,0.612401503836844,0.9997203892182084,0.0861982981395998,0.2161109651021912,1.1274104937383895,51.68135130188176,0.8089010023021485,0.2711356743032234,True,False,False,False,pachytene,74,off_axis,132.33781503401636,13.44
158,1.3411755095372146,177.5792839602997,34.449392635706126,57.431682774,2.3934313617073952,0.7273618429114079,0.1150735781519289,0.5869662921348314,0.9997332799893311,0.0898937902576527,0.1244739918572624,1.107024235494625,42.225209674887566,0.814271388521594,0.1960480179081485,False,False,False,False,pachytene,75,off_axis,129.70655092797693,13.44
164,1.901102241801511,191.79986384174077,42.427564706417954,257.72359152599995,3.947800416439505,0.7075828046638208,0.2008407751050969,0.5982506925638871,0.9993198856171264,0.0915967861826083,0.1760533123859118,1.0994849625907774,60.97828271687178,0.8175987027004541,0.3357134017586601,True,False,False,False,pachytene,75,off_axis,135.86137835923418,13.44
172,1.2912167976592424,204.32334909070036,53.39377013366915,40.889256318,2.1371755685417657,0.4881532901153118,0.1346265761396702,0.5814839722035418,0.9776686020544886,0.1492840257746869,0.0693450059518455,1.0610806251053102,77.40928495878573,0.8211940099031765,0.2315224194907744,False,False,False,False,pachytene,75,off_axis,138.52924446903074,13.44
227,0.5652173913043448,185.1087900232924,34.45630085403739,6.042724128,1.1299209285177627,0.2534937888198758,0.0,0.5917836713468538,0.7247191011235955,1.5310030926043685,0.1541669999493379,0.9491236181123264,46.86696003298144,0.8226430660674489,0.0,False,False,False,False,pachytene,76,off_axis,135.6350973678102,13.44
432,4.498023715415076,205.1570760821383,46.40506221922281,24.332755194,1.7976324224526563,0.6231562710884027,0.2233260480826544,0.4223586595037094,0.9818820984315848,0.2687447805112536,0.2206096670750205,1.0391010072825952,72.55320150525552,0.8315663318293656,0.5287592501242254,False,False,False,False,pachytene,76,off_axis,143.62390760824292,13.44
385,3.550111358574722,202.5264959751832,43.02929047884198,29.491121016,1.9166120927934067,0.4931594018453706,0.2223578227971686,0.4621782799748901,0.9171250458379172,0.162705815779885,0.0409208260071479,1.034056385507308,68.27526593899755,0.8339247743623774,0.4811083350979825,False,False,False,False,pachytene,77,off_axis,143.74660167169745,13.44
176,1.3151657158381522,210.8186637021226,51.05327756723758,69.078470544,2.545372618978912,0.7757402879652269,0.1872,0.5405814657783161,0.999386565790819,0.1255394276934881,0.297628495183297,1.0356076393785971,79.74282180912887,0.8396999581723473,0.3462937815126051,False,False,False,False,pachytene,77,off_axis,145.02706126569154,13.44
167,3.199640933572587,187.695297882746,28.324040333064563,37.89135203399999,2.0836135077179576,0.666687302668235,0.1501183898973954,0.5765230312035661,0.998776459072556,0.0323329146758606,0.0546066388180834,0.980557424114221,43.62775264996965,0.841554545160378,0.2603857639199669,False,False,False,False,pachytene,77,off_axis,141.4490613799055,13.44
453,4.334695085849737,209.4052074822387,41.430456749554686,31.696152336,1.9632366159051111,0.7993635287152161,0.0474349964862965,0.631870158613058,0.9998963408313464,0.0917975257157295,0.2289285442877472,1.0295794479528195,71.42473850635335,0.8491060679133763,0.0750707971245475,False,False,False,False,pachytene,78,off_axis,150.06750064563124,13.44
229,0.5001118568232644,215.43407902684683,51.05151761744944,4.194251064,1.000434372661759,0.3277404921700223,0.0,0.5482529118136439,0.2074074074074074,0.678685589801874,0.0852814717206446,0.9581507270543834,82.68160652115716,0.8517035553560862,0.0,False,False,False,False,pachytene,78,off_axis,148.58593835453166,13.44
166,2.2146580545781185,191.6605473192241,24.106504374310443,134.011951362,3.174570483207213,0.7791839521083863,0.1322740404457284,0.6049147839873167,0.9997709340799186,0.083647780718611,0.191199766357718,1.1427549703174598,42.746196280225796,0.8553197154907983,0.2186655772798931,True,False,False,False,pachytene,79,off_axis,147.1703961038871,13.44
383,3.502449635865007,195.44052771209405,27.19035747659177,24.801910794,1.809112234328342,0.5348529272675684,0.2127421162157835,0.4097193981293208,0.9655543595263724,0.0504762658333708,0.0407619242829692,1.0115129525571451,47.503617800451266,0.8574021986201603,0.5192385744661159,False,False,False,False,pachytene,79,off_axis,148.249906273282,13.44
496,4.993920000000075,211.7034290057152,39.09625049142887,10.26277875,1.3481103790445108,0.4153142857142857,0.0,0.5813135261923378,0.6006493506493507,0.926021092346386,0.1024601554818803,1.0205031000329312,71.08946205557439,0.8578997357489481,0.0,False,False,False,False,pachytene,79,off_axis,153.32601729097735,13.44
282,3.0786896920063924,213.3413210610639,40.66984096492745,13.176235026,1.465213487755161,0.5034716040591063,0.0558564658090724,0.5571889566152743,0.795020266357846,0.7411772978784394,0.252189301623141,0.99304190546208,73.34583213529426,0.8586223377720622,0.1002469003484575,False,False,False,False,pachytene,79,off_axis,153.58615461356825,13.44
235,1.186255174092975,215.4669636596028,40.91377282688023,38.536440984,2.0953713327357644,0.6694667640613586,0.2018227252682639,0.418232044198895,0.9946165809307334,0.2721829398499926,0.3570749354118381,1.01164642763418,74.8879554858426,0.8641103995813758,0.4825616020284778,False,False,False,False,pachytene,79,off_axis,155.06929816079915,13.44
466,5.130802588564804,213.82171375007675,37.37303016879113,35.160866442,2.0323117109609936,0.7391420374941624,0.0773949976403963,0.6258312020460358,0.9993863775823276,0.1235742157451864,0.2413639202762935,1.0590425372541938,71.1105347453837,0.86515742866752,0.1236675279010828,False,False,False,False,pachytene,79,off_axis,156.0566169467839,13.44
302,3.208671952428153,215.70040696233949,38.33946117443094,9.467560008,1.3123504335449971,0.3644697720515362,0.0396855110445526,0.5185185185185185,0.6888888888888889,0.9494657840902112,0.1514585816286513,1.0138136368521489,73.05227750122557,0.8675174132282975,0.0765363427287801,False,False,False,False,pachytene,80,off_axis,156.88915051643716,13.44
319,3.030917113142137,218.1582673652736,37.43021047904342,29.772614376,1.922690827095101,0.7591396155058304,0.0425931725649859,0.5930650964998364,0.9990426041168023,0.0651926660409165,0.132645076654489,1.0403331399775475,73.9171108173375,0.8741826265972256,0.0718187140271164,False,False,False,False,pachytene,80,off_axis,159.36298921827625,13.44
182,0.7800764560377607,219.25185225994983,39.14079383854331,10.431674766,1.3554655255348635,0.2298178547335282,0.014104778353483,0.505985401459854,0.4854014598540146,1.0696840914914174,0.0919664163507455,0.9935764519363453,75.93234274179723,0.8753661100002574,0.0278758602773683,False,False,False,False,pachytene,80,off_axis,159.11628364010602,13.44
168,1.7559226106853292,198.9200717316336,19.761676580500925,116.88073462799998,3.0330863490411266,0.8302291976076748,0.11488960971016,0.6408558931315759,0.9999471360981154,0.0493244880612121,0.1841334283412103,1.1099799862674982,43.79279738866331,0.8780302664292102,0.1792752644416609,True,False,False,False,pachytene,81,off_axis,155.56580254860717,13.44
173,1.441759082217907,203.92123824091945,27.499196397705862,30.67104735,1.941839505925276,0.6377820267686425,0.3422222222222222,0.4265202702702703,0.984829848298483,0.0849269188710306,0.0689613870730749,1.0274835196442709,57.19250487091074,0.880809983843623,0.8023586358635862,False,False,False,False,pachytene,81,off_axis,154.71480732551655,13.44
185,0.4556097560975541,218.8819979790932,35.06863432055768,6.73238286,1.1713681165062766,0.1672473867595818,0.0786430223592906,0.4234309623430962,0.0,0.0,0.0969677794508818,1.045726580647667,72.55774424024257,0.8808798614765143,0.1857280864018821,False,False,False,False,pachytene,81,off_axis,161.42525749926813,13.44
534,5.337080867850182,218.96284112426176,34.514419644970374,11.89309446,1.4160179314336458,0.5581854043392505,0.0658882402001668,0.5446428571428571,0.9497142857142856,0.3960613518542605,0.2399143035280172,1.016090360312205,72.1820315111214,0.8809277949708156,0.1209751295478472,False,False,False,False,pachytene,81,off_axis,161.84062416371464,13.44
301,2.929289033049908,202.6414715262536,22.05549864995164,26.758289646,1.8554812940483567,0.4278074866310161,0.1709640543630128,0.4744905776007354,0.9487983281086728,0.0566086814448555,0.0222844177874919,1.0006470769193303,47.89165062275667,0.8811580030204648,0.3603107467960558,False,False,False,False,pachytene,81,off_axis,157.0856177620655,13.44
175,1.928556976550834,209.54193026769173,30.26768903652474,155.358531162,3.334895008825644,0.7792356822539975,0.2333787751677852,0.4940838519937077,0.9984748463464604,0.0874929655231237,0.1904453777777804,1.0415937059654712,62.90710440046482,0.8836109173342055,0.4723464938715654,True,False,False,False,pachytene,81,off_axis,157.2838699109426,13.44
303,3.2360190523939982,221.40575616444784,35.662622572072024,46.78654220999999,2.235342696066025,0.753823013286538,0.1239964317573595,0.5525458248472505,0.989625758856528,0.1569138661649916,0.3078292435326962,1.0541655976484603,74.6233158907414,0.8840695078279005,0.2244093180717417,False,False,False,False,pachytene,81,off_axis,162.9922901019083,13.44
170,1.6538657356897837,204.61857699104803,17.791171743399104,64.504203444,2.487901235343932,0.7796203360244381,0.1991542222809568,0.5465346534653466,0.9995663016372112,0.1788641948768581,0.3860390819167761,1.0569966034036002,45.74902250844396,0.8929615867047846,0.3643945009126202,False,False,False,False,pachytene,82,off_axis,161.26922562473914,13.44
187,3.393501315007918,223.02241327056527,32.15788551285346,138.24842643,3.207676254243273,0.7327903622635106,0.0532074791077977,0.7026924053848108,0.9997403676394224,0.0663806474395659,0.1238498746143149,1.1192659158373528,72.95157062337162,0.8934346963537247,0.075719445236725,True,False,False,False,pachytene,82,off_axis,166.4710872811136,13.44
171,1.4171723300970596,203.38411419902923,15.08195788834947,15.463368576,1.5455100473969543,0.5685679611650485,0.037237643872715,0.5059774964838256,0.9576719576719576,0.4323839041897241,0.2709617166147769,1.05934219330339,42.854201402305726,0.8950331298804933,0.0735954546031976,False,False,False,False,pachytene,82,off_axis,161.96474619289538,13.44
174,1.8415747290320863,209.1264694716099,19.202560998600998,169.46134849799998,3.432896286779252,0.7720823355158428,0.1847395523866112,0.5942909201336167,0.9997952707544272,0.1098190437665816,0.258491768485086,1.099196231804524,49.63685579879725,0.9003706206200178,0.3108571006689375,True,False,False,False,pachytene,83,off_axis,163.9521096238018,13.44
190,1.120091599373264,226.25209228636652,31.71886014222141,19.462920066,1.6686802657737174,0.5673134868024587,0.0126512651265126,0.6559888579387186,0.9951163458776212,0.1173970093247327,0.0839708550306894,1.047629307305469,74.67054219013286,0.901751497669408,0.0192857926981657,False,False,False,False,pachytene,83,off_axis,169.24033024153294,13.44
318,2.314320007386173,215.2996100729415,26.26519477425959,25.407121518,1.8237093238895503,0.4020866032683963,0.3103301384451544,0.307597282273008,0.328009828009828,1.0885441843167205,0.0381113693287809,1.0646270004677871,63.48960771219217,0.9024348229167106,1.008884526390974,False,False,False,False,pachytene,83,off_axis,164.27182576019302,13.44
192,1.4262999442483006,227.8488700241565,33.74085795577031,63.11315709,2.469887081853135,0.7082698383200149,0.0879618870555426,0.6021149190979742,0.997750281214848,0.1279111340030808,0.2120123400996704,1.107103332083811,77.24637257298255,0.9027328711366088,0.146088203871975,False,False,False,False,pachytene,83,off_axis,169.18312761321394,13.44
255,2.88220527486507,227.50605433746372,30.228398665394707,14.764326732,1.521861087626276,0.4202414998411184,0.1710586097228532,0.4428610578240614,0.7699711260827719,0.5889097325191668,0.0941835660312708,0.9952589426533408,74.3204388091915,0.905988174993986,0.3862579621774081,False,False,False,False,pachytene,83,off_axis,171.15640014165396,13.44
195,1.8292425273098825,228.84755950541827,28.190471365691067,58.623337998,2.409872012991212,0.6732423672522108,0.0788494077834179,0.6054371785451874,0.9989393296563428,0.1920603750711722,0.2531650374687223,1.0049401139108565,73.60409305698008,0.9127855584311758,0.1302354902830483,False,False,False,False,pachytene,84,off_axis,173.48870212849332,13.44
179,1.74944626094304,214.60245841683223,19.208220390781893,88.961284872,2.7693051447235,0.6622191751924902,0.0807979334098737,0.6507416081186573,0.9975003537235296,0.160724298828401,0.2370173990191666,1.0759457725015529,57.60569150160416,0.9142654812850622,0.1241628511252978,True,False,False,False,pachytene,84,off_axis,168.22991089159888,13.44
433,3.7581598513012953,222.2321737081776,23.79701263940427,25.24057128,1.8197156228096123,0.2059479553903346,0.0803013993541442,0.4801029962546816,0.1746031746031746,1.0042555722156865,0.0311275383339549,1.0820545102307868,66.00325524740158,0.9159662753628048,0.167258692365141,False,False,False,False,pachytene,84,off_axis,171.1880340910744,13.44
177,1.0993418990911814,212.67681468191608,13.957955828893558,14.970755196,1.5289209554504697,0.4985897837668442,0.0305967888518631,0.5059375,0.9476340694006308,0.2793073146748999,0.1282548294485477,1.003441585400895,47.69055231969863,0.9160677946355826,0.0604754319493279,False,False,False,False,pachytene,84,off_axis,169.97894438723395,13.44
199,1.4331126655008055,232.0576200412161,30.20316690606928,37.560597336,2.077533140672027,0.6860479640269798,0.0252084545278262,0.6266162721304953,0.986632718014004,0.314146005883837,0.4586774045183711,1.1125579710428983,77.20045657129359,0.9174699286409892,0.0402294923528199,False,False,False,False,pachytene,84,off_axis,174.68101142337426,13.44
366,3.522755953592537,227.6370000305301,23.85407247099417,23.049614628,1.765461914388043,0.428251577447588,0.1662214306915999,0.5103239587041651,0.5298651252408478,0.556174380063809,0.0555275536883002,1.0216874430168803,69.49025635379893,0.9189005395792196,0.3257174738839931,False,False,False,False,pachytene,84,off_axis,175.31795257491387,13.44
202,3.2129008802139984,232.28747259470387,26.6282987657866,122.59035828,3.081692028760324,0.7309605817068503,0.1386914971820632,0.6458036984352774,0.998793035816662,0.1278960933626324,0.2616265633531804,1.1250557432993091,74.59122022595375,0.922055392608967,0.2147579791167189,True,False,False,False,pachytene,85,off_axis,177.1354767645251,13.44
181,1.543842027945685,216.9593276416875,13.843108680947749,68.663267838,2.5402626326428672,0.7520412695159031,0.2076419213973799,0.493799944888399,0.987374149659864,0.1511928137261614,0.2525145571383454,1.144472243187683,50.23702480812794,0.9258225812454064,0.4204980651512788,False,False,False,False,pachytene,85,off_axis,173.42402566111912,13.44
339,3.2466400375940387,229.36263080357327,21.608102008928675,19.967262336,1.6829710219458076,0.4396146616541353,0.113218070273285,0.5595387840670859,0.95501138952164,0.1309868497395262,0.0706721958938783,1.0204673699484168,68.85824034226731,0.9265283522911972,0.2023417741489582,False,False,False,False,pachytene,85,off_axis,178.07888369366924,13.44
178,1.5536977491961137,214.25155527427,9.596626356961108,97.757952372,2.85772979165734,0.7668570331621635,0.0919626168224299,0.6517085220255249,0.9997877533694152,0.1068268222803947,0.2366377330268374,1.208804470643932,45.223735084512924,0.92686149215952,0.1411100418582958,True,False,False,False,pachytene,85,off_axis,173.90524231583598,13.44
236,2.82752559197591,235.6593610019688,24.354694597248752,45.372038076,2.2125846385137766,0.7078378657843036,0.0971401182297491,0.5436205981242258,0.9953424184923236,0.1209456379748943,0.1821483812057659,1.0198826561860093,74.98661254809866,0.9330048944114802,0.1786910182670287,False,False,False,False,pachytene,86,off_axis,181.18301580174625,13.44
353,4.016405848553905,231.50431510720475,18.04122078759281,100.432139292,2.883553641270496,0.7954407436819732,0.1486341985029649,0.6427266499200731,0.9997382712818164,0.0371268652517131,0.0938174884614734,1.0360752185077615,67.47304792446354,0.9376612508147768,0.2312556955922839,True,False,False,False,pachytene,86,off_axis,182.00198135612922,13.44
204,1.3893299549549405,237.56435848817443,24.582011444256104,16.664406911999997,1.5845298224402633,0.3692286036036036,0.1073705179282868,0.4141932604329391,0.7232620320855615,0.7724561747239082,0.1853984812524273,0.9537227969580984,76.37537158836196,0.9379938022520404,0.2592280661835417,False,False,False,False,pachytene,86,off_axis,182.50666103347191,13.44
184,1.321273015720389,221.782098509691,12.669428719773018,48.79452817799999,2.266874643047367,0.7478486611220614,0.1226162596186015,0.628789323164919,0.9998508019395748,0.128377684182373,0.2590849866618184,1.0798107030761628,57.138936486566614,0.9391402034864302,0.195003723984101,False,False,False,False,pachytene,86,off_axis,177.92966182323505,13.44
183,1.2568360298987489,220.5198267385742,8.590493514050996,49.58505536399999,2.2790511079783595,0.7413662598164443,0.2459310344827586,0.4474117431863911,0.9817878161285192,0.1971254709843654,0.3161039235439469,1.1282456541711376,48.29066220477519,0.9415453243848249,0.549674965460851,False,False,False,False,pachytene,87,off_axis,179.46379324991875,13.44
434,4.12165148755315,235.2606883788727,17.743577413478487,19.31748183,1.6645134202669187,0.3318761384335155,0.0704510897110998,0.5176299527444566,0.3252336448598131,0.9048261143875812,0.0413300593375612,1.0096211326808822,69.6365208110087,0.9455737796719816,0.1361031936764294,False,False,False,False,pachytene,87,off_axis,185.08715830461037,13.44
198,0.947260034904014,230.68003952879636,14.96749471204171,13.441307939999998,1.4749738040594422,0.543979057591623,0.1513478402078597,0.5361653272101033,0.9647277227722773,0.2702168157588697,0.1623379070619845,0.9391523553997304,64.57860549106906,0.9456928206650976,0.2822783058266506,False,False,False,False,pachytene,87,off_axis,183.32463974605787,13.44
230,0.5762485253637405,223.99335949665783,9.506039952811587,5.965313454,1.125075204176257,0.2996460872984664,0.0,0.5058955642897248,0.1510791366906475,0.8028100163979038,0.0820391059431926,1.042701936706109,51.15089214234674,0.9481237748382778,0.0,False,False,False,False,pachytene,87,off_axis,181.6369798059297,13.44
231,0.5332613390928715,241.57496241900765,24.575152969762456,4.344380856,1.012231296063638,0.193304535637149,0.0,0.4725568942436412,0.0,0.0,0.0803899655596453,0.991210780258402,78.92494532552917,0.948543034709794,0.0,False,False,False,False,pachytene,87,off_axis,185.6025719959246,13.44
193,1.0093083387201265,227.21988259857764,11.649957711700011,18.14459283,1.6301198625804325,0.497737556561086,0.2161016949152542,0.4574002574002574,0.8711307643714467,0.1852467397752204,0.0618246980565165,1.0387439982212454,59.817097380355946,0.9539826923216714,0.4724564348597426,False,False,False,False,pachytene,88,off_axis,182.77076409034612,13.44
191,1.227723047037611,226.01557825724905,8.339490703482232,16.906022045999997,1.5921510730941806,0.7739697516303594,0.138095238095238,0.5604665438919583,0.9953610326744656,0.2070573225319032,0.4914689096533857,1.1736486130803925,51.47690603518066,0.9542405716411172,0.246393365670474,False,False,False,False,pachytene,88,off_axis,183.94867200180641,13.44
214,1.3099603599067955,243.56140527275892,22.595837928647065,37.28144975399999,2.0723736469320744,0.6769647014408859,0.1346704871060171,0.58005453837164,0.9955493089716562,0.1508408806868475,0.1959436848559198,1.0555991757910237,78.66462268835066,0.9549282842103178,0.2321686638019785,False,False,False,False,pachytene,88,off_axis,188.3946814794115,13.44
188,1.5246693227090855,223.8280024063785,4.054406820717145,58.8790278,2.4133705401777656,0.6931474103585658,0.2123133565146246,0.4398857439626071,0.9964935840047748,0.133794804814208,0.1639736096008177,1.2592596588776404,46.75351254742298,0.9565190558634292,0.4826556882749821,False,False,False,False,pachytene,88,off_axis,184.8635413615805,13.44
209,2.6718216057320405,239.98406516627125,15.873259702828989,102.14455723199998,2.899850043379916,0.6314532426970421,0.1369258900720662,0.5971460618145563,0.9436568520537986,0.2943275482769412,0.2527847814092438,1.0351069258028165,71.20371703245826,0.9597344118613024,0.2293004992044786,True,False,False,False,pachytene,88,off_axis,189.9195772245695,13.44
189,1.59667148223051,227.00476682461897,6.2310832129445854,40.59368829,2.132013585483419,0.711817393816816,0.2325330871037242,0.5183477040304793,0.9984889694771836,0.2249164821866144,0.3379478721267676,1.117624536263886,50.42470177157392,0.9600646931627744,0.4486044508264111,False,False,False,False,pachytene,88,off_axis,186.02634915565358,13.44
200,1.6471955896452426,233.3863053092139,9.832504952660353,78.29268652799999,2.653857067711385,0.7314237775647172,0.2289032258064516,0.537371709058456,0.9975032457804852,0.1149108876847279,0.2759048682376315,1.0345120272669035,62.34430245930625,0.961111014322323,0.4259681370415263,True,False,False,False,pachytene,88,off_axis,188.6818670387407,13.44
218,2.34428733031671,244.4463312217188,19.403311001131616,16.589342016,1.582147067232793,0.2825226244343891,0.0769510642168455,0.5045329128892393,0.3773584905660377,0.7049872472173284,0.0984917464423501,1.0123377567007188,76.76741004529066,0.9612210537798952,0.1525194139985445,False,False,False,False,pachytene,88,off_axis,191.1105434613736,13.44
206,2.855540540540443,238.71244520269573,12.637335523648684,41.66101728,2.1505378320259254,0.5971283783783784,0.1559513979002005,0.5752620545073375,0.9937068114511352,0.2374875076574697,0.2120650182378192,1.08774275975188,67.89927531130719,0.9620081923553206,0.2710962711311795,False,False,False,False,pachytene,88,off_axis,191.00072824856375,13.44
219,0.7370618228170696,245.98843709369177,20.06809698852809,14.722102727999998,1.520408929218039,0.6209369024856597,0.0735981308411215,0.605296343001261,0.9930209371884346,0.0621912857034025,0.10029318452279,1.1035985197012257,78.26221713587422,0.9636705840408932,0.1215902453271028,False,False,False,False,pachytene,89,off_axis,191.8757772108602,13.44
197,1.343854324734443,229.7324666865434,7.005428815304685,43.284295656,2.1781138764106727,0.6844244526338608,0.1702764320319179,0.478619268418341,0.9640138408304498,0.4157496107704087,0.420983672992102,1.090050978084252,57.83748182940431,0.964830179301282,0.3557659360322417,False,False,False,False,pachytene,89,off_axis,187.6662568887251,13.44
205,1.4166938376263685,237.4623865666768,11.46164995109259,7.194501126,1.197578595509931,0.2285621128138245,0.0,0.5067624683009299,0.5495495495495496,0.9537788073317006,0.136842196398082,1.0299951616996557,66.19668716146637,0.9648329554280248,0.0,False,False,False,False,pachytene,89,off_axis,190.7860732904945,13.44
207,0.5715555555555515,239.58980939682615,11.227100000000528,11.083801049999998,1.3831417929787908,0.3631746031746031,0.0,0.5952143569292123,0.5402298850574713,0.8373904580143314,0.0492159399437464,0.9664521295100678,67.3711106914258,0.9686016751293413,0.0,False,False,False,False,pachytene,89,off_axis,192.57539465628534,13.44
221,1.2451388888888957,247.103643460652,17.822076967592356,12.160513151999998,1.4265525162956216,0.5756172839506173,0.0,0.5295454545454545,0.9900426742532006,0.2617588415796331,0.2376611367740924,1.0672684862895423,77.24130646749151,0.9700173993985846,0.0,False,False,False,False,pachytene,89,off_axis,194.16619913324377,13.44
211,2.518101775854341,241.0444865766341,10.783300574540682,31.438116756,1.95789458119566,0.5996866139382182,0.0868085106382978,0.579869524697111,0.8434108527131783,0.4815839374447131,0.2155531617469089,1.1299184353172955,67.95567920727159,0.9700448044268524,0.1497035228461806,False,False,False,False,pachytene,89,off_axis,193.97943286010116,13.44
213,2.893689245486716,243.4699343426975,13.525501944145509,60.811948872,2.4394959651034136,0.4733065884894306,0.1776680317995663,0.5672330452614618,0.9856029586580372,0.3927929448655858,0.221286402149102,1.1818852254250969,71.61455741100039,0.971015198242943,0.3132187612900296,False,False,False,False,pachytene,89,off_axis,194.10221521894297,13.44
196,1.0315473209814714,229.1075021031556,2.634667300951413,14.053555997999998,1.4970370188155122,0.5100984810549157,0.1460576083794006,0.4988074957410562,0.7916111850865513,0.4766535318758081,0.1220464529832495,0.9984279815713694,48.88570433805688,0.9711155390115934,0.2928135796403968,False,False,False,False,pachytene,89,off_axis,189.89767837999867,13.44
215,1.45543200070601,245.00061646809823,15.741927336510312,53.160021036,2.332556532738661,0.6652546112434914,0.162508279973504,0.591484313208542,0.9895962348278424,0.3281761754749272,0.4004361049225352,1.0104064136124569,74.29815608724266,0.9714287810701226,0.2747465593668379,False,False,False,False,pachytene,89,off_axis,193.87020781860508,13.44
203,1.763507284245872,237.48686181871992,7.781162918135731,95.161176126,2.8321987746909363,0.6399290063351986,0.0841432064706251,0.6540015061271993,0.9866371762971154,0.2471234708500534,0.3231027060393792,1.1173543642300636,63.375204577643345,0.9734047059907884,0.1286590408161228,True,False,False,False,pachytene,89,off_axis,193.14950720471958,13.44
212,1.9435882421829331,243.2287428680148,10.140223234570522,40.061196684,2.122650226082633,0.6213842370300973,0.1184730743012951,0.5706773894215899,0.9926024739267524,0.2635147888157526,0.2557384275890075,1.0707741119693546,68.85139708452594,0.9760551732691972,0.2076007854829741,False,False,False,False,pachytene,90,off_axis,196.07280657159805,13.44
210,1.8668480330811903,241.82215016594665,7.457220153436554,43.113053862,2.1752377210296068,0.6562925077534143,0.1350130083527317,0.5798638594269432,0.9940500615510874,0.1799498482117884,0.2323838138188306,1.0238893243527736,65.88718896926405,0.9784181510632678,0.2328357012733296,False,False,False,False,pachytene,90,off_axis,196.6976896104951,13.44
467,4.078985915492909,245.91995222535184,11.680353295774813,4.16375595,0.9980038553599128,0.060281690140845,0.0,0.3177458033573141,0.0,0.0,0.0107939941535634,1.007264601941107,71.75296539001121,0.9795757755759996,0.0,False,False,False,False,pachytene,90,off_axis,197.166200269699,13.44
201,0.9348382004735416,232.7082188950263,0.85882669297554,14.860503629999998,1.5251584770286652,0.5660615627466457,0.024485450674237,0.5405602037104401,0.866913123844732,0.3113053615679502,0.141013812031708,0.9857651352784278,49.703596144867596,0.9811409847755432,0.045296436005032,False,False,False,False,pachytene,90,off_axis,193.82830482784988,13.44
216,2.094921140211199,245.85598116047075,7.667039813341446,32.423343516,1.9781371357777,0.4465345102011286,0.0697957198443579,0.6196078431372549,0.9266862170087976,0.6078368377008629,0.2441125176241678,1.052558328135894,68.61858356421274,0.985423374830134,0.112644990888046,False,False,False,False,pachytene,91,off_axis,199.67347527965055,13.44
208,0.7138257575757627,239.47300785984865,1.3284184659091036,7.431424703999999,1.2105827768446102,0.2863005050505051,0.0,0.56656346749226,0.1607843137254902,1.1325355888530182,0.1038956903348565,1.0684234770332408,59.6663856134502,0.9917188313855722,0.0,False,False,False,False,pachytene,91,off_axis,198.7910804740545,13.44
217,1.6425573450463704,245.35663631039455,0.226219619326505,4.806499121999999,1.046919813999661,0.1586139580283064,0.0,0.3526682134570765,0.0,0.0,0.0588747043499838,0.9792467844582522,62.5647910386939,1.0,0.0,False,False,False,False,pachytene,92,off_axis,204.02855811433128,13.44
